scenario,nb_cars,method,seed,world_seed,grid_seed,car_id,station_id,distance_km,waiting_time_min
balance_bimodal,250,multistation_rep,3,3,3,0,39,0.389,0.0
balance_bimodal,250,multistation_rep,3,3,3,18,14,0.0684,0.0
balance_bimodal,250,multistation_rep,3,3,3,27,35,0.9297,0.0
balance_bimodal,250,multistation_rep,3,3,3,33,20,0.5878,0.0
balance_bimodal,250,multistation_rep,3,3,3,38,16,0.5506,0.0
balance_bimodal,250,multistation_rep,3,3,3,41,10,0.2731,0.0
balance_bimodal,250,multistation_rep,3,3,3,78,34,0.747,0.0
balance_bimodal,250,multistation_rep,3,3,3,97,36,0.6394,0.0
balance_bimodal,250,multistation_rep,3,3,3,101,10,0.5877,0.0
balance_bimodal,250,multistation_rep,3,3,3,105,37,0.6783,0.0
balance_bimodal,250,multistation_rep,3,3,3,112,19,0.0996,0.0
balance_bimodal,250,multistation_rep,3,3,3,127,15,0.5113,60.0
balance_bimodal,250,multistation_rep,3,3,3,150,3,0.8433,55.0
balance_bimodal,250,multistation_rep,3,3,3,179,29,0.9032,0.0
balance_bimodal,250,multistation_rep,3,3,3,204,30,0.393,10.0
balance_bimodal,250,multistation_rep,3,3,3,205,27,0.1908,50.0
balance_bimodal,250,multistation_rep,3,3,3,206,34,0.3495,30.0
balance_bimodal,250,multistation_rep,3,3,3,221,24,0.6467,0.0
balance_bimodal,250,multistation_rep,3,3,3,227,19,0.1305,0.0
balance_bimodal,250,multistation_rep,3,3,3,235,36,0.8524,35.0
balance_bimodal,250,multistation_rep,3,3,3,38,39,0.2948,0.0
balance_bimodal,250,multistation_rep,3,3,3,41,17,0.3563,0.0
balance_bimodal,250,multistation_rep,3,3,3,150,15,0.9603,0.0
balance_bimodal,250,multistation_rep,3,3,3,180,15,0.9752,5.0
balance_bimodal,250,multistation_rep,3,3,3,205,10,0.4189,0.0
balance_bimodal,250,multistation_rep,3,3,3,241,27,0.3338,0.0
balance_bimodal,250,multistation_rep,3,3,3,126,11,0.5998,0.0
balance_bimodal,250,multistation_rep,3,3,3,205,17,0.2092,0.0
balance_bimodal,250,multistation_rep,3,3,3,150,24,0.1757,0.0
balance_bimodal,250,multistation_rep,3,3,3,15,11,0.7113,0.0
balance_bimodal,250,multistation_rep,3,3,3,150,35,0.7459,0.0
balance_bimodal,250,multistation_rep,3,3,3,165,19,0.5662,45.0
balance_bimodal,250,multistation_rep,3,3,3,109,3,0.0855,0.0
balance_bimodal,250,multistation_rep,3,3,3,124,1,0.0924,0.0
balance_bimodal,250,multistation_rep,3,3,3,199,15,0.9752,165.0
balance_bimodal,250,multistation_rep,3,3,3,22,2,0.8622,0.0
balance_bimodal,250,multistation_rep,3,3,3,106,7,0.7655,0.0
balance_bimodal,250,multistation_rep,3,3,3,155,18,0.086,0.0
balance_bimodal,250,multistation_rep,3,3,3,8,10,0.5455,0.0
balance_bimodal,250,multistation_rep,3,3,3,210,5,0.92,0.0
balance_bimodal,250,multistation_rep,3,3,3,2,10,0.4557,0.0
balance_bimodal,250,multistation_rep,3,3,3,8,17,0.7587,140.0
balance_bimodal,250,multistation_rep,3,3,3,79,13,0.863,0.0
balance_bimodal,250,multistation_rep,3,3,3,2,10,0.4557,0.0
balance_bimodal,250,multistation_rep,3,3,3,32,10,0.4557,95.0
balance_bimodal,250,multistation_rep,3,3,3,148,34,0.3988,0.0
balance_bimodal,250,multistation_rep,3,3,3,162,26,0.3977,0.0
balance_bimodal,250,multistation_rep,3,3,3,217,36,0.3666,30.0
balance_bimodal,250,multistation_rep,3,3,3,88,14,0.1847,0.0
balance_bimodal,250,multistation_rep,3,3,3,73,26,0.4472,0.0
balance_bimodal,250,multistation_rep,3,3,3,146,1,0.3816,0.0
balance_bimodal,250,multistation_rep,3,3,3,96,27,0.1496,75.0
balance_bimodal,250,multistation_rep,3,3,3,39,27,0.3338,85.0
balance_bimodal,250,multistation_rep,3,3,3,45,11,0.5891,10.0
balance_bimodal,250,multistation_rep,3,3,3,139,21,0.285,0.0
balance_bimodal,250,multistation_rep,3,3,3,226,7,0.7722,0.0
balance_bimodal,250,multistation_rep,3,3,3,226,7,0.7722,0.0
balance_bimodal,250,multistation_rep,3,3,3,57,5,0.8276,0.0
balance_bimodal,250,multistation_rep,3,3,3,98,15,0.9752,60.0
balance_bimodal,250,multistation_rep,3,3,3,213,17,0.687,0.0
balance_bimodal,250,multistation_rep,3,3,3,8,17,0.6719,0.0
balance_bimodal,250,multistation_rep,3,3,3,8,17,0.7587,25.0
balance_bimodal,250,multistation_rep,3,3,3,144,29,0.7083,15.0
balance_bimodal,250,multistation_rep,3,3,3,172,33,0.6115,0.0
balance_bimodal,250,multistation_rep,3,3,3,190,12,0.1632,0.0
balance_bimodal,250,multistation_rep,3,3,3,43,26,0.8923,0.0
balance_bimodal,250,multistation_rep,3,3,3,149,2,0.1652,0.0
balance_bimodal,250,multistation_rep,3,3,3,190,31,0.5845,0.0
balance_bimodal,250,multistation_rep,3,3,3,31,22,0.1975,0.0
balance_bimodal,250,multistation_rep,3,3,3,244,19,0.7084,5.0
balance_bimodal,250,multistation_rep,3,3,3,104,35,0.6814,30.0
balance_bimodal,250,multistation_rep,3,3,3,149,39,0.3056,0.0
balance_bimodal,250,multistation_rep,3,3,3,181,3,0.7889,0.0
balance_bimodal,250,multistation_rep,3,3,3,61,19,0.1962,65.0
balance_bimodal,250,multistation_rep,3,3,3,181,3,0.3833,0.0
balance_bimodal,250,multistation_rep,3,3,3,181,36,0.356,0.0
balance_bimodal,250,multistation_rep,3,3,3,37,4,0.3083,0.0
balance_bimodal,250,multistation_rep,3,3,3,166,4,0.3083,0.0
balance_bimodal,250,multistation_rep,3,3,3,185,4,0.3083,45.0
balance_bimodal,250,multistation_rep,3,3,3,203,3,0.7051,0.0
balance_bimodal,250,multistation_rep,3,3,3,218,1,0.5494,0.0
balance_bimodal,250,multistation_rep,3,3,3,218,37,0.287,0.0
balance_bimodal,250,multistation_rep,3,3,3,113,36,0.5028,0.0
balance_bimodal,250,multistation_rep,3,3,3,206,18,0.458,0.0
balance_bimodal,250,multistation_rep,3,3,3,56,18,0.6112,0.0
balance_bimodal,250,multistation_rep,3,3,3,186,7,0.9342,0.0
balance_bimodal,250,multistation_rep,3,3,3,72,30,0.3447,15.0
balance_bimodal,250,multistation_rep,3,3,3,85,11,0.7113,75.0
balance_bimodal,250,multistation_rep,3,3,3,111,10,0.4557,50.0
balance_bimodal,250,multistation_rep,3,3,3,67,24,0.4677,0.0
balance_bimodal,250,multistation_rep,3,3,3,85,11,0.7113,55.0
balance_bimodal,250,multistation_rep,3,3,3,182,9,0.1222,0.0
balance_bimodal,250,multistation_rep,3,3,3,20,35,0.5867,0.0
balance_bimodal,250,multistation_rep,3,3,3,108,37,0.5093,0.0
balance_bimodal,250,multistation_rep,3,3,3,242,19,0.1076,120.0
balance_bimodal,250,multistation_rep,3,3,3,129,3,0.4826,0.0
balance_bimodal,250,multistation_rep,3,3,3,219,13,0.5212,5.0
balance_bimodal,250,multistation_rep,3,3,3,240,5,0.2525,0.0
balance_bimodal,250,multistation_rep,3,3,3,95,38,0.7035,0.0
balance_bimodal,250,multistation_rep,3,3,3,95,13,0.8377,0.0
balance_bimodal,250,multistation_rep,3,3,3,51,18,0.458,20.0
balance_bimodal,250,multistation_rep,3,3,3,245,34,0.9932,20.0
balance_bimodal,250,multistation_rep,3,3,3,60,15,0.2303,10.0
balance_bimodal,250,multistation_rep,3,3,3,25,39,0.2948,60.0
balance_bimodal,250,multistation_rep,3,3,3,93,30,0.3447,0.0
balance_bimodal,250,multistation_rep,3,3,3,177,7,0.7615,0.0
balance_bimodal,250,multistation_rep,3,3,3,141,35,0.3002,25.0
balance_bimodal,250,multistation_rep,3,3,3,231,2,0.9,0.0
balance_bimodal,250,multistation_rep,3,3,3,236,16,0.6816,0.0
balance_bimodal,250,multistation_rep,3,3,3,154,36,0.5845,70.0
balance_bimodal,250,multistation_rep,3,3,3,32,5,0.5454,35.0
balance_bimodal,250,multistation_rep,3,3,3,12,34,0.9932,40.0
balance_bimodal,250,multistation_rep,3,3,3,30,14,0.08,5.0
balance_bimodal,250,multistation_rep,3,3,3,90,15,0.9752,75.0
balance_bimodal,250,multistation_rep,3,3,3,94,39,0.2948,15.0
balance_bimodal,250,multistation_rep,3,3,3,249,2,0.9861,0.0
balance_bimodal,250,multistation_rep,3,3,3,13,15,0.9752,160.0
balance_bimodal,250,multistation_rep,3,3,3,132,26,0.8431,0.0
balance_bimodal,250,multistation_rep,3,3,3,147,24,0.7278,15.0
balance_bimodal,250,multistation_rep,3,3,3,64,13,0.9079,20.0
balance_bimodal,250,multistation_rep,3,3,3,167,17,0.7587,35.0
balance_bimodal,250,multistation_rep,3,3,3,7,17,0.7587,155.0
balance_bimodal,250,multistation_rep,3,3,3,143,27,0.3338,125.0
balance_bimodal,250,multistation_rep,3,3,3,194,32,0.709,0.0
balance_bimodal,250,multistation_rep,3,3,3,194,32,0.7847,0.0
balance_bimodal,250,multistation_rep,3,3,3,194,38,0.8471,0.0
balance_bimodal,250,multistation_rep,3,3,3,214,4,0.2194,20.0
balance_bimodal,250,multistation_rep,3,3,3,54,27,0.056,75.0
balance_bimodal,250,multistation_rep,3,3,3,194,32,0.3738,0.0
balance_bimodal,250,multistation_rep,3,3,3,54,35,0.5902,5.0
balance_bimodal,250,multistation_rep,3,3,3,184,7,0.7151,0.0
balance_bimodal,250,multistation_rep,3,3,3,17,32,0.6546,0.0
balance_bimodal,250,multistation_rep,3,3,3,169,20,0.2604,0.0
balance_bimodal,250,multistation_rep,3,3,3,17,32,0.7488,0.0
balance_bimodal,250,multistation_rep,3,3,3,54,3,0.8939,60.0
balance_bimodal,250,multistation_rep,3,3,3,81,20,0.5738,0.0
balance_bimodal,250,multistation_rep,3,3,3,194,14,0.778,0.0
balance_bimodal,250,multistation_rep,3,3,3,29,13,0.9717,155.0
balance_bimodal,250,multistation_rep,3,3,3,86,19,0.6037,55.0
balance_bimodal,250,multistation_rep,3,3,3,248,26,0.3601,0.0
balance_bimodal,250,multistation_rep,3,3,3,84,32,0.7083,0.0
balance_bimodal,250,multistation_rep,3,3,3,86,11,0.4678,65.0
balance_bimodal,250,multistation_rep,3,3,3,220,15,0.9752,105.0
balance_bimodal,250,multistation_rep,3,3,3,226,39,0.2948,30.0
balance_bimodal,250,multistation_rep,3,3,3,122,10,0.4145,160.0
balance_bimodal,250,multistation_rep,3,3,3,115,24,0.153,70.0
balance_bimodal,250,multistation_rep,3,3,3,169,37,0.6809,0.0
balance_bimodal,250,multistation_rep,3,3,3,212,36,0.3872,15.0
balance_bimodal,250,multistation_rep,3,3,3,230,34,0.9932,155.0
balance_bimodal,250,multistation_rep,3,3,3,115,39,0.0809,40.0
balance_bimodal,250,multistation_rep,3,3,3,238,35,1.3081,0.0
balance_bimodal,250,multistation_rep,3,3,3,42,34,0.9932,140.0
balance_bimodal,250,multistation_rep,3,3,3,69,34,0.9932,250.0
balance_bimodal,250,multistation_rep,3,3,3,174,13,0.9078,80.0
balance_bimodal,250,multistation_rep,3,3,3,246,3,1.1501,65.0
balance_bimodal,250,multistation_rep,3,3,3,62,36,0.836,85.0
balance_bimodal,250,multistation_rep,3,3,3,229,38,0.2352,0.0
balance_bimodal,250,multistation_rep,3,3,3,89,1,1.3742,0.0
balance_bimodal,250,multistation_rep,3,3,3,123,17,0.7587,125.0
balance_bimodal,250,multistation_rep,3,3,3,140,38,0.5844,0.0
balance_bimodal,250,multistation_rep,3,3,3,169,3,0.5116,65.0
balance_bimodal,250,multistation_rep,3,3,3,229,38,0.654,0.0
balance_bimodal,250,multistation_rep,3,3,3,123,2,0.9578,20.0
balance_bimodal,250,multistation_rep,3,3,3,175,3,1.1501,155.0
balance_bimodal,250,multistation_rep,3,3,3,86,13,0.892,80.0
balance_bimodal,250,multistation_rep,3,3,3,123,2,0.9578,55.0
balance_bimodal,250,multistation_rep,3,3,3,207,33,0.5706,0.0
balance_bimodal,250,multistation_rep,3,3,3,89,29,0.8843,0.0
balance_bimodal,250,multistation_rep,3,3,3,191,11,0.4379,0.0
balance_bimodal,250,multistation_rep,3,3,3,3,25,0.107,0.0
balance_bimodal,250,multistation_rep,3,3,3,8,30,0.3212,15.0
balance_bimodal,250,multistation_rep,3,3,3,89,19,0.0933,40.0
balance_bimodal,250,multistation_rep,3,3,3,99,19,0.7043,5.0
balance_bimodal,250,multistation_rep,3,3,3,8,30,0.4322,0.0
balance_bimodal,250,multistation_rep,3,3,3,117,14,0.9708,40.0
balance_bimodal,250,multistation_rep,3,3,3,229,33,0.2635,10.0
balance_bimodal,250,multistation_rep,3,3,3,25,10,0.4557,165.0
balance_bimodal,250,multistation_rep,3,3,3,71,4,0.3083,0.0
balance_bimodal,250,multistation_rep,3,3,3,5,36,0.4374,70.0
balance_bimodal,250,multistation_rep,3,3,3,71,10,0.4557,130.0
balance_bimodal,250,multistation_rep,3,3,3,25,38,1.3506,5.0
balance_bimodal,250,multistation_rep,3,3,3,234,19,0.2485,0.0
balance_bimodal,250,multistation_rep,3,3,3,235,14,1.2643,45.0
balance_bimodal,250,multistation_rep,3,3,3,25,10,0.4557,120.0
balance_bimodal,250,multistation_rep,3,3,3,25,10,0.4557,155.0
balance_bimodal,250,multistation_rep,3,3,3,243,10,0.4557,190.0
balance_bimodal,250,multistation_rep,3,3,3,134,4,0.9445,60.0
balance_bimodal,250,multistation_rep,3,3,3,152,24,0.1953,10.0
balance_bimodal,250,multistation_rep,3,3,3,152,12,0.8479,0.0
balance_bimodal,250,multistation_rep,3,3,3,163,4,0.1252,0.0
balance_bimodal,250,multistation_rep,3,3,3,50,16,0.8023,0.0
balance_bimodal,250,multistation_rep,3,3,3,183,37,0.6705,0.0
balance_bimodal,250,multistation_rep,3,3,3,21,15,0.9752,260.0
balance_bimodal,250,multistation_rep,3,3,3,50,16,0.2899,0.0
balance_bimodal,250,multistation_rep,3,3,3,168,38,0.905,0.0
balance_bimodal,250,multistation_rep,3,3,3,46,27,0.3338,35.0
balance_bimodal,250,multistation_rep,3,3,3,121,38,1.2416,15.0
balance_bimodal,250,multistation_rep,3,3,3,137,35,1.3081,0.0
balance_bimodal,250,multistation_rep,3,3,3,167,27,0.3338,45.0
balance_bimodal,250,multistation_rep,3,3,3,77,39,0.794,50.0
balance_bimodal,250,multistation_rep,3,3,3,100,15,0.9752,200.0
balance_bimodal,250,multistation_rep,3,3,3,167,27,0.3338,10.0
balance_bimodal,250,multistation_rep,3,3,3,200,30,0.3447,0.0
balance_bimodal,250,multistation_rep,3,3,3,47,5,0.956,20.0
balance_bimodal,250,multistation_rep,3,3,3,58,34,0.936,145.0
balance_bimodal,250,multistation_rep,3,3,3,161,29,1.4136,0.0
balance_bimodal,250,multistation_rep,3,3,3,188,36,0.9902,55.0
balance_bimodal,250,multistation_rep,3,3,3,200,30,0.3447,0.0
balance_bimodal,250,multistation_rep,3,3,3,178,24,0.4061,0.0
balance_bimodal,250,multistation_rep,3,3,3,188,11,0.5964,100.0
balance_bimodal,250,multistation_rep,3,3,3,196,1,1.26,0.0
balance_bimodal,250,multistation_rep,3,3,3,233,15,0.9752,210.0
balance_bimodal,250,multistation_rep,3,3,3,178,18,0.458,0.0
balance_bimodal,250,multistation_rep,3,3,3,215,15,0.6373,235.0
balance_bimodal,250,multistation_rep,3,3,3,49,26,0.5222,30.0
balance_bimodal,250,multistation_rep,3,3,3,228,26,0.7773,45.0
balance_bimodal,250,multistation_rep,3,3,3,49,26,0.5222,25.0
balance_bimodal,250,multistation_rep,3,3,3,107,13,1.1124,20.0
balance_bimodal,250,multistation_rep,3,3,3,10,10,0.4557,135.0
balance_bimodal,250,multistation_rep,3,3,3,107,10,0.4557,135.0
balance_bimodal,250,multistation_rep,3,3,3,161,2,0.1543,0.0
balance_bimodal,250,multistation_rep,3,3,3,176,15,0.291,200.0
balance_bimodal,250,multistation_rep,3,3,3,107,10,0.4557,135.0
balance_bimodal,250,multistation_rep,3,3,3,118,11,0.7113,75.0
balance_bimodal,250,multistation_rep,3,3,3,161,13,0.5152,0.0
balance_bimodal,250,multistation_rep,3,3,3,198,24,0.579,0.0
balance_bimodal,250,multistation_rep,3,3,3,239,1,0.4351,0.0
balance_bimodal,250,multistation_rep,3,3,3,107,10,0.4539,140.0
balance_bimodal,250,multistation_rep,3,3,3,107,18,0.2513,35.0
balance_bimodal,250,multistation_rep,3,3,3,158,34,0.9932,140.0
balance_bimodal,250,multistation_rep,3,3,3,103,39,0.1647,0.0
balance_bimodal,250,multistation_rep,3,3,3,49,10,0.453,150.0
balance_bimodal,250,multistation_rep,3,3,3,131,3,1.1501,105.0
balance_bimodal,250,multistation_rep,3,3,3,225,10,0.4557,125.0
balance_bimodal,250,multistation_rep,3,3,3,102,36,0.4719,125.0
balance_bimodal,250,multistation_rep,3,3,3,145,35,0.3462,50.0
balance_bimodal,250,multistation_rep,3,3,3,107,2,0.4887,5.0
balance_bimodal,250,multistation_rep,3,3,3,125,4,0.282,0.0
balance_bimodal,250,multistation_rep,3,3,3,222,2,0.6869,15.0
balance_bimodal,250,multistation_rep,3,3,3,118,29,1.1932,0.0
balance_bimodal,250,multistation_rep,3,3,3,221,24,0.2796,0.0
balance_bimodal,250,multistation_rep,3,3,3,26,35,0.36,55.0
balance_bimodal,250,multistation_rep,3,3,3,16,36,0.3681,145.0
balance_bimodal,250,multistation_rep,3,3,3,19,34,0.9932,135.0
balance_bimodal,250,multistation_rep,3,3,3,26,35,0.36,165.0
balance_bimodal,250,multistation_rep,3,3,3,92,11,0.6518,15.0
balance_bimodal,250,multistation_rep,3,3,3,44,18,0.458,0.0
balance_bimodal,250,multistation_rep,3,3,3,52,16,0.9317,10.0
balance_bimodal,250,multistation_rep,3,3,3,87,5,0.8974,40.0
balance_bimodal,250,multistation_rep,3,3,3,92,11,0.5934,5.0
balance_bimodal,250,multistation_rep,3,3,3,66,11,0.7113,165.0
balance_bimodal,250,multistation_rep,3,3,3,69,35,0.9002,60.0
balance_bimodal,250,multistation_rep,3,3,3,114,3,0.6063,145.0
balance_bimodal,250,multistation_rep,3,3,3,128,10,0.5269,120.0
balance_bimodal,250,multistation_rep,3,3,3,48,5,0.8197,15.0
balance_bimodal,250,multistation_rep,3,3,3,187,27,0.3338,135.0
balance_bimodal,250,multistation_rep,3,3,3,53,30,0.3447,55.0
balance_bimodal,250,multistation_rep,3,3,3,65,14,0.8153,0.0
balance_bimodal,250,multistation_rep,3,3,3,160,35,0.7388,40.0
balance_bimodal,250,multistation_rep,3,3,3,34,18,0.458,20.0
balance_bimodal,250,multistation_rep,3,3,3,48,5,0.1793,10.0
balance_bimodal,250,multistation_rep,3,3,3,164,14,0.0288,85.0
balance_bimodal,250,multistation_rep,3,3,3,208,4,0.3083,20.0
balance_bimodal,250,multistation_rep,3,3,3,34,18,0.458,35.0
balance_bimodal,250,multistation_rep,3,3,3,208,32,0.6191,0.0
balance_bimodal,250,multistation_rep,3,3,3,28,3,0.4572,40.0
balance_bimodal,250,multistation_rep,3,3,3,208,29,0.7681,0.0
balance_bimodal,250,multistation_rep,3,3,3,237,34,0.3892,45.0
balance_bimodal,250,multistation_rep,3,3,3,6,10,0.4557,75.0
balance_bimodal,250,multistation_rep,3,3,3,127,5,0.9041,0.0
balance_bimodal,250,multistation_rep,3,3,3,208,28,0.5056,0.0
balance_bimodal,250,multistation_rep,3,3,3,53,4,0.2137,60.0
balance_bimodal,250,multistation_rep,3,3,3,55,10,0.6,115.0
balance_bimodal,250,multistation_rep,3,3,3,208,16,0.2902,0.0
balance_bimodal,250,multistation_rep,3,3,3,116,30,0.1035,0.0
balance_bimodal,250,multistation_rep,3,3,3,166,7,0.7131,0.0
balance_bimodal,250,multistation_rep,3,3,3,68,32,0.5982,0.0
balance_bimodal,250,multistation_rep,3,3,3,192,17,0.7587,0.0
balance_bimodal,250,multistation_rep,3,3,3,135,19,0.7084,25.0
balance_bimodal,250,multistation_rep,3,3,3,11,10,0.4377,160.0
balance_bimodal,250,multistation_rep,3,3,3,232,19,0.7084,35.0
balance_bimodal,250,multistation_rep,3,3,3,68,24,0.6633,0.0
balance_bimodal,250,multistation_rep,3,3,3,157,27,0.3338,115.0
balance_bimodal,250,multistation_rep,3,3,3,136,32,0.9441,0.0
balance_bimodal,250,multistation_rep,3,3,3,208,16,0.0976,0.0
balance_bimodal,250,multistation_rep,3,3,3,216,26,0.7698,0.0
balance_bimodal,250,multistation_rep,3,3,3,217,26,0.7641,30.0
balance_bimodal,250,multistation_rep,3,3,3,216,32,0.0288,10.0
balance_bimodal,250,multistation_rep,3,3,3,138,15,0.9752,90.0
balance_bimodal,250,multistation_rep,3,3,3,151,24,0.0911,0.0
balance_bimodal,250,multistation_rep,3,3,3,195,17,0.7587,120.0
balance_bimodal,250,multistation_rep,3,3,3,136,32,0.5879,0.0
balance_bimodal,250,multistation_rep,3,3,3,138,18,0.458,140.0
balance_bimodal,250,multistation_rep,3,3,3,180,33,0.5847,0.0
balance_bimodal,250,multistation_rep,3,3,3,193,11,0.7113,130.0
balance_bimodal,250,multistation_rep,3,3,3,63,33,0.9166,0.0
balance_bimodal,250,multistation_rep,3,3,3,193,26,0.367,0.0
balance_bimodal,250,multistation_rep,3,3,3,135,34,0.9126,75.0
balance_bimodal,250,multistation_rep,3,3,3,193,14,0.1592,130.0
balance_bimodal,250,multistation_rep,3,3,3,24,36,0.1284,0.0
balance_bimodal,250,multistation_rep,3,3,3,6,13,0.8408,65.0
balance_bimodal,250,multistation_rep,3,3,3,119,4,0.3083,40.0
balance_bimodal,250,multistation_rep,3,3,3,122,10,0.4557,5.0
balance_bimodal,250,multistation_rep,3,3,3,196,10,0.3282,85.0
balance_bimodal,250,multistation_rep,3,3,3,227,7,0.9769,0.0
balance_bimodal,250,multistation_rep,3,3,3,189,29,0.8199,0.0
balance_bimodal,250,multistation_rep,3,3,3,29,18,0.458,50.0
balance_bimodal,250,multistation_rep,3,3,3,70,38,0.7406,0.0
balance_bimodal,250,multistation_rep,3,3,3,76,27,0.2573,55.0
balance_bimodal,250,multistation_rep,3,3,3,153,10,0.4557,140.0
balance_bimodal,250,multistation_rep,3,3,3,9,11,0.7113,75.0
balance_bimodal,250,multistation_rep,3,3,3,40,22,0.5928,0.0
balance_bimodal,250,multistation_rep,3,3,3,135,18,0.235,100.0
balance_bimodal,250,multistation_rep,3,3,3,78,38,1.3506,45.0
balance_bimodal,250,multistation_rep,3,3,3,110,34,0.5345,0.0
balance_bimodal,250,multistation_rep,3,3,3,173,5,0.9483,70.0
balance_bimodal,250,multistation_rep,3,3,3,209,11,0.7113,80.0
balance_bimodal,250,multistation_rep,3,3,3,170,27,0.3338,160.0
balance_bimodal,250,multistation_rep,3,3,3,5,4,0.3083,270.0
balance_bimodal,250,multistation_rep,3,3,3,6,13,0.0785,10.0
balance_bimodal,250,multistation_rep,3,3,3,91,15,0.9752,45.0
balance_bimodal,250,multistation_rep,3,3,3,5,39,0.2948,75.0
balance_bimodal,250,multistation_rep,3,3,3,19,36,0.4607,60.0
balance_bimodal,250,multistation_rep,3,3,3,104,1,0.828,15.0
balance_bimodal,250,multistation_rep,3,3,3,120,39,0.2948,125.0
balance_bimodal,250,multistation_rep,3,3,3,96,3,0.2954,15.0
balance_bimodal,250,multistation_rep,3,3,3,201,4,0.3083,240.0
balance_bimodal,250,multistation_rep,3,3,3,96,36,0.179,15.0
balance_bimodal,250,multistation_rep,3,3,3,111,15,0.826,45.0
balance_bimodal,250,multistation_rep,3,3,3,138,18,0.2344,20.0
balance_bimodal,250,multistation_rep,3,3,3,139,15,0.2064,95.0
balance_bimodal,250,multistation_rep,3,3,3,215,31,0.4659,0.0
balance_bimodal,250,multistation_rep,3,3,3,48,15,0.9752,140.0
balance_bimodal,250,multistation_rep,3,3,3,48,5,0.8853,15.0
balance_bimodal,250,multistation_rep,3,3,3,202,17,0.5427,50.0
balance_bimodal,250,multistation_rep,3,3,3,36,10,0.4557,155.0
balance_bimodal,250,multistation_rep,3,3,3,59,18,0.9324,35.0
balance_bimodal,250,multistation_rep,3,3,3,49,17,0.696,75.0
balance_bimodal,250,multistation_rep,3,3,3,7,12,0.2618,0.0
balance_bimodal,250,multistation_rep,3,3,3,206,39,0.2948,5.0
balance_bimodal,250,multistation_rep,3,3,3,7,2,0.9066,60.0
balance_bimodal,250,multistation_rep,3,3,3,233,35,0.2971,20.0
balance_bimodal,250,multistation_rep,3,3,3,7,16,0.5117,40.0
balance_bimodal,250,multistation_rep,3,3,3,174,26,1.3299,0.0
balance_bimodal,250,multistation_rep,3,3,3,80,10,0.2579,95.0
balance_bimodal,250,multistation_rep,3,3,3,158,10,0.4428,215.0
balance_bimodal,250,multistation_rep,3,3,3,162,36,0.7176,0.0
balance_bimodal,250,multistation_rep,3,3,3,35,34,0.4127,0.0
balance_bimodal,250,multistation_rep,3,3,3,138,34,0.0344,5.0
balance_bimodal,250,multistation_rep,3,3,3,154,14,0.2958,0.0
balance_bimodal,250,multistation_rep,3,3,3,14,15,0.9752,10.0
balance_bimodal,250,multistation_rep,3,3,3,235,10,0.419,80.0
balance_bimodal,250,multistation_rep,3,3,3,97,36,0.5483,35.0
balance_bimodal,250,multistation_rep,3,3,3,143,10,0.4444,100.0
balance_bimodal,250,multistation_rep,3,3,3,43,11,0.7113,35.0
balance_bimodal,250,multistation_rep,3,3,3,159,14,0.7334,0.0
balance_bimodal,250,multistation_rep,3,3,3,165,24,0.7278,20.0
balance_bimodal,250,multistation_rep,3,3,3,38,27,0.2881,40.0
balance_bimodal,250,multistation_rep,3,3,3,63,34,0.989,105.0
balance_bimodal,250,multistation_rep,3,3,3,120,39,0.2897,105.0
balance_bimodal,250,multistation_rep,3,3,3,130,29,0.134,0.0
balance_bimodal,250,multistation_rep,3,3,3,18,19,0.65,0.0
balance_bimodal,250,multistation_rep,3,3,3,21,16,0.2899,0.0
balance_bimodal,250,multistation_rep,3,3,3,115,33,0.6697,0.0
balance_bimodal,250,multistation_rep,3,3,3,130,7,0.2198,0.0
balance_bimodal,250,multistation_rep,3,3,3,63,3,1.1501,90.0
balance_bimodal,250,multistation_rep,3,3,3,223,16,0.2933,0.0
balance_bimodal,250,multistation_rep,3,3,3,58,15,0.9752,20.0
balance_bimodal,250,multistation_rep,3,3,3,78,7,0.0854,0.0
balance_bimodal,250,multistation_rep,3,3,3,223,10,0.4557,145.0
balance_bimodal,250,multistation_rep,3,3,3,58,15,0.9752,0.0
balance_bimodal,250,multistation_rep,3,3,3,33,26,1.3299,0.0
balance_bimodal,250,multistation_rep,3,3,3,151,32,0.9299,45.0
balance_bimodal,250,multistation_rep,3,3,3,52,19,0.1809,15.0
balance_bimodal,250,multistation_rep,3,3,3,69,15,0.9752,125.0
balance_bimodal,250,multistation_rep,3,3,3,83,4,0.8149,65.0
balance_bimodal,250,multistation_rep,3,3,3,156,26,0.3219,0.0
balance_bimodal,250,multistation_rep,3,3,3,69,11,0.7113,25.0
balance_bimodal,250,multistation_rep,3,3,3,74,39,0.2948,40.0
balance_bimodal,250,multistation_rep,3,3,3,15,5,0.9662,40.0
balance_bimodal,250,multistation_rep,3,3,3,193,36,0.24,35.0
balance_bimodal,250,multistation_rep,3,3,3,201,15,0.8541,95.0
balance_bimodal,250,multistation_rep,3,3,3,15,33,0.9659,0.0
balance_bimodal,250,multistation_rep,3,3,3,4,24,0.6866,90.0
balance_bimodal,250,multistation_rep,3,3,3,52,19,0.6906,0.0
balance_bimodal,250,multistation_rep,3,3,3,62,38,0.7002,0.0
balance_bimodal,250,multistation_rep,3,3,3,101,37,0.7964,0.0
balance_bimodal,250,multistation_rep,3,3,3,199,8,0.1717,0.0
balance_bimodal,250,multistation_rep,3,3,3,225,4,0.4362,95.0
balance_bimodal,250,multistation_rep,3,3,3,11,27,0.3338,70.0
balance_bimodal,250,multistation_rep,3,3,3,82,27,0.3452,95.0
balance_bimodal,250,multistation_rep,3,3,3,238,27,0.3338,100.0
balance_bimodal,250,multistation_rep,3,3,3,247,7,0.8546,0.0
balance_bimodal,250,multistation_rep,3,3,3,106,34,0.9932,30.0
balance_bimodal,250,multistation_rep,3,3,3,0,5,0.8856,45.0
balance_bimodal,250,multistation_rep,3,3,3,13,27,0.3338,95.0
balance_bimodal,250,multistation_rep,3,3,3,144,29,0.7674,0.0
balance_bimodal,250,multistation_rep,3,3,3,13,38,0.6982,25.0
balance_bimodal,250,multistation_rep,3,3,3,242,14,0.2861,130.0
balance_bimodal,250,multistation_rep,3,3,3,102,2,0.8312,0.0
balance_bimodal,250,multistation_rep,3,3,3,207,19,0.7084,55.0
balance_bimodal,250,multistation_rep,3,3,3,187,16,0.6045,70.0
balance_bimodal,250,multistation_rep,3,3,3,241,10,0.4557,40.0
balance_bimodal,250,multistation_rep,3,3,3,100,37,0.6786,0.0
balance_bimodal,250,multistation_rep,3,3,3,0,5,0.2513,0.0
balance_bimodal,250,multistation_rep,3,3,3,27,29,0.7906,5.0
balance_bimodal,250,multistation_rep,3,3,3,201,36,0.9262,0.0
balance_bimodal,250,multistation_rep,3,3,3,158,12,0.9649,0.0
balance_bimodal,250,multistation_rep,3,3,3,54,27,0.3338,85.0
balance_bimodal,250,multistation_rep,3,3,3,49,11,0.4648,50.0
balance_bimodal,250,multistation_rep,3,3,3,49,17,0.7587,5.0
balance_bimodal,250,multistation_rep,3,3,3,90,26,0.5711,0.0
balance_bimodal,250,multistation_rep,3,3,3,131,13,1.1124,0.0
balance_bimodal,250,multistation_rep,3,3,3,22,11,0.7113,10.0
balance_bimodal,250,multistation_rep,3,3,3,54,34,0.9529,0.0
balance_bimodal,250,multistation_rep,3,3,3,51,3,0.6505,0.0
balance_bimodal,250,multistation_rep,3,3,3,71,27,0.318,10.0
balance_bimodal,250,multistation_rep,3,3,3,148,34,0.9106,0.0
balance_bimodal,250,multistation_rep,3,3,3,135,10,0.4557,170.0
balance_bimodal,250,multistation_rep,3,3,3,224,10,0.4564,65.0
balance_bimodal,250,multistation_rep,3,3,3,2,5,0.5758,15.0
balance_bimodal,250,multistation_rep,3,3,3,78,32,0.5919,0.0
balance_bimodal,250,multistation_rep,3,3,3,135,17,0.7587,125.0
balance_bimodal,250,multistation_rep,3,3,3,2,34,0.4974,45.0
balance_bimodal,250,multistation_rep,3,3,3,176,27,0.1011,20.0
balance_bimodal,250,multistation_rep,3,3,3,2,5,0.5758,0.0
balance_bimodal,250,multistation_rep,3,3,3,112,2,0.7429,0.0
balance_bimodal,250,multistation_rep,3,3,3,1,30,0.3288,5.0
balance_bimodal,250,multistation_rep,3,3,3,10,39,0.2948,60.0
balance_bimodal,250,multistation_rep,3,3,3,17,15,0.9752,0.0
balance_bimodal,250,multistation_rep,3,3,3,79,34,0.5464,5.0
balance_bimodal,250,multistation_rep,3,3,3,175,15,0.9752,40.0
balance_bimodal,250,multistation_rep,3,3,3,118,19,0.4769,0.0
balance_bimodal,250,multistation_rep,3,3,3,176,19,0.466,5.0
balance_bimodal,250,multistation_rep,3,3,3,161,27,0.3338,10.0
balance_bimodal,250,multistation_rep,3,3,3,176,34,0.9529,120.0
balance_bimodal,250,multistation_rep,3,3,3,230,18,0.458,0.0
balance_bimodal,250,multistation_rep,3,3,3,25,2,0.7228,0.0
balance_bimodal,250,multistation_rep,3,3,3,32,39,0.2948,30.0
balance_bimodal,250,multistation_rep,3,3,3,176,39,0.2948,75.0
balance_bimodal,250,multistation_rep,3,3,3,80,3,0.4657,45.0
balance_bimodal,250,multistation_rep,3,3,3,219,35,0.4216,0.0
balance_bimodal,250,multistation_rep,3,3,3,197,16,0.3598,0.0
balance_bimodal,250,multistation_rep,3,3,3,42,13,0.861,60.0
balance_bimodal,250,multistation_rep,3,3,3,197,16,0.7779,0.0
balance_bimodal,250,multistation_rep,3,3,3,14,18,0.2419,0.0
balance_bimodal,250,multistation_rep,3,3,3,55,3,0.8422,30.0
balance_bimodal,250,multistation_rep,3,3,3,171,24,0.3785,0.0
balance_bimodal,250,multistation_rep,3,3,3,135,5,0.1532,0.0
balance_bimodal,250,multistation_rep,3,3,3,205,36,0.2797,85.0
balance_bimodal,250,multistation_rep,3,3,3,135,29,0.3771,0.0
balance_bimodal,250,multistation_rep,3,3,3,182,13,0.8963,10.0
balance_bimodal,250,multistation_rep,3,3,3,196,17,0.7413,0.0
balance_bimodal,250,multistation_rep,3,3,3,135,16,0.4292,0.0
balance_bimodal,250,multistation_rep,3,3,3,54,27,0.331,55.0
balance_bimodal,250,multistation_rep,3,3,3,72,34,0.8379,115.0
balance_bimodal,250,multistation_rep,3,3,3,98,10,0.4557,40.0
balance_bimodal,250,multistation_rep,3,3,3,135,2,0.2899,0.0
balance_bimodal,250,multistation_rep,3,3,3,19,26,0.5209,0.0
balance_bimodal,250,multistation_rep,3,3,3,72,15,0.7367,150.0
balance_bimodal,250,multistation_rep,3,3,3,135,16,0.4292,0.0
balance_bimodal,250,multistation_rep,3,3,3,179,35,0.5919,0.0
balance_bimodal,250,multistation_rep,3,3,3,135,29,0.7054,0.0
balance_bimodal,250,multistation_rep,3,3,3,63,15,0.9752,135.0
balance_bimodal,250,multistation_rep,3,3,3,72,35,1.0683,0.0
balance_bimodal,250,multistation_rep,3,3,3,246,27,0.3338,40.0
balance_bimodal,250,multistation_rep,3,3,3,63,15,0.9752,90.0
balance_bimodal,250,multistation_rep,3,3,3,246,5,0.4982,0.0
balance_bimodal,250,multistation_rep,3,3,3,83,7,0.7164,0.0
balance_bimodal,250,multistation_rep,3,3,3,190,11,0.6333,25.0
balance_bimodal,250,multistation_rep,3,3,3,41,34,0.8044,65.0
balance_bimodal,250,multistation_rep,3,3,3,66,32,0.8522,0.0
balance_bimodal,250,multistation_rep,3,3,3,83,7,0.4489,0.0
balance_bimodal,250,multistation_rep,3,3,3,45,27,0.3338,15.0
balance_bimodal,250,multistation_rep,3,3,3,66,32,0.9859,0.0
balance_bimodal,250,multistation_rep,3,3,3,108,30,0.3447,10.0
balance_bimodal,250,multistation_rep,3,3,3,146,17,0.7587,40.0
balance_bimodal,250,multistation_rep,3,3,3,108,10,0.4557,135.0
balance_bimodal,250,multistation_rep,3,3,3,217,19,0.7084,50.0
balance_bimodal,250,multistation_rep,3,3,3,66,26,0.4811,0.0
balance_bimodal,250,multistation_rep,3,3,3,108,10,0.412,210.0
balance_bimodal,250,multistation_rep,3,3,3,108,38,0.9598,0.0
balance_bimodal,250,multistation_rep,3,3,3,122,4,0.3083,60.0
balance_bimodal,250,multistation_rep,3,3,3,129,30,0.3447,0.0
balance_bimodal,250,multistation_rep,3,3,3,195,32,0.9657,0.0
balance_bimodal,250,multistation_rep,3,3,3,235,20,1.3758,0.0
balance_bimodal,250,multistation_rep,3,3,3,61,24,0.7278,15.0
balance_bimodal,250,multistation_rep,3,3,3,16,32,0.8519,0.0
balance_bimodal,250,multistation_rep,3,3,3,16,4,0.1646,5.0
balance_bimodal,250,multistation_rep,3,3,3,41,22,0.0784,0.0
balance_bimodal,250,multistation_rep,3,3,3,122,4,0.2819,35.0
balance_bimodal,250,multistation_rep,3,3,3,172,35,0.7829,10.0
balance_bimodal,250,multistation_rep,3,3,3,214,5,0.5879,0.0
balance_bimodal,250,multistation_rep,3,3,3,41,35,0.3195,30.0
balance_bimodal,250,multistation_rep,3,3,3,172,18,0.1687,30.0
balance_bimodal,250,multistation_rep,3,3,3,236,35,0.7825,5.0
balance_bimodal,250,multistation_rep,3,3,3,41,2,0.1669,0.0
balance_bimodal,250,multistation_rep,3,3,3,186,16,0.4227,5.0
balance_bimodal,250,multistation_rep,3,3,3,238,34,0.9932,115.0
balance_bimodal,250,multistation_rep,3,3,3,240,34,0.9932,25.0
balance_bimodal,250,multistation_rep,3,3,3,245,26,0.1015,0.0
balance_bimodal,250,multistation_rep,3,3,3,73,10,0.4557,160.0
balance_bimodal,250,multistation_rep,3,3,3,181,4,0.4231,0.0
balance_bimodal,250,multistation_rep,3,3,3,10,39,0.2948,0.0
balance_bimodal,250,multistation_rep,3,3,3,121,37,0.7296,0.0
balance_bimodal,250,multistation_rep,3,3,3,118,17,0.7587,5.0
balance_bimodal,250,multistation_rep,3,3,3,198,2,0.5532,0.0
balance_bimodal,250,multistation_rep,3,3,3,169,14,1.3657,25.0
balance_bimodal,250,multistation_rep,3,3,3,72,3,0.8244,0.0
balance_bimodal,250,multistation_rep,3,3,3,87,14,1.3272,85.0
balance_bimodal,250,multistation_rep,3,3,3,93,39,0.2948,0.0
balance_bimodal,250,multistation_rep,3,3,3,124,31,0.8973,0.0
balance_bimodal,250,multistation_rep,3,3,3,212,18,0.458,115.0
balance_bimodal,250,multistation_rep,3,3,3,221,27,0.3338,0.0
balance_bimodal,250,multistation_rep,3,3,3,209,10,0.5298,120.0
balance_bimodal,250,multistation_rep,3,3,3,47,18,0.3281,95.0
balance_bimodal,250,multistation_rep,3,3,3,50,24,0.5323,35.0
balance_bimodal,250,multistation_rep,3,3,3,177,30,0.2496,50.0
balance_bimodal,250,multistation_rep,3,3,3,191,24,0.6384,45.0
balance_bimodal,250,multistation_rep,3,3,3,114,36,0.1891,0.0
balance_bimodal,250,multistation_rep,3,3,3,117,11,0.4803,10.0
balance_bimodal,250,multistation_rep,3,3,3,200,1,0.235,0.0
balance_bimodal,250,multistation_rep,3,3,3,114,3,0.5675,30.0
balance_bimodal,250,multistation_rep,3,3,3,117,36,0.4057,90.0
balance_bimodal,250,multistation_rep,3,3,3,200,36,0.637,0.0
balance_bimodal,250,multistation_rep,3,3,3,91,7,0.8797,0.0
balance_bimodal,250,multistation_rep,3,3,3,11,35,0.2857,0.0
balance_bimodal,250,multistation_rep,3,3,3,20,19,0.7084,0.0
balance_bimodal,250,multistation_rep,3,3,3,50,35,0.051,20.0
balance_bimodal,250,multistation_rep,3,3,3,163,33,0.5691,0.0
balance_bimodal,250,multistation_rep,3,3,3,249,13,0.9957,35.0
balance_bimodal,250,multistation_rep,3,3,3,249,13,0.8927,35.0
balance_bimodal,250,multistation_rep,3,3,3,39,11,0.5496,0.0
balance_bimodal,250,multistation_rep,3,3,3,217,11,0.6268,0.0
balance_bimodal,250,multistation_rep,3,3,3,20,19,0.7029,0.0
balance_bimodal,250,multistation_rep,3,3,3,88,14,0.0864,35.0
balance_bimodal,250,multistation_rep,3,3,3,180,30,0.3447,0.0
balance_bimodal,250,multistation_rep,3,3,3,88,14,0.0864,50.0
balance_bimodal,250,multistation_rep,3,3,3,88,14,0.0864,35.0
balance_bimodal,250,multistation_rep,3,3,3,194,16,0.4041,15.0
balance_bimodal,250,multistation_rep,3,3,3,94,4,0.3083,140.0
balance_bimodal,250,multistation_rep,3,3,3,109,26,0.3097,20.0
balance_bimodal,250,multistation_rep,3,3,3,9,27,0.3338,60.0
balance_bimodal,250,multistation_rep,3,3,3,31,35,0.2852,0.0
balance_bimodal,250,multistation_rep,3,3,3,64,15,0.0505,0.0
balance_bimodal,250,multistation_rep,3,3,3,93,38,1.3506,20.0
balance_bimodal,250,multistation_rep,3,3,3,63,33,0.7372,0.0
balance_bimodal,250,multistation_rep,3,3,3,113,17,0.7587,20.0
balance_bimodal,250,multistation_rep,3,3,3,126,39,0.2948,50.0
balance_bimodal,250,multistation_rep,3,3,3,137,15,0.9752,135.0
balance_bimodal,250,multistation_rep,3,3,3,128,2,0.4136,15.0
balance_bimodal,250,multistation_rep,3,3,3,143,13,0.8573,30.0
balance_bimodal,250,multistation_rep,3,3,3,111,3,0.7776,0.0
balance_bimodal,250,multistation_rep,3,3,3,228,27,0.0579,55.0
balance_bimodal,250,multistation_rep,3,3,3,81,2,0.9452,15.0
balance_bimodal,250,multistation_rep,3,3,3,84,6,0.2596,0.0
balance_bimodal,250,multistation_rep,3,3,3,155,32,0.9746,25.0
balance_bimodal,250,multistation_rep,3,3,3,81,4,0.3083,165.0
balance_bimodal,250,multistation_rep,3,3,3,117,3,1.0978,125.0
balance_bimodal,250,multistation_rep,3,3,3,134,18,0.7327,70.0
balance_bimodal,250,multistation_rep,3,3,3,147,3,1.1501,0.0
balance_bimodal,250,multistation_rep,3,3,3,2,15,0.9752,130.0
balance_bimodal,250,multistation_rep,3,3,3,66,19,0.7084,70.0
balance_bimodal,250,multistation_rep,3,3,3,155,32,0.9126,0.0
balance_bimodal,250,multistation_rep,3,3,3,167,24,0.7278,15.0
balance_bimodal,250,multistation_rep,3,3,3,41,5,0.8843,0.0
balance_bimodal,250,multistation_rep,3,3,3,77,4,0.3098,55.0
balance_bimodal,250,multistation_rep,3,3,3,41,27,0.3338,70.0
balance_bimodal,250,multistation_rep,3,3,3,210,16,0.4317,10.0
balance_bimodal,250,multistation_rep,3,3,3,97,11,0.7113,15.0
balance_bimodal,250,multistation_rep,3,3,3,104,34,0.9932,70.0
balance_bimodal,250,multistation_rep,3,3,3,134,18,0.3935,15.0
balance_bimodal,250,multistation_rep,3,3,3,164,19,0.7084,95.0
balance_bimodal,250,multistation_rep,3,3,3,220,2,0.637,15.0
balance_bimodal,250,multistation_rep,3,3,3,122,5,0.5162,0.0
balance_bimodal,250,multistation_rep,3,3,3,167,31,0.7186,0.0
balance_bimodal,250,multistation_rep,3,3,3,184,21,0.2664,0.0
balance_bimodal,250,multistation_rep,3,3,3,60,18,0.458,10.0
balance_bimodal,250,multistation_rep,3,3,3,149,33,0.5691,5.0
balance_bimodal,250,multistation_rep,3,3,3,184,37,0.7188,0.0
balance_bimodal,250,multistation_rep,3,3,3,56,3,0.3127,10.0
balance_bimodal,250,multistation_rep,3,3,3,60,10,0.4557,10.0
balance_bimodal,250,multistation_rep,3,3,3,149,33,0.5691,0.0
balance_bimodal,250,multistation_rep,3,3,3,184,1,0.228,0.0
balance_bimodal,250,multistation_rep,3,3,3,91,17,0.5124,15.0
balance_bimodal,250,multistation_rep,3,3,3,140,15,0.9752,90.0
balance_bimodal,250,multistation_rep,3,3,3,140,15,0.9752,95.0
balance_bimodal,250,multistation_rep,3,3,3,218,5,0.9086,0.0
balance_bimodal,250,multistation_rep,3,3,3,242,15,0.4995,105.0
balance_bimodal,250,multistation_rep,3,3,3,12,17,0.7434,0.0
balance_bimodal,250,multistation_rep,3,3,3,185,27,0.3338,70.0
balance_bimodal,250,multistation_rep,3,3,3,218,37,0.6644,0.0
balance_bimodal,250,multistation_rep,3,3,3,248,9,0.3613,0.0
balance_bimodal,250,multistation_rep,3,3,3,50,17,0.7587,10.0
balance_bimodal,250,multistation_rep,3,3,3,91,17,0.1221,0.0
balance_bimodal,250,multistation_rep,3,3,3,107,39,0.1346,20.0
balance_bimodal,250,multistation_rep,3,3,3,185,34,0.9932,60.0
balance_bimodal,250,multistation_rep,3,3,3,218,37,0.0783,0.0
balance_bimodal,250,multistation_rep,3,3,3,29,7,0.9963,0.0
balance_bimodal,250,multistation_rep,3,3,3,229,1,0.1474,0.0
balance_bimodal,250,multistation_rep,3,3,3,56,33,0.5691,5.0
balance_bimodal,250,multistation_rep,3,3,3,91,13,0.9258,5.0
balance_bimodal,250,multistation_rep,3,3,3,218,13,0.8467,25.0
balance_bimodal,250,multistation_rep,3,3,3,244,19,0.7084,85.0
balance_bimodal,250,multistation_rep,3,3,3,248,7,0.6849,0.0
balance_bimodal,250,multistation_rep,3,3,3,82,38,0.6518,0.0
balance_bimodal,250,multistation_rep,3,3,3,91,30,0.3447,0.0
balance_bimodal,250,multistation_rep,3,3,3,62,37,0.8987,0.0
balance_bimodal,250,multistation_rep,3,3,3,174,17,0.5012,0.0
balance_bimodal,250,multistation_rep,3,3,3,50,27,0.0487,105.0
balance_bimodal,250,multistation_rep,3,3,3,67,27,0.3338,35.0
balance_bimodal,250,multistation_rep,3,3,3,50,11,0.6052,40.0
balance_bimodal,250,multistation_rep,3,3,3,50,27,0.3338,110.0
balance_bimodal,250,multistation_rep,3,3,3,132,24,0.0907,0.0
balance_bimodal,250,multistation_rep,3,3,3,207,34,0.5499,0.0
balance_bimodal,250,multistation_rep,3,3,3,231,14,0.5079,20.0
balance_bimodal,250,multistation_rep,3,3,3,246,15,0.9752,190.0
balance_bimodal,250,multistation_rep,3,3,3,72,11,0.5789,50.0
balance_bimodal,250,multistation_rep,3,3,3,231,36,0.1655,5.0
balance_bimodal,250,multistation_rep,3,3,3,57,11,0.7113,70.0
balance_bimodal,250,multistation_rep,3,3,3,105,38,0.6896,20.0
balance_bimodal,250,multistation_rep,3,3,3,203,13,0.4273,5.0
balance_bimodal,250,multistation_rep,3,3,3,208,36,0.3908,0.0
balance_bimodal,250,multistation_rep,3,3,3,105,38,0.6662,20.0
balance_bimodal,250,multistation_rep,3,3,3,57,29,0.2964,0.0
balance_bimodal,250,multistation_rep,3,3,3,86,18,0.2375,60.0
balance_bimodal,250,multistation_rep,3,3,3,152,10,0.4299,80.0
balance_bimodal,250,multistation_rep,3,3,3,57,29,0.7515,0.0
balance_bimodal,250,multistation_rep,3,3,3,87,4,0.3083,60.0
balance_bimodal,250,multistation_rep,3,3,3,89,10,0.4441,40.0
balance_bimodal,250,multistation_rep,3,3,3,114,3,0.7117,0.0
balance_bimodal,250,multistation_rep,3,3,3,239,11,0.2854,10.0
balance_bimodal,250,multistation_rep,3,3,3,105,3,0.87,0.0
balance_bimodal,250,multistation_rep,3,3,3,139,33,0.5704,20.0
balance_bimodal,250,multistation_rep,3,3,3,123,36,0.1451,40.0
balance_bimodal,250,multistation_rep,3,3,3,65,15,0.9752,175.0
balance_bimodal,250,multistation_rep,3,3,3,240,20,0.1776,0.0
balance_bimodal,250,multistation_rep,3,3,3,86,39,0.0779,30.0
balance_bimodal,250,multistation_rep,3,3,3,238,19,0.7084,20.0
balance_bimodal,250,multistation_rep,3,3,3,50,16,0.9328,0.0
balance_bimodal,250,multistation_rep,3,3,3,86,39,0.0987,35.0
balance_bimodal,250,multistation_rep,3,3,3,89,18,0.4339,0.0
balance_bimodal,250,multistation_rep,3,3,3,150,2,0.7806,0.0
balance_bimodal,250,multistation_rep,3,3,3,173,10,0.2376,10.0
balance_bimodal,250,multistation_rep,3,3,3,50,18,0.458,10.0
balance_bimodal,250,multistation_rep,3,3,3,227,37,1.4847,15.0
balance_bimodal,250,multistation_rep,3,3,3,0,4,0.3083,55.0
balance_bimodal,250,multistation_rep,3,3,3,184,35,0.5029,0.0
balance_bimodal,250,multistation_rep,3,3,3,145,2,0.5946,20.0
balance_bimodal,250,multistation_rep,3,3,3,229,27,0.3338,55.0
balance_bimodal,250,multistation_rep,3,3,3,174,14,0.3133,0.0
balance_bimodal,250,multistation_rep,3,3,3,206,30,0.3447,40.0
balance_bimodal,250,multistation_rep,3,3,3,43,34,0.9932,0.0
balance_bimodal,250,multistation_rep,3,3,3,235,30,0.3312,30.0
balance_bimodal,250,multistation_rep,3,3,3,125,22,0.2456,0.0
balance_bimodal,250,multistation_rep,3,3,3,43,5,0.4986,0.0
balance_bimodal,250,multistation_rep,3,3,3,66,17,0.363,0.0
balance_bimodal,250,multistation_rep,3,3,3,76,31,0.8406,0.0
balance_bimodal,250,multistation_rep,3,3,3,229,34,0.9529,0.0
balance_bimodal,250,multistation_rep,3,3,3,66,32,0.1917,0.0
balance_bimodal,250,multistation_rep,3,3,3,218,27,0.3338,10.0
balance_bimodal,250,multistation_rep,3,3,3,34,7,0.7598,0.0
balance_bimodal,250,multistation_rep,3,3,3,192,36,0.1657,5.0
balance_bimodal,250,multistation_rep,3,3,3,140,17,0.7587,0.0
balance_bimodal,250,multistation_rep,3,3,3,160,32,0.4139,0.0
balance_bimodal,250,multistation_rep,3,3,3,205,2,0.6166,75.0
balance_bimodal,250,multistation_rep,3,3,3,140,30,0.221,60.0
balance_bimodal,250,multistation_rep,3,3,3,223,27,0.3338,0.0
balance_bimodal,250,multistation_rep,3,3,3,162,13,0.9022,0.0
balance_bimodal,250,multistation_rep,3,3,3,127,15,0.9752,125.0
balance_bimodal,250,multistation_rep,3,3,3,161,34,0.9932,0.0
balance_bimodal,250,multistation_rep,3,3,3,167,15,0.9752,130.0
balance_bimodal,250,multistation_rep,3,3,3,2,35,0.333,0.0
balance_bimodal,250,multistation_rep,3,3,3,33,4,0.7562,0.0
balance_bimodal,250,multistation_rep,3,3,3,103,19,0.7084,35.0
balance_bimodal,250,multistation_rep,3,3,3,117,7,0.7593,0.0
balance_bimodal,250,multistation_rep,3,3,3,209,19,0.4707,0.0
balance_bimodal,250,multistation_rep,3,3,3,2,35,0.2841,0.0
balance_bimodal,250,multistation_rep,3,3,3,218,17,0.7587,0.0
balance_bimodal,250,multistation_rep,3,3,3,2,11,0.7113,50.0
balance_bimodal,250,multistation_rep,3,3,3,106,39,0.2948,0.0
balance_bimodal,250,multistation_rep,3,3,3,94,35,0.5093,0.0
balance_bimodal,250,multistation_rep,3,3,3,187,15,0.7824,5.0
balance_bimodal,250,multistation_rep,3,3,3,152,15,0.9752,110.0
balance_bimodal,250,multistation_rep,3,3,3,166,15,0.9752,130.0
balance_bimodal,250,multistation_rep,3,3,3,225,18,0.458,0.0
balance_bimodal,250,multistation_rep,3,3,3,116,11,0.7113,70.0
balance_bimodal,250,multistation_rep,3,3,3,237,10,0.4557,25.0
balance_bimodal,250,multistation_rep,3,3,3,156,18,0.3979,0.0
balance_bimodal,250,multistation_rep,3,3,3,96,4,0.2067,85.0
balance_bimodal,250,multistation_rep,3,3,3,17,24,0.7991,0.0
balance_bimodal,250,multistation_rep,3,3,3,32,34,0.9247,50.0
balance_bimodal,250,multistation_rep,3,3,3,32,34,0.9627,45.0
balance_bimodal,250,multistation_rep,3,3,3,104,19,0.7084,55.0
balance_bimodal,250,multistation_rep,3,3,3,212,30,0.3447,105.0
balance_bimodal,250,multistation_rep,3,3,3,37,16,0.3219,15.0
balance_bimodal,250,multistation_rep,3,3,3,40,17,0.7587,80.0
balance_bimodal,250,multistation_rep,3,3,3,6,24,0.6738,30.0
balance_bimodal,250,multistation_rep,3,3,3,46,15,0.9752,75.0
balance_bimodal,250,multistation_rep,3,3,3,157,37,0.0919,0.0
balance_bimodal,250,multistation_rep,3,3,3,241,34,0.9932,40.0
balance_bimodal,250,multistation_rep,3,3,3,47,14,0.1014,0.0
balance_bimodal,250,multistation_rep,3,3,3,234,11,0.4909,25.0
balance_bimodal,250,multistation_rep,3,3,3,138,24,0.6287,30.0
balance_bimodal,250,multistation_rep,3,3,3,18,19,0.7084,115.0
balance_bimodal,250,multistation_rep,3,3,3,119,25,0.097,0.0
balance_bimodal,250,multistation_rep,3,3,3,8,2,0.7723,0.0
balance_bimodal,250,multistation_rep,3,3,3,8,13,0.849,0.0
balance_bimodal,250,multistation_rep,3,3,3,27,33,0.578,0.0
balance_bimodal,250,multistation_rep,3,3,3,44,29,0.1577,0.0
balance_bimodal,250,multistation_rep,3,3,3,123,36,1.1436,0.0
balance_bimodal,250,multistation_rep,3,3,3,152,19,0.7153,90.0
balance_bimodal,250,multistation_rep,3,3,3,178,17,0.7587,35.0
balance_bimodal,250,multistation_rep,3,3,3,215,1,0.3474,0.0
balance_bimodal,250,multistation_rep,3,3,3,222,27,0.3338,115.0
balance_bimodal,250,multistation_rep,3,3,3,236,32,0.5908,10.0
balance_bimodal,250,multistation_rep,3,3,3,8,13,0.8463,0.0
balance_bimodal,250,multistation_rep,3,3,3,27,19,0.7084,90.0
balance_bimodal,250,multistation_rep,3,3,3,191,4,0.3083,0.0
balance_bimodal,250,multistation_rep,3,3,3,3,17,0.7587,0.0
balance_bimodal,250,multistation_rep,3,3,3,17,14,0.4234,0.0
balance_bimodal,250,multistation_rep,3,3,3,17,3,0.4623,0.0
balance_bimodal,250,multistation_rep,3,3,3,246,30,0.5638,5.0
balance_bimodal,250,multistation_rep,3,3,3,18,13,0.1841,0.0
balance_bimodal,250,multistation_rep,3,3,3,148,15,0.9548,15.0
balance_bimodal,250,multistation_rep,3,3,3,70,10,0.3977,70.0
balance_bimodal,250,multistation_rep,3,3,3,102,27,0.0512,0.0
balance_bimodal,250,multistation_rep,3,3,3,102,15,0.9752,165.0
balance_bimodal,250,multistation_rep,3,3,3,110,13,0.8529,0.0
balance_bimodal,250,multistation_rep,3,3,3,110,24,0.5098,0.0
balance_bimodal,250,multistation_rep,3,3,3,200,19,0.7084,0.0
balance_bimodal,250,multistation_rep,3,3,3,17,34,0.9932,100.0
balance_bimodal,250,multistation_rep,3,3,3,101,7,0.2495,0.0
balance_bimodal,250,multistation_rep,3,3,3,233,38,0.8489,0.0
balance_bimodal,250,multistation_rep,3,3,3,30,24,0.3706,0.0
balance_bimodal,250,multistation_rep,3,3,3,151,24,0.7252,0.0
balance_bimodal,250,multistation_rep,3,3,3,92,19,0.2327,0.0
balance_bimodal,250,multistation_rep,3,3,3,200,19,0.7029,0.0
balance_bimodal,250,multistation_rep,3,3,3,51,13,0.8454,60.0
balance_bimodal,250,multistation_rep,3,3,3,137,29,0.8501,0.0
balance_bimodal,250,multistation_rep,3,3,3,79,13,0.913,115.0
balance_bimodal,250,multistation_rep,3,3,3,15,27,0.3338,10.0
balance_bimodal,250,multistation_rep,3,3,3,26,27,0.3338,5.0
balance_bimodal,250,multistation_rep,3,3,3,183,17,0.7587,185.0
balance_bimodal,250,multistation_rep,3,3,3,189,32,0.2218,0.0
balance_bimodal,250,multistation_rep,3,3,3,24,36,0.3351,0.0
balance_bimodal,250,multistation_rep,3,3,3,183,17,0.7587,195.0
balance_bimodal,250,multistation_rep,3,3,3,202,11,0.5332,0.0
balance_bimodal,250,multistation_rep,3,3,3,24,34,0.9932,40.0
balance_bimodal,250,multistation_rep,3,3,3,158,4,0.3083,0.0
balance_bimodal,250,multistation_rep,3,3,3,78,19,0.7084,20.0
balance_bimodal,250,multistation_rep,3,3,3,158,2,0.7392,15.0
balance_bimodal,250,multistation_rep,3,3,3,131,38,0.6717,0.0
balance_bimodal,250,multistation_rep,3,3,3,26,27,0.0437,0.0
balance_bimodal,250,multistation_rep,3,3,3,176,10,0.4557,235.0
balance_bimodal,250,multistation_rep,3,3,3,216,7,0.7294,0.0
balance_bimodal,250,multistation_rep,3,3,3,9,15,0.962,50.0
balance_bimodal,250,multistation_rep,3,3,3,138,39,0.2948,0.0
balance_bimodal,250,multistation_rep,3,3,3,165,15,0.814,95.0
balance_bimodal,250,multistation_rep,3,3,3,166,4,0.0894,0.0
balance_bimodal,250,multistation_rep,3,3,3,59,13,0.8469,65.0
balance_bimodal,250,multistation_rep,3,3,3,78,35,0.466,60.0
balance_bimodal,250,multistation_rep,3,3,3,224,19,0.3821,20.0
balance_bimodal,250,multistation_rep,3,3,3,28,17,0.7587,145.0
balance_bimodal,250,multistation_rep,3,3,3,110,3,0.7506,0.0
balance_bimodal,250,multistation_rep,3,3,3,86,26,1.2207,0.0
balance_bimodal,250,multistation_rep,3,3,3,147,19,0.2577,35.0
balance_bimodal,250,multistation_rep,3,3,3,172,17,0.7587,190.0
balance_bimodal,250,multistation_rep,3,3,3,73,18,0.458,0.0
balance_bimodal,250,multistation_rep,3,3,3,100,34,0.8978,65.0
balance_bimodal,250,multistation_rep,3,3,3,152,33,0.72,0.0
balance_bimodal,250,multistation_rep,3,3,3,204,14,0.3864,0.0
balance_bimodal,250,multistation_rep,3,3,3,86,14,0.0899,0.0
balance_bimodal,250,multistation_rep,3,3,3,86,10,0.4557,230.0
balance_bimodal,250,multistation_rep,3,3,3,167,33,0.6294,0.0
balance_bimodal,250,multistation_rep,3,3,3,86,14,0.605,5.0
balance_bimodal,250,multistation_rep,3,3,3,232,35,0.4581,40.0
balance_bimodal,250,multistation_rep,3,3,3,7,38,0.4367,5.0
balance_bimodal,250,multistation_rep,3,3,3,144,11,0.5032,85.0
balance_bimodal,250,multistation_rep,3,3,3,177,2,0.9786,0.0
balance_bimodal,250,multistation_rep,3,3,3,198,20,0.6758,0.0
balance_bimodal,250,multistation_rep,3,3,3,45,19,0.7084,65.0
balance_bimodal,250,multistation_rep,3,3,3,40,18,0.458,0.0
balance_bimodal,250,multistation_rep,3,3,3,190,34,0.4818,15.0
balance_bimodal,250,multistation_rep,3,3,3,48,15,0.9752,120.0
balance_bimodal,250,multistation_rep,3,3,3,246,11,0.6289,185.0
balance_bimodal,250,multistation_rep,3,3,3,246,19,0.7033,105.0
balance_bimodal,250,multistation_rep,3,3,3,4,26,0.3636,0.0
balance_bimodal,250,multistation_rep,3,3,3,49,15,0.4341,150.0
balance_bimodal,250,multistation_rep,3,3,3,65,17,0.7587,105.0
balance_bimodal,250,multistation_rep,3,3,3,115,10,0.4557,245.0
balance_bimodal,250,multistation_rep,3,3,3,246,19,0.5399,100.0
balance_bimodal,250,multistation_rep,3,3,3,163,16,0.3435,0.0
balance_bimodal,250,multistation_rep,3,3,3,227,16,0.6433,5.0
balance_bimodal,250,multistation_rep,3,3,3,52,26,0.4576,0.0
balance_bimodal,250,multistation_rep,3,3,3,245,10,0.4557,110.0
balance_bimodal,250,multistation_rep,3,3,3,52,26,0.433,0.0
balance_bimodal,250,multistation_rep,3,3,3,21,15,0.9752,160.0
balance_bimodal,250,multistation_rep,3,3,3,74,13,1.1124,50.0
balance_bimodal,250,multistation_rep,3,3,3,102,29,0.8666,0.0
balance_bimodal,250,multistation_rep,3,3,3,17,11,0.7113,115.0
balance_bimodal,250,multistation_rep,3,3,3,74,10,0.4557,180.0
balance_bimodal,250,multistation_rep,3,3,3,179,37,0.6971,0.0
balance_bimodal,250,multistation_rep,3,3,3,180,36,1.1436,0.0
balance_bimodal,250,multistation_rep,3,3,3,19,38,0.7051,0.0
balance_bimodal,250,multistation_rep,3,3,3,235,36,1.1436,0.0
balance_bimodal,250,multistation_rep,3,3,3,30,29,0.9823,0.0
balance_bimodal,250,multistation_rep,3,3,3,207,3,0.8122,0.0
balance_bimodal,250,multistation_rep,3,3,3,197,10,0.5948,0.0
balance_bimodal,250,multistation_rep,3,3,3,207,39,0.9643,15.0
balance_bimodal,250,multistation_rep,3,3,3,79,10,0.4557,0.0
balance_bimodal,250,multistation_rep,3,3,3,140,33,0.6176,0.0
balance_bimodal,250,multistation_rep,3,3,3,53,10,0.5144,210.0
balance_bimodal,250,multistation_rep,3,3,3,61,27,0.3338,0.0
balance_bimodal,250,multistation_rep,3,3,3,124,19,0.7084,55.0
balance_bimodal,250,multistation_rep,3,3,3,140,10,0.4557,220.0
balance_bimodal,250,multistation_rep,3,3,3,98,11,0.7113,40.0
balance_bimodal,250,multistation_rep,3,3,3,199,35,0.4587,50.0
balance_bimodal,250,multistation_rep,3,3,3,98,38,0.9925,10.0
balance_bimodal,250,multistation_rep,3,3,3,182,26,0.36,30.0
balance_bimodal,250,multistation_rep,3,3,3,199,35,0.4587,40.0
balance_bimodal,250,multistation_rep,3,3,3,27,5,0.5029,0.0
balance_bimodal,250,multistation_rep,3,3,3,80,17,0.7587,100.0
balance_bimodal,250,multistation_rep,3,3,3,80,17,0.7587,90.0
balance_bimodal,250,multistation_rep,3,3,3,80,14,0.188,25.0
balance_bimodal,250,multistation_rep,3,3,3,41,17,0.7587,135.0
balance_bimodal,250,multistation_rep,3,3,3,113,17,0.7587,100.0
balance_bimodal,250,multistation_rep,3,3,3,169,33,0.5907,0.0
balance_bimodal,250,multistation_rep,3,3,3,219,13,0.8483,0.0
balance_bimodal,250,multistation_rep,3,3,3,63,16,0.3545,0.0
balance_bimodal,250,multistation_rep,3,3,3,63,1,0.3611,0.0
balance_bimodal,250,multistation_rep,3,3,3,187,27,0.3338,85.0
balance_bimodal,250,multistation_rep,3,3,3,199,34,0.6895,35.0
balance_bimodal,250,multistation_rep,3,3,3,93,2,0.6718,0.0
balance_bimodal,250,multistation_rep,3,3,3,214,26,0.5842,0.0
balance_bimodal,250,multistation_rep,3,3,3,78,19,0.7084,50.0
balance_bimodal,250,multistation_rep,3,3,3,87,19,0.1224,65.0
balance_bimodal,250,multistation_rep,3,3,3,159,9,0.2555,0.0
balance_bimodal,250,multistation_rep,3,3,3,196,11,0.7113,5.0
balance_bimodal,250,multistation_rep,3,3,3,167,33,0.6122,0.0
balance_bimodal,250,multistation_rep,3,3,3,172,17,0.6324,90.0
balance_bimodal,250,multistation_rep,3,3,3,196,37,0.6685,0.0
balance_bimodal,250,multistation_rep,3,3,3,217,35,0.5288,0.0
balance_bimodal,250,multistation_rep,3,3,3,22,34,0.9932,150.0
balance_bimodal,250,multistation_rep,3,3,3,176,2,0.2163,0.0
balance_bimodal,250,multistation_rep,3,3,3,195,7,0.1747,0.0
balance_bimodal,250,multistation_rep,3,3,3,81,24,0.3774,0.0
balance_bimodal,250,multistation_rep,3,3,3,81,3,0.3035,0.0
balance_bimodal,250,multistation_rep,3,3,3,100,3,0.3723,0.0
balance_bimodal,250,multistation_rep,3,3,3,143,39,0.2948,0.0
balance_bimodal,250,multistation_rep,3,3,3,105,11,0.7113,50.0
balance_bimodal,250,multistation_rep,3,3,3,55,10,0.2032,50.0
balance_bimodal,250,multistation_rep,3,3,3,174,37,0.6641,0.0
balance_bimodal,250,multistation_rep,3,3,3,176,10,0.2522,225.0
balance_bimodal,250,multistation_rep,3,3,3,97,35,0.3245,35.0
balance_bimodal,250,multistation_rep,3,3,3,100,35,0.8859,0.0
balance_bimodal,250,multistation_rep,3,3,3,68,19,0.7084,105.0
balance_bimodal,250,multistation_rep,3,3,3,108,4,0.3083,0.0
balance_bimodal,250,multistation_rep,3,3,3,108,13,0.8465,70.0
balance_bimodal,250,multistation_rep,3,3,3,0,17,0.6939,55.0
balance_bimodal,250,multistation_rep,3,3,3,0,17,0.7587,70.0
balance_bimodal,250,multistation_rep,3,3,3,6,15,0.9752,50.0
balance_bimodal,250,multistation_rep,3,3,3,17,13,0.8298,45.0
balance_bimodal,250,multistation_rep,3,3,3,79,16,0.2952,0.0
balance_bimodal,250,multistation_rep,3,3,3,228,10,0.4557,240.0
balance_bimodal,250,multistation_rep,3,3,3,8,16,0.3495,0.0
balance_bimodal,250,multistation_rep,3,3,3,49,36,0.9262,0.0
balance_bimodal,250,multistation_rep,3,3,3,79,29,0.6981,0.0
balance_bimodal,250,multistation_rep,3,3,3,13,15,0.9533,130.0
balance_bimodal,250,multistation_rep,3,3,3,180,19,0.7084,90.0
balance_bimodal,250,multistation_rep,3,3,3,238,30,0.1131,0.0
balance_bimodal,250,multistation_rep,3,3,3,136,19,0.1882,15.0
balance_bimodal,250,multistation_rep,3,3,3,175,33,0.5709,0.0
balance_bimodal,250,multistation_rep,3,3,3,181,4,0.3083,0.0
balance_bimodal,250,multistation_rep,3,3,3,193,36,0.5349,0.0
balance_bimodal,250,multistation_rep,3,3,3,181,4,0.3083,0.0
balance_bimodal,250,multistation_rep,3,3,3,193,39,0.2948,0.0
balance_bimodal,250,multistation_rep,3,3,3,127,31,0.1767,0.0
balance_bimodal,250,multistation_rep,3,3,3,168,5,0.5244,0.0
balance_bimodal,250,multistation_rep,3,3,3,193,2,0.7713,0.0
balance_bimodal,250,multistation_rep,3,3,3,236,10,0.4557,180.0
balance_bimodal,250,multistation_rep,3,3,3,16,36,0.2958,0.0
balance_bimodal,250,multistation_rep,3,3,3,154,15,0.7407,160.0
balance_bimodal,250,multistation_rep,3,3,3,121,2,0.9522,0.0
balance_bimodal,250,multistation_rep,3,3,3,146,34,0.9932,40.0
balance_bimodal,250,multistation_rep,3,3,3,83,27,0.3329,50.0
balance_bimodal,250,multistation_rep,3,3,3,83,37,0.8468,0.0
balance_bimodal,250,multistation_rep,3,3,3,130,15,0.9752,115.0
balance_bimodal,250,multistation_rep,3,3,3,168,5,0.4974,0.0
balance_bimodal,250,multistation_rep,3,3,3,83,37,0.8468,0.0
balance_bimodal,250,multistation_rep,3,3,3,88,10,0.3181,160.0
balance_bimodal,250,multistation_rep,3,3,3,168,5,0.1464,0.0
balance_bimodal,250,multistation_rep,3,3,3,83,3,0.5116,0.0
balance_bimodal,250,multistation_rep,3,3,3,29,27,0.3338,0.0
balance_bimodal,250,multistation_rep,3,3,3,42,5,0.9959,10.0
balance_bimodal,250,multistation_rep,3,3,3,71,35,0.6037,0.0
balance_bimodal,250,multistation_rep,3,3,3,83,33,0.2308,0.0
balance_bimodal,250,multistation_rep,3,3,3,129,3,0.5154,0.0
balance_bimodal,250,multistation_rep,3,3,3,222,27,0.3338,40.0
balance_bimodal,250,multistation_rep,3,3,3,82,19,0.7084,45.0
balance_bimodal,250,multistation_rep,3,3,3,83,33,0.5691,0.0
balance_bimodal,250,multistation_rep,3,3,3,197,17,0.7587,90.0
balance_bimodal,250,multistation_rep,3,3,3,221,34,0.9932,40.0
balance_bimodal,250,multistation_rep,3,3,3,52,14,0.1679,15.0
balance_bimodal,250,multistation_rep,3,3,3,171,13,0.8478,80.0
balance_bimodal,250,multistation_rep,3,3,3,197,39,0.2948,0.0
balance_bimodal,250,multistation_rep,3,3,3,129,30,0.1194,0.0
balance_bimodal,250,multistation_rep,3,3,3,249,11,0.4512,0.0
balance_bimodal,250,multistation_rep,3,3,3,249,11,0.7113,0.0
balance_bimodal,250,multistation_rep,3,3,3,176,4,0.2099,0.0
balance_bimodal,250,multistation_rep,3,3,3,35,39,0.061,0.0
balance_bimodal,250,multistation_rep,3,3,3,55,10,0.4606,10.0
balance_bimodal,250,multistation_rep,3,3,3,182,30,0.3447,0.0
balance_bimodal,250,multistation_rep,3,3,3,56,34,0.9343,120.0
balance_bimodal,250,multistation_rep,3,3,3,77,35,0.4294,0.0
balance_bimodal,250,multistation_rep,3,3,3,140,17,0.6929,0.0
balance_bimodal,250,multistation_rep,3,3,3,155,3,0.2297,0.0
balance_bimodal,250,multistation_rep,3,3,3,130,7,0.4618,0.0
balance_bimodal,250,multistation_rep,3,3,3,104,36,0.8162,0.0
balance_bimodal,250,multistation_rep,3,3,3,126,29,0.7058,0.0
balance_bimodal,250,multistation_rep,3,3,3,210,14,0.4873,0.0
balance_bimodal,250,multistation_rep,3,3,3,90,7,0.3881,5.0
balance_bimodal,250,multistation_rep,3,3,3,74,4,0.5871,45.0
balance_bimodal,250,multistation_rep,3,3,3,125,27,0.3338,55.0
balance_bimodal,250,multistation_rep,3,3,3,242,37,0.7285,0.0
balance_bimodal,250,multistation_rep,3,3,3,1,19,0.7084,80.0
balance_bimodal,250,multistation_rep,3,3,3,1,7,0.675,0.0
balance_bimodal,250,multistation_rep,3,3,3,180,27,0.3338,140.0
balance_bimodal,250,multistation_rep,3,3,3,64,16,0.3863,0.0
balance_bimodal,250,multistation_rep,3,3,3,206,15,0.6331,5.0
balance_bimodal,250,multistation_rep,3,3,3,149,18,0.458,0.0
balance_bimodal,250,multistation_rep,3,3,3,212,34,0.9932,30.0
balance_bimodal,250,multistation_rep,3,3,3,145,10,0.5135,55.0
balance_bimodal,250,multistation_rep,3,3,3,111,37,0.9896,0.0
balance_bimodal,250,multistation_rep,3,3,3,67,17,0.7587,50.0
balance_bimodal,250,multistation_rep,3,3,3,47,14,0.1703,85.0
balance_bimodal,250,multistation_rep,3,3,3,67,19,0.7084,10.0
balance_bimodal,250,multistation_rep,3,3,3,161,33,0.5693,55.0
balance_bimodal,250,multistation_rep,3,3,3,53,16,0.3467,0.0
balance_bimodal,250,multistation_rep,3,3,3,128,11,0.7113,65.0
balance_bimodal,250,multistation_rep,3,3,3,147,38,0.7648,0.0
balance_bimodal,250,multistation_rep,3,3,3,236,32,0.414,0.0
balance_bimodal,250,multistation_rep,3,3,3,181,17,0.7587,25.0
balance_bimodal,250,multistation_rep,3,3,3,22,13,0.454,0.0
balance_bimodal,250,multistation_rep,3,3,3,162,10,0.4557,75.0
balance_bimodal,250,multistation_rep,3,3,3,184,36,0.602,0.0
balance_bimodal,250,multistation_rep,3,3,3,48,15,0.9752,75.0
balance_bimodal,250,multistation_rep,3,3,3,186,38,0.7764,0.0
balance_bimodal,250,multistation_rep,3,3,3,96,10,0.4557,135.0
balance_bimodal,250,multistation_rep,3,3,3,179,10,0.4557,50.0
balance_bimodal,250,multistation_rep,3,3,3,12,10,0.4216,155.0
balance_bimodal,250,multistation_rep,3,3,3,128,13,0.892,25.0
balance_bimodal,250,multistation_rep,3,3,3,185,32,0.5923,0.0
balance_bimodal,250,multistation_rep,3,3,3,128,10,0.4557,135.0
balance_bimodal,250,multistation_rep,3,3,3,161,11,0.5768,0.0
balance_bimodal,250,multistation_rep,3,3,3,247,11,0.4376,30.0
balance_bimodal,250,multistation_rep,3,3,3,88,10,0.4557,275.0
balance_bimodal,250,multistation_rep,3,3,3,8,22,0.9625,0.0
balance_bimodal,250,multistation_rep,3,3,3,185,18,0.529,0.0
balance_bimodal,250,multistation_rep,3,3,3,124,34,0.9932,0.0
balance_bimodal,250,multistation_rep,3,3,3,239,26,0.3997,25.0
balance_bimodal,250,multistation_rep,3,3,3,246,39,0.2948,10.0
balance_bimodal,250,multistation_rep,3,3,3,39,35,0.3298,5.0
balance_bimodal,250,multistation_rep,3,3,3,245,30,0.0861,5.0
balance_bimodal,250,multistation_rep,3,3,3,106,36,0.548,0.0
balance_bimodal,250,multistation_rep,3,3,3,112,15,0.7316,0.0
balance_bimodal,250,multistation_rep,3,3,3,246,39,0.5993,0.0
balance_bimodal,250,multistation_rep,3,3,3,92,17,0.7587,155.0
balance_bimodal,250,multistation_rep,3,3,3,112,2,0.326,0.0
balance_bimodal,250,multistation_rep,3,3,3,11,27,0.3338,110.0
balance_bimodal,250,multistation_rep,3,3,3,49,15,0.9752,0.0
balance_bimodal,250,multistation_rep,3,3,3,39,35,0.2841,0.0
balance_bimodal,250,multistation_rep,3,3,3,49,3,0.8867,0.0
balance_bimodal,250,multistation_rep,3,3,3,228,39,0.2948,0.0
balance_bimodal,250,multistation_rep,3,3,3,240,17,0.6492,145.0
balance_bimodal,250,multistation_rep,3,3,3,33,22,0.2753,0.0
balance_bimodal,250,multistation_rep,3,3,3,33,5,0.501,0.0
balance_bimodal,250,multistation_rep,3,3,3,34,5,0.5078,0.0
balance_bimodal,250,multistation_rep,3,3,3,132,24,0.6967,15.0
balance_bimodal,250,multistation_rep,3,3,3,59,3,0.4482,0.0
balance_bimodal,250,multistation_rep,3,3,3,132,16,0.3162,0.0
balance_bimodal,250,multistation_rep,3,3,3,0,14,0.3334,30.0
balance_bimodal,250,multistation_rep,3,3,3,164,33,0.2521,0.0
balance_bimodal,250,multistation_rep,3,3,3,230,36,0.3165,5.0
balance_bimodal,250,multistation_rep,3,3,3,31,10,0.4557,160.0
balance_bimodal,250,multistation_rep,3,3,3,165,14,0.184,0.0
balance_bimodal,250,multistation_rep,3,3,3,2,27,0.331,125.0
balance_bimodal,250,multistation_rep,3,3,3,18,3,0.4727,0.0
balance_bimodal,250,multistation_rep,3,3,3,51,32,0.2928,0.0
balance_bimodal,250,multistation_rep,3,3,3,166,13,0.8105,0.0
balance_bimodal,250,multistation_rep,3,3,3,139,13,0.8455,25.0
balance_bimodal,250,multistation_rep,3,3,3,43,11,0.7113,90.0
balance_bimodal,250,multistation_rep,3,3,3,109,26,0.3817,0.0
balance_bimodal,250,multistation_rep,3,3,3,218,35,0.5835,0.0
balance_bimodal,250,multistation_rep,3,3,3,57,15,0.9725,0.0
balance_bimodal,250,multistation_rep,3,3,3,84,37,0.1611,0.0
balance_bimodal,250,multistation_rep,3,3,3,234,2,0.7477,0.0
balance_bimodal,250,multistation_rep,3,3,3,18,17,0.7587,110.0
balance_bimodal,250,multistation_rep,3,3,3,69,4,0.7792,0.0
balance_bimodal,250,multistation_rep,3,3,3,154,15,0.9752,0.0
balance_bimodal,250,multistation_rep,3,3,3,72,29,0.3174,0.0
balance_bimodal,250,multistation_rep,3,3,3,9,34,0.9932,50.0
balance_bimodal,250,multistation_rep,3,3,3,69,3,0.4186,75.0
balance_bimodal,250,multistation_rep,3,3,3,209,36,0.1732,25.0
balance_bimodal,250,multistation_rep,3,3,3,62,17,0.7587,90.0
balance_bimodal,250,multistation_rep,3,3,3,69,15,0.9901,0.0
balance_bimodal,250,multistation_rep,3,3,3,20,38,0.7145,0.0
balance_bimodal,250,multistation_rep,3,3,3,103,14,0.3463,50.0
balance_bimodal,250,multistation_rep,3,3,3,205,10,0.44,140.0
balance_bimodal,250,multistation_rep,3,3,3,107,4,0.6583,0.0
balance_bimodal,250,multistation_rep,3,3,3,227,3,0.2933,0.0
balance_bimodal,250,multistation_rep,3,3,3,56,15,0.3575,0.0
balance_bimodal,250,multistation_rep,3,3,3,43,19,0.2803,5.0
balance_bimodal,250,multistation_rep,3,3,3,94,26,0.3809,15.0
balance_bimodal,250,multistation_rep,3,3,3,130,10,0.3718,155.0
balance_bimodal,250,multistation_rep,3,3,3,15,38,1.3506,0.0
balance_bimodal,250,multistation_rep,3,3,3,113,34,0.9932,75.0
balance_bimodal,250,multistation_rep,3,3,3,130,10,0.3718,190.0
balance_bimodal,250,multistation_rep,3,3,3,160,39,0.7773,0.0
balance_bimodal,250,multistation_rep,3,3,3,130,17,0.6772,35.0
balance_bimodal,250,multistation_rep,3,3,3,241,7,0.6865,0.0
balance_bimodal,250,multistation_rep,3,3,3,231,30,0.1112,0.0
balance_bimodal,250,multistation_rep,3,3,3,191,17,0.3524,70.0
balance_bimodal,250,multistation_rep,3,3,3,198,36,0.7606,80.0
balance_bimodal,250,multistation_rep,3,3,3,124,30,0.3447,0.0
balance_bimodal,250,multistation_rep,3,3,3,233,10,0.4557,105.0
balance_bimodal,250,multistation_rep,3,3,3,48,3,0.4402,0.0
balance_bimodal,250,multistation_rep,3,3,3,65,5,0.9009,0.0
balance_bimodal,250,multistation_rep,3,3,3,68,33,0.9275,20.0
balance_bimodal,250,multistation_rep,3,3,3,130,2,0.3281,0.0
balance_bimodal,250,multistation_rep,3,3,3,199,5,0.5926,0.0
balance_bimodal,250,multistation_rep,3,3,3,16,2,0.9503,80.0
balance_bimodal,250,multistation_rep,3,3,3,199,14,0.1164,95.0
balance_bimodal,250,multistation_rep,3,3,3,244,11,0.5841,0.0
balance_bimodal,250,multistation_rep,3,3,3,248,15,0.893,75.0
balance_bimodal,250,multistation_rep,3,3,3,24,32,0.9945,0.0
balance_bimodal,250,multistation_rep,3,3,3,192,16,0.2942,0.0
balance_bimodal,250,multistation_rep,3,3,3,156,3,0.5895,10.0
balance_bimodal,250,multistation_rep,3,3,3,28,30,0.3447,0.0
balance_bimodal,250,multistation_rep,3,3,3,68,9,0.1437,0.0
balance_bimodal,250,multistation_rep,3,3,3,135,19,0.7084,20.0
balance_bimodal,250,multistation_rep,3,3,3,14,16,0.3139,20.0
balance_bimodal,250,multistation_rep,3,3,3,131,36,0.5086,35.0
balance_bimodal,250,multistation_rep,3,3,3,131,24,0.7362,35.0
balance_bimodal,250,multistation_rep,3,3,3,180,35,0.2856,0.0
balance_bimodal,250,multistation_rep,3,3,3,220,39,0.4004,20.0
balance_bimodal,250,multistation_rep,3,3,3,238,18,0.458,0.0
balance_bimodal,250,multistation_rep,3,3,3,87,24,0.3233,5.0
balance_bimodal,250,multistation_rep,3,3,3,88,19,0.527,45.0
balance_bimodal,250,multistation_rep,3,3,3,88,19,0.1756,20.0
balance_bimodal,250,multistation_rep,3,3,3,117,4,0.3083,0.0
balance_bimodal,250,multistation_rep,3,3,3,200,5,0.9183,0.0
balance_bimodal,250,multistation_rep,3,3,3,19,11,0.7113,80.0
balance_bimodal,250,multistation_rep,3,3,3,68,35,0.5895,0.0
balance_bimodal,250,multistation_rep,3,3,3,217,11,0.7113,65.0
balance_bimodal,250,multistation_rep,3,3,3,163,31,0.6912,0.0
balance_bimodal,250,multistation_rep,3,3,3,199,14,0.2903,10.0
balance_bimodal,250,multistation_rep,3,3,3,199,10,0.4448,0.0
balance_bimodal,250,multistation_rep,3,3,3,235,10,0.165,15.0
balance_bimodal,250,multistation_rep,3,3,3,199,14,0.48,0.0
balance_bimodal,250,multistation_rep,3,3,3,63,37,0.4934,5.0
balance_bimodal,250,multistation_rep,3,3,3,18,11,0.7113,65.0
balance_bimodal,250,multistation_rep,3,3,3,32,34,0.5169,0.0
balance_bimodal,250,multistation_rep,3,3,3,207,30,0.2797,0.0
balance_bimodal,250,multistation_rep,3,3,3,147,29,0.8806,0.0
balance_bimodal,250,multistation_rep,3,3,3,45,15,0.9752,75.0
balance_bimodal,250,multistation_rep,3,3,3,172,10,0.4557,80.0
balance_bimodal,250,multistation_rep,3,3,3,96,34,0.9311,85.0
balance_bimodal,250,multistation_rep,3,3,3,60,3,0.5172,75.0
balance_bimodal,250,multistation_rep,3,3,3,134,18,0.8467,0.0
balance_bimodal,250,multistation_rep,3,3,3,57,15,0.9752,200.0
balance_bimodal,250,multistation_rep,3,3,3,60,36,0.2653,30.0
balance_bimodal,250,multistation_rep,3,3,3,60,36,0.2653,160.0
balance_bimodal,250,multistation_rep,3,3,3,76,29,0.9711,0.0
balance_bimodal,250,multistation_rep,3,3,3,177,4,0.3083,0.0
balance_bimodal,250,multistation_rep,3,3,3,60,36,1.1436,30.0
balance_bimodal,250,multistation_rep,3,3,3,138,17,0.7587,40.0
balance_bimodal,250,multistation_rep,3,3,3,66,7,0.88,0.0
balance_bimodal,250,multistation_rep,3,3,3,66,7,0.88,0.0
balance_bimodal,250,multistation_rep,3,3,3,46,35,0.3337,35.0
balance_bimodal,250,multistation_rep,3,3,3,66,11,0.7113,105.0
balance_bimodal,250,multistation_rep,3,3,3,194,11,0.7113,130.0
balance_bimodal,250,multistation_rep,3,3,3,93,3,0.471,35.0
balance_bimodal,250,multistation_rep,3,3,3,240,24,0.7278,0.0
balance_bimodal,250,multistation_rep,3,3,3,2,5,0.9153,80.0
balance_bimodal,250,multistation_rep,3,3,3,17,27,0.4613,5.0
balance_bimodal,250,multistation_rep,3,3,3,123,3,0.6959,110.0
balance_bimodal,250,multistation_rep,3,3,3,137,17,0.4043,0.0
balance_bimodal,250,multistation_rep,3,3,3,180,15,0.9752,120.0
balance_bimodal,250,multistation_rep,3,3,3,231,24,0.5881,5.0
balance_bimodal,250,multistation_rep,3,3,3,150,34,0.9932,115.0
balance_bimodal,250,multistation_rep,3,3,3,169,17,0.7587,0.0
balance_bimodal,250,multistation_rep,3,3,3,229,27,0.1345,0.0
balance_bimodal,250,multistation_rep,3,3,3,21,13,0.845,0.0
balance_bimodal,250,multistation_rep,3,3,3,50,19,0.7084,60.0
balance_bimodal,250,multistation_rep,3,3,3,92,15,0.9752,95.0
balance_bimodal,250,multistation_rep,3,3,3,97,36,1.1436,50.0
balance_bimodal,250,multistation_rep,3,3,3,152,29,0.9821,30.0
balance_bimodal,250,multistation_rep,3,3,3,229,27,0.0437,0.0
balance_bimodal,250,multistation_rep,3,3,3,50,19,0.7084,40.0
balance_bimodal,250,multistation_rep,3,3,3,148,33,0.5902,0.0
balance_bimodal,250,multistation_rep,3,3,3,203,11,0.7113,195.0
balance_bimodal,250,multistation_rep,3,3,3,62,38,0.7617,0.0
balance_bimodal,250,multistation_rep,3,3,3,116,4,0.4952,0.0
balance_bimodal,250,multistation_rep,3,3,3,2,10,0.5222,25.0
balance_bimodal,250,multistation_rep,3,3,3,79,15,0.5493,0.0
balance_bimodal,250,multistation_rep,3,3,3,158,14,0.0306,0.0
balance_bimodal,250,multistation_rep,3,3,3,190,7,0.6749,0.0
balance_bimodal,250,multistation_rep,3,3,3,104,27,0.3546,0.0
balance_bimodal,250,multistation_rep,3,3,3,101,10,0.6897,45.0
balance_bimodal,250,multistation_rep,3,3,3,152,2,0.0244,10.0
balance_bimodal,250,multistation_rep,3,3,3,200,29,0.7323,0.0
balance_bimodal,250,multistation_rep,3,3,3,11,15,0.4194,60.0
balance_bimodal,250,multistation_rep,3,3,3,200,19,0.6952,0.0
balance_bimodal,250,multistation_rep,3,3,3,57,6,0.6188,0.0
balance_bimodal,250,multistation_rep,3,3,3,215,5,0.9746,0.0
balance_bimodal,250,multistation_rep,3,3,3,225,17,0.7587,50.0
balance_bimodal,250,multistation_rep,3,3,3,17,15,0.9752,5.0
balance_bimodal,250,multistation_rep,3,3,3,215,26,0.9707,0.0
balance_bimodal,250,multistation_rep,3,3,3,105,4,0.3083,0.0
balance_bimodal,250,multistation_rep,3,3,3,223,15,0.6719,125.0
balance_bimodal,250,multistation_rep,3,3,3,105,4,0.3083,0.0
balance_bimodal,250,multistation_rep,3,3,3,200,19,0.7029,5.0
balance_bimodal,250,multistation_rep,3,3,3,223,15,0.6719,110.0
balance_bimodal,250,multistation_rep,3,3,3,151,11,0.7113,20.0
balance_bimodal,250,multistation_rep,3,3,3,180,34,0.7938,110.0
balance_bimodal,250,multistation_rep,3,3,3,138,36,0.3322,0.0
balance_bimodal,250,multistation_rep,3,3,3,173,35,0.4266,0.0
balance_bimodal,250,multistation_rep,3,3,3,217,27,0.3373,5.0
balance_bimodal,250,multistation_rep,3,3,3,127,2,0.8745,0.0
balance_bimodal,250,multistation_rep,3,3,3,189,19,0.7084,45.0
balance_bimodal,250,multistation_rep,3,3,3,187,15,0.4059,0.0
balance_bimodal,250,multistation_rep,3,3,3,161,1,0.2803,0.0
balance_bimodal,250,multistation_rep,3,3,3,144,29,0.7109,0.0
balance_bimodal,250,multistation_rep,3,3,3,89,24,0.4744,0.0
balance_bimodal,250,multistation_rep,3,3,3,98,17,0.7587,0.0
balance_bimodal,250,multistation_rep,3,3,3,89,32,0.1767,0.0
balance_bimodal,250,multistation_rep,3,3,3,47,10,0.2097,60.0
balance_bimodal,250,multistation_rep,3,3,3,37,27,0.3338,0.0
balance_bimodal,250,multistation_rep,3,3,3,100,30,0.3411,0.0
balance_bimodal,250,multistation_rep,3,3,3,161,2,0.6183,20.0
balance_bimodal,250,multistation_rep,3,3,3,180,34,0.0911,0.0
balance_bimodal,250,multistation_rep,3,3,3,237,39,0.2699,0.0
balance_bimodal,250,multistation_rep,3,3,3,100,13,0.9821,0.0
balance_bimodal,250,multistation_rep,3,3,3,180,5,0.0768,0.0
balance_bimodal,250,multistation_rep,3,3,3,219,39,0.2948,0.0
balance_bimodal,250,multistation_rep,3,3,3,119,31,0.1579,0.0
balance_bimodal,250,multistation_rep,3,3,3,196,17,0.7587,85.0
balance_bimodal,250,multistation_rep,3,3,3,219,34,0.5035,0.0
balance_bimodal,250,multistation_rep,3,3,3,143,34,0.9932,0.0
balance_bimodal,250,multistation_rep,3,3,3,196,30,0.3447,0.0
balance_bimodal,250,multistation_rep,3,3,3,6,19,0.7084,0.0
balance_bimodal,250,multistation_rep,3,3,3,70,24,0.1834,0.0
balance_bimodal,250,multistation_rep,3,3,3,50,16,0.2911,15.0
balance_bimodal,250,multistation_rep,3,3,3,40,15,0.9752,80.0
balance_bimodal,250,multistation_rep,3,3,3,78,2,0.594,0.0
balance_bimodal,250,multistation_rep,3,3,3,102,14,0.2369,0.0
balance_bimodal,250,multistation_rep,3,3,3,78,35,0.3426,0.0
balance_bimodal,250,multistation_rep,3,3,3,209,27,0.3338,25.0
balance_bimodal,250,multistation_rep,3,3,3,29,15,0.9752,0.0
balance_bimodal,250,multistation_rep,3,3,3,78,35,0.3426,0.0
balance_bimodal,250,multistation_rep,3,3,3,17,24,0.6858,0.0
balance_bimodal,250,multistation_rep,3,3,3,17,18,0.2365,0.0
balance_bimodal,250,multistation_rep,3,3,3,113,34,0.9765,105.0
balance_bimodal,250,multistation_rep,3,3,3,204,30,0.2493,0.0
balance_bimodal,250,multistation_rep,3,3,3,7,29,0.926,0.0
balance_bimodal,250,multistation_rep,3,3,3,125,36,0.6498,0.0
balance_bimodal,250,multistation_rep,3,3,3,145,30,0.1721,0.0
balance_bimodal,250,multistation_rep,3,3,3,204,31,0.8137,0.0
balance_bimodal,250,multistation_rep,3,3,3,7,29,0.7319,0.0
balance_bimodal,250,multistation_rep,3,3,3,204,1,0.6682,0.0
balance_bimodal,250,multistation_rep,3,3,3,221,3,1.1212,0.0
balance_bimodal,250,multistation_rep,3,3,3,181,17,0.386,0.0
balance_bimodal,250,multistation_rep,3,3,3,204,36,0.6847,0.0
balance_bimodal,250,multistation_rep,3,3,3,171,19,0.5334,10.0
balance_bimodal,250,multistation_rep,3,3,3,152,7,0.8608,0.0
balance_bimodal,250,multistation_rep,3,3,3,3,11,0.7113,15.0
balance_bimodal,250,multistation_rep,3,3,3,181,17,0.3524,0.0
balance_bimodal,250,multistation_rep,3,3,3,4,30,0.1519,5.0
balance_bimodal,250,multistation_rep,3,3,3,31,15,0.9752,95.0
balance_bimodal,250,multistation_rep,3,3,3,181,17,0.2995,0.0
balance_bimodal,250,multistation_rep,3,3,3,162,4,0.3083,0.0
balance_bimodal,250,multistation_rep,3,3,3,161,27,0.3338,75.0
balance_bimodal,250,multistation_rep,3,3,3,191,18,0.426,0.0
balance_bimodal,250,multistation_rep,3,3,3,161,27,0.3338,25.0
balance_bimodal,250,multistation_rep,3,3,3,191,18,0.2079,0.0
balance_bimodal,250,multistation_rep,3,3,3,44,15,0.9752,220.0
balance_bimodal,250,multistation_rep,3,3,3,55,36,0.2245,0.0
balance_bimodal,250,multistation_rep,3,3,3,216,27,0.3338,70.0
balance_bimodal,250,multistation_rep,3,3,3,19,4,0.3083,0.0
balance_bimodal,250,multistation_rep,3,3,3,128,24,0.6631,0.0
balance_bimodal,250,multistation_rep,3,3,3,81,17,0.7587,115.0
balance_bimodal,250,multistation_rep,3,3,3,191,3,0.5608,0.0
balance_bimodal,250,multistation_rep,3,3,3,19,4,0.1248,0.0
balance_bimodal,250,multistation_rep,3,3,3,187,19,0.3087,0.0
balance_bimodal,250,multistation_rep,3,3,3,19,4,0.1248,0.0
balance_bimodal,250,multistation_rep,3,3,3,167,11,0.7113,0.0
balance_bimodal,250,multistation_rep,3,3,3,27,10,0.2379,0.0
balance_bimodal,250,multistation_rep,3,3,3,157,18,0.4223,0.0
balance_bimodal,250,multistation_rep,3,3,3,167,34,0.9932,0.0
balance_bimodal,250,multistation_rep,3,3,3,195,30,0.3345,30.0
balance_bimodal,250,multistation_rep,3,3,3,27,10,0.2379,0.0
balance_bimodal,250,multistation_rep,3,3,3,27,10,0.2379,0.0
balance_bimodal,250,multistation_rep,3,3,3,179,16,0.8839,0.0
balance_bimodal,250,multistation_rep,3,3,3,182,39,0.2755,30.0
balance_bimodal,250,multistation_rep,3,3,3,229,10,0.4557,105.0
balance_bimodal,250,multistation_rep,3,3,3,123,10,0.4557,0.0
balance_bimodal,250,multistation_rep,3,3,3,146,11,0.7113,0.0
balance_bimodal,250,multistation_rep,3,3,3,232,35,0.4791,0.0
balance_bimodal,250,multistation_rep,3,3,3,34,10,0.4557,120.0
balance_bimodal,250,multistation_rep,3,3,3,106,18,0.458,15.0
balance_bimodal,250,multistation_rep,3,3,3,232,34,0.9932,0.0
balance_bimodal,250,multistation_rep,3,3,3,53,36,0.4751,60.0
balance_bimodal,250,multistation_rep,3,3,3,232,4,0.3083,50.0
balance_bimodal,250,multistation_rep,3,3,3,110,5,0.1925,0.0
balance_bimodal,250,multistation_rep,3,3,3,22,38,0.0525,0.0
balance_bimodal,250,multistation_rep,3,3,3,110,19,0.2516,40.0
balance_bimodal,250,multistation_rep,3,3,3,123,3,0.2489,0.0
balance_bimodal,250,multistation_rep,3,3,3,159,35,0.6819,0.0
balance_bimodal,250,multistation_rep,3,3,3,159,3,0.3226,0.0
balance_bimodal,250,multistation_rep,3,3,3,163,2,0.6259,0.0
balance_bimodal,250,multistation_rep,3,3,3,203,14,0.1828,0.0
balance_bimodal,250,multistation_rep,3,3,3,52,35,1.3081,0.0
balance_bimodal,250,multistation_rep,3,3,3,92,27,0.3338,60.0
balance_bimodal,250,multistation_rep,3,3,3,163,39,0.2948,0.0
balance_bimodal,250,multistation_rep,3,3,3,198,14,0.2783,0.0
balance_bimodal,250,multistation_rep,3,3,3,52,2,0.166,0.0
balance_bimodal,250,multistation_rep,3,3,3,110,37,0.1715,5.0
balance_bimodal,250,multistation_rep,3,3,3,198,9,0.26,0.0
balance_bimodal,250,multistation_rep,3,3,3,214,5,0.5933,0.0
balance_bimodal,250,multistation_rep,3,3,3,110,14,0.4741,0.0
balance_bimodal,250,multistation_rep,3,3,3,214,19,0.7084,0.0
balance_bimodal,250,multistation_rep,3,3,3,150,10,0.4557,150.0
balance_bimodal,250,multistation_rep,3,3,3,206,17,0.7587,115.0
balance_bimodal,250,multistation_rep,3,3,3,150,2,0.6737,0.0
balance_bimodal,250,multistation_rep,3,3,3,97,13,1.1124,0.0
balance_bimodal,250,multistation_rep,3,3,3,212,27,0.3901,75.0
balance_bimodal,250,multistation_rep,3,3,3,166,15,0.9752,0.0
balance_bimodal,250,multistation_rep,3,3,3,0,10,0.5152,80.0
balance_bimodal,250,multistation_rep,3,3,3,86,26,0.4976,0.0
balance_bimodal,250,multistation_rep,3,3,3,113,19,0.7084,25.0
balance_bimodal,250,multistation_rep,3,3,3,80,7,0.8027,0.0
balance_bimodal,250,multistation_rep,3,3,3,86,13,0.2121,15.0
balance_bimodal,250,multistation_rep,3,3,3,210,39,0.2948,0.0
balance_bimodal,250,multistation_rep,3,3,3,202,4,0.3083,0.0
balance_bimodal,250,multistation_rep,3,3,3,61,30,0.1951,10.0
balance_bimodal,250,multistation_rep,3,3,3,18,35,0.3603,0.0
balance_bimodal,250,multistation_rep,3,3,3,181,4,0.1753,0.0
balance_bimodal,250,multistation_rep,3,3,3,77,16,0.2715,0.0
balance_bimodal,250,multistation_rep,3,3,3,227,36,0.1879,0.0
balance_bimodal,250,multistation_rep,3,3,3,73,39,0.2948,0.0
balance_bimodal,250,multistation_rep,3,3,3,245,17,0.3678,0.0
balance_bimodal,250,multistation_rep,3,3,3,248,30,0.1417,0.0
balance_bimodal,250,multistation_rep,3,3,3,43,18,0.458,0.0
balance_bimodal,250,multistation_rep,3,3,3,121,5,0.1124,0.0
balance_bimodal,250,multistation_rep,3,3,3,63,25,0.1235,0.0
balance_bimodal,250,multistation_rep,3,3,3,126,18,0.458,0.0
balance_bimodal,250,multistation_rep,3,3,3,63,35,0.5229,0.0
balance_bimodal,250,multistation_rep,3,3,3,150,27,0.5204,0.0
balance_bimodal,250,multistation_rep,3,3,3,194,24,0.7278,0.0
balance_bimodal,250,multistation_rep,3,3,3,236,16,0.4698,0.0
balance_bimodal,250,multistation_rep,3,3,3,12,34,0.4414,0.0
balance_bimodal,250,multistation_rep,3,3,3,194,39,0.2948,0.0
balance_bimodal,250,multistation_rep,3,3,3,82,7,0.744,0.0
balance_bimodal,250,multistation_rep,3,3,3,90,24,0.7278,0.0
balance_bimodal,250,multistation_rep,3,3,3,63,34,0.7953,30.0
balance_bimodal,250,multistation_rep,3,3,3,63,19,0.1749,15.0
balance_bimodal,250,multistation_rep,3,3,3,72,3,0.8285,0.0
balance_bimodal,250,multistation_rep,3,3,3,74,35,0.6387,0.0
balance_bimodal,250,multistation_rep,3,3,3,129,11,0.4457,10.0
balance_bimodal,250,multistation_rep,3,3,3,222,39,0.3259,0.0
balance_bimodal,250,multistation_rep,3,3,3,123,27,0.3338,25.0
balance_bimodal,250,multistation_rep,3,3,3,238,5,0.3769,0.0
balance_bimodal,250,multistation_rep,3,3,3,1,34,0.6251,5.0
balance_bimodal,250,multistation_rep,3,3,3,233,10,0.4557,0.0
balance_bimodal,250,multistation_rep,3,3,3,87,30,0.2916,45.0
balance_bimodal,250,multistation_rep,3,3,3,103,10,0.8174,30.0
balance_bimodal,250,multistation_rep,3,3,3,229,4,0.3083,145.0
balance_bimodal,250,multistation_rep,3,3,3,239,36,0.223,0.0
balance_bimodal,250,multistation_rep,3,3,3,30,17,0.7587,0.0
balance_bimodal,250,multistation_rep,3,3,3,83,33,0.586,0.0
balance_bimodal,250,multistation_rep,3,3,3,111,15,0.9752,0.0
balance_bimodal,250,multistation_rep,3,3,3,136,17,0.7587,105.0
balance_bimodal,250,multistation_rep,3,3,3,44,13,0.8629,80.0
balance_bimodal,250,multistation_rep,3,3,3,200,15,0.4423,0.0
balance_bimodal,250,multistation_rep,3,3,3,249,32,0.6832,0.0
balance_bimodal,250,multistation_rep,3,3,3,44,13,0.8629,75.0
balance_bimodal,250,multistation_rep,3,3,3,159,30,0.338,70.0
balance_bimodal,250,multistation_rep,3,3,3,155,14,0.5046,0.0
balance_bimodal,250,multistation_rep,3,3,3,51,3,0.6242,0.0
balance_bimodal,250,multistation_rep,3,3,3,155,14,0.5046,0.0
balance_bimodal,250,multistation_rep,3,3,3,51,3,0.6242,0.0
balance_bimodal,250,multistation_rep,3,3,3,66,10,0.2163,130.0
balance_bimodal,250,multistation_rep,3,3,3,132,15,0.9752,140.0
balance_bimodal,250,multistation_rep,3,3,3,224,30,0.3447,80.0
balance_bimodal,250,multistation_rep,3,3,3,224,30,0.3447,75.0
balance_bimodal,250,multistation_rep,3,3,3,29,35,0.6732,0.0
balance_bimodal,250,multistation_rep,3,3,3,9,16,0.4272,0.0
balance_bimodal,250,multistation_rep,3,3,3,13,10,0.4301,145.0
balance_bimodal,250,multistation_rep,3,3,3,33,36,0.2529,0.0
balance_bimodal,250,multistation_rep,3,3,3,15,26,0.8058,0.0
balance_bimodal,250,multistation_rep,3,3,3,59,24,0.7278,10.0
balance_bimodal,250,multistation_rep,3,3,3,206,15,0.9752,80.0
balance_bimodal,250,multistation_rep,3,3,3,186,12,0.419,0.0
balance_bimodal,250,multistation_rep,3,3,3,63,26,1.3299,0.0
balance_bimodal,250,multistation_rep,3,3,3,66,27,0.1539,0.0
balance_bimodal,250,multistation_rep,3,3,3,125,13,0.9849,10.0
balance_bimodal,250,multistation_rep,3,3,3,131,10,0.4557,115.0
balance_bimodal,250,multistation_rep,3,3,3,48,35,0.7435,0.0
balance_bimodal,250,multistation_rep,3,3,3,48,15,0.9752,140.0
balance_bimodal,250,multistation_rep,3,3,3,232,39,0.2948,0.0
balance_bimodal,250,multistation_rep,3,3,3,150,34,0.9932,35.0
balance_bimodal,250,multistation_rep,3,3,3,24,3,0.8204,0.0
balance_bimodal,250,multistation_rep,3,3,3,182,11,0.4371,0.0
balance_bimodal,250,multistation_rep,3,3,3,160,10,0.4557,10.0
balance_bimodal,250,multistation_rep,3,3,3,16,19,0.7184,0.0
balance_bimodal,250,multistation_rep,3,3,3,151,33,0.5819,0.0
balance_bimodal,250,multistation_rep,3,3,3,45,39,0.3988,0.0
balance_bimodal,250,multistation_rep,3,3,3,150,5,0.4986,5.0
balance_bimodal,250,multistation_rep,3,3,3,176,7,0.2034,0.0
balance_bimodal,250,multistation_rep,3,3,3,247,17,0.7587,50.0
balance_bimodal,250,multistation_rep,3,3,3,150,10,0.4557,90.0
balance_bimodal,250,multistation_rep,3,3,3,64,38,0.224,0.0
balance_bimodal,250,multistation_rep,3,3,3,79,27,0.3957,5.0
balance_bimodal,250,multistation_rep,3,3,3,34,30,0.3274,0.0
balance_bimodal,250,multistation_rep,3,3,3,42,38,0.728,0.0
balance_bimodal,250,multistation_rep,3,3,3,137,19,0.7084,0.0
balance_bimodal,250,multistation_rep,3,3,3,48,15,0.186,40.0
balance_bimodal,250,multistation_rep,3,3,3,241,34,0.9932,5.0
balance_bimodal,250,multistation_rep,3,3,3,93,18,0.2401,0.0
balance_bimodal,250,multistation_rep,3,3,3,185,2,0.8574,0.0
balance_bimodal,250,multistation_rep,3,3,3,185,24,0.7278,0.0
balance_bimodal,250,multistation_rep,3,3,3,11,14,0.5856,5.0
balance_bimodal,250,multistation_rep,3,3,3,96,14,0.4075,5.0
balance_bimodal,250,multistation_rep,3,3,3,165,27,0.3338,100.0
balance_bimodal,250,multistation_rep,3,3,3,218,35,0.6153,0.0
balance_bimodal,250,multistation_rep,3,3,3,175,10,0.4241,30.0
balance_bimodal,250,multistation_rep,3,3,3,84,29,0.7251,0.0
balance_bimodal,250,multistation_rep,3,3,3,139,26,0.2319,0.0
balance_bimodal,250,multistation_rep,3,3,3,167,17,0.7587,140.0
balance_bimodal,250,multistation_rep,3,3,3,47,4,0.3369,0.0
balance_bimodal,250,multistation_rep,3,3,3,59,17,0.7587,65.0
balance_bimodal,250,multistation_rep,3,3,3,228,11,0.4638,0.0
balance_bimodal,250,multistation_rep,3,3,3,32,11,0.7113,0.0
balance_bimodal,250,multistation_rep,3,3,3,109,5,0.0841,0.0
balance_bimodal,250,multistation_rep,3,3,3,194,34,0.9252,0.0
balance_bimodal,250,multistation_rep,3,3,3,227,17,0.7587,60.0
balance_bimodal,250,multistation_rep,3,3,3,223,30,0.3447,5.0
balance_bimodal,250,multistation_rep,3,3,3,172,36,0.2061,0.0
balance_bimodal,250,multistation_rep,3,3,3,225,15,0.9752,25.0
balance_bimodal,250,multistation_rep,3,3,3,242,24,0.2071,0.0
balance_bimodal,250,multistation_rep,3,3,3,13,13,0.8408,0.0
balance_bimodal,250,multistation_rep,3,3,3,35,35,0.6001,0.0
balance_bimodal,250,multistation_rep,3,3,3,35,15,0.93,80.0
balance_bimodal,250,multistation_rep,3,3,3,67,5,0.3162,0.0
balance_bimodal,250,multistation_rep,3,3,3,26,39,0.0747,50.0
balance_bimodal,250,multistation_rep,3,3,3,67,5,0.3621,0.0
balance_bimodal,250,multistation_rep,3,3,3,26,39,0.0747,35.0
balance_bimodal,250,multistation_rep,3,3,3,101,19,0.3163,5.0
balance_bimodal,250,multistation_rep,3,3,3,104,30,0.3447,0.0
balance_bimodal,250,multistation_rep,3,3,3,168,35,0.4498,0.0
balance_bimodal,250,multistation_rep,3,3,3,132,7,0.6969,0.0
balance_bimodal,250,multistation_rep,3,3,3,207,34,0.9932,30.0
balance_bimodal,250,multistation_rep,3,3,3,221,13,0.861,0.0
balance_bimodal,250,multistation_rep,3,3,3,8,18,0.458,0.0
balance_bimodal,250,multistation_rep,3,3,3,180,19,0.7084,0.0
balance_bimodal,250,multistation_rep,3,3,3,8,18,0.7141,0.0
balance_bimodal,250,multistation_rep,3,3,3,140,17,0.7195,10.0
balance_bimodal,250,multistation_rep,3,3,3,140,27,0.2398,40.0
balance_bimodal,250,multistation_rep,3,3,3,8,18,0.6444,0.0
balance_bimodal,250,multistation_rep,3,3,3,20,35,0.7343,0.0
balance_bimodal,250,multistation_rep,3,3,3,65,35,0.9277,0.0
balance_bimodal,250,multistation_rep,3,3,3,191,2,0.5908,0.0
balance_bimodal,250,multistation_rep,3,3,3,240,4,0.3083,5.0
balance_bimodal,250,multistation_rep,3,3,3,8,14,0.6214,0.0
balance_bimodal,250,multistation_rep,3,3,3,171,17,0.7587,5.0
balance_bimodal,250,multistation_rep,3,3,3,148,17,0.6766,55.0
balance_bimodal,250,multistation_rep,3,3,3,62,11,0.7113,45.0
balance_bimodal,250,multistation_rep,3,3,3,88,30,0.3398,10.0
balance_bimodal,250,multistation_rep,3,3,3,8,10,0.4448,90.0
balance_bimodal,250,multistation_rep,3,3,3,8,10,0.4448,65.0
balance_bimodal,250,multistation_rep,3,3,3,177,5,0.5188,0.0
balance_bimodal,250,multistation_rep,3,3,3,167,18,0.458,0.0
balance_bimodal,250,multistation_rep,3,3,3,124,18,0.4148,0.0
balance_bimodal,250,multistation_rep,3,3,3,56,33,0.5736,0.0
balance_bimodal,250,multistation_rep,3,3,3,60,36,0.5278,25.0
balance_bimodal,250,multistation_rep,3,3,3,147,33,0.9032,0.0
balance_bimodal,250,multistation_rep,3,3,3,197,27,0.3338,130.0
balance_bimodal,250,multistation_rep,3,3,3,144,27,0.3338,35.0
balance_bimodal,250,multistation_rep,3,3,3,28,13,0.8934,10.0
balance_bimodal,250,multistation_rep,3,3,3,144,27,0.3338,75.0
balance_bimodal,250,multistation_rep,3,3,3,158,7,0.8026,0.0
balance_bimodal,250,multistation_rep,3,3,3,40,14,0.5809,0.0
balance_bimodal,250,multistation_rep,3,3,3,169,9,0.2133,0.0
balance_bimodal,250,multistation_rep,3,3,3,190,39,0.2948,0.0
balance_bimodal,250,multistation_rep,3,3,3,117,10,0.4557,150.0
balance_bimodal,250,multistation_rep,3,3,3,212,4,0.3083,0.0
balance_bimodal,250,multistation_rep,3,3,3,117,10,0.4557,145.0
balance_bimodal,250,multistation_rep,3,3,3,217,11,0.4711,75.0
balance_bimodal,250,multistation_rep,3,3,3,107,29,0.8243,0.0
balance_bimodal,250,multistation_rep,3,3,3,117,17,0.7587,95.0
balance_bimodal,250,multistation_rep,3,3,3,209,10,0.3046,120.0
balance_bimodal,250,multistation_rep,3,3,3,87,26,1.3299,0.0
balance_bimodal,250,multistation_rep,3,3,3,32,34,0.9932,0.0
balance_bimodal,250,multistation_rep,3,3,3,94,11,0.4364,35.0
balance_bimodal,250,multistation_rep,3,3,3,217,11,0.4368,5.0
balance_bimodal,250,multistation_rep,3,3,3,131,5,0.7649,20.0
balance_bimodal,250,multistation_rep,3,3,3,164,15,0.9752,95.0
balance_bimodal,250,multistation_rep,3,3,3,76,3,1.1501,0.0
balance_bimodal,250,multistation_rep,3,3,3,0,1,0.7462,0.0
balance_bimodal,250,multistation_rep,3,3,3,119,35,0.4359,20.0
balance_bimodal,250,multistation_rep,3,3,3,231,18,0.458,0.0
balance_bimodal,250,multistation_rep,3,3,3,13,13,0.919,20.0
balance_bimodal,250,multistation_rep,3,3,3,161,27,0.3338,35.0
balance_bimodal,250,multistation_rep,3,3,3,13,13,0.7788,0.0
balance_bimodal,250,multistation_rep,3,3,3,192,4,0.3083,0.0
balance_bimodal,250,multistation_rep,3,3,3,195,39,0.2948,30.0
balance_bimodal,250,multistation_rep,3,3,3,68,39,0.928,35.0
balance_bimodal,250,multistation_rep,3,3,3,195,15,0.9752,45.0
balance_bimodal,250,multistation_rep,3,3,3,68,34,0.9434,45.0
balance_bimodal,250,multistation_rep,3,3,3,154,19,0.7084,10.0
balance_bimodal,250,multistation_rep,3,3,3,180,18,0.458,0.0
balance_bimodal,250,multistation_rep,3,3,3,2,39,0.8449,35.0
balance_bimodal,250,multistation_rep,3,3,3,161,27,0.3309,0.0
balance_bimodal,250,multistation_rep,3,3,3,220,10,0.4557,95.0
balance_bimodal,250,multistation_rep,3,3,3,13,24,0.7858,0.0
balance_bimodal,250,multistation_rep,3,3,3,180,15,0.5985,165.0
balance_bimodal,250,multistation_rep,3,3,3,167,35,1.3081,15.0
balance_bimodal,250,multistation_rep,3,3,3,89,18,0.3936,0.0
balance_bimodal,250,multistation_rep,3,3,3,35,29,0.9548,0.0
balance_bimodal,250,multistation_rep,3,3,3,163,29,0.7198,0.0
balance_bimodal,250,multistation_rep,3,3,3,18,18,0.2355,0.0
balance_bimodal,250,multistation_rep,3,3,3,89,35,0.928,145.0
balance_bimodal,250,multistation_rep,3,3,3,71,15,0.9752,225.0
balance_bimodal,250,multistation_rep,3,3,3,167,22,0.6816,0.0
balance_bimodal,250,multistation_rep,3,3,3,167,33,0.9665,0.0
balance_bimodal,250,multistation_rep,3,3,3,31,2,0.7489,0.0
balance_bimodal,250,multistation_rep,3,3,3,124,4,0.6206,0.0
balance_bimodal,250,multistation_rep,3,3,3,167,27,0.3338,25.0
balance_bimodal,250,multistation_rep,3,3,3,196,27,0.3257,50.0
balance_bimodal,250,multistation_rep,3,3,3,97,4,0.8475,25.0
balance_bimodal,250,multistation_rep,3,3,3,198,24,0.6454,0.0
balance_bimodal,250,multistation_rep,3,3,3,199,15,0.8072,230.0
balance_bimodal,250,multistation_rep,3,3,3,156,17,0.355,0.0
balance_bimodal,250,multistation_rep,3,3,3,124,34,0.9529,125.0
balance_bimodal,250,multistation_rep,3,3,3,227,3,0.6053,55.0
balance_bimodal,250,multistation_rep,3,3,3,43,36,1.1436,65.0
balance_bimodal,250,multistation_rep,3,3,3,167,19,0.1511,0.0
balance_bimodal,250,multistation_rep,3,3,3,230,4,0.4195,0.0
balance_bimodal,250,multistation_rep,3,3,3,242,36,0.6006,55.0
balance_bimodal,250,multistation_rep,3,3,3,27,10,0.4264,0.0
balance_bimodal,250,multistation_rep,3,3,3,100,36,0.3717,30.0
balance_bimodal,250,multistation_rep,3,3,3,167,38,0.1904,0.0
balance_bimodal,250,multistation_rep,3,3,3,105,27,0.3338,0.0
balance_bimodal,250,multistation_rep,3,3,3,105,19,0.7084,150.0
balance_bimodal,250,multistation_rep,3,3,3,146,27,0.3338,10.0
balance_bimodal,250,multistation_rep,3,3,3,143,10,0.3747,5.0
balance_bimodal,250,multistation_rep,3,3,3,106,32,0.4959,0.0
balance_bimodal,250,multistation_rep,3,3,3,116,26,0.3744,0.0
balance_bimodal,250,multistation_rep,3,3,3,135,33,0.2058,0.0
balance_bimodal,250,multistation_rep,3,3,3,135,14,0.4436,0.0
balance_bimodal,250,multistation_rep,3,3,3,89,27,0.409,20.0
balance_bimodal,250,multistation_rep,3,3,3,100,30,0.1947,0.0
balance_bimodal,250,multistation_rep,3,3,3,135,5,0.4977,5.0
balance_bimodal,250,multistation_rep,3,3,3,100,15,0.8149,120.0
balance_bimodal,250,multistation_rep,3,3,3,173,36,0.6442,20.0
balance_bimodal,250,multistation_rep,3,3,3,219,39,0.7578,25.0
balance_bimodal,250,multistation_rep,3,3,3,180,3,0.9501,10.0
balance_bimodal,250,multistation_rep,3,3,3,206,16,0.3086,0.0
balance_bimodal,250,multistation_rep,3,3,3,37,19,0.0881,0.0
balance_bimodal,250,multistation_rep,3,3,3,89,27,0.3309,15.0
balance_bimodal,250,multistation_rep,3,3,3,98,35,0.583,0.0
balance_bimodal,250,multistation_rep,3,3,3,160,36,0.2261,0.0
balance_bimodal,250,multistation_rep,3,3,3,55,10,0.4557,120.0
balance_bimodal,250,multistation_rep,3,3,3,130,18,0.6174,0.0
balance_bimodal,250,multistation_rep,3,3,3,236,14,0.0294,0.0
balance_bimodal,250,multistation_rep,3,3,3,52,27,0.3338,0.0
balance_bimodal,250,multistation_rep,3,3,3,123,30,0.1815,0.0
balance_bimodal,250,multistation_rep,3,3,3,128,30,0.3447,0.0
balance_bimodal,250,multistation_rep,3,3,3,63,13,0.7999,0.0
balance_bimodal,250,multistation_rep,3,3,3,71,29,0.5081,0.0
balance_bimodal,250,multistation_rep,3,3,3,127,15,0.4866,10.0
balance_bimodal,250,multistation_rep,3,3,3,97,11,0.7113,5.0
balance_bimodal,250,multistation_rep,3,3,3,32,39,0.2948,0.0
balance_bimodal,250,multistation_rep,3,3,3,204,14,0.4121,5.0
balance_bimodal,250,multistation_rep,3,3,3,214,7,0.6862,0.0
balance_bimodal,250,multistation_rep,3,3,3,199,27,0.3338,45.0
balance_bimodal,250,multistation_rep,3,3,3,244,11,0.7113,70.0
balance_bimodal,250,multistation_rep,3,3,3,71,35,0.314,15.0
balance_bimodal,250,multistation_rep,3,3,3,215,1,0.0783,0.0
balance_bimodal,250,multistation_rep,3,3,3,216,14,0.6787,0.0
balance_bimodal,250,multistation_rep,3,3,3,71,35,0.314,0.0
balance_bimodal,250,multistation_rep,3,3,3,162,34,0.952,100.0
balance_bimodal,250,multistation_rep,3,3,3,71,6,0.035,0.0
balance_bimodal,250,multistation_rep,3,3,3,145,10,0.4557,85.0
balance_bimodal,250,multistation_rep,3,3,3,165,4,0.2819,0.0
balance_bimodal,250,multistation_rep,3,3,3,27,11,0.7113,55.0
balance_bimodal,250,multistation_rep,3,3,3,204,7,0.7523,0.0
balance_bimodal,250,multistation_rep,3,3,3,6,17,0.7587,60.0
balance_bimodal,250,multistation_rep,3,3,3,210,35,0.5681,5.0
balance_bimodal,250,multistation_rep,3,3,3,215,38,0.0836,0.0
balance_bimodal,250,multistation_rep,3,3,3,210,2,0.6949,0.0
balance_bimodal,250,multistation_rep,3,3,3,189,34,0.9932,40.0
balance_bimodal,250,multistation_rep,3,3,3,239,10,0.4247,90.0
balance_bimodal,250,multistation_rep,3,3,3,217,38,0.2423,0.0
balance_bimodal,250,multistation_rep,3,3,3,237,34,0.7279,90.0
balance_bimodal,250,multistation_rep,3,3,3,102,26,0.7301,0.0
balance_bimodal,250,multistation_rep,3,3,3,127,15,0.8344,65.0
balance_bimodal,250,multistation_rep,3,3,3,160,36,0.1886,30.0
balance_bimodal,250,multistation_rep,3,3,3,182,3,0.6822,20.0
balance_bimodal,250,multistation_rep,3,3,3,19,5,0.8604,35.0
balance_bimodal,250,multistation_rep,3,3,3,29,11,0.502,5.0
balance_bimodal,250,multistation_rep,3,3,3,134,16,0.2441,0.0
balance_bimodal,250,multistation_rep,3,3,3,134,13,0.9958,0.0
balance_bimodal,250,multistation_rep,3,3,3,166,24,0.3717,0.0
balance_bimodal,250,multistation_rep,3,3,3,104,17,0.3927,15.0
balance_bimodal,250,multistation_rep,3,3,3,224,0,0.1499,0.0
balance_bimodal,250,multistation_rep,3,3,3,238,29,0.2959,0.0
balance_bimodal,250,multistation_rep,3,3,3,124,10,0.4195,100.0
balance_bimodal,250,multistation_rep,3,3,3,44,35,0.6336,0.0
balance_bimodal,250,multistation_rep,3,3,3,86,16,0.6057,0.0
balance_bimodal,250,multistation_rep,3,3,3,151,13,0.9078,0.0
balance_bimodal,250,multistation_rep,3,3,3,7,17,0.7587,70.0
balance_bimodal,250,multistation_rep,3,3,3,74,17,0.7587,115.0
balance_bimodal,250,multistation_rep,3,3,3,22,19,0.7084,25.0
balance_bimodal,250,multistation_rep,3,3,3,86,30,0.3692,0.0
balance_bimodal,250,multistation_rep,3,3,3,86,1,0.5388,0.0
balance_bimodal,250,multistation_rep,3,3,3,179,19,0.7084,30.0
balance_bimodal,250,multistation_rep,3,3,3,86,3,0.8373,0.0
balance_bimodal,250,multistation_rep,3,3,3,150,7,0.3582,0.0
balance_bimodal,250,multistation_rep,3,3,3,157,27,0.3338,50.0
balance_bimodal,250,multistation_rep,3,3,3,21,4,0.3083,0.0
balance_bimodal,250,multistation_rep,3,3,3,4,1,0.1037,0.0
balance_bimodal,250,multistation_rep,3,3,3,43,32,0.3688,0.0
balance_bimodal,250,multistation_rep,3,3,3,209,10,0.4557,180.0
balance_bimodal,250,multistation_rep,3,3,3,210,34,0.3811,65.0
balance_bimodal,250,multistation_rep,3,3,3,27,15,0.9752,25.0
balance_bimodal,250,multistation_rep,3,3,3,89,14,0.2166,0.0
balance_bimodal,250,multistation_rep,3,3,3,248,34,0.4885,60.0
balance_bimodal,250,multistation_rep,3,3,3,11,34,0.9932,125.0
balance_bimodal,250,multistation_rep,3,3,3,144,14,0.1054,0.0
balance_bimodal,250,multistation_rep,3,3,3,245,11,0.7158,0.0
balance_bimodal,250,multistation_rep,3,3,3,152,13,0.8505,0.0
balance_bimodal,250,multistation_rep,3,3,3,207,20,0.4599,0.0
balance_bimodal,250,multistation_rep,3,3,3,73,35,0.5375,0.0
balance_bimodal,250,multistation_rep,3,3,3,113,29,0.9571,0.0
balance_bimodal,250,multistation_rep,3,3,3,50,36,0.1673,80.0
balance_bimodal,250,multistation_rep,3,3,3,72,15,0.9326,90.0
balance_bimodal,250,multistation_rep,3,3,3,200,35,1.3081,0.0
balance_bimodal,250,multistation_rep,3,3,3,72,19,0.4642,45.0
balance_bimodal,250,multistation_rep,3,3,3,200,18,0.9678,15.0
balance_bimodal,250,multistation_rep,3,3,3,249,18,0.7656,0.0
balance_bimodal,250,multistation_rep,3,3,3,34,18,0.3698,0.0
balance_bimodal,250,multistation_rep,3,3,3,72,15,0.9752,60.0
balance_bimodal,250,multistation_rep,3,3,3,249,26,0.5301,0.0
balance_bimodal,250,multistation_rep,3,3,3,14,4,0.3083,20.0
balance_bimodal,250,multistation_rep,3,3,3,136,24,0.3715,0.0
balance_bimodal,250,multistation_rep,3,3,3,249,26,0.5301,5.0
balance_bimodal,250,multistation_rep,3,3,3,93,5,0.5075,0.0
balance_bimodal,250,multistation_rep,3,3,3,113,16,0.4292,0.0
balance_bimodal,250,multistation_rep,3,3,3,79,22,0.3444,0.0
balance_bimodal,250,multistation_rep,3,3,3,90,26,0.4784,0.0
balance_bimodal,250,multistation_rep,3,3,3,249,1,0.3568,0.0
balance_bimodal,250,multistation_rep,3,3,3,117,13,0.8626,0.0
balance_bimodal,250,multistation_rep,3,3,3,72,29,0.4895,0.0
balance_bimodal,250,multistation_rep,3,3,3,3,29,0.3359,0.0
balance_bimodal,250,multistation_rep,3,3,3,14,30,0.2296,0.0
balance_bimodal,250,multistation_rep,3,3,3,72,29,0.3417,0.0
balance_bimodal,250,multistation_rep,3,3,3,111,11,0.1736,0.0
balance_bimodal,250,multistation_rep,3,3,3,203,36,0.46,20.0
balance_bimodal,250,multistation_rep,3,3,3,121,15,0.9752,0.0
balance_bimodal,250,multistation_rep,3,3,3,96,10,0.442,15.0
balance_bimodal,250,multistation_rep,3,3,3,74,39,0.2948,0.0
balance_bimodal,250,multistation_rep,3,3,3,16,10,0.4557,90.0
balance_bimodal,250,multistation_rep,3,3,3,33,39,0.1983,0.0
balance_bimodal,250,multistation_rep,3,3,3,74,36,0.3879,95.0
balance_bimodal,250,multistation_rep,3,3,3,110,39,0.21,0.0
balance_bimodal,250,multistation_rep,3,3,3,140,2,0.7908,0.0
balance_bimodal,250,multistation_rep,3,3,3,81,39,0.1289,95.0
balance_bimodal,250,multistation_rep,3,3,3,140,8,0.2903,0.0
balance_bimodal,250,multistation_rep,3,3,3,155,34,0.9932,15.0
balance_bimodal,250,multistation_rep,3,3,3,187,27,0.3338,0.0
balance_bimodal,250,multistation_rep,3,3,3,202,27,0.3338,35.0
balance_bimodal,250,multistation_rep,3,3,3,59,17,0.7587,90.0
balance_bimodal,250,multistation_rep,3,3,3,59,4,0.3083,0.0
balance_bimodal,250,multistation_rep,3,3,3,61,19,0.2172,0.0
balance_bimodal,250,multistation_rep,3,3,3,155,34,0.3767,0.0
balance_bimodal,250,multistation_rep,3,3,3,9,32,0.2016,0.0
balance_bimodal,250,multistation_rep,3,3,3,196,19,0.2325,0.0
balance_bimodal,250,multistation_rep,3,3,3,196,19,0.2325,0.0
balance_bimodal,250,multistation_rep,3,3,3,162,34,0.7772,0.0
balance_bimodal,250,multistation_rep,3,3,3,125,11,0.5615,0.0
balance_bimodal,250,multistation_rep,3,3,3,137,16,0.1552,0.0
balance_bimodal,250,multistation_rep,3,3,3,70,16,0.3142,0.0
balance_bimodal,250,multistation_rep,3,3,3,83,17,0.7587,55.0
balance_bimodal,250,multistation_rep,3,3,3,103,35,0.4057,0.0
balance_bimodal,250,multistation_rep,3,3,3,209,27,0.3338,135.0
balance_bimodal,250,multistation_rep,3,3,3,159,4,0.3083,0.0
balance_bimodal,250,multistation_rep,3,3,3,241,2,0.6017,0.0
balance_bimodal,250,multistation_rep,3,3,3,6,14,0.0747,0.0
balance_bimodal,250,multistation_rep,3,3,3,84,39,0.2948,5.0
balance_bimodal,250,multistation_rep,3,3,3,215,24,0.3827,5.0
balance_bimodal,250,multistation_rep,3,3,3,215,15,0.3162,0.0
balance_bimodal,250,multistation_rep,3,3,3,82,22,0.0601,0.0
balance_bimodal,250,multistation_rep,3,3,3,126,17,0.3531,15.0
balance_bimodal,250,multistation_rep,3,3,3,181,10,0.4172,95.0
balance_bimodal,250,multistation_rep,3,3,3,196,15,0.9752,0.0
balance_bimodal,250,multistation_rep,3,3,3,101,30,0.3447,0.0
balance_bimodal,250,multistation_rep,3,3,3,218,10,0.4557,90.0
balance_bimodal,250,multistation_rep,3,3,3,240,32,0.5763,0.0
balance_bimodal,250,multistation_rep,3,3,3,222,11,0.4774,25.0
balance_bimodal,250,multistation_rep,3,3,3,64,3,0.6011,0.0
balance_bimodal,250,multistation_rep,3,3,3,51,17,0.7587,75.0
balance_bimodal,250,multistation_rep,3,3,3,197,35,0.911,0.0
balance_bimodal,250,multistation_rep,3,3,3,1,34,0.9932,20.0
balance_bimodal,250,multistation_rep,3,3,3,55,18,0.2349,0.0
balance_bimodal,250,multistation_rep,3,3,3,77,20,0.237,0.0
balance_bimodal,250,multistation_rep,3,3,3,161,33,0.2249,0.0
balance_bimodal,250,multistation_rep,3,3,3,210,10,0.4557,105.0
balance_bimodal,250,multistation_rep,3,3,3,210,10,0.4359,70.0
balance_bimodal,250,multistation_rep,3,3,3,210,10,0.4557,95.0
balance_bimodal,250,multistation_rep,3,3,3,210,10,0.4557,70.0
balance_bimodal,250,multistation_rep,3,3,3,164,27,0.3312,0.0
balance_bimodal,250,multistation_rep,3,3,3,225,3,0.3449,0.0
balance_bimodal,250,multistation_rep,3,3,3,11,19,0.2064,0.0
balance_bimodal,250,multistation_rep,3,3,3,30,13,0.963,0.0
balance_bimodal,250,multistation_rep,3,3,3,106,14,0.1462,5.0
balance_bimodal,250,multistation_rep,3,3,3,227,38,0.6158,0.0
balance_bimodal,250,multistation_rep,3,3,3,100,36,0.9892,0.0
balance_bimodal,250,multistation_rep,3,3,3,66,1,0.5298,0.0
balance_bimodal,250,multistation_rep,3,3,3,66,1,0.0931,0.0
balance_bimodal,250,multistation_rep,3,3,3,74,36,0.3709,0.0
balance_bimodal,250,multistation_rep,3,3,3,186,27,0.3338,0.0
balance_bimodal,250,multistation_rep,3,3,3,169,35,0.295,0.0
balance_bimodal,250,multistation_rep,3,3,3,74,37,0.2562,0.0
balance_bimodal,250,multistation_rep,3,3,3,97,13,0.8445,10.0
balance_bimodal,250,multistation_rep,3,3,3,176,10,0.4557,75.0
balance_bimodal,250,multistation_rep,3,3,3,191,34,0.8708,0.0
balance_bimodal,250,multistation_rep,3,3,3,18,30,0.161,5.0
balance_bimodal,250,multistation_rep,3,3,3,148,38,0.9836,0.0
balance_bimodal,250,multistation_rep,3,3,3,176,10,0.4557,65.0
balance_bimodal,250,multistation_rep,3,3,3,56,36,0.2405,0.0
balance_bimodal,250,multistation_rep,3,3,3,19,17,0.7587,25.0
balance_bimodal,250,multistation_rep,3,3,3,175,10,0.4557,220.0
balance_bimodal,250,multistation_rep,3,3,3,132,3,0.728,0.0
balance_bimodal,250,multistation_rep,3,3,3,190,26,1.3299,0.0
balance_bimodal,250,multistation_rep,3,3,3,156,39,0.177,0.0
balance_bimodal,250,multistation_rep,3,3,3,221,34,0.9932,60.0
balance_bimodal,250,multistation_rep,3,3,3,221,29,0.7535,0.0
balance_bimodal,250,multistation_rep,3,3,3,47,15,0.7167,70.0
balance_bimodal,250,multistation_rep,3,3,3,247,4,0.6651,5.0
balance_bimodal,250,multistation_rep,3,3,3,212,34,0.9537,45.0
balance_bimodal,250,multistation_rep,3,3,3,110,15,0.9752,125.0
balance_bimodal,250,multistation_rep,3,3,3,87,30,0.1517,0.0
balance_bimodal,250,multistation_rep,3,3,3,48,29,0.5484,0.0
balance_bimodal,250,multistation_rep,3,3,3,81,36,0.2961,20.0
balance_bimodal,250,multistation_rep,3,3,3,176,10,0.1833,40.0
balance_bimodal,250,multistation_rep,3,3,3,48,29,0.7054,0.0
balance_bimodal,250,multistation_rep,3,3,3,158,39,0.4507,0.0
balance_bimodal,250,multistation_rep,3,3,3,233,3,0.5007,45.0
balance_bimodal,250,multistation_rep,3,3,3,19,13,0.86,30.0
balance_bimodal,250,multistation_rep,3,3,3,158,34,0.9932,110.0
balance_bimodal,250,multistation_rep,3,3,3,228,15,0.9752,155.0
balance_bimodal,250,multistation_rep,3,3,3,0,39,0.1773,0.0
balance_bimodal,250,multistation_rep,3,3,3,53,27,0.0871,25.0
balance_bimodal,250,multistation_rep,3,3,3,176,10,0.4172,0.0
balance_bimodal,250,multistation_rep,3,3,3,48,29,0.7054,0.0
balance_bimodal,250,multistation_rep,3,3,3,176,2,0.75,0.0
balance_bimodal,250,multistation_rep,3,3,3,2,34,0.9932,100.0
balance_bimodal,250,multistation_rep,3,3,3,15,19,0.4984,0.0
balance_bimodal,250,multistation_rep,3,3,3,129,36,0.6746,90.0
balance_bimodal,250,multistation_rep,3,3,3,223,20,0.4102,0.0
balance_bimodal,250,multistation_rep,3,3,3,147,12,0.4032,0.0
balance_bimodal,250,multistation_rep,3,3,3,223,32,0.3721,0.0
balance_bimodal,250,multistation_rep,3,3,3,53,19,0.062,155.0
balance_bimodal,250,multistation_rep,3,3,3,139,19,0.6865,0.0
balance_bimodal,250,multistation_rep,3,3,3,48,11,0.4599,0.0
balance_bimodal,250,multistation_rep,3,3,3,48,17,0.5487,0.0
balance_bimodal,250,multistation_rep,3,3,3,8,10,0.4557,165.0
balance_bimodal,250,multistation_rep,3,3,3,12,10,0.4362,95.0
balance_bimodal,250,multistation_rep,3,3,3,194,7,0.1945,0.0
balance_bimodal,250,multistation_rep,3,3,3,68,27,0.331,0.0
balance_bimodal,250,multistation_rep,3,3,3,45,15,0.9752,125.0
balance_bimodal,250,multistation_rep,3,3,3,24,30,0.1153,0.0
balance_bimodal,250,multistation_rep,3,3,3,98,18,0.264,0.0
balance_bimodal,250,multistation_rep,3,3,3,94,15,0.7764,135.0
balance_bimodal,250,multistation_rep,3,3,3,217,16,0.2902,0.0
balance_bimodal,250,multistation_rep,3,3,3,13,11,0.4706,0.0
balance_bimodal,250,multistation_rep,3,3,3,110,32,0.2395,0.0
balance_bimodal,250,multistation_rep,3,3,3,13,27,0.3338,0.0
balance_bimodal,250,multistation_rep,3,3,3,110,16,0.3238,0.0
balance_bimodal,250,multistation_rep,3,3,3,62,39,0.2948,0.0
balance_bimodal,250,multistation_rep,3,3,3,236,17,0.642,40.0
balance_bimodal,250,multistation_rep,3,3,3,124,14,0.3534,0.0
balance_bimodal,250,multistation_rep,3,3,3,209,27,0.3341,190.0
balance_bimodal,250,multistation_rep,3,3,3,219,7,0.6749,0.0
balance_bimodal,250,multistation_rep,3,3,3,124,25,0.1515,0.0
balance_bimodal,250,multistation_rep,3,3,3,63,3,0.6081,5.0
balance_bimodal,250,multistation_rep,3,3,3,109,11,0.5616,0.0
balance_bimodal,250,multistation_rep,3,3,3,127,11,0.4651,0.0
balance_bimodal,250,multistation_rep,3,3,3,63,28,0.035,0.0
balance_bimodal,250,multistation_rep,3,3,3,163,11,0.7113,0.0
balance_bimodal,250,multistation_rep,3,3,3,28,27,0.3338,90.0
balance_bimodal,250,multistation_rep,3,3,3,232,24,0.3417,0.0
balance_bimodal,250,multistation_rep,3,3,3,192,39,0.5418,0.0
balance_bimodal,250,multistation_rep,3,3,3,107,15,0.5331,125.0
balance_bimodal,250,multistation_rep,3,3,3,245,4,0.3083,0.0
balance_bimodal,250,multistation_rep,3,3,3,29,12,0.1915,0.0
balance_bimodal,250,multistation_rep,3,3,3,172,34,0.9932,15.0
balance_bimodal,250,multistation_rep,3,3,3,198,19,0.7084,10.0
balance_bimodal,250,multistation_rep,3,3,3,65,13,0.9568,0.0
balance_bimodal,250,multistation_rep,3,3,3,105,16,0.3266,20.0
balance_bimodal,250,multistation_rep,3,3,3,177,36,0.9429,0.0
balance_bimodal,250,multistation_rep,3,3,3,2,30,0.1541,5.0
balance_bimodal,250,multistation_rep,3,3,3,105,17,0.7364,20.0
balance_bimodal,250,multistation_rep,3,3,3,143,30,0.3447,0.0
balance_bimodal,250,multistation_rep,3,3,3,248,15,0.9752,125.0
balance_bimodal,250,multistation_rep,3,3,3,42,4,0.3083,0.0
balance_bimodal,250,multistation_rep,3,3,3,145,15,0.9752,130.0
balance_bimodal,250,multistation_rep,3,3,3,231,11,0.7113,105.0
balance_bimodal,250,multistation_rep,3,3,3,224,7,0.6759,0.0
balance_bimodal,250,multistation_rep,3,3,3,131,18,0.2619,0.0
balance_bimodal,250,multistation_rep,3,3,3,163,14,0.3067,0.0
balance_bimodal,250,multistation_rep,3,3,3,241,2,0.872,0.0
balance_bimodal,250,multistation_rep,3,3,3,50,10,0.7413,5.0
balance_bimodal,250,multistation_rep,3,3,3,96,36,0.5762,5.0
balance_bimodal,250,multistation_rep,3,3,3,231,11,0.4368,0.0
balance_bimodal,250,multistation_rep,3,3,3,135,5,0.6776,0.0
balance_bimodal,250,multistation_rep,3,3,3,80,36,0.6827,0.0
balance_bimodal,250,multistation_rep,3,3,3,180,19,0.7084,90.0
balance_bimodal,250,multistation_rep,3,3,3,80,18,0.458,5.0
balance_bimodal,250,multistation_rep,3,3,3,179,22,0.0142,0.0
balance_bimodal,250,multistation_rep,3,3,3,119,30,0.3447,0.0
balance_bimodal,250,multistation_rep,3,3,3,97,37,0.0886,0.0
balance_bimodal,250,multistation_rep,3,3,3,195,16,0.4134,0.0
balance_bimodal,250,multistation_rep,3,3,3,31,2,0.3514,0.0
balance_bimodal,250,multistation_rep,3,3,3,206,35,0.4926,0.0
balance_bimodal,250,multistation_rep,3,3,3,97,27,0.3352,20.0
balance_bimodal,250,multistation_rep,3,3,3,190,15,0.9752,45.0
balance_bimodal,250,multistation_rep,3,3,3,218,10,0.4181,35.0
balance_bimodal,250,multistation_rep,3,3,3,182,27,0.3338,155.0
balance_bimodal,250,multistation_rep,3,3,3,185,31,0.2996,0.0
balance_bimodal,250,multistation_rep,3,3,3,207,32,0.0946,0.0
balance_bimodal,250,multistation_rep,3,3,3,228,3,0.4386,0.0
balance_bimodal,250,multistation_rep,3,3,3,43,4,0.3083,0.0
balance_bimodal,250,multistation_rep,3,3,3,93,12,0.2518,0.0
balance_bimodal,250,multistation_rep,3,3,3,93,16,0.6744,0.0
balance_bimodal,250,multistation_rep,3,3,3,123,34,0.9324,0.0
balance_bimodal,250,multistation_rep,3,3,3,218,10,0.1833,5.0
balance_bimodal,250,multistation_rep,3,3,3,216,20,0.4918,0.0
balance_bimodal,250,multistation_rep,3,3,3,43,17,0.5257,0.0
balance_bimodal,250,multistation_rep,3,3,3,20,14,0.3718,0.0
balance_bimodal,250,multistation_rep,3,3,3,43,5,0.8098,0.0
balance_bimodal,250,multistation_rep,3,3,3,111,34,0.556,0.0
balance_bimodal,250,multistation_rep,3,3,3,88,10,0.7722,0.0
balance_bimodal,250,multistation_rep,3,3,3,146,14,0.5398,0.0
balance_bimodal,250,multistation_rep,3,3,3,13,31,0.7362,0.0
balance_bimodal,250,multistation_rep,3,3,3,88,37,0.179,0.0
balance_bimodal,250,multistation_rep,3,3,3,239,15,0.9752,105.0
balance_bimodal,250,multistation_rep,3,3,3,16,32,0.9146,0.0
balance_bimodal,250,multistation_rep,3,3,3,238,4,0.3083,0.0
balance_bimodal,250,multistation_rep,3,3,3,189,35,0.2198,0.0
balance_bimodal,250,multistation_rep,3,3,3,8,39,0.6642,15.0
balance_bimodal,250,multistation_rep,3,3,3,51,10,0.1906,0.0
balance_bimodal,250,multistation_rep,3,3,3,88,26,0.5318,0.0
balance_bimodal,250,multistation_rep,3,3,3,8,30,0.3447,0.0
balance_bimodal,250,multistation_rep,3,3,3,88,10,0.4557,45.0
balance_bimodal,250,multistation_rep,3,3,3,220,36,0.4007,0.0
balance_bimodal,250,multistation_rep,3,3,3,8,39,0.2948,0.0
balance_bimodal,250,multistation_rep,3,3,3,8,24,0.5921,0.0
balance_bimodal,250,multistation_rep,3,3,3,52,17,0.1907,0.0
balance_bimodal,250,multistation_rep,3,3,3,8,24,0.5427,0.0
balance_bimodal,250,multistation_rep,3,3,3,33,29,0.8351,0.0
balance_bimodal,250,multistation_rep,3,3,3,34,31,0.9274,0.0
balance_bimodal,250,multistation_rep,3,3,3,52,17,0.697,0.0
balance_bimodal,250,multistation_rep,3,3,3,148,17,0.7587,110.0
balance_bimodal,250,multistation_rep,3,3,3,200,17,0.7587,5.0
balance_bimodal,250,multistation_rep,3,3,3,8,24,0.5921,0.0
balance_bimodal,250,multistation_rep,3,3,3,52,11,0.4755,0.0
balance_bimodal,250,multistation_rep,3,3,3,165,27,0.3338,30.0
balance_bimodal,250,multistation_rep,3,3,3,200,17,0.7587,5.0
balance_bimodal,250,multistation_rep,3,3,3,40,17,0.7587,0.0
balance_bimodal,250,multistation_rep,3,3,3,52,11,0.5866,0.0
balance_bimodal,250,multistation_rep,3,3,3,227,19,0.7552,0.0
balance_bimodal,250,multistation_rep,3,3,3,232,18,0.6148,0.0
balance_bimodal,250,multistation_rep,3,3,3,116,34,0.9932,100.0
balance_bimodal,250,multistation_rep,3,3,3,194,34,0.9932,90.0
balance_bimodal,250,multistation_rep,3,3,3,76,34,0.9932,105.0
balance_bimodal,250,multistation_rep,3,3,3,79,11,0.5617,0.0
balance_bimodal,250,multistation_rep,3,3,3,145,39,0.7132,0.0
balance_bimodal,250,multistation_rep,3,3,3,166,3,1.1501,70.0
balance_bimodal,250,multistation_rep,3,3,3,166,3,1.1501,75.0
balance_bimodal,250,multistation_rep,3,3,3,47,13,0.8575,0.0
balance_bimodal,250,multistation_rep,3,3,3,116,24,0.6256,0.0
balance_bimodal,250,multistation_rep,3,3,3,173,4,0.3083,45.0
balance_bimodal,250,multistation_rep,3,3,3,209,19,0.5009,40.0
balance_bimodal,250,multistation_rep,3,3,3,32,11,0.7113,0.0
balance_bimodal,250,multistation_rep,3,3,3,185,19,0.7084,0.0
balance_bimodal,250,multistation_rep,3,3,3,81,2,0.6768,30.0
balance_bimodal,250,multistation_rep,3,3,3,104,30,0.3273,0.0
balance_bimodal,250,multistation_rep,3,3,3,185,19,0.7084,45.0
balance_bimodal,250,multistation_rep,3,3,3,130,3,0.4657,10.0
balance_bimodal,250,multistation_rep,3,3,3,18,26,0.8977,0.0
balance_bimodal,250,multistation_rep,3,3,3,22,32,0.6225,0.0
balance_bimodal,250,multistation_rep,3,3,3,218,18,0.458,20.0
balance_bimodal,250,multistation_rep,3,3,3,157,36,0.1971,80.0
balance_bimodal,250,multistation_rep,3,3,3,175,13,0.8706,0.0
balance_bimodal,250,multistation_rep,3,3,3,214,15,0.9752,85.0
balance_bimodal,250,multistation_rep,3,3,3,214,15,0.9752,105.0
balance_bimodal,250,multistation_rep,3,3,3,128,39,0.2948,25.0
balance_bimodal,250,multistation_rep,3,3,3,237,35,0.2869,0.0
balance_bimodal,250,multistation_rep,3,3,3,60,16,0.2594,50.0
balance_bimodal,250,multistation_rep,3,3,3,202,27,0.3338,0.0
balance_bimodal,250,multistation_rep,3,3,3,125,30,0.7758,30.0
balance_bimodal,250,multistation_rep,3,3,3,151,5,0.504,0.0
balance_bimodal,250,multistation_rep,3,3,3,160,35,0.9541,0.0
balance_bimodal,250,multistation_rep,3,3,3,162,15,0.9752,155.0
balance_bimodal,250,multistation_rep,3,3,3,242,16,0.2934,20.0
balance_bimodal,250,multistation_rep,3,3,3,152,39,0.2948,0.0
balance_bimodal,250,multistation_rep,3,3,3,162,3,0.9213,30.0
balance_bimodal,250,multistation_rep,3,3,3,244,0,0.1745,0.0
balance_bimodal,250,multistation_rep,3,3,3,152,17,0.7343,0.0
balance_bimodal,250,multistation_rep,3,3,3,152,5,0.4455,0.0
balance_bimodal,250,multistation_rep,3,3,3,152,6,0.9423,0.0
balance_bimodal,250,multistation_rep,3,3,3,152,30,0.1576,0.0
balance_bimodal,250,multistation_rep,3,3,3,89,19,0.5213,55.0
balance_bimodal,250,multistation_rep,3,3,3,89,2,0.5995,0.0
balance_bimodal,250,multistation_rep,3,3,3,199,32,0.3947,15.0
balance_bimodal,250,multistation_rep,3,3,3,182,10,0.6284,20.0
balance_bimodal,250,multistation_rep,3,3,3,182,31,0.7258,0.0
balance_bimodal,250,multistation_rep,3,3,3,80,29,0.7575,0.0
balance_bimodal,250,multistation_rep,3,3,3,80,29,0.7575,0.0
balance_bimodal,250,multistation_rep,3,3,3,158,39,0.1573,0.0
balance_bimodal,250,multistation_rep,3,3,3,212,24,0.3712,10.0
balance_bimodal,250,multistation_rep,3,3,3,117,10,0.5556,0.0
balance_bimodal,250,multistation_rep,3,3,3,212,24,0.3886,0.0
balance_bimodal,250,multistation_rep,3,3,3,117,10,0.4557,0.0
balance_bimodal,250,multistation_rep,3,3,3,9,15,0.9752,95.0
balance_bimodal,250,multistation_rep,3,3,3,171,17,0.7587,0.0
balance_bimodal,250,multistation_rep,3,3,3,199,13,0.2679,0.0
balance_bimodal,250,multistation_rep,3,3,3,70,14,0.2125,0.0
balance_bimodal,250,multistation_rep,3,3,3,27,14,0.1428,0.0
balance_bimodal,250,multistation_rep,3,3,3,90,17,0.6737,0.0
balance_bimodal,250,multistation_rep,3,3,3,180,36,0.4918,5.0
balance_bimodal,250,multistation_rep,3,3,3,181,1,0.598,0.0
balance_bimodal,250,multistation_rep,3,3,3,19,17,0.7587,30.0
balance_bimodal,250,multistation_rep,3,3,3,27,14,0.0288,0.0
balance_bimodal,250,multistation_rep,3,3,3,129,39,0.2948,0.0
balance_bimodal,250,multistation_rep,3,3,3,27,27,0.3338,0.0
balance_bimodal,250,multistation_rep,3,3,3,26,27,0.3338,115.0
balance_bimodal,250,multistation_rep,3,3,3,45,11,0.4602,0.0
balance_bimodal,250,multistation_rep,3,3,3,102,15,0.9752,70.0
balance_bimodal,250,multistation_rep,3,3,3,113,36,0.4544,0.0
balance_bimodal,250,multistation_rep,3,3,3,21,19,0.7084,0.0
balance_bimodal,250,multistation_rep,3,3,3,6,26,0.7972,0.0
balance_bimodal,250,multistation_rep,3,3,3,52,34,0.9167,170.0
balance_bimodal,250,multistation_rep,3,3,3,101,26,0.8989,0.0
balance_bimodal,250,multistation_rep,3,3,3,13,19,0.7084,0.0
balance_bimodal,250,multistation_rep,3,3,3,83,34,0.9932,45.0
balance_bimodal,250,multistation_rep,3,3,3,185,19,0.3313,0.0
balance_bimodal,250,multistation_rep,3,3,3,107,10,0.4557,65.0
balance_bimodal,250,multistation_rep,3,3,3,107,10,0.4557,45.0
balance_bimodal,250,multistation_rep,3,3,3,240,38,0.0967,0.0
balance_bimodal,250,multistation_rep,3,3,3,240,3,0.8123,0.0
balance_bimodal,250,multistation_rep,3,3,3,55,17,0.5811,0.0
balance_bimodal,250,multistation_rep,3,3,3,84,35,0.3111,0.0
balance_bimodal,250,multistation_rep,3,3,3,107,33,0.3987,0.0
balance_bimodal,250,multistation_rep,3,3,3,137,27,0.2316,0.0
balance_bimodal,250,multistation_rep,3,3,3,87,15,0.9752,120.0
balance_bimodal,250,multistation_rep,3,3,3,4,39,0.2607,0.0
balance_bimodal,250,multistation_rep,3,3,3,82,10,0.3292,0.0
balance_bimodal,250,multistation_rep,3,3,3,187,15,0.9752,75.0
balance_bimodal,250,multistation_rep,3,3,3,135,38,0.4941,0.0
balance_bimodal,250,multistation_rep,3,3,3,37,3,0.3577,10.0
balance_bimodal,250,multistation_rep,3,3,3,135,36,0.5621,5.0
balance_bimodal,250,multistation_rep,3,3,3,150,7,0.8156,0.0
balance_bimodal,250,multistation_rep,3,3,3,159,33,0.5995,0.0
balance_bimodal,250,multistation_rep,3,3,3,59,36,0.2518,0.0
balance_bimodal,250,multistation_rep,3,3,3,135,35,0.9049,0.0
balance_bimodal,250,multistation_rep,3,3,3,135,34,0.9932,50.0
balance_bimodal,250,multistation_rep,3,3,3,132,13,0.8111,0.0
balance_bimodal,250,multistation_rep,3,3,3,203,36,0.4161,0.0
balance_bimodal,250,multistation_rep,3,3,3,140,34,0.9932,10.0
balance_bimodal,250,multistation_rep,3,3,3,217,30,0.2709,0.0
balance_bimodal,250,multistation_rep,3,3,3,198,15,0.9752,200.0
balance_bimodal,250,multistation_rep,3,3,3,77,18,0.2822,0.0
balance_bimodal,250,multistation_rep,3,3,3,121,2,0.6768,0.0
balance_bimodal,250,multistation_rep,3,3,3,215,35,0.9371,0.0
balance_bimodal,250,multistation_rep,3,3,3,106,11,0.7113,0.0
balance_bimodal,250,multistation_rep,3,3,3,215,34,0.9932,110.0
balance_bimodal,250,multistation_rep,3,3,3,11,10,0.4557,60.0
balance_bimodal,250,multistation_rep,3,3,3,64,35,1.3081,0.0
balance_bimodal,250,multistation_rep,3,3,3,0,17,0.7587,35.0
balance_bimodal,250,multistation_rep,3,3,3,7,35,0.8549,50.0
balance_bimodal,250,multistation_rep,3,3,3,177,34,0.9932,100.0
balance_bimodal,250,multistation_rep,3,3,3,103,14,0.4144,30.0
balance_bimodal,250,multistation_rep,3,3,3,248,39,0.2948,0.0
balance_bimodal,250,multistation_rep,3,3,3,154,4,0.3083,0.0
balance_bimodal,250,multistation_rep,3,3,3,127,13,0.8459,0.0
balance_bimodal,250,multistation_rep,3,3,3,96,19,0.1542,0.0
balance_bimodal,250,multistation_rep,3,3,3,230,16,0.3433,0.0
balance_bimodal,250,multistation_rep,3,3,3,7,35,0.0287,0.0
balance_bimodal,250,multistation_rep,3,3,3,136,24,0.7278,0.0
balance_bimodal,250,multistation_rep,3,3,3,236,18,0.458,0.0
balance_bimodal,250,multistation_rep,3,3,3,15,10,0.4557,140.0
balance_bimodal,250,multistation_rep,3,3,3,126,26,0.0538,0.0
balance_bimodal,250,multistation_rep,3,3,3,90,11,0.4518,0.0
balance_bimodal,250,multistation_rep,3,3,3,162,27,0.1295,5.0
balance_bimodal,250,multistation_rep,3,3,3,204,36,0.1683,0.0
balance_bimodal,250,multistation_rep,3,3,3,1,30,0.3788,0.0
balance_bimodal,250,multistation_rep,3,3,3,204,15,0.9752,65.0
balance_bimodal,250,multistation_rep,3,3,3,181,8,0.1176,0.0
balance_bimodal,250,multistation_rep,3,3,3,94,10,0.5213,40.0
balance_bimodal,250,multistation_rep,3,3,3,161,27,0.3338,0.0
balance_bimodal,250,multistation_rep,3,3,3,249,15,0.9752,0.0
balance_bimodal,250,multistation_rep,3,3,3,98,17,0.7295,35.0
balance_bimodal,250,multistation_rep,3,3,3,155,17,0.673,20.0
balance_bimodal,250,multistation_rep,3,3,3,191,27,0.3338,0.0
balance_bimodal,250,multistation_rep,3,3,3,225,11,0.6024,0.0
balance_bimodal,250,multistation_rep,3,3,3,249,29,0.4655,0.0
balance_bimodal,250,multistation_rep,3,3,3,61,38,0.6485,0.0
balance_bimodal,250,multistation_rep,3,3,3,76,16,0.1803,0.0
balance_bimodal,250,multistation_rep,3,3,3,76,16,0.3261,0.0
balance_bimodal,250,multistation_rep,3,3,3,73,5,0.5453,0.0
balance_bimodal,250,multistation_rep,3,3,3,72,19,0.7084,0.0
balance_bimodal,250,multistation_rep,3,3,3,3,19,0.7084,0.0
balance_bimodal,250,multistation_rep,3,3,3,72,38,1.3506,0.0
balance_bimodal,250,multistation_rep,3,3,3,128,34,0.9932,0.0
balance_bimodal,250,multistation_rep,3,3,3,157,39,0.2948,0.0
balance_bimodal,250,multistation_rep,3,3,3,74,34,0.9932,0.0
balance_bimodal,250,multistation_rep,3,3,3,221,4,0.3083,0.0
balance_bimodal,250,multistation_rep,3,3,3,222,15,0.9752,5.0
balance_bimodal,250,multistation_rep,3,3,3,182,34,0.9932,5.0
balance_bimodal,250,multistation_rep,3,3,3,186,19,0.1619,0.0
balance_bimodal,250,multistation_rep,3,3,3,156,7,0.1315,0.0
balance_bimodal,250,multistation_rep,3,3,3,56,2,0.9226,0.0
balance_bimodal,250,multistation_rep,3,3,3,215,30,0.3447,0.0
balance_bimodal,250,multistation_rep,3,3,3,74,3,0.461,0.0
balance_bimodal,250,multistation_rep,3,3,3,74,3,0.461,20.0
balance_bimodal,250,multistation_rep,3,3,3,135,35,0.8401,0.0
balance_bimodal,250,multistation_rep,3,3,3,182,35,0.9439,0.0
balance_bimodal,250,multistation_rep,3,3,3,72,1,1.2498,0.0
