scenario,nb_cars,method,seed,world_seed,grid_seed,demand_id,car_id,slot,nb_stations,nb_offers,confirmed,confirm_attempts,first_offer_ms,last_offer_ms,selection_ms,confirmation_ms,total_ms
optimistic,200,bramev_event_score,42,42,42,t00000-c00008,8,0,6,6,True,1,300051.7882500135,1115144.4347499928,303484.828790999,0.029375019948929548,1418629.2929160118
optimistic,200,bramev_event_score,42,42,42,t00000-c00020,20,0,10,10,True,1,300563.07379200007,1117703.8424589846,300925.4887080169,0.008707982487976551,1418629.339874984
optimistic,200,bramev_event_score,42,42,42,t00000-c00024,24,0,12,12,True,1,300563.0380840157,1418629.155625007,0.17549999756738544,0.006250018486753106,1418629.3373750232
optimistic,200,bramev_event_score,42,42,42,t00000-c00025,25,0,5,5,True,1,382871.42583398963,1418629.1234169912,0.1989169977605343,0.004458008334040642,1418629.3267919973
optimistic,200,bramev_event_score,42,42,42,t00000-c00033,33,0,5,5,True,1,300051.6436669859,1115144.2898749956,303485.0218339998,0.0037080026231706142,1418629.315416998
optimistic,200,bramev_event_score,42,42,42,t00000-c00034,34,0,6,6,True,1,300766.1590409989,1118574.907790986,300054.3987090059,0.004458008334040642,1418629.3109580001
optimistic,200,bramev_event_score,42,42,42,t00000-c00048,48,0,7,7,True,1,300766.1314170109,1115144.234959007,303485.0650409935,0.0045000051613897085,1418629.3045000057
optimistic,200,bramev_event_score,42,42,42,t00000-c00059,59,0,6,6,True,1,382871.3092080143,1418629.0069170063,0.28408298385329545,0.004208006430417299,1418629.2952079966
optimistic,200,bramev_event_score,42,42,42,t00000-c00068,68,0,6,6,True,1,300766.0644170246,1118574.812292005,300054.4626250048,0.004208006430417299,1418629.2791250162
optimistic,200,bramev_event_score,42,42,42,t00000-c00092,92,0,9,9,True,1,300562.8198340128,1418628.9389590092,0.32724998891353607,0.00462500611320138,1418629.2708340043
optimistic,200,bramev_event_score,42,42,42,t00000-c00099,99,0,5,5,True,1,302227.7467910026,1113920.8910409943,304708.36391701596,0.004332978278398514,1418629.2592909886
optimistic,200,bramev_event_score,42,42,42,t00000-c00104,104,0,6,6,True,1,302227.71624999586,1118574.7189579997,300054.5246670081,0.003790977643802762,1418629.2474159854
optimistic,200,bramev_event_score,42,42,42,t00000-c00106,106,0,7,7,True,1,382871.14925001515,1418628.8471659936,0.38616699748672545,0.004125002305954695,1418629.2374579934
optimistic,200,bramev_event_score,42,42,42,t00000-c00114,114,0,7,7,True,1,301431.5394999867,1118574.6591670031,300054.56525000045,0.003958004526793957,1418629.228375008
optimistic,200,bramev_event_score,42,42,42,t00000-c00121,121,0,6,6,True,1,300051.3352910057,1115341.7865409865,303287.4261670222,0.0038750004023313522,1418629.216583009
optimistic,200,bramev_event_score,42,42,42,t00000-c00122,122,0,4,4,True,1,674534.7776669951,1113920.739958994,304708.4610410093,0.003416993422433734,1418629.2044169968
optimistic,200,bramev_event_score,42,42,42,t00000-c00143,143,0,3,3,True,1,300051.2755830132,1113773.7417500175,304855.446749978,0.0036249984987080097,1418629.192124994
optimistic,200,bramev_event_score,42,42,42,t00000-c00146,146,0,7,7,True,1,382870.997082995,1418628.6950829963,0.48179199802689254,0.0038330035749822855,1418629.1807079979
optimistic,200,bramev_event_score,42,42,42,t00000-c00151,151,0,6,6,True,1,300765.7584580011,1118574.5077500178,300054.65858298703,0.0037080026231706142,1418629.1700410075
optimistic,200,bramev_event_score,42,42,42,t00000-c00154,154,0,6,6,True,1,302227.4762500019,1118574.4792909827,300054.67695900006,0.0036660057958215475,1418629.1599159886
optimistic,200,bramev_event_score,42,42,42,t00000-c00166,166,0,7,7,True,1,301431.33237501024,1113920.5933340127,304708.55579100316,0.0036669953260570765,1418629.1527920112
optimistic,200,bramev_event_score,42,42,42,t00000-c00178,178,0,6,6,True,1,300051.1326659762,1115143.7782499997,303485.3625409887,0.003416993422433734,1418629.1442079819
optimistic,200,bramev_event_score,42,42,42,t00000-c00191,191,0,12,12,True,1,300562.43266697857,1418628.5530829919,0.5783750093542039,0.003916997229680419,1418629.1353749984
optimistic,200,bramev_event_score,42,42,42,t00000-c00196,196,0,6,6,True,1,300051.0748750239,1115143.7207080016,303485.4018330225,0.0034999975468963385,1418629.1260410217
optimistic,200,bramev_event_score,42,42,42,t00003-c00160,160,3,7,7,True,1,35.080500005278736,187.78029101667926,0.027709000278264284,0.016165984561666846,187.8241660015192
optimistic,200,bramev_event_score,42,42,42,t00006-c00179,179,6,10,10,True,1,50.85908397450112,435.04649997339584,0.03350002225488424,0.02174999099224806,435.101749986643
optimistic,200,bramev_event_score,42,42,42,t00007-c00077,77,7,9,9,True,1,99.00212500360794,1328.0786249961238,0.02404101542197168,0.01895899185910821,1328.121625003405
optimistic,200,bramev_event_score,42,42,42,t00007-c00177,177,7,3,3,True,1,545.9054590028245,1076.3527499802876,251.80525000905618,0.006249989382922649,1328.1642499787267
optimistic,200,bramev_event_score,42,42,42,t00007-c00179,179,7,15,15,True,1,98.92220800975338,1327.9989160073455,0.15895898104645312,0.007000024197623134,1328.1648750125896
optimistic,200,bramev_event_score,42,42,42,t00009-c00047,47,9,7,7,True,1,35.721874999580905,304.50758402002975,0.02187499194405973,0.017790996935218573,304.54725000890903
optimistic,200,bramev_event_score,42,42,42,t00010-c00047,47,10,3,3,True,1,29.759416996967047,90.30195800005458,0.017458980437368155,0.013083015801385045,90.33249999629334
optimistic,200,bramev_event_score,42,42,42,t00011-c00019,19,11,15,15,True,1,58.45412501366809,734.0668340038974,0.02316600875928998,0.017542013665661216,734.1075420263223
optimistic,200,bramev_event_score,42,42,42,t00011-c00047,47,11,3,2,True,1,489.27058299886994,557.0593329903204,177.091334015131,0.005832989700138569,734.1564999951515
optimistic,200,bramev_event_score,42,42,42,t00012-c00019,19,12,11,11,True,1,65.7294999982696,874.7137499740347,57.911292009521276,0.017125013982877135,932.6421669975389
optimistic,200,bramev_event_score,42,42,42,t00012-c00135,135,12,4,4,True,1,106.47625001729466,932.5585000042338,0.11758299660868943,0.005750014679506421,932.681833015522
optimistic,200,bramev_event_score,42,42,42,t00014-c00183,183,14,4,4,True,1,24.806000001262873,141.2833749782294,0.02962502185255289,0.015792000340297818,141.32879200042225
optimistic,200,bramev_event_score,42,42,42,t00015-c00081,81,15,5,5,True,1,79.35725001152605,437.60416700388305,0.0213750172406435,0.01391698606312275,437.6394590071868
optimistic,200,bramev_event_score,42,42,42,t00015-c00111,111,15,4,4,True,1,65.88624999858439,412.1869159862399,25.47824999783188,0.006584014045074582,437.67174999811687
optimistic,200,bramev_event_score,42,42,42,t00017-c00094,94,17,12,12,True,1,675.7987499877345,4460.598042001948,91.23595801065676,0.018957973225042224,4551.85295798583
optimistic,200,bramev_event_score,42,42,42,t00017-c00139,139,17,9,9,True,1,675.7600419805385,4551.763999974355,0.13325002510100603,0.007124996045604348,4551.904374995502
optimistic,200,bramev_event_score,42,42,42,t00017-c00181,181,17,7,7,True,1,675.7265829946846,4460.525832982967,91.37295800610445,0.00504200579598546,4551.903832994867
optimistic,200,bramev_event_score,42,42,42,t00018-c00148,148,18,3,3,True,1,188.62720800098032,469.4960830092896,0.02808397402986884,0.015833007637411356,469.53999999095686
optimistic,200,bramev_event_score,42,42,42,t00018-c00149,149,18,7,7,True,1,64.29695800761692,469.4583329837769,0.12008301564492285,0.006916990969330072,469.5853329903912
optimistic,200,bramev_event_score,42,42,42,t00019-c00149,149,19,7,7,True,1,67.5816250150092,314.32766700163484,0.029916001949459314,0.01750001683831215,314.3750830204226
optimistic,200,bramev_event_score,42,42,42,t00020-c00052,52,20,3,3,True,1,68.86595801915973,221.5297500079032,0.019166996935382485,0.015416007954627275,221.5643330127932
optimistic,200,bramev_event_score,42,42,42,t00021-c00005,5,21,3,3,True,1,117.32024999218993,215.4784160084091,44.92854198906571,0.014833000022917986,260.42179099749774
optimistic,200,bramev_event_score,42,42,42,t00021-c00131,131,21,6,6,True,1,23.422124999342486,260.3433749754913,0.11066600563935935,0.007166992872953415,260.4612079740036
optimistic,200,bramev_event_score,42,42,42,t00022-c00031,31,22,3,3,True,1,60.7560419884976,254.85554200713523,0.018040998838841915,0.01604200224392116,254.889625008218
optimistic,200,bramev_event_score,42,42,42,t00022-c00152,152,22,3,3,True,1,34.78966699913144,192.71012500394136,62.21766700036824,0.006749993190169334,254.93454199749976
optimistic,200,bramev_event_score,42,42,42,t00024-c00072,72,24,7,7,True,1,196.45958300679922,1152.6122500072233,0.02320797648280859,0.016875012079253793,1152.6523329957854
optimistic,200,bramev_event_score,42,42,42,t00025-c00037,37,25,8,8,True,1,262.67420800286345,706.4555409888271,0.021249987185001373,0.017125013982877135,706.493915989995
optimistic,200,bramev_event_score,42,42,42,t00025-c00194,194,25,4,4,True,1,262.631457997486,706.4125420001801,0.11558301048353314,0.005374982720240951,706.5334999933839
optimistic,200,bramev_event_score,42,42,42,t00026-c00109,109,26,6,6,True,1,59.889249998377636,317.7922090108041,0.025874993298202753,0.017707992810755968,317.83579199691303
optimistic,200,bramev_event_score,42,42,42,t00027-c00049,49,27,5,5,True,1,128.83108301321045,673.1422080192715,75.20233298419043,0.015958998119458556,748.3605000015814
optimistic,200,bramev_event_score,42,42,42,t00027-c00113,113,27,10,10,True,1,161.88920798595063,748.2808330096304,0.12083299225196242,0.008584000170230865,748.4102500020526
optimistic,200,bramev_event_score,42,42,42,t00027-c00188,188,27,7,7,True,1,42.68720900290646,716.3196250039618,32.09845899255015,0.005790992872789502,748.4238749893848
optimistic,200,bramev_event_score,42,42,42,t00028-c00113,113,28,8,7,True,1,20.80541697796434,190.6610419973731,0.02345800749026239,0.015541998436674476,190.70004200330004
optimistic,200,bramev_event_score,42,42,42,t00029-c00076,76,29,6,6,True,1,52.48145799851045,732.9502499778755,107.76450001867488,0.017457990907132626,840.7322079874575
optimistic,200,bramev_event_score,42,42,42,t00029-c00125,125,29,6,6,True,1,94.61550001287833,840.6484999868553,0.12070900993421674,0.0070829992182552814,840.7762919960078
optimistic,200,bramev_event_score,42,42,42,t00030-c00016,16,30,5,5,True,1,46.460292011033744,296.6352920047939,0.01925000105984509,0.01662501017563045,296.67116701602936
optimistic,200,bramev_event_score,42,42,42,t00032-c00186,186,32,3,3,True,1,23.0932499980554,108.18820798886009,0.03154200385324657,0.0160830095410347,108.23583300225437
optimistic,200,bramev_event_score,42,42,42,t00033-c00167,167,33,3,3,True,1,67.62241697288118,224.96620897436514,58.19462501676753,0.01562500256113708,283.1764589936938
optimistic,200,bramev_event_score,42,42,42,t00033-c00186,186,33,4,4,True,1,41.297499992651865,283.09216699562967,0.11750002158805728,0.007124996045604348,283.21679201326333
optimistic,200,bramev_event_score,42,42,42,t00035-c00172,172,35,9,9,True,1,40.90675001498312,357.62116700061597,0.028875016141682863,0.01695798709988594,357.66700000385754
optimistic,200,bramev_event_score,42,42,42,t00036-c00078,78,36,5,5,True,1,21.641667000949383,158.01883398671634,0.02041601692326367,0.014499993994832039,158.05374999763444
optimistic,200,bramev_event_score,42,42,42,t00037-c00040,40,37,5,5,True,1,88.88241701060906,339.6202920121141,31.624458002625033,0.014291988918557763,371.25904200365767
optimistic,200,bramev_event_score,42,42,42,t00037-c00169,169,37,7,7,True,1,34.01987499091774,371.1782089958433,0.11100000119768083,0.007458002073690295,371.2966669991147
optimistic,200,bramev_event_score,42,42,42,t00038-c00010,10,38,9,9,True,1,69.10308400983922,1020.7951249903999,0.019166996935382485,0.01762501779012382,1020.8319170051254
optimistic,200,bramev_event_score,42,42,42,t00038-c00058,58,38,5,5,True,1,148.97745801135898,950.1364580064546,70.74745901627466,0.006999995093792677,1020.8909170178231
optimistic,200,bramev_event_score,42,42,42,t00038-c00169,169,38,8,7,True,1,69.02733398601413,831.2434589897748,189.64766600402072,0.006124988431110978,1020.8972499822266
optimistic,200,bramev_event_score,42,42,42,t00039-c00010,10,39,7,7,True,1,179.83629199443385,1687.4265419901349,0.018874998204410076,0.015500001609325409,1687.4609169899486
optimistic,200,bramev_event_score,42,42,42,t00039-c00014,14,39,7,7,True,1,82.42433398845606,1594.330458989134,93.1702500092797,0.007791008101776242,1687.5085000065155
optimistic,200,bramev_event_score,42,42,42,t00039-c00114,114,39,8,8,True,1,179.75979199400172,1687.349957996048,0.15154198626987636,0.005333014996722341,1687.5068329973146
optimistic,200,bramev_event_score,42,42,42,t00039-c00119,119,39,3,3,True,1,701.3252499746159,1363.6831670009997,323.8221249775961,0.004958012141287327,1687.510249990737
optimistic,200,bramev_event_score,42,42,42,t00040-c00114,114,40,4,4,True,1,22.912541986443102,138.51887499913573,0.024166976800188422,0.014208024367690086,138.5572500003036
optimistic,200,bramev_event_score,42,42,42,t00042-c00062,62,42,11,11,True,1,31.329916993854567,354.15854200255126,0.023999979021027684,0.018332997569814324,354.2008749791421
optimistic,200,bramev_event_score,42,42,42,t00043-c00180,180,43,9,9,True,1,20.337458001449704,305.50745798973367,0.03095899592153728,0.016666017472743988,305.55508300312795
optimistic,200,bramev_event_score,42,42,42,t00043-c00182,182,43,4,4,True,1,51.95454097702168,278.25470798416063,27.340375003404915,0.006541988113895059,305.60162497567944
optimistic,200,bramev_event_score,42,42,42,t00044-c00025,25,44,3,2,True,1,281.407542002853,664.7043330012821,56.1794999812264,0.014999997802078724,720.8988329803105
optimistic,200,bramev_event_score,42,42,42,t00044-c00027,27,44,3,3,True,1,281.36829199502245,720.826875010971,0.11299998732283711,0.006000016583129764,720.945875014877
optimistic,200,bramev_event_score,42,42,42,t00045-c00002,2,45,11,11,True,1,142.5466249929741,1323.9706660097,70.6323339836672,0.018708000425249338,1394.6217079937924
optimistic,200,bramev_event_score,42,42,42,t00045-c00134,134,45,8,8,True,1,142.50054099829867,1394.535083003575,0.1294999965466559,0.008041999535635114,1394.6726249996573
optimistic,200,bramev_event_score,42,42,42,t00045-c00182,182,45,5,4,True,1,21.962667000479996,1006.7919170251116,387.87524998770095,0.005542009603232145,1394.6727090224158
optimistic,200,bramev_event_score,42,42,42,t00046-c00083,83,46,8,8,True,1,60.02870900556445,442.0801670057699,0.025457993615418673,0.018291990272700787,442.123916989658
optimistic,200,bramev_event_score,42,42,42,t00046-c00182,182,46,3,2,True,1,17.613375006476417,236.37691600015387,205.790000007255,0.007041991921141744,442.17395799933
optimistic,200,bramev_event_score,42,42,42,t00047-c00187,187,47,10,10,True,1,78.88895898940973,976.9977089890745,0.037582998629659414,0.020417006453499198,977.0557089941576
optimistic,200,bramev_event_score,42,42,42,t00048-c00187,187,48,7,6,True,1,150.01091599697247,666.376625013072,0.032540992833673954,0.017999991541728377,666.4271659974474
optimistic,200,bramev_event_score,42,42,42,t00050-c00007,7,50,4,4,True,1,40.45366699574515,294.54741699737497,0.017000013031065464,0.015541008906438947,294.57995801931247
optimistic,200,bramev_event_score,42,42,42,t00050-c00013,13,50,6,6,True,1,40.41479100123979,294.50899999937974,0.12450001668184996,0.0072499969974160194,294.640750013059
optimistic,200,bramev_event_score,42,42,42,t00051-c00007,7,51,4,3,True,1,155.40333298849873,412.759458005894,0.016707985196262598,0.015166995581239462,412.7913329866715
optimistic,200,bramev_event_score,42,42,42,t00051-c00123,123,51,4,4,True,1,155.36220799549483,412.7184999815654,0.11925000580959022,0.006125017534941435,412.84387500490993
optimistic,200,bramev_event_score,42,42,42,t00052-c00038,38,52,4,4,True,1,190.49791697761975,540.1354589848779,110.86070799501613,0.016417005099356174,651.0125839849934
optimistic,200,bramev_event_score,42,42,42,t00052-c00043,43,52,6,6,True,1,107.77579099521972,650.9367499966174,0.10241600102744997,0.006833986844867468,651.0459999844898
optimistic,200,bramev_event_score,42,42,42,t00052-c00090,90,52,4,4,True,1,107.73991601308808,650.9007909917273,0.1503750099800527,0.004792003892362118,651.0559580055997
optimistic,200,bramev_event_score,42,42,42,t00053-c00043,43,53,7,7,True,1,31.395207974128425,451.9209169957321,0.021332991309463978,0.020832987502217293,451.9630829745438
optimistic,200,bramev_event_score,42,42,42,t00054-c00064,64,54,4,4,True,1,65.59154199203476,438.4174169972539,0.020000006770715117,0.014874996850267053,438.4522920008749
optimistic,200,bramev_event_score,42,42,42,t00054-c00093,93,54,8,8,True,1,45.34691700246185,397.3501670116093,41.12941600033082,0.007708993507549167,438.48729200544767
optimistic,200,bramev_event_score,42,42,42,t00055-c00046,46,55,4,4,True,1,53.91008299193345,284.0891669911798,0.02012500772252679,0.015208002878353,284.1245000017807
optimistic,200,bramev_event_score,42,42,42,t00055-c00069,69,55,4,4,True,1,53.871957992669195,284.05108299921267,0.11108300532214344,0.00633401214145124,284.16850001667626
optimistic,200,bramev_event_score,42,42,42,t00057-c00023,23,57,3,3,True,1,41.65254099643789,513.2097500027157,115.80787500133738,0.01491600414738059,629.0325410082005
optimistic,200,bramev_event_score,42,42,42,t00057-c00105,105,57,6,6,True,1,91.63724997779354,628.9579589792993,0.12100001913495362,0.007499998901039362,629.0864589973353
optimistic,200,bramev_event_score,42,42,42,t00057-c00165,165,57,8,8,True,1,71.78624998778105,578.4918330027722,50.58866698527709,0.006750022293999791,629.0872500103433
optimistic,200,bramev_event_score,42,42,42,t00058-c00001,1,58,3,3,True,1,136.34545798413455,463.24749998166226,22.615833004238084,0.012792006600648165,485.876124992501
optimistic,200,bramev_event_score,42,42,42,t00058-c00023,23,58,3,3,True,1,31.550666986731812,368.3682080009021,117.52983398037031,0.005791021976619959,485.903833003249
optimistic,200,bramev_event_score,42,42,42,t00058-c00165,165,58,7,7,True,1,54.96470900834538,485.76916701858863,0.12520799646154046,0.005874986527487636,485.90025000157766
optimistic,200,bramev_event_score,42,42,42,t00060-c00003,3,60,3,3,True,1,41.02141602197662,387.480666016927,107.22312500001863,0.014958990504965186,494.7187500074506
optimistic,200,bramev_event_score,42,42,42,t00060-c00141,141,60,6,6,True,1,66.60074999672361,494.645708007738,0.12012498336844146,0.007667025784030557,494.77350001689047
optimistic,200,bramev_event_score,42,42,42,t00061-c00012,12,61,7,7,True,1,42.88412499590777,210.61120901140384,0.016999983927235007,0.014333025319501758,210.64254202065058
optimistic,200,bramev_event_score,42,42,42,t00062-c00040,40,62,6,6,True,1,33.04295797715895,278.88254198478535,0.020540988771244884,0.017000013031065464,278.92008298658766
optimistic,200,bramev_event_score,42,42,42,t00062-c00103,103,62,4,4,True,1,33.00154200405814,278.84150002500974,0.11558400001376867,0.005999987479299307,278.9630840125028
optimistic,200,bramev_event_score,42,42,42,t00066-c00036,36,66,9,9,True,1,47.057374991709366,369.32862500543706,0.021041982108727098,0.01675001112744212,369.36641699867323
optimistic,200,bramev_event_score,42,42,42,t00067-c00039,39,67,7,7,True,1,121.96049999329261,806.3241670024581,103.2915829855483,0.021083018509671092,909.6368330065161
optimistic,200,bramev_event_score,42,42,42,t00067-c00084,84,67,6,6,True,1,57.40908399457112,909.5504589786287,0.14308301615528762,0.007041991921141744,909.7005839867052
optimistic,200,bramev_event_score,42,42,42,t00067-c00102,102,67,3,3,True,1,341.75091597717255,806.2472909805365,103.44237499521114,0.004334026016294956,909.6940000017639
optimistic,200,bramev_event_score,42,42,42,t00068-c00039,39,68,3,2,True,1,22.269667009823024,55.250292003620416,18.298374983714893,0.0160830095410347,73.56474999687634
optimistic,200,bramev_event_score,42,42,42,t00069-c00185,185,69,6,6,True,1,13.490917015587911,183.18912500399165,0.0322920095641166,0.01641598646529019,183.23783300002106
optimistic,200,bramev_event_score,42,42,42,t00070-c00185,185,70,7,7,True,1,35.32925000763498,255.95708301989362,0.03125000512227416,0.015500001609325409,256.0038330266252
optimistic,200,bramev_event_score,42,42,42,t00071-c00095,95,71,4,4,True,1,39.21308301505633,349.89541600225493,0.023625005269423127,0.01675001112744212,349.9357910186518
optimistic,200,bramev_event_score,42,42,42,t00074-c00016,16,74,6,6,True,1,43.80645899800584,469.62550000171177,0.019583996618166566,0.017166021279990673,469.6622500196099
optimistic,200,bramev_event_score,42,42,42,t00075-c00195,195,75,12,12,True,1,49.19670900562778,548.9815000037197,0.033666990930214524,0.016458012396469712,549.0316250070464
optimistic,200,bramev_event_score,42,42,42,t00076-c00063,63,76,5,5,True,1,34.602792002260685,237.5121249933727,0.02108400803990662,0.017749989638105035,237.55095899105072
optimistic,200,bramev_event_score,42,42,42,t00077-c00117,117,77,6,6,True,1,20.00679200864397,844.784749991959,119.3342920159921,0.019166007405146956,964.1382080153562
optimistic,200,bramev_event_score,42,42,42,t00077-c00161,161,77,15,15,True,1,74.02662499225698,964.0538330131676,0.132083980133757,0.010415998985990882,964.1963329922874
optimistic,200,bramev_event_score,42,42,42,t00079-c00079,79,79,7,7,True,1,62.94183401041664,291.51725000701845,0.024250010028481483,0.016499980119988322,291.5579999971669
optimistic,200,bramev_event_score,42,42,42,t00080-c00050,50,80,7,7,True,1,36.498499976005405,495.72970799636096,0.020791980205103755,0.01762501779012382,495.7681249943562
optimistic,200,bramev_event_score,42,42,42,t00080-c00162,162,80,7,7,True,1,115.07100000744686,418.1651250110008,77.6475409802515,0.008417002391070127,495.82108299364336
optimistic,200,bramev_event_score,42,42,42,t00081-c00070,70,81,9,9,True,1,43.0567089933902,308.58745900331996,0.020665989723056555,0.015875004464760423,308.6239999975078
optimistic,200,bramev_event_score,42,42,42,t00082-c00070,70,82,9,9,True,1,49.71700001624413,372.4282080074772,0.022082997020334005,0.019291997887194157,372.46958300238475
optimistic,200,bramev_event_score,42,42,42,t00083-c00164,164,83,8,8,True,1,78.61691602738574,446.1924580100458,0.032625015592202544,0.01754198456183076,446.24262501019984
optimistic,200,bramev_event_score,42,42,42,t00084-c00087,87,84,4,4,True,1,55.56049998267554,262.5590829993598,0.021249987185001373,0.0160830095410347,262.59641599608585
optimistic,200,bramev_event_score,42,42,42,t00085-c00006,6,85,3,3,True,1,1631.2298339908011,3373.886334011331,246.52074999175966,0.01620801049284637,3620.4232920135837
optimistic,200,bramev_event_score,42,42,42,t00085-c00038,38,85,7,7,True,1,716.0049579979386,3558.3830410032533,62.08891698042862,0.008750008419156075,3620.480707992101
optimistic,200,bramev_event_score,42,42,42,t00085-c00150,150,85,7,7,True,1,715.9677499730606,3558.3458749752026,62.13104201015085,0.005333014996722341,3620.48225000035
optimistic,200,bramev_event_score,42,42,42,t00085-c00174,174,85,13,13,True,1,715.934334002668,3620.2819170139264,0.19366698688827455,0.007041002390906215,3620.4826250032056
optimistic,200,bramev_event_score,42,42,42,t00086-c00106,106,86,3,3,True,1,27.053083991631866,205.92787500936538,61.160874989582226,0.015208992408588529,267.1039589913562
optimistic,200,bramev_event_score,42,42,42,t00086-c00175,175,86,7,7,True,1,45.377957983873785,267.0228329952806,0.12337500811554492,0.009124982170760632,267.15533298556693
optimistic,200,bramev_event_score,42,42,42,t00087-c00075,75,87,15,15,True,1,52.29237498133443,690.5344999977387,0.027791975298896432,0.022666004952043295,690.5849579779897
optimistic,200,bramev_event_score,42,42,42,t00088-c00158,158,88,6,6,True,1,181.72349999076687,779.4011659862008,0.031167000997811556,0.016958016203716397,779.4492910034023
optimistic,200,bramev_event_score,42,42,42,t00088-c00163,163,88,3,3,True,1,181.68916599825025,779.3667909863871,0.12516698916442692,0.006333022611215711,779.4982909981627
optimistic,200,bramev_event_score,42,42,42,t00089-c00018,18,89,6,6,True,1,109.46949999197386,612.0834579924121,0.017999991541728377,0.017542013665661216,612.1189999976195
optimistic,200,bramev_event_score,42,42,42,t00089-c00163,163,89,7,7,True,1,22.62545801931992,562.4093330116011,49.73404199699871,0.0072499969974160194,612.1506250055972
optimistic,200,bramev_event_score,42,42,42,t00091-c00032,32,91,7,7,True,1,52.38604199257679,247.8173749987036,0.01937500201165676,0.016417005099356174,247.8531670058146
optimistic,200,bramev_event_score,42,42,42,t00092-c00032,32,92,7,6,True,1,49.464625015389174,216.6750000033062,0.01750001683831215,0.014958990504965186,216.70745901064947
optimistic,200,bramev_event_score,42,42,42,t00093-c00126,126,93,11,11,True,1,97.06708398880437,754.7207919997163,0.03241698141209781,0.018749997252598405,754.771958978381
optimistic,200,bramev_event_score,42,42,42,t00094-c00071,71,94,12,12,True,1,43.28199999872595,423.6123750160914,0.025749992346391082,0.01683298614807427,423.65495799458586
optimistic,200,bramev_event_score,42,42,42,t00095-c00000,0,95,9,9,True,1,357.50970800290816,1897.4462499900255,295.4904579964932,0.01837499439716339,2192.955082980916
optimistic,200,bramev_event_score,42,42,42,t00095-c00071,71,95,7,6,True,1,222.9703749762848,2135.1756249787286,57.818166009383276,0.007583992555737495,2193.0013749806676
optimistic,200,bramev_event_score,42,42,42,t00095-c00120,120,95,10,10,True,1,261.43387498450466,2192.839583993191,0.1577500079292804,0.00899998121894896,2193.006333982339
optimistic,200,bramev_event_score,42,42,42,t00095-c00156,156,95,12,12,True,1,91.02333299233578,2135.110375005752,57.89029199513607,0.00937501317821443,2193.010042014066
optimistic,200,bramev_event_score,42,42,42,t00096-c00112,112,96,3,3,True,1,27.023624978028238,131.15079098497517,0.02195901470258832,0.013415992725640535,131.1861659924034
optimistic,200,bramev_event_score,42,42,42,t00097-c00030,30,97,7,7,True,1,36.98758300743066,547.2572080034297,0.02012500772252679,0.016000005416572094,547.2933330165688
optimistic,200,bramev_event_score,42,42,42,t00097-c00189,189,97,8,8,True,1,132.94524999218993,527.6687080040574,19.67237499775365,0.00795899541117251,547.3490419972222
optimistic,200,bramev_event_score,42,42,42,t00099-c00028,28,99,4,4,True,1,61.104874999728054,291.92420799518004,0.021458981791511178,0.018999999156221747,291.9646669761278
optimistic,200,bramev_event_score,42,42,42,t00100-c00132,132,100,5,5,True,1,72.16537502245046,313.99575000978075,0.027958012651652098,0.017457990907132626,314.04116601333953
optimistic,200,bramev_event_score,42,42,42,t00101-c00110,110,101,10,10,True,1,304.54079099581577,3438.229457999114,19.194916996639222,0.017457990907132626,3457.4418329866603
optimistic,200,bramev_event_score,42,42,42,t00101-c00116,116,101,8,8,True,1,304.50087500503287,3457.355958002154,0.12350000906735659,0.007583992555737495,3457.487042003777
optimistic,200,bramev_event_score,42,42,42,t00101-c00132,132,101,5,4,True,1,852.3805000004359,3298.864042008063,158.615791995544,0.005458015948534012,3457.4852920195553
optimistic,200,bramev_event_score,42,42,42,t00101-c00153,153,101,11,11,True,1,304.4324590009637,3438.1207499827724,19.3578340113163,0.005790992872789502,3457.4843749869615
optimistic,200,bramev_event_score,42,42,42,t00102-c00185,185,102,5,3,True,1,46.82429198874161,174.06191700138152,0.03141601337119937,0.01604200224392116,174.10937501699664
optimistic,200,bramev_event_score,42,42,42,t00103-c00022,22,103,5,5,True,1,289.9010000110138,814.8587500036228,160.87970801163465,0.022082997020334005,975.7605410122778
optimistic,200,bramev_event_score,42,42,42,t00103-c00091,91,103,7,7,True,1,42.200875002890825,894.2985419998877,81.50604099500924,0.008750008419156075,975.8133330033161
optimistic,200,bramev_event_score,42,42,42,t00103-c00100,100,103,4,4,True,1,147.48645800864324,975.6494169996586,0.16324999160133302,0.006083020707592368,975.8187500119675
optimistic,200,bramev_event_score,42,42,42,t00104-c00073,73,104,6,6,True,1,5431.683458999032,7811.700208985712,0.025208020815625787,0.01966700074262917,7811.745084007271
optimistic,200,bramev_event_score,42,42,42,t00104-c00100,100,104,4,3,True,1,5431.647249992238,7811.663750006119,0.13604198466055095,0.005458015948534012,7811.805250006728
optimistic,200,bramev_event_score,42,42,42,t00104-c00142,142,104,4,4,True,1,5431.6119169816375,7811.627916991711,0.17254200065508485,0.004708010237663984,7811.805167002603
optimistic,200,bramev_event_score,42,42,42,t00104-c00168,168,104,5,5,True,1,43.27658299007453,7092.491582996445,719.2998339887708,0.0050000089686363935,7811.796416994184
optimistic,200,bramev_event_score,42,42,42,t00104-c00170,170,104,4,4,True,1,5431.5479999931995,7811.563916009618,0.22162499953992665,0.0036249984987080097,7811.789166007657
optimistic,200,bramev_event_score,42,42,42,t00105-c00073,73,105,4,4,True,1,1362.2375419945456,2720.282916998258,292.71233300096355,0.016083999071270227,3013.0113339982927
optimistic,200,bramev_event_score,42,42,42,t00105-c00082,82,105,3,3,True,1,1362.1997500013094,2720.245167001849,292.79654199490324,0.005790992872789502,3013.047499989625
optimistic,200,bramev_event_score,42,42,42,t00105-c00100,100,105,5,5,True,1,193.53470898931846,2720.212291984353,292.82412500469945,0.004417001036927104,3013.0408339900896
optimistic,200,bramev_event_score,42,42,42,t00105-c00168,168,105,15,15,True,1,73.53737502126023,3012.8663340001367,0.16712502110749483,0.007041002390906215,3013.040500023635
optimistic,200,bramev_event_score,42,42,42,t00106-c00193,193,106,6,6,True,1,29.13541698944755,269.0249169827439,0.032540992833673954,0.016959005733951926,269.0744169813115
optimistic,200,bramev_event_score,42,42,42,t00107-c00009,9,107,3,3,True,1,42.147416999796405,187.3056250042282,0.01604200224392116,0.01462499494664371,187.33629200141877
optimistic,200,bramev_event_score,42,42,42,t00108-c00044,44,108,4,4,True,1,49.77225000038743,261.0749999876134,0.020167004549875855,0.017082988051697612,261.112249980215
optimistic,200,bramev_event_score,42,42,42,t00109-c00044,44,109,4,3,True,1,419.6828329877462,1738.971374987159,0.023917004000395536,0.020332983694970608,1739.0156249748543
optimistic,200,bramev_event_score,42,42,42,t00109-c00051,51,109,4,4,True,1,419.64350000489503,1738.931917003356,0.12462498852983117,0.007374997949227691,1739.063916989835
optimistic,200,bramev_event_score,42,42,42,t00109-c00140,140,109,6,6,True,1,419.60358401411213,1738.891999993939,0.16508399858139455,0.005166017217561603,1739.062250009738
optimistic,200,bramev_event_score,42,42,42,t00110-c00129,129,110,4,4,True,1,41.02920900913887,747.301041992614,0.029750022804364562,0.018916995031759143,747.3497090104502
optimistic,200,bramev_event_score,42,42,42,t00110-c00159,159,110,3,3,True,1,40.98845800035633,747.2605409857351,0.13858400052413344,0.006249989382922649,747.4053749756422
optimistic,200,bramev_event_score,42,42,42,t00111-c00129,129,111,9,6,True,1,74.70520801143721,312.3554170015268,15.698500006692484,0.025415996788069606,328.07933300500736
optimistic,200,bramev_event_score,42,42,42,t00112-c00136,136,112,7,7,True,1,37.798875011503696,188.39024999761023,0.027875008527189493,0.01420799526385963,188.43233300140128
optimistic,200,bramev_event_score,42,42,42,t00113-c00136,136,113,7,6,True,1,39.336665999144316,365.2443329920061,121.20749999303371,0.017292011762037873,486.46912499680184
optimistic,200,bramev_event_score,42,42,42,t00113-c00138,138,113,4,4,True,1,65.80050001502968,486.38516702339984,0.12154199066571891,0.00695799826644361,486.513667012332
optimistic,200,bramev_event_score,42,42,42,t00114-c00199,199,114,4,4,True,1,15.804124996066093,123.92691700370051,0.02833301550708711,0.013749988283962011,123.96900000749156
optimistic,200,bramev_event_score,42,42,42,t00115-c00053,53,115,5,5,True,1,51.39125001733191,972.9999999981374,0.019500002963468432,0.016542006051167846,973.036042007152
optimistic,200,bramev_event_score,42,42,42,t00115-c00101,101,115,8,8,True,1,37.31258402694948,943.6177500174381,29.479791992343962,0.008167000487446785,973.1057090102695
optimistic,200,bramev_event_score,42,42,42,t00115-c00127,127,115,5,5,True,1,173.08887498802505,923.2162919943221,49.884374981047586,0.005833018803969026,973.1064999941736
optimistic,200,bramev_event_score,42,42,42,t00116-c00053,53,116,5,4,True,1,14.9810409930069,123.59445801121183,0.015666999388486147,0.012165983207523823,123.62229099380784
optimistic,200,bramev_event_score,42,42,42,t00117-c00015,15,117,3,3,True,1,14.835167006822303,61.44079199293628,0.010167015716433525,0.009749986929818988,61.460708995582536
optimistic,200,bramev_event_score,42,42,42,t00120-c00011,11,120,4,4,True,1,39.576749986736104,506.50862499605864,0.014541001291945577,0.013834011042490602,506.5370000083931
optimistic,200,bramev_event_score,42,42,42,t00120-c00018,18,120,6,4,True,1,211.97166701313108,432.9839170095511,73.58037499943748,0.006291986210271716,506.57058399519883
optimistic,200,bramev_event_score,42,42,42,t00121-c00173,173,121,9,9,True,1,84.93320900015533,502.57170901750214,0.03183298395015299,0.01783299376256764,502.62137499521486
optimistic,200,bramev_event_score,42,42,42,t00124-c00016,16,124,7,3,True,1,160.47716597677208,277.06224998109974,72.33270799042657,0.014792021829634905,349.40974999335594
optimistic,200,bramev_event_score,42,42,42,t00124-c00038,38,124,4,2,True,1,36.79395900689997,349.3391670053825,0.11041699326597154,0.005500012775883079,349.45508401142433
optimistic,200,bramev_event_score,42,42,42,t00125-c00021,21,125,4,4,True,1,17.44370799860917,650.7772500044666,0.018916005501523614,0.015291996533051133,650.8114580065012
optimistic,200,bramev_event_score,42,42,42,t00125-c00038,38,125,3,1,True,1,347.2452090063598,347.2452090063598,303.5948750039097,0.005332985892891884,650.8454169961624
optimistic,200,bramev_event_score,42,42,42,t00125-c00137,137,125,4,4,True,1,17.362709011649713,650.6967090244871,0.1380409812554717,0.00504200579598546,650.8397920115385
optimistic,200,bramev_event_score,42,42,42,t00127-c00056,56,127,6,6,True,1,35.881124989828095,488.44462499255314,0.022249994799494743,0.017749989638105035,488.48462497699074
optimistic,200,bramev_event_score,42,42,42,t00128-c00055,55,128,7,7,True,1,44.65995900682174,222.63941701385193,0.01912500010803342,0.014416989870369434,222.67295900383033
optimistic,200,bramev_event_score,42,42,42,t00129-c00107,107,129,4,4,True,1,16.661959001794457,110.56433399789967,0.023375003365799785,0.014874996850267053,110.60258399811573
optimistic,200,bramev_event_score,42,42,42,t00130-c00081,81,130,5,5,True,1,15.872791991569102,447.75179200223647,0.021374988136813045,0.014500023098662496,447.78766701347195
optimistic,200,bramev_event_score,42,42,42,t00130-c00120,120,130,7,6,True,1,101.74208300304599,396.393667004304,51.432790991384536,0.007916998583823442,447.83437499427237
optimistic,200,bramev_event_score,42,42,42,t00132-c00089,89,132,5,5,True,1,31.89695900073275,184.63241698918864,0.022833002731204033,0.016667007002979517,184.67191699892282
optimistic,200,bramev_event_score,42,42,42,t00133-c00089,89,133,5,5,True,1,23.11166698927991,209.26766699994914,0.024874985683709383,0.017167010810226202,209.30970899644308
optimistic,200,bramev_event_score,42,42,42,t00135-c00045,45,135,7,7,True,1,59.225541015621275,290.6285829958506,0.020000006770715117,0.015124998753890395,290.6637080013752
optimistic,200,bramev_event_score,42,42,42,t00136-c00042,42,136,4,4,True,1,65.51454198779538,325.870542001212,0.019790983060374856,0.018709019059315324,325.9090420033317
optimistic,200,bramev_event_score,42,42,42,t00136-c00133,133,136,3,3,True,1,21.737667004344985,225.23349997936748,100.71929200785235,0.006874994141981006,325.9596669813618
optimistic,200,bramev_event_score,42,42,42,t00137-c00026,26,137,7,7,True,1,62.64979200204834,321.0762920207344,0.01866600359790027,0.015416997484862804,321.11037502181716
optimistic,200,bramev_event_score,42,42,42,t00138-c00147,147,138,7,7,True,1,55.7305000256747,283.2298749999609,0.027292000595480204,0.01491600414738059,283.27208300470375
optimistic,200,bramev_event_score,42,42,42,t00139-c00184,184,139,5,5,True,1,25.025000009918585,134.87433298723772,0.02950002090074122,0.01362498733215034,134.9174579954706
optimistic,200,bramev_event_score,42,42,42,t00140-c00086,86,140,7,7,True,1,57.510541984811425,738.0634169967379,0.025666988221928477,0.017250014934688807,738.1063339998946
optimistic,200,bramev_event_score,42,42,42,t00140-c00124,124,140,4,4,True,1,332.0918750250712,738.0236250173766,0.11329198605380952,0.005708017852157354,738.1426250212826
optimistic,200,bramev_event_score,42,42,42,t00141-c00067,67,141,3,3,True,1,134.50891699176282,364.8276669846382,0.02316699828952551,0.015333003830164671,364.8661669867579
optimistic,200,bramev_event_score,42,42,42,t00141-c00197,197,141,3,3,True,1,134.4614580157213,364.78041601367295,0.12041698209941387,0.006167014362290502,364.90700001013465
optimistic,200,bramev_event_score,42,42,42,t00142-c00074,74,142,6,6,True,1,55.31991700991057,410.61766698840074,0.02095801755785942,0.016292004147544503,410.65491701010615
optimistic,200,bramev_event_score,42,42,42,t00142-c00096,96,142,6,6,True,1,38.91658299835399,370.6807919952553,40.01608298858628,0.007333001121878624,410.70420798496343
optimistic,200,bramev_event_score,42,42,42,t00143-c00005,5,143,6,6,True,1,32.70287500345148,713.9500000048429,0.018583989003673196,0.016875012079253793,713.9854590059258
optimistic,200,bramev_event_score,42,42,42,t00143-c00061,61,143,3,3,True,1,110.20554101560265,685.5785410152748,28.465209004934877,0.006249989382922649,714.0500000095926
optimistic,200,bramev_event_score,42,42,42,t00143-c00155,155,143,3,3,True,1,110.17154200817458,685.544750012923,28.502457978902385,0.005125009920448065,714.0523330017459
optimistic,200,bramev_event_score,42,42,42,t00144-c00005,5,144,3,3,True,1,28.654958005063236,418.13958302373067,142.04512498690747,0.020750012481585145,560.2054580231197
optimistic,200,bramev_event_score,42,42,42,t00144-c00015,15,144,4,4,True,1,94.18579199700616,501.6573329921812,58.59475000761449,0.00666698906570673,560.2587499888614
optimistic,200,bramev_event_score,42,42,42,t00144-c00057,57,144,9,9,True,1,72.21799998660572,560.0918339914642,0.16116598271764815,0.007209018804132938,560.260208992986
optimistic,200,bramev_event_score,42,42,42,t00147-c00022,22,147,9,8,True,1,110.5448339949362,1208.0305839772336,29.23037501750514,0.018457998521625996,1237.2794169932604
optimistic,200,bramev_event_score,42,42,42,t00147-c00118,118,147,8,8,True,1,157.6797500019893,1237.1922919992357,0.12783301644958556,0.007875001756474376,1237.3280000174418
optimistic,200,bramev_event_score,42,42,42,t00148-c00108,108,148,4,4,True,1,57.81808300525881,347.0530000049621,0.02420798409730196,0.016667007002979517,347.09387499606237
optimistic,200,bramev_event_score,42,42,42,t00148-c00160,160,148,7,7,True,1,35.46083299443126,291.28870798740536,55.83820800529793,0.006624992238357663,347.13354098494165
optimistic,200,bramev_event_score,42,42,42,t00149-c00048,48,149,3,3,True,1,42.368958005681634,195.64650001120754,68.6314580088947,0.016749982023611665,264.29470800212584
optimistic,200,bramev_event_score,42,42,42,t00149-c00113,113,149,4,3,True,1,26.768790994537994,264.2167499870993,0.13270799536257982,0.006667018169537187,264.35612500063144
optimistic,200,bramev_event_score,42,42,42,t00149-c00180,180,149,4,4,True,1,26.732416998129338,264.18075000401586,0.167958001838997,0.0048340007197111845,264.35354200657457
optimistic,200,bramev_event_score,42,42,42,t00150-c00048,48,150,3,2,True,1,46.56620798050426,83.11041598790325,0.014417018974199891,0.011457974324002862,83.13629098120145
optimistic,200,bramev_event_score,42,42,42,t00152-c00157,157,152,9,9,True,1,21.933624986559153,344.0072079829406,0.031167000997811556,0.017332989955320954,344.05570797389373
optimistic,200,bramev_event_score,42,42,42,t00155-c00004,4,155,4,4,True,1,48.5534580075182,323.30216601258144,0.01754198456183076,0.018499995348975062,323.33820799249224
optimistic,200,bramev_event_score,42,42,42,t00156-c00017,17,156,7,7,True,1,44.380375009495765,220.08075000485405,0.018499995348975062,0.016915990272536874,220.11616599047557
optimistic,200,bramev_event_score,42,42,42,t00157-c00060,60,157,5,5,True,1,114.89462500321679,867.1102080261335,0.019749975763261318,0.016000005416572094,867.1459580073133
optimistic,200,bramev_event_score,42,42,42,t00157-c00171,171,157,16,16,True,1,39.73479100386612,784.0755000070203,83.10916600748897,0.009249983122572303,867.1939159976318
optimistic,200,bramev_event_score,42,42,42,t00158-c00029,29,158,6,6,True,1,55.078000004868954,544.3507080199197,0.019749975763261318,0.017375015886500478,544.3878330115695
optimistic,200,bramev_event_score,42,42,42,t00159-c00097,97,159,3,3,True,1,56.690875004278496,271.49583300342783,0.023458997020497918,0.015875004464760423,271.5351670049131
optimistic,200,bramev_event_score,42,42,42,t00160-c00055,55,160,6,6,True,1,40.01929101650603,620.5417500168551,0.019665982108563185,0.016000005416572094,620.5774160043802
optimistic,200,bramev_event_score,42,42,42,t00160-c00145,145,160,7,7,True,1,154.9558329861611,529.097582999384,91.50675000273623,0.007499998901039362,620.6118330010213
optimistic,200,bramev_event_score,42,42,42,t00161-c00065,65,161,4,4,True,1,12.043082999298349,75.56250001653098,0.017166981706395745,0.011541007552295923,75.59120800578967
optimistic,200,bramev_event_score,42,42,42,t00162-c00080,80,162,5,5,True,1,18.041916977381334,279.4149169931188,0.022416003048419952,0.018041988369077444,279.4553749845363
optimistic,200,bramev_event_score,42,42,42,t00163-c00041,41,163,6,6,True,1,18.56845899601467,329.7506670060102,0.020207982743158937,0.01633400097489357,329.78720898972824
optimistic,200,bramev_event_score,42,42,42,t00164-c00041,41,164,4,4,True,1,179.8027920012828,1951.776208996307,168.79675001837313,0.02029098686762154,2120.593250001548
optimistic,200,bramev_event_score,42,42,42,t00164-c00130,130,164,10,10,True,1,146.3573329965584,1817.2395000001416,303.4025829983875,0.009332987247034907,2120.651415985776
optimistic,200,bramev_event_score,42,42,42,t00164-c00138,138,164,5,5,True,1,433.22354200063273,2120.47895899741,0.16712502110749483,0.008707982487976551,2120.6547920010053
optimistic,200,bramev_event_score,42,42,42,t00165-c00046,46,165,3,3,True,1,16.788500011898577,129.89616699633189,0.017542013665661216,0.017624988686293364,129.93133399868384
optimistic,200,bramev_event_score,42,42,42,t00167-c00098,98,167,7,7,True,1,94.4325000164099,451.12004200927913,0.024457986000925303,0.017375015886500478,451.16187501116656
optimistic,200,bramev_event_score,42,42,42,t00173-c00170,170,173,7,7,True,1,29.337374988244846,169.11574997357093,0.02920802216976881,0.01391698606312275,169.15887498180382
optimistic,200,bramev_event_score,42,42,42,t00174-c00054,54,174,3,3,True,1,152.30341599090025,392.54845801042393,57.4193749926053,0.016375008272007108,449.98420801130123
optimistic,200,bramev_event_score,42,42,42,t00174-c00170,170,174,7,7,True,1,33.41166698373854,449.901833984768,0.13120801304467022,0.0076669966802001,450.0407089944929
optimistic,200,bramev_event_score,42,42,42,t00175-c00054,54,175,3,2,True,1,129.15066600544378,344.2549580067862,0.020332983694970608,0.020042003598064184,344.2953329940792
optimistic,200,bramev_event_score,42,42,42,t00175-c00170,170,175,3,3,True,1,26.33341701584868,198.72466698870994,145.61983302701265,0.007207971066236496,344.3517079867888
optimistic,200,bramev_event_score,42,42,42,t00176-c00078,78,176,13,13,True,1,54.36750000808388,642.0990420156159,0.026249996153637767,0.020832987502217293,642.1461249992717
optimistic,200,bramev_event_score,42,42,42,t00177-c00034,34,177,3,3,True,1,16.897209017770365,75.44191702618264,0.015707977581769228,0.013667013263329864,75.47129201702774
optimistic,200,bramev_event_score,42,42,42,t00179-c00088,88,179,3,3,True,1,407.0921670063399,1430.348708992824,391.34450000710785,0.015458004781976342,1821.7086670047138
optimistic,200,bramev_event_score,42,42,42,t00179-c00092,92,179,8,8,True,1,147.1692500053905,1712.188542005606,109.55020799883641,0.007541995728388429,1821.7462920001708
optimistic,200,bramev_event_score,42,42,42,t00179-c00198,198,179,15,15,True,1,147.13374999701045,1821.5970830060542,0.16679198597557843,0.008166010957211256,1821.772041002987
optimistic,200,bramev_event_score,42,42,42,t00180-c00092,92,180,11,11,True,1,50.88945900206454,1319.40162499086,0.02441700780764222,0.015458004781976342,1319.4415000034496
optimistic,200,bramev_event_score,42,42,42,t00180-c00198,198,180,9,9,True,1,249.34962499537505,1237.0190829969943,82.4552089907229,0.0075830030255019665,1319.4818749907427
optimistic,200,bramev_event_score,42,42,42,t00182-c00056,56,182,7,6,True,1,118.6786670004949,509.7609580261633,0.021249987185001373,0.01675001112744212,509.7989580244757
optimistic,200,bramev_event_score,42,42,42,t00184-c00128,128,184,6,6,True,1,204.87945899367332,1462.0757090160623,0.02654097625054419,0.01645900192670524,1462.1187089942396
optimistic,200,bramev_event_score,42,42,42,t00184-c00144,144,184,5,5,True,1,116.32991599617526,1246.1556250054855,216.00058299372904,0.007333001121878624,1462.1635410003364
optimistic,200,bramev_event_score,42,42,42,t00184-c00148,148,184,7,7,True,1,65.54012501146644,1408.1611250003334,53.9959580055438,0.006000016583129764,1462.1630830224603
optimistic,200,bramev_event_score,42,42,42,t00184-c00196,196,184,10,10,True,1,34.26062501966953,1300.4167920153122,161.7390829778742,0.006958027370274067,1462.1628330205567
optimistic,200,bramev_event_score,42,42,42,t00185-c00115,115,185,5,5,True,1,95.54562499397434,478.05350000271574,70.75308400089853,0.01562500256113708,548.8222090061754
optimistic,200,bramev_event_score,42,42,42,t00185-c00196,196,185,9,8,True,1,53.00062499009073,548.7378330144566,0.13474997831508517,0.008875009370967746,548.8814580021426
optimistic,200,bramev_event_score,42,42,42,t00186-c00033,33,186,7,7,True,1,271.4778330118861,1049.877249985002,237.75216701324098,0.015958008589223027,1287.6453750068322
optimistic,200,bramev_event_score,42,42,42,t00186-c00047,47,186,8,7,True,1,165.32116697635502,1249.8108329891693,37.86779200891033,0.007833004929125309,1287.6864580030087
optimistic,200,bramev_event_score,42,42,42,t00186-c00121,121,186,9,9,True,1,86.10449999105185,1287.5303749751765,0.14937500236555934,0.006832997314631939,1287.6865829748567
optimistic,200,bramev_event_score,42,42,42,t00186-c00192,192,186,6,6,True,1,51.08524998649955,1176.3497499923687,111.3286670006346,0.0051670067477971315,1287.6835839997511
optimistic,200,bramev_event_score,42,42,42,t00188-c00083,83,188,5,5,True,1,115.5440830043517,477.3106659995392,0.025166984414681792,0.016708014300093055,477.35254099825397
optimistic,200,bramev_event_score,42,42,42,t00189-c00040,40,189,5,4,True,1,41.30116701708175,117.70862500998192,0.015375000657513738,0.012333999620750546,117.73633401026018
optimistic,200,bramev_event_score,42,42,42,t00190-c00012,12,190,4,4,True,1,121.21504099923186,468.18320799502544,0.017291982658207417,0.01575000351294875,468.2162499811966
optimistic,200,bramev_event_score,42,42,42,t00190-c00055,55,190,7,4,True,1,45.65933300182223,329.00616599363275,139.2557919898536,0.006582995411008596,468.26854097889736
optimistic,200,bramev_event_score,42,42,42,t00191-c00012,12,191,7,7,True,1,36.465417011640966,302.72941701696254,0.017790996935218573,0.015958998119458556,302.7631670120172
optimistic,200,bramev_event_score,42,42,42,t00192-c00012,12,192,4,4,True,1,33.8331249949988,247.83604199183173,0.016583013348281384,0.015541998436674476,247.8681670036167
optimistic,200,bramev_event_score,42,42,42,t00193-c00155,155,193,3,2,True,1,50.97283300710842,143.14795800601132,19.201041985070333,0.02154201501980424,162.37054200610146
optimistic,200,bramev_event_score,42,42,42,t00195-c00124,124,195,3,3,True,1,131.33629100047983,438.12599999364465,0.024666020181030035,0.015749974409118295,438.1664159882348
optimistic,200,bramev_event_score,42,42,42,t00197-c00146,146,197,6,6,True,1,39.4934999931138,242.7699580148328,0.027125002816319466,0.01654197694733739,242.81362499459647
optimistic,200,bramev_event_score,42,42,42,t00198-c00020,20,198,3,2,True,1,327.817999990657,586.0672089911532,79.77437501540408,0.016875012079253793,665.8584590186365
optimistic,200,bramev_event_score,42,42,42,t00198-c00176,176,198,3,3,True,1,138.08345899451524,586.0239589819685,79.88320800359361,0.006375019438564777,665.9135420050006
optimistic,200,bramev_event_score,42,42,42,t00198-c00178,178,198,6,6,True,1,53.87674999656156,665.7504579925444,0.15925001935102046,0.006499991286545992,665.916208003182
optimistic,200,bramev_event_score,42,42,42,t00199-c00178,178,199,6,6,True,1,39.718042011372745,285.39633299806155,0.029291986720636487,0.016833015251904726,285.4424580000341
optimistic,200,bramev_event_score,42,42,42,t00200-c00062,62,200,3,3,True,1,25.97870901809074,129.3323750142008,0.02141698496416211,0.015500001609325409,129.3692920007743
optimistic,200,bramev_event_score,42,42,42,t00202-c00085,85,202,3,3,True,1,33.27858398552053,137.6421669847332,0.02254202263429761,0.017582991858944297,137.68229199922644
optimistic,200,bramev_event_score,42,42,42,t00203-c00077,77,203,7,7,True,1,119.9060829821974,503.30708298133686,0.023709028027951717,0.017165992176160216,503.347958001541
optimistic,200,bramev_event_score,42,42,42,t00203-c00085,85,203,3,3,True,1,38.85941702174023,458.9319170045201,44.44774999865331,0.006207992555573583,503.38587499572895
optimistic,200,bramev_event_score,42,42,42,t00204-c00165,165,204,6,6,True,1,25.026582996360958,200.44208300532773,0.030458992114290595,0.016457983292639256,200.48899998073466
optimistic,200,bramev_event_score,42,42,42,t00205-c00165,165,205,4,4,True,1,82.28149998467416,662.1777089894749,0.02924998989328742,0.015541008906438947,662.2224999882746
optimistic,200,bramev_event_score,42,42,42,t00205-c00190,190,205,7,7,True,1,82.24520800285973,662.141500011785,0.11937497765757143,0.006583024514839053,662.2674580139574
optimistic,200,bramev_event_score,42,42,42,t00207-c00035,35,207,4,4,True,1,31.290083017665893,400.49862500745803,0.01779201556928456,0.013999990187585354,400.5304170132149
optimistic,200,bramev_event_score,42,42,42,t00207-c00169,169,207,7,7,True,1,93.6387499968987,366.7667080007959,33.8032919971738,0.006999995093792677,400.5769999930635
optimistic,200,bramev_event_score,42,42,42,t00210-c00013,13,210,6,6,True,1,37.38916601287201,601.0799579962622,73.06537500699051,0.01604200224392116,674.1613750054967
optimistic,200,bramev_event_score,42,42,42,t00210-c00031,31,210,7,7,True,1,97.84891700837761,643.7254170014057,30.46883299248293,0.007374997949227691,674.2016249918379
optimistic,200,bramev_event_score,42,42,42,t00210-c00166,166,210,4,4,True,1,127.26174999261275,674.0489169897046,0.14358299085870385,0.005083013093098998,674.1975829936564
optimistic,200,bramev_event_score,42,42,42,t00211-c00037,37,211,7,7,True,1,38.34337499574758,188.75479098642245,0.01895899185910821,0.015124998753890395,188.78887497703545
optimistic,200,bramev_event_score,42,42,42,t00213-c00049,49,213,4,4,True,1,37.29587499401532,248.90529201366007,42.57495800266042,0.014499993994832039,291.49475001031533
optimistic,200,bramev_event_score,42,42,42,t00213-c00104,104,213,5,5,True,1,61.56508301501162,291.42020802828483,0.1083339739125222,0.006708025466650724,291.535250027664
optimistic,200,bramev_event_score,42,42,42,t00217-c00081,81,217,10,10,True,1,613.6967079946771,13077.623290999327,0.0329999893438071,0.022459018509835005,13077.67875000718
optimistic,200,bramev_event_score,42,42,42,t00217-c00099,99,217,7,7,True,1,613.6585420172196,13077.585209015524,0.13929099077358842,0.007416994776576757,13077.731917001074
optimistic,200,bramev_event_score,42,42,42,t00217-c00122,122,217,8,8,True,1,613.6243749933783,13077.551124995807,0.19095800234936178,0.00566698145121336,13077.747749979608
optimistic,200,bramev_event_score,42,42,42,t00217-c00181,181,217,6,6,True,1,251.94845799705945,13077.520332997665,0.22270801127888262,0.00504200579598546,13077.74808301474
optimistic,200,bramev_event_score,42,42,42,t00217-c00183,183,217,5,5,True,1,251.92112498916686,13077.492790995166,0.24616700829938054,0.004250003257766366,13077.743208006723
optimistic,200,bramev_event_score,42,42,42,t00218-c00099,99,218,9,9,True,1,85.78424999723211,533.0676249868702,0.025500019546598196,0.017457990907132626,533.110582997324
optimistic,200,bramev_event_score,42,42,42,t00218-c00135,135,218,3,3,True,1,26.345332997152582,386.26274999114685,146.87879200209863,0.006832997314631939,533.1483749905601
optimistic,200,bramev_event_score,42,42,42,t00219-c00135,135,219,4,4,True,1,55.07170900818892,350.74320901185274,0.02741598291322589,0.016292004147544503,350.7869169989135
optimistic,200,bramev_event_score,42,42,42,t00222-c00175,175,222,5,5,True,1,29.919124994194135,239.6642499952577,0.03024999750778079,0.01562500256113708,239.71012499532662
optimistic,200,bramev_event_score,42,42,42,t00223-c00175,175,223,3,3,True,1,25.267458986490965,159.2739170009736,0.029457994969561696,0.013667013263329864,159.3170420092065
optimistic,200,bramev_event_score,42,42,42,t00225-c00068,68,225,1,1,True,1,39.71629199804738,39.71629199804738,0.011666998034343123,0.009124982170760632,39.737083978252485
optimistic,200,bramev_event_score,42,42,42,t00226-c00064,64,226,6,6,True,1,22.293583024293184,455.83275001263246,87.06600000732578,0.01754099503159523,542.9162910149898
optimistic,200,bramev_event_score,42,42,42,t00226-c00066,66,226,4,4,True,1,125.82387501606718,542.8370409936178,0.11820902000181377,0.008125003660097718,542.9633750172798
optimistic,200,bramev_event_score,42,42,42,t00227-c00059,59,227,9,9,True,1,48.74833399662748,339.16870900429785,0.02487501478753984,0.016874982975423336,339.2104590020608
optimistic,200,bramev_event_score,42,42,42,t00229-c00043,43,229,6,6,True,1,39.10708401235752,260.55212499340996,0.019625003915280104,0.015792000340297818,260.58754199766554
optimistic,200,bramev_event_score,42,42,42,t00233-c00167,167,233,7,7,True,1,72.19783298205584,361.58820797572844,0.030834024073556066,0.018790975445881486,361.6378329752479
optimistic,200,bramev_event_score,42,42,42,t00235-c00069,69,235,8,8,True,1,78.20929100853391,467.854582995642,0.022666994482278824,0.016458012396469712,467.8937080025207
optimistic,200,bramev_event_score,42,42,42,t00236-c00090,90,236,3,3,True,1,18.904417025623843,555.3584580193274,251.10695898183621,0.015124998753890395,806.4805419999175
optimistic,200,bramev_event_score,42,42,42,t00236-c00131,131,236,7,7,True,1,58.166875009192154,806.4017920114566,0.13679199037142098,0.008666014764457941,806.5472500165924
optimistic,200,bramev_event_score,42,42,42,t00236-c00133,133,236,3,3,True,1,133.98154199239798,623.9390420087148,182.5979579880368,0.005707988748326898,806.5427079854999
optimistic,200,bramev_event_score,42,42,42,t00236-c00179,179,236,5,5,True,1,93.41512501123361,744.7572080127429,61.77374999970198,0.005374982720240951,806.5363329951651
optimistic,200,bramev_event_score,42,42,42,t00237-c00090,90,237,4,4,True,1,31.006375007564202,171.44325000117533,0.02099998528137803,0.016125006368383765,171.4803749928251
optimistic,200,bramev_event_score,42,42,42,t00239-c00177,177,239,3,3,True,1,21.26325000426732,267.95841701095924,49.12070799036883,0.015666999388486147,317.09479200071655
optimistic,200,bramev_event_score,42,42,42,t00239-c00194,194,239,6,6,True,1,55.344332999084145,317.010124999797,0.13412500265985727,0.007291004294529557,317.15154100675136
optimistic,200,bramev_event_score,42,42,42,t00240-c00154,154,240,5,5,True,1,61.30741600645706,399.44649999961257,88.31412502331659,0.01637497916817665,487.77700000209734
optimistic,200,bramev_event_score,42,42,42,t00240-c00177,177,240,6,5,True,1,22.45250000851229,487.6927080040332,0.12570800026878715,0.0072499969974160194,487.8256660012994
optimistic,200,bramev_event_score,42,42,42,t00244-c00024,24,244,14,14,True,1,69.80812500114553,1447.643000021344,0.023125001462176442,0.020124978618696332,1447.686250001425
optimistic,200,bramev_event_score,42,42,42,t00244-c00085,85,244,4,4,True,1,170.98249998525716,1345.6277919758577,102.10783302318305,0.00666698906570673,1447.7422919881064
optimistic,200,bramev_event_score,42,42,42,t00245-c00024,24,245,10,10,True,1,59.80058299610391,524.8363749997225,0.020957988454028964,0.01779201556928456,524.8751250037458
optimistic,200,bramev_event_score,42,42,42,t00246-c00088,88,246,3,2,True,1,154.51583298272453,409.0997919847723,0.02204100019298494,0.014334014849737287,409.13616699981503
optimistic,200,bramev_event_score,42,42,42,t00247-c00088,88,247,3,1,True,1,259.2602919903584,259.2602919903584,82.7368329919409,0.014042016118764877,342.01116699841805
optimistic,200,bramev_event_score,42,42,42,t00247-c00114,114,247,7,7,True,1,40.532999992137775,341.9362499844283,0.10841700714081526,0.008125003660097718,342.0527919952292
optimistic,200,bramev_event_score,42,42,42,t00248-c00005,5,248,8,8,True,1,31.717540987301618,232.9477909952402,0.0153339933604002,0.014499993994832039,232.97762498259544
optimistic,200,bramev_event_score,42,42,42,t00250-c00182,182,250,6,5,True,1,32.29741600807756,225.9837500168942,0.029332994017750025,0.015666999388486147,226.02875001030043
optimistic,200,bramev_event_score,42,42,42,t00251-c00031,31,251,3,2,True,1,44.72754101152532,202.93704100186005,0.018709019059315324,0.01795799471437931,202.97370801563375
optimistic,200,bramev_event_score,42,42,42,t00252-c00053,53,252,9,9,True,1,23.779457987984642,191.6894579771906,0.020167004549875855,0.015666009858250618,191.72529099159874
optimistic,200,bramev_event_score,42,42,42,t00253-c00007,7,253,6,5,True,1,31.797417002962902,192.32091700541787,0.016541016520932317,0.016999983927235007,192.35445800586604
optimistic,200,bramev_event_score,42,42,42,t00254-c00106,106,254,4,4,True,1,17.854749981779605,122.28170898742974,0.02404101542197168,0.015458994312211871,122.32120899716392
optimistic,200,bramev_event_score,42,42,42,t00255-c00116,116,255,15,15,True,1,49.492416001157835,533.3762079826556,0.02962502185255289,0.017999991541728377,533.4238329960499
optimistic,200,bramev_event_score,42,42,42,t00256-c00151,151,256,5,5,True,1,52.001250005559996,202.68049999140203,0.027125002816319466,0.014499993994832039,202.72212498821318
optimistic,200,bramev_event_score,42,42,42,t00257-c00076,76,257,6,6,True,1,90.0371249881573,833.5910000023432,93.39274998637848,0.01883300137706101,927.0025829900987
optimistic,200,bramev_event_score,42,42,42,t00257-c00111,111,257,5,5,True,1,345.25645899702795,926.9187090103514,0.1244999875780195,0.00854101381264627,927.0517500117421
optimistic,200,bramev_event_score,42,42,42,t00258-c00105,105,258,5,5,True,1,13.868333015125245,142.33958299155347,0.022417021682485938,0.015541998436674476,142.37754201167263
optimistic,200,bramev_event_score,42,42,42,t00259-c00131,131,259,9,9,True,1,31.089625001186505,330.3595830220729,0.027166999643668532,0.016582984244450927,330.40333300596103
optimistic,200,bramev_event_score,42,42,42,t00260-c00050,50,260,6,6,True,1,56.43454199889675,271.3512080081273,0.021374988136813045,0.01691700890660286,271.3895000051707
optimistic,200,bramev_event_score,42,42,42,t00262-c00059,59,262,5,5,True,1,185.26208298862912,651.6107910138089,0.02216699067503214,0.017582991858944297,651.6505409963429
optimistic,200,bramev_event_score,42,42,42,t00262-c00143,143,262,8,8,True,1,60.57520900503732,564.1302920121234,87.56945800269023,0.009000010322779417,651.7087500251364
optimistic,200,bramev_event_score,42,42,42,t00263-c00023,23,263,7,7,True,1,70.96433299011551,522.728374984581,38.57775000506081,0.015666009858250618,561.3217909995001
optimistic,200,bramev_event_score,42,42,42,t00263-c00113,113,263,6,6,True,1,98.25162499328144,561.2414999923203,0.10983398533426225,0.006832997314631939,561.3581669749692
optimistic,200,bramev_event_score,42,42,42,t00265-c00002,2,265,4,4,True,1,253.92320900573395,1238.3165840001311,0.015249999705702066,0.015249999705702066,1238.3470839995425
optimistic,200,bramev_event_score,42,42,42,t00265-c00019,19,265,5,5,True,1,87.32675001374446,997.8128749935422,240.57400002493523,0.007333001121878624,1238.3942080195993
optimistic,200,bramev_event_score,42,42,42,t00265-c00027,27,265,11,11,True,1,131.99295802041888,1178.4395000140648,59.949624992441386,0.008000002708286047,1238.3971250092145
optimistic,200,bramev_event_score,42,42,42,t00265-c00133,133,265,2,1,True,1,1088.1014580081683,1088.1014580081683,150.30133299296722,0.004084024112671614,1238.4068750252482
optimistic,200,bramev_event_score,42,42,42,t00266-c00006,6,266,5,5,True,1,442.9102910216898,1161.4499160205014,286.45558399148285,0.018207996618002653,1447.9237080086023
optimistic,200,bramev_event_score,42,42,42,t00266-c00027,27,266,6,5,True,1,57.31195898260921,1235.7308749924414,212.23158400971442,0.008499977411702275,1447.9709589795675
optimistic,200,bramev_event_score,42,42,42,t00266-c00036,36,266,11,11,True,1,147.7678749943152,1447.8144590102602,0.15929099754430354,0.008333998266607523,1447.982084006071
optimistic,200,bramev_event_score,42,42,42,t00266-c00133,133,266,5,5,True,1,254.89516599918716,1351.9171660009306,96.05545899830759,0.005333014996722341,1447.977958014235
optimistic,200,bramev_event_score,42,42,42,t00269-c00008,8,269,4,4,True,1,65.82545800483786,465.1018329896033,0.0195419997908175,0.016833015251904726,465.138208004646
optimistic,200,bramev_event_score,42,42,42,t00269-c00053,53,269,6,6,True,1,97.80591700109653,465.061249997234,0.13462500646710396,0.007166992872953415,465.20304199657403
optimistic,200,bramev_event_score,42,42,42,t00270-c00008,8,270,6,5,True,1,70.99100001505576,418.16683299839497,0.015708006685599685,0.016167003195732832,418.1987080082763
optimistic,200,bramev_event_score,42,42,42,t00275-c00150,150,275,3,3,True,1,26.324500009650365,98.8077920046635,0.02025000867433846,0.010707997716963291,98.8387500110548
optimistic,200,bramev_event_score,42,42,42,t00276-c00150,150,276,4,4,True,1,65.06883300608024,315.1809170085471,0.027375004719942808,0.015875004464760423,315.2241670177318
optimistic,200,bramev_event_score,42,42,42,t00276-c00172,172,276,3,3,True,1,40.8060000045225,273.7285830080509,41.54025000752881,0.007124996045604348,315.27595801162533
optimistic,200,bramev_event_score,42,42,42,t00277-c00149,149,277,7,7,True,1,42.40249999566004,352.02716701314785,0.031124975066632032,0.016667007002979517,352.07495899521746
optimistic,200,bramev_event_score,42,42,42,t00278-c00102,102,278,7,7,True,1,19.799000001512468,159.54983298433945,0.023542001144960523,0.014125020243227482,159.58750000572763
optimistic,200,bramev_event_score,42,42,42,t00279-c00018,18,279,5,5,True,1,109.58608301007189,802.4160000204574,122.772457980318,0.016083999071270227,925.2045419998467
optimistic,200,bramev_event_score,42,42,42,t00279-c00119,119,279,3,3,True,1,313.9852089807391,711.4031249948312,213.83416699245572,0.006207992555573583,925.2434999798425
optimistic,200,bramev_event_score,42,42,42,t00279-c00125,125,279,9,9,True,1,89.62849999079481,925.096166000003,0.14154199743643403,0.006124988431110978,925.2438329858705
optimistic,200,bramev_event_score,42,42,42,t00282-c00116,116,282,7,7,True,1,166.5149579930585,1112.739958014572,41.792624979279935,0.014749995898455381,1154.5473329897504
optimistic,200,bramev_event_score,42,42,42,t00282-c00186,186,282,15,15,True,1,32.24979099468328,1154.4639579951763,0.12045801850035787,0.008666975190863013,1154.5930829888675
optimistic,200,bramev_event_score,42,42,42,t00282-c00195,195,282,4,4,True,1,93.05383398896083,1112.664958985988,41.91675002221018,0.004915986210107803,1154.5866249944083
optimistic,200,bramev_event_score,42,42,42,t00283-c00105,105,283,3,3,True,1,22.887500002980232,109.72858298919164,0.021332991309463978,0.013750017387792468,109.76366599788889
optimistic,200,bramev_event_score,42,42,42,t00284-c00105,105,284,4,4,True,1,22.30258399504237,178.46716701751575,0.023582979338243604,0.015541998436674476,178.50629199529067
optimistic,200,bramev_event_score,42,42,42,t00286-c00185,185,286,7,6,True,1,44.04170799534768,201.46720798220485,0.032333016861230135,0.01562500256113708,201.51516600162722
optimistic,200,bramev_event_score,42,42,42,t00288-c00191,191,288,9,9,True,1,110.51758399116807,713.1635840050876,0.03683299291878939,0.021624990040436387,713.2220419880468
optimistic,200,bramev_event_score,42,42,42,t00289-c00199,199,289,7,7,True,1,29.80187500361353,354.30720800650306,0.03212501178495586,0.017333979485556483,354.3566669977736
optimistic,200,bramev_event_score,42,42,42,t00292-c00052,52,292,9,9,True,1,120.22708298172802,848.063874989748,0.024832988856360316,0.02416700590401888,848.1128749845084
optimistic,200,bramev_event_score,42,42,42,t00293-c00052,52,293,3,3,True,1,59.822749986778945,354.5762090070639,0.022207997972145677,0.01766698551364243,354.61608399054967
optimistic,200,bramev_event_score,42,42,42,t00294-c00006,6,294,4,3,True,1,50.11312500573695,174.01058398536406,17.89791599730961,0.025792018277570605,191.93429200095125
optimistic,200,bramev_event_score,42,42,42,t00295-c00109,109,295,4,4,True,1,125.7317500130739,808.6411660187878,0.024291977752000093,0.016250007320195436,808.68170800386
optimistic,200,bramev_event_score,42,42,42,t00295-c00188,188,295,9,9,True,1,63.490500004263595,712.5109999906272,96.21533402241766,0.00829098280519247,808.73462499585
optimistic,200,bramev_event_score,42,42,42,t00298-c00142,142,298,4,4,True,1,274.1501670097932,831.0187919996679,0.027583009796217084,0.015792000340297818,831.0621670098044
optimistic,200,bramev_event_score,42,42,42,t00298-c00162,162,298,7,7,True,1,274.1123339801561,830.9802919975482,0.12224999954923987,0.007791997632011771,831.1103339947294
optimistic,200,bramev_event_score,42,42,42,t00299-c00010,10,299,5,5,True,1,114.18562498874962,433.88812500052154,111.65099998470396,0.015833007637411356,545.5549579928629
optimistic,200,bramev_event_score,42,42,42,t00299-c00153,153,299,6,6,True,1,48.54795799474232,545.4730830097105,0.12720900122076273,0.008083006832748652,545.608375017764
optimistic,200,bramev_event_score,42,42,42,t00302-c00063,63,302,7,7,True,1,62.45004100492224,286.6155829979107,0.023208005586639047,0.017624988686293364,286.6564159921836
optimistic,200,bramev_event_score,42,42,42,t00304-c00000,0,304,9,9,True,1,33.03408299689181,238.01695799920708,0.017000013031065464,0.016707985196262598,238.0506659974344
optimistic,200,bramev_event_score,42,42,42,t00305-c00039,39,305,6,6,True,1,60.92908402206376,995.1310000033118,0.020917010260745883,0.015249999705702066,995.1671670132782
optimistic,200,bramev_event_score,42,42,42,t00305-c00123,123,305,3,3,True,1,472.7488750068005,911.2555000174325,83.94466698518954,0.00604201341047883,995.2062090160325
optimistic,200,bramev_event_score,42,42,42,t00305-c00134,134,305,7,7,True,1,212.2750409762375,911.2219579983503,83.97616699221544,0.005665991920977831,995.2037909824867
optimistic,200,bramev_event_score,42,42,42,t00306-c00087,87,306,3,3,True,1,168.23795801610686,737.4363749986514,162.67416600021534,0.015666999388486147,900.1262079982553
optimistic,200,bramev_event_score,42,42,42,t00306-c00096,96,306,4,4,True,1,103.7954589992296,900.0489999889396,0.11854199692606926,0.007458002073690295,900.1749999879394
optimistic,200,bramev_event_score,42,42,42,t00306-c00134,134,306,12,11,True,1,70.14462500228547,846.5397089894395,53.63370801205747,0.007624999852851033,900.1810420013499
optimistic,200,bramev_event_score,42,42,42,t00312-c00065,65,312,4,4,True,1,30.249416013248265,132.3581250035204,0.020625011529773474,0.015583005733788013,132.39433302078396
optimistic,200,bramev_event_score,42,42,42,t00314-c00117,117,314,9,9,True,1,33.30570799880661,297.64000000432134,0.02662499900907278,0.018332997569814324,297.6849580009002
optimistic,200,bramev_event_score,42,42,42,t00315-c00071,71,315,9,9,True,1,51.16258398629725,424.56995899556205,0.024165987269952893,0.017084006685763597,424.61120898951776
optimistic,200,bramev_event_score,42,42,42,t00315-c00082,82,315,3,3,True,1,150.89979200274684,379.07141700270586,45.58433301281184,0.007124996045604348,424.6628750115633
optimistic,200,bramev_event_score,42,42,42,t00316-c00082,82,316,3,2,True,1,11.443333001807332,39.62070800480433,15.674791997298598,0.018499995348975062,55.3139999974519
optimistic,200,bramev_event_score,42,42,42,t00317-c00129,129,317,7,7,True,1,57.64362501213327,488.13441599486396,0.029709015507251024,0.017082988051697612,488.1812079984229
optimistic,200,bramev_event_score,42,42,42,t00318-c00093,93,318,7,7,True,1,81.61154200206511,360.46979200909846,0.021832995116710663,0.014791992725804448,360.50641699694097
optimistic,200,bramev_event_score,42,42,42,t00318-c00137,137,318,3,3,True,1,38.170916988747194,331.7430840106681,28.80004097823985,0.007000024197623134,360.55012501310557
optimistic,200,bramev_event_score,42,42,42,t00319-c00084,84,319,8,8,True,1,52.38095801905729,577.1454580244608,75.11662499746308,0.016332982340827584,652.2784160042647
optimistic,200,bramev_event_score,42,42,42,t00319-c00184,184,319,4,4,True,1,272.07837501191534,652.1903749962803,0.13329199282452464,0.006791000487282872,652.3304579895921
optimistic,200,bramev_event_score,42,42,42,t00320-c00084,84,320,5,5,True,1,26.01916599087417,302.6979999849573,48.35012502735481,0.015082972822710872,351.0632079851348
optimistic,200,bramev_event_score,42,42,42,t00320-c00160,160,320,4,4,True,1,85.6356670265086,350.9875000163447,0.11416699271649122,0.006499991286545992,351.10816700034775
optimistic,200,bramev_event_score,42,42,42,t00321-c00103,103,321,6,6,True,1,34.3139169854112,331.7657499865163,0.026875000912696123,0.015583005733788013,331.8082079931628
optimistic,200,bramev_event_score,42,42,42,t00321-c00170,170,321,3,3,True,1,79.14016602444462,280.3855410020333,51.45770902163349,0.006374990334734321,331.8496250140015
optimistic,200,bramev_event_score,42,42,42,t00322-c00170,170,322,3,3,True,1,10.996292025083676,89.36612500110641,0.02558401320129633,0.012290984159335494,89.40399999846704
optimistic,200,bramev_event_score,42,42,42,t00324-c00074,74,324,8,8,True,1,51.65870799100958,274.24879200407304,0.02345800749026239,0.017457990907132626,274.28970800247043
optimistic,200,bramev_event_score,42,42,42,t00326-c00141,141,326,12,12,True,1,82.0874999917578,755.0427080132067,0.031458999728783965,0.01683298614807427,755.0909999990836
optimistic,200,bramev_event_score,42,42,42,t00326-c00161,161,326,6,6,True,1,55.45883299782872,732.3301659780554,22.789750015363097,0.006749993190169334,755.1266659866087
optimistic,200,bramev_event_score,42,42,42,t00327-c00187,187,327,9,9,True,1,84.35312498477288,592.3479170014616,0.032957992516458035,0.015458004781976342,592.39633299876
optimistic,200,bramev_event_score,42,42,42,t00328-c00120,120,328,5,4,True,1,197.84491599421017,1037.080333015183,247.80854198615998,0.015708006685599685,1284.9045830080286
optimistic,200,bramev_event_score,42,42,42,t00328-c00152,152,328,7,7,True,1,128.51733301067725,1284.8215420090128,0.11766600073315203,0.00837500556372106,1284.9475830153096
optimistic,200,bramev_event_score,42,42,42,t00328-c00187,187,328,8,8,True,1,77.23133297986351,1146.9436250044964,137.9970829875674,0.006624992238357663,1284.9473329843022
optimistic,200,bramev_event_score,42,42,42,t00329-c00061,61,329,3,3,True,1,90.81508300732821,304.4487920124084,0.01925000105984509,0.013832992408424616,304.48187500587665
optimistic,200,bramev_event_score,42,42,42,t00331-c00089,89,331,9,8,True,1,266.6448749951087,1087.836624996271,59.77516699931584,0.017707992810755968,1147.6294999883976
optimistic,200,bramev_event_score,42,42,42,t00331-c00136,136,331,9,8,True,1,222.7393749926705,1147.5454170140438,0.12895799591206014,0.008834002073854208,1147.6832090120297
optimistic,200,bramev_event_score,42,42,42,t00331-c00163,163,331,7,7,True,1,222.70620899507776,1022.7283750136849,124.95045899413526,0.00554099096916616,1147.6843749987893
optimistic,200,bramev_event_score,42,42,42,t00333-c00193,193,333,3,3,True,1,41.334709007060155,182.75754200294614,0.03287501749582589,0.016624981071799994,182.80704200151376
optimistic,200,bramev_event_score,42,42,42,t00334-c00018,18,334,4,4,True,1,66.9677080004476,395.51954198395833,31.43637499306351,0.018000020645558834,426.9739169976674
optimistic,200,bramev_event_score,42,42,42,t00334-c00067,67,334,9,9,True,1,23.124083993025124,426.89787500421517,0.12120898463763297,0.009415991371497512,427.0284999802243
optimistic,200,bramev_event_score,42,42,42,t00335-c00038,38,335,5,3,True,1,71.34437499917112,386.10145801794715,0.01666697789914906,0.01400001929141581,386.1321250151377
optimistic,200,bramev_event_score,42,42,42,t00335-c00107,107,335,7,7,True,1,29.346416995394975,345.20387498196214,40.963334002299234,0.007833004929125309,386.1750419891905
optimistic,200,bramev_event_score,42,42,42,t00336-c00065,65,336,3,2,True,1,33.92845901544206,83.37600002414547,12.75875000283122,0.01462499494664371,96.14937502192333
optimistic,200,bramev_event_score,42,42,42,t00337-c00046,46,337,11,11,True,1,1086.1890829983167,1912.2547500010114,0.02458301605656743,0.016624981071799994,1912.2959579981398
optimistic,200,bramev_event_score,42,42,42,t00337-c00048,48,337,6,6,True,1,1047.0497090136632,1857.5618749891873,54.76004202500917,0.006999995093792677,1912.3289170092903
optimistic,200,bramev_event_score,42,42,42,t00337-c00065,65,337,3,2,True,1,1047.0168750034645,1610.3382919973228,301.9840830238536,0.0042079773265868425,1912.326582998503
optimistic,200,bramev_event_score,42,42,42,t00338-c00079,79,338,8,8,True,1,43.70908299461007,408.52224998525344,0.025332992663607,0.018999999156221747,408.56658297707327
optimistic,200,bramev_event_score,42,42,42,t00339-c00168,168,339,9,9,True,1,91.57066699117422,674.3252500018571,0.030750001315027475,0.01766698551364243,674.3736669886857
optimistic,200,bramev_event_score,42,42,42,t00340-c00168,168,340,3,3,True,1,64.98649998684414,221.06674997485243,0.03037499845959246,0.01620801049284637,221.11333298380487
optimistic,200,bramev_event_score,42,42,42,t00341-c00014,14,341,7,7,True,1,70.32395800342783,728.2385000144131,50.04654100048356,0.016292004147544503,778.3013330190443
optimistic,200,bramev_event_score,42,42,42,t00341-c00032,32,341,11,11,True,1,178.53404098423198,778.2255409983918,0.11683398042805493,0.00925001222640276,778.3516249910463
optimistic,200,bramev_event_score,42,42,42,t00342-c00001,1,342,7,7,True,1,52.22916600177996,270.96433300175704,0.015875004464760423,0.014999997802078724,270.9952080040239
optimistic,200,bramev_event_score,42,42,42,t00343-c00100,100,343,3,3,True,1,119.19808300444856,576.2203749909531,109.39312502159737,0.015708006685599685,685.6292080192361
optimistic,200,bramev_event_score,42,42,42,t00343-c00112,112,343,5,5,True,1,119.15770900668576,685.5490840098355,0.11049999739043415,0.006749993190169334,685.6663340004161
optimistic,200,bramev_event_score,42,42,42,t00343-c00158,158,343,4,4,True,1,27.166582993231714,610.8614160038996,74.79429198428988,0.005458015948534012,685.6611660041381
optimistic,200,bramev_event_score,42,42,42,t00344-c00030,30,344,10,10,True,1,34.759625006699935,684.4409169862047,75.7845830230508,0.02070798655040562,760.2462079958059
optimistic,200,bramev_event_score,42,42,42,t00344-c00081,81,344,7,7,True,1,151.19641699129716,579.854458977934,180.43754101381637,0.008709001122042537,760.3007089928724
optimistic,200,bramev_event_score,42,42,42,t00344-c00158,158,344,4,3,True,1,90.30370801337995,760.1219170028344,0.17616600962355733,0.005791982403025031,760.303874994861
optimistic,200,bramev_event_score,42,42,42,t00345-c00158,158,345,4,3,True,1,50.76983300386928,206.39195799594745,0.02912498894147575,0.01633400097489357,206.43741698586382
optimistic,200,bramev_event_score,42,42,42,t00346-c00101,101,346,7,7,True,1,40.41395799140446,396.28920800169,72.12116700247861,0.014582998119294643,468.4249580022879
optimistic,200,bramev_event_score,42,42,42,t00346-c00159,159,346,4,4,True,1,87.96312499907799,468.3420829824172,0.10908400872722268,0.006250018486753106,468.4574170096312
optimistic,200,bramev_event_score,42,42,42,t00349-c00146,146,349,4,4,True,1,30.069500004174188,177.08137500449084,0.02579198917374015,0.014833000022917986,177.1219999936875
optimistic,200,bramev_event_score,42,42,42,t00350-c00141,141,350,3,3,True,1,26.039458985906094,115.80549998325296,0.02183401375077665,0.013832992408424616,115.84116698941216
optimistic,200,bramev_event_score,42,42,42,t00351-c00094,94,351,3,3,True,1,68.30612500198185,340.2150000038091,0.022916006855666637,0.015166995581239462,340.253083006246
optimistic,200,bramev_event_score,42,42,42,t00352-c00108,108,352,3,3,True,1,86.89429200603627,682.2687500098255,0.02724997466430068,0.017000013031065464,682.3129999975208
optimistic,200,bramev_event_score,42,42,42,t00352-c00139,139,352,3,3,True,1,86.85458402032964,682.2290420241188,0.11966697638854384,0.006083020707592368,682.354792021215
optimistic,200,bramev_event_score,42,42,42,t00353-c00021,21,353,11,11,True,1,60.61566699645482,924.9249580025207,42.93275001691654,0.01679197885096073,967.8744999982882
optimistic,200,bramev_event_score,42,42,42,t00353-c00075,75,353,8,8,True,1,146.27545801340602,967.7915420033969,0.1141660031862557,0.00708398874849081,967.9127919953316
optimistic,200,bramev_event_score,42,42,42,t00354-c00075,75,354,8,8,True,1,22.080042021116242,237.36962501425296,0.022666994482278824,0.014999997802078724,237.40729200653732
optimistic,200,bramev_event_score,42,42,42,t00355-c00189,189,355,3,3,True,1,12.667541013797745,90.32050002133474,0.023125001462176442,0.010791001841425896,90.35441602463834
optimistic,200,bramev_event_score,42,42,42,t00356-c00003,3,356,8,8,True,1,85.22025001002476,475.1132079982199,0.01775001874193549,0.01695798709988594,475.1479160040617
optimistic,200,bramev_event_score,42,42,42,t00357-c00003,3,357,6,5,True,1,48.309207981219515,341.4762080064975,0.018041988369077444,0.017582991858944297,341.5118329867255
optimistic,200,bramev_event_score,42,42,42,t00358-c00107,107,358,5,4,True,1,40.83600000012666,157.32574998401105,0.022417021682485938,0.016207981389015913,157.36437498708256
optimistic,200,bramev_event_score,42,42,42,t00359-c00058,58,359,8,8,True,1,101.74866698798724,682.4598340026569,0.024040986318141222,0.016250007320195436,682.5001249962952
optimistic,200,bramev_event_score,42,42,42,t00359-c00171,171,359,8,8,True,1,101.70187498442829,682.4128750013188,0.1268749765586108,0.00662502134218812,682.5463749992196
optimistic,200,bramev_event_score,42,42,42,t00360-c00025,25,360,4,2,True,1,44.37637500814162,132.98274998669513,0.01733301905915141,0.017041980754584074,133.01712498650886
optimistic,200,bramev_event_score,42,42,42,t00362-c00045,45,362,8,8,True,1,59.00825001299381,362.49962501460686,0.022041989723220468,0.01775001874193549,362.539417023072
optimistic,200,bramev_event_score,42,42,42,t00363-c00174,174,363,3,3,True,1,11.923165991902351,62.28420799016021,0.027708010748028755,0.014166987966746092,62.32608298887499
optimistic,200,bramev_event_score,42,42,42,t00364-c00055,55,364,7,5,True,1,42.10883297491819,198.17366698407568,0.02125001628883183,0.018499995348975062,198.2134169957135
optimistic,200,bramev_event_score,42,42,42,t00365-c00038,38,365,5,3,True,1,125.32475002808496,1070.927417022176,0.017707992810755968,0.015249999705702066,1070.9603750146925
optimistic,200,bramev_event_score,42,42,42,t00365-c00164,164,365,9,9,True,1,89.65054099098779,1009.5464999903925,61.443874990800396,0.009083014447242022,1070.9994579956401
optimistic,200,bramev_event_score,42,42,42,t00366-c00180,180,366,7,7,True,1,40.29983398504555,182.05775000387803,0.03008398925885558,0.015291007002815604,182.1031250001397
optimistic,200,bramev_event_score,42,42,42,t00367-c00161,161,367,7,6,True,1,53.418499999679625,232.95316699659452,0.030625000363215804,0.01712498487904668,233.00091698183678
optimistic,200,bramev_event_score,42,42,42,t00368-c00043,43,368,7,7,True,1,172.583833016688,2406.616499996744,0.024083012249320745,0.017624988686293364,2406.6582079976797
optimistic,200,bramev_event_score,42,42,42,t00368-c00046,46,368,2,1,True,1,2406.5787500003353,2406.5787500003353,0.10887498501688242,0.004750007065013051,2406.692374992417
optimistic,200,bramev_event_score,42,42,42,t00368-c00163,163,368,7,6,True,1,172.5038749864325,2406.5373750054277,0.1424590009264648,0.004915986210107803,2406.6847499925643
optimistic,200,bramev_event_score,42,42,42,t00369-c00015,15,369,3,2,True,1,127.73025000933558,244.12437502178364,29.440624988637865,0.014958000974729657,273.57995801139623
optimistic,200,bramev_event_score,42,42,42,t00369-c00040,40,369,8,8,True,1,37.108791002538055,273.5107080079615,0.1252919901162386,0.008291011909022927,273.6442910099868
optimistic,200,bramev_event_score,42,42,42,t00370-c00015,15,370,5,2,True,1,10731.053750001593,11081.23387498199,148.96162500372157,0.01662501017563045,11230.212124995887
optimistic,200,bramev_event_score,42,42,42,t00370-c00034,34,370,3,2,True,1,10731.014749995666,11230.135542020435,0.11979098781011999,0.006791990017518401,11230.262124998262
optimistic,200,bramev_event_score,42,42,42,t00370-c00156,156,370,7,7,True,1,127.18720798147842,11230.092332989443,0.1626670127734542,0.005541980499401689,11230.260541982716
optimistic,200,bramev_event_score,42,42,42,t00370-c00165,165,370,5,4,True,1,233.97991599631496,11081.11737499712,149.1271250124555,0.004332978278398514,11230.248832987854
optimistic,200,bramev_event_score,42,42,42,t00374-c00121,121,374,5,5,True,1,50.40537499007769,140.5444589909166,0.024250010028481483,0.01462499494664371,140.58333399589173
optimistic,200,bramev_event_score,42,42,42,t00377-c00080,80,377,5,5,True,1,49.565540975891054,339.3555409857072,0.02441700780764222,0.017874990589916706,339.39783298410475
optimistic,200,bramev_event_score,42,42,42,t00379-c00026,26,379,3,3,True,1,30.655874987132847,206.09612498083152,13.199500011978671,0.020791980205103755,219.3164169730153
optimistic,200,bramev_event_score,42,42,42,t00379-c00165,165,379,5,3,True,1,64.92520798929036,104.98820801149122,114.35891699511558,0.007374997949227691,219.35450000455603
optimistic,200,bramev_event_score,42,42,42,t00380-c00017,17,380,10,10,True,1,79.54870798857883,2007.7937500027474,0.020832987502217293,0.018499995348975062,2007.8330829855986
optimistic,200,bramev_event_score,42,42,42,t00380-c00095,95,380,4,4,True,1,390.5490839970298,1692.113958997652,315.7610000052955,0.007374997949227691,2007.8823340008967
optimistic,200,bramev_event_score,42,42,42,t00380-c00110,110,380,12,12,True,1,79.47462500305846,1971.7938340036198,36.09104099450633,0.006749993190169334,2007.8916249913163
optimistic,200,bramev_event_score,42,42,42,t00380-c00112,112,380,5,4,True,1,265.0243749958463,1692.0550419890787,315.82824999350123,0.004792003892362118,2007.8880839864723
optimistic,200,bramev_event_score,42,42,42,t00381-c00001,1,381,8,7,True,1,335.1199589960743,3388.73683399288,0.01824999344535172,0.018332997569814324,3388.773416983895
optimistic,200,bramev_event_score,42,42,42,t00381-c00033,33,381,6,6,True,1,126.28508300986141,3208.7343749881256,180.0821250071749,0.007541995728388429,3388.824041991029
optimistic,200,bramev_event_score,42,42,42,t00381-c00078,78,381,12,12,True,1,222.64262498356402,3298.5970829904545,90.22479198756628,0.0075830030255019665,3388.8294579810463
optimistic,200,bramev_event_score,42,42,42,t00381-c00114,114,381,8,8,True,1,222.61045800405554,3323.2577499875333,65.56416701641865,0.005499983672052622,3388.827416987624
optimistic,200,bramev_event_score,42,42,42,t00381-c00146,146,381,6,6,True,1,126.18395799654536,3208.633457979886,180.18283299170434,0.004334026016294956,3388.8206249976065
optimistic,200,bramev_event_score,42,42,42,t00383-c00166,166,383,7,7,True,1,22.26629198412411,179.00241698953323,0.030499999411404133,0.017167010810226202,179.05008399975486
optimistic,200,bramev_event_score,42,42,42,t00384-c00112,112,384,10,9,True,1,78.19624998955987,595.7399999897461,10.979250015225261,0.024042004952207208,606.7432920099236
optimistic,200,bramev_event_score,42,42,42,t00384-c00166,166,384,6,6,True,1,21.316708996891975,595.7001670030877,11.088917002780363,0.007499998901039362,606.7965840047691
optimistic,200,bramev_event_score,42,42,42,t00386-c00042,42,386,7,7,True,1,98.50129199912772,470.37791699403897,0.020832987502217293,0.015541998436674476,470.41429197997786
optimistic,200,bramev_event_score,42,42,42,t00386-c00092,92,386,3,3,True,1,20.176583988359198,417.56762500153854,52.87312497966923,0.006084010237827897,470.4468339914456
optimistic,200,bramev_event_score,42,42,42,t00387-c00100,100,387,9,8,True,1,80.92033298453316,438.42912500258535,0.025999994250014424,0.017290993127971888,438.47241598996334
optimistic,200,bramev_event_score,42,42,42,t00388-c00126,126,388,5,5,True,1,43.12041701632552,259.60245900205337,0.026749999960884452,0.015958008589223027,259.6451670106035
optimistic,200,bramev_event_score,42,42,42,t00391-c00037,37,391,5,5,True,1,39.75825000088662,288.38520898716524,0.01841600169427693,0.017000013031065464,288.4206250018906
optimistic,200,bramev_event_score,42,42,42,t00392-c00140,140,392,5,5,True,1,96.84829201432876,355.982834007591,0.028833019314333797,0.01737498678267002,356.029042013688
optimistic,200,bramev_event_score,42,42,42,t00394-c00044,44,394,8,7,True,1,134.27112498902716,1049.0020829893183,52.96216701390222,0.01812499249354005,1101.982374995714
optimistic,200,bramev_event_score,42,42,42,t00394-c00091,91,394,5,5,True,1,56.20833300054073,995.8575830096379,106.16245897836052,0.007791008101776242,1102.0278329961002
optimistic,200,bramev_event_score,42,42,42,t00394-c00157,157,394,9,9,True,1,172.16020898194984,1101.863333984511,0.16537500778213143,0.006415997631847858,1102.035124989925
optimistic,200,bramev_event_score,42,42,42,t00395-c00011,11,395,7,7,True,1,61.17491700570099,790.0352920114528,111.70320797828026,0.01875002635642886,901.7572500160895
optimistic,200,bramev_event_score,42,42,42,t00395-c00035,35,395,9,9,True,1,115.41720799868926,901.6782909748144,0.12537502334453166,0.009916984708979726,901.813582982868
optimistic,200,bramev_event_score,42,42,42,t00396-c00132,132,396,7,7,True,1,55.78495797817595,244.47654097457416,0.027209025574848056,0.017082988051697612,244.5208329882007
optimistic,200,bramev_event_score,42,42,42,t00399-c00072,72,399,3,3,True,1,86.56208301545121,304.00933302007616,0.022124993847683072,0.016542006051167846,304.048000019975
optimistic,200,bramev_event_score,42,42,42,t00400-c00072,72,400,5,5,True,1,57.73999998928048,490.1189589872956,50.7952909974847,0.017167010810226202,540.9314169955906
optimistic,200,bramev_event_score,42,42,42,t00400-c00102,102,400,4,4,True,1,183.14125001779757,540.852417005226,0.12041599256917834,0.006917020073160529,540.9797500178684
optimistic,200,bramev_event_score,42,42,42,t00401-c00038,38,401,3,0,False,0,,,,,
optimistic,200,bramev_event_score,42,42,42,t00401-c00072,72,401,5,4,True,1,141.90887499717064,1326.326042006258,0.02579099964350462,0.01662501017563045,1326.368458016077
optimistic,200,bramev_event_score,42,42,42,t00401-c00097,97,401,7,7,True,1,278.8002500019502,1163.9505410275888,162.45562498806976,0.007583992555737495,1326.4137500082143
optimistic,200,bramev_event_score,42,42,42,t00401-c00196,196,401,3,2,True,1,25.34229200682603,956.5612500009593,369.84441700042225,0.004958012141287327,1326.4106250135228
optimistic,200,bramev_event_score,42,42,42,t00402-c00038,38,402,4,1,True,1,108.71320799924433,108.71320799924433,266.0241250123363,0.02070798655040562,374.75804099813104
optimistic,200,bramev_event_score,42,42,42,t00402-c00070,70,402,3,3,True,1,53.561166976578534,359.3655839795247,15.440083021530882,0.0076669966802001,374.81333399773575
optimistic,200,bramev_event_score,42,42,42,t00402-c00196,196,402,3,2,True,1,53.52099999436177,328.3278339949902,46.478375006699935,0.004875008016824722,374.811084009707
optimistic,200,bramev_event_score,42,42,42,t00403-c00038,38,403,11,5,True,1,140.24050001171418,924.3720000085887,0.018499995348975062,0.016292004147544503,924.4067920080852
optimistic,200,bramev_event_score,42,42,42,t00403-c00148,148,403,14,14,True,1,46.34329199325293,879.9522090121172,44.49604099499993,0.010333984391763806,924.4585839915089
optimistic,200,bramev_event_score,42,42,42,t00406-c00046,46,406,7,6,True,1,73.5846669995226,286.75679201842286,11.162749986397102,0.021832995116710663,297.94137499993667
optimistic,200,bramev_event_score,42,42,42,t00407-c00046,46,407,7,5,True,1,62.67149999621324,237.20900001353584,11.723749979864806,0.02154201501980424,248.95429200842045
optimistic,200,bramev_event_score,42,42,42,t00408-c00012,12,408,7,7,True,1,55.137959017883986,458.0639590276405,0.01912500010803342,0.01683298614807427,458.09991701389663
optimistic,200,bramev_event_score,42,42,42,t00409-c00016,16,409,7,5,True,1,49.590625014388934,471.2598329933826,131.57220801804215,0.019708997569978237,602.8517500089947
optimistic,200,bramev_event_score,42,42,42,t00409-c00049,49,409,7,7,True,1,95.50979101913981,602.771666017361,0.12737498036585748,0.008834002073854208,602.9078749998007
optimistic,200,bramev_event_score,42,42,42,t00413-c00005,5,413,4,4,True,1,115.57516700122505,405.0506670027971,0.014249992091208696,0.014582998119294643,405.07949999300763
optimistic,200,bramev_event_score,42,42,42,t00413-c00086,86,413,7,7,True,1,34.51066598063335,360.9615000023041,44.150207977509126,0.008542003342881799,405.1202499831561
optimistic,200,bramev_event_score,42,42,42,t00413-c00106,106,413,3,3,True,1,115.50079201697372,335.504792019492,69.60870799957775,0.004582980182021856,405.1180829992518
optimistic,200,bramev_event_score,42,42,42,t00417-c00118,118,417,7,7,True,1,54.35954101267271,221.79275000235066,0.02633300027810037,0.016125006368383765,221.83520800899714
optimistic,200,bramev_event_score,42,42,42,t00420-c00113,113,420,8,8,True,1,28.815874975407496,138.32729100249708,0.025999994250014424,0.013416982255876064,138.36670797900297
optimistic,200,bramev_event_score,42,42,42,t00421-c00146,146,421,7,6,True,1,73.59062499017455,308.7840419902932,0.02733300789259374,0.0162090000230819,308.82758399820887
optimistic,200,bramev_event_score,42,42,42,t00422-c00090,90,422,5,4,True,1,23.44216700294055,131.40504198963754,0.020292005501687527,0.01300001167692244,131.43833400681615
optimistic,200,bramev_event_score,42,42,42,t00423-c00007,7,423,6,5,True,1,34.476583008654416,633.7111660104711,47.18424999737181,0.016167003195732832,680.9115830110386
optimistic,200,bramev_event_score,42,42,42,t00423-c00175,175,423,13,13,True,1,76.6195830074139,680.8280829864088,0.12958401930518448,0.00958298915065825,680.9672499948647
optimistic,200,bramev_event_score,42,42,42,t00424-c00138,138,424,4,2,True,1,101.99870800715871,288.1561249960214,0.02662499900907278,0.01775001874193549,288.2005000137724
optimistic,200,bramev_event_score,42,42,42,t00425-c00041,41,425,5,5,True,1,145.01649999874644,1489.6427909843624,0.02008400042541325,0.018332997569814324,1489.6812079823576
optimistic,200,bramev_event_score,42,42,42,t00425-c00068,68,425,0,0,False,0,,,,,
optimistic,200,bramev_event_score,42,42,42,t00425-c00073,73,425,12,11,True,1,100.01274998649023,1392.3080840031616,97.38191598444246,0.009584007784724236,1489.6995839953888
optimistic,200,bramev_event_score,42,42,42,t00425-c00157,157,425,3,3,True,1,236.0987499996554,1190.7321669859812,298.961499996949,0.005333014996722341,1489.6989999979269
optimistic,200,bramev_event_score,42,42,42,t00426-c00009,9,426,5,5,True,1,408.4369170013815,1882.147416996304,0.021207990357652307,0.017292011762037873,1882.1859169984236
optimistic,200,bramev_event_score,42,42,42,t00426-c00068,68,426,3,3,True,1,562.5524169881828,1342.9792499809992,539.2473340034485,0.007458002073690295,1882.2340419865213
optimistic,200,bramev_event_score,42,42,42,t00426-c00156,156,426,8,7,True,1,408.3547920163255,1882.0655000163242,0.17804198432713747,0.005583016900345683,1882.2491250175517
optimistic,200,bramev_event_score,42,42,42,t00426-c00157,157,426,3,3,True,1,562.4822500103619,1342.909166996833,539.3268750049174,0.0038330035749822855,1882.2398750053253
optimistic,200,bramev_event_score,42,42,42,t00427-c00068,68,427,3,2,True,1,27.57099998416379,80.45720899826847,0.014082994312047958,0.011249998351559043,80.48254199093208
optimistic,200,bramev_event_score,42,42,42,t00428-c00062,62,428,4,4,True,1,28.252749994862825,143.9338750205934,0.018291990272700787,0.013666984159499407,143.9658339950256
optimistic,200,bramev_event_score,42,42,42,t00429-c00099,99,429,4,4,True,1,81.54016701155342,608.3342499914579,0.025542016373947263,0.018499995348975062,608.3782920031808
optimistic,200,bramev_event_score,42,42,42,t00429-c00169,169,429,12,12,True,1,48.642832989571616,546.5111669909675,61.91391599713825,0.010334013495594263,608.4354170016013
optimistic,200,bramev_event_score,42,42,42,t00430-c00047,47,430,14,14,True,1,95.3014999977313,1018.2741250027902,0.026958005037158728,0.01912500010803342,1018.3202080079354
optimistic,200,bramev_event_score,42,42,42,t00430-c00104,104,430,4,4,True,1,167.98016699613072,968.920707993675,49.43870898569003,0.007000024197623134,1018.3664170035627
optimistic,200,bramev_event_score,42,42,42,t00430-c00147,147,430,6,6,True,1,50.508375017670915,907.8345830203034,110.5260839976836,0.005915993824601173,1018.3665830118116
optimistic,200,bramev_event_score,42,42,42,t00432-c00083,83,432,5,5,True,1,123.21858300128952,870.7622500078287,83.34020798793063,0.017749989638105035,954.1202079853974
optimistic,200,bramev_event_score,42,42,42,t00432-c00122,122,432,8,8,True,1,288.4253750089556,954.0365409920923,0.1254590169992298,0.007624999852851033,954.1696250089444
optimistic,200,bramev_event_score,42,42,42,t00433-c00173,173,433,12,12,True,1,62.518375023500994,632.478915998945,0.03641701187007129,0.01995800994336605,632.5352910207585
optimistic,200,bramev_event_score,42,42,42,t00434-c00056,56,434,8,7,True,1,125.75929099693894,891.0338749992661,0.021249987185001373,0.018040998838841915,891.07316598529
optimistic,200,bramev_event_score,42,42,42,t00434-c00183,183,434,8,8,True,1,34.95895897503942,786.7493339872453,104.37133300001733,0.008625007467344403,891.12929199473
optimistic,200,bramev_event_score,42,42,42,t00435-c00057,57,435,3,3,True,1,34.950834000483155,280.3786250005942,129.66279199463315,0.01620801049284637,410.0576250057202
optimistic,200,bramev_event_score,42,42,42,t00435-c00183,183,435,8,8,True,1,62.27674998808652,409.97541599790566,0.12504198821261525,0.008167000487446785,410.1086249866057
optimistic,200,bramev_event_score,42,42,42,t00438-c00064,64,438,8,8,True,1,101.78458300651982,821.8062910018489,0.029166985768824816,0.017875019693747163,821.8533330073114
optimistic,200,bramev_event_score,42,42,42,t00438-c00148,148,438,7,7,True,1,101.7419170239009,821.7637500201818,0.1237079850398004,0.00604201341047883,821.893500018632
optimistic,200,bramev_event_score,42,42,42,t00440-c00077,77,440,4,4,True,1,192.3942500143312,1499.060375004774,0.02258300082758069,0.016417005099356174,1499.099375010701
optimistic,200,bramev_event_score,42,42,42,t00440-c00144,144,440,6,6,True,1,70.66495800972916,1321.553917019628,177.58708298788406,0.008125003660097718,1499.1491250111721
optimistic,200,bramev_event_score,42,42,42,t00440-c00197,197,440,7,7,True,1,355.4280409880448,1498.9819579932373,0.1746669877320528,0.006250018486753106,1499.162874999456
optimistic,200,bramev_event_score,42,42,42,t00441-c00144,144,441,6,5,True,1,104.90891602239572,919.0479580138344,46.376457990845665,0.017584010493010283,965.4420000151731
optimistic,200,bramev_event_score,42,42,42,t00441-c00154,154,441,7,7,True,1,186.1753750126809,965.3542920132168,0.1305410114582628,0.00895900302566588,965.4937920277007
optimistic,200,bramev_event_score,42,42,42,t00442-c00067,67,442,9,9,True,1,54.480332997627556,284.9183749931399,0.02116698306053877,0.01591601176187396,284.9554579879623
optimistic,200,bramev_event_score,42,42,42,t00443-c00024,24,443,5,5,True,1,228.93962499802,898.3420000004116,144.06383398454636,0.015333003830164671,1042.4211669887882
optimistic,200,bramev_event_score,42,42,42,t00443-c00028,28,443,13,13,True,1,57.145917002344504,1042.3467920045368,0.11049999739043415,0.009291019523516297,1042.4665830214508
optimistic,200,bramev_event_score,42,42,42,t00446-c00044,44,446,4,3,True,1,38.2114999811165,193.27266700565815,0.016624981071799994,0.015500001609325409,193.30479198833928
optimistic,200,bramev_event_score,42,42,42,t00447-c00090,90,447,7,7,True,1,40.80695801530965,327.8064159967471,0.023792003048583865,0.013957993360236287,327.8441659931559
optimistic,200,bramev_event_score,42,42,42,t00448-c00013,13,448,7,7,True,1,169.53541702241637,658.3582500170451,108.96124999271706,0.01812499249354005,767.3376250022557
optimistic,200,bramev_event_score,42,42,42,t00448-c00084,84,448,8,8,True,1,68.57695800135843,767.2553330194205,0.11829199502244592,0.008167000487446785,767.3817920149304
optimistic,200,bramev_event_score,42,42,42,t00449-c00029,29,449,7,7,True,1,177.29958400013857,1133.9553339930717,0.02066601882688701,0.018041988369077444,1133.9940420002677
optimistic,200,bramev_event_score,42,42,42,t00449-c00127,127,449,5,5,True,1,125.70391697227024,937.3781249742024,196.6604580229614,0.008125003660097718,1134.0467080008239
optimistic,200,bramev_event_score,42,42,42,t00451-c00178,178,451,4,4,True,1,23.996417003218085,363.29483400913887,0.03412499791011214,0.019208004232496023,363.3481670112815
optimistic,200,bramev_event_score,42,42,42,t00451-c00181,181,451,8,8,True,1,53.4663749858737,300.99366599461064,62.39375000586733,0.008709001122042537,363.3961250016
optimistic,200,bramev_event_score,42,42,42,t00452-c00192,192,452,6,6,True,1,37.619334005285054,353.8059590209741,0.033666001399978995,0.020124978618696332,353.8597500009928
optimistic,200,bramev_event_score,42,42,42,t00454-c00128,128,454,6,6,True,1,104.85162501572631,756.6257909929845,0.029709015507251024,0.019041006453335285,756.6745410149451
optimistic,200,bramev_event_score,42,42,42,t00454-c00150,150,454,11,11,True,1,39.82299999915995,684.1902910091449,72.53254199167714,0.009417010005563498,756.7322500108276
optimistic,200,bramev_event_score,42,42,42,t00455-c00053,53,455,6,3,True,1,19.08825000282377,113.14137501176447,0.018582999473437667,0.01812499249354005,113.17808300373144
optimistic,200,bramev_event_score,42,42,42,t00456-c00177,177,456,4,3,True,1,22.501666011521593,92.93400001479313,14.195541007211432,0.022916996385902166,107.15245801839046
optimistic,200,bramev_event_score,42,42,42,t00458-c00000,0,458,3,3,True,1,25.440208992222324,87.53679200890474,0.014833000022917986,0.014166987966746092,87.5657919968944
optimistic,200,bramev_event_score,42,42,42,t00459-c00131,131,459,7,7,True,1,33.771958987927064,189.77674999041483,0.026042020181193948,0.015208002878353,189.81800001347438
optimistic,200,bramev_event_score,42,42,42,t00462-c00183,183,462,12,12,True,1,46.2917500117328,560.8515840140171,0.035415985621511936,0.01750001683831215,560.904500016477
optimistic,200,bramev_event_score,42,42,42,t00465-c00115,115,465,6,6,True,1,53.073084010975435,322.0619590138085,0.02520799171179533,0.01812499249354005,322.10529199801385
optimistic,200,bramev_event_score,42,42,42,t00467-c00081,81,467,10,10,True,1,15.720333001809195,179.8081249871757,0.025874993298202753,0.017666025087237358,179.85166600556113
optimistic,200,bramev_event_score,42,42,42,t00468-c00022,22,468,5,3,True,1,137.4823330261279,562.0697500125971,0.016167003195732832,0.014165998436510563,562.1000830142293
optimistic,200,bramev_event_score,42,42,42,t00468-c00081,81,468,12,12,True,1,25.852417020360008,562.0242920122109,0.10729199857451022,0.009415991371497512,562.1410000021569
optimistic,200,bramev_event_score,42,42,42,t00469-c00194,194,469,6,6,True,1,27.1852079895325,137.4827079998795,0.028875016141682863,0.012958975275978446,137.52454199129716
optimistic,200,bramev_event_score,42,42,42,t00470-c00020,20,470,8,8,True,1,87.81924998038448,538.153749977937,0.021957996068522334,0.018084014300256968,538.1937919883057
optimistic,200,bramev_event_score,42,42,42,t00471-c00002,2,471,6,6,True,1,346.66954100248404,1647.583832993405,71.65033300407231,0.018041988369077444,1719.2522079858463
optimistic,200,bramev_event_score,42,42,42,t00471-c00145,145,471,10,10,True,1,495.5155420175288,1719.1687090089545,0.12587499804794788,0.009040988516062498,1719.3036249955185
optimistic,200,bramev_event_score,42,42,42,t00471-c00182,182,471,5,5,True,1,346.58799998578615,1647.5022500089835,71.808582986705,0.005250010872259736,1719.3160830065608
optimistic,200,bramev_event_score,42,42,42,t00472-c00145,145,472,10,9,True,1,92.70649999962188,627.663916995516,0.03083300543949008,0.017499987734481692,627.71224998869
optimistic,200,bramev_event_score,42,42,42,t00475-c00069,69,475,11,11,True,1,110.22529200999998,1172.6006670214701,34.89345798152499,0.017667014617472887,1207.5117920176126
optimistic,200,bramev_event_score,42,42,42,t00475-c00186,186,475,11,11,True,1,110.18041599891149,1207.4208749982063,0.1340000017080456,0.008208007784560323,1207.5630830076989
optimistic,200,bramev_event_score,42,42,42,t00476-c00096,96,476,3,3,True,1,34.23183300765231,123.42650000937283,0.019917002646252513,0.015165976947173476,123.46158298896626
optimistic,200,bramev_event_score,42,42,42,t00479-c00031,31,479,6,6,True,1,58.23808300192468,328.35174998035654,0.02258300082758069,0.020875013433396816,328.3952079946175
optimistic,200,bramev_event_score,42,42,42,t00480-c00031,31,480,6,6,True,1,31.494374998146668,154.55458301585168,0.019291997887194157,0.014416989870369434,154.58829200360924
optimistic,200,bramev_event_score,42,42,42,t00481-c00031,31,481,6,6,True,1,75.41449999553151,336.9379579962697,0.02116698306053877,0.01633301144465804,336.9754579907749
optimistic,200,bramev_event_score,42,42,42,t00482-c00051,51,482,4,4,True,1,133.31566599663347,686.3665000128094,0.0200409849639982,0.01824999344535172,686.4047909912188
optimistic,200,bramev_event_score,42,42,42,t00482-c00116,116,482,2,2,True,1,161.90837501198985,378.0339590157382,308.4038329834584,0.006167014362290502,686.4439590135589
optimistic,200,bramev_event_score,42,42,42,t00483-c00024,24,483,4,4,True,1,103.27049999614246,348.55308299302123,0.020957988454028964,0.01812499249354005,348.5921659739688
optimistic,200,bramev_event_score,42,42,42,t00484-c00179,179,484,4,4,True,1,49.10450000897981,201.8450000032317,0.02662499900907278,0.01662501017563045,201.8882500124164
optimistic,200,bramev_event_score,42,42,42,t00486-c00160,160,486,3,3,True,1,39.68737498507835,133.55124997906387,0.033541000448167324,0.022417021682485938,133.60720800119452
optimistic,200,bramev_event_score,42,42,42,t00487-c00050,50,487,3,3,True,1,26.654374989448115,106.05283398763277,0.017915997887030244,0.013667013263329864,106.08441699878313
optimistic,200,bramev_event_score,42,42,42,t00487-c00178,178,487,1,0,False,0,,,,,
optimistic,200,bramev_event_score,42,42,42,t00488-c00111,111,488,3,3,True,1,488.5973750206176,733.6907919961959,70.62033301917836,0.01604200224392116,804.3271670176182
optimistic,200,bramev_event_score,42,42,42,t00488-c00153,153,488,4,4,True,1,437.0226669998374,804.243291990133,0.11754201841540635,0.006749993190169334,804.3675840017386
optimistic,200,bramev_event_score,42,42,42,t00488-c00178,178,488,4,1,True,1,436.99079198995605,436.99079198995605,367.36470798496157,0.0041669991333037615,804.3596669740509
optimistic,200,bramev_event_score,42,42,42,t00489-c00162,162,489,3,3,True,1,17.942417005542666,133.69162500021048,0.0290420139208436,0.014457997167482972,133.7351250112988
optimistic,200,bramev_event_score,42,42,42,t00491-c00167,167,491,5,5,True,1,41.16883300594054,268.69799999985844,0.030916999094188213,0.01562500256113708,268.74454200151376
optimistic,200,bramev_event_score,42,42,42,t00492-c00098,98,492,4,4,True,1,77.2199589991942,576.2615840067156,0.02479099202901125,0.017667014617472887,576.304042013362
optimistic,200,bramev_event_score,42,42,42,t00492-c00135,135,492,4,3,True,1,88.69629201944917,341.3874580000993,234.9463340069633,0.006290996680036187,576.3400830037426
optimistic,200,bramev_event_score,42,42,42,t00493-c00130,130,493,4,4,True,1,53.61258302582428,445.8209580043331,0.025542016373947263,0.01595797948539257,445.8624580001924
optimistic,200,bramev_event_score,42,42,42,t00494-c00134,134,494,5,4,True,1,70.6347499799449,445.7570829836186,15.588958020089194,0.03620897768996656,461.38224998139776
optimistic,200,bramev_event_score,42,42,42,t00496-c00063,63,496,5,5,True,1,30.941334000090137,230.31229199841619,0.019917002646252513,0.01783299376256764,230.350041994825
optimistic,200,bramev_event_score,42,42,42,t00497-c00183,183,497,7,6,True,1,83.06924998760223,327.68141699489206,15.451916988240555,0.02750000567175448,343.16083398880437
optimistic,200,bramev_event_score,42,42,42,t00498-c00018,18,498,8,8,True,1,35.306959005538374,1050.5993340048008,0.024541019229218364,0.026416993932798505,1050.6502920179628
optimistic,200,bramev_event_score,42,42,42,t00498-c00170,170,498,7,7,True,1,142.7022909920197,1016.8661249917932,33.838083007140085,0.007875001756474376,1050.7120830006897
optimistic,200,bramev_event_score,42,42,42,t00498-c00185,185,498,3,1,True,1,1016.8314590118825,1016.8314590118825,33.869999984744936,0.004791014362126589,1050.7062500109896
optimistic,200,bramev_event_score,42,42,42,t00500-c00143,143,500,4,4,True,1,24.001000012503937,285.8185420045629,0.025415996788069606,0.016375008272007108,285.860333009623
optimistic,200,bramev_event_score,42,42,42,t00504-c00023,23,504,3,3,True,1,25.738208001712337,188.4544999920763,0.0186669931281358,0.017165992176160216,188.4903329773806
optimistic,200,bramev_event_score,42,42,42,t00505-c00034,34,505,4,4,True,1,14.650874974904582,113.29399998066947,0.01824999344535172,0.015458004781976342,113.3277079788968
optimistic,200,bramev_event_score,42,42,42,t00506-c00004,4,506,4,4,True,1,64.37158401240595,420.4634169873316,0.01775001874193549,0.01925000105984509,420.50041700713336
optimistic,200,bramev_event_score,42,42,42,t00512-c00105,105,512,12,10,True,1,27.565208001760766,370.47629099106416,0.029708986403420568,0.019750004867091775,370.5257499823347
optimistic,200,bramev_event_score,42,42,42,t00513-c00071,71,513,6,5,True,1,28.899750002892688,1083.882375009125,532.424833974801,0.017375015886500478,1616.3245839998126
optimistic,200,bramev_event_score,42,42,42,t00513-c00133,133,513,13,8,True,1,435.7219579978846,1616.2365000054706,0.1292910019401461,0.00837500556372106,1616.3741660129745
optimistic,200,bramev_event_score,42,42,42,t00513-c00176,176,513,10,10,True,1,282.0998340030201,1616.199208976468,0.17025001579895616,0.006832997314631939,1616.3762919895817
optimistic,200,bramev_event_score,42,42,42,t00513-c00190,190,513,7,7,True,1,83.67495899437927,1460.1332919846755,156.2327080173418,0.005708978278562427,1616.3717089802958
optimistic,200,bramev_event_score,42,42,42,t00514-c00103,103,514,5,5,True,1,125.93362500774674,564.8908329894766,0.024542008759453893,0.017290993127971888,564.932665991364
optimistic,200,bramev_event_score,42,42,42,t00514-c00190,190,514,5,5,True,1,49.52487500850111,500.1418750034645,64.82274999143556,0.007708003977313638,564.9723329988774
optimistic,200,bramev_event_score,42,42,42,t00515-c00089,89,515,3,2,True,1,305.37633298081346,444.8835419898387,109.97391599812545,0.01562500256113708,554.8730829905253
optimistic,200,bramev_event_score,42,42,42,t00515-c00155,155,515,4,4,True,1,61.55662500532344,554.7954590001609,0.11987501056864858,0.007166003342717886,554.9225000140723
optimistic,200,bramev_event_score,42,42,42,t00515-c00166,166,515,3,3,True,1,84.08487500855699,444.81266700313427,110.10383299435489,0.004750007065013051,554.9212500045542
optimistic,200,bramev_event_score,42,42,42,t00517-c00036,36,517,5,5,True,1,33.790625020628795,264.196375006577,0.01704200985841453,0.01666598836891353,264.2300830048043
optimistic,200,bramev_event_score,42,42,42,t00518-c00014,14,518,6,6,True,1,156.21287500835024,2605.752958013909,40.96420799032785,0.016792007954791188,2646.7339580121916
optimistic,200,bramev_event_score,42,42,42,t00518-c00054,54,518,10,10,True,1,113.34541600081138,2461.461665981915,185.30308399931528,0.009041017619892955,2646.77379099885
optimistic,200,bramev_event_score,42,42,42,t00518-c00153,153,518,7,7,True,1,432.1805000072345,2050.756624987116,596.0283750027884,0.006999995093792677,2646.7919999849983
optimistic,200,bramev_event_score,42,42,42,t00518-c00179,179,518,11,10,True,1,432.1478749916423,2646.580291999271,0.2059580001514405,0.005582987796515226,2646.791832987219
optimistic,200,bramev_event_score,42,42,42,t00519-c00054,54,519,10,9,True,1,83.8391249999404,656.7427080008201,0.02479198155924678,0.019791012164205313,656.7872909945436
optimistic,200,bramev_event_score,42,42,42,t00523-c00087,87,523,14,14,True,1,84.59741700789891,1053.1003749929368,0.03012499655596912,0.018999999156221747,1053.149499988649
optimistic,200,bramev_event_score,42,42,42,t00523-c00137,137,523,10,10,True,1,84.55458402750082,1053.0572090065107,0.13895801384933293,0.008417002391070127,1053.204584022751
optimistic,200,bramev_event_score,42,42,42,t00524-c00060,60,524,5,5,True,1,231.56841701711528,772.719833010342,0.022833992261439562,0.016250007320195436,772.7589170099236
optimistic,200,bramev_event_score,42,42,42,t00524-c00149,149,524,3,3,True,1,208.5590000206139,710.2176670159679,62.57933299639262,0.00695799826644361,772.803958010627
optimistic,200,bramev_event_score,42,42,42,t00524-c00198,198,524,3,3,True,1,208.52204199763946,710.1808750012424,62.61333299335092,0.004708999767899513,772.7989169943612
optimistic,200,bramev_event_score,42,42,42,t00525-c00082,82,525,7,6,True,1,44.97729099239223,184.40954099060036,13.054250011919066,0.017583981389179826,197.4813749839086
optimistic,200,bramev_event_score,42,42,42,t00526-c00088,88,526,3,1,True,1,676.4215410221368,676.4215410221368,240.9252499928698,0.014249992091208696,917.3610410070978
optimistic,200,bramev_event_score,42,42,42,t00526-c00093,93,526,6,6,True,1,15.091999986907467,917.28670799057,0.11208400246687233,0.009332987247034907,917.4081249802839
optimistic,200,bramev_event_score,42,42,42,t00526-c00165,165,526,3,2,True,1,94.75970797939226,676.3435829780065,241.05654199956916,0.005291018169373274,917.405415995745
optimistic,200,bramev_event_score,42,42,42,t00527-c00043,43,527,9,9,True,1,63.79966699751094,407.3367089731619,0.02183302422054112,0.016207981389015913,407.37474997877143
optimistic,200,bramev_event_score,42,42,42,t00527-c00174,174,527,3,3,True,1,17.15624998905696,380.300915974658,27.11679201456718,0.007166992872953415,407.4248749820981
optimistic,200,bramev_event_score,42,42,42,t00528-c00123,123,528,3,3,True,1,13.133500004187226,133.04620800772682,0.024958979338407516,0.01675001112744212,133.08791699819267
optimistic,200,bramev_event_score,42,42,42,t00529-c00063,63,529,3,2,True,1,43.7410419981461,56.30325002130121,86.33012499194592,0.0228749995585531,142.65625001280569
optimistic,200,bramev_event_score,42,42,42,t00529-c00167,167,529,3,2,True,1,16.239041986409575,116.76291699404828,25.929625000571832,0.006999995093792677,142.6995419897139
optimistic,200,bramev_event_score,42,42,42,t00531-c00199,199,531,5,5,True,1,33.393041987437755,235.19524998846464,0.0314170029014349,0.014332996215671301,235.24099998758174
optimistic,200,bramev_event_score,42,42,42,t00532-c00172,172,532,9,9,True,1,56.58904099254869,448.33079099771567,0.030499999411404133,0.016250007320195436,448.37754100444727
optimistic,200,bramev_event_score,42,42,42,t00533-c00001,1,533,5,4,True,1,20.111333986278623,278.4756670007482,38.50020800018683,0.027000001864507794,317.00287500279956
optimistic,200,bramev_event_score,42,42,42,t00533-c00185,185,533,4,1,True,1,122.35408401465975,122.35408401465975,194.68566600698978,0.006999995093792677,317.0467500167433
optimistic,200,bramev_event_score,42,42,42,t00536-c00075,75,536,7,7,True,1,148.4400839835871,1138.9757090073545,0.024999986635521054,0.01633301144465804,1139.0170420054346
optimistic,200,bramev_event_score,42,42,42,t00536-c00142,142,536,8,8,True,1,148.39733301778324,1138.9332080143504,0.11920899851247668,0.006749993190169334,1139.059167006053
optimistic,200,bramev_event_score,42,42,42,t00538-c00006,6,538,14,12,True,1,50.58716700295918,1288.831999991089,14.269167004385963,0.020166015019640326,1303.1213330104947
optimistic,200,bramev_event_score,42,42,42,t00538-c00065,65,538,3,2,True,1,283.60562497982755,1168.8415419775993,134.3121660174802,0.006999995093792677,1303.1607079901733
optimistic,200,bramev_event_score,42,42,42,t00538-c00125,125,538,3,3,True,1,283.57025000150315,1168.8064580084756,134.34862499707378,0.005375011824071407,1303.1604580173735
optimistic,200,bramev_event_score,42,42,42,t00542-c00013,13,542,10,10,True,1,31.275207991711795,291.47866601124406,0.018916995031759143,0.016542006051167846,291.514125012327
optimistic,200,bramev_event_score,42,42,42,t00543-c00059,59,543,4,4,True,1,171.08183301752433,964.8436249990482,0.02241699257865548,0.014958000974729657,964.8809999926016
optimistic,200,bramev_event_score,42,42,42,t00543-c00074,74,543,6,6,True,1,171.04029201436788,964.8022089968435,0.11008299770765007,0.007458002073690295,964.9197499966249
optimistic,200,bramev_event_score,42,42,42,t00549-c00038,38,549,6,3,True,1,27.11816699593328,125.50320901209489,14.22179097426124,0.021709012798964977,139.7467089991551
optimistic,200,bramev_event_score,42,42,42,t00550-c00010,10,550,10,10,True,1,92.8997500159312,2154.8120840161573,181.96045799413696,0.018708000425249338,2336.7912500107195
optimistic,200,bramev_event_score,42,42,42,t00550-c00066,66,550,3,3,True,1,33.70716699282639,1777.5710829882883,559.2649590107612,0.006791000487282872,2336.8428329995368
optimistic,200,bramev_event_score,42,42,42,t00550-c00119,119,550,8,8,True,1,335.0337920128368,2336.6699170146603,0.17008298891596496,0.006124988431110978,2336.8461249920074
optimistic,200,bramev_event_score,42,42,42,t00550-c00171,171,550,5,5,True,1,129.6464999904856,2269.2570830113254,67.58095900295302,0.00495798303745687,2336.842999997316
optimistic,200,bramev_event_score,42,42,42,t00550-c00180,180,550,8,8,True,1,129.61920798989013,2269.2301249771845,67.60766700608656,0.005291018169373274,2336.8430830014404
optimistic,200,bramev_event_score,42,42,42,t00551-c00025,25,551,7,6,True,1,67.10883401683532,356.81695901439525,28.501541004516184,0.015583995264023542,385.33408401417546
optimistic,200,bramev_event_score,42,42,42,t00551-c00113,113,551,5,5,True,1,13.381291006226093,385.25358302285895,0.12358298408798873,0.008292001439258456,385.3854580083862
optimistic,200,bramev_event_score,42,42,42,t00552-c00092,92,552,3,3,True,1,34.41004201886244,955.8739170024637,65.39466601680033,0.015458994312211871,1021.2840420135763
optimistic,200,bramev_event_score,42,42,42,t00552-c00165,165,552,12,11,True,1,69.84275000286289,1021.1996250145603,0.13016699813306332,0.010166986612603068,1021.339958999306
optimistic,200,bramev_event_score,42,42,42,t00552-c00195,195,552,3,3,True,1,34.328582987654954,955.7937079807743,65.53954200353473,0.004875008016824722,1021.3381249923259
optimistic,200,bramev_event_score,42,42,42,t00553-c00039,39,553,6,6,True,1,16.342082992196083,269.0340409753844,0.019917002646252513,0.015416997484862804,269.06937497551553
optimistic,200,bramev_event_score,42,42,42,t00555-c00085,85,555,8,7,True,1,86.87383399228565,795.7299170084298,0.023792003048583865,0.015458004781976342,795.7691670162603
optimistic,200,bramev_event_score,42,42,42,t00555-c00124,124,555,4,4,True,1,51.190084021072835,600.5068750237115,195.2890839893371,0.006791000487282872,795.8027500135358
optimistic,200,bramev_event_score,42,42,42,t00558-c00196,196,558,5,4,True,1,20.45504201669246,171.35850002523512,0.029749993700534105,0.014541990822181106,171.40279200975783
optimistic,200,bramev_event_score,42,42,42,t00563-c00159,159,563,6,6,True,1,1481.8016669887584,3453.5519999917597,0.03362499410286546,0.020209001377224922,3453.6058339872397
optimistic,200,bramev_event_score,42,42,42,t00563-c00184,184,563,4,4,True,1,1481.7606669967063,3453.5112919984385,0.13295799726620317,0.006583984941244125,3453.650833980646
optimistic,200,bramev_event_score,42,42,42,t00563-c00191,191,563,5,5,True,1,1481.7264159792103,3453.4765409771353,0.1622500130906701,0.005459005478769541,3453.6442499957047
optimistic,200,bramev_event_score,42,42,42,t00564-c00032,32,564,4,3,True,1,26.126167009351775,157.767500000773,0.01650000922381878,0.015833997167646885,157.79983400716446
optimistic,200,bramev_event_score,42,42,42,t00565-c00181,181,565,5,5,True,1,11.908166983630508,133.68408297537826,0.030459021218121052,0.016915990272536874,133.73145798686892
optimistic,200,bramev_event_score,42,42,42,t00566-c00188,188,566,6,6,True,1,42.925332993036136,378.4383329912089,0.03179200575686991,0.0158329785335809,378.48595797549933
optimistic,200,bramev_event_score,42,42,42,t00568-c00187,187,568,7,7,True,1,24.032667017308995,303.14858301426284,0.03183400258421898,0.015415978850796819,303.19583299569786
optimistic,200,bramev_event_score,42,42,42,t00569-c00030,30,569,5,5,True,1,54.76391699630767,310.61662500724196,0.018291990272700787,0.017125013982877135,310.65204201149754
optimistic,200,bramev_event_score,42,42,42,t00569-c00114,114,569,8,8,True,1,10.654542013071477,262.5980000011623,48.113708005985245,0.008208997314795852,310.71991700446233
optimistic,200,bramev_event_score,42,42,42,t00570-c00027,27,570,7,7,True,1,101.6232910042163,378.63458300125785,73.33787501556799,0.015792000340297818,451.98825001716614
optimistic,200,bramev_event_score,42,42,42,t00570-c00030,30,570,6,6,True,1,23.62479199655354,451.9074580166489,0.11966697638854384,0.007833004929125309,452.03495799796656
optimistic,200,bramev_event_score,42,42,42,t00572-c00110,110,572,3,3,True,1,53.241040994180366,158.58041599858552,22.3357499926351,0.013625016435980797,180.9297910076566
optimistic,200,bramev_event_score,42,42,42,t00572-c00141,141,572,6,6,True,1,11.228916991967708,180.856249993667,0.10699999984353781,0.007708003977313638,180.97095799748786
optimistic,200,bramev_event_score,42,42,42,t00573-c00048,48,573,16,15,True,1,108.2924579968676,1434.4812500057742,0.026875000912696123,0.0201669754460454,1434.528291982133
optimistic,200,bramev_event_score,42,42,42,t00573-c00141,141,573,6,6,True,1,24.26012500654906,1393.6314999882597,40.93712501344271,0.006499991286545992,1434.575124992989
optimistic,200,bramev_event_score,42,42,42,t00575-c00001,1,575,11,8,True,1,104.01654199813493,938.0389589932747,12.457875011023134,0.03183298395015299,950.528666988248
optimistic,200,bramev_event_score,42,42,42,t00575-c00129,129,575,3,2,True,1,200.0923749874346,858.8115419843234,91.77116700448096,0.006415997631847858,950.5891249864362
optimistic,200,bramev_event_score,42,42,42,t00575-c00184,184,575,4,1,True,1,116.53670799569227,116.53670799569227,834.0492080023978,0.0046670029405504465,950.5905830010306
optimistic,200,bramev_event_score,42,42,42,t00576-c00001,1,576,9,7,True,1,265.2827919810079,1284.1082499944605,0.017084006685763597,0.018082995666190982,1284.1434169968124
optimistic,200,bramev_event_score,42,42,42,t00576-c00014,14,576,3,3,True,1,171.82366701308638,1085.2460419991985,198.93949999823235,0.007666007149964571,1284.1932080045808
optimistic,200,bramev_event_score,42,42,42,t00576-c00129,129,576,3,2,True,1,385.22424999973737,1210.9564169950318,73.23312500375323,0.005457986844703555,1284.1949999856297
optimistic,200,bramev_event_score,42,42,42,t00577-c00045,45,577,3,3,True,1,46.540375013137236,375.9550840186421,0.02174999099224806,0.016125006368383765,375.9929590160027
optimistic,200,bramev_event_score,42,42,42,t00577-c00129,129,577,3,2,True,1,183.49095800658688,375.91087498003617,0.1203330175485462,0.006374990334734321,376.03758298791945
optimistic,200,bramev_event_score,42,42,42,t00578-c00068,68,578,3,3,True,1,233.1417079840321,683.5514580016024,46.02524999063462,0.016125006368383765,729.5928329986054
optimistic,200,bramev_event_score,42,42,42,t00578-c00104,104,578,8,8,True,1,233.1011249916628,729.5140000060201,0.13249999028630555,0.007499998901039362,729.6539999952074
optimistic,200,bramev_event_score,42,42,42,t00579-c00005,5,579,12,12,True,1,52.02425000607036,3001.0785840277094,0.020415987819433212,0.01712498487904668,3001.116125000408
optimistic,200,bramev_event_score,42,42,42,t00579-c00061,61,579,3,3,True,1,2374.8915840114933,2953.255333995912,47.896500007482246,0.006624992238357663,3001.158458995633
optimistic,200,bramev_event_score,42,42,42,t00579-c00068,68,579,3,3,True,1,24.714709026739,2588.8900000136346,412.2737089928705,0.005416019121184945,3001.1691250256263
optimistic,200,bramev_event_score,42,42,42,t00579-c00120,120,579,3,2,True,1,2374.8270829964895,2953.1908330100123,47.96866700053215,0.0038750004023313522,3001.1633750109468
optimistic,200,bramev_event_score,42,42,42,t00580-c00061,61,580,7,7,True,1,109.66845799703151,958.4215829963796,121.28849999862723,0.017959013348445296,1079.7280420083553
optimistic,200,bramev_event_score,42,42,42,t00580-c00081,81,580,3,3,True,1,351.14895799779333,878.3794580085669,201.38604199746624,0.007208000170066953,1079.7727080062032
optimistic,200,bramev_event_score,42,42,42,t00580-c00195,195,580,5,5,True,1,156.11679101129994,1079.6105410263408,0.16283398144878447,0.005958019755780697,1079.7793330275454
optimistic,200,bramev_event_score,42,42,42,t00583-c00101,101,583,7,7,True,1,42.300500004785135,209.6226249996107,0.02341700019314885,0.013707991456612945,209.65974999126047
optimistic,200,bramev_event_score,42,42,42,t00584-c00058,58,584,2,2,True,1,68.0828750191722,106.40962500474416,0.014708988601341844,0.011374999303370714,106.43570899264887
optimistic,200,bramev_event_score,42,42,42,t00586-c00033,33,586,8,8,True,1,44.818666006904095,194.4046660210006,0.017208978533744812,0.012250005966052413,194.4341250055004
optimistic,200,bramev_event_score,42,42,42,t00591-c00040,40,591,4,4,True,1,38.31600002013147,330.9923750057351,0.023458997020497918,0.015500001609325409,331.0313340043649
optimistic,200,bramev_event_score,42,42,42,t00591-c00055,55,591,7,6,True,1,63.047542003914714,279.1221250081435,51.945541985332966,0.0077500008046627045,331.0754169942811
optimistic,200,bramev_event_score,42,42,42,t00591-c00161,161,591,4,1,True,1,38.23737500351854,38.23737500351854,292.82845798297785,0.004458997864276171,331.07029198436067
optimistic,200,bramev_event_score,42,42,42,t00593-c00161,161,593,6,3,True,1,22.131208010250703,130.90958300745115,13.365666993195191,0.024290988221764565,144.2995409888681
optimistic,200,bramev_event_score,42,42,42,t00594-c00085,85,594,7,6,True,1,101.89125000033528,648.7711670051794,41.6575409763027,0.017000013031065464,690.4457079945132
optimistic,200,bramev_event_score,42,42,42,t00594-c00117,117,594,5,5,True,1,273.0520000040997,690.3677079826593,0.12579202302731574,0.007291993824765086,690.5007919995114
optimistic,200,bramev_event_score,42,42,42,t00594-c00189,189,594,3,3,True,1,27.38633399712853,564.9355000059586,125.57691699475981,0.005208014044910669,690.5176250147633
optimistic,200,bramev_event_score,42,42,42,t00595-c00117,117,595,7,7,True,1,92.43633301230147,576.0020830202848,0.02549999044276774,0.015208992408588529,576.0427920031361
optimistic,200,bramev_event_score,42,42,42,t00595-c00121,121,595,7,7,True,1,92.39837501081638,575.9635840076953,0.1203749852720648,0.006832997314631939,576.090791990282
optimistic,200,bramev_event_score,42,42,42,t00596-c00151,151,596,4,4,True,1,37.5862080254592,174.96575001860037,0.025707995519042015,0.01404198701493442,175.00550000113435
optimistic,200,bramev_event_score,42,42,42,t00599-c00030,30,599,5,5,True,1,20.17708300263621,142.1842080017086,0.018166989320889115,0.015833007637411356,142.2182079986669
optimistic,200,bramev_event_score,42,42,42,t00601-c00008,8,601,9,8,True,1,78.46962500480004,452.40916701732203,0.01754099503159523,0.016250007320195436,452.4429580196738
optimistic,200,bramev_event_score,42,42,42,t00603-c00019,19,603,14,14,True,1,68.40400001965463,1082.858917012345,0.023083004634827375,0.017082988051697612,1082.8990830050316
optimistic,200,bramev_event_score,42,42,42,t00603-c00046,46,603,8,6,True,1,83.74508301494643,970.046041009482,112.8831249952782,0.0070420210249722,1082.9362080257852
optimistic,200,bramev_event_score,42,42,42,t00604-c00168,168,604,3,3,True,1,32.42191701428965,129.54991700826213,0.02420798409730196,0.012667005648836493,129.58679199800827
optimistic,200,bramev_event_score,42,42,42,t00605-c00032,32,605,3,2,True,1,29.394000011961907,67.40070800879039,13.891000009607524,0.013209006283432245,81.30491702468134
optimistic,200,bramev_event_score,42,42,42,t00606-c00175,175,606,3,3,True,1,26.19679199415259,103.81745899212547,0.023375003365799785,0.012083008186891675,103.85291700367816
optimistic,200,bramev_event_score,42,42,42,t00607-c00175,175,607,6,6,True,1,34.84825001214631,309.3595000100322,0.0296669895760715,0.015291996533051133,309.40445899614133
optimistic,200,bramev_event_score,42,42,42,t00610-c00007,7,610,3,2,True,1,252.75712501024827,1413.3875840052497,425.1625830074772,0.012957985745742917,1838.5631249984726
optimistic,200,bramev_event_score,42,42,42,t00610-c00026,26,610,7,7,True,1,296.2943339953199,1838.496959011536,0.09716599015519023,0.008500006515532732,1838.6026250082068
optimistic,200,bramev_event_score,42,42,42,t00610-c00052,52,610,10,10,True,1,252.6842920051422,1813.7807919993065,24.816707998979837,0.00695799826644361,1838.6044579965528
optimistic,200,bramev_event_score,42,42,42,t00612-c00101,101,612,3,2,True,1,60.780166008044034,130.43108300189488,0.020292005501687527,0.013749988283962011,130.46512499568053
optimistic,200,bramev_event_score,42,42,42,t00613-c00015,15,613,6,5,True,1,100.35091597819701,384.85449997824617,0.01675001112744212,0.015708006685599685,384.8869579960592
optimistic,200,bramev_event_score,42,42,42,t00613-c00049,49,613,6,6,True,1,28.760749992216006,337.9509579972364,46.974249999038875,0.007833994459360838,384.93304199073464
optimistic,200,bramev_event_score,42,42,42,t00614-c00158,158,614,5,5,True,1,72.8629159857519,432.77408299036324,0.03208301495760679,0.018166989320889115,432.82433299464174
optimistic,200,bramev_event_score,42,42,42,t00615-c00120,120,615,4,4,True,1,40.54004102363251,824.4788330048323,0.028125010430812836,0.016749982023611665,824.5237079972867
optimistic,200,bramev_event_score,42,42,42,t00615-c00169,169,615,4,4,True,1,40.49770798883401,824.4368330051657,0.12687500566244125,0.006458983989432454,824.5701669948176
optimistic,200,bramev_event_score,42,42,42,t00616-c00053,53,616,7,4,True,1,1085.2012920076959,1639.3037080124486,80.55554199381731,0.01620801049284637,1719.8754580167588
optimistic,200,bramev_event_score,42,42,42,t00616-c00064,64,616,7,7,True,1,114.460415992653,1639.2644160077907,80.64495900180191,0.006791000487282872,1719.91616601008
optimistic,200,bramev_event_score,42,42,42,t00616-c00112,112,616,9,8,True,1,114.42283398355357,1719.7599999781232,0.145875004818663,0.0058340083342045546,1719.911708991276
optimistic,200,bramev_event_score,42,42,42,t00619-c00139,139,619,4,4,True,1,57.5362500094343,307.7419580076821,0.025999994250014424,0.015958008589223027,307.78391601052135
optimistic,200,bramev_event_score,42,42,42,t00620-c00047,47,620,8,8,True,1,25.32050001900643,240.79370900290087,0.019333005184307694,0.013167009456083179,240.82620901754126
optimistic,200,bramev_event_score,42,42,42,t00621-c00047,47,621,9,9,True,1,95.19845902104862,759.0776670258492,0.02216699067503214,0.016040983609855175,759.1158750001341
optimistic,200,bramev_event_score,42,42,42,t00621-c00107,107,621,13,11,True,1,95.15566701884381,701.1458330089226,58.00979200284928,0.008707982487976551,759.1643329942599
optimistic,200,bramev_event_score,42,42,42,t00622-c00100,100,622,6,6,True,1,48.80166699877009,489.6823329909239,8.60800000373274,0.01883399090729654,498.30916698556393
optimistic,200,bramev_event_score,42,42,42,t00622-c00107,107,622,7,6,True,1,77.24441701429896,345.3184170066379,153.03320801467635,0.007791997632011771,498.35941701894626
optimistic,200,bramev_event_score,42,42,42,t00623-c00080,80,623,10,10,True,1,47.530375013593584,680.612458003452,0.02779200440272689,0.018041988369077444,680.6582919962239
optimistic,200,bramev_event_score,42,42,42,t00623-c00122,122,623,4,4,True,1,78.28712501213886,429.6700000122655,251.02479199995287,0.007624999852851033,680.7024170120712
optimistic,200,bramev_event_score,42,42,42,t00625-c00003,3,625,7,6,True,1,42.45262499898672,178.87425000662915,0.014582998119294643,0.012792006600648165,178.9016250113491
optimistic,200,bramev_event_score,42,42,42,t00626-c00102,102,626,12,12,True,1,29.236417001811787,332.1704999834765,0.028000009479001164,0.016542006051167846,332.21504199900664
optimistic,200,bramev_event_score,42,42,42,t00627-c00012,12,627,5,5,True,1,53.09416598174721,512.3784999886993,92.10162499221042,0.018458027625456452,604.4985830085352
optimistic,200,bramev_event_score,42,42,42,t00627-c00193,193,627,5,5,True,1,141.5447919862345,604.4093749951571,0.1309590006712824,0.008000002708286047,604.5483339985367
optimistic,200,bramev_event_score,42,42,42,t00628-c00017,17,628,9,9,True,1,36.33591698599048,273.3613750024233,0.018208986148238182,0.017000013031065464,273.3965840016026
optimistic,200,bramev_event_score,42,42,42,t00630-c00106,106,630,5,5,True,1,26.113583997357637,172.12070900131948,0.023333006538450718,0.017291982658207417,172.16133399051614
optimistic,200,bramev_event_score,42,42,42,t00631-c00076,76,631,6,6,True,1,89.08554198569618,560.009958979208,0.029874994652345777,0.016666017472743988,560.0564999913331
optimistic,200,bramev_event_score,42,42,42,t00632-c00076,76,632,12,11,True,1,83.62041701911949,845.8826669957489,0.027541012968868017,0.017584010493010283,845.9277920192108
optimistic,200,bramev_event_score,42,42,42,t00634-c00041,41,634,11,11,True,1,84.06945900060236,837.6964170020074,0.023833010345697403,0.01795898424461484,837.7382089965977
optimistic,200,bramev_event_score,42,42,42,t00634-c00146,146,634,3,2,True,1,26.025875005871058,593.2681660051458,244.50662499293685,0.006541988113895059,837.7813329861965
optimistic,200,bramev_event_score,42,42,42,t00635-c00000,0,635,9,9,True,1,55.911875009769574,836.0387500142679,0.018665974494069815,0.016584002878516912,836.0739999916404
optimistic,200,bramev_event_score,42,42,42,t00635-c00096,96,635,11,11,True,1,103.06504199979827,768.3099170099013,67.80512499972247,0.00825000461190939,836.1232920142356
optimistic,200,bramev_event_score,42,42,42,t00635-c00146,146,635,3,2,True,1,14.804957987507805,598.5829999845009,237.53216600744054,0.004959001671522856,836.120124993613
optimistic,200,bramev_event_score,42,42,42,t00636-c00132,132,636,5,4,True,1,71.95737498113886,404.685082990909,0.024832988856360316,0.014874996850267053,404.7247909766156
optimistic,200,bramev_event_score,42,42,42,t00636-c00157,157,636,3,2,True,1,17.91458300431259,156.5146659850143,248.24037501821294,0.006166985258460045,404.7612079884857
optimistic,200,bramev_event_score,42,42,42,t00638-c00118,118,638,7,7,True,1,30.083000019658357,314.44608300807886,0.024667009711265564,0.015291996533051133,314.4860420143232
optimistic,200,bramev_event_score,42,42,42,t00638-c00175,175,638,3,2,True,1,52.435458987019956,108.69108399492688,205.8346249978058,0.006207992555573583,314.53191698528826
optimistic,200,bramev_event_score,42,42,42,t00639-c00114,114,639,4,4,True,1,40.01279198564589,264.2106249986682,0.023667002096772194,0.016167003195732832,264.2504590039607
optimistic,200,bramev_event_score,42,42,42,t00640-c00018,18,640,5,4,True,1,102.94183299993165,326.1977499932982,185.53687501116656,0.014791992725804448,511.74941699719056
optimistic,200,bramev_event_score,42,42,42,t00640-c00086,86,640,5,5,True,1,69.97504201717675,449.8637079959735,61.91450002370402,0.006374990334734321,511.7845830100123
optimistic,200,bramev_event_score,42,42,42,t00640-c00114,114,640,4,4,True,1,37.193833995843306,511.6425839951262,0.13270802446641028,0.005249981768429279,511.780542001361
optimistic,200,bramev_event_score,42,42,42,t00642-c00194,194,642,7,7,True,1,43.63766699680127,215.61045799171552,0.03166700480505824,0.01362498733215034,215.65574998385273
optimistic,200,bramev_event_score,42,42,42,t00643-c00037,37,643,9,9,True,1,148.47537499736063,900.6442920072004,0.026666995836421847,0.02245799987576902,900.6934170029126
optimistic,200,bramev_event_score,42,42,42,t00643-c00067,67,643,4,4,True,1,55.233541992492974,900.6053329794668,0.1376250002067536,0.006999995093792677,900.7499579747673
optimistic,200,bramev_event_score,42,42,42,t00643-c00194,194,643,12,12,True,1,35.368792014196515,788.5593750106636,112.18733398709446,0.006832997314631939,900.7535419950727
optimistic,200,bramev_event_score,42,42,42,t00644-c00061,61,644,6,6,True,1,117.41674999939278,943.5384999960661,0.023416010662913322,0.017749989638105035,943.5796659963671
optimistic,200,bramev_event_score,42,42,42,t00645-c00008,8,645,5,4,True,1,65.70591698982753,512.7402079815511,274.40500000375323,0.016542006051167846,787.1617499913555
optimistic,200,bramev_event_score,42,42,42,t00645-c00043,43,645,4,4,True,1,304.5415419910569,787.0860419934615,0.11816699407063425,0.007624999852851033,787.211833987385
optimistic,200,bramev_event_score,42,42,42,t00645-c00135,135,645,4,4,True,1,192.98595897271298,719.4553339795675,67.76770800934173,0.006457994459196925,787.2294999833684
optimistic,200,bramev_event_score,42,42,42,t00646-c00043,43,646,7,7,True,1,57.48616601340473,310.4217500076629,0.017290993127971888,0.013917015166953206,310.45295801595785
optimistic,200,bramev_event_score,42,42,42,t00647-c00078,78,647,8,8,True,1,25.04141701501794,159.73333301371895,0.02341700019314885,0.015457975678145885,159.77220798959024
optimistic,200,bramev_event_score,42,42,42,t00648-c00078,78,648,7,7,True,1,74.9738750164397,1262.4257919960655,0.022958003683015704,0.017250014934688807,1262.4660000146832
optimistic,200,bramev_event_score,42,42,42,t00648-c00136,136,648,6,6,True,1,274.3452499853447,1127.9323749768082,134.57512500463054,0.00795899541117251,1262.51545897685
optimistic,200,bramev_event_score,42,42,42,t00648-c00148,148,648,7,7,True,1,116.80745799094439,1209.9379999854136,52.57558298762888,0.006958027370274067,1262.5205410004128
optimistic,200,bramev_event_score,42,42,42,t00650-c00116,116,650,5,5,True,1,30.30491599929519,492.51254100818187,77.86262498120777,0.015375000657513738,570.3905409900472
optimistic,200,bramev_event_score,42,42,42,t00650-c00126,126,650,7,7,True,1,90.29766599996947,570.3136659867596,0.12270902516320348,0.007499998901039362,570.4438750108238
optimistic,200,bramev_event_score,42,42,42,t00651-c00116,116,651,6,3,True,1,47.11025001597591,132.76454200968146,0.023500004317611456,0.013582990504801273,132.80162500450388
optimistic,200,bramev_event_score,42,42,42,t00653-c00152,152,653,4,4,True,1,50.50570800085552,264.45883300038986,0.02779200440272689,0.014707999071106315,264.5013330038637
optimistic,200,bramev_event_score,42,42,42,t00655-c00009,9,655,8,8,True,1,75.5448330019135,506.7456660035532,0.01824999344535172,0.018874998204410076,506.78279099520296
optimistic,200,bramev_event_score,42,42,42,t00655-c00090,90,655,3,3,True,1,22.929124999791384,405.6735829799436,101.16754201590084,0.007374997949227691,506.84849999379367
optimistic,200,bramev_event_score,42,42,42,t00656-c00009,9,656,11,11,True,1,206.09150000382215,1306.0439160035457,0.022374995751306415,0.018874998204410076,1306.0851659975015
optimistic,200,bramev_event_score,42,42,42,t00656-c00094,94,656,5,5,True,1,142.32312500826083,1305.9990830079187,0.13212498743087053,0.006459013093262911,1306.1376670084428
optimistic,200,bramev_event_score,42,42,42,t00657-c00009,9,657,8,8,True,1,303.3422500011511,3240.263249987038,0.02274999860674143,0.018709019059315324,3240.304709004704
optimistic,200,bramev_event_score,42,42,42,t00657-c00017,17,657,4,4,True,1,303.3037499990314,3240.2246669807937,0.1332910032942891,0.006250018486753106,3240.3642080025747
optimistic,200,bramev_event_score,42,42,42,t00657-c00094,94,657,5,4,True,1,303.2671249820851,3240.1883749989793,0.16500000492669642,0.004750007065013051,3240.358125010971
optimistic,200,bramev_event_score,42,42,42,t00657-c00109,109,657,6,6,True,1,14.81304201297462,2858.694624999771,381.65558301261626,0.005708978278562427,3240.3559169906657
optimistic,200,bramev_event_score,42,42,42,t00657-c00163,163,657,4,1,True,1,303.2051250047516,303.2051250047516,2937.142707989551,0.003334018401801586,3240.3511670127045
optimistic,200,bramev_event_score,42,42,42,t00657-c00186,186,657,12,12,True,1,51.735290995566174,2858.630375005305,381.7114580015186,0.005292007699608803,3240.347125014523
optimistic,200,bramev_event_score,42,42,42,t00658-c00009,9,658,3,3,True,1,52.68204098683782,528.7332909938414,221.21354201226495,0.016166974091902375,749.9629999801982
optimistic,200,bramev_event_score,42,42,42,t00658-c00109,109,658,6,6,True,1,175.09291600435972,727.5568750046659,22.449665993917733,0.007374997949227691,750.0139159965329
optimistic,200,bramev_event_score,42,42,42,t00658-c00186,186,658,7,7,True,1,99.70445799990557,749.8483750096057,0.16183298430405557,0.006084010237827897,750.0162920041475
optimistic,200,bramev_event_score,42,42,42,t00659-c00108,108,659,10,10,True,1,74.03395799337886,970.8815829944797,0.030166993383318186,0.0186669931281358,970.9304169809911
optimistic,200,bramev_event_score,42,42,42,t00660-c00034,34,660,6,6,True,1,39.219832979142666,338.6175829800777,68.9297089993488,0.016583013348281384,407.5638749927748
optimistic,200,bramev_event_score,42,42,42,t00660-c00170,170,660,6,6,True,1,39.17124998406507,407.47954198741354,0.14229101361706853,0.007916998583823442,407.62974999961443
optimistic,200,bramev_event_score,42,42,42,t00661-c00034,34,661,4,4,True,1,28.611292014829814,158.11479202238843,0.017915997887030244,0.01637497916817665,158.14908299944364
optimistic,200,bramev_event_score,42,42,42,t00663-c00079,79,663,9,9,True,1,35.63766699517146,389.49841700377874,0.02649999805726111,0.018332997569814324,389.5432499994058
optimistic,200,bramev_event_score,42,42,42,t00664-c00140,140,664,4,4,True,1,359.9097910046112,1181.7245830025058,0.026958005037158728,0.016584002878516912,1181.7681250104215
optimistic,200,bramev_event_score,42,42,42,t00664-c00164,164,664,7,7,True,1,359.87129202112556,1181.6858750244137,0.1221249985974282,0.007583992555737495,1181.8155840155669
optimistic,200,bramev_event_score,42,42,42,t00665-c00063,63,665,8,7,True,1,37.07104199565947,268.1004589830991,12.733583018416539,0.01812499249354005,280.85216699400917
optimistic,200,bramev_event_score,42,42,42,t00666-c00021,21,666,6,6,True,1,27.195375005248934,321.40433401218615,0.01724998583085835,0.014999997802078724,321.4365839958191
optimistic,200,bramev_event_score,42,42,42,t00668-c00100,100,668,5,4,True,1,91.46229200996459,393.73425001394935,0.02341700019314885,0.015332974726334214,393.77299998886883
optimistic,200,bramev_event_score,42,42,42,t00674-c00154,154,674,7,7,True,1,74.57954200799577,399.077167006908,0.029791000997647643,0.015249999705702066,399.12220800761133
optimistic,200,bramev_event_score,42,42,42,t00675-c00150,150,675,6,6,True,1,18.271666980581358,621.5321669878904,0.028292008209973574,0.015208002878353,621.5756669989787
optimistic,200,bramev_event_score,42,42,42,t00675-c00179,179,675,8,8,True,1,111.34391601081006,585.0494999904186,36.551916011376306,0.008041999535635114,621.6094580013305
optimistic,200,bramev_event_score,42,42,42,t00677-c00035,35,677,5,5,True,1,27.039417007472366,240.42149999877438,0.01912500010803342,0.015458004781976342,240.4560830036644
optimistic,200,bramev_event_score,42,42,42,t00678-c00089,89,678,3,2,True,1,32.57229199516587,103.97645898046903,0.020000006770715117,0.012041011359542608,104.00849999859929
optimistic,200,bramev_event_score,42,42,42,t00680-c00105,105,680,5,3,True,1,97.32212501694448,145.36712499102578,548.26645902358,0.01929097925312817,693.6528749938589
optimistic,200,bramev_event_score,42,42,42,t00680-c00113,113,680,4,4,True,1,31.151667004451156,435.30679200193845,258.3819580031559,0.006958987796679139,693.695708992891
optimistic,200,bramev_event_score,42,42,42,t00680-c00156,156,680,6,4,True,1,354.119208001066,693.5349580016918,0.1567919971421361,0.006124988431110978,693.6978749872651
optimistic,200,bramev_event_score,42,42,42,t00681-c00082,82,681,7,7,True,1,47.62929200660437,749.5345000061207,0.024917011614888906,0.015500001609325409,749.5749170193449
optimistic,200,bramev_event_score,42,42,42,t00681-c00156,156,681,6,4,True,1,352.0534159906674,721.026624989463,28.597458003787324,0.006499991286545992,749.6305829845369
optimistic,200,bramev_event_score,42,42,42,t00682-c00082,82,682,7,7,True,1,16.13299999735318,844.4190419977531,0.022124993847683072,0.01562500256113708,844.4567919941619
optimistic,200,bramev_event_score,42,42,42,t00682-c00091,91,682,5,5,True,1,153.63945899298415,814.7009169915691,29.80941699934192,0.00695799826644361,844.5172919891775
optimistic,200,bramev_event_score,42,42,42,t00682-c00099,99,682,3,3,True,1,153.60745799262077,814.6689580171369,29.83970899367705,0.004290981451049447,844.512957992265
optimistic,200,bramev_event_score,42,42,42,t00683-c00016,16,683,9,3,True,1,335.229165997589,895.3749579959549,0.016292004147544503,0.01462499494664371,895.4058749950491
optimistic,200,bramev_event_score,42,42,42,t00683-c00081,81,683,8,8,True,1,40.22791699389927,895.3311670047697,0.11941598495468497,0.009000010322779417,895.4595830000471
optimistic,200,bramev_event_score,42,42,42,t00683-c00082,82,683,7,7,True,1,66.90762500511482,826.3265410205349,69.12837497657165,0.006250018486753106,895.4611660155933
optimistic,200,bramev_event_score,42,42,42,t00685-c00090,90,685,7,7,True,1,33.0237910093274,201.3844579923898,0.022082997020334005,0.013125012628734112,201.41966600203887
optimistic,200,bramev_event_score,42,42,42,t00686-c00044,44,686,5,2,True,1,423.8843750208616,1360.7365839998238,195.63508301507682,0.013874989235773683,1556.3855420041364
optimistic,200,bramev_event_score,42,42,42,t00686-c00050,50,686,3,3,True,1,28.649667015997693,1043.0364579951856,513.3768340165261,0.005915993824601173,1556.4192080055363
optimistic,200,bramev_event_score,42,42,42,t00686-c00062,62,686,4,4,True,1,248.87437501456589,1556.2790420081,0.12829198385588825,0.005166017217561603,1556.4125000091735
optimistic,200,bramev_event_score,42,42,42,t00686-c00097,97,686,8,8,True,1,248.84079198818654,1556.2458749918733,0.1534589973744005,0.005250010872259736,1556.40458400012
optimistic,200,bramev_event_score,42,42,42,t00690-c00046,46,690,7,6,True,1,34.51125000719912,208.8279580057133,11.640209006145597,0.016874982975423336,220.48504199483432
optimistic,200,bramev_event_score,42,42,42,t00696-c00031,31,696,7,6,True,1,38.165458012372255,1485.4392500128597,39.0455829910934,0.015208992408588529,1524.5000419963617
optimistic,200,bramev_event_score,42,42,42,t00696-c00056,56,696,10,10,True,1,172.28695802623406,1449.4819579995237,75.05391701124609,0.009457988198846579,1524.5453329989687
optimistic,200,bramev_event_score,42,42,42,t00696-c00166,166,696,6,6,True,1,512.8070419887081,1524.3862089992035,0.15304097905755043,0.005417008651420474,1524.5446669869125
optimistic,200,bramev_event_score,42,42,42,t00697-c00042,42,697,7,7,True,1,220.92691698344424,1469.6240419871174,141.29283299553208,0.01720900763757527,1610.934083990287
optimistic,200,bramev_event_score,42,42,42,t00697-c00177,177,697,6,6,True,1,27.454416995169595,1285.2356669900473,325.74374999967404,0.008000002708286047,1610.9874169924296
optimistic,200,bramev_event_score,42,42,42,t00697-c00187,187,697,9,9,True,1,130.60912501532584,1610.8122500008903,0.18491700757294893,0.007124996045604348,1611.004292004509
optimistic,200,bramev_event_score,42,42,42,t00698-c00150,150,698,15,10,True,1,116.0925000149291,677.0755000179633,0.03024999750778079,0.018332997569814324,677.124083013041
optimistic,200,bramev_event_score,42,42,42,t00698-c00177,177,698,3,2,True,1,33.95029198145494,410.9955419844482,266.16625001770444,0.007041991921141744,677.1688339940738
optimistic,200,bramev_event_score,42,42,42,t00699-c00017,17,699,13,13,True,1,133.0291249905713,1918.1929590122309,0.024999986635521054,0.01995800994336605,1918.2379170088097
optimistic,200,bramev_event_score,42,42,42,t00699-c00077,77,699,12,12,True,1,132.98504200065508,1755.6249580229633,162.67266697832383,0.008417002391070127,1918.3060420036782
optimistic,200,bramev_event_score,42,42,42,t00699-c00177,177,699,4,3,True,1,196.67504099197686,1836.4020829903893,81.90470800036564,0.0051670067477971315,1918.3119579975028
optimistic,200,bramev_event_score,42,42,42,t00699-c00197,197,699,3,3,True,1,387.3374169925228,1468.4369169990532,449.87329200375825,0.0050000089686363935,1918.31520901178
optimistic,200,bramev_event_score,42,42,42,t00700-c00005,5,700,6,6,True,1,610.3715420176741,1969.0870830090716,0.0186669931281358,0.017542013665661216,1969.1232920158654
optimistic,200,bramev_event_score,42,42,42,t00700-c00017,17,700,9,9,True,1,139.1448749927804,1969.0480830031447,0.11216700659133494,0.0077500008046627045,1969.1680000105407
optimistic,200,bramev_event_score,42,42,42,t00700-c00077,77,700,7,7,True,1,139.10729199415073,1778.992500010645,190.18587499158457,0.005707988748326898,1969.184082990978
optimistic,200,bramev_event_score,42,42,42,t00700-c00177,177,700,4,3,True,1,167.2569580259733,1829.707208002219,139.4644590036478,0.004291010554879904,1969.1759580164216
optimistic,200,bramev_event_score,42,42,42,t00701-c00017,17,701,3,3,True,1,21.346916997572407,127.46012498973869,0.014959019608795643,0.013874989235773683,127.48895899858326
optimistic,200,bramev_event_score,42,42,42,t00705-c00105,105,705,8,7,True,1,93.7119169975631,329.76125000277534,95.9608749835752,0.017709011444821954,425.73983399779536
optimistic,200,bramev_event_score,42,42,42,t00705-c00147,147,705,3,3,True,1,58.886665996396914,416.930165985832,8.86900001205504,0.006833986844867468,425.8059999847319
optimistic,200,bramev_event_score,42,42,42,t00706-c00022,22,706,5,3,True,1,496.72412499785423,1513.463542010868,0.01812499249354005,0.01637497916817665,1513.4980419825297
optimistic,200,bramev_event_score,42,42,42,t00706-c00082,82,706,7,7,True,1,67.95833297655918,1302.153290977003,211.38737502042204,0.00825000461190939,1513.548916002037
optimistic,200,bramev_event_score,42,42,42,t00706-c00092,92,706,5,5,True,1,81.2346669845283,1336.0243329952937,177.51841701101512,0.005249981768429279,1513.5479999880772
optimistic,200,bramev_event_score,42,42,42,t00706-c00105,105,706,6,2,True,1,575.1806669868529,1513.3542089897674,0.17870802548713982,0.004582980182021856,1513.5374999954365
optimistic,200,bramev_event_score,42,42,42,t00706-c00131,131,706,12,12,True,1,67.85883300472051,1302.0538330019917,211.4737090014387,0.005791021976619959,1513.533333025407
optimistic,200,bramev_event_score,42,42,42,t00708-c00184,184,708,3,2,True,1,31.648957985453308,67.29641600395553,10.713208990637213,0.017290993127971888,78.02691598772071
optimistic,200,bramev_event_score,42,42,42,t00709-c00072,72,709,5,4,True,1,19.34699999401346,154.58395797759295,0.018749997252598405,0.015666999388486147,154.61837497423403
optimistic,200,bramev_event_score,42,42,42,t00710-c00024,24,710,5,5,True,1,151.7073329887353,792.1868750127032,0.018457998521625996,0.016874982975423336,792.2222079942003
optimistic,200,bramev_event_score,42,42,42,t00710-c00055,55,710,5,2,True,1,151.66904099169187,638.484208000591,153.77866697963327,0.006250018486753106,792.269124998711
optimistic,200,bramev_event_score,42,42,42,t00711-c00002,2,711,7,7,True,1,62.14720799471252,275.6189999927301,0.01650000922381878,0.015291007002815604,275.65079100895673
optimistic,200,bramev_event_score,42,42,42,t00713-c00062,62,713,3,3,True,1,36.67933397809975,123.71474999235943,0.016292004147544503,0.014499993994832039,123.7455419905018
optimistic,200,bramev_event_score,42,42,42,t00714-c00062,62,714,4,4,True,1,70.63708399073221,513.5742919810582,0.018749997252598405,0.013792014215141535,513.6068339925259
optimistic,200,bramev_event_score,42,42,42,t00714-c00070,70,714,8,8,True,1,57.1929169818759,466.0373749793507,47.60862502735108,0.008457980584353209,513.6544579872862
optimistic,200,bramev_event_score,42,42,42,t00714-c00141,141,714,3,3,True,1,131.11491600284353,433.54333299794234,80.10220801224932,0.005459005478769541,513.6510000156704
optimistic,200,bramev_event_score,42,42,42,t00717-c00083,83,717,11,11,True,1,92.88583300076425,830.0292079802603,0.02670902176760137,0.0176659959834069,830.0735829980113
optimistic,200,bramev_event_score,42,42,42,t00718-c00005,5,718,5,4,True,1,10.172916983719915,98.61870898748748,0.014124991139397025,0.012375006917864084,98.64520898554474
optimistic,200,bramev_event_score,42,42,42,t00719-c00025,25,719,3,2,True,1,68.57191701419652,254.33749999501742,0.01691700890660286,0.015541008906438947,254.36995801283047
optimistic,200,bramev_event_score,42,42,42,t00719-c00084,84,719,3,3,True,1,54.2296250059735,173.62312498153187,80.78154202667065,0.006416987162083387,254.4110839953646
optimistic,200,bramev_event_score,42,42,42,t00720-c00087,87,720,6,6,True,1,24.86479200888425,255.7051670155488,0.02408298314549029,0.022584019461646676,255.75183401815593
optimistic,200,bramev_event_score,42,42,42,t00725-c00013,13,725,0,0,False,0,,,,,
optimistic,200,bramev_event_score,42,42,42,t00725-c00162,162,725,6,6,True,1,37.30850000283681,314.1717500111554,0.02995898830704391,0.017790996935218573,314.21949999639764
optimistic,200,bramev_event_score,42,42,42,t00726-c00013,13,726,9,9,True,1,113.27604201505892,463.6346670158673,0.019957980839535594,0.02083301660604775,463.6754580133129
optimistic,200,bramev_event_score,42,42,42,t00726-c00057,57,726,7,7,True,1,48.64466699655168,425.63212499953806,38.1053329911083,0.00837500556372106,463.7458329962101
optimistic,200,bramev_event_score,42,42,42,t00727-c00013,13,727,12,12,True,1,21.819957997649908,521.2987079867162,0.021832995116710663,0.01837499439716339,521.33891597623
optimistic,200,bramev_event_score,42,42,42,t00727-c00065,65,727,3,2,True,1,179.79637498501688,468.2303750014398,53.14649999490939,0.006499991286545992,521.3833749876358
optimistic,200,bramev_event_score,42,42,42,t00728-c00160,160,728,7,7,True,1,26.233915996272117,157.9789579845965,0.027125002816319466,0.013792014215141535,158.01987500162795
optimistic,200,bramev_event_score,42,42,42,t00729-c00182,182,729,3,2,True,1,33.48737501073629,95.46991699608043,10.983542015310377,0.01654098741710186,106.4699999988079
optimistic,200,bramev_event_score,42,42,42,t00730-c00182,182,730,3,1,True,1,67.84295800025575,67.84295800025575,10.805833007907495,0.013416982255876064,78.66220799041912
optimistic,200,bramev_event_score,42,42,42,t00731-c00178,178,731,3,2,True,1,13.474417006364092,55.07583299186081,0.01633400097489357,0.01129100564867258,55.10345799848437
optimistic,200,bramev_event_score,42,42,42,t00732-c00115,115,732,8,8,True,1,43.657542002620175,217.5284169788938,0.02529201447032392,0.014416000340133905,217.56812499370426
optimistic,200,bramev_event_score,42,42,42,t00733-c00128,128,733,7,7,True,1,45.702500006882474,562.7553329977673,102.98845800571144,0.016959005733951926,665.7607500092126
optimistic,200,bramev_event_score,42,42,42,t00733-c00143,143,733,5,5,True,1,173.36787498788908,665.6746249936987,0.11908300803042948,0.0072499969974160194,665.8009579987265
optimistic,200,bramev_event_score,42,42,42,t00734-c00146,146,734,5,3,True,1,125.43533300049603,265.3399170085322,182.85449998802505,0.018165999790653586,448.2125829963479
optimistic,200,bramev_event_score,42,42,42,t00734-c00173,173,734,9,9,True,1,47.153167019132525,448.1271250115242,0.14645798364654183,0.009584007784724236,448.28316700295545
optimistic,200,bramev_event_score,42,42,42,t00735-c00146,146,735,9,5,True,1,36.70204200898297,183.26175000402145,22.195541998371482,0.021292013116180897,205.4785840155091
optimistic,200,bramev_event_score,42,42,42,t00736-c00149,149,736,11,11,True,1,49.43966699647717,450.4434590053279,0.03162497887387872,0.01841600169427693,450.49349998589605
optimistic,200,bramev_event_score,42,42,42,t00742-c00033,33,742,3,3,True,1,366.05579100432806,2285.153833014192,384.45066698477603,0.01579101081006229,2669.620291009778
optimistic,200,bramev_event_score,42,42,42,t00742-c00069,69,742,3,3,True,1,366.015209001489,2285.1134590164293,384.545499982778,0.006333022611215711,2669.6652920218185
optimistic,200,bramev_event_score,42,42,42,t00742-c00110,110,742,9,9,True,1,401.18370900745504,2669.505834026495,0.15358297969214618,0.007374997949227691,2669.6667920041364
optimistic,200,bramev_event_score,42,42,42,t00742-c00133,133,742,5,5,True,1,365.94550000154413,2285.0437499873806,384.61308300611563,0.00462500611320138,2669.6614579996094
optimistic,200,bramev_event_score,42,42,42,t00742-c00165,165,742,3,3,True,1,365.9140420204494,2285.012459004065,384.63591600884683,0.003916997229680419,2669.6522920101415
optimistic,200,bramev_event_score,42,42,42,t00742-c00171,171,742,8,8,True,1,724.5928340125829,2669.41129200859,0.23104200954549015,0.004832982085645199,2669.647167000221
optimistic,200,bramev_event_score,42,42,42,t00743-c00155,155,743,7,7,True,1,89.286375005031,947.4459170014597,64.4535830069799,0.014958000974729657,1011.9144580094144
optimistic,200,bramev_event_score,42,42,42,t00743-c00171,171,743,8,8,True,1,330.27733297785744,1011.8274159904104,0.12533398694358766,0.007333001121878624,1011.9600829784758
optimistic,200,bramev_event_score,42,42,42,t00744-c00121,121,744,2,2,True,1,96.0612500202842,224.24808301730081,68.24679198325612,0.017375015886500478,292.51225001644343
optimistic,200,bramev_event_score,42,42,42,t00744-c00185,185,744,9,4,True,1,33.72233299887739,264.57683299668133,27.9906670039054,0.0076669966802001,292.57516699726693
optimistic,200,bramev_event_score,42,42,42,t00745-c00036,36,745,15,15,True,1,84.39979198738001,1107.5436669925693,0.023791013518348336,0.01854199217632413,1107.585999998264
optimistic,200,bramev_event_score,42,42,42,t00745-c00121,121,745,8,8,True,1,103.43741599353962,1029.842624993762,77.78329099528491,0.007834023563191295,1107.63375001261
optimistic,200,bramev_event_score,42,42,42,t00746-c00067,67,746,5,5,True,1,16.972790996078402,506.3894579943735,42.45333300787024,0.015749974409118295,548.8585409766529
optimistic,200,bramev_event_score,42,42,42,t00746-c00111,111,746,7,7,True,1,75.03812498180196,548.7790000042878,0.12412498472258449,0.008166010957211256,548.9112909999676
optimistic,200,bramev_event_score,42,42,42,t00747-c00006,6,747,3,2,True,1,432.74525000015274,461.00170799763873,15.53958299336955,0.020750012481585145,476.56204100348987
optimistic,200,bramev_event_score,42,42,42,t00747-c00156,156,747,4,3,True,1,124.54512499971315,387.0942920038942,89.52516698627733,0.007124996045604348,476.62658398621716
optimistic,200,bramev_event_score,42,42,42,t00748-c00006,6,748,7,6,True,1,45.739666995359585,210.84695900208317,0.01637497916817665,0.014749995898455381,210.8780839771498
optimistic,200,bramev_event_score,42,42,42,t00749-c00138,138,749,3,2,True,1,1085.4954999813344,1323.7475409987383,49.12641699775122,0.01591700129210949,1372.8898749977816
optimistic,200,bramev_event_score,42,42,42,t00749-c00181,181,749,4,4,True,1,1085.4537920095026,1372.8057080006693,0.12566702207550406,0.007458002073690295,1372.9388330248185
optimistic,200,bramev_event_score,42,42,42,t00751-c00029,29,751,3,3,True,1,58.148875017650425,267.02991701313294,0.018916005501523614,0.015541998436674476,267.06437501707114
optimistic,200,bramev_event_score,42,42,42,t00753-c00028,28,753,4,4,True,1,58.52341602439992,416.36116601875983,0.0162090000230819,0.01391599653288722,416.3912910153158
optimistic,200,bramev_event_score,42,42,42,t00754-c00040,40,754,4,4,True,1,35.68250001990236,214.84100000816397,0.017999991541728377,0.015833007637411356,214.8748330073431
optimistic,200,bramev_event_score,42,42,42,t00757-c00074,74,757,6,6,True,1,27.46395900612697,232.6969999994617,0.018624996300786734,0.013542012311518192,232.729167008074
optimistic,200,bramev_event_score,42,42,42,t00760-c00122,122,760,3,3,True,1,10.588500008452684,51.58674999256618,0.01604200224392116,0.009040988516062498,51.61183298332617
optimistic,200,bramev_event_score,42,42,42,t00761-c00121,121,761,3,2,True,1,24.445624992949888,61.48895897786133,11.88154102419503,0.016583973774686456,73.38708397583105
optimistic,200,bramev_event_score,42,42,42,t00762-c00134,134,762,9,8,True,1,99.967749993084,695.076500007417,0.027542002499103546,0.017624988686293364,695.1216669986024
optimistic,200,bramev_event_score,42,42,42,t00762-c00137,137,762,3,3,True,1,183.6652909987606,507.10954098030925,188.04170901421458,0.006332993507385254,695.1575829880312
optimistic,200,bramev_event_score,42,42,42,t00763-c00071,71,763,3,3,True,1,16.19704201584682,100.55995799484663,0.01720900763757527,0.012708012945950031,100.58987501543015
optimistic,200,bramev_event_score,42,42,42,t00765-c00015,15,765,7,7,True,1,47.50820799381472,218.84041599696502,0.018708989955484867,0.014874996850267053,218.87399998377077
optimistic,200,bramev_event_score,42,42,42,t00765-c00020,20,765,0,0,False,0,,,,,
optimistic,200,bramev_event_score,42,42,42,t00766-c00020,20,766,6,6,True,1,37.071083002956584,588.591958017787,0.017291982658207417,0.01633301144465804,588.6255830118898
optimistic,200,bramev_event_score,42,42,42,t00766-c00119,119,766,7,7,True,1,98.14570800517686,535.5082500027493,53.14933299086988,0.007125025149434805,588.6647080187686
optimistic,200,bramev_event_score,42,42,42,t00767-c00095,95,767,9,9,True,1,160.58508399873972,1570.9807089879178,0.0270830059889704,0.018457998521625996,1571.0262499924283
optimistic,200,bramev_event_score,42,42,42,t00767-c00192,192,767,12,12,True,1,50.52041698945686,1425.9769170021173,145.08687501074746,0.008832983439788222,1571.0726249963045
optimistic,200,bramev_event_score,42,42,42,t00769-c00038,38,769,5,4,True,1,103.34308401797898,289.4148339983076,44.05975001282059,0.014874996850267053,333.48945900797844
optimistic,200,bramev_event_score,42,42,42,t00769-c00103,103,769,7,7,True,1,19.922500010579824,333.4139169892296,0.11695802095346153,0.0075830030255019665,333.5384580132086
optimistic,200,bramev_event_score,42,42,42,t00770-c00073,73,770,10,10,True,1,85.26466702460311,781.5695000172127,0.024209002731367946,0.018874998204410076,781.6125840181485
optimistic,200,bramev_event_score,42,42,42,t00771-c00068,68,771,3,3,True,1,60.023708996595815,481.07833400717936,70.80683298408985,0.014667020877823234,551.899834012147
optimistic,200,bramev_event_score,42,42,42,t00771-c00183,183,771,7,7,True,1,105.67300001275726,551.8188330170233,0.12604199582710862,0.00825000461190939,551.9531250174623
optimistic,200,bramev_event_score,42,42,42,t00771-c00199,199,771,6,6,True,1,59.94258399005048,516.0308749764226,35.9170840238221,0.006040994776412845,551.9539999950211
optimistic,200,bramev_event_score,42,42,42,t00772-c00133,133,772,8,3,True,1,77.0724999892991,157.2175409819465,12.59358401875943,0.01795799471437931,169.82908299542032
optimistic,200,bramev_event_score,42,42,42,t00773-c00123,123,773,7,7,True,1,41.89870800473727,359.03925000457093,0.028542010113596916,0.016790989320725203,359.08458300400525
optimistic,200,bramev_event_score,42,42,42,t00773-c00180,180,773,7,7,True,1,117.11675001424737,325.33241700730287,33.78866598359309,0.006959016900509596,359.12804200779647
optimistic,200,bramev_event_score,42,42,42,t00774-c00093,93,774,6,6,True,1,165.30324998893775,1662.4248750158586,0.023457978386431932,0.014959019608795643,1662.4632920138538
optimistic,200,bramev_event_score,42,42,42,t00774-c00127,127,774,6,6,True,1,134.78116699843667,1621.3119169988204,41.18004199699499,0.007374997949227691,1662.4993339937646
optimistic,200,bramev_event_score,42,42,42,t00774-c00168,168,774,7,7,True,1,415.97254198859446,1433.6525420076214,228.84479200001806,0.006457994459196925,1662.5037920020986
optimistic,200,bramev_event_score,42,42,42,t00775-c00023,23,775,9,9,True,1,97.67504100454971,714.7026250022464,0.018582999473437667,0.01491699367761612,714.7361249953974
optimistic,200,bramev_event_score,42,42,42,t00776-c00010,10,776,4,4,True,1,114.94587498600595,603.8153749832418,99.17250002035871,0.015792000340297818,703.0036670039408
optimistic,200,bramev_event_score,42,42,42,t00776-c00130,130,776,9,9,True,1,62.94683300075121,702.9207080195192,0.11562497820705175,0.00837500556372106,703.04470800329
optimistic,200,bramev_event_score,42,42,42,t00777-c00053,53,777,3,2,True,1,14.642291003838181,68.13475000672042,0.013832992408424616,0.01066701952368021,68.15925001865253
optimistic,200,bramev_event_score,42,42,42,t00778-c00011,11,778,9,9,True,1,175.13408299419098,853.4259999869391,0.022082997020334005,0.02008400042541325,853.4681669843849
optimistic,200,bramev_event_score,42,42,42,t00778-c00125,125,778,7,7,True,1,175.08904199348763,778.3126249851193,75.20208301139064,0.00808399636298418,853.522791992873
optimistic,200,bramev_event_score,42,42,42,t00779-c00167,167,779,7,3,True,1,46.98387498501688,176.16462500882335,31.66725000482984,0.026999972760677338,207.85887498641387
optimistic,200,bramev_event_score,42,42,42,t00780-c00167,167,780,9,7,True,1,61.72812500153668,312.2752089984715,10.895999992499128,0.019625003915280104,323.1908339948859
optimistic,200,bramev_event_score,42,42,42,t00784-c00049,49,784,7,7,True,1,97.62954199686646,783.2280420116149,0.02025000867433846,0.015249999705702066,783.2635420199949
optimistic,200,bramev_event_score,42,42,42,t00784-c00075,75,784,13,13,True,1,97.58920798776671,762.1113749919459,21.214916981989518,0.010000017937272787,783.3362919918727
optimistic,200,bramev_event_score,42,42,42,t00785-c00049,49,785,7,7,True,1,49.79120902135037,202.14287500130013,0.01937500201165676,0.013250013580545783,202.17550001689233
optimistic,200,bramev_event_score,42,42,42,t00786-c00198,198,786,5,5,True,1,105.56079199886881,499.8679999844171,0.03341698902659118,0.01591700129210949,499.9173339747358
optimistic,200,bramev_event_score,42,42,42,t00787-c00054,54,787,5,5,True,1,6333.339709002757,7846.71845898265,123.43245800002478,0.01633301144465804,7970.16724999412
optimistic,200,bramev_event_score,42,42,42,t00787-c00172,172,787,7,7,True,1,6333.297167002456,7970.087166992016,0.14366599498316646,0.008167000487446785,7970.238999987487
optimistic,200,bramev_event_score,42,42,42,t00787-c00198,198,787,5,5,True,1,6333.265041001141,7846.643166005379,123.5927089874167,0.004958012141287327,7970.240833004937
optimistic,200,bramev_event_score,42,42,42,t00788-c00054,54,788,5,5,True,1,90.19416701630689,759.6389999962412,0.020292005501687527,0.01662501017563045,759.6759170119185
optimistic,200,bramev_event_score,42,42,42,t00788-c00080,80,788,4,4,True,1,131.62891700631008,500.8775420137681,258.84462500107475,0.007957976777106524,759.73012499162
optimistic,200,bramev_event_score,42,42,42,t00789-c00080,80,789,3,3,True,1,142.59904201026075,391.0489590198267,113.87120798463002,0.014958000974729657,504.9351250054315
optimistic,200,bramev_event_score,42,42,42,t00789-c00175,175,789,10,10,True,1,37.873499997658655,504.8549589992035,0.15224999515339732,0.009208015399053693,505.01641700975597
optimistic,200,bramev_event_score,42,42,42,t00790-c00080,80,790,5,5,True,1,193.47304201801307,1032.3073750187177,0.021374988136813045,0.01404198701493442,1032.3427919938695
optimistic,200,bramev_event_score,42,42,42,t00790-c00120,120,790,7,5,True,1,127.00333399698138,931.6556669946294,100.71987501578405,0.00666698906570673,1032.3822089994792
optimistic,200,bramev_event_score,42,42,42,t00790-c00153,153,790,7,7,True,1,126.9684589933604,931.6206249932293,100.76612498960458,0.005667010555043817,1032.392416993389
optimistic,200,bramev_event_score,42,42,42,t00791-c00120,120,791,5,4,True,1,59.64633298572153,377.17916700057685,88.50041599362157,0.014249992091208696,465.69383298628964
optimistic,200,bramev_event_score,42,42,42,t00791-c00153,153,791,7,7,True,1,104.4960830186028,465.6152500247117,0.12070799130015075,0.0076669966802001,465.74362501269206
optimistic,200,bramev_event_score,42,42,42,t00792-c00196,196,792,7,6,True,1,41.9863749993965,186.1111250182148,0.030041002901270986,0.015958998119458556,186.15712501923554
optimistic,200,bramev_event_score,42,42,42,t00798-c00116,116,798,7,7,True,1,41.30916699068621,378.97570797940716,110.98520900122821,0.018291000742465258,489.97920798137784
optimistic,200,bramev_event_score,42,42,42,t00798-c00129,129,798,5,4,True,1,135.6592499942053,489.89550000987947,0.12487499043345451,0.007374997949227691,490.02774999826215
optimistic,200,bramev_event_score,42,42,42,t00799-c00003,3,799,4,2,True,1,87.037582998164,204.5186249888502,0.012083008186891675,0.013584009138867259,204.54429200617597
optimistic,200,bramev_event_score,42,42,42,t00800-c00039,39,800,14,14,True,1,42.03675000462681,611.3882919889875,0.024916022084653378,0.016874982975423336,611.4300829940476
optimistic,200,bramev_event_score,42,42,42,t00802-c00027,27,802,14,14,True,1,41.01695801364258,572.8664170019329,0.024500011932104826,0.020540988771244884,572.9114580026362
optimistic,200,bramev_event_score,42,42,42,t00803-c00030,30,803,13,8,True,1,481.216541986214,1502.8352919907775,0.02241699257865548,0.01620801049284637,1502.873916993849
optimistic,200,bramev_event_score,42,42,42,t00803-c00064,64,803,7,7,True,1,158.66341700893827,1502.794542000629,0.1327499921899289,0.0075830030255019665,1502.9348749958444
optimistic,200,bramev_event_score,42,42,42,t00803-c00093,93,803,6,6,True,1,119.98612500610761,1284.742500021821,218.18204197916202,0.005666021024808288,1502.9302080220077
optimistic,200,bramev_event_score,42,42,42,t00803-c00176,176,803,6,6,True,1,119.94887498440221,1448.8300409866497,54.09095899085514,0.005375011824071407,1502.926374989329
optimistic,200,bramev_event_score,42,42,42,t00804-c00030,30,804,13,12,True,1,51.969499996630475,399.3410000111908,0.020624982425943017,0.017250014934688807,399.3788750085514
optimistic,200,bramev_event_score,42,42,42,t00805-c00050,50,805,3,3,True,1,49.580999999307096,306.49241601349786,61.84904198744334,0.014791992725804448,368.356249993667
optimistic,200,bramev_event_score,42,42,42,t00805-c00190,190,805,4,4,True,1,84.47125001111999,368.2749170111492,0.1319579896517098,0.006749993190169334,368.4136249939911
optimistic,200,bramev_event_score,42,42,42,t00806-c00050,50,806,6,6,True,1,32.84016699763015,223.95562499877997,0.018916995031759143,0.016542006051167846,223.9910839998629
optimistic,200,bramev_event_score,42,42,42,t00808-c00013,13,808,7,7,True,1,364.5886669983156,8331.42833301099,154.2176670045592,0.015582976629957557,8485.66158299218
optimistic,200,bramev_event_score,42,42,42,t00808-c00081,81,808,7,7,True,1,336.5496250044089,8485.581374989124,0.12070900993421674,0.007708003977313638,8485.709792003036
optimistic,200,bramev_event_score,42,42,42,t00808-c00102,102,808,9,9,True,1,336.51795898913406,8485.54945900105,0.17120799748227,0.006207992555573583,8485.726874991087
optimistic,200,bramev_event_score,42,42,42,t00808-c00142,142,808,7,7,True,1,336.4859589783009,8485.517624998465,0.20612499793060124,0.004292000085115433,8485.72804199648
optimistic,200,bramev_event_score,42,42,42,t00809-c00001,1,809,9,6,True,1,449.1873339866288,4995.13479199959,11.87499999650754,0.02441700780764222,5007.034209003905
optimistic,200,bramev_event_score,42,42,42,t00809-c00060,60,809,5,5,True,1,272.31379100703634,4537.239083001623,469.8391249985434,0.007499998901039362,5007.085707999067
optimistic,200,bramev_event_score,42,42,42,t00809-c00081,81,809,7,7,True,1,449.11858398700133,4995.066167000914,12.018791981972754,0.005541020072996616,5007.09050000296
optimistic,200,bramev_event_score,42,42,42,t00809-c00102,102,809,7,7,True,1,449.0907500148751,4995.0379579968285,12.047791999066249,0.004917004844173789,5007.090667000739
optimistic,200,bramev_event_score,42,42,42,t00809-c00159,159,809,7,7,True,1,449.06008400721475,4995.006999990437,12.076584011083469,0.004790985258296132,5007.088374986779
optimistic,200,bramev_event_score,42,42,42,t00809-c00174,174,809,3,3,True,1,272.1927500097081,4537.117917003343,469.9577080027666,0.003749999450519681,5007.07937500556
optimistic,200,bramev_event_score,42,42,42,t00810-c00107,107,810,5,4,True,1,19.08970798831433,85.55716698174365,10.457458003656939,0.016417005099356174,96.03104199049994
optimistic,200,bramev_event_score,42,42,42,t00813-c00157,157,813,3,3,True,1,34.88900000229478,124.49337501311675,0.025749992346391082,0.014958990504965186,124.5340839959681
optimistic,200,bramev_event_score,42,42,42,t00814-c00043,43,814,4,4,True,1,139.6864170092158,602.4622920085676,0.019957980839535594,0.014749995898455381,602.4969999853056
optimistic,200,bramev_event_score,42,42,42,t00814-c00166,166,814,4,4,True,1,139.63824999518692,602.4140829977114,0.13000000035390258,0.006167014362290502,602.5502500124276
optimistic,200,bramev_event_score,42,42,42,t00815-c00043,43,815,4,4,True,1,262.7681249869056,1049.189083976671,0.020708015654236078,0.016332982340827584,1049.2261249746662
optimistic,200,bramev_event_score,42,42,42,t00815-c00096,96,815,4,4,True,1,262.7267499919981,1049.1478329931851,0.11637498391792178,0.00604201341047883,1049.2702499905135
optimistic,200,bramev_event_score,42,42,42,t00816-c00096,96,816,6,6,True,1,13.101249991450459,374.32570799137466,0.025375018594786525,0.017499987734481692,374.3685829977039
optimistic,200,bramev_event_score,42,42,42,t00816-c00104,104,816,6,6,True,1,34.30408297572285,374.2864579835441,0.11550000635907054,0.007416994776576757,374.40937498467974
optimistic,200,bramev_event_score,42,42,42,t00818-c00145,145,818,3,3,True,1,25.162790989270434,90.89749999111518,0.024333014152944088,0.012082979083061218,90.93391598435119
optimistic,200,bramev_event_score,42,42,42,t00819-c00018,18,819,9,8,True,1,30.83412500564009,363.0623749922961,33.76150000258349,0.01633301144465804,396.84020800632425
optimistic,200,bramev_event_score,42,42,42,t00819-c00106,106,819,8,8,True,1,44.79845898458734,385.6171249935869,11.254209006438032,0.007624999852851033,396.8789589998778
optimistic,200,bramev_event_score,42,42,42,t00821-c00066,66,821,5,5,True,1,280.9076669800561,883.0631249875296,0.020750012481585145,0.01679197885096073,883.1006669788621
optimistic,200,bramev_event_score,42,42,42,t00821-c00098,98,821,3,3,True,1,280.8677919965703,818.141583004035,64.99874999281019,0.006667018169537187,883.1470000150148
optimistic,200,bramev_event_score,42,42,42,t00822-c00113,113,822,6,6,True,1,14.71641700481996,162.47345801093616,0.021666986867785454,0.013500015484169126,162.5086250132881
optimistic,200,bramev_event_score,42,42,42,t00823-c00048,48,823,14,13,True,1,49.18900001212023,615.50983399502,0.024208013201132417,0.016624981071799994,615.550666989293
optimistic,200,bramev_event_score,42,42,42,t00824-c00088,88,824,3,1,True,1,103.10533401207067,103.10533401207067,13.710415980312973,0.015249999705702066,116.83099999208935
optimistic,200,bramev_event_score,42,42,42,t00825-c00059,59,825,6,6,True,1,370.64554198877886,1007.0056249969639,0.023250002413988113,0.015208992408588529,1007.0440839917865
optimistic,200,bramev_event_score,42,42,42,t00825-c00124,124,825,3,2,True,1,608.1824580032844,1006.9619170099031,0.1090829900931567,0.004792003892362118,1007.0757920038886
optimistic,200,bramev_event_score,42,42,42,t00825-c00144,144,825,5,4,True,1,69.28454202716239,715.286709018983,291.77708298084326,0.00504200579598546,1007.0688340056222
optimistic,200,bramev_event_score,42,42,42,t00826-c00000,0,826,8,8,True,1,322.1347499929834,1333.2632500096224,162.15120800188743,0.015666999388486147,1495.4301250108983
optimistic,200,bramev_event_score,42,42,42,t00826-c00047,47,826,7,6,True,1,322.097958996892,959.6063340140972,535.8662079961505,0.006457994459196925,1495.479000004707
optimistic,200,bramev_event_score,42,42,42,t00826-c00064,64,826,11,11,True,1,36.447916994802654,1428.8267079973593,66.64783399901353,0.0075830030255019665,1495.4821249993984
optimistic,200,bramev_event_score,42,42,42,t00826-c00089,89,826,6,6,True,1,104.15345799992792,1495.2938749920577,0.17791602294892073,0.005499983672052622,1495.4772909986787
optimistic,200,bramev_event_score,42,42,42,t00827-c00089,89,827,6,6,True,1,121.53087498154491,777.1212919906247,0.022666004952043295,0.017416983610019088,777.1613749791868
optimistic,200,bramev_event_score,42,42,42,t00827-c00095,95,827,7,5,True,1,88.65424999385141,698.7020829983521,78.49466701736674,0.007499998901039362,777.2042500146199
optimistic,200,bramev_event_score,42,42,42,t00828-c00045,45,828,9,9,True,1,45.28049999498762,527.4334170098882,11.652916989987716,0.023500004317611456,539.1098340041935
optimistic,200,bramev_event_score,42,42,42,t00828-c00161,161,828,6,3,True,1,68.98370798444375,399.5754169882275,139.56908299587667,0.007374997949227691,539.1518749820534
optimistic,200,bramev_event_score,42,42,42,t00829-c00007,7,829,4,2,True,1,18.39641699916683,91.69933397788554,0.012333010090515018,0.012957985745742917,91.7246249737218
optimistic,200,bramev_event_score,42,42,42,t00830-c00007,7,830,4,2,True,1,23.484499979531392,518.853332992876,0.01287501072511077,0.01504199462942779,518.8812499982305
optimistic,200,bramev_event_score,42,42,42,t00830-c00051,51,830,3,3,True,1,114.2666669911705,454.83941698330455,64.07554101315327,0.007041991921141744,518.921999988379
optimistic,200,bramev_event_score,42,42,42,t00832-c00170,170,832,12,12,True,1,10.57929199305363,151.75716701196507,0.031124975066632032,0.013833021512255073,151.80212500854395
optimistic,200,bramev_event_score,42,42,42,t00833-c00096,96,833,3,3,True,1,26.353083027061075,195.32283302396536,0.02270899130962789,0.015833007637411356,195.3613750229124
optimistic,200,bramev_event_score,42,42,42,t00834-c00101,101,834,8,8,True,1,26.011083013145253,174.1825000208337,0.022499996703118086,0.012582982890307903,174.2175830004271
optimistic,200,bramev_event_score,42,42,42,t00835-c00096,96,835,3,3,True,1,27.542791998712346,776.9555000122637,246.4212919876445,0.015792000340297818,1023.3925840002485
optimistic,200,bramev_event_score,42,42,42,t00835-c00125,125,835,7,7,True,1,72.67883300664835,1023.3128750114702,0.11529200128279626,0.007624999852851033,1023.4357920126058
optimistic,200,bramev_event_score,42,42,42,t00838-c00117,117,838,3,2,True,1,20.680541987530887,37.38354198867455,10.331291006878018,0.0162090000230819,47.73104199557565
optimistic,200,bramev_event_score,42,42,42,t00840-c00004,4,840,12,12,True,1,92.21116598928347,1251.3827079965267,0.02229199162684381,0.01895800232887268,1251.4239579904824
optimistic,200,bramev_event_score,42,42,42,t00841-c00178,178,841,10,7,True,1,78.05816698237322,440.2467079926282,0.03170900163240731,0.014707999071106315,440.29312499333173
optimistic,200,bramev_event_score,42,42,42,t00842-c00178,178,842,5,4,True,1,33.3458750101272,244.4064159935806,10.522875003516674,0.016792007954791188,254.94608300505206
optimistic,200,bramev_event_score,42,42,42,t00843-c00148,148,843,2,2,True,1,20.74554198770784,71.83304199134,0.02058298559859395,0.010875024599954486,71.86450000153854
optimistic,200,bramev_event_score,42,42,42,t00844-c00194,194,844,9,9,True,1,31.03654200094752,254.63566699181683,0.029542017728090286,0.015500001609325409,254.68070901115425
optimistic,200,bramev_event_score,42,42,42,t00845-c00026,26,845,8,8,True,1,40.8663330017589,575.0133749970701,131.54254198889248,0.019041006453335285,706.5749579924159
optimistic,200,bramev_event_score,42,42,42,t00845-c00142,142,845,4,4,True,1,95.48508300213143,706.494499987457,0.12412501382641494,0.007124996045604348,706.625749997329
optimistic,200,bramev_event_score,42,42,42,t00846-c00005,5,846,8,6,True,1,210.4662079946138,906.060167006217,823.9026250084862,0.017040991224348545,1729.9798330059275
optimistic,200,bramev_event_score,42,42,42,t00846-c00085,85,846,9,8,True,1,210.42083398788236,1642.5381249864586,87.494625011459,0.007458991603925824,1730.0402089895215
optimistic,200,bramev_event_score,42,42,42,t00846-c00154,154,846,4,4,True,1,332.7345410070848,1729.859499988379,0.1778750156518072,0.005999987479299307,1730.04337499151
optimistic,200,bramev_event_score,42,42,42,t00846-c00176,176,846,8,7,True,1,55.08287501288578,1458.929167012684,271.10541600268334,0.005583977326750755,1730.0401669926941
optimistic,200,bramev_event_score,42,42,42,t00847-c00005,5,847,13,10,True,1,15.366500010713935,614.1882910160348,0.017916987417265773,0.0160830095410347,614.2222910129931
optimistic,200,bramev_event_score,42,42,42,t00847-c00085,85,847,7,4,True,1,247.16450000414625,597.1035000111442,17.16295801452361,0.006249989382922649,614.2727080150507
optimistic,200,bramev_event_score,42,42,42,t00848-c00005,5,848,11,7,True,1,19.118415977573022,541.2836659816094,290.81958401366137,0.018207996618002653,832.1214579918887
optimistic,200,bramev_event_score,42,42,42,t00848-c00008,8,848,10,10,True,1,140.86883401614614,832.0475840009749,0.11600001016631722,0.00916598946787417,832.1727500006091
optimistic,200,bramev_event_score,42,42,42,t00849-c00032,32,849,7,6,True,1,106.11904098186642,363.81620800239034,99.80958298547193,0.022374995751306415,463.6481659836136
optimistic,200,bramev_event_score,42,42,42,t00849-c00189,189,849,3,3,True,1,18.285082973307,452.38758297637105,11.282833002042025,0.006250018486753106,463.6766659968998
optimistic,200,bramev_event_score,42,42,42,t00850-c00189,189,850,4,4,True,1,29.210500011686236,223.9924159948714,0.029584014555439353,0.014249992091208696,224.03625000151806
optimistic,200,bramev_event_score,42,42,42,t00852-c00031,31,852,10,6,True,1,81.76791699952446,380.5397499818355,11.207250005099922,0.02054200740531087,391.7675419943407
optimistic,200,bramev_event_score,42,42,42,t00853-c00092,92,853,3,3,True,1,223.91958298976533,722.9565409943461,43.538334022741765,0.014124991139397025,766.5090000082273
optimistic,200,bramev_event_score,42,42,42,t00853-c00114,114,853,4,4,True,1,17.195832973811775,766.433374985354,0.10795801063068211,0.006832997314631939,766.5481659932993
optimistic,200,bramev_event_score,42,42,42,t00853-c00198,198,853,3,3,True,1,223.84108300320804,722.878500004299,43.65891599445604,0.005084002623334527,766.5425000013784
optimistic,200,bramev_event_score,42,42,42,t00854-c00047,47,854,7,6,True,1,122.53316599526443,560.1170409936458,55.009375006193295,0.016542006051167846,615.1429580058903
optimistic,200,bramev_event_score,42,42,42,t00854-c00169,169,854,8,8,True,1,122.48958300915547,615.0607909949031,0.13370902161113918,0.00695799826644361,615.2014580147807
optimistic,200,bramev_event_score,42,42,42,t00855-c00047,47,855,7,6,True,1,21.809833007864654,274.57249999861233,0.01883300137706101,0.01429201802238822,274.6056250180118
optimistic,200,bramev_event_score,42,42,42,t00856-c00019,19,856,9,9,True,1,57.93891701614484,494.9230420170352,0.01999997766688466,0.019875005818903446,494.962917000521
optimistic,200,bramev_event_score,42,42,42,t00857-c00058,58,857,7,7,True,1,42.071291973115876,599.6229169832077,0.022916996385902166,0.01783299376256764,599.6636669733562
optimistic,200,bramev_event_score,42,42,42,t00858-c00012,12,858,8,8,True,1,120.56087501696311,740.6849999970291,45.1172910106834,0.017417012713849545,785.8197080204263
optimistic,200,bramev_event_score,42,42,42,t00858-c00058,58,858,7,7,True,1,75.77029199455865,785.7430419826414,0.12245800462551415,0.008750008419156075,785.8742499956861
optimistic,200,bramev_event_score,42,42,42,t00859-c00034,34,859,3,3,True,1,11.038083001039922,424.95566699653864,466.9247080164496,0.015500001609325409,891.8958750145976
optimistic,200,bramev_event_score,42,42,42,t00859-c00046,46,859,7,5,True,1,35.79229200840928,891.822334000608,0.13050000416114926,0.007875001756474376,891.9607090065256
optimistic,200,bramev_event_score,42,42,42,t00859-c00112,112,859,3,2,True,1,258.83258300018497,782.2233749902807,109.73020800156519,0.005374982720240951,891.9589579745661
optimistic,200,bramev_event_score,42,42,42,t00859-c00160,160,859,10,10,True,1,83.52295801159926,855.4057080182247,36.54608299257234,0.006708985893055797,891.9584999966901
optimistic,200,bramev_event_score,42,42,42,t00860-c00034,34,860,3,3,True,1,14.327666984172538,61.33445899467915,0.015124998753890395,0.010791001841425896,61.36037499527447
optimistic,200,bramev_event_score,42,42,42,t00861-c00089,89,861,8,8,True,1,31.539416988380253,380.8774169883691,0.024916022084653378,0.01637497916817665,380.9187079896219
optimistic,200,bramev_event_score,42,42,42,t00863-c00090,90,863,4,4,True,1,64.20662498567253,371.07758299680427,0.023542001144960523,0.015375000657513738,371.11649999860674
optimistic,200,bramev_event_score,42,42,42,t00863-c00151,151,863,4,4,True,1,64.16541698854417,371.036208991427,0.13716600369662046,0.006458983989432454,371.179833979113
optimistic,200,bramev_event_score,42,42,42,t00864-c00090,90,864,4,4,True,1,46.87712498707697,382.80991598730907,0.023625005269423127,0.017125013982877135,382.85066600656137
optimistic,200,bramev_event_score,42,42,42,t00864-c00151,151,864,5,5,True,1,24.852540984284133,320.3454159956891,62.547459005145356,0.0070829992182552814,382.8999580000527
optimistic,200,bramev_event_score,42,42,42,t00866-c00045,45,866,9,9,True,1,54.13212499115616,587.0654580066912,0.021833984646946192,0.018708000425249338,587.1059999917634
optimistic,200,bramev_event_score,42,42,42,t00866-c00146,146,866,7,4,True,1,90.97012502024882,459.38891600235365,127.75708400295116,0.0070829992182552814,587.1530830045231
optimistic,200,bramev_event_score,42,42,42,t00868-c00086,86,868,4,4,True,1,32.98037499189377,197.4194580106996,0.020334002329036593,0.01683298614807427,197.4566249991767
optimistic,200,bramev_event_score,42,42,42,t00869-c00122,122,869,6,6,True,1,12.130957999033853,112.94274998363107,0.024625012883916497,0.017790996935218573,112.98516599345021
optimistic,200,bramev_event_score,42,42,42,t00872-c00037,37,872,8,8,True,1,45.45745797804557,299.1713749943301,0.021915999241173267,0.01925000105984509,299.2125409946311
optimistic,200,bramev_event_score,42,42,42,t00874-c00163,163,874,6,5,True,1,30.626082996604964,215.6813330075238,8.655084006022662,0.019583007087931037,224.35600002063438
optimistic,200,bramev_event_score,42,42,42,t00875-c00041,41,875,7,7,True,1,64.24050001078285,485.129250009777,0.019374972907826304,0.015334022464230657,485.1639590051491
optimistic,200,bramev_event_score,42,42,42,t00875-c00114,114,875,7,7,True,1,22.441167006036267,454.0946249908302,31.103417015401646,0.008125003660097718,485.20616700989194
optimistic,200,bramev_event_score,42,42,42,t00876-c00118,118,876,5,5,True,1,30.252875003498048,218.8972919830121,0.025208020815625787,0.015458004781976342,218.9379580086097
optimistic,200,bramev_event_score,42,42,42,t00877-c00072,72,877,8,7,True,1,254.50241600628942,2032.0002909866162,0.025125016691163182,0.020709005184471607,2032.0461250084918
optimistic,200,bramev_event_score,42,42,42,t00877-c00195,195,877,10,10,True,1,254.4540410162881,2031.9518329924904,0.1369170204270631,0.0077500008046627045,2032.096500013722
optimistic,200,bramev_event_score,42,42,42,t00879-c00191,191,879,4,4,True,1,72.61274999473244,305.31537500792183,0.029999995604157448,0.01579101081006229,305.36116601433605
optimistic,200,bramev_event_score,42,42,42,t00881-c00063,63,881,11,9,True,1,59.981833008350804,362.2623750125058,10.291374986991286,0.021500018192455173,372.57525001768954
optimistic,200,bramev_event_score,42,42,42,t00882-c00186,186,882,7,7,True,1,56.266208994202316,282.76699999696575,0.032499985536560416,0.013834011042490602,282.8133339935448
optimistic,200,bramev_event_score,42,42,42,t00883-c00082,82,883,7,5,True,1,35.698166000656784,135.11158298933879,10.011667007347569,0.029000017093494534,145.15225001377985
optimistic,200,bramev_event_score,42,42,42,t00885-c00136,136,885,3,3,True,1,78.0838750069961,592.5447920162696,0.027375004719942808,0.01654098741710186,592.5887080084067
optimistic,200,bramev_event_score,42,42,42,t00885-c00170,170,885,5,5,True,1,22.45187500375323,592.5041250011418,0.11475000064820051,0.00633401214145124,592.6252090139315
optimistic,200,bramev_event_score,42,42,42,t00886-c00052,52,886,7,7,True,1,213.95370797836222,1288.6534169956576,0.02204100019298494,0.01645900192670524,1288.6919169977773
optimistic,200,bramev_event_score,42,42,42,t00886-c00199,199,886,12,12,True,1,54.9277089885436,1204.0835419902578,84.64662500773557,0.00858298153616488,1288.7387499795295
optimistic,200,bramev_event_score,42,42,42,t00887-c00088,88,887,3,1,True,1,104.54904200742021,104.54904200742021,12.517208000645041,0.019500002963468432,117.08575001102872
optimistic,200,bramev_event_score,42,42,42,t00888-c00184,184,888,5,2,True,1,30.87191699887626,71.36041700141504,17.68583300872706,0.016332982340827584,89.06258299248293
optimistic,200,bramev_event_score,42,42,42,t00889-c00032,32,889,4,1,True,1,56.303582998225465,56.303582998225465,31.719249993329868,0.02025000867433846,88.04308300022967
optimistic,200,bramev_event_score,42,42,42,t00892-c00188,188,892,4,4,True,1,49.40429198904894,328.6994579830207,0.030916999094188213,0.01620801049284637,328.7465829926077
optimistic,200,bramev_event_score,42,42,42,t00893-c00105,105,893,4,1,True,1,37.4272080080118,37.4272080080118,10.683999978937209,0.013459008187055588,48.12466699513607
optimistic,200,bramev_event_score,42,42,42,t00894-c00125,125,894,7,7,True,1,163.18087500985712,893.9883330021985,0.028750015189871192,0.01879199407994747,894.0358750114683
optimistic,200,bramev_event_score,42,42,42,t00897-c00062,62,897,4,4,True,1,19.63533301022835,464.1353749902919,0.019041995983570814,0.015833007637411356,464.1702499939129
optimistic,200,bramev_event_score,42,42,42,t00897-c00139,139,897,7,7,True,1,89.17487500002608,406.4570000045933,57.765667006606236,0.008792005246505141,464.231459016446
optimistic,200,bramev_event_score,42,42,42,t00901-c00017,17,901,6,6,True,1,27.4457499908749,185.43233297532424,0.016709003830328584,0.014582998119294643,185.46362497727387
optimistic,200,bramev_event_score,42,42,42,t00902-c00017,17,902,3,3,True,1,30.479957989882678,622.8839170071296,373.30920799286105,0.015958008589223027,996.2090830085799
optimistic,200,bramev_event_score,42,42,42,t00902-c00025,25,902,13,11,True,1,89.71870801178738,996.136125002522,0.11483300477266312,0.009834009688347578,996.260792016983
optimistic,200,bramev_event_score,42,42,42,t00902-c00151,151,902,6,4,True,1,554.5440830173902,833.4412920230534,162.82916598720476,0.006291986210271716,996.2767499964684
optimistic,200,bramev_event_score,42,42,42,t00903-c00025,25,903,8,6,True,1,44.14250000263564,338.35012500640005,0.019458995666354895,0.01620801049284637,338.38579201255925
optimistic,200,bramev_event_score,42,42,42,t00904-c00035,35,904,6,6,True,1,320.8232080214657,896.7191250121687,0.018291990272700787,0.015208002878353,896.7526250053197
optimistic,200,bramev_event_score,42,42,42,t00904-c00084,84,904,7,7,True,1,74.16995899984613,859.0248750115279,37.75600000517443,0.00808399636298418,896.7889590130653
optimistic,200,bramev_event_score,42,42,42,t00904-c00165,165,904,7,6,True,1,200.102834001882,808.7731669947971,88.02500000456348,0.005917012458667159,896.8040840118192
optimistic,200,bramev_event_score,42,42,42,t00905-c00084,84,905,6,6,True,1,93.44966697972268,802.7969169779681,88.58108302229084,0.014541990822181106,891.3925419910811
optimistic,200,bramev_event_score,42,42,42,t00905-c00165,165,905,11,9,True,1,224.33570900466293,891.3100000063423,0.11866699787788093,0.007374997949227691,891.4360420021694
optimistic,200,bramev_event_score,42,42,42,t00905-c00185,185,905,9,7,True,1,128.75158298993483,891.2793329800479,0.14975000522099435,0.005583016900345683,891.4346660021693
optimistic,200,bramev_event_score,42,42,42,t00908-c00082,82,908,8,7,True,1,21.572957979515195,226.73187498003244,0.02304100780747831,0.014999997802078724,226.769915985642
optimistic,200,bramev_event_score,42,42,42,t00909-c00076,76,909,3,2,True,1,211.2009589909576,391.90349998534657,123.46683401847258,0.01391599653288722,515.384250000352
optimistic,200,bramev_event_score,42,42,42,t00909-c00082,82,909,8,6,True,1,25.98983299685642,515.3125000069849,0.10358297731727362,0.007584021659567952,515.4236670059618
optimistic,200,bramev_event_score,42,42,42,t00910-c00077,77,910,4,4,True,1,37.55387500859797,366.81237499578856,0.021333020413294435,0.01604200224392116,366.8497500184458
optimistic,200,bramev_event_score,42,42,42,t00911-c00118,118,911,3,2,True,1,20.821415993850678,38.32887500175275,9.5420409925282,0.016125006368383765,47.88704100064933
optimistic,200,bramev_event_score,42,42,42,t00914-c00033,33,914,5,5,True,1,19.80375000857748,141.8332500034012,0.017167010810226202,0.013582990504801273,141.86400000471622
optimistic,200,bramev_event_score,42,42,42,t00915-c00014,14,915,4,4,True,1,100.79183298512362,554.4252500112634,0.014707999071106315,0.014374993043020368,554.4543330033775
optimistic,200,bramev_event_score,42,42,42,t00917-c00135,135,917,6,6,True,1,85.26979200541973,530.1619999809191,0.026749999960884452,0.01708301715552807,530.2058329980355
optimistic,200,bramev_event_score,42,42,42,t00918-c00024,24,918,7,7,True,1,110.43699999572709,559.8846670181956,0.018582999473437667,0.014791992725804448,559.9180420103949
optimistic,200,bramev_event_score,42,42,42,t00918-c00053,53,918,7,4,True,1,167.3377499973867,559.8467499949038,0.11675001587718725,0.006541988113895059,559.9700419988949
optimistic,200,bramev_event_score,42,42,42,t00918-c00126,126,918,3,3,True,1,54.211959009990096,510.45920900651254,49.520583008416,0.0051670067477971315,559.9849590216763
optimistic,200,bramev_event_score,42,42,42,t00919-c00053,53,919,7,4,True,1,33.871583989821374,120.23345899069682,0.015416007954627275,0.011166994227096438,120.26004199287854
optimistic,200,bramev_event_score,42,42,42,t00920-c00087,87,920,3,3,True,1,31.03337498032488,155.04549999604933,0.02099998528137803,0.017000013031065464,155.08349999436177
optimistic,200,bramev_event_score,42,42,42,t00921-c00140,140,921,4,4,True,1,25.21337498910725,219.39462498994544,0.025667017325758934,0.014749995898455381,219.43504200316966
optimistic,200,bramev_event_score,42,42,42,t00922-c00009,9,922,9,8,True,1,44.78854199987836,1004.7062500088941,0.017749989638105035,0.017375015886500478,1004.7413750144187
optimistic,200,bramev_event_score,42,42,42,t00922-c00094,94,922,3,3,True,1,320.1827500015497,926.4092090015765,78.37079098680988,0.007084017852321267,1004.7870840062387
optimistic,200,bramev_event_score,42,42,42,t00922-c00131,131,922,3,3,True,1,320.14812499983236,926.3743749761488,78.40695802588016,0.0050419766921550035,1004.7863749787211
optimistic,200,bramev_event_score,42,42,42,t00924-c00141,141,924,3,3,True,1,38.882499997271225,163.38345801341347,0.018749997252598405,0.011833006283268332,163.41404101694934
optimistic,200,bramev_event_score,42,42,42,t00925-c00141,141,925,3,3,True,1,33.65362499607727,700.6384160195012,279.32920897728764,0.015541008906438947,979.9831660056952
optimistic,200,bramev_event_score,42,42,42,t00925-c00193,193,925,8,8,True,1,84.9697919911705,979.8989169939887,0.12654101010411978,0.008125003660097718,980.0335830077529
optimistic,200,bramev_event_score,42,42,42,t00927-c00100,100,927,3,1,True,1,70.71437500417233,70.71437500417233,0.0219999928958714,0.01370901009067893,70.75008400715888
optimistic,200,bramev_event_score,42,42,42,t00930-c00068,68,930,3,2,True,1,124.51100000180304,314.4446250225883,123.30687497160397,0.014084012946113944,437.7655840071384
optimistic,200,bramev_event_score,42,42,42,t00930-c00081,81,930,9,9,True,1,15.351999987615272,437.6920419745147,0.11562500731088221,0.009167008101940155,437.81683398992755
optimistic,200,bramev_event_score,42,42,42,t00931-c00191,191,931,7,5,True,1,87.63570900191553,320.6117920053657,0.026291992980986834,0.014958000974729657,320.65304199932143
optimistic,200,bramev_event_score,42,42,42,t00932-c00150,150,932,5,2,True,1,28.954582987353206,93.66849999059923,0.019915984012186527,0.01108401920646429,93.69949999381788
optimistic,200,bramev_event_score,42,42,42,t00933-c00151,151,933,7,4,True,1,96.73266700701788,238.9630830148235,0.02737497561611235,0.014209013897925615,239.00466700433753
optimistic,200,bramev_event_score,42,42,42,t00934-c00180,180,934,3,3,True,1,19.72529198974371,87.07454198156483,0.020042003598064184,0.009458017302677035,87.10404200246558
optimistic,200,bramev_event_score,42,42,42,t00935-c00121,121,935,8,8,True,1,56.7554589943029,482.7169589989353,0.026291003450751305,0.015666999388486147,482.75891700177453
optimistic,200,bramev_event_score,42,42,42,t00935-c00179,179,935,4,3,True,1,110.98162501002662,279.36604199931026,203.4224160015583,0.006459013093262911,482.7949170139618
optimistic,200,bramev_event_score,42,42,42,t00936-c00035,35,936,7,6,True,1,63.95487501868047,336.1955830187071,62.06766699324362,0.017167010810226202,398.28041702276096
optimistic,200,bramev_event_score,42,42,42,t00936-c00052,52,936,3,2,True,1,192.3292499850504,389.93808400118724,8.370708004804328,0.006166985258460045,398.31495899125
optimistic,200,bramev_event_score,42,42,42,t00937-c00078,78,937,4,4,True,1,40.50579099566676,368.48099998314865,0.021332991309463978,0.01529202563688159,368.517625000095
optimistic,200,bramev_event_score,42,42,42,t00938-c00106,106,938,3,3,True,1,14.222624973626807,43.32187498221174,0.019166996935382485,0.009792012860998511,43.35083399200812
optimistic,200,bramev_event_score,42,42,42,t00940-c00181,181,940,9,9,True,1,24.61637498345226,271.89149998594075,0.03108399687334895,0.013165990822017193,271.9357499736361
optimistic,200,bramev_event_score,42,42,42,t00942-c00016,16,942,7,4,True,1,78.80633298191242,365.81937500159256,0.014416989870369434,0.015375000657513738,365.84916699212044
optimistic,200,bramev_event_score,42,42,42,t00942-c00061,61,942,4,3,True,1,44.37162500107661,279.1273749899119,86.75491699250415,0.007333001121878624,365.88962498353794
optimistic,200,bramev_event_score,42,42,42,t00943-c00152,152,943,5,5,True,1,59.130540990736336,443.8570000056643,0.02754098386503756,0.014042016118764877,443.8985830056481
optimistic,200,bramev_event_score,42,42,42,t00943-c00158,158,943,3,3,True,1,88.43270799843594,369.12141600623727,74.79816701379605,0.006541988113895059,443.9261250081472
optimistic,200,bramev_event_score,42,42,42,t00944-c00097,97,944,10,10,True,1,124.88354201195762,1057.3020830051973,0.0272089964710176,0.01995800994336605,1057.3492500116117
optimistic,200,bramev_event_score,42,42,42,t00944-c00103,103,944,3,3,True,1,268.0232080165297,794.9511250189971,262.4407080002129,0.007041991921141744,1057.3988750111312
optimistic,200,bramev_event_score,42,42,42,t00945-c00006,6,945,5,3,True,1,215.71929100900888,450.88874999783,0.014541001291945577,0.014917022781446576,450.9182080219034
optimistic,200,bramev_event_score,42,42,42,t00945-c00067,67,945,3,3,True,1,20.298957999330014,342.18308300478384,108.77345799235627,0.0072499969974160194,450.9637909941375
optimistic,200,bramev_event_score,42,42,42,t00945-c00069,69,945,3,3,True,1,29.944415990030393,365.3080829826649,85.64633299829438,0.006292015314102173,450.9607079962734
optimistic,200,bramev_event_score,42,42,42,t00948-c00113,113,948,8,8,True,1,12.617833010153845,184.20070799766108,0.024084001779556274,0.013250013580545783,184.2380420130212
optimistic,200,bramev_event_score,42,42,42,t00949-c00002,2,949,11,11,True,1,60.37820799974725,714.3550409819,0.022292020730674267,0.01912500010803342,714.3964580027387
optimistic,200,bramev_event_score,42,42,42,t00949-c00020,20,949,3,3,True,1,185.71683298796415,625.9752909827512,88.46608400926925,0.007166003342717886,714.4485409953631
optimistic,200,bramev_event_score,42,42,42,t00952-c00171,171,952,3,3,True,1,22.13133400073275,119.87412499729544,0.02691699774004519,0.013125012628734112,119.91416700766422
optimistic,200,bramev_event_score,42,42,42,t00953-c00001,1,953,7,5,True,1,66.1649999965448,1006.1980829923414,99.25625001778826,0.01575000351294875,1105.4700830136426
optimistic,200,bramev_event_score,42,42,42,t00953-c00043,43,953,5,5,True,1,103.55008399346843,1105.3972499794327,0.10808400111272931,0.007166003342717886,1105.5124999838881
optimistic,200,bramev_event_score,42,42,42,t00953-c00069,69,953,5,5,True,1,178.89179199119098,928.9367079909425,176.57066701212898,0.006374990334734321,1105.5137499934062
optimistic,200,bramev_event_score,42,42,42,t00953-c00099,99,953,3,3,True,1,263.4050830092747,928.903124993667,176.61012499593198,0.004250003257766366,1105.5174999928568
optimistic,200,bramev_event_score,42,42,42,t00953-c00116,116,953,7,4,True,1,727.8407910198439,965.834625007119,139.67341600800864,0.0048340007197111845,1105.5128750158474
optimistic,200,bramev_event_score,42,42,42,t00954-c00069,69,954,5,5,True,1,60.61462499201298,353.9952920109499,0.02174999099224806,0.014416989870369434,354.03145899181254
optimistic,200,bramev_event_score,42,42,42,t00954-c00099,99,954,3,3,True,1,88.62500000395812,353.95708298892714,0.11100000119768083,0.006125017534941435,354.07420800765976
optimistic,200,bramev_event_score,42,42,42,t00955-c00115,115,955,5,5,True,1,25.149207998765633,291.5011660079472,0.025874993298202753,0.015083991456776857,291.54212499270216
optimistic,200,bramev_event_score,42,42,42,t00958-c00104,104,958,7,7,True,1,31.28620798815973,431.0479999985546,69.16779099265113,0.016000005416572094,500.2317909966223
optimistic,200,bramev_event_score,42,42,42,t00958-c00180,180,958,5,5,True,1,61.036291997879744,500.1505420077592,0.11749999248422682,0.007291004294529557,500.27533300453797
optimistic,200,bramev_event_score,42,42,42,t00960-c00177,177,960,8,8,True,1,60.36674999631941,279.1707080032211,0.03154200385324657,0.015124998753890395,279.2173750058282
optimistic,200,bramev_event_score,42,42,42,t00961-c00018,18,961,5,4,True,1,237.0517500094138,582.237750000786,880.759958003182,0.017416983610019088,1463.015124987578
optimistic,200,bramev_event_score,42,42,42,t00961-c00056,56,961,5,5,True,1,131.2859580211807,1462.9359999962617,0.12354101636447012,0.00808399636298418,1463.0676250089891
optimistic,200,bramev_event_score,42,42,42,t00961-c00119,119,961,5,5,True,1,11.611082998570055,1205.4215829994064,257.6386670116335,0.005791982403025031,1463.066041993443
optimistic,200,bramev_event_score,42,42,42,t00961-c00149,149,961,12,12,True,1,53.7898330076132,1326.9469999941066,136.11179200233892,0.0075830030255019665,1463.066374999471
optimistic,200,bramev_event_score,42,42,42,t00962-c00108,108,962,4,4,True,1,57.72858398267999,515.2110839844681,51.69108300469816,0.014499993994832039,566.9166669831611
optimistic,200,bramev_event_score,42,42,42,t00962-c00132,132,962,7,7,True,1,33.2847079844214,471.2386669998523,95.70329100824893,0.007541995728388429,566.9495000038296
optimistic,200,bramev_event_score,42,42,42,t00962-c00153,153,962,4,4,True,1,116.93587497575209,566.8024169863202,0.1483329979237169,0.005708017852157354,566.956458002096
optimistic,200,bramev_event_score,42,42,42,t00963-c00132,132,963,7,7,True,1,73.3292080112733,611.652708001202,0.025958986952900887,0.015208002878353,611.6938749910332
optimistic,200,bramev_event_score,42,42,42,t00966-c00042,42,966,4,4,True,1,91.31891699507833,497.56874999729916,0.019041995983570814,0.014874996850267053,497.602666990133
optimistic,200,bramev_event_score,42,42,42,t00967-c00042,42,967,5,5,True,1,65.73125001159497,1111.2330840260256,0.022207997972145677,0.014291988918557763,1111.2695840129163
optimistic,200,bramev_event_score,42,42,42,t00967-c00182,182,967,5,3,True,1,825.2052920288406,1111.1843750113621,0.1161250111181289,0.005374982720240951,1111.3058750052005
optimistic,200,bramev_event_score,42,42,42,t00968-c00010,10,968,3,3,True,1,56.161167012760416,214.2976670002099,0.013500015484169126,0.012375006917864084,214.32354202261195
optimistic,200,bramev_event_score,42,42,42,t00971-c00079,79,971,9,9,True,1,52.0036660018377,291.8735829880461,0.021916988771408796,0.015124998753890395,291.9106249755714
optimistic,200,bramev_event_score,42,42,42,t00972-c00074,74,972,3,3,True,1,14.532291010254994,364.00550001417287,154.01908301282674,0.01391698606312275,518.0385000130627
optimistic,200,bramev_event_score,42,42,42,t00972-c00111,111,972,7,7,True,1,69.42354200873524,517.9629999911413,0.1062920200638473,0.0075410061981529,518.0768330174033
optimistic,200,bramev_event_score,42,42,42,t00973-c00071,71,973,7,6,True,1,21.76741699804552,774.7325829986949,285.6599999940954,0.013959011994302273,1060.4065420047846
optimistic,200,bramev_event_score,42,42,42,t00973-c00083,83,973,6,6,True,1,182.69458401482552,1060.330125008477,0.10604201816022396,0.007041991921141744,1060.4432090185583
optimistic,200,bramev_event_score,42,42,42,t00973-c00137,137,973,6,6,True,1,199.87033400684595,1060.2942919940688,0.14016698696650565,0.005125009920448065,1060.4395839909557
optimistic,200,bramev_event_score,42,42,42,t00974-c00055,55,974,4,1,True,1,106.43279200303368,106.43279200303368,181.5814579895232,0.02358399797230959,288.0378339905292
optimistic,200,bramev_event_score,42,42,42,t00974-c00109,109,974,5,5,True,1,23.18404198740609,279.41595800803043,8.6579589988105,0.009040988516062498,288.082957995357
optimistic,200,bramev_event_score,42,42,42,t00975-c00109,109,975,5,5,True,1,20.237374992575496,214.5375419931952,0.025500019546598196,0.01712498487904668,214.58016699762084
optimistic,200,bramev_event_score,42,42,42,t00976-c00109,109,976,5,5,True,1,20.037832990055904,208.67187500698492,0.026875000912696123,0.017457990907132626,208.71620799880475
optimistic,200,bramev_event_score,42,42,42,t00977-c00021,21,977,7,7,True,1,47.02704201918095,253.63424999522977,0.020000006770715117,0.018499995348975062,253.67274999734946
optimistic,200,bramev_event_score,42,42,42,t00979-c00034,34,979,9,9,True,1,25.289125012932345,202.61812501121312,0.02374997711740434,0.01820901525206864,202.6600840035826
optimistic,200,bramev_event_score,42,42,42,t00981-c00016,16,981,5,3,True,1,119.55429200315848,419.8752499942202,0.015249999705702066,0.015708006685599685,419.9062080006115
optimistic,200,bramev_event_score,42,42,42,t00981-c00104,104,981,3,3,True,1,23.307666007895023,357.0682499848772,62.875375006115064,0.007333001121878624,419.9509579921141
optimistic,200,bramev_event_score,42,42,42,t00981-c00107,107,981,7,6,True,1,66.81120899156667,326.0717919911258,93.87295800843276,0.006458983989432454,419.951208983548
optimistic,200,bramev_event_score,42,42,42,t00982-c00107,107,982,7,6,True,1,51.975625014165416,192.77416699333116,6.9412500015459955,0.014833000022917986,199.73024999490008
optimistic,200,bramev_event_score,42,42,42,t00985-c00099,99,985,3,3,True,1,52.68620801507495,162.48600001563318,0.020916981156915426,0.013500015484169126,162.52041701227427
optimistic,200,bramev_event_score,42,42,42,t00986-c00099,99,986,8,8,True,1,87.38466698559932,489.85233399434946,0.023540982510894537,0.0147090177051723,489.89058399456553
optimistic,200,bramev_event_score,42,42,42,t00987-c00075,75,987,9,9,True,1,52.232166985049844,1314.0747500001453,0.024749984731897712,0.016167003195732832,1314.115666988073
optimistic,200,bramev_event_score,42,42,42,t00987-c00130,130,987,3,3,True,1,676.2580420181621,1143.3598340081517,170.7807079947088,0.006582995411008596,1314.1471249982715
optimistic,200,bramev_event_score,42,42,42,t00987-c00175,175,987,8,8,True,1,350.4604999907315,1313.9935840154067,0.16066597891040146,0.005792011506855488,1314.160042005824
optimistic,200,bramev_event_score,42,42,42,t00988-c00013,13,988,7,7,True,1,10.674541990738362,478.33270800765604,0.01637497916817665,0.014750025002285838,478.3638330118265
optimistic,200,bramev_event_score,42,42,42,t00988-c00130,130,988,3,2,True,1,183.29541600542143,443.5716659936588,34.835124999517575,0.00633401214145124,478.41312500531785
optimistic,200,bramev_event_score,42,42,42,t00989-c00000,0,989,3,3,True,1,348.4956669854,656.8165420030709,57.665249973069876,0.014458026271313429,714.4962500024121
optimistic,200,bramev_event_score,42,42,42,t00989-c00065,65,989,7,3,True,1,115.40325000532903,507.2703750047367,207.252708991291,0.006040994776412845,714.5291249908041
optimistic,200,bramev_event_score,42,42,42,t00989-c00152,152,989,8,8,True,1,70.16400000429712,714.3845419923309,0.13883301289752126,0.0072499969974160194,714.5306250022259
optimistic,200,bramev_event_score,42,42,42,t00992-c00158,158,992,3,2,True,1,85.76545800315216,198.69933297741227,66.80395902367309,0.01333298860117793,265.51662498968653
optimistic,200,bramev_event_score,42,42,42,t00992-c00196,196,992,2,2,True,1,105.9942500141915,265.4409999959171,0.11650001397356391,0.006499991286545992,265.5640000011772
optimistic,200,bramev_event_score,42,42,42,t00996-c00143,143,996,7,7,True,1,71.73387499642558,333.2708329835441,0.02704199869185686,0.015666999388486147,333.31354198162444
optimistic,200,bramev_event_score,42,42,42,t00997-c00022,22,997,3,2,True,1,386.01729201036505,727.6933340181131,0.016999983927235007,0.013165990822017193,727.7234999928623
optimistic,200,bramev_event_score,42,42,42,t00997-c00187,187,997,7,7,True,1,88.17804101272486,727.6429579942487,0.11087500024586916,0.0075830030255019665,727.7614159975201
optimistic,200,bramev_event_score,42,42,42,t00999-c00070,70,999,3,3,True,1,60.20995799917728,223.54587499285117,0.01812499249354005,0.01300001167692244,223.57699999702163
optimistic,200,bramev_event_score,42,42,42,t00999-c00162,162,999,3,3,True,1,31.881583010545,181.4550420094747,42.1684579923749,0.006417016265913844,223.62991701811552
optimistic,200,bramev_event_score,42,42,42,t01000-c00070,70,1000,9,9,True,1,79.62508301716298,502.50154102104716,0.023041997337713838,0.017332989955320954,502.5419160083402
optimistic,200,bramev_event_score,42,42,42,t01000-c00162,162,1000,5,5,True,1,24.86383297946304,417.2619580058381,85.32279197243042,0.007666007149964571,502.5924159854185
optimistic,200,bramev_event_score,42,42,42,t01001-c00055,55,1001,3,2,True,1,151.2874159961939,253.16154098254628,27.25316700525582,0.013417011359706521,280.4281249991618
optimistic,200,bramev_event_score,42,42,42,t01001-c00162,162,1001,7,7,True,1,40.02837499137968,280.35329197882675,0.12912499369122088,0.007792026735842228,280.4902089992538
optimistic,200,bramev_event_score,42,42,42,t01002-c00015,15,1002,6,6,True,1,22.030332998838276,281.082541012438,9.420666989171878,0.021875021047890186,290.5250830226578
optimistic,200,bramev_event_score,42,42,42,t01002-c00055,55,1002,4,1,True,1,61.84379200567491,61.84379200567491,228.71908301021904,0.006916990969330072,290.5697920068633
optimistic,200,bramev_event_score,42,42,42,t01004-c00049,49,1004,4,4,True,1,70.7578330184333,233.38804201921448,34.70616598497145,0.012375006917864084,268.1065830111038
optimistic,200,bramev_event_score,42,42,42,t01004-c00122,122,1004,6,6,True,1,17.78100000228733,268.0350409937091,0.10070900316350162,0.00695799826644361,268.14270799513906
optimistic,200,bramev_event_score,42,42,42,t01005-c00036,36,1005,3,3,True,1,31.07391600497067,172.85654100123793,0.016792007954791188,0.012750009773299098,172.88608301896602
optimistic,200,bramev_event_score,42,42,42,t01006-c00102,102,1006,8,8,True,1,69.28637501550838,420.4622080142144,0.022916996385902166,0.016125006368383765,420.5012500169687
optimistic,200,bramev_event_score,42,42,42,t01006-c00166,166,1006,4,4,True,1,24.029833992244676,380.1354169845581,40.39537499193102,0.006667018169537187,420.53745899465866
optimistic,200,bramev_event_score,42,42,42,t01007-c00138,138,1007,9,7,True,1,176.4773330069147,1462.3863750020973,0.028541020583361387,0.017041980754584074,1462.4319580034353
optimistic,200,bramev_event_score,42,42,42,t01007-c00167,167,1007,11,7,True,1,176.43737501930445,1300.0946670072153,162.37704100785777,0.007166992872953415,1462.478875007946
optimistic,200,bramev_event_score,42,42,42,t01008-c00110,110,1008,5,5,True,1,256.9552499917336,636.9075420079753,131.86674998723902,0.017375015886500478,768.7916670111008
optimistic,200,bramev_event_score,42,42,42,t01008-c00173,173,1008,13,13,True,1,41.137290972983465,768.7026249768678,0.1558750227559358,0.011208001524209976,768.869708001148
optimistic,200,bramev_event_score,42,42,42,t01009-c00110,110,1009,5,5,True,1,29.47029101778753,101.36620802222751,0.026458001229912043,0.016999983927235007,101.40966600738466
optimistic,200,bramev_event_score,42,42,42,t01010-c00005,5,1010,3,2,True,1,12.084249989129603,190.95012499019504,221.77462500985712,0.018291990272700787,412.74304199032485
optimistic,200,bramev_event_score,42,42,42,t01010-c00155,155,1010,4,4,True,1,55.02216701279394,412.63754200190306,0.12404200970195234,0.007833004929125309,412.76941701653413
optimistic,200,bramev_event_score,42,42,42,t01011-c00155,155,1011,5,5,True,1,38.811500009614974,370.92191600822844,0.03041699528694153,0.01837499439716339,370.97070799791254
optimistic,200,bramev_event_score,42,42,42,t01012-c00046,46,1012,7,3,True,1,51.854707999154925,134.44454199634492,0.01883300137706101,0.01591700129210949,134.4792919990141
optimistic,200,bramev_event_score,42,42,42,t01013-c00147,147,1013,5,5,True,1,26.074291003169492,327.0998329971917,35.684292000951245,0.016416015569120646,362.80054101371206
optimistic,200,bramev_event_score,42,42,42,t01013-c00157,157,1013,4,4,True,1,90.48349998192862,362.71770898019895,0.12133299605920911,0.0075830030255019665,362.84662497928366
optimistic,200,bramev_event_score,42,42,42,t01015-c00117,117,1015,3,3,True,1,9.261833009077236,108.67870799847879,0.02108400803990662,0.012041011359542608,108.71183301787823
optimistic,200,bramev_event_score,42,42,42,t01016-c00038,38,1016,5,2,True,1,27.495791000546888,161.6026249830611,93.10970801743679,0.01854199217632413,254.73087499267422
optimistic,200,bramev_event_score,42,42,42,t01016-c00057,57,1016,7,7,True,1,52.928624994819984,245.61691700364463,9.136624983511865,0.0074160052463412285,254.76095799240284
optimistic,200,bramev_event_score,42,42,42,t01016-c00117,117,1016,3,3,True,1,6.226750003406778,221.90162498736754,32.85141600645147,0.0050000089686363935,254.75804100278765
optimistic,200,bramev_event_score,42,42,42,t01017-c00111,111,1017,9,9,True,1,71.90904198796488,608.8168749993201,0.024541979655623436,0.01750001683831215,608.8589169958141
optimistic,200,bramev_event_score,42,42,42,t01018-c00111,111,1018,7,7,True,1,86.33762501995079,876.2246250116732,100.48274998553097,0.02025000867433846,976.7276250058785
optimistic,200,bramev_event_score,42,42,42,t01018-c00164,164,1018,6,6,True,1,134.6343750192318,976.6399160143919,0.1370839891023934,0.008666014764457941,976.7856660182588
optimistic,200,bramev_event_score,42,42,42,t01019-c00093,93,1019,3,3,True,1,15.994834015145898,57.55774999852292,0.014834018656983972,0.010415998985990882,57.5830000161659
optimistic,200,bramev_event_score,42,42,42,t01020-c00064,64,1020,3,3,True,1,86.75783401122317,233.07391698472202,91.55433301930316,0.012167001841589808,324.64041700586677
optimistic,200,bramev_event_score,42,42,42,t01020-c00092,92,1020,10,10,True,1,24.905291997129098,324.56937499227934,0.11395799810998142,0.007916998583823442,324.69124998897314
optimistic,200,bramev_event_score,42,42,42,t01022-c00044,44,1022,6,3,True,1,40.132082998752594,213.33762499853037,0.020624982425943017,0.016375008272007108,213.37462498922832
optimistic,200,bramev_event_score,42,42,42,t01023-c00044,44,1023,6,3,True,1,35.30045802472159,568.0456250265706,62.894165981560946,0.015124998753890395,630.9549160068855
optimistic,200,bramev_event_score,42,42,42,t01023-c00075,75,1023,9,9,True,1,74.42150000133552,630.879709002329,0.11962500866502523,0.007875001756474376,631.0072090127505
optimistic,200,bramev_event_score,42,42,42,t01024-c00044,44,1024,6,3,True,1,66.33345899172127,861.368959012907,69.55012498656288,0.01491600414738059,930.9340000036173
optimistic,200,bramev_event_score,42,42,42,t01024-c00091,91,1024,9,9,True,1,234.38712500501424,930.8600420190487,0.11791600263677537,0.008833972970023751,930.9867919946555
optimistic,200,bramev_event_score,42,42,42,t01025-c00091,91,1025,4,4,True,1,93.34112500073388,552.1533749997616,0.020625011529773474,0.014208984794095159,552.1882089960855
optimistic,200,bramev_event_score,42,42,42,t01025-c00197,197,1025,9,9,True,1,31.483792001381516,481.40558300656267,70.82241697935387,0.00866700429469347,552.2366669902112
optimistic,200,bramev_event_score,42,42,42,t01026-c00039,39,1026,4,4,True,1,22.597125003812835,146.79420800530352,0.015749974409118295,0.014250021195039153,146.82420800090767
optimistic,200,bramev_event_score,42,42,42,t01027-c00039,39,1027,9,9,True,1,45.737040985841304,350.99424998043105,0.020208011846989393,0.01662501017563045,351.03108300245367
optimistic,200,bramev_event_score,42,42,42,t01028-c00134,134,1028,4,4,True,1,40.1778329978697,279.342291993089,0.025832996470853686,0.015083001926541328,279.3832079914864
optimistic,200,bramev_event_score,42,42,42,t01029-c00169,169,1029,7,7,True,1,38.271249999525025,351.1580410122406,0.02912498894147575,0.014999997802078724,351.2021659989841
optimistic,200,bramev_event_score,42,42,42,t01029-c00194,194,1029,7,7,True,1,104.50575000140816,321.71312501304783,29.527416976634413,0.007000024197623134,351.24754201387987
optimistic,200,bramev_event_score,42,42,42,t01030-c00110,110,1030,8,8,True,1,41.11583298072219,239.7731659875717,0.023625005269423127,0.014749995898455381,239.81154098873958
optimistic,200,bramev_event_score,42,42,42,t01031-c00162,162,1031,4,4,True,1,57.67579100211151,262.3091249843128,0.028125010430812836,0.01462499494664371,262.35187498969026
optimistic,200,bramev_event_score,42,42,42,t01032-c00154,154,1032,3,3,True,1,81.24695901642554,276.01720902021043,0.02741598291322589,0.014125020243227482,276.0587500233669
optimistic,200,bramev_event_score,42,42,42,t01033-c00101,101,1033,7,6,True,1,35.4070839821361,141.86166698345914,0.02229199162684381,0.01329102087765932,141.89724999596365
optimistic,200,bramev_event_score,42,42,42,t01034-c00133,133,1034,7,6,True,1,142.98354199854657,1364.9553330033086,585.770291974768,0.016458012396469712,1950.7420829904731
optimistic,200,bramev_event_score,42,42,42,t01034-c00168,168,1034,16,16,True,1,142.94179098214954,1950.6541659939103,0.13283398584462702,0.009208015399053693,1950.796207995154
optimistic,200,bramev_event_score,42,42,42,t01041-c00030,30,1041,9,9,True,1,92.32195801450871,588.6116659967229,0.018000020645558834,0.01612497726455331,588.645790994633
optimistic,200,bramev_event_score,42,42,42,t01041-c00038,38,1041,9,4,True,1,341.19833301519975,547.9021250212099,40.76674999669194,0.006374990334734321,588.6752500082366
optimistic,200,bramev_event_score,42,42,42,t01042-c00038,38,1042,6,1,True,1,50.817833020119,50.817833020119,15.4958329803776,0.012459000572562218,66.32612500106916
optimistic,200,bramev_event_score,42,42,42,t01043-c00146,146,1043,9,6,True,1,38.137416006065905,172.85808300948702,0.028667011065408587,0.015041005099192262,172.90179102565162
optimistic,200,bramev_event_score,42,42,42,t01044-c00027,27,1044,3,3,True,1,59.316208004020154,3034.4121249800082,506.2680410046596,0.01591700129210949,3540.69608298596
optimistic,200,bramev_event_score,42,42,42,t01044-c00046,46,1044,10,4,True,1,2355.6089579942636,3096.183417015709,444.54920798307285,0.006832997314631939,3540.7394579960965
optimistic,200,bramev_event_score,42,42,42,t01044-c00073,73,1044,9,9,True,1,592.3636250081472,3540.579542022897,0.165749981533736,0.007291004294529557,3540.752583008725
optimistic,200,bramev_event_score,42,42,42,t01044-c00146,146,1044,9,7,True,1,592.327458987711,3540.5433749838267,0.19879199680872262,0.004292000085115433,3540.7464589807205
optimistic,200,bramev_event_score,42,42,42,t01044-c00170,170,1044,7,7,True,1,592.2957499860786,3246.2784170056693,294.4578329916112,0.004917004844173789,3540.7411670021247
optimistic,200,bramev_event_score,42,42,42,t01045-c00046,46,1045,13,5,True,1,66.22924999101087,244.62708298233338,7.391000021016225,0.017207989003509283,252.0352909923531
optimistic,200,bramev_event_score,42,42,42,t01046-c00046,46,1046,12,7,True,1,93.43587499461137,626.2321249814704,90.70749999955297,0.02166701597161591,716.961291996995
optimistic,200,bramev_event_score,42,42,42,t01046-c00089,89,1046,4,3,True,1,331.7668339877855,706.6259589919355,10.37070801248774,0.007124996045604348,717.0037920004688
optimistic,200,bramev_event_score,42,42,42,t01047-c00041,41,1047,8,8,True,1,57.337457983521745,571.8552909966093,0.02079200930893421,0.0186669931281358,571.8947499990463
optimistic,200,bramev_event_score,42,42,42,t01050-c00050,50,1050,8,8,True,1,215.59495897963643,694.3559999926947,0.021958985598757863,0.01708301715552807,694.395041995449
optimistic,200,bramev_event_score,42,42,42,t01050-c00095,95,1050,5,4,True,1,79.31058399844915,558.2506250066217,136.18741699610837,0.007458002073690295,694.4455000048038
optimistic,200,bramev_event_score,42,42,42,t01051-c00128,128,1051,9,9,True,1,197.80420800088905,844.014000002062,198.78983299713582,0.017708021914586425,1042.8215410211124
optimistic,200,bramev_event_score,42,42,42,t01051-c00129,129,1051,10,10,True,1,79.66720801778138,1042.736875009723,0.12366598821245134,0.009542010957375169,1042.8700830088928
optimistic,200,bramev_event_score,42,42,42,t01054-c00045,45,1054,14,14,True,1,128.06591700064018,2095.1331249962095,0.025999994250014424,0.01912500010803342,2095.1782499905676
optimistic,200,bramev_event_score,42,42,42,t01054-c00048,48,1054,8,6,True,1,273.5737919865642,1818.581291998271,276.64095800719224,0.008417002391070127,2095.230667007854
optimistic,200,bramev_event_score,42,42,42,t01054-c00110,110,1054,7,7,True,1,127.9915000195615,2038.7817500159144,56.44704098813236,0.006209011189639568,2095.2350000152364
optimistic,200,bramev_event_score,42,42,42,t01054-c00192,192,1054,5,5,True,1,455.0949999829754,1818.5087500023656,276.7200829985086,0.004792003892362118,2095.2336250047665
optimistic,200,bramev_event_score,42,42,42,t01056-c00185,185,1056,11,6,True,1,47.750875004567206,331.1890829936601,24.447917006909847,0.018708000425249338,355.6557080009952
optimistic,200,bramev_event_score,42,42,42,t01057-c00023,23,1057,7,7,True,1,388.0742500186898,2436.5870830079075,0.023333996068686247,0.018791004549711943,2436.629208008526
optimistic,200,bramev_event_score,42,42,42,t01057-c00029,29,1057,8,8,True,1,131.40533401747234,2436.5511250216514,0.12462498852983117,0.008917006198316813,2436.6846670163795
optimistic,200,bramev_event_score,42,42,42,t01057-c00040,40,1057,6,6,True,1,388.0044589750469,2436.518167000031,0.17645797925069928,0.006125017534941435,2436.7007499968167
optimistic,200,bramev_event_score,42,42,42,t01057-c00101,101,1057,7,6,True,1,27.971958013949916,2108.915832999628,327.7815420005936,0.006249989382922649,2436.7036249896046
optimistic,200,bramev_event_score,42,42,42,t01057-c00123,123,1057,7,7,True,1,131.3021659734659,2090.772040974116,345.9201670193579,0.004250003257766366,2436.6964579967316
optimistic,200,bramev_event_score,42,42,42,t01058-c00029,29,1058,9,9,True,1,70.47445900388993,715.8890840073582,0.02058298559859395,0.01720801810733974,715.9268750110641
optimistic,200,bramev_event_score,42,42,42,t01058-c00040,40,1058,3,2,True,1,163.76533301081508,278.94137499970384,437.02683300944045,0.006708985893055797,715.9749169950373
optimistic,200,bramev_event_score,42,42,42,t01059-c00040,40,1059,4,3,True,1,142.01724997838028,462.03508297912776,0.01504199462942779,0.013083015801385045,462.0632079895586
optimistic,200,bramev_event_score,42,42,42,t01059-c00148,148,1059,6,6,True,1,37.14195801876485,422.6323750044685,39.461250009480864,0.007416994776576757,462.1010420087259
optimistic,200,bramev_event_score,42,42,42,t01059-c00165,165,1059,4,4,True,1,89.79095899849199,342.9924999945797,119.0976670186501,0.004792003892362118,462.09495901712216
optimistic,200,bramev_event_score,42,42,42,t01062-c00031,31,1062,6,4,True,1,295.6198749889154,418.4920839907136,564.7946659883019,0.02095900708809495,983.3077089861035
optimistic,200,bramev_event_score,42,42,42,t01062-c00080,80,1062,9,9,True,1,65.38308301242068,974.8191249964293,8.536166016710922,0.010124989785254002,983.3654160029255
optimistic,200,bramev_event_score,42,42,42,t01062-c00120,120,1062,4,3,True,1,18.307666992768645,668.4946249879431,314.86658300855197,0.005416979547590017,983.3666249760427
optimistic,200,bramev_event_score,42,42,42,t01064-c00161,161,1064,7,5,True,1,35.03495900076814,155.6137919833418,0.026833004085347056,0.014167017070576549,155.65479200449772
optimistic,200,bramev_event_score,42,42,42,t01066-c00145,145,1066,5,5,True,1,34.041292004985735,235.1719579892233,0.025917019229382277,0.013082986697554588,235.21095799515024
optimistic,200,bramev_event_score,42,42,42,t01069-c00082,82,1069,10,7,True,1,41.741833003470674,772.3482500005048,0.0222500239033252,0.014332996215671301,772.3848330206238
optimistic,200,bramev_event_score,42,42,42,t01069-c00114,114,1069,6,6,True,1,99.2130420054309,736.4499999966938,35.96587502397597,0.006624992238357663,772.4225000129081
optimistic,200,bramev_event_score,42,42,42,t01072-c00011,11,1072,7,7,True,1,53.68899999302812,463.7202079757117,0.016959005733951926,0.01579101081006229,463.7529579922557
optimistic,200,bramev_event_score,42,42,42,t01073-c00012,12,1073,5,5,True,1,541.8279590085149,1156.0192089818884,0.015666009858250618,0.014791992725804448,1156.0496669844724
optimistic,200,bramev_event_score,42,42,42,t01073-c00017,17,1073,6,6,True,1,272.21983298659325,1050.2955419942737,105.78554100356996,0.007624999852851033,1156.0887079976965
optimistic,200,bramev_event_score,42,42,42,t01073-c00160,160,1073,3,3,True,1,272.1769170020707,886.7247499874793,269.36845801537856,0.005209003575146198,1156.098417006433
optimistic,200,bramev_event_score,42,42,42,t01073-c00183,183,1073,8,7,True,1,362.6030000159517,1094.5080000092275,61.58737500663847,0.006124988431110978,1156.1015000042971
optimistic,200,bramev_event_score,42,42,42,t01074-c00017,17,1074,7,7,True,1,341.6758750099689,1119.9532089813147,72.59179101674818,0.015875004464760423,1192.5608750025276
optimistic,200,bramev_event_score,42,42,42,t01074-c00047,47,1074,14,14,True,1,135.23466701735742,1192.488708999008,0.12316601350903511,0.009791983757168055,1192.6216669962741
optimistic,200,bramev_event_score,42,42,42,t01074-c00063,63,1074,3,2,True,1,784.4971670128871,910.9157499915455,281.7030000151135,0.005209003575146198,1192.623959010234
optimistic,200,bramev_event_score,42,42,42,t01074-c00160,160,1074,7,7,True,1,135.1667919952888,1163.7105839909054,28.906500025186688,0.005832989700138569,1192.6229170057923
optimistic,200,bramev_event_score,42,42,42,t01078-c00172,172,1078,3,3,True,1,82.27241699933074,246.46366701927036,0.028292008209973574,0.01554097980260849,246.50750000728294
optimistic,200,bramev_event_score,42,42,42,t01079-c00163,163,1079,3,2,True,1,51.49300000630319,188.18879200262018,0.026124995201826096,0.013790995581075549,188.22870799340308
optimistic,200,bramev_event_score,42,42,42,t01080-c00113,113,1080,5,5,True,1,22.855124989291653,131.73566598561592,0.024375010980293155,0.012459000572562218,131.77249999716878
optimistic,200,bramev_event_score,42,42,42,t01081-c00190,190,1081,10,10,True,1,44.85708300489932,586.1461250169668,0.0362499849870801,0.01762501779012382,586.200000019744
optimistic,200,bramev_event_score,42,42,42,t01082-c00118,118,1082,4,3,True,1,19.23012500628829,126.42549999873154,9.653584012994543,0.01624997821636498,136.09533398994245
optimistic,200,bramev_event_score,42,42,42,t01083-c00013,13,1083,3,3,True,1,15.714208973804489,78.71404199977405,0.011625001206994057,0.010207993909716606,78.73587499489076
optimistic,200,bramev_event_score,42,42,42,t01084-c00013,13,1084,4,4,True,1,28.530624986160547,280.2142919972539,0.013415992725640535,0.012584001524373889,280.2402919915039
optimistic,200,bramev_event_score,42,42,42,t01084-c00120,120,1084,3,2,True,1,57.26937498548068,246.84558401349932,33.42166598304175,0.005500012775883079,280.27275000931695
optimistic,200,bramev_event_score,42,42,42,t01086-c00096,96,1086,6,6,True,1,27.42583298822865,653.9739579893649,104.85562501708046,0.02116698306053877,758.8507499895059
optimistic,200,bramev_event_score,42,42,42,t01086-c00116,116,1086,6,5,True,1,125.05020899698138,670.0214589945972,88.87045801384374,0.008542003342881799,758.9004590117838
optimistic,200,bramev_event_score,42,42,42,t01086-c00123,123,1086,6,6,True,1,69.86829201923683,750.382084021112,8.514124987414107,0.006290996680036187,758.9025000052061
optimistic,200,bramev_event_score,42,42,42,t01090-c00043,43,1090,3,2,True,1,74.61183299892582,165.9062079852447,0.01824999344535172,0.014375022146850824,165.9388330008369
optimistic,200,bramev_event_score,42,42,42,t01092-c00184,184,1092,4,1,True,1,36.74945799866691,36.74945799866691,23.164542013546452,0.016916979802772403,59.93091699201614
optimistic,200,bramev_event_score,42,42,42,t01093-c00139,139,1093,3,3,True,1,46.01137500139885,227.45883397874422,0.02400000812485814,0.013250013580545783,227.49608400044963
optimistic,200,bramev_event_score,42,42,42,t01094-c00084,84,1094,3,3,True,1,13.249416020698845,81.17800002219155,0.017582991858944297,0.011333002476021647,81.20691601652652
optimistic,200,bramev_event_score,42,42,42,t01095-c00019,19,1095,7,7,True,1,139.8227500030771,1105.4903750191443,46.49170898483135,0.01675001112744212,1151.998834015103
optimistic,200,bramev_event_score,42,42,42,t01095-c00033,33,1095,4,4,True,1,167.5804170081392,1151.9239580084104,0.1078750065062195,0.006874994141981006,1152.0387080090586
optimistic,200,bramev_event_score,42,42,42,t01095-c00161,161,1095,12,8,True,1,139.74174999748357,1105.4097909945995,46.62108400953002,0.005665991920977831,1152.0365409960505
optimistic,200,bramev_event_score,42,42,42,t01096-c00003,3,1096,13,12,True,1,533.9676250005141,2309.1846669849474,74.12879201001488,0.018791004549711943,2383.332249999512
optimistic,200,bramev_event_score,42,42,42,t01096-c00007,7,1096,6,5,True,1,678.3919169974979,2383.2522919983603,0.12216699542477727,0.007291004294529557,2383.3817499980796
optimistic,200,bramev_event_score,42,42,42,t01096-c00024,24,1096,12,12,True,1,533.895875007147,2335.351207992062,48.02816701703705,0.006874994141981006,2383.386250003241
optimistic,200,bramev_event_score,42,42,42,t01099-c00090,90,1099,6,4,True,1,47.003084007883444,130.037542025093,0.020332983694970608,0.012625008821487427,130.07050001760945
optimistic,200,bramev_event_score,42,42,42,t01100-c00195,195,1100,8,8,True,1,64.2127079772763,678.9771249750629,0.032042007660493255,0.016000005416572094,679.02516698814
optimistic,200,bramev_event_score,42,42,42,t01101-c00112,112,1101,4,4,True,1,68.4351250238251,429.69758401159197,0.021957996068522334,0.014999997802078724,429.7345420054626
optimistic,200,bramev_event_score,42,42,42,t01101-c00142,142,1101,6,6,True,1,19.91779200034216,367.3397089878563,62.44333300855942,0.00795800588093698,429.79100000229664
optimistic,200,bramev_event_score,42,42,42,t01102-c00053,53,1102,9,8,True,1,23.186458012787625,165.21820798516273,0.018000020645558834,0.014666991773992777,165.2508749975823
optimistic,200,bramev_event_score,42,42,42,t01103-c00037,37,1103,7,7,True,1,29.816791997291148,467.100957990624,0.020167004549875855,0.01591700129210949,467.137041996466
optimistic,200,bramev_event_score,42,42,42,t01103-c00098,98,1103,4,4,True,1,120.58470799820498,440.8712500007823,26.296625001123175,0.00662502134218812,467.1745000232477
optimistic,200,bramev_event_score,42,42,42,t01104-c00098,98,1104,3,2,True,1,133.18629100103863,509.15262498892844,0.023916014470160007,0.01633400097489357,509.1928750043735
optimistic,200,bramev_event_score,42,42,42,t01104-c00108,108,1104,3,3,True,1,67.0808749855496,347.00804197927937,162.23025001818314,0.007499998901039362,509.24579199636355
optimistic,200,bramev_event_score,42,42,42,t01105-c00127,127,1105,15,15,True,1,101.07279100338928,1343.0653329996858,0.033082993468269706,0.019333994714543223,1343.1177499878686
optimistic,200,bramev_event_score,42,42,42,t01105-c00131,131,1105,6,6,True,1,19.01308400556445,1062.6240840065293,280.5288750096224,0.007208000170066953,1343.1601670163218
optimistic,200,bramev_event_score,42,42,42,t01106-c00054,54,1106,3,3,True,1,296.6718750249129,1039.8100000165869,85.54504200583324,0.014999997802078724,1125.3700420202222
optimistic,200,bramev_event_score,42,42,42,t01106-c00058,58,1106,11,11,True,1,61.62854199646972,1125.2969169872813,0.11466702562756836,0.009415991371497512,1125.4210000042804
optimistic,200,bramev_event_score,42,42,42,t01107-c00058,58,1107,11,11,True,1,72.38116697408259,941.9787499937229,0.023625005269423127,0.01854199217632413,942.0209169911686
optimistic,200,bramev_event_score,42,42,42,t01109-c00061,61,1109,4,3,True,1,104.48149999137968,338.34016701439396,21.20883300085552,0.014458986697718501,359.5634590019472
optimistic,200,bramev_event_score,42,42,42,t01109-c00081,81,1109,7,7,True,1,30.79741698456928,359.4896249996964,0.11733299470506608,0.00825000461190939,359.61520799901336
optimistic,200,bramev_event_score,42,42,42,t01111-c00062,62,1111,5,5,True,1,7.074875000398606,124.92199998814613,0.019416998839005828,0.014082994312047958,124.95549998129718
optimistic,200,bramev_event_score,42,42,42,t01115-c00174,174,1115,5,5,True,1,24.82845901977271,185.23254201863892,0.02812498132698238,0.013250013580545783,185.27391701354645
optimistic,200,bramev_event_score,42,42,42,t01116-c00028,28,1116,3,3,True,1,14.723750005941838,140.68050001515076,0.015500001609325409,0.011415977496653795,140.70741599425673
optimistic,200,bramev_event_score,42,42,42,t01117-c00018,18,1117,6,3,True,1,83.40945799136534,271.05491698603146,0.016125006368383765,0.013707991456612945,271.08474998385645
optimistic,200,bramev_event_score,42,42,42,t01118-c00184,184,1118,5,5,True,1,10.654542013071477,151.6720830113627,0.027959002181887627,0.01291598891839385,151.71295800246298
optimistic,200,bramev_event_score,42,42,42,t01119-c00006,6,1119,9,8,True,1,129.37783301458694,674.8553329962306,0.01750001683831215,0.016125006368383765,674.8889580194373
optimistic,200,bramev_event_score,42,42,42,t01119-c00026,26,1119,3,3,True,1,32.7653749845922,459.8354159970768,215.08304198505357,0.006667018169537187,674.9251250002999
optimistic,200,bramev_event_score,42,42,42,t01120-c00026,26,1120,3,3,True,1,33.68775002309121,323.03458300884813,60.84579200251028,0.014082994312047958,383.89445800567046
optimistic,200,bramev_event_score,42,42,42,t01120-c00105,105,1120,5,5,True,1,60.43216699617915,383.8210419926327,0.12270800652913749,0.007624999852851033,383.95137499901466
optimistic,200,bramev_event_score,42,42,42,t01121-c00026,26,1121,4,4,True,1,146.29316699574701,1145.5876669788267,0.017875019693747163,0.014374993043020368,1145.6199169915635
optimistic,200,bramev_event_score,42,42,42,t01121-c00190,190,1121,4,4,True,1,146.24450000701472,1145.5394590157084,0.10933299199678004,0.005542009603232145,1145.6543340173084
optimistic,200,bramev_event_score,42,42,42,t01121-c00199,199,1121,12,12,True,1,41.739750013221055,984.2669170175213,161.37704098946415,0.007458991603925824,1145.6514169985894
optimistic,200,bramev_event_score,42,42,42,t01122-c00189,189,1122,8,8,True,1,29.34245899086818,234.0964589966461,0.032957992516458035,0.014707999071106315,234.14412498823367
optimistic,200,bramev_event_score,42,42,42,t01124-c00033,33,1124,7,7,True,1,58.70774999493733,562.7572090015747,0.019041006453335285,0.014083983842283487,562.7903339918703
optimistic,200,bramev_event_score,42,42,42,t01124-c00172,172,1124,4,4,True,1,78.48149997880682,442.3916669911705,120.45137499808334,0.008333008736371994,562.8513749979902
optimistic,200,bramev_event_score,42,42,42,t01125-c00033,33,1125,7,7,True,1,248.36845800746232,1014.1863329918124,0.01945902477018535,0.016290985513478518,1014.222083002096
optimistic,200,bramev_event_score,42,42,42,t01125-c00124,124,1125,7,6,True,1,72.30900001013651,809.035334008513,205.22366600926034,0.007833994459360838,1014.2668340122327
optimistic,200,bramev_event_score,42,42,42,t01125-c00172,172,1125,4,3,True,1,504.8556669789832,952.1665419742931,62.090625026030466,0.0048749789129942656,1014.2620419792365
optimistic,200,bramev_event_score,42,42,42,t01127-c00178,178,1127,7,5,True,1,56.9181659957394,212.19599997857586,0.029166025342419744,0.01262497971765697,212.23779098363593
optimistic,200,bramev_event_score,42,42,42,t01128-c00159,159,1128,1,1,True,1,64.9495410034433,64.9495410034433,0.014958990504965186,0.00916598946787417,64.97366598341614
optimistic,200,bramev_event_score,42,42,42,t01129-c00159,159,1129,15,15,True,1,64.70441599958576,778.9472500153352,0.036124984035268426,0.020291015971451998,779.0036660153419
optimistic,200,bramev_event_score,42,42,42,t01130-c00159,159,1130,6,6,True,1,76.82308301446028,515.3142920171376,0.0295409990940243,0.015208992408588529,515.3590420086402
optimistic,200,bramev_event_score,42,42,42,t01131-c00159,159,1131,4,4,True,1,53.03624999942258,243.96533297840506,0.026749999960884452,0.012667005648836493,244.00474998401478
optimistic,200,bramev_event_score,42,42,42,t01132-c00176,176,1132,3,2,True,1,17.545542010338977,60.32175000291318,0.027750007575377822,0.014541990822181106,60.364042001310736
optimistic,200,bramev_event_score,42,42,42,t01133-c00153,153,1133,5,5,True,1,22.471208008937538,213.89191600610502,0.02620898885652423,0.015416007954627275,213.93354100291617
optimistic,200,bramev_event_score,42,42,42,t01134-c00009,9,1134,7,7,True,1,44.38312500133179,406.3102919899393,53.70945800677873,0.015249999705702066,460.0349999964237
optimistic,200,bramev_event_score,42,42,42,t01134-c00153,153,1134,6,6,True,1,138.54399998672307,459.95145800407045,0.11883297702297568,0.007916998583823442,460.07820797967725
optimistic,200,bramev_event_score,42,42,42,t01135-c00117,117,1135,8,8,True,1,54.676625004503876,463.8551250100136,0.026958005037158728,0.014291988918557763,463.8963750039693
optimistic,200,bramev_event_score,42,42,42,t01135-c00153,153,1135,3,3,True,1,262.3598329955712,463.8152079714928,0.11545800953172147,0.005500012775883079,463.9361659938004
optimistic,200,bramev_event_score,42,42,42,t01138-c00087,87,1138,3,3,True,1,19.301041989820078,154.45887501118705,103.95008398336358,0.013957993360236287,258.42291698791087
optimistic,200,bramev_event_score,42,42,42,t01138-c00121,121,1138,5,4,True,1,98.67700000177138,258.3497090090532,0.10737500269897282,0.006665999535471201,258.46375001128763
optimistic,200,bramev_event_score,42,42,42,t01139-c00008,8,1139,6,6,True,1,84.29154200712219,423.1175000022631,0.019208993762731552,0.01741599407978356,423.15412499010563
optimistic,200,bramev_event_score,42,42,42,t01140-c00068,68,1140,14,13,True,1,125.68662498961203,1249.3065829912666,0.026541994884610176,0.01841600169427693,1249.3515409878455
optimistic,200,bramev_event_score,42,42,42,t01140-c00077,77,1140,7,7,True,1,125.64629199914634,1249.2660419957247,0.12162499479018152,0.007416994776576757,1249.3950839852914
optimistic,200,bramev_event_score,42,42,42,t01141-c00059,59,1141,7,7,True,1,126.42562499968335,1513.18545799586,132.30291701620445,0.016707985196262598,1645.5050829972606
optimistic,200,bramev_event_score,42,42,42,t01141-c00066,66,1141,4,4,True,1,182.77816698537208,1645.43124998454,0.1180840190500021,0.007165974238887429,1645.556499977829
optimistic,200,bramev_event_score,42,42,42,t01141-c00077,77,1141,9,9,True,1,82.74191597593017,1560.2982080017682,85.27012498234399,0.007416994776576757,1645.5757499788888
optimistic,200,bramev_event_score,42,42,42,t01142-c00066,66,1142,6,6,True,1,71.91912501002662,395.2200839994475,0.020458013750612736,0.015333003830164671,395.2558750170283
optimistic,200,bramev_event_score,42,42,42,t01143-c00136,136,1143,6,6,True,1,40.70320801110938,220.00158298760653,0.026583002181723714,0.017000013031065464,220.04516600281931
optimistic,200,bramev_event_score,42,42,42,t01144-c00136,136,1144,6,6,True,1,33.86654198402539,186.2068329937756,0.028292008209973574,0.017291982658207417,186.2524169846438
optimistic,200,bramev_event_score,42,42,42,t01145-c00137,137,1145,6,6,True,1,214.14062500116415,720.3696250217035,0.03024999750778079,0.021083978936076164,720.4209589981474
optimistic,200,bramev_event_score,42,42,42,t01145-c00171,171,1145,5,5,True,1,47.658041992690414,658.0549589998554,62.40770799922757,0.007708003977313638,720.4703750030603
optimistic,200,bramev_event_score,42,42,42,t01146-c00025,25,1146,4,1,True,1,72.36374999047257,72.36374999047257,23.646874993573874,0.02779200440272689,96.03841698844917
optimistic,200,bramev_event_score,42,42,42,t01147-c00057,57,1147,6,6,True,1,10.546250006882474,197.03879198641516,0.018291000742465258,0.015542027540504932,197.07262501469813
optimistic,200,bramev_event_score,42,42,42,t01148-c00144,144,1148,5,5,True,1,15.184834017418325,298.2698749983683,0.023792003048583865,0.014250021195039153,298.30791702261195
optimistic,200,bramev_event_score,42,42,42,t01149-c00144,144,1149,9,7,True,1,101.9079590041656,593.9458339998964,0.0277079816441983,0.01779201556928456,593.9913339971099
optimistic,200,bramev_event_score,42,42,42,t01149-c00150,150,1149,3,2,True,1,17.43170799454674,391.01379201747477,203.01004097564146,0.006667018169537187,594.0305000112858
optimistic,200,bramev_event_score,42,42,42,t01151-c00119,119,1151,4,4,True,1,31.075250008143485,283.303625008557,0.023540982510894537,0.016417005099356174,283.34358299616724
optimistic,200,bramev_event_score,42,42,42,t01152-c00175,175,1152,3,2,True,1,26.42604199354537,64.58420798298903,8.258834015578032,0.015790981706231833,72.85883298027329
optimistic,200,bramev_event_score,42,42,42,t01154-c00005,5,1154,7,3,True,1,124.5907919947058,507.6172499975655,183.30525001510978,0.017874990589916706,690.9403750032652
optimistic,200,bramev_event_score,42,42,42,t01154-c00074,74,1154,6,6,True,1,29.553792002843693,690.8605830103625,0.13104200479574502,0.0070829992182552814,690.9987080143765
optimistic,200,bramev_event_score,42,42,42,t01155-c00005,5,1155,8,6,True,1,24.126124975737184,1781.930500001181,164.99133399338461,0.01812499249354005,1946.939958987059
optimistic,200,bramev_event_score,42,42,42,t01155-c00026,26,1155,10,9,True,1,185.5275830021128,1754.492875013966,192.50991599983536,0.008542003342881799,1947.0113330171444
optimistic,200,bramev_event_score,42,42,42,t01155-c00108,108,1155,6,6,True,1,93.23141697677784,1946.8221669958439,0.18858298426494002,0.005667010555043817,1947.0164169906639
optimistic,200,bramev_event_score,42,42,42,t01156-c00005,5,1156,5,4,True,1,12.041250010952353,406.222791003529,158.65812500123866,0.01562500256113708,564.8965410073288
optimistic,200,bramev_event_score,42,42,42,t01156-c00026,26,1156,11,9,True,1,111.02050001500174,556.0990830126684,8.836499997414649,0.009167008101940155,564.944750018185
optimistic,200,bramev_event_score,42,42,42,t01157-c00085,85,1157,5,2,True,1,68.00324999494478,116.30283299018629,8.58766702003777,0.014457997167482972,124.90495800739154
optimistic,200,bramev_event_score,42,42,42,t01159-c00133,133,1159,7,6,True,1,105.28987500583753,678.3204159874003,153.10620900709182,0.015249999705702066,831.4418749941979
optimistic,200,bramev_event_score,42,42,42,t01159-c00186,186,1159,6,6,True,1,213.59820797806606,831.3576249929611,0.1153330085799098,0.006707996362820268,831.4796659979038
optimistic,200,bramev_event_score,42,42,42,t01159-c00190,190,1159,5,5,True,1,71.75333399209194,770.1396670017857,61.33145798230544,0.006000016583129764,831.4771250006743
optimistic,200,bramev_event_score,42,42,42,t01160-c00181,181,1160,8,8,True,1,24.952625011792406,168.9079999923706,0.03083300543949008,0.014249992091208696,168.9530829899013
optimistic,200,bramev_event_score,42,42,42,t01164-c00052,52,1164,3,2,True,1,71.8915420002304,210.397833987372,8.285041025374085,0.01708397758193314,218.699958990328
optimistic,200,bramev_event_score,42,42,42,t01165-c00064,64,1165,10,10,True,1,40.00895799254067,337.4512079753913,0.023125001462176442,0.014958000974729657,337.4892909778282
optimistic,200,bramev_event_score,42,42,42,t01166-c00034,34,1166,14,14,True,1,92.41287500481121,1405.0586670055054,0.024290988221764565,0.018999999156221747,1405.1019579928834
optimistic,200,bramev_event_score,42,42,42,t01166-c00064,64,1166,10,10,True,1,92.37437500269152,1285.9217909863219,119.22166700242087,0.007541995728388429,1405.1509999844711
optimistic,200,bramev_event_score,42,42,42,t01166-c00170,170,1166,4,4,True,1,117.44062500656582,1346.7146669863723,58.43029200332239,0.005708017852157354,1405.1506670075469
optimistic,200,bramev_event_score,42,42,42,t01167-c00092,92,1167,4,4,True,1,63.8571250019595,473.5346660017967,0.022458989406004548,0.014250021195039153,473.57137501239777
optimistic,200,bramev_event_score,42,42,42,t01167-c00106,106,1167,6,6,True,1,48.646582989022136,444.31449999683537,29.292041988810524,0.0074160052463412285,473.61395799089223
optimistic,200,bramev_event_score,42,42,42,t01167-c00170,170,1167,3,3,True,1,48.60895799356513,352.18729099142365,121.41858399263583,0.0046660134103149176,473.6105409974698
optimistic,200,bramev_event_score,42,42,42,t01168-c00170,170,1168,7,7,True,1,22.957874985877424,113.58016598387621,0.026166992029175162,0.011500000255182385,113.61783297616057
optimistic,200,bramev_event_score,42,42,42,t01169-c00086,86,1169,5,5,True,1,48.86558299767785,526.3835419900715,0.020500010577961802,0.01391599653288722,526.4179579971824
optimistic,200,bramev_event_score,42,42,42,t01169-c00088,88,1169,3,3,True,1,33.59804200590588,385.9058750094846,140.5352089786902,0.005375011824071407,526.4464589999989
optimistic,200,bramev_event_score,42,42,42,t01171-c00159,159,1171,7,7,True,1,126.08620800892822,635.2597500081174,0.030082999728620052,0.014374993043020368,635.304208000889
optimistic,200,bramev_event_score,42,42,42,t01175-c00103,103,1175,8,8,True,1,33.44679198926315,193.438457994489,0.020417006453499198,0.01262497971765697,193.47149998066016
optimistic,200,bramev_event_score,42,42,42,t01176-c00001,1,1176,3,1,True,1,91.92795801209286,91.92795801209286,7.481209002435207,0.012957985745742917,99.42212500027381
optimistic,200,bramev_event_score,42,42,42,t01177-c00193,193,1177,8,8,True,1,50.12616599560715,256.5932079742197,0.031042000045999885,0.012625008821487427,256.6368749830872
optimistic,200,bramev_event_score,42,42,42,t01178-c00040,40,1178,3,2,True,1,65.9334999800194,127.98424999346025,47.575792006682605,0.012124975910410285,175.57216697605327
optimistic,200,bramev_event_score,42,42,42,t01178-c00177,177,1178,3,3,True,1,65.88595898938365,175.49595900345594,0.10887498501688242,0.005833018803969026,175.6106670072768
optimistic,200,bramev_event_score,42,42,42,t01179-c00078,78,1179,8,8,True,1,93.8585419789888,1164.9431669793557,0.02545802271924913,0.016584002878516912,1164.9852090049535
optimistic,200,bramev_event_score,42,42,42,t01179-c00141,141,1179,5,5,True,1,93.81516600842588,1062.2804160229862,102.74854197632521,0.00695799826644361,1165.0359159975778
optimistic,200,bramev_event_score,42,42,42,t01179-c00177,177,1179,3,3,True,1,408.4736249933485,1099.983499996597,65.04291700548492,0.005040987161919475,1165.0314579892438
optimistic,200,bramev_event_score,42,42,42,t01180-c00000,0,1180,7,7,True,1,117.50270900665782,652.2767920105252,70.82879199879244,0.01675001112744212,723.1223340204451
optimistic,200,bramev_event_score,42,42,42,t01180-c00053,53,1180,4,4,True,1,42.962999985320494,723.0471659859177,0.11799999629147351,0.0076669966802001,723.1728329788893
optimistic,200,bramev_event_score,42,42,42,t01180-c00171,171,1180,3,3,True,1,17.609041999094188,617.335541988723,105.83225000300445,0.005624984623864293,723.1734169763513
optimistic,200,bramev_event_score,42,42,42,t01182-c00182,182,1182,6,5,True,1,37.74470798089169,254.44041599985212,0.030208990210667253,0.01724998583085835,254.48787497589365
optimistic,200,bramev_event_score,42,42,42,t01183-c00180,180,1183,13,13,True,1,34.85633301897906,429.1421670059208,0.03529101377353072,0.01645900192670524,429.193917021621
optimistic,200,bramev_event_score,42,42,42,t01185-c00020,20,1185,3,3,True,1,6.150708009954542,329.12829201086424,34.8086659796536,0.01287501072511077,363.94983300124295
optimistic,200,bramev_event_score,42,42,42,t01185-c00196,196,1185,7,7,True,1,66.57704201643355,363.87324999668635,0.10620802640914917,0.007208989700302482,363.9866670127958
optimistic,200,bramev_event_score,42,42,42,t01186-c00010,10,1186,3,3,True,1,14.820459007751197,49.65287499362603,0.011625001206994057,0.009792012860998511,49.67429200769402
optimistic,200,bramev_event_score,42,42,42,t01188-c00004,4,1188,6,6,True,1,85.45583297382109,2221.7494159995113,0.02083397703245282,0.017250014934688807,2221.7874999914784
optimistic,200,bramev_event_score,42,42,42,t01188-c00066,66,1188,3,3,True,1,85.41537501150742,1709.598334011389,512.2228330001235,0.005832989700138569,2221.8270000012126
optimistic,200,bramev_event_score,42,42,42,t01188-c00072,72,1188,6,6,True,1,85.38341699750163,2221.6762919852044,0.14283301425166428,0.00462500611320138,2221.8237500055693
optimistic,200,bramev_event_score,42,42,42,t01189-c00179,179,1189,3,2,True,1,29.21450001304038,91.18925000075251,0.020458013750612736,0.011249998351559043,91.22095801285468
optimistic,200,bramev_event_score,42,42,42,t01191-c00100,100,1191,8,5,True,1,30.642125027952716,207.208209001692,0.021750020096078515,0.013790995581075549,207.24375001736917
optimistic,200,bramev_event_score,42,42,42,t01192-c00032,32,1192,3,2,True,1,12.946959002874792,676.2793340021744,176.00533299264498,0.018582999473437667,852.3032499942929
optimistic,200,bramev_event_score,42,42,42,t01192-c00060,60,1192,3,3,True,1,12.90737499948591,795.1305419846904,57.21566700958647,0.007124996045604348,852.3533339903224
optimistic,200,bramev_event_score,42,42,42,t01192-c00100,100,1192,7,5,True,1,47.436833003303036,844.6478749974631,7.701292022829875,0.006582995411008596,852.355750015704
optimistic,200,bramev_event_score,42,42,42,t01193-c00079,79,1193,5,5,True,1,39.47612500633113,205.76341700507328,0.02012500772252679,0.016125006368383765,205.7996670191642
optimistic,200,bramev_event_score,42,42,42,t01196-c00049,49,1196,5,5,True,1,75.25704099680297,453.7962909962516,0.020709005184471607,0.014499993994832039,453.83149999543093
optimistic,200,bramev_event_score,42,42,42,t01196-c00104,104,1196,7,7,True,1,32.59941699798219,453.7553330010269,0.11550000635907054,0.007208989700302482,453.87804199708626
optimistic,200,bramev_event_score,42,42,42,t01197-c00144,144,1197,3,2,True,1,42.261041002348065,84.93383301538415,7.445666997227818,0.015875004464760423,92.39537501707673
optimistic,200,bramev_event_score,42,42,42,t01198-c00114,114,1198,9,9,True,1,37.24520801915787,261.8709999951534,0.026749999960884452,0.015541008906438947,261.9132910040207
optimistic,200,bramev_event_score,42,42,42,t01200-c00194,194,1200,4,4,True,1,16.863166994880885,112.28979198494926,0.029292015824466944,0.013124983524903655,112.33220898429863
optimistic,200,bramev_event_score,42,42,42,t01201-c00051,51,1201,12,12,True,1,104.13258301559836,1550.4965409927536,47.84087502048351,0.021666986867785454,1598.3590830001049
optimistic,200,bramev_event_score,42,42,42,t01201-c00103,103,1201,5,5,True,1,344.5146250014659,1277.3712089983746,321.0323329840321,0.007916998583823442,1598.4114589809906
optimistic,200,bramev_event_score,42,42,42,t01201-c00194,194,1201,4,4,True,1,127.86437501199543,1598.236125020776,0.1739579893182963,0.006209011189639568,1598.4162920212839
optimistic,200,bramev_event_score,42,42,42,t01202-c00069,69,1202,3,3,True,1,262.3649589950219,493.06825001258403,46.8622499902267,0.01433398574590683,539.9448339885566
optimistic,200,bramev_event_score,42,42,42,t01202-c00101,101,1202,9,8,True,1,105.45266600092873,539.8690000001807,0.1209579932037741,0.008500006515532732,539.9984579999
optimistic,200,bramev_event_score,42,42,42,t01202-c00191,191,1202,5,4,True,1,14.013167005032301,423.0340840003919,116.97387500316836,0.006582995411008596,540.0145419989713
optimistic,200,bramev_event_score,42,42,42,t01203-c00101,101,1203,9,6,True,1,31.28100000321865,242.93162501999177,0.022791005903854966,0.013999990187585354,242.9684160160832
optimistic,200,bramev_event_score,42,42,42,t01205-c00126,126,1205,4,4,True,1,43.62774998298846,240.9801250032615,0.025415996788069606,0.013958982890471816,241.01949998294003
optimistic,200,bramev_event_score,42,42,42,t01206-c00067,67,1206,4,4,True,1,248.5583750240039,1150.126624997938,0.02037500962615013,0.015583995264023542,1150.1625840028282
optimistic,200,bramev_event_score,42,42,42,t01206-c00076,76,1206,4,4,True,1,248.52391699096188,1150.0919589889236,0.10466601816006005,0.005584006430581212,1150.2022090135142
optimistic,200,bramev_event_score,42,42,42,t01207-c00081,81,1207,10,10,True,1,68.70887501281686,1165.3040000237525,117.3959159932565,0.015958998119458556,1282.7158750151284
optimistic,200,bramev_event_score,42,42,42,t01207-c00125,125,1207,6,6,True,1,5.945000011706725,1165.2623749978375,117.4871250113938,0.006874994141981006,1282.7563750033733
optimistic,200,bramev_event_score,42,42,42,t01207-c00141,141,1207,10,10,True,1,49.012792005669326,1282.5977499887813,0.1534589973744005,0.007125025149434805,1282.7583340113051
optimistic,200,bramev_event_score,42,42,42,t01209-c00187,187,1209,7,7,True,1,106.49141698377207,505.77683400479145,0.03229099093005061,0.015875004464760423,505.82500000018626
optimistic,200,bramev_event_score,42,42,42,t01211-c00108,108,1211,3,2,True,1,43.11425000196323,200.73091599624604,0.0228749995585531,0.013958982890471816,200.76774997869506
optimistic,200,bramev_event_score,42,42,42,t01212-c00075,75,1212,5,5,True,1,28.609874978428707,100.09104199707508,0.018582999473437667,0.013666984159499407,100.12329198070802
optimistic,200,bramev_event_score,42,42,42,t01213-c00140,140,1213,6,6,True,1,46.35641700588167,243.81712501053698,0.02779200440272689,0.014666002243757248,243.85958301718347
optimistic,200,bramev_event_score,42,42,42,t01214-c00102,102,1214,9,9,True,1,86.03933299309574,873.4892499924172,0.02937499084509909,0.01762501779012382,873.5362500010524
optimistic,200,bramev_event_score,42,42,42,t01214-c00135,135,1214,7,7,True,1,85.99879199755378,873.4487500041723,0.12879198766313493,0.007208000170066953,873.5847499920055
optimistic,200,bramev_event_score,42,42,42,t01215-c00135,135,1215,5,5,True,1,40.440042008413,324.1885000024922,0.02562499139457941,0.01429201802238822,324.2284170119092
optimistic,200,bramev_event_score,42,42,42,t01217-c00015,15,1217,9,9,True,1,94.37845798674971,570.1074579847045,0.01850002445280552,0.016292004147544503,570.1422500133049
optimistic,200,bramev_event_score,42,42,42,t01217-c00056,56,1217,3,3,True,1,47.357792005641386,541.8229170027189,28.345041995635256,0.006333022611215711,570.1742920209654
optimistic,200,bramev_event_score,42,42,42,t01218-c00188,188,1218,5,5,True,1,48.752417002106085,398.9422500017099,0.031750008929520845,0.015666999388486147,398.9896670100279
optimistic,200,bramev_event_score,42,42,42,t01223-c00020,20,1223,6,4,True,1,555.4281669901684,1325.5488330032676,366.80520899244584,0.016874982975423336,1692.370916978689
optimistic,200,bramev_event_score,42,42,42,t01223-c00122,122,1223,7,7,True,1,120.05387499812059,1619.7518749977462,72.65850002295338,0.0077909789979457855,1692.4181659996975
optimistic,200,bramev_event_score,42,42,42,t01223-c00157,157,1223,10,10,True,1,120.02254198887385,1684.6401669899933,7.7780830033589154,0.006166985258460045,1692.4244169786107
optimistic,200,bramev_event_score,42,42,42,t01225-c00166,166,1225,5,5,True,1,32.51445898786187,155.34762499737553,0.02766697434708476,0.011792028089985251,155.3870839998126
optimistic,200,bramev_event_score,42,42,42,t01227-c00198,198,1227,3,2,True,1,75.16033301362768,149.65316699817777,0.027750007575377822,0.013415992725640535,149.69433299847879
optimistic,200,bramev_event_score,42,42,42,t01230-c00146,146,1230,9,7,True,1,53.970167005900294,314.6497499838006,0.028542010113596916,0.01604200224392116,314.6943339961581
optimistic,200,bramev_event_score,42,42,42,t01233-c00016,16,1233,6,3,True,1,97.11687499657273,726.1472920072265,0.01566598075442016,0.013084005331620574,726.1760419933125
optimistic,200,bramev_event_score,42,42,42,t01233-c00075,75,1233,6,6,True,1,97.07404102664441,726.1043750040699,0.10625002323649824,0.007040973287075758,726.2176660005935
optimistic,200,bramev_event_score,42,42,42,t01233-c00082,82,1233,12,11,True,1,15.330124995671213,599.3283750140108,126.88395800068974,0.008041999535635114,726.2203750142362
optimistic,200,bramev_event_score,42,42,42,t01233-c00089,89,1233,3,2,True,1,233.4845419973135,517.3851249855943,208.8326670054812,0.0046670029405504465,726.222458994016
optimistic,200,bramev_event_score,42,42,42,t01234-c00082,82,1234,14,13,True,1,26.93625001120381,382.2713750123512,0.026291992980986834,0.01575000351294875,382.31341700884514
optimistic,200,bramev_event_score,42,42,42,t01235-c00022,22,1235,4,4,True,1,236.39058400294743,709.4650839862879,0.019208004232496023,0.016292004147544503,709.500583994668
optimistic,200,bramev_event_score,42,42,42,t01235-c00050,50,1235,7,7,True,1,236.3504999957513,621.2767499964684,88.25545801664703,0.007875001756474376,709.5400830148719
optimistic,200,bramev_event_score,42,42,42,t01236-c00107,107,1236,3,3,True,1,16.061915986938402,580.97812498454,335.746791010024,0.015458994312211871,916.7403749888763
optimistic,200,bramev_event_score,42,42,42,t01236-c00143,143,1236,9,9,True,1,67.61066601029597,916.6578330041375,0.12745801359415054,0.010583986295387149,916.795875004027
optimistic,200,bramev_event_score,42,42,42,t01236-c00149,149,1236,10,10,True,1,97.56437499891035,779.3971250066534,137.3960830096621,0.007458991603925824,916.8006670079194
optimistic,200,bramev_event_score,42,42,42,t01238-c00084,84,1238,8,8,True,1,70.56354102678597,468.689125002129,0.022541004000231624,0.015792000340297818,468.72745800646953
optimistic,200,bramev_event_score,42,42,42,t01239-c00065,65,1239,3,2,True,1,22.207625006558374,220.02087501459755,62.23904198850505,0.01291598891839385,282.272832992021
optimistic,200,bramev_event_score,42,42,42,t01239-c00071,71,1239,7,6,True,1,60.12029098928906,282.2037079895381,0.10883301729336381,0.008584000170230865,282.3211250070017
optimistic,200,bramev_event_score,42,42,42,t01239-c00151,151,1239,3,2,True,1,120.49191602272913,149.46004102239385,132.8499999945052,0.005084002623334527,282.3151250195224
optimistic,200,bramev_event_score,42,42,42,t01240-c00169,169,1240,3,3,True,1,15.601791004883125,123.34912500227802,0.025040993932634592,0.011916999937966466,123.38608299614862
optimistic,200,bramev_event_score,42,42,42,t01242-c00154,154,1242,3,3,True,1,20.59237498906441,110.50941699068062,0.024958018912002444,0.011625001206994057,110.54600001079962
optimistic,200,bramev_event_score,42,42,42,t01243-c00024,24,1243,5,5,True,1,10.146082990104333,219.85908300848678,0.017416983610019088,0.01562500256113708,219.89212499465793
optimistic,200,bramev_event_score,42,42,42,t01244-c00024,24,1244,15,15,True,1,81.57733400003053,999.3733339942992,0.024541019229218364,0.01808398519642651,999.4159589987248
optimistic,200,bramev_event_score,42,42,42,t01247-c00109,109,1247,5,5,True,1,14.78950001182966,344.98458402231336,0.023874978069216013,0.014999997802078724,345.02345899818465
optimistic,200,bramev_event_score,42,42,42,t01248-c00031,31,1248,4,1,True,1,48.86050001368858,48.86050001368858,158.68358299485408,0.015583995264023542,207.55966700380668
optimistic,200,bramev_event_score,42,42,42,t01248-c00047,47,1248,1,0,False,0,,,,,
optimistic,200,bramev_event_score,42,42,42,t01248-c00158,158,1248,3,3,True,1,74.43370801047422,199.79041602346115,7.7697919914498925,0.007458002073690295,207.56766601698473
optimistic,200,bramev_event_score,42,42,42,t01249-c00012,12,1249,8,8,True,1,48.77195798326284,698.5211249848362,0.01812499249354005,0.016250007320195436,698.5554999846499
optimistic,200,bramev_event_score,42,42,42,t01249-c00047,47,1249,3,2,True,1,390.8475839998573,481.7771670059301,216.80291701341048,0.00595799065195024,698.5860420099925
optimistic,200,bramev_event_score,42,42,42,t01249-c00126,126,1249,3,3,True,1,151.18362501380034,609.3032080098055,89.27620798931457,0.005709007382392883,698.5851250065025
optimistic,200,bramev_event_score,42,42,42,t01250-c00002,2,1250,9,9,True,1,40.72120800265111,249.82066699885763,0.016999983927235007,0.014125020243227482,249.8517920030281
optimistic,200,bramev_event_score,42,42,42,t01251-c00045,45,1251,4,4,True,1,15.00012498581782,153.87670797645114,0.01562500256113708,0.0118750031106174,153.9042079821229
optimistic,200,bramev_event_score,42,42,42,t01252-c00015,15,1252,5,5,True,1,16.49824998457916,656.2921669974457,538.7242079887073,0.015584024367854,1195.031959010521
optimistic,200,bramev_event_score,42,42,42,t01252-c00045,45,1252,4,4,True,1,68.78983302158304,1132.7678330126218,62.29795899707824,0.007458002073690295,1195.0732500117738
optimistic,200,bramev_event_score,42,42,42,t01252-c00092,92,1252,3,3,True,1,309.4239999772981,1040.0138330005575,155.04887499264441,0.004875008016824722,1195.0675830012187
optimistic,200,bramev_event_score,42,42,42,t01252-c00113,113,1252,3,3,True,1,16.386749979574233,656.1807919933926,538.8734999869484,0.004208006430417299,1195.0584999867715
optimistic,200,bramev_event_score,42,42,42,t01252-c00147,147,1252,8,8,True,1,173.95929101621732,1194.853791006608,0.19341701408848166,0.005416979547590017,1195.052625000244
optimistic,200,bramev_event_score,42,42,42,t01252-c00165,165,1252,8,8,True,1,173.92758300411515,1039.9165409908164,155.13608400942758,0.004875008016824722,1195.0575000082608
optimistic,200,bramev_event_score,42,42,42,t01253-c00147,147,1253,5,4,True,1,30.417916015721858,175.4781249910593,0.02808301360346377,0.01604200224392116,175.5222500069067
optimistic,200,bramev_event_score,42,42,42,t01254-c00093,93,1254,4,4,True,1,216.88658400671557,706.4803749963176,0.020750012481585145,0.01612497726455331,706.5172499860637
optimistic,200,bramev_event_score,42,42,42,t01254-c00094,94,1254,3,3,True,1,88.75195900327526,627.8029590030201,78.75441599753685,0.007709022611379623,706.5650840231683
optimistic,200,bramev_event_score,42,42,42,t01254-c00148,148,1254,7,7,True,1,117.57208299241029,659.223041991936,47.33891598880291,0.007916998583823442,706.5698749793228
optimistic,200,bramev_event_score,42,42,42,t01255-c00148,148,1255,2,2,True,1,41.61220899550244,48.82204200839624,0.01233298098668456,0.008834002073854208,48.84320899145678
optimistic,200,bramev_event_score,42,42,42,t01256-c00039,39,1256,7,7,True,1,166.80050001014024,612.8302500001155,0.020917010260745883,0.01595797948539257,612.8671249898616
optimistic,200,bramev_event_score,42,42,42,t01256-c00148,148,1256,7,7,True,1,41.0745830158703,532.9082919924986,79.9954580143094,0.008167000487446785,612.9119170072954
optimistic,200,bramev_event_score,42,42,42,t01258-c00187,187,1258,4,4,True,1,73.0480830243323,646.9852080044802,0.029207993065938354,0.015375000657513738,647.0297909982037
optimistic,200,bramev_event_score,42,42,42,t01259-c00076,76,1259,6,5,True,1,133.2298330089543,694.8972920072265,0.02258300082758069,0.016167003195732832,694.9360420112498
optimistic,200,bramev_event_score,42,42,42,t01262-c00010,10,1262,3,3,True,1,17.60516598005779,142.07158298813738,0.014582998119294643,0.012667005648836493,142.0988329919055
optimistic,200,bramev_event_score,42,42,42,t01263-c00021,21,1263,7,7,True,1,57.82829099916853,294.7639159974642,0.017709011444821954,0.01462499494664371,294.7962500038557
optimistic,200,bramev_event_score,42,42,42,t01265-c00036,36,1265,5,5,True,1,30.204208014765754,242.27375001646578,0.01754198456183076,0.013665994629263878,242.30495799565688
optimistic,200,bramev_event_score,42,42,42,t01269-c00014,14,1269,11,11,True,1,93.01483299350366,1143.3128749777097,59.15962500148453,0.017375015886500478,1202.4898749950808
optimistic,200,bramev_event_score,42,42,42,t01269-c00071,71,1269,5,4,True,1,233.4153330011759,1202.4112919752952,0.11875000200234354,0.007624999852851033,1202.5376669771504
optimistic,200,bramev_event_score,42,42,42,t01270-c00035,35,1270,6,4,True,1,200.1637500070501,797.1086670004297,0.020083010895177722,0.013874989235773683,797.1426250005607
optimistic,200,bramev_event_score,42,42,42,t01270-c00071,71,1270,6,6,True,1,10.216791997663677,648.5373750037979,148.64520798437297,0.006584014045074582,797.189167002216
optimistic,200,bramev_event_score,42,42,42,t01270-c00116,116,1270,4,3,True,1,200.0852090131957,797.0301670138724,0.14608298079110682,0.003958994057029486,797.1802089887206
optimistic,200,bramev_event_score,42,42,42,t01271-c00035,35,1271,11,10,True,1,10.368082992499694,526.1516669997945,58.020625001518056,0.01591601176187396,584.1882080130745
optimistic,200,bramev_event_score,42,42,42,t01271-c00116,116,1271,4,3,True,1,155.07037498173304,584.1080409882125,0.10395899880677462,0.005666021024808288,584.217666008044
optimistic,200,bramev_event_score,42,42,42,t01272-c00013,13,1272,3,3,True,1,708.3920000004582,4156.805624981644,27.279250003630295,0.014625024050474167,4184.099500009324
optimistic,200,bramev_event_score,42,42,42,t01272-c00042,42,1272,3,3,True,1,708.3515000122134,4156.765207997523,27.372000011382625,0.006458983989432454,4184.143666992895
optimistic,200,bramev_event_score,42,42,42,t01272-c00128,128,1272,11,11,True,1,741.1445410107262,4183.984915987821,0.15720902592875063,0.008249975508078933,4184.150374989258
optimistic,200,bramev_event_score,42,42,42,t01273-c00083,83,1273,8,8,True,1,97.73658399353735,1000.5882089899387,0.024791021132841706,0.01737498678267002,1000.6303749978542
optimistic,200,bramev_event_score,42,42,42,t01273-c00128,128,1273,8,8,True,1,140.6278329959605,828.4969999804161,172.17633299878798,0.008041999535635114,1000.6813749787398
optimistic,200,bramev_event_score,42,42,42,t01274-c00041,41,1274,6,6,True,1,72.6850839855615,716.0519589961041,0.01999997766688466,0.016666017472743988,716.0886249912437
optimistic,200,bramev_event_score,42,42,42,t01274-c00173,173,1274,7,7,True,1,5.230041977483779,586.9535839883611,129.20250001479872,0.008082977728918195,716.1641669808887
optimistic,200,bramev_event_score,42,42,42,t01275-c00018,18,1275,8,7,True,1,64.98579200706445,693.495667015668,74.52979197842069,0.016166013665497303,768.0416250077542
optimistic,200,bramev_event_score,42,42,42,t01275-c00041,41,1275,3,3,True,1,5.375042004743591,651.2426249973942,116.84383402462117,0.00695799826644361,768.0934170202818
optimistic,200,bramev_event_score,42,42,42,t01275-c00099,99,1275,5,5,True,1,100.65100001520477,767.9280000156723,0.15616699238307774,0.005667010555043817,768.0898340186104
optimistic,200,bramev_event_score,42,42,42,t01276-c00005,5,1276,5,3,True,1,134.47158300550655,211.26558299874887,137.47099999454804,0.017624988686293364,348.7542079819832
optimistic,200,bramev_event_score,42,42,42,t01276-c00018,18,1276,8,7,True,1,47.63358301715925,343.0315830046311,5.779750004876405,0.010124989785254002,348.82145799929276
optimistic,200,bramev_event_score,42,42,42,t01277-c00049,49,1277,8,8,True,1,41.25487498822622,692.6527080067899,0.02491698251105845,0.016792007954791188,692.6944169972558
optimistic,200,bramev_event_score,42,42,42,t01277-c00097,97,1277,4,4,True,1,182.2596669953782,692.6099580014125,0.12329197488725185,0.006417016265913844,692.7396669925656
optimistic,200,bramev_event_score,42,42,42,t01278-c00046,46,1278,3,1,True,1,521.7415829829406,521.7415829829406,48.23058401234448,0.013499986380338669,569.9856669816654
optimistic,200,bramev_event_score,42,42,42,t01278-c00097,97,1278,7,7,True,1,99.69004098093137,569.9177499918733,0.11391600128263235,0.008792005246505141,570.0404579984024
optimistic,200,bramev_event_score,42,42,42,t01279-c00038,38,1279,7,1,True,1,294.0240000025369,294.0240000025369,436.57641601748765,0.014083983842283487,730.6145000038669
optimistic,200,bramev_event_score,42,42,42,t01279-c00096,96,1279,5,5,True,1,10.72020799620077,491.77274998510256,238.8817500032019,0.008792005246505141,730.663291993551
optimistic,200,bramev_event_score,42,42,42,t01279-c00197,197,1279,8,8,True,1,87.79424999374896,730.4983749927487,0.17495799693278968,0.008041999535635114,730.6813749892171
optimistic,200,bramev_event_score,42,42,42,t01283-c00012,12,1283,3,3,True,1,29.542416014010087,1987.2727500041947,548.5718330019154,0.015166995581239462,2535.8597500016913
optimistic,200,bramev_event_score,42,42,42,t01283-c00147,147,1283,3,3,True,1,29.500292002921924,1987.2307920013554,548.6713749996852,0.006374990334734321,2535.9085419913754
optimistic,200,bramev_event_score,42,42,42,t01283-c00155,155,1283,14,14,True,1,189.27308300044388,2535.754291980993,0.15470801736228168,0.009624985978007317,2535.9186249843333
optimistic,200,bramev_event_score,42,42,42,t01284-c00022,22,1284,9,4,True,1,70.04308301839046,457.91575001203455,0.0160830095410347,0.014874996850267053,457.94670801842585
optimistic,200,bramev_event_score,42,42,42,t01285-c00070,70,1285,8,8,True,1,35.01733401208185,418.04812499322,0.022584019461646676,0.015707977581769228,418.0864169902634
optimistic,200,bramev_event_score,42,42,42,t01285-c00096,96,1285,3,3,True,1,11.24187497771345,285.7221659796778,132.3954590188805,0.00654099858365953,418.124165997142
optimistic,200,bramev_event_score,42,42,42,t01288-c00134,134,1288,3,2,True,1,18.401167006231844,186.40858298749663,17.518959008157253,0.016666017472743988,203.94420801312663
optimistic,200,bramev_event_score,42,42,42,t01288-c00167,167,1288,5,2,True,1,33.87562499847263,75.64895899849944,128.32308298675343,0.005875015631318092,203.9779170008842
optimistic,200,bramev_event_score,42,42,42,t01290-c00039,39,1290,3,3,True,1,5.118875007610768,256.4516669954173,92.73937501711771,0.01420799526385963,349.2052500077989
optimistic,200,bramev_event_score,42,42,42,t01290-c00160,160,1290,7,7,True,1,26.166291994741186,349.12758399150334,0.11475000064820051,0.008500006515532732,349.2508339986671
optimistic,200,bramev_event_score,42,42,42,t01290-c00185,185,1290,3,1,True,1,328.8330410141498,328.8330410141498,20.424624992301688,0.004750007065013051,349.2624160135165
optimistic,200,bramev_event_score,42,42,42,t01291-c00160,160,1291,7,7,True,1,25.78145801089704,484.97604101430625,0.029291986720636487,0.015666999388486147,485.02100000041537
optimistic,200,bramev_event_score,42,42,42,t01291-c00185,185,1291,8,5,True,1,75.0528330099769,449.66016701073386,35.41583300102502,0.007374997949227691,485.0833750097081
optimistic,200,bramev_event_score,42,42,42,t01292-c00160,160,1292,9,9,True,1,45.5459590011742,363.27983398223296,0.029875023756176233,0.016624981071799994,363.32633398706093
optimistic,200,bramev_event_score,42,42,42,t01293-c00115,115,1293,5,5,True,1,79.01266700355336,1057.521083013853,0.02416700590401888,0.013582990504801273,1057.5588330102619
optimistic,200,bramev_event_score,42,42,42,t01293-c00148,148,1293,5,5,True,1,78.96954199532047,1057.4780419992749,0.1112080062739551,0.006374990334734321,1057.5956249958836
optimistic,200,bramev_event_score,42,42,42,t01296-c00132,132,1296,3,3,True,1,304.1523329738993,718.112457980169,190.91408399981447,0.015333003830164671,909.0418749838136
optimistic,200,bramev_event_score,42,42,42,t01296-c00164,164,1296,9,9,True,1,95.43549999943934,908.9605420012958,0.13816601131111383,0.008624978363513947,909.1073329909705
optimistic,200,bramev_event_score,42,42,42,t01297-c00132,132,1297,3,3,True,1,135.2257500111591,898.1875000172295,0.028708978788927197,0.01633301144465804,898.232542007463
optimistic,200,bramev_event_score,42,42,42,t01297-c00164,164,1297,3,3,True,1,135.18391700927168,898.1458749913145,0.12329200399108231,0.0069160014390945435,898.2760829967447
optimistic,200,bramev_event_score,42,42,42,t01298-c00138,138,1298,6,3,True,1,99.84620800241828,286.40524999354966,8.70316699729301,0.025290995836257935,295.1337079866789
optimistic,200,bramev_event_score,42,42,42,t01299-c00142,142,1299,7,7,True,1,61.35404098313302,290.12708298978396,0.02791700535453856,0.015708006685599685,290.1707080018241
optimistic,200,bramev_event_score,42,42,42,t01300-c00037,37,1300,6,6,True,1,29.80550000211224,340.18658398417756,0.01754099503159523,0.013250013580545783,340.2173749927897
optimistic,200,bramev_event_score,42,42,42,t01301-c00037,37,1301,6,6,True,1,25.17454099142924,221.88924998044968,0.01708301715552807,0.013416982255876064,221.91974997986108
optimistic,200,bramev_event_score,42,42,42,t01302-c00043,43,1302,3,3,True,1,496.0378749819938,961.7542499909177,0.021499989088624716,0.014458026271313429,961.7902080062777
optimistic,200,bramev_event_score,42,42,42,t01302-c00174,174,1302,3,3,True,1,495.99541700445116,961.7121670162305,0.11766600073315203,0.006583984941244125,961.8364170019049
optimistic,200,bramev_event_score,42,42,42,t01303-c00048,48,1303,7,7,True,1,73.92016699304804,479.5553339936305,0.019583007087931037,0.015082972822710872,479.5899999735411
optimistic,200,bramev_event_score,42,42,42,t01303-c00103,103,1303,5,5,True,1,9.210374992107973,445.1178750023246,34.50595898902975,0.00695799826644361,479.6307919896208
optimistic,200,bramev_event_score,42,42,42,t01304-c00105,105,1304,4,4,True,1,19.736249989364296,165.28191597899422,0.02012500772252679,0.012584001524373889,165.31462498824112
optimistic,200,bramev_event_score,42,42,42,t01305-c00105,105,1305,5,4,True,1,4.079375008586794,83.89941701898351,6.132957991212606,0.0118750031106174,90.04425001330674
optimistic,200,bramev_event_score,42,42,42,t01306-c00010,10,1306,10,7,True,1,334.25995899597183,1392.7452090138104,46.3782079750672,0.01591700129210949,1439.1393339901697
optimistic,200,bramev_event_score,42,42,42,t01306-c00080,80,1306,8,8,True,1,334.2186250083614,1439.0616249875166,0.11725001968443394,0.0077909789979457855,1439.186665986199
optimistic,200,bramev_event_score,42,42,42,t01308-c00023,23,1308,11,11,True,1,77.84616699791513,902.2017079987563,0.025459012249484658,0.019458006136119366,902.2466250171419
optimistic,200,bramev_event_score,42,42,42,t01308-c00173,173,1308,4,2,True,1,705.2554579859134,831.670249986928,70.61341701773927,0.006707996362820268,902.29037500103
optimistic,200,bramev_event_score,42,42,42,t01309-c00063,63,1309,5,2,True,1,464.7913749795407,543.1279579934198,34.338833997026086,0.015416007954627275,577.4822079984006
optimistic,200,bramev_event_score,42,42,42,t01309-c00110,110,1309,3,3,True,1,6.033375015249476,543.0860000196844,34.425249992636964,0.006416987162083387,577.5176669994835
optimistic,200,bramev_event_score,42,42,42,t01309-c00161,161,1309,4,1,True,1,94.42895799293183,94.42895799293183,483.08158401050605,0.004624977009370923,577.5151669804472
optimistic,200,bramev_event_score,42,42,42,t01309-c00183,183,1309,11,8,True,1,35.50779100623913,570.3098330122884,7.195416983449832,0.00562501372769475,577.510875009466
optimistic,200,bramev_event_score,42,42,42,t01310-c00055,55,1310,9,6,True,1,69.44337498862296,842.7954579819925,0.01966700074262917,0.014833000022917986,842.8299579827581
optimistic,200,bramev_event_score,42,42,42,t01310-c00130,130,1310,4,2,True,1,243.9525420195423,782.5074169959407,60.36341699655168,0.006708025466650724,842.8775420179591
optimistic,200,bramev_event_score,42,42,42,t01310-c00183,183,1310,12,9,True,1,69.36424999730662,820.3160830016714,22.56066698464565,0.006832997314631939,842.8835829836316
optimistic,200,bramev_event_score,42,42,42,t01318-c00091,91,1318,4,4,True,1,32.75608399417251,185.69383397698402,0.019875005818903446,0.013333017705008388,185.72704200050794
optimistic,200,bramev_event_score,42,42,42,t01319-c00150,150,1319,5,4,True,1,14.50629101600498,172.2734580107499,45.32587499124929,0.012167001841589808,217.61150000384077
optimistic,200,bramev_event_score,42,42,42,t01319-c00170,170,1319,6,6,True,1,57.46120901312679,217.53291701315902,0.10991698945872486,0.0075830030255019665,217.65041700564325
optimistic,200,bramev_event_score,42,42,42,t01320-c00095,95,1320,11,7,True,1,83.84300000034273,570.2661249961238,17.171084007713944,0.020041014067828655,587.4572500179056
optimistic,200,bramev_event_score,42,42,42,t01322-c00030,30,1322,3,3,True,1,15.223249996779487,63.45304101705551,0.01070898724719882,0.009166018571704626,63.472916022874415
optimistic,200,bramev_event_score,42,42,42,t01323-c00033,33,1323,4,4,True,1,20.486333000008017,411.4013330254238,0.015249999705702066,0.012958975275978446,411.4295420004055
optimistic,200,bramev_event_score,42,42,42,t01323-c00162,162,1323,7,7,True,1,79.02429200476035,372.23358399933204,39.22591599985026,0.007208989700302482,411.4667089888826
optimistic,200,bramev_event_score,42,42,42,t01324-c00152,152,1324,5,5,True,1,50.20454101031646,353.145625005709,0.024957989808171988,0.012375006917864084,353.18295800243504
optimistic,200,bramev_event_score,42,42,42,t01325-c00131,131,1325,7,7,True,1,27.634458005195484,137.5366669963114,0.024208013201132417,0.010666990419849753,137.57154199993238
optimistic,200,bramev_event_score,42,42,42,t01326-c00068,68,1326,9,9,True,1,44.54791598254815,361.08779098140076,0.021709012798964977,0.014457997167482972,361.1239579913672
optimistic,200,bramev_event_score,42,42,42,t01329-c00017,17,1329,7,7,True,1,37.57975000189617,558.2574169966392,0.01983300899155438,0.017084006685763597,558.2943340123165
optimistic,200,bramev_event_score,42,42,42,t01329-c00090,90,1329,5,4,True,1,230.94829099136405,558.2197080075275,0.12329200399108231,0.0070829992182552814,558.3500830107369
optimistic,200,bramev_event_score,42,42,42,t01330-c00062,62,1330,4,4,True,1,100.07479201885872,1529.0459170064423,0.019208004232496023,0.014332996215671301,1529.0794580068905
optimistic,200,bramev_event_score,42,42,42,t01330-c00087,87,1330,10,10,True,1,33.52612498565577,1490.1730830024462,38.94349999609403,0.008874980267137289,1529.1254579788074
optimistic,200,bramev_event_score,42,42,42,t01330-c00168,168,1330,8,8,True,1,337.86199998576194,1375.100790988654,154.01895900140516,0.00654099858365953,1529.1262909886427
optimistic,200,bramev_event_score,42,42,42,t01333-c00111,111,1333,7,7,True,1,83.90070899622515,656.0258749814238,33.07337500154972,0.014833989553153515,689.1140839725267
optimistic,200,bramev_event_score,42,42,42,t01333-c00117,117,1333,4,4,True,1,96.86287498334423,689.0358749951702,0.10429098620079458,0.006500020390376449,689.1466660017613
optimistic,200,bramev_event_score,42,42,42,t01333-c00199,199,1333,8,8,True,1,212.395957991248,590.5144579883199,98.62720899400301,0.006583024514839053,689.1482500068378
optimistic,200,bramev_event_score,42,42,42,t01334-c00120,120,1334,7,6,True,1,194.57737501943484,2469.4859580195043,231.3029170036316,0.017624988686293364,2700.806500011822
optimistic,200,bramev_event_score,42,42,42,t01334-c00163,163,1334,11,10,True,1,194.53737497678958,2700.721541972598,0.13387500075623393,0.009292009053751826,2700.864708982408
optimistic,200,bramev_event_score,42,42,42,t01335-c00007,7,1335,5,4,True,1,37.058542016893625,373.67541700950824,47.47925000265241,0.014958000974729657,421.1696250131354
optimistic,200,bramev_event_score,42,42,42,t01335-c00184,184,1335,9,8,True,1,89.06441699946299,421.0870420210995,0.11141700088046491,0.008040980901569128,421.2065000028815
optimistic,200,bramev_event_score,42,42,42,t01336-c00006,6,1336,1,0,False,0,,,,,
optimistic,200,bramev_event_score,42,42,42,t01337-c00006,6,1337,4,2,True,1,55.26762499357574,123.54983398108743,0.012916018022224307,0.01362498733215034,123.5763749864418
optimistic,200,bramev_event_score,42,42,42,t01339-c00027,27,1339,7,7,True,1,54.14554197341204,399.3289999780245,0.0180420174729079,0.014416000340133905,399.36145799583755
optimistic,200,bramev_event_score,42,42,42,t01341-c00061,61,1341,9,7,True,1,148.2886250014417,735.3877909772564,8.409209025558084,0.01724998583085835,743.8142499886453
optimistic,200,bramev_event_score,42,42,42,t01346-c00129,129,1346,8,8,True,1,100.62950002611615,889.4959580211435,0.02845900598913431,0.015874975360929966,889.5402920024935
optimistic,200,bramev_event_score,42,42,42,t01346-c00150,150,1346,7,4,True,1,409.0398330008611,889.4564170041122,0.11966598685830832,0.005875015631318092,889.5819580066018
optimistic,200,bramev_event_score,42,42,42,t01347-c00150,150,1347,7,4,True,1,28.04266699240543,132.54037499427795,0.022499996703118086,0.012167001841589808,132.57504199282266
optimistic,200,bramev_event_score,42,42,42,t01348-c00123,123,1348,6,6,True,1,38.93337500630878,269.33241699589416,0.025375018594786525,0.01579197123646736,269.3735839857254
optimistic,200,bramev_event_score,42,42,42,t01349-c00081,81,1349,3,3,True,1,296.9213330070488,470.00204198411666,78.83995800511912,0.013167009456083179,548.8551669986919
optimistic,200,bramev_event_score,42,42,42,t01349-c00189,189,1349,10,10,True,1,44.745041988790035,548.7739169911947,0.10825000936165452,0.007624999852851033,548.8897920004092
optimistic,200,bramev_event_score,42,42,42,t01352-c00104,104,1352,4,4,True,1,29.69916700385511,135.72837499668822,0.01966700074262917,0.012167001841589808,135.76020899927244
optimistic,200,bramev_event_score,42,42,42,t01353-c00145,145,1353,3,3,True,1,60.864250001031905,157.02012498513795,0.018709019059315324,0.009707990102469921,157.04854199429974
optimistic,200,bramev_event_score,42,42,42,t01354-c00133,133,1354,3,3,True,1,19.510625017574057,99.28783299983479,0.01387501833960414,0.00941698090173304,99.31112499907613
optimistic,200,bramev_event_score,42,42,42,t01355-c00121,121,1355,4,3,True,1,109.34079199796543,435.01645798096433,58.18687501596287,0.013999990187585354,493.2173329871148
optimistic,200,bramev_event_score,42,42,42,t01355-c00162,162,1355,8,8,True,1,13.070582994259894,493.1406249816064,0.11441702372394502,0.008124974556267262,493.2631669798866
optimistic,200,bramev_event_score,42,42,42,t01356-c00029,29,1356,5,5,True,1,73.27008299762383,648.0279999959748,47.553708020132035,0.015166995581239462,695.5968750116881
optimistic,200,bramev_event_score,42,42,42,t01356-c00162,162,1356,8,8,True,1,91.34416599408723,695.5147499975283,0.10866599041037261,0.0077500008046627045,695.6311659887433
optimistic,200,bramev_event_score,42,42,42,t01357-c00023,23,1357,3,3,True,1,132.290000008652,497.65150001621805,166.24770799535327,0.015708006685599685,663.9149160182569
optimistic,200,bramev_event_score,42,42,42,t01357-c00127,127,1357,5,5,True,1,56.88004201510921,663.8386670092586,0.12195800081826746,0.008000002708286047,663.9686250127852
optimistic,200,bramev_event_score,42,42,42,t01357-c00162,162,1357,0,0,False,0,,,,,
optimistic,200,bramev_event_score,42,42,42,t01358-c00162,162,1358,7,7,True,1,51.21750000398606,242.00708299758844,0.029000017093494534,0.014833000022917986,242.05091601470485
optimistic,200,bramev_event_score,42,42,42,t01359-c00136,136,1359,4,3,True,1,40.240125003037974,141.80508299614303,0.023667002096772194,0.013708020560443401,141.84245801880024
optimistic,200,bramev_event_score,42,42,42,t01360-c00125,125,1360,3,3,True,1,23.219249997055158,82.40524999564514,0.015083001926541328,0.009500014130026102,82.4298330117017
optimistic,200,bramev_event_score,42,42,42,t01361-c00125,125,1361,3,3,True,1,96.72295799828134,357.39966700202785,147.9425830184482,0.013874989235773683,505.35612500971183
optimistic,200,bramev_event_score,42,42,42,t01361-c00181,181,1361,13,13,True,1,39.18916700058617,505.2788330067415,0.12275000335648656,0.00941698090173304,505.4109999909997
optimistic,200,bramev_event_score,42,42,42,t01362-c00106,106,1362,7,7,True,1,68.2122920115944,348.0854170047678,45.21116698742844,0.014625024050474167,393.3112090162467
optimistic,200,bramev_event_score,42,42,42,t01362-c00113,113,1362,7,7,True,1,125.03675001789816,393.23141702334397,0.1332079991698265,0.007374997949227691,393.372000020463
optimistic,200,bramev_event_score,42,42,42,t01363-c00106,106,1363,13,13,True,1,89.32033300516196,851.2390830146614,0.02912498894147575,0.017375015886500478,851.2855830194894
optimistic,200,bramev_event_score,42,42,42,t01363-c00124,124,1363,7,3,True,1,170.75124999973923,607.7681250171736,243.56566698406823,0.006250018486753106,851.3400420197286
optimistic,200,bramev_event_score,42,42,42,t01364-c00106,106,1364,4,4,True,1,10.990582988597453,143.31412498722784,0.019333005184307694,0.01200000406242907,143.34545799647458
optimistic,200,bramev_event_score,42,42,42,t01365-c00106,106,1365,3,3,True,1,244.75045897997916,451.6378339903895,59.321457985788584,0.015083001926541328,510.9743749781046
optimistic,200,bramev_event_score,42,42,42,t01365-c00112,112,1365,9,8,True,1,50.222958001540974,504.64249998913147,6.362665997585282,0.00908400397747755,511.0142499906942
optimistic,200,bramev_event_score,42,42,42,t01367-c00053,53,1367,7,4,True,1,17.451749998144805,73.48970798193477,0.013750017387792468,0.010332994861528277,73.51379099418409
optimistic,200,bramev_event_score,42,42,42,t01368-c00053,53,1368,3,2,True,1,23.925999994389713,295.08733298280276,0.020083010895177722,0.013334007235243917,295.1207500009332
optimistic,200,bramev_event_score,42,42,42,t01368-c00081,81,1368,5,5,True,1,23.8871659967117,295.0488329806831,0.11212500976398587,0.006707996362820268,295.1676659868099
optimistic,200,bramev_event_score,42,42,42,t01369-c00100,100,1369,9,7,True,1,38.71308400994167,165.27529200538993,4.12495800992474,0.012500007869675756,169.41275002318434
optimistic,200,bramev_event_score,42,42,42,t01372-c00095,95,1372,7,6,True,1,147.2780840122141,593.9692090032622,0.021790998289361596,0.014791992725804448,594.0057919942774
optimistic,200,bramev_event_score,42,42,42,t01373-c00074,74,1373,7,7,True,1,22.108207980636507,106.55399999814108,0.016082980437204242,0.01087499549612403,106.58095797407441
optimistic,200,bramev_event_score,42,42,42,t01374-c00153,153,1374,0,0,False,0,,,,,
optimistic,200,bramev_event_score,42,42,42,t01375-c00025,25,1375,8,6,True,1,60.30733397346921,453.5400839813519,0.016458012396469712,0.013874989235773683,453.57041698298417
optimistic,200,bramev_event_score,42,42,42,t01375-c00153,153,1375,3,3,True,1,135.7407079776749,412.76599999400787,40.840040979674086,0.006375019438564777,453.6124159931205
optimistic,200,bramev_event_score,42,42,42,t01376-c00192,192,1376,8,8,True,1,98.08429097756743,728.4704159828834,49.71029201988131,0.017457990907132626,778.1981659936719
optimistic,200,bramev_event_score,42,42,42,t01376-c00194,194,1376,9,9,True,1,39.83233301551081,778.1082500005141,0.13354100519791245,0.009625015081837773,778.2514160207938
optimistic,200,bramev_event_score,42,42,42,t01377-c00006,6,1377,3,1,True,1,14.292375009972602,14.292375009972602,10.178416996495798,0.009291019523516297,24.480083025991917
optimistic,200,bramev_event_score,42,42,42,t01378-c00176,176,1378,6,3,True,1,42.38450000411831,135.53466700250283,6.000124994898215,0.013457989552989602,141.54824998695403
optimistic,200,bramev_event_score,42,42,42,t01381-c00034,34,1381,3,3,True,1,31.885624979622662,1244.247666996671,63.445374980801716,0.014082994312047958,1307.7071249717847
optimistic,200,bramev_event_score,42,42,42,t01381-c00059,59,1381,7,7,True,1,102.73195800255053,1307.6308329764288,0.11137500405311584,0.00866700429469347,1307.7508749847766
optimistic,200,bramev_event_score,42,42,42,t01381-c00118,118,1381,7,6,True,1,102.69379100645892,1307.5927910103928,0.15608398825861514,0.005833018803969026,1307.7547080174554
optimistic,200,bramev_event_score,42,42,42,t01382-c00150,150,1382,6,6,True,1,29.464416002156213,249.09116598428227,0.027292000595480204,0.013542012311518192,249.13199999718927
optimistic,200,bramev_event_score,42,42,42,t01383-c00026,26,1383,7,5,True,1,52.17729098512791,170.42512499028817,0.015333003830164671,0.01200000406242907,170.45245799818076
optimistic,200,bramev_event_score,42,42,42,t01384-c00058,58,1384,6,6,True,1,25.71512499707751,1010.0583329913206,163.6032500246074,0.01633400097489357,1173.677917016903
optimistic,200,bramev_event_score,42,42,42,t01384-c00071,71,1384,9,8,True,1,161.0960419930052,1173.6000420060009,0.11045800056308508,0.008707982487976551,1173.719207989052
optimistic,200,bramev_event_score,42,42,42,t01384-c00139,139,1384,8,8,True,1,161.05858399532735,1110.224791977089,63.498875009827316,0.005667010555043817,1173.7293339974713
optimistic,200,bramev_event_score,42,42,42,t01385-c00071,71,1385,9,8,True,1,30.286749999504536,483.6755830037873,0.02170799416489899,0.018375023500993848,483.7156660214532
optimistic,200,bramev_event_score,42,42,42,t01385-c00119,119,1385,6,6,True,1,60.32170800608583,432.66779198893346,51.08537501655519,0.007333001121878624,483.7605000066105
optimistic,200,bramev_event_score,42,42,42,t01386-c00137,137,1386,4,4,True,1,53.65020799217746,297.601250000298,0.027749978471547365,0.014750025002285838,297.64375000377186
optimistic,200,bramev_event_score,42,42,42,t01386-c00181,181,1386,6,6,True,1,22.459334024460986,240.23470902466215,57.44895798852667,0.007333001121878624,297.6910000143107
optimistic,200,bramev_event_score,42,42,42,t01389-c00009,9,1389,11,10,True,1,76.33512499160133,761.3889999920502,152.57949999067932,0.017542013665661216,913.9860419963952
optimistic,200,bramev_event_score,42,42,42,t01389-c00044,44,1389,9,4,True,1,268.08687500306405,913.9057499996852,0.11587500921450555,0.007124996045604348,914.0287500049453
optimistic,200,bramev_event_score,42,42,42,t01389-c00157,157,1389,8,8,True,1,76.25412501511164,826.4769589877687,87.56691601593047,0.007041991921141744,914.0509169956204
optimistic,200,bramev_event_score,42,42,42,t01390-c00044,44,1390,9,4,True,1,124.21166698914021,420.01545798848383,0.01812499249354005,0.014958990504965186,420.04854197148234
optimistic,200,bramev_event_score,42,42,42,t01390-c00175,175,1390,8,8,True,1,42.12658398319036,335.6169589969795,84.46491599897854,0.009458977729082108,420.09133397368714
optimistic,200,bramev_event_score,42,42,42,t01391-c00001,1,1391,3,1,True,1,41.412958002183586,41.412958002183586,201.8619170121383,0.011790980352088809,243.28666599467397
optimistic,200,bramev_event_score,42,42,42,t01391-c00041,41,1391,5,5,True,1,30.055832990910858,243.22108301566914,0.0995829759631306,0.007709022611379623,243.32837501424365
optimistic,200,bramev_event_score,42,42,42,t01394-c00082,82,1394,7,6,True,1,26.27320899046026,280.68508399883285,0.0200409849639982,0.014125020243227482,280.7192500040401
optimistic,200,bramev_event_score,42,42,42,t01395-c00000,0,1395,7,7,True,1,35.59920800034888,216.25541598768905,5.033624998759478,0.014499993994832039,221.30354098044336
optimistic,200,bramev_event_score,42,42,42,t01395-c00061,61,1395,4,1,True,1,77.28937501087785,77.28937501087785,144.04824998928234,0.006332993507385254,221.34395799366757
optimistic,200,bramev_event_score,42,42,42,t01397-c00069,69,1397,12,12,True,1,106.37158300960436,666.6499160055537,0.024792010663077235,0.017874990589916706,666.6925830068067
optimistic,200,bramev_event_score,42,42,42,t01397-c00098,98,1397,3,3,True,1,42.949499998940155,460.3335839929059,206.39825001126155,0.007832975825294852,666.7396669799928
optimistic,200,bramev_event_score,42,42,42,t01400-c00195,195,1400,0,0,False,0,,,,,
optimistic,200,bramev_event_score,42,42,42,t01401-c00195,195,1401,7,7,True,1,53.767292003612965,226.62212498835288,0.03225001273676753,0.012834003427997231,226.66720900451764
optimistic,200,bramev_event_score,42,42,42,t01402-c00085,85,1402,5,4,True,1,47.99362501944415,160.83870801958255,0.018749997252598405,0.012042000889778137,160.86950001772493
optimistic,200,bramev_event_score,42,42,42,t01403-c00092,92,1403,4,4,True,1,4.392999981064349,92.48083300190046,0.015332974726334214,0.010459014447405934,92.5066249910742
optimistic,200,bramev_event_score,42,42,42,t01404-c00019,19,1404,3,3,True,1,22.824291983852163,94.74837497691624,0.009709008736535907,0.008875009370967746,94.76695899502374
optimistic,200,bramev_event_score,42,42,42,t01405-c00034,34,1405,12,12,True,1,31.009541999083012,399.2165829986334,30.430667015025392,0.016417005099356174,429.66366701875813
optimistic,200,bramev_event_score,42,42,42,t01405-c00180,180,1405,6,6,True,1,68.50799999665469,429.5783750130795,0.12379098916426301,0.007208989700302482,429.70937499194406
optimistic,200,bramev_event_score,42,42,42,t01406-c00075,75,1406,5,5,True,1,41.94091699901037,182.23908302024938,0.018333987100049853,0.01058299676515162,182.26800000411458
optimistic,200,bramev_event_score,42,42,42,t01406-c00180,180,1406,3,3,True,1,20.881167001789436,60.945083998376504,121.35066601331346,0.005958980182185769,182.30170899187215
optimistic,200,bramev_event_score,42,42,42,t01407-c00064,64,1407,7,7,True,1,27.796832990134135,114.5106659969315,0.01562500256113708,0.011333992006257176,114.53762499149889
optimistic,200,bramev_event_score,42,42,42,t01408-c00146,146,1408,7,5,True,1,27.698292018612847,91.31283400347456,0.014290999388322234,0.00925001222640276,91.33637501508929
optimistic,200,bramev_event_score,42,42,42,t01409-c00018,18,1409,6,3,True,1,130.3435830050148,224.83158300747164,43.47766700084321,0.010124989785254002,268.3193749981001
optimistic,200,bramev_event_score,42,42,42,t01409-c00088,88,1409,4,4,True,1,49.184749979758635,268.2549159799237,0.09250000584870577,0.00633401214145124,268.35374999791384
optimistic,200,bramev_event_score,42,42,42,t01409-c00146,146,1409,7,5,True,1,28.708500001812354,237.34279099153355,31.01408400107175,0.005666021024808288,268.3625410136301
optimistic,200,bramev_event_score,42,42,42,t01410-c00066,66,1410,6,6,True,1,85.23004199378192,617.2784579975996,0.021584011847153306,0.014457997167482972,617.3145000066143
optimistic,200,bramev_event_score,42,42,42,t01410-c00088,88,1410,4,4,True,1,39.79083299054764,524.9574999907054,92.38591601024382,0.006583984941244125,617.3499999858905
optimistic,200,bramev_event_score,42,42,42,t01410-c00149,149,1410,13,13,True,1,23.668459005421028,617.2013340110425,0.14395799371413887,0.007374997949227691,617.3526670027059
optimistic,200,bramev_event_score,42,42,42,t01411-c00101,101,1411,7,5,True,1,361.5250840084627,474.8007919988595,25.28366699698381,0.015291007002815604,500.0997500028461
optimistic,200,bramev_event_score,42,42,42,t01411-c00149,149,1411,12,12,True,1,32.598459016298875,500.01787501969375,0.13533400488086045,0.00958298915065825,500.16279201372527
optimistic,200,bramev_event_score,42,42,42,t01411-c00186,186,1411,3,3,True,1,8.905166003387421,394.2948750045616,105.85645798710175,0.0051670067477971315,500.15649999841116
optimistic,200,bramev_event_score,42,42,42,t01412-c00078,78,1412,4,4,True,1,14.761083002667874,97.59079199284315,3.7324999866541475,0.011041003745049238,101.33433298324235
optimistic,200,bramev_event_score,42,42,42,t01412-c00101,101,1412,4,2,True,1,48.769415996503085,71.08537500607781,30.268291011452675,0.005791982403025031,101.35945799993351
optimistic,200,bramev_event_score,42,42,42,t01413-c00178,178,1413,6,5,True,1,6.5894580038730055,91.85566700762138,0.015416007954627275,0.01087499549612403,91.88195801107213
optimistic,200,bramev_event_score,42,42,42,t01415-c00179,179,1415,4,1,True,1,13.062958023510873,13.062958023510873,9.70166697516106,0.008083006832748652,22.772708005504683
optimistic,200,bramev_event_score,42,42,42,t01416-c00114,114,1416,7,7,True,1,16.42729199375026,76.55891700414941,0.013125012628734112,0.00899998121894896,76.58104199799709
optimistic,200,bramev_event_score,42,42,42,t01417-c00114,114,1417,5,5,True,1,13.9047910051886,93.07995799463242,0.02145799226127565,0.011416996130719781,93.11283298302442
optimistic,200,bramev_event_score,42,42,42,t01417-c00154,154,1417,3,3,True,1,5.527999979676679,66.65854097809643,26.482250017579645,0.0050419766921550035,93.14583297236823
optimistic,200,bramev_event_score,42,42,42,t01418-c00003,3,1418,7,7,True,1,20.611667016055435,104.74741700454615,0.01200000406242907,0.010707997716963291,104.77012500632554
optimistic,200,bramev_event_score,42,42,42,t01418-c00154,154,1418,3,3,True,1,5.422207992523909,96.46895798505284,8.309666998684406,0.005333014996722341,104.78395799873397
optimistic,200,bramev_event_score,42,42,42,t01419-c00057,57,1419,6,6,True,1,3.2935419876594096,73.29162501264364,0.018499995348975062,0.009916984708979726,73.32004199270159
optimistic,200,bramev_event_score,42,42,42,t01420-c00008,8,1420,3,2,True,1,5.387750017689541,39.119375025620684,8.557041990570724,0.00916598946787417,47.68558300565928
optimistic,200,bramev_event_score,42,42,42,t01420-c00166,166,1420,3,3,True,1,5.3378340089693666,47.61620899080299,0.07691601058468223,0.005792011506855488,47.698917012894526
optimistic,200,bramev_event_score,42,42,42,t01421-c00011,11,1421,7,7,True,1,27.814832981675863,117.61429099715315,0.012417003745213151,0.009541981853544712,117.6362499827519
optimistic,200,bramev_event_score,42,42,42,t01421-c00193,193,1421,3,3,True,1,5.831416987348348,84.53958397149108,33.10245802276768,0.005124980816617608,117.64716697507538
optimistic,200,bramev_event_score,42,42,42,t01422-c00182,182,1422,6,5,True,1,8.382499974686652,61.66058298549615,0.015958008589223027,0.009499985026195645,61.68604097911157
optimistic,200,bramev_event_score,42,42,42,t01423-c00067,67,1423,3,3,True,1,2.089707995764911,20.374582993099466,0.00837500556372106,0.007333990652114153,20.3902919893153
optimistic,200,bramev_event_score,42,42,42,t01424-c00015,15,1424,5,5,True,1,5.328208004357293,61.350125004537404,0.013791985111311078,0.011083000572398305,61.37499999022111
optimistic,200,bramev_event_score,42,42,42,t01424-c00140,140,1424,3,3,True,1,8.644582994747907,49.24225001013838,12.153749994467944,0.006167014362290502,61.40216701896861
optimistic,200,bramev_event_score,42,42,42,t01426-c00054,54,1426,8,8,True,1,4.6399580023717135,58.79279100918211,0.012792006600648165,0.008417002391070127,58.81400001817383
optimistic,200,bramev_event_score,42,42,42,t01427-c00165,165,1427,7,7,True,1,7.342500000959262,37.0661249908153,0.013708020560443401,0.008499977411702275,37.08833298878744
optimistic,200,bramev_event_score,42,42,42,t01429-c00077,77,1429,7,7,True,1,6.055124977137893,30.390333995455876,0.01391599653288722,0.01029198756441474,30.414541979553178
optimistic,200,bramev_event_score,42,42,42,t01430-c00045,45,1430,4,4,True,1,5.344708013581112,48.260250012390316,0.00966701190918684,0.008415983757004142,48.27833300805651
optimistic,200,bramev_event_score,42,42,42,t01430-c00047,47,1430,3,2,True,1,30.149541998980567,35.00616701785475,13.270416995510459,0.005125009920448065,48.28170902328566
optimistic,200,bramev_event_score,42,42,42,t01430-c00065,65,1430,4,4,True,1,7.341749995248392,41.61058401223272,6.66012498550117,0.004541012458503246,48.275250010192394
optimistic,200,bramev_event_score,42,42,42,t01431-c00191,191,1431,3,1,True,1,9.435541986022145,9.435541986022145,0.007499998901039362,0.006250018486753106,9.449292003409937
optimistic,200,bramev_event_score,42,42,42,t01433-c00177,177,1433,3,2,True,1,4.331459000241011,8.49870897945948,0.00795800588093698,0.006457994459196925,8.513124979799613
optimistic,200,bramev_event_score,42,42,42,t01434-c00049,49,1434,8,8,True,1,1.9765830074902624,54.25600000307895,2.8668330051004887,0.008542003342881799,57.13137501152232
optimistic,200,bramev_event_score,42,42,42,t01434-c00172,172,1434,9,9,True,1,5.33112499397248,57.06354198628105,0.06708299042657018,0.006875023245811462,57.137499999953434
optimistic,200,bramev_event_score,42,42,42,t01434-c00177,177,1434,3,2,True,1,26.890374982031062,50.70429199258797,6.420624995371327,0.00404199818149209,57.12895898614079
optimistic,200,bramev_event_score,42,42,42,t01435-c00044,44,1435,4,4,True,1,16.402500012191013,41.62970799370669,0.008458009688183665,0.007458991603925824,41.6456249949988
optimistic,200,bramev_event_score,42,42,42,t01435-c00171,171,1435,7,7,True,1,6.1557920125778764,38.336708006681874,3.3011669875122607,0.006332993507385254,41.64420798770152
optimistic,200,bramev_event_score,42,42,42,t01435-c00186,186,1435,5,2,True,1,21.942791005130857,26.46129101049155,15.168958983849734,0.004208006430417299,41.6344580007717
optimistic,200,bramev_event_score,42,42,42,t01436-c00170,170,1436,10,10,True,1,2.442625002004206,25.38745800848119,0.014582998119294643,0.008584000170230865,25.410625006770715
optimistic,200,bramev_event_score,42,42,42,t01437-c00199,199,1437,3,2,True,1,3.5395000013522804,5.788917012978345,0.008167000487446785,0.006415997631847858,5.80350001109764
