scenario,nb_cars,method,seed,world_seed,grid_seed,demand_id,car_id,slot,nb_stations,nb_offers,confirmed,confirm_attempts,first_offer_ms,last_offer_ms,selection_ms,confirmation_ms,total_ms
optimistic,100,bramev_event_score,42,42,42,t00000-c00008,8,0,6,6,True,1,120.46254199231043,5395.955082989531,41895.131000026595,0.021499989088624716,47291.107583005214
optimistic,100,bramev_event_score,42,42,42,t00000-c00020,20,0,10,10,True,1,499.1490409884136,46916.75266600214,374.40337499720044,0.008874980267137289,47291.16491597961
optimistic,100,bramev_event_score,42,42,42,t00000-c00024,24,0,12,12,True,1,499.1161249927245,47290.98991598585,0.17187499906867743,0.007084017852321267,47291.16887500277
optimistic,100,bramev_event_score,42,42,42,t00000-c00025,25,0,5,5,True,1,1429.767958004959,47290.95925000729,0.1975000195670873,0.004749977961182594,47291.16150000482
optimistic,100,bramev_event_score,42,42,42,t00000-c00033,33,0,5,5,True,1,120.32891699345782,5395.821624988457,41895.32958401833,0.0047079811338335276,47291.15591698792
optimistic,100,bramev_event_score,42,42,42,t00000-c00034,34,0,6,6,True,1,802.1676659991499,47045.49954098184,245.6445420102682,0.004458008334040642,47291.14854100044
optimistic,100,bramev_event_score,42,42,42,t00000-c00048,48,0,7,7,True,1,802.1398750133812,5395.765291003045,41895.37375001237,0.004249974153935909,47291.14329098957
optimistic,100,bramev_event_score,42,42,42,t00000-c00059,59,0,6,6,True,1,1429.6538330090698,47290.84516700823,0.28895799187012017,0.0041669991333037615,47291.13829199923
optimistic,100,bramev_event_score,42,42,42,t00000-c00068,68,0,6,6,True,1,802.0810419984628,47045.41225000867,245.71362498681992,0.004292000085115433,47291.13016699557
optimistic,100,bramev_event_score,42,42,42,t00000-c00092,92,0,9,9,True,1,498.91045797267,47290.78583299997,0.33316700137220323,0.004499976057559252,47291.1234999774
optimistic,100,bramev_event_score,42,42,42,t00000-c00099,99,0,5,5,True,1,1075.257624994265,4716.665124986321,42574.44458300597,0.003958994057029486,47291.11366698635
optimistic,100,bramev_event_score,42,42,42,t00007-c00077,77,7,9,9,True,1,55.32229199889116,414.6762920136098,0.02391598536632955,0.01833401620388031,414.71854201518
optimistic,100,bramev_event_score,42,42,42,t00009-c00047,47,9,7,7,True,1,38.96137498668395,317.702708998695,0.02174999099224806,0.017874990589916706,317.7423339802772
optimistic,100,bramev_event_score,42,42,42,t00010-c00047,47,10,3,3,True,1,31.65300001273863,121.2039589881897,0.021333020413294435,0.0228749995585531,121.24816700816154
optimistic,100,bramev_event_score,42,42,42,t00011-c00019,19,11,15,15,True,1,68.4670000046026,793.2280829991214,0.02416700590401888,0.01970797893591225,793.2719579839613
optimistic,100,bramev_event_score,42,42,42,t00011-c00047,47,11,3,2,True,1,520.5405000015162,592.56550000282,200.76641600462608,0.006749993190169334,793.3386660006363
optimistic,100,bramev_event_score,42,42,42,t00012-c00019,19,12,11,11,True,1,75.40679202065803,732.1847499988507,0.020875013433396816,0.01675001112744212,732.2223750234116
optimistic,100,bramev_event_score,42,42,42,t00015-c00081,81,15,5,5,True,1,18.293332977918908,126.29600000218488,0.021374988136813045,0.013874989235773683,126.33124997955747
optimistic,100,bramev_event_score,42,42,42,t00017-c00094,94,17,12,12,True,1,132.55491701420397,1405.9943750035018,0.028834008844569325,0.01841600169427693,1406.0416250140406
optimistic,100,bramev_event_score,42,42,42,t00020-c00052,52,20,3,3,True,1,76.47904200712219,248.96008300129324,0.01883399090729654,0.015375000657513738,248.99429199285805
optimistic,100,bramev_event_score,42,42,42,t00021-c00005,5,21,3,3,True,1,18.925165990367532,70.87412499822676,0.011041003745049238,0.011333992006257176,70.89649999397807
optimistic,100,bramev_event_score,42,42,42,t00022-c00031,31,22,3,3,True,1,39.230958005646244,145.17787500517443,0.017416983610019088,0.014541001291945577,145.2098329900764
optimistic,100,bramev_event_score,42,42,42,t00024-c00072,72,24,7,7,True,1,195.87833297555335,1152.041207998991,0.02370899892412126,0.015790981706231833,1152.0807079796214
optimistic,100,bramev_event_score,42,42,42,t00025-c00037,37,25,8,8,True,1,38.687166990712285,364.6228330035228,0.02099998528137803,0.015833997167646885,364.65966698597185
optimistic,100,bramev_event_score,42,42,42,t00027-c00049,49,27,5,5,True,1,30.857917008688673,208.27658401685767,0.017790996935218573,0.013999990187585354,208.30837500398047
optimistic,100,bramev_event_score,42,42,42,t00029-c00076,76,29,6,6,True,1,65.46891600009985,423.4184160013683,0.02241699257865548,0.016000005416572094,423.45683299936354
optimistic,100,bramev_event_score,42,42,42,t00030-c00016,16,30,5,5,True,1,53.63325000507757,308.0900000059046,0.018040998838841915,0.016499980119988322,308.1245409848634
optimistic,100,bramev_event_score,42,42,42,t00036-c00078,78,36,5,5,True,1,28.32879201741889,167.75566700380296,0.02079200930893421,0.01287501072511077,167.789334023837
optimistic,100,bramev_event_score,42,42,42,t00037-c00040,40,37,5,5,True,1,21.70083299279213,162.50562499044463,0.019333005184307694,0.015792000340297818,162.54074999596924
optimistic,100,bramev_event_score,42,42,42,t00038-c00010,10,38,9,9,True,1,42.60874999454245,899.2589999979828,0.02087498432956636,0.019416998839005828,899.2992919811513
optimistic,100,bramev_event_score,42,42,42,t00038-c00058,58,38,5,5,True,1,125.85120799485594,823.7048329901882,75.65516699105501,0.007458002073690295,899.3674579833169
optimistic,100,bramev_event_score,42,42,42,t00039-c00010,10,39,7,7,True,1,147.78104101424105,1114.2412500048522,0.017040991224348545,0.015334022464230657,1114.2736250185408
optimistic,100,bramev_event_score,42,42,42,t00039-c00014,14,39,7,7,True,1,82.70687499316409,1052.616166009102,61.686166998697445,0.007208000170066953,1114.3095410079695
optimistic,100,bramev_event_score,42,42,42,t00042-c00062,62,42,11,11,True,1,31.71395801473409,352.25016600452363,0.02458400558680296,0.018207996618002653,352.29295800672844
optimistic,100,bramev_event_score,42,42,42,t00043-c00025,25,43,5,5,True,1,64.0012499934528,525.0777500041295,0.018624996300786734,0.01750001683831215,525.1138750172686
optimistic,100,bramev_event_score,42,42,42,t00044-c00027,27,44,3,3,True,1,36.39229200780392,122.46112499269657,0.015125027857720852,0.011833995813503861,122.4880840163678
optimistic,100,bramev_event_score,42,42,42,t00045-c00002,2,45,11,11,True,1,35.87037499528378,485.7127080031205,0.018583989003673196,0.016000005416572094,485.74729199754074
optimistic,100,bramev_event_score,42,42,42,t00046-c00083,83,46,8,8,True,1,42.35762500320561,360.7814999995753,0.02579099964350462,0.016709003830328584,360.82400000304915
optimistic,100,bramev_event_score,42,42,42,t00050-c00007,7,50,4,4,True,1,91.06904099462554,337.1569159789942,0.019041995983570814,0.014250021195039153,337.19020799617283
optimistic,100,bramev_event_score,42,42,42,t00050-c00013,13,50,6,6,True,1,91.030875017168,337.1182919945568,0.11854199692606926,0.006875023245811462,337.24370901472867
optimistic,100,bramev_event_score,42,42,42,t00051-c00007,7,51,4,3,True,1,36.62116697523743,170.9617089945823,0.014541001291945577,0.015958998119458556,170.9922089939937
optimistic,100,bramev_event_score,42,42,42,t00052-c00038,38,52,4,4,True,1,160.69320900714956,523.1165840232279,111.38187500182539,0.01654098741710186,634.5150000124704
optimistic,100,bramev_event_score,42,42,42,t00052-c00043,43,52,6,6,True,1,75.362709001638,634.4370419974439,0.10462501086294651,0.007166992872953415,634.5488340011798
optimistic,100,bramev_event_score,42,42,42,t00052-c00090,90,52,4,4,True,1,75.32637499389239,634.4007909938227,0.15387500752694905,0.005124980816617608,634.5597909821663
optimistic,100,bramev_event_score,42,42,42,t00053-c00043,43,53,7,7,True,1,57.15345899807289,479.2509590042755,0.020540988771244884,0.01633400097489357,479.28783399402164
optimistic,100,bramev_event_score,42,42,42,t00054-c00064,64,54,4,4,True,1,66.81074999505654,457.1829579945188,0.017292011762037873,0.014874996850267053,457.2151250031311
optimistic,100,bramev_event_score,42,42,42,t00054-c00093,93,54,8,8,True,1,46.46279200096615,415.90091699617915,41.34991599130444,0.007458991603925824,457.2582919790875
optimistic,100,bramev_event_score,42,42,42,t00055-c00046,46,55,4,4,True,1,39.421333000063896,274.6624159917701,0.01854199217632413,0.014874996850267053,274.6958329807967
optimistic,100,bramev_event_score,42,42,42,t00055-c00069,69,55,4,4,True,1,39.38395797740668,274.6248749899678,0.10008300887420774,0.005084002623334527,274.73004200146534
optimistic,100,bramev_event_score,42,42,42,t00057-c00023,23,57,3,3,True,1,77.89266700274311,250.05324999801815,0.01766698551364243,0.014500023098662496,250.08541700663045
optimistic,100,bramev_event_score,42,42,42,t00058-c00001,1,58,3,3,True,1,94.31354200933129,364.62441700859927,0.015249999705702066,0.017499987734481692,364.65716699603945
optimistic,100,bramev_event_score,42,42,42,t00058-c00023,23,58,3,3,True,1,53.606916015269235,268.36187500157394,96.32449998753145,0.006250018486753106,364.69262500759214
optimistic,100,bramev_event_score,42,42,42,t00060-c00003,3,60,3,3,True,1,65.16562501201406,260.2222500136122,0.016583973774686456,0.015333003830164671,260.25416699121706
optimistic,100,bramev_event_score,42,42,42,t00061-c00012,12,61,7,7,True,1,42.69987501902506,219.2624169983901,0.017833022866398096,0.016584002878516912,219.29683402413502
optimistic,100,bramev_event_score,42,42,42,t00062-c00040,40,62,6,6,True,1,20.680416986579075,167.50754200620577,0.020415987819433212,0.019416998839005828,167.5473749928642
optimistic,100,bramev_event_score,42,42,42,t00066-c00036,36,66,9,9,True,1,46.70845900545828,381.05687499046326,0.019625003915280104,0.01575000351294875,381.0922499978915
optimistic,100,bramev_event_score,42,42,42,t00067-c00039,39,67,7,7,True,1,127.1788329759147,688.0758329934906,104.24437499023043,0.01675001112744212,792.3369579948485
optimistic,100,bramev_event_score,42,42,42,t00067-c00084,84,67,6,6,True,1,62.5854590034578,792.2578750003595,0.12679200153797865,0.00695799826644361,792.3916250001639
optimistic,100,bramev_event_score,42,42,42,t00068-c00039,39,68,3,2,True,1,32.589249982265756,66.05112500255927,18.80979200359434,0.01766698551364243,84.87858399166726
optimistic,100,bramev_event_score,42,42,42,t00071-c00095,95,71,4,4,True,1,48.42225002357736,370.86554200504906,0.023542001144960523,0.015124998753890395,370.9042090049479
optimistic,100,bramev_event_score,42,42,42,t00074-c00016,16,74,6,6,True,1,55.163041019113734,480.40937501355074,0.019083003280684352,0.017457990907132626,480.44591600773856
optimistic,100,bramev_event_score,42,42,42,t00076-c00063,63,76,5,5,True,1,34.61408300790936,227.30158298509195,0.020875013433396816,0.017499987734481692,227.33995798625983
optimistic,100,bramev_event_score,42,42,42,t00079-c00079,79,79,7,7,True,1,62.52866599243134,312.9680829879362,0.02358300844207406,0.0162090000230819,313.00787499640137
optimistic,100,bramev_event_score,42,42,42,t00080-c00050,50,80,7,7,True,1,36.205041978973895,261.562125000637,0.018999999156221747,0.015124998753890395,261.59624999854714
optimistic,100,bramev_event_score,42,42,42,t00081-c00070,70,81,9,9,True,1,44.730083987815306,331.2269999878481,0.022500025806948543,0.016708974726498127,331.26620898838155
optimistic,100,bramev_event_score,42,42,42,t00082-c00070,70,82,9,9,True,1,50.620082998648286,395.8377499948256,0.02345800749026239,0.016707985196262598,395.8779159875121
optimistic,100,bramev_event_score,42,42,42,t00084-c00038,38,84,4,2,True,1,192.27112500811927,411.1729170253966,0.017291982658207417,0.013540993677452207,411.20375000173226
optimistic,100,bramev_event_score,42,42,42,t00084-c00087,87,84,4,4,True,1,55.940958991413936,338.30324999871664,72.9317500081379,0.006541988113895059,411.24154199496843
optimistic,100,bramev_event_score,42,42,42,t00085-c00006,6,85,3,3,True,1,25.4586249939166,114.7884999809321,0.01579101081006229,0.013667013263329864,114.8179580050055
optimistic,100,bramev_event_score,42,42,42,t00087-c00075,75,87,15,15,True,1,52.909167017787695,740.759958018316,0.027083995519205928,0.018165999790653586,740.8052080136258
optimistic,100,bramev_event_score,42,42,42,t00089-c00018,18,89,6,6,True,1,39.813125011278316,271.8593339959625,0.017290993127971888,0.017375015886500478,271.894000004977
optimistic,100,bramev_event_score,42,42,42,t00091-c00032,32,91,7,7,True,1,52.78662501950748,286.25458301394247,0.017749989638105035,0.013375014532357454,286.2857080181129
optimistic,100,bramev_event_score,42,42,42,t00092-c00032,32,92,7,6,True,1,49.2595830000937,237.29687498416752,0.017332989955320954,0.014375022146850824,237.3285829962697
optimistic,100,bramev_event_score,42,42,42,t00094-c00071,71,94,12,12,True,1,42.756790993735194,453.22445800411515,0.024874985683709383,0.017874990589916706,453.2672079803888
optimistic,100,bramev_event_score,42,42,42,t00095-c00000,0,95,9,9,True,1,100.07183399284258,618.3190000010654,50.38883400266059,0.016707985196262598,668.7245419889223
optimistic,100,bramev_event_score,42,42,42,t00095-c00071,71,95,7,6,True,1,38.20591597468592,668.6461249773856,0.10900001507252455,0.006791000487282872,668.7619159929454
optimistic,100,bramev_event_score,42,42,42,t00097-c00030,30,97,7,7,True,1,37.38691602484323,207.6471250038594,0.017458020010963082,0.013874989235773683,207.67845801310614
optimistic,100,bramev_event_score,42,42,42,t00099-c00028,28,99,4,4,True,1,61.48641702020541,288.7770000088494,0.0186669931281358,0.015875004464760423,288.8115420064423
optimistic,100,bramev_event_score,42,42,42,t00103-c00022,22,103,5,5,True,1,276.74149998347275,709.8734999890439,97.20862499671057,0.016000005416572094,807.0981249911711
optimistic,100,bramev_event_score,42,42,42,t00103-c00091,91,103,7,7,True,1,67.03754101181403,807.0205410185736,0.10545898112468421,0.008083006832748652,807.134083006531
optimistic,100,bramev_event_score,42,42,42,t00104-c00073,73,104,6,6,True,1,96.85541701037437,646.7726670089178,0.021916988771408796,0.017375015886500478,646.8119590135757
optimistic,100,bramev_event_score,42,42,42,t00105-c00073,73,105,4,3,True,1,97.5079580093734,272.985499992501,67.39087501773611,0.015875004464760423,340.39225001470186
optimistic,100,bramev_event_score,42,42,42,t00105-c00082,82,105,3,3,True,1,97.4712090101093,340.3168340155389,0.11224998161196709,0.005833018803969026,340.43491701595485
optimistic,100,bramev_event_score,42,42,42,t00107-c00009,9,107,3,3,True,1,62.0608750032261,206.94683300098404,0.015208002878353,0.01362498733215034,206.97566599119455
optimistic,100,bramev_event_score,42,42,42,t00108-c00044,44,108,4,4,True,1,60.319790994981304,292.4157910165377,0.018416991224512458,0.014791992725804448,292.449000000488
optimistic,100,bramev_event_score,42,42,42,t00109-c00044,44,109,4,3,True,1,238.8320830068551,1112.1102499892004,0.01937500201165676,0.01720801810733974,1112.1468330093194
optimistic,100,bramev_event_score,42,42,42,t00109-c00051,51,109,4,4,True,1,238.79433301044628,1112.0724159991369,0.10379200102761388,0.005707988748326898,1112.1819159889128
optimistic,100,bramev_event_score,42,42,42,t00115-c00053,53,115,5,5,True,1,22.066709003411233,131.57637498807162,0.01720900763757527,0.013415992725640535,131.60699998843484
optimistic,100,bramev_event_score,42,42,42,t00116-c00053,53,116,5,4,True,1,23.499208997236565,136.93204199080355,0.017000013031065464,0.01391698606312275,136.96295898989774
optimistic,100,bramev_event_score,42,42,42,t00117-c00015,15,117,3,3,True,1,14.595874992664903,88.85970801929943,0.01320798764936626,0.012250005966052413,88.88516601291485
optimistic,100,bramev_event_score,42,42,42,t00120-c00011,11,120,4,4,True,1,63.79941699560732,559.7500419826247,0.015500001609325409,0.014958000974729657,559.7804999852087
optimistic,100,bramev_event_score,42,42,42,t00120-c00018,18,120,6,4,True,1,236.97441699914634,481.752374995267,78.05650000227615,0.006166985258460045,559.8150419828016
optimistic,100,bramev_event_score,42,42,42,t00122-c00038,38,122,9,6,True,1,68.68525000754744,372.4770830012858,0.018999999156221747,0.015584024367854,372.51166702480987
optimistic,100,bramev_event_score,42,42,42,t00123-c00038,38,123,5,3,True,1,51.92387499846518,136.3520829763729,18.12358302413486,0.018749997252598405,154.49441599776037
optimistic,100,bramev_event_score,42,42,42,t00124-c00016,16,124,7,3,True,1,122.2458340052981,244.95412499527447,0.016417005099356174,0.015958008589223027,244.98650000896305
optimistic,100,bramev_event_score,42,42,42,t00125-c00021,21,125,4,4,True,1,31.194541981676593,146.86629199422896,0.014874996850267053,0.013040989870205522,146.89420798094943
optimistic,100,bramev_event_score,42,42,42,t00127-c00056,56,127,6,6,True,1,79.02070798445493,544.0970409836154,0.021292013116180897,0.017332989955320954,544.135665986687
optimistic,100,bramev_event_score,42,42,42,t00128-c00055,55,128,7,7,True,1,45.441333000781015,242.6871250208933,0.020124978618696332,0.01491699367761612,242.7221669931896
optimistic,100,bramev_event_score,42,42,42,t00130-c00081,81,130,5,5,True,1,18.301709002116695,116.9299999892246,0.02095900708809495,0.013457989552989602,116.96441698586568
optimistic,100,bramev_event_score,42,42,42,t00132-c00089,89,132,5,5,True,1,40.55249999510124,197.3170840064995,0.021665997337549925,0.015666999388486147,197.35441700322554
optimistic,100,bramev_event_score,42,42,42,t00133-c00089,89,133,5,5,True,1,33.53275000699796,241.79354202351533,0.02549999044276774,0.01420799526385963,241.83325000922196
optimistic,100,bramev_event_score,42,42,42,t00135-c00045,45,135,7,7,True,1,59.880917018745095,306.3967920024879,0.019708008039742708,0.01433398574590683,306.4308339962736
optimistic,100,bramev_event_score,42,42,42,t00136-c00042,42,136,4,4,True,1,61.29704200429842,297.2949590184726,0.01812499249354005,0.015083001926541328,297.32816701289266
optimistic,100,bramev_event_score,42,42,42,t00137-c00026,26,137,7,7,True,1,63.03562500397675,331.32112500607036,0.017874990589916706,0.015083001926541328,331.3540829985868
optimistic,100,bramev_event_score,42,42,42,t00140-c00086,86,140,7,7,True,1,58.39700001524761,284.01666702120565,0.023832981241866946,0.015458004781976342,284.0559580072295
optimistic,100,bramev_event_score,42,42,42,t00141-c00067,67,141,3,3,True,1,25.09562502382323,91.72375002526678,0.01812499249354005,0.013665994629263878,91.75554101238959
optimistic,100,bramev_event_score,42,42,42,t00142-c00074,74,142,6,6,True,1,61.321084009250626,440.96241699298844,0.020208011846989393,0.01491699367761612,440.99754199851304
optimistic,100,bramev_event_score,42,42,42,t00142-c00096,96,142,6,6,True,1,41.554916999302804,400.76629200484604,40.26245800196193,0.00695799826644361,441.0357080050744
optimistic,100,bramev_event_score,42,42,42,t00143-c00005,5,143,6,6,True,1,25.184708007145673,285.6312910153065,0.016167003195732832,0.015416997484862804,285.6628750159871
optimistic,100,bramev_event_score,42,42,42,t00143-c00061,61,143,3,3,True,1,75.58920799056068,254.82420797925442,30.88925001793541,0.006707996362820268,285.72016599355265
optimistic,100,bramev_event_score,42,42,42,t00144-c00005,5,144,3,3,True,1,22.148541000206023,426.5270000032615,144.04433299205266,0.015708006685599685,570.5870410019998
optimistic,100,bramev_event_score,42,42,42,t00144-c00015,15,144,4,4,True,1,93.26566700474359,511.86825000331737,58.764667017385364,0.007708003977313638,570.64062502468
optimistic,100,bramev_event_score,42,42,42,t00144-c00057,57,144,9,9,True,1,66.77004101220518,570.4816250072327,0.15629100380465388,0.00708398874849081,570.6449999997858
optimistic,100,bramev_event_score,42,42,42,t00147-c00022,22,147,9,8,True,1,102.81391598982736,984.6246659872122,0.021499989088624716,0.017959013348445296,984.6641249896493
optimistic,100,bramev_event_score,42,42,42,t00149-c00048,48,149,3,3,True,1,18.791833019349724,100.83091701380908,0.019458006136119366,0.0177919864654541,100.86816700641066
optimistic,100,bramev_event_score,42,42,42,t00150-c00048,48,150,3,2,True,1,44.1907079948578,101.83087500627153,0.018041988369077444,0.01579101081006229,101.86470800545067
optimistic,100,bramev_event_score,42,42,42,t00153-c00046,46,153,10,10,True,1,53.15158300800249,407.7621670148801,0.020832987502217293,0.016417005099356174,407.7994170074817
optimistic,100,bramev_event_score,42,42,42,t00155-c00004,4,155,4,4,True,1,55.432041990570724,379.2119589925278,0.017833022866398096,0.016749982023611665,379.2465419974178
optimistic,100,bramev_event_score,42,42,42,t00156-c00017,17,156,7,7,True,1,44.2847500089556,243.05591700249352,0.01720801810733974,0.014166987966746092,243.0872920085676
optimistic,100,bramev_event_score,42,42,42,t00157-c00060,60,157,5,5,True,1,43.58329199021682,312.973249994684,0.01983399852178991,0.016708014300093055,313.0097920075059
optimistic,100,bramev_event_score,42,42,42,t00158-c00029,29,158,6,6,True,1,64.1669169999659,570.9912499878556,0.02066700835712254,0.018749997252598405,571.0306669934653
optimistic,100,bramev_event_score,42,42,42,t00159-c00097,97,159,3,3,True,1,42.97387498081662,260.2989169827197,0.021832995116710663,0.01562500256113708,260.3363749803975
optimistic,100,bramev_event_score,42,42,42,t00160-c00055,55,160,6,6,True,1,39.97250000247732,237.2084160160739,0.02099998528137803,0.014125020243227482,237.2435410215985
optimistic,100,bramev_event_score,42,42,42,t00161-c00065,65,161,4,4,True,1,16.441166982986033,88.04033399792388,0.018874998204410076,0.012333010090515018,88.0715420062188
optimistic,100,bramev_event_score,42,42,42,t00162-c00080,80,162,5,5,True,1,18.071500002406538,288.7664170120843,0.02012500772252679,0.014332996215671301,288.8008750160225
optimistic,100,bramev_event_score,42,42,42,t00163-c00041,41,163,6,6,True,1,18.442333006532863,343.9967079902999,0.019416998839005828,0.016666017472743988,344.03279100661166
optimistic,100,bramev_event_score,42,42,42,t00164-c00041,41,164,4,4,True,1,31.42737501184456,381.9688330113422,0.018708989955484867,0.016041012713685632,382.0035830140114
optimistic,100,bramev_event_score,42,42,42,t00167-c00098,98,167,7,7,True,1,95.66162497503683,496.8725409999024,0.02445897553116083,0.014250021195039153,496.9112499966286
optimistic,100,bramev_event_score,42,42,42,t00174-c00054,54,174,3,3,True,1,55.3969590109773,232.5668340199627,0.021415995433926582,0.01720900763757527,232.6054590230342
optimistic,100,bramev_event_score,42,42,42,t00175-c00054,54,175,3,2,True,1,104.1420410037972,281.05150000192225,0.016375008272007108,0.013249984476715326,281.081124994671
optimistic,100,bramev_event_score,42,42,42,t00176-c00078,78,176,13,13,True,1,55.01516701770015,663.7075000035111,0.025792018277570605,0.01766698551364243,663.7509590073023
optimistic,100,bramev_event_score,42,42,42,t00177-c00034,34,177,3,3,True,1,16.73958299215883,76.77524999598972,0.013957993360236287,0.011625001206994057,76.80083299055696
optimistic,100,bramev_event_score,42,42,42,t00179-c00088,88,179,3,3,True,1,181.788374989992,519.9475419940427,24.945291981566697,0.014208024367690086,544.9070419999771
optimistic,100,bramev_event_score,42,42,42,t00179-c00092,92,179,8,8,True,1,47.426374978385866,544.8342079762369,0.09683301323093474,0.008125003660097718,544.939165993128
optimistic,100,bramev_event_score,42,42,42,t00180-c00092,92,180,11,11,True,1,52.278666000347584,410.2903330058325,0.026166992029175162,0.015083001926541328,410.3315829997882
optimistic,100,bramev_event_score,42,42,42,t00182-c00056,56,182,7,7,True,1,119.02229199768044,605.6812919850927,0.021042011212557554,0.015458004781976342,605.7177920010872
optimistic,100,bramev_event_score,42,42,42,t00186-c00033,33,186,7,7,True,1,92.99841700703837,576.2462080165278,114.83983398647979,0.017000013031065464,691.1030420160387
optimistic,100,bramev_event_score,42,42,42,t00186-c00047,47,186,8,7,True,1,24.751999997533858,691.0272089880891,0.11791600263677537,0.008584000170230865,691.1537089908961
optimistic,100,bramev_event_score,42,42,42,t00188-c00083,83,188,5,5,True,1,108.82895800750703,491.7192500142846,0.024957989808171988,0.017291982658207417,491.761499986751
optimistic,100,bramev_event_score,42,42,42,t00189-c00040,40,189,5,5,True,1,21.854499995242804,131.6599169804249,0.015958008589223027,0.012792006600648165,131.68866699561477
optimistic,100,bramev_event_score,42,42,42,t00190-c00012,12,190,4,4,True,1,115.3039580094628,459.33616600814275,0.01504199462942779,0.015124998753890395,459.3663330015261
optimistic,100,bramev_event_score,42,42,42,t00190-c00055,55,190,7,4,True,1,47.703832999104634,322.9382080025971,136.4722920116037,0.006166985258460045,459.41666699945927
optimistic,100,bramev_event_score,42,42,42,t00191-c00012,12,191,7,7,True,1,29.135124990716577,320.2306659950409,0.016959005733951926,0.016165984561666846,320.2637909853365
optimistic,100,bramev_event_score,42,42,42,t00192-c00012,12,192,4,4,True,1,33.385957998689264,259.68062499305233,0.014874996850267053,0.01320798764936626,259.70870797755197
optimistic,100,bramev_event_score,42,42,42,t00198-c00020,20,198,3,3,True,1,30.315709009300917,136.58312501502223,0.012959004379808903,0.011541007552295923,136.60762502695434
optimistic,100,bramev_event_score,42,42,42,t00200-c00062,62,200,3,3,True,1,32.804249989567325,146.00499998778105,0.019917002646252513,0.013541022781282663,146.03845801320858
optimistic,100,bramev_event_score,42,42,42,t00202-c00085,85,202,3,3,True,1,53.340749989729375,164.48495900840499,0.01912500010803342,0.012625008821487427,164.5167090173345
optimistic,100,bramev_event_score,42,42,42,t00203-c00077,77,203,7,7,True,1,137.81254200148396,528.2746250159107,0.022333988454192877,0.015583005733788013,528.3125420100987
optimistic,100,bramev_event_score,42,42,42,t00203-c00085,85,203,3,3,True,1,53.92375000519678,483.8578329945449,44.488584011560306,0.006082991603761911,528.352499997709
optimistic,100,bramev_event_score,42,42,42,t00207-c00035,35,207,4,4,True,1,31.501874997047707,148.78329198108986,0.01812499249354005,0.012500007869675756,148.81391698145308
optimistic,100,bramev_event_score,42,42,42,t00210-c00013,13,210,6,6,True,1,45.353082998190075,254.15774999419227,0.016833015251904726,0.01462499494664371,254.18920800439082
optimistic,100,bramev_event_score,42,42,42,t00211-c00037,37,211,7,7,True,1,38.465874997200444,203.2494580198545,0.019624974811449647,0.013833021512255073,203.2829160161782
optimistic,100,bramev_event_score,42,42,42,t00213-c00049,49,213,4,4,True,1,37.154082994675264,160.8754159824457,0.01845901715569198,0.014165998436510563,160.9080409980379
optimistic,100,bramev_event_score,42,42,42,t00214-c00064,64,214,8,8,True,1,43.11291698832065,265.2452919865027,0.020583014702424407,0.012667005648836493,265.27854200685397
optimistic,100,bramev_event_score,42,42,42,t00215-c00031,31,215,14,14,True,1,61.71858299057931,827.717083011521,0.023083004634827375,0.022624997654929757,827.7627910138108
optimistic,100,bramev_event_score,42,42,42,t00217-c00081,81,217,10,10,True,1,66.28120900131762,470.71433399105445,0.026375026209279895,0.01641598646529019,470.757125003729
optimistic,100,bramev_event_score,42,42,42,t00217-c00099,99,217,7,7,True,1,66.24262500554323,470.67562499432825,0.10891602141782641,0.006624992238357663,470.79116600798443
optimistic,100,bramev_event_score,42,42,42,t00218-c00099,99,218,9,9,True,1,59.336583013646305,407.30258301482536,0.0277079816441983,0.016667007002979517,407.34695800347254
optimistic,100,bramev_event_score,42,42,42,t00225-c00068,68,225,1,1,True,1,52.91254201438278,52.91254201438278,0.014457997167482972,0.01041698851622641,52.93741700006649
optimistic,100,bramev_event_score,42,42,42,t00226-c00066,66,226,4,4,True,1,70.51220801076852,324.1043330053799,0.020292005501687527,0.014124991139397025,324.13875000202097
optimistic,100,bramev_event_score,42,42,42,t00227-c00059,59,227,9,9,True,1,48.61195900593884,345.9993340075016,0.02216600114479661,0.016584002878516912,346.0380840115249
optimistic,100,bramev_event_score,42,42,42,t00229-c00043,43,229,6,6,True,1,47.84858299535699,294.8180829989724,0.019041995983570814,0.015666999388486147,294.85279199434444
optimistic,100,bramev_event_score,42,42,42,t00236-c00090,90,236,3,3,True,1,26.713083003414795,133.74083300004713,0.02095900708809495,0.012665987014770508,133.77445799415
optimistic,100,bramev_event_score,42,42,42,t00237-c00090,90,237,4,4,True,1,33.466875000158325,187.48645900632255,0.020749983377754688,0.014332996215671301,187.52154198591597
optimistic,100,bramev_event_score,42,42,42,t00244-c00024,24,244,14,14,True,1,69.74404101492837,978.5786250140518,0.02279097680002451,0.01933402381837368,978.6207500146702
optimistic,100,bramev_event_score,42,42,42,t00245-c00024,24,245,10,10,True,1,59.604625013889745,865.3252079966478,145.6106250116136,0.01812499249354005,1010.9539580007549
optimistic,100,bramev_event_score,42,42,42,t00245-c00085,85,245,4,4,True,1,165.6537500093691,1010.8690409979317,0.1130840100813657,0.005915993824601173,1010.9880410018377
optimistic,100,bramev_event_score,42,42,42,t00246-c00088,88,246,3,2,True,1,156.46541700698435,432.742708013393,0.023208995116874576,0.017040991224348545,432.7829579997342
optimistic,100,bramev_event_score,42,42,42,t00247-c00088,88,247,3,1,True,1,118.8973749813158,118.8973749813158,21.057542006019503,0.021957996068522334,139.97687498340383
optimistic,100,bramev_event_score,42,42,42,t00248-c00005,5,248,8,8,True,1,30.47575001255609,246.80529101169668,0.01766698551364243,0.01575000351294875,246.83870800072327
optimistic,100,bramev_event_score,42,42,42,t00252-c00053,53,252,9,9,True,1,24.106833996484056,193.55129200266674,0.018999999156221747,0.014791992725804448,193.58508399454877
optimistic,100,bramev_event_score,42,42,42,t00256-c00031,31,256,3,2,True,1,123.68562500341795,202.91500000166707,0.017250014934688807,0.013249984476715326,202.94550000107847
optimistic,100,bramev_event_score,42,42,42,t00257-c00076,76,257,6,6,True,1,97.55716699874029,609.7227080026641,0.022624997654929757,0.016875012079253793,609.7622080123983
optimistic,100,bramev_event_score,42,42,42,t00260-c00050,50,260,6,6,True,1,54.32899997686036,277.0174589823,0.019166007405146956,0.016125006368383765,277.05274999607354
optimistic,100,bramev_event_score,42,42,42,t00261-c00007,7,261,4,3,True,1,33.78562501166016,135.7378330139909,0.01233298098668456,0.012208998668938875,135.76237499364652
optimistic,100,bramev_event_score,42,42,42,t00262-c00008,8,262,3,3,True,1,66.56549999024719,675.0306249887217,226.8775000120513,0.015208002878353,901.9233330036514
optimistic,100,bramev_event_score,42,42,42,t00262-c00023,23,262,7,7,True,1,137.3545000096783,813.0965419986751,88.88691701577045,0.00795800588093698,901.9914170203265
optimistic,100,bramev_event_score,42,42,42,t00262-c00059,59,262,5,5,True,1,301.57683399738744,901.8186669854913,0.16466699889861047,0.006458023563027382,901.9897920079529
optimistic,100,bramev_event_score,42,42,42,t00263-c00008,8,263,6,6,True,1,66.0857499751728,440.4419579950627,0.018708000425249338,0.017416983610019088,440.47808297909796
optimistic,100,bramev_event_score,42,42,42,t00265-c00002,2,265,4,4,True,1,267.0867080159951,1175.5045000172686,0.016290985513478518,0.016834004782140255,1175.5376250075642
optimistic,100,bramev_event_score,42,42,42,t00265-c00019,19,265,5,5,True,1,90.481416991679,1024.0511249867268,151.53075000853278,0.007624999852851033,1175.5894999951124
optimistic,100,bramev_event_score,42,42,42,t00265-c00027,27,265,11,11,True,1,135.01704201917164,1115.3340419987217,60.25229100487195,0.00795899541117251,1175.5942919990048
optimistic,100,bramev_event_score,42,42,42,t00266-c00006,6,266,5,5,True,1,390.1415409927722,992.2040829842445,220.13179201167077,0.014165998436510563,1212.3500409943517
optimistic,100,bramev_event_score,42,42,42,t00266-c00027,27,266,6,5,True,1,53.700582997407764,1066.1912909999955,146.18141698883846,0.007041991921141744,1212.3797499807552
optimistic,100,bramev_event_score,42,42,42,t00266-c00036,36,266,11,11,True,1,146.83054201304913,1212.2454589989502,0.1305410114582628,0.006916990969330072,1212.3829170013778
optimistic,100,bramev_event_score,42,42,42,t00268-c00069,69,268,9,9,True,1,57.87920899456367,416.4182090025861,0.02475001383572817,0.01912500010803342,416.46208401652984
optimistic,100,bramev_event_score,42,42,42,t00269-c00053,53,269,6,6,True,1,32.5323749857489,187.47545799124055,0.020832987502217293,0.014125020243227482,187.510415998986
optimistic,100,bramev_event_score,42,42,42,t00279-c00018,18,279,5,5,True,1,22.03591601573862,120.07079101749696,0.017084006685763597,0.014082994312047958,120.10195801849477
optimistic,100,bramev_event_score,42,42,42,t00292-c00052,52,292,9,9,True,1,122.40366599871777,891.8617079907563,0.0228749995585531,0.021207990357652307,891.9057909806725
optimistic,100,bramev_event_score,42,42,42,t00293-c00052,52,293,3,3,True,1,73.36645902250893,358.0966670124326,0.02012500772252679,0.017916987417265773,358.1347090075724
optimistic,100,bramev_event_score,42,42,42,t00294-c00006,6,294,4,3,True,1,43.753250007284805,169.173583999509,17.871250020107254,0.02508299075998366,187.06991701037623
optimistic,100,bramev_event_score,42,42,42,t00296-c00010,10,296,9,9,True,1,61.705209023784846,657.0497920038179,0.020625011529773474,0.017624988686293364,657.0880420040339
optimistic,100,bramev_event_score,42,42,42,t00302-c00063,63,302,7,7,True,1,60.292125010164455,303.01158301881514,0.022833002731204033,0.016083999071270227,303.0505000206176
optimistic,100,bramev_event_score,42,42,42,t00303-c00065,65,303,7,7,True,1,31.846707977820188,237.93049997766502,0.022042018827050924,0.015415978850796819,237.96795797534287
optimistic,100,bramev_event_score,42,42,42,t00306-c00087,87,306,3,3,True,1,71.80016601341777,304.405166010838,54.09370898269117,0.013750017387792468,358.51262501091696
optimistic,100,bramev_event_score,42,42,42,t00306-c00096,96,306,4,4,True,1,40.164167003240436,358.4391250042245,0.10162501712329686,0.006916990969330072,358.5476670123171
optimistic,100,bramev_event_score,42,42,42,t00311-c00000,0,311,5,5,True,1,95.742582983803,455.7119579985738,0.01783299376256764,0.017041980754584074,455.74683297309093
optimistic,100,bramev_event_score,42,42,42,t00311-c00039,39,311,4,4,True,1,61.653500015381724,455.6732499913778,0.11337501928210258,0.00695799826644361,455.79358300892636
optimistic,100,bramev_event_score,42,42,42,t00315-c00071,71,315,9,9,True,1,49.97608400299214,461.14500000840053,0.02470900653861463,0.017874990589916706,461.18758400552906
optimistic,100,bramev_event_score,42,42,42,t00315-c00082,82,315,3,3,True,1,178.63199999555945,416.8597499956377,44.37033401336521,0.006624992238357663,461.23670900124125
optimistic,100,bramev_event_score,42,42,42,t00316-c00082,82,316,3,3,True,1,17.832167010055855,98.95708301337436,0.018166989320889115,0.014042016118764877,98.98929201881401
optimistic,100,bramev_event_score,42,42,42,t00318-c00038,38,318,8,7,True,1,97.9937499796506,497.17933297506534,35.21841700421646,0.01462499494664371,532.4123749742284
optimistic,100,bramev_event_score,42,42,42,t00318-c00093,93,318,7,7,True,1,97.95279198442586,532.3370839760173,0.10333300451748073,0.006500020390376449,532.4469170009252
optimistic,100,bramev_event_score,42,42,42,t00319-c00084,84,319,8,8,True,1,62.970457976916805,553.4234579827171,0.02662499900907278,0.017417012713849545,553.46749999444
optimistic,100,bramev_event_score,42,42,42,t00320-c00084,84,320,5,5,True,1,32.047999993665144,217.8467079938855,0.023041997337713838,0.016167003195732832,217.88591699441895
optimistic,100,bramev_event_score,42,42,42,t00324-c00074,74,324,8,8,True,1,51.84358399128541,293.7656669819262,0.02316699828952551,0.014165998436510563,293.8029999786522
optimistic,100,bramev_event_score,42,42,42,t00325-c00046,46,325,6,6,True,1,58.95537498872727,266.53412499581464,0.01937500201165676,0.014499993994832039,266.5679999918211
optimistic,100,bramev_event_score,42,42,42,t00326-c00061,61,326,4,4,True,1,101.82345801149495,473.5897080099676,0.02316699828952551,0.01937500201165676,473.63225001026876
optimistic,100,bramev_event_score,42,42,42,t00327-c00065,65,327,8,4,True,1,46.16349999560043,164.28212498431094,0.019291008356958628,0.01462499494664371,164.31604098761454
optimistic,100,bramev_event_score,42,42,42,t00328-c00065,65,328,7,3,True,1,81.6772079851944,149.35416699154302,0.018040998838841915,0.012834003427997231,149.38504199380986
optimistic,100,bramev_event_score,42,42,42,t00330-c00001,1,330,9,9,True,1,53.84895799215883,355.957457999466,0.017291982658207417,0.014667020877823234,355.989417003002
optimistic,100,bramev_event_score,42,42,42,t00332-c00048,48,332,3,3,True,1,68.20270800380968,214.11320799961686,0.01704200985841453,0.01291598891839385,214.14316599839367
optimistic,100,bramev_event_score,42,42,42,t00334-c00018,18,334,4,4,True,1,44.291250000242144,254.7957910283003,0.01624997821636498,0.015124998753890395,254.82716600527056
optimistic,100,bramev_event_score,42,42,42,t00336-c00030,30,336,7,7,True,1,34.83745799167082,294.07645799801685,0.018708000425249338,0.014999997802078724,294.1101659962442
optimistic,100,bramev_event_score,42,42,42,t00338-c00079,79,338,8,8,True,1,53.83400002028793,456.3478330092039,0.0237500062212348,0.015458004781976342,456.3870410202071
optimistic,100,bramev_event_score,42,42,42,t00341-c00014,14,341,7,7,True,1,74.95466698310338,327.350709005259,0.017915997887030244,0.014124991139397025,327.3827499942854
optimistic,100,bramev_event_score,42,42,42,t00344-c00081,81,344,7,7,True,1,34.55166699131951,186.89258399535902,0.0219999928958714,0.012250005966052413,186.92683399422094
optimistic,100,bramev_event_score,42,42,42,t00345-c00089,89,345,9,9,True,1,45.78479198971763,348.91479200450704,0.02591600059531629,0.01404198701493442,348.9547499921173
optimistic,100,bramev_event_score,42,42,42,t00346-c00067,67,346,4,4,True,1,24.874249997083098,101.47787499590777,0.015583995264023542,0.010624993592500687,101.50408398476429
optimistic,100,bramev_event_score,42,42,42,t00348-c00038,38,348,4,4,True,1,48.76166599569842,265.2291250124108,0.017499987734481692,0.015166006051003933,265.2617910061963
optimistic,100,bramev_event_score,42,42,42,t00349-c00032,32,349,8,7,True,1,44.217165996087715,332.25020801182836,0.018916995031759143,0.01654098741710186,332.2856659942772
optimistic,100,bramev_event_score,42,42,42,t00351-c00094,94,351,3,3,True,1,100.3447909897659,377.128874999471,0.02320797648280859,0.015249999705702066,377.1673329756595
optimistic,100,bramev_event_score,42,42,42,t00353-c00021,21,353,11,11,True,1,60.4584579996299,952.2584579826798,43.877791991690174,0.01675001112744212,996.1529999854974
optimistic,100,bramev_event_score,42,42,42,t00353-c00075,75,353,8,8,True,1,155.84454100462608,996.0728749865666,0.11625001206994057,0.0077500008046627045,996.1968749994412
optimistic,100,bramev_event_score,42,42,42,t00354-c00075,75,354,8,8,True,1,29.964583984110504,239.47174998465925,0.023083994165062904,0.014625024050474167,239.5094590028748
optimistic,100,bramev_event_score,42,42,42,t00356-c00046,46,356,11,11,True,1,44.9172499938868,478.2472499937285,0.022249994799494743,0.01562500256113708,478.2851249910891
optimistic,100,bramev_event_score,42,42,42,t00359-c00058,58,359,8,8,True,1,45.387167017906904,366.581167007098,0.02170799416489899,0.015541998436674476,366.61841699969955
optimistic,100,bramev_event_score,42,42,42,t00361-c00003,3,361,12,12,True,1,71.65958298719488,978.6650419991929,0.02112501533702016,0.017790996935218573,978.7039580114651
optimistic,100,bramev_event_score,42,42,42,t00362-c00003,3,362,11,10,True,1,246.0995000146795,1632.604790996993,0.021500018192455173,0.016874982975423336,1632.6431659981608
optimistic,100,bramev_event_score,42,42,42,t00362-c00045,45,362,8,8,True,1,246.05966699891724,1632.5645000033546,0.1262500009033829,0.007708993507549167,1632.6984589977656
optimistic,100,bramev_event_score,42,42,42,t00364-c00025,25,364,7,5,True,1,49.41124998731539,507.5481249950826,0.019750004867091775,0.015166006051003933,507.5830410060007
optimistic,100,bramev_event_score,42,42,42,t00364-c00055,55,364,7,5,True,1,91.46516601322219,507.5083330157213,0.10870798723772168,0.006000016583129764,507.62304101954214
optimistic,100,bramev_event_score,42,42,42,t00368-c00001,1,368,4,2,True,1,49.47662499034777,459.13141599157825,0.012459000572562218,0.01491600414738059,459.1587909962982
optimistic,100,bramev_event_score,42,42,42,t00368-c00043,43,368,7,7,True,1,107.86824999377131,397.395542007871,61.80854098056443,0.008834002073854208,459.21291699050926
optimistic,100,bramev_event_score,42,42,42,t00369-c00015,15,369,3,2,True,1,119.5032500254456,249.64895902667195,29.55037498031743,0.013290991773828864,279.2126249987632
optimistic,100,bramev_event_score,42,42,42,t00369-c00040,40,369,8,8,True,1,31.296834000386298,279.1459590080194,0.12349997996352613,0.008458009688183665,279.2779169976711
optimistic,100,bramev_event_score,42,42,42,t00370-c00015,15,370,5,2,True,1,62.902792007662356,105.07025002152659,37.80662498320453,0.012250005966052413,142.88912501069717
optimistic,100,bramev_event_score,42,42,42,t00370-c00034,34,370,3,3,True,1,23.23299998533912,142.8234170016367,0.09066599886864424,0.005624984623864293,142.9197079851292
optimistic,100,bramev_event_score,42,42,42,t00377-c00080,80,377,5,5,True,1,64.07412502449006,343.752917018719,0.020541978301480412,0.015208002878353,343.78866699989885
optimistic,100,bramev_event_score,42,42,42,t00379-c00026,26,379,3,3,True,1,32.9714999825228,133.29133298248053,0.014999997802078724,0.011541997082531452,133.31787497736514
optimistic,100,bramev_event_score,42,42,42,t00380-c00017,17,380,10,10,True,1,46.88912502024323,1044.2954580066726,0.01925000105984509,0.01620801049284637,1044.3309160182253
optimistic,100,bramev_event_score,42,42,42,t00380-c00095,95,380,4,4,True,1,275.78141598496586,925.240374985151,119.12204101099633,0.006958987796679139,1044.369374983944
optimistic,100,bramev_event_score,42,42,42,t00381-c00033,33,381,6,6,True,1,32.402209006249905,922.0934589975514,102.92916602338664,0.0153339933604002,1025.0379590142984
optimistic,100,bramev_event_score,42,42,42,t00381-c00078,78,381,12,12,True,1,90.40999997523613,1024.9616249930114,0.11600001016631722,0.009166978998109698,1025.0867919821758
optimistic,100,bramev_event_score,42,42,42,t00384-c00038,38,384,7,5,True,1,47.394583001732826,293.4126250038389,0.01837499439716339,0.014791992725804448,293.4457919909619
optimistic,100,bramev_event_score,42,42,42,t00385-c00038,38,385,7,3,True,1,68.05866697686724,139.58033299422823,10.882292001042515,0.013832992408424616,150.47645798767917
optimistic,100,bramev_event_score,42,42,42,t00386-c00042,42,386,7,7,True,1,96.07541700825095,480.2350829995703,0.018749997252598405,0.014084012946113944,480.267917009769
optimistic,100,bramev_event_score,42,42,42,t00386-c00092,92,386,3,3,True,1,20.337499998277053,426.97658299584873,53.31758302054368,0.005916983354836702,480.30008299974725
optimistic,100,bramev_event_score,42,42,42,t00390-c00046,46,390,4,4,True,1,72.61862498125993,410.49762498005293,0.025957997422665358,0.021957996068522334,410.5455409735441
optimistic,100,bramev_event_score,42,42,42,t00391-c00037,37,391,5,5,True,1,94.06612499151379,509.9299580033403,0.018916995031759143,0.01479100319556892,509.9636660015676
optimistic,100,bramev_event_score,42,42,42,t00391-c00046,46,391,5,3,True,1,54.14883402409032,447.94050001655705,62.049291998846456,0.006291986210271716,509.9960840016138
optimistic,100,bramev_event_score,42,42,42,t00394-c00044,44,394,8,7,True,1,130.24500000756234,716.7534159962088,0.019292026991024613,0.015124998753890395,716.7878330219537
optimistic,100,bramev_event_score,42,42,42,t00394-c00091,91,394,5,5,True,1,52.156457997625694,663.3538749883883,53.46049999934621,0.005917012458667159,716.8202920001931
optimistic,100,bramev_event_score,42,42,42,t00395-c00035,35,395,9,9,True,1,54.964000009931624,405.7431250112131,0.021167012164369226,0.017207989003509283,405.781500012381
optimistic,100,bramev_event_score,42,42,42,t00399-c00072,72,399,3,3,True,1,84.63224998558871,558.6745409818832,84.21975001692772,0.017166981706395745,642.9114579805173
optimistic,100,bramev_event_score,42,42,42,t00399-c00086,86,399,8,8,True,1,130.01512497430667,642.8314169752412,0.13858301099389791,0.008125003660097718,642.9781249898952
optimistic,100,bramev_event_score,42,42,42,t00400-c00072,72,400,5,5,True,1,56.31958399317227,405.09429198573343,0.021249987185001373,0.014917022781446576,405.1304589956999
optimistic,100,bramev_event_score,42,42,42,t00401-c00072,72,401,5,4,True,1,115.79954202170484,564.9113750259858,0.020791980205103755,0.016041012713685632,564.9482080189046
optimistic,100,bramev_event_score,42,42,42,t00402-c00070,70,402,3,3,True,1,28.84262497536838,135.26412498322316,0.019208004232496023,0.014749995898455381,135.2980829833541
optimistic,100,bramev_event_score,42,42,42,t00407-c00097,97,407,8,8,True,1,136.07549999142066,877.1337090001907,0.02466599107719958,0.015459023416042328,877.173834014684
optimistic,100,bramev_event_score,42,42,42,t00408-c00011,11,408,3,3,True,1,47.90674999821931,797.3488749994431,182.7352500113193,0.016082980437204242,980.1002079911996
optimistic,100,bramev_event_score,42,42,42,t00408-c00012,12,408,7,7,True,1,102.8500419924967,916.1880000028759,63.95604199497029,0.008125003660097718,980.1521670015063
optimistic,100,bramev_event_score,42,42,42,t00408-c00049,49,408,4,4,True,1,147.5404169759713,979.9928329885006,0.15283399261534214,0.006250018486753106,980.1519169996027
optimistic,100,bramev_event_score,42,42,42,t00409-c00016,16,409,7,5,True,1,49.48583399527706,239.54737500753254,28.313124988926575,0.01820901525206864,267.8787090117112
optimistic,100,bramev_event_score,42,42,42,t00413-c00005,5,413,4,4,True,1,19.817541004158556,107.72154098958708,0.012959004379808903,0.012125005014240742,107.74662499898113
optimistic,100,bramev_event_score,42,42,42,t00419-c00009,9,419,13,13,True,1,53.42924999422394,648.5325419926085,0.023250002413988113,0.019083003280684352,648.5748749983031
optimistic,100,bramev_event_score,42,42,42,t00422-c00090,90,422,5,5,True,1,23.04437500424683,136.54387500719167,0.01983399852178991,0.01258301199413836,136.5762920177076
optimistic,100,bramev_event_score,42,42,42,t00424-c00007,7,424,4,3,True,1,40.098416997352615,138.41012498596683,0.012750009773299098,0.012042000889778137,138.4349169966299
optimistic,100,bramev_event_score,42,42,42,t00425-c00041,41,425,5,5,True,1,139.23137498204596,1489.6428339998238,0.019166007405146956,0.015624973457306623,1489.6776249806862
optimistic,100,bramev_event_score,42,42,42,t00425-c00068,68,425,0,0,False,0,,,,,
optimistic,100,bramev_event_score,42,42,42,t00425-c00073,73,425,12,12,True,1,84.22916699782945,1392.6728749938775,97.00862498721108,0.008625007467344403,1489.690124988556
optimistic,100,bramev_event_score,42,42,42,t00426-c00068,68,426,3,3,True,1,26.095583016285673,164.99308301717974,0.020082981791347265,0.0162090000230819,165.02937499899417
optimistic,100,bramev_event_score,42,42,42,t00427-c00068,68,427,3,2,True,1,34.048166999127716,87.04291700269096,0.017125013982877135,0.013665994629263878,87.0737080113031
optimistic,100,bramev_event_score,42,42,42,t00428-c00062,62,428,4,4,True,1,28.239583014510572,148.7152080226224,0.01612497726455331,0.01387501833960414,148.74520801822655
optimistic,100,bramev_event_score,42,42,42,t00429-c00099,99,429,4,4,True,1,38.74545797589235,182.17695798375644,0.022167019778862596,0.015582976629957557,182.21470798016526
optimistic,100,bramev_event_score,42,42,42,t00430-c00047,47,430,14,14,True,1,36.34937497554347,546.234541980084,0.02404101542197168,0.016749982023611665,546.2753329775296
optimistic,100,bramev_event_score,42,42,42,t00432-c00083,83,432,5,5,True,1,139.5464590168558,663.8801250082906,0.02316699828952551,0.015708006685599685,663.9190000132658
optimistic,100,bramev_event_score,42,42,42,t00434-c00056,56,434,8,7,True,1,103.96479099290445,499.62691598921083,16.81608401122503,0.03187500988133252,516.4748750103172
optimistic,100,bramev_event_score,42,42,42,t00435-c00057,57,435,3,3,True,1,34.942583995871246,143.235208990518,0.01954101026058197,0.015208992408588529,143.26995899318717
optimistic,100,bramev_event_score,42,42,42,t00436-c00064,64,436,4,4,True,1,24.545708001824096,154.73683300660923,0.019625003915280104,0.01654197694733739,154.77299998747185
optimistic,100,bramev_event_score,42,42,42,t00440-c00077,77,440,4,4,True,1,66.62966599105857,373.94033299642615,0.023832981241866946,0.01562500256113708,373.97979098022915
optimistic,100,bramev_event_score,42,42,42,t00443-c00028,28,443,13,13,True,1,52.250833017751575,820.826791023137,0.023250002413988113,0.018499995348975062,820.8685410209
optimistic,100,bramev_event_score,42,42,42,t00446-c00044,44,446,4,3,True,1,59.337708982639015,215.269083972089,0.01675001112744212,0.013832992408424616,215.29966697562486
optimistic,100,bramev_event_score,42,42,42,t00447-c00090,90,447,7,7,True,1,41.03608400328085,352.47533398796804,0.024375010980293155,0.016000005416572094,352.5157090043649
optimistic,100,bramev_event_score,42,42,42,t00448-c00013,13,448,7,7,True,1,173.83924999739975,706.8521670007613,110.45775000820868,0.016667007002979517,817.3265840159729
optimistic,100,bramev_event_score,42,42,42,t00448-c00084,84,448,8,8,True,1,72.13945800322108,817.2451670106966,0.11633298709057271,0.008208007784560323,817.3697080055717
optimistic,100,bramev_event_score,42,42,42,t00449-c00024,24,449,3,3,True,1,58.68633298086934,543.10962499585,185.80999999539927,0.01579101081006229,728.9354160020594
optimistic,100,bramev_event_score,42,42,42,t00449-c00029,29,449,7,7,True,1,117.37395799718797,728.8636250013951,0.10516599286347628,0.008208997314795852,728.9769999915734
optimistic,100,bramev_event_score,42,42,42,t00455-c00053,53,455,6,3,True,1,15.822916000615805,110.62341599608772,0.015166995581239462,0.012957985745742917,110.6515409774147
optimistic,100,bramev_event_score,42,42,42,t00458-c00000,0,458,3,3,True,1,43.53758299839683,114.77445799391717,0.012957985745742917,0.012250005966052413,114.79966598562896
optimistic,100,bramev_event_score,42,42,42,t00464-c00067,67,464,3,3,True,1,34.202209004433826,148.03629199741408,0.01895800232887268,0.01362498733215034,148.0688749870751
optimistic,100,bramev_event_score,42,42,42,t00467-c00081,81,467,10,10,True,1,15.86054201470688,183.4567500045523,0.023333006538450718,0.014958990504965186,183.49504200159572
optimistic,100,bramev_event_score,42,42,42,t00468-c00022,22,468,5,3,True,1,137.89291700231843,563.1789590115659,0.02025000867433846,0.014833000022917986,563.2140420202632
optimistic,100,bramev_event_score,42,42,42,t00468-c00081,81,468,12,12,True,1,25.62533301534131,563.1402500148397,0.13054098235443234,0.00995901064015925,563.2807500078343
optimistic,100,bramev_event_score,42,42,42,t00470-c00020,20,470,8,8,True,1,97.32287502265535,590.1602090161759,0.020624982425943017,0.01866600359790027,590.1995000021998
optimistic,100,bramev_event_score,42,42,42,t00471-c00002,2,471,6,6,True,1,25.808208010857925,248.09245800133795,0.016667007002979517,0.016292004147544503,248.12541701248847
optimistic,100,bramev_event_score,42,42,42,t00476-c00051,51,476,12,12,True,1,158.1157080072444,1766.1947500018869,0.026749999960884452,0.02029098686762154,1766.2417909887154
optimistic,100,bramev_event_score,42,42,42,t00476-c00096,96,476,3,3,True,1,25.20141698187217,1556.5942079992965,209.68583397916518,0.006583024514839053,1766.2866250029765
optimistic,100,bramev_event_score,42,42,42,t00487-c00050,50,487,3,3,True,1,34.60941699449904,105.36654200404882,0.016000005416572094,0.011749973054975271,105.39429198252037
optimistic,100,bramev_event_score,42,42,42,t00488-c00031,31,488,7,6,True,1,72.97579199075699,304.456666985061,15.33358302549459,0.0228749995585531,319.81312501011416
optimistic,100,bramev_event_score,42,42,42,t00489-c00031,31,489,7,6,True,1,34.76512499037199,153.6893339944072,13.75712500885129,0.014874996850267053,167.46133400010876
optimistic,100,bramev_event_score,42,42,42,t00490-c00024,24,490,0,0,False,0,,,,,
optimistic,100,bramev_event_score,42,42,42,t00490-c00031,31,490,7,6,True,1,74.94725001743063,309.0559999982361,15.097834024345502,0.017332989955320954,324.1711670125369
optimistic,100,bramev_event_score,42,42,42,t00491-c00024,24,491,3,2,True,1,66.872916999273,118.90520798624493,16.79700001841411,0.018208986148238182,135.72041699080728
optimistic,100,bramev_event_score,42,42,42,t00492-c00098,98,492,4,4,True,1,95.34629198606126,581.2708329758607,0.02183401375077665,0.015166006051003933,581.3078329956625
optimistic,100,bramev_event_score,42,42,42,t00496-c00063,63,496,5,5,True,1,30.40320801665075,221.74362500663847,0.02037500962615013,0.014457997167482972,221.7784580134321
optimistic,100,bramev_event_score,42,42,42,t00497-c00018,18,497,8,8,True,1,41.49350000079721,295.93224998097867,0.01895800232887268,0.013542012311518192,295.96474999561906
optimistic,100,bramev_event_score,42,42,42,t00501-c00069,69,501,9,9,True,1,84.25741700921208,575.5096669890918,0.023083004634827375,0.016958016203716397,575.5497080099303
optimistic,100,bramev_event_score,42,42,42,t00503-c00023,23,503,3,3,True,1,33.69687500526197,196.43949999590404,0.018125021597370505,0.016915990272536874,196.47454100777395
optimistic,100,bramev_event_score,42,42,42,t00506-c00004,4,506,4,4,True,1,134.48358300956897,658.6125419999007,0.01575000351294875,0.018332997569814324,658.6466250009835
optimistic,100,bramev_event_score,42,42,42,t00506-c00034,34,506,5,5,True,1,23.787708982126787,505.14687498798594,153.54066700092517,0.007333001121878624,658.694874990033
optimistic,100,bramev_event_score,42,42,42,t00511-c00010,10,511,3,3,True,1,35.56099999696016,160.34433300956152,0.016709003830328584,0.015332974726334214,160.3763749881182
optimistic,100,bramev_event_score,42,42,42,t00513-c00071,71,513,6,5,True,1,34.29033397696912,218.20887498324737,12.10437499685213,0.01966700074262917,230.33291698084213
optimistic,100,bramev_event_score,42,42,42,t00517-c00036,36,517,5,5,True,1,21.024082991061732,282.1265420061536,0.01812499249354005,0.016165984561666846,282.1608329832088
optimistic,100,bramev_event_score,42,42,42,t00518-c00014,14,518,6,6,True,1,248.48033298621885,2087.0147079986054,0.01737498678267002,0.015958008589223027,2087.0480409939773
optimistic,100,bramev_event_score,42,42,42,t00518-c00054,54,518,10,10,True,1,152.3898330051452,1942.7175000018906,144.35695801512338,0.008000002708286047,2087.0824580197223
optimistic,100,bramev_event_score,42,42,42,t00518-c00082,82,518,7,7,True,1,152.35474999644794,1942.682374996366,144.40562500385568,0.005250010872259736,2087.093250011094
optimistic,100,bramev_event_score,42,42,42,t00519-c00054,54,519,10,9,True,1,84.67783400556073,656.6240840184037,0.022249994799494743,0.021665997337549925,656.6680000105407
optimistic,100,bramev_event_score,42,42,42,t00522-c00001,1,522,5,4,True,1,64.31429198710248,272.85275000031106,0.014166987966746092,0.014082994312047958,272.88099998258986
optimistic,100,bramev_event_score,42,42,42,t00524-c00060,60,524,5,5,True,1,48.49554199608974,339.0944589918945,0.020708015654236078,0.014541990822181106,339.1297089983709
optimistic,100,bramev_event_score,42,42,42,t00524-c00065,65,524,7,3,True,1,205.60395799111575,276.4519579941407,62.70479201339185,0.006124988431110978,339.16287499596365
optimistic,100,bramev_event_score,42,42,42,t00526-c00088,88,526,3,1,True,1,166.86862500500865,166.86862500500865,238.06154099293053,0.013125012628734112,404.9432910105679
optimistic,100,bramev_event_score,42,42,42,t00526-c00093,93,526,6,6,True,1,40.97787500359118,404.8729159985669,0.10316702537238598,0.008082977728918195,404.9841660016682
optimistic,100,bramev_event_score,42,42,42,t00527-c00043,43,527,9,9,True,1,46.34158400585875,301.713666995056,0.01979200169444084,0.01650000922381878,301.74995900597423
optimistic,100,bramev_event_score,42,42,42,t00529-c00063,63,529,3,2,True,1,12.92008298332803,34.34325000853278,14.492791990051046,0.013749988283962011,48.849791986867785
optimistic,100,bramev_event_score,42,42,42,t00536-c00075,75,536,7,7,True,1,62.16108298394829,411.92079198663123,50.5389159952756,0.015958998119458556,462.4756669800263
optimistic,100,bramev_event_score,42,42,42,t00536-c00089,89,536,4,4,True,1,87.69045802182518,462.397958006477,0.11783299851231277,0.006834015948697925,462.522625020938
optimistic,100,bramev_event_score,42,42,42,t00538-c00006,6,538,14,12,True,1,50.71129201678559,600.337917014258,14.240290998714045,0.021709012798964977,614.599917025771
optimistic,100,bramev_event_score,42,42,42,t00542-c00013,13,542,10,10,True,1,31.14974999334663,306.5495000046212,0.019875005818903446,0.016165984561666846,306.5855409950018
optimistic,100,bramev_event_score,42,42,42,t00543-c00059,59,543,4,4,True,1,72.69300002371892,840.9896660014056,0.020875013433396816,0.01391698606312275,841.0244580009021
optimistic,100,bramev_event_score,42,42,42,t00543-c00074,74,543,6,6,True,1,72.65729198115878,840.9543329908047,0.10095900506712496,0.005874986527487636,841.0611669823993
optimistic,100,bramev_event_score,42,42,42,t00550-c00066,66,550,3,3,True,1,53.816041006939486,190.08258302346803,0.020249979570508003,0.013917015166953206,190.1167500182055
optimistic,100,bramev_event_score,42,42,42,t00552-c00092,92,552,3,3,True,1,27.66379198874347,109.95899999397807,0.019875005818903446,0.012250005966052413,109.99112500576302
optimistic,100,bramev_event_score,42,42,42,t00555-c00025,25,555,11,10,True,1,119.2214589973446,979.4482500001322,0.02099998528137803,0.017709011444821954,979.4869589968584
optimistic,100,bramev_event_score,42,42,42,t00555-c00085,85,555,8,7,True,1,48.36554199573584,924.976958980551,54.55316600273363,0.00837500556372106,979.5384999888483
optimistic,100,bramev_event_score,42,42,42,t00559-c00087,87,559,7,7,True,1,43.479249987285584,251.79712500539608,0.02145799226127565,0.013957993360236287,251.8325409910176
optimistic,100,bramev_event_score,42,42,42,t00560-c00030,30,560,3,3,True,1,31.469375011511147,116.10087502049282,0.014291988918557763,0.012167001841589808,116.12733401125297
optimistic,100,bramev_event_score,42,42,42,t00561-c00030,30,561,7,7,True,1,35.35700001521036,196.9802920066286,0.018291990272700787,0.013250013580545783,197.01183401048183
optimistic,100,bramev_event_score,42,42,42,t00564-c00001,1,564,7,6,True,1,86.32050000596792,384.7349999996368,0.014250021195039153,0.014124991139397025,384.7633750119712
optimistic,100,bramev_event_score,42,42,42,t00565-c00001,1,565,7,6,True,1,73.28479198622517,346.0631670022849,0.01479100319556892,0.01433398574590683,346.0922919912264
optimistic,100,bramev_event_score,42,42,42,t00567-c00048,48,567,7,5,True,1,84.87179200164974,366.48479200084694,0.019583007087931037,0.015208002878353,366.5195830108132
optimistic,100,bramev_event_score,42,42,42,t00569-c00032,32,569,3,3,True,1,37.98108399496414,133.3008749934379,0.015208992408588529,0.01200000406242907,133.32808398990892
optimistic,100,bramev_event_score,42,42,42,t00570-c00027,27,570,7,7,True,1,52.649457997176796,260.87416597874835,0.01920902286656201,0.013832992408424616,260.90720799402334
optimistic,100,bramev_event_score,42,42,42,t00572-c00045,45,572,7,7,True,1,44.591583020519465,389.3514579976909,0.020167004549875855,0.014582998119294643,389.38620800036006
optimistic,100,bramev_event_score,42,42,42,t00574-c00038,38,574,3,1,True,1,24.25916597712785,24.25916597712785,12.453542003640905,0.011208001524209976,36.723915982292965
optimistic,100,bramev_event_score,42,42,42,t00576-c00014,14,576,3,2,True,1,274.1602500027511,511.8711660034023,0.020541978301480412,0.022207997972145677,511.91391597967595
optimistic,100,bramev_event_score,42,42,42,t00577-c00033,33,577,11,11,True,1,34.24837501370348,370.718707999913,0.020458013750612736,0.015792000340297818,370.75495801400393
optimistic,100,bramev_event_score,42,42,42,t00578-c00046,46,578,6,5,True,1,97.62083299574442,357.11875002016313,0.021916988771408796,0.018874998204410076,357.15954200713895
optimistic,100,bramev_event_score,42,42,42,t00578-c00068,68,578,3,3,True,1,76.1873749725055,311.002958973404,46.200000011594966,0.006791000487282872,357.20974998548627
optimistic,100,bramev_event_score,42,42,42,t00579-c00005,5,579,12,12,True,1,75.2221250149887,387.32979202177376,0.02087498432956636,0.016458012396469712,387.3671250184998
optimistic,100,bramev_event_score,42,42,42,t00579-c00068,68,579,3,3,True,1,44.37074999441393,309.64004099951126,77.75658401078545,0.006582995411008596,387.4032080057077
optimistic,100,bramev_event_score,42,42,42,t00580-c00081,81,580,3,3,True,1,14.845041005173698,45.53233299520798,0.016875012079253793,0.011916999937966466,45.5611250072252
optimistic,100,bramev_event_score,42,42,42,t00584-c00058,58,584,2,2,True,1,120.77033400419168,167.746791994432,0.018999999156221747,0.013874989235773683,167.77966698282398
optimistic,100,bramev_event_score,42,42,42,t00589-c00061,61,589,7,7,True,1,124.14324999554083,623.0548330058809,0.02195901470258832,0.015249999705702066,623.0920420202892
optimistic,100,bramev_event_score,42,42,42,t00590-c00008,8,590,7,7,True,1,268.8771669927519,1053.3765419968404,183.12220799271017,0.01791701652109623,1236.5166670060717
optimistic,100,bramev_event_score,42,42,42,t00590-c00030,30,590,8,8,True,1,35.749959002714604,1077.4120000132825,159.1411249828525,0.008792005246505141,1236.5619170013815
optimistic,100,bramev_event_score,42,42,42,t00590-c00061,61,590,4,4,True,1,136.26833399757743,1236.403041984886,0.15491701196879148,0.005207984941080213,1236.5631669817958
optimistic,100,bramev_event_score,42,42,42,t00591-c00040,40,591,4,4,True,1,22.955291002290323,244.52195799676701,0.015792000340297818,0.012375006917864084,244.55012500402518
optimistic,100,bramev_event_score,42,42,42,t00591-c00055,55,591,7,6,True,1,47.57887500454672,213.94570800475776,30.638249998446554,0.007333990652114153,244.59129199385643
optimistic,100,bramev_event_score,42,42,42,t00592-c00039,39,592,3,3,True,1,41.74104199046269,125.38358400342986,0.016707985196262598,0.013792014215141535,125.41408400284126
optimistic,100,bramev_event_score,42,42,42,t00595-c00085,85,595,6,4,True,1,45.44024998904206,228.2879170088563,30.76979098841548,0.017999991541728377,259.0757079888135
optimistic,100,bramev_event_score,42,42,42,t00603-c00019,19,603,14,14,True,1,68.4395830030553,969.8107909935061,0.02416700590401888,0.01854199217632413,969.8534999915864
optimistic,100,bramev_event_score,42,42,42,t00604-c00052,52,604,5,5,True,1,84.84300001873635,385.5989590229001,0.021499989088624716,0.01954101026058197,385.6400000222493
optimistic,100,bramev_event_score,42,42,42,t00605-c00086,86,605,7,7,True,1,33.51066599134356,201.01249997969717,0.021041021682322025,0.011833995813503861,201.045374997193
optimistic,100,bramev_event_score,42,42,42,t00608-c00007,7,608,6,5,True,1,131.31187501130626,832.8545420081355,0.016833015251904726,0.01883399090729654,832.8902090142947
optimistic,100,bramev_event_score,42,42,42,t00608-c00032,32,608,12,9,True,1,79.30162499542348,763.1665829976555,69.76466701598838,0.008457980584353209,832.9397079942282
optimistic,100,bramev_event_score,42,42,42,t00610-c00026,26,610,7,7,True,1,43.73412500717677,218.22691700072028,0.018582999473437667,0.014166987966746092,218.25966698816046
optimistic,100,bramev_event_score,42,42,42,t00611-c00015,15,611,8,5,True,1,40.62549999798648,192.4079169984907,0.016915990272536874,0.01400001929141581,192.43883300805464
optimistic,100,bramev_event_score,42,42,42,t00614-c00064,64,614,12,12,True,1,41.86141598620452,454.64879099745303,0.026416993932798505,0.01812499249354005,454.6933329838794
optimistic,100,bramev_event_score,42,42,42,t00616-c00053,53,616,7,4,True,1,38.82954199798405,101.15049997693859,0.01575000351294875,0.011833995813503861,101.17808397626504
optimistic,100,bramev_event_score,42,42,42,t00620-c00047,47,620,8,8,True,1,33.742375002475455,262.8988749929704,0.02070798655040562,0.01620801049284637,262.93579099001363
optimistic,100,bramev_event_score,42,42,42,t00621-c00047,47,621,9,9,True,1,48.121542000444606,275.5421249894425,0.01920902286656201,0.014332996215671301,275.57566700852476
optimistic,100,bramev_event_score,42,42,42,t00622-c00076,76,622,3,3,True,1,92.92237501358613,344.7656249918509,0.02054200740531087,0.015249999705702066,344.80141699896194
optimistic,100,bramev_event_score,42,42,42,t00623-c00076,76,623,3,3,True,1,65.39016700116917,546.4705420017708,248.4281669894699,0.016874982975423336,794.9155839742161
optimistic,100,bramev_event_score,42,42,42,t00623-c00080,80,623,10,10,True,1,112.56924999179319,794.8378750006668,0.12091701501049101,0.009499985026195645,794.9682920007035
optimistic,100,bramev_event_score,42,42,42,t00626-c00000,0,626,3,3,True,1,24.938665999798104,91.51320799719542,0.011916999937966466,0.010249990737065673,91.53537498787045
optimistic,100,bramev_event_score,42,42,42,t00627-c00012,12,627,5,5,True,1,56.486957997549325,244.6758750011213,0.016458012396469712,0.015583005733788013,244.70791601925157
optimistic,100,bramev_event_score,42,42,42,t00630-c00003,3,630,5,5,True,1,21.76229198812507,195.1287499978207,0.015874975360929966,0.012708012945950031,195.15733298612759
optimistic,100,bramev_event_score,42,42,42,t00632-c00017,17,632,4,4,True,1,33.67295797215775,223.67199999280274,0.015333003830164671,0.013124983524903655,223.7004579801578
optimistic,100,bramev_event_score,42,42,42,t00634-c00041,41,634,11,11,True,1,58.200250001391396,768.3101249858737,0.02283402136527002,0.01637497916817665,768.3493339864071
optimistic,100,bramev_event_score,42,42,42,t00635-c00008,8,635,7,6,True,1,72.23974997759797,834.6229169983417,0.017749989638105035,0.01491600414738059,834.6555829921272
optimistic,100,bramev_event_score,42,42,42,t00635-c00096,96,635,11,11,True,1,118.2723329984583,799.3379159888718,35.35133399418555,0.009000010322779417,834.6982499933802
optimistic,100,bramev_event_score,42,42,42,t00637-c00049,49,637,5,5,True,1,37.55208398797549,194.56541698309593,0.018292019376531243,0.012540986062958837,194.59624998853542
optimistic,100,bramev_event_score,42,42,42,t00639-c00018,18,639,5,4,True,1,35.83504201378673,153.27829201123677,12.722000014036894,0.015582976629957557,166.01587500190362
optimistic,100,bramev_event_score,42,42,42,t00643-c00037,37,643,9,9,True,1,61.32700000307523,463.31487499992363,0.0194160093087703,0.014874996850267053,463.34916600608267
optimistic,100,bramev_event_score,42,42,42,t00645-c00043,43,645,4,4,True,1,19.806791009614244,166.44233299302869,0.015291996533051133,0.012041011359542608,166.46966600092128
optimistic,100,bramev_event_score,42,42,42,t00646-c00043,43,646,7,7,True,1,58.167749986751005,313.37424999219365,0.018749997252598405,0.014125020243227482,313.4071250096895
optimistic,100,bramev_event_score,42,42,42,t00647-c00078,78,647,8,8,True,1,25.132249982561916,158.93087498261593,0.020875013433396816,0.011750002158805728,158.96349999820814
optimistic,100,bramev_event_score,42,42,42,t00648-c00078,78,648,7,7,True,1,75.47591600450687,458.1110830185935,0.02216699067503214,0.014958000974729657,458.14820801024325
optimistic,100,bramev_event_score,42,42,42,t00650-c00065,65,650,12,7,True,1,56.35787500068545,372.56904199603014,0.022041989723220468,0.0160830095410347,372.6071669952944
optimistic,100,bramev_event_score,42,42,42,t00652-c00009,9,652,8,8,True,1,42.12858300888911,361.42249999102205,0.018332997569814324,0.01604200224392116,361.4568749908358
optimistic,100,bramev_event_score,42,42,42,t00653-c00009,9,653,4,4,True,1,713.1866250128951,1724.8165830096696,626.0671670024749,0.015958008589223027,2350.8997080207337
optimistic,100,bramev_event_score,42,42,42,t00653-c00061,61,653,13,13,True,1,208.61483298358507,2350.8213750028517,0.12758298544213176,0.008333008736371994,2350.95729099703
optimistic,100,bramev_event_score,42,42,42,t00654-c00009,9,654,8,6,True,1,46.61370802205056,316.7109170171898,0.01741599407978356,0.017292011762037873,316.7456250230316
optimistic,100,bramev_event_score,42,42,42,t00655-c00009,9,655,11,7,True,1,79.6454579976853,574.1507079801522,0.019750004867091775,0.01720801810733974,574.1876660031267
optimistic,100,bramev_event_score,42,42,42,t00655-c00090,90,655,3,3,True,1,27.87587497732602,388.37862497894093,185.85045900545083,0.00695799826644361,574.2360419826582
optimistic,100,bramev_event_score,42,42,42,t00656-c00094,94,656,5,5,True,1,144.44362500216812,802.1358750120271,0.02549999044276774,0.016958016203716397,802.1783330186736
optimistic,100,bramev_event_score,42,42,42,t00657-c00094,94,657,5,4,True,1,97.23041599499993,454.97770799556747,0.022916996385902166,0.016707985196262598,455.01733297714964
optimistic,100,bramev_event_score,42,42,42,t00660-c00034,34,660,6,6,True,1,26.661832991521806,197.5591669906862,0.01824999344535172,0.013165990822017193,197.59058297495358
optimistic,100,bramev_event_score,42,42,42,t00661-c00017,17,661,4,4,True,1,77.83529101288877,419.9340830091387,0.017250014934688807,0.014958000974729657,419.9662910250481
optimistic,100,bramev_event_score,42,42,42,t00661-c00034,34,661,4,4,True,1,77.79687500442378,419.89595800987445,0.09541699546389282,0.00562501372769475,419.99700001906604
optimistic,100,bramev_event_score,42,42,42,t00663-c00079,79,663,9,9,True,1,45.488292002119124,413.37008398841135,0.023666012566536665,0.016292004147544503,413.41004200512543
optimistic,100,bramev_event_score,42,42,42,t00665-c00063,63,665,8,7,True,1,60.65816699992865,298.70008301804774,12.982999993255362,0.01883399090729654,311.7019170022104
optimistic,100,bramev_event_score,42,42,42,t00666-c00021,21,666,6,6,True,1,49.77574999793433,369.6633329964243,0.01883300137706101,0.016709003830328584,369.6988750016317
optimistic,100,bramev_event_score,42,42,42,t00672-c00031,31,672,3,2,True,1,65.88112498866394,146.15625000442378,0.012500007869675756,0.01129199517890811,146.18004200747237
optimistic,100,bramev_event_score,42,42,42,t00673-c00062,62,673,7,7,True,1,30.441332986811176,221.9237920071464,0.019665982108563185,0.014459015801548958,221.95791700505652
optimistic,100,bramev_event_score,42,42,42,t00675-c00016,16,675,4,1,True,1,67.5186250009574,67.5186250009574,168.24166601873003,0.013833981938660145,235.7741250016261
optimistic,100,bramev_event_score,42,42,42,t00675-c00081,81,675,6,6,True,1,19.412833004025742,222.3871249880176,13.415708002867177,0.007333990652114153,235.8101669815369
optimistic,100,bramev_event_score,42,42,42,t00677-c00035,35,677,5,5,True,1,27.94354100478813,282.38362501724623,0.01737498678267002,0.014416000340133905,282.41541600436904
optimistic,100,bramev_event_score,42,42,42,t00682-c00091,91,682,5,5,True,1,115.72866697679274,539.8371669871267,0.02400000812485814,0.014541001291945577,539.8757079965435
optimistic,100,bramev_event_score,42,42,42,t00682-c00099,99,682,3,3,True,1,115.6880829948932,539.7969170007855,0.10237499373033643,0.005290989065542817,539.9045829835813
optimistic,100,bramev_event_score,42,42,42,t00683-c00067,67,683,3,3,True,1,58.00466702203266,239.15116701391526,0.02012500772252679,0.012790987966582179,239.18408300960436
optimistic,100,bramev_event_score,42,42,42,t00683-c00077,77,683,3,3,True,1,46.34195799008012,198.45095797791146,40.76575001818128,0.00595799065195024,239.2226659867447
optimistic,100,bramev_event_score,42,42,42,t00684-c00077,77,684,3,3,True,1,46.317750005982816,904.1400419955608,54.97720799758099,0.012834003427997231,959.1300839965697
optimistic,100,bramev_event_score,42,42,42,t00684-c00082,82,684,7,7,True,1,115.18766699009575,959.0602079988457,0.10208401363343,0.007374997949227691,959.1696670104284
optimistic,100,bramev_event_score,42,42,42,t00684-c00090,90,684,7,7,True,1,115.15479200170375,959.0274170041084,0.14783299411647022,0.005084002623334527,959.1803340008482
optimistic,100,bramev_event_score,42,42,42,t00685-c00082,82,685,5,5,True,1,9.265542001230642,77.5605000089854,0.015666999388486147,0.009665993275120854,77.58583300164901
optimistic,100,bramev_event_score,42,42,42,t00686-c00044,44,686,5,2,True,1,89.97575001558289,338.60175000154413,0.017875019693747163,0.014040997484698892,338.6336660187226
optimistic,100,bramev_event_score,42,42,42,t00686-c00050,50,686,3,3,True,1,25.56725000613369,205.52091600256972,133.15804197918624,0.0072499969974160194,338.6862079787534
optimistic,100,bramev_event_score,42,42,42,t00686-c00082,82,686,3,3,True,1,112.8532919974532,240.79695797991008,97.884459013585,0.005749985575675964,338.68716697907075
optimistic,100,bramev_event_score,42,42,42,t00688-c00046,46,688,8,6,True,1,40.78391697839834,260.3684999921825,0.016834004782140255,0.014457997167482972,260.3997919941321
optimistic,100,bramev_event_score,42,42,42,t00692-c00092,92,692,3,3,True,1,36.00570900016464,96.61908401176333,0.019625003915280104,0.0109999964479357,96.64970901212655
optimistic,100,bramev_event_score,42,42,42,t00693-c00017,17,693,3,3,True,1,85.78141700127162,591.1244999733754,110.21354200784117,0.014457997167482972,701.352499978384
optimistic,100,bramev_event_score,42,42,42,t00693-c00042,42,693,5,5,True,1,67.20370802213438,701.2820829986595,0.11470902245491743,0.007333001121878624,701.4041250222363
optimistic,100,bramev_event_score,42,42,42,t00694-c00097,97,694,6,6,True,1,91.83770799427293,592.6968750136439,0.02641597529873252,0.01933402381837368,592.742625012761
optimistic,100,bramev_event_score,42,42,42,t00695-c00089,89,695,3,3,True,1,25.67212498979643,122.77270801132545,0.019333994714543223,0.012374977814033628,122.80441698385403
optimistic,100,bramev_event_score,42,42,42,t00696-c00017,17,696,5,4,True,1,160.65087498282082,505.8087079960387,64.32241699076258,0.014582998119294643,570.1457079849206
optimistic,100,bramev_event_score,42,42,42,t00696-c00062,62,696,8,8,True,1,23.95137498388067,570.0731669785455,0.12079099542461336,0.007875001756474376,570.2018329757266
optimistic,100,bramev_event_score,42,42,42,t00697-c00017,17,697,5,4,True,1,119.18341697310098,321.99458399554715,45.630874985363334,0.01420799526385963,367.63966697617434
optimistic,100,bramev_event_score,42,42,42,t00697-c00062,62,697,7,7,True,1,16.997458995319903,367.5679169828072,0.11479199747554958,0.008416012860834599,367.6911249931436
optimistic,100,bramev_event_score,42,42,42,t00700-c00005,5,700,6,6,True,1,16.809583990834653,155.2113340003416,0.01654098741710186,0.016542006051167846,155.24441699380986
optimistic,100,bramev_event_score,42,42,42,t00702-c00056,56,702,5,3,True,1,51.26845900667831,202.47937500244007,29.15800001937896,0.020749983377754688,231.65812500519678
optimistic,100,bramev_event_score,42,42,42,t00706-c00022,22,706,5,3,True,1,63.90974999521859,338.36875000270084,0.01695798709988594,0.01724998583085835,338.4029579756316
optimistic,100,bramev_event_score,42,42,42,t00707-c00024,24,707,5,5,True,1,32.48133297893219,243.6114159936551,0.016250007320195436,0.01504199462942779,243.64270799560472
optimistic,100,bramev_event_score,42,42,42,t00709-c00072,72,709,5,5,True,1,146.79237501695752,408.49329202319495,0.01925000105984509,0.013957993360236287,408.52650001761504
optimistic,100,bramev_event_score,42,42,42,t00709-c00082,82,709,7,7,True,1,32.212624995736405,362.10320799727924,46.45612501190044,0.007624999852851033,408.56695800903253
optimistic,100,bramev_event_score,42,42,42,t00710-c00033,33,710,9,9,True,1,40.79304201877676,634.1395000054035,0.018749997252598405,0.015958008589223027,634.1742080112454
optimistic,100,bramev_event_score,42,42,42,t00710-c00055,55,710,5,2,True,1,71.83504200656898,390.9703750105109,243.23295900831,0.006124988431110978,634.209459007252
optimistic,100,bramev_event_score,42,42,42,t00710-c00070,70,710,6,6,True,1,143.31975000095554,554.8554170236457,79.34670799295418,0.006249989382922649,634.2083750059828
optimistic,100,bramev_event_score,42,42,42,t00711-c00002,2,711,7,7,True,1,62.10083299083635,310.95958297373727,0.015666999388486147,0.012708012945950031,310.9879579860717
optimistic,100,bramev_event_score,42,42,42,t00716-c00069,69,716,10,10,True,1,49.78212498826906,623.8062499905936,0.022499996703118086,0.015708006685599685,623.8444579939824
optimistic,100,bramev_event_score,42,42,42,t00717-c00083,83,717,11,11,True,1,92.3874170111958,842.4354169983417,0.027708010748028755,0.01824999344535172,842.4813750025351
optimistic,100,bramev_event_score,42,42,42,t00718-c00005,5,718,5,4,True,1,20.70170801016502,98.3101669989992,0.01258301199413836,0.010707997716963291,98.3334580087103
optimistic,100,bramev_event_score,42,42,42,t00719-c00084,84,719,3,3,True,1,48.39041698141955,155.20945799653418,0.021334009943529963,0.015790981706231833,155.24658298818395
optimistic,100,bramev_event_score,42,42,42,t00720-c00025,25,720,7,6,True,1,58.65833300049417,358.4633330174256,0.019041995983570814,0.015208002878353,358.49758301628754
optimistic,100,bramev_event_score,42,42,42,t00725-c00013,13,725,0,0,False,0,,,,,
optimistic,100,bramev_event_score,42,42,42,t00726-c00013,13,726,9,9,True,1,128.12487498740666,636.4635420031846,0.020207982743158937,0.01850002445280552,636.5022500103805
optimistic,100,bramev_event_score,42,42,42,t00726-c00038,38,726,8,3,True,1,298.84041598415934,407.67824999056756,228.88333300943486,0.0070829992182552814,636.5686659992207
optimistic,100,bramev_event_score,42,42,42,t00726-c00057,57,726,7,7,True,1,50.2197919995524,600.5157089966815,36.04904099483974,0.0072499969974160194,636.5719999885187
optimistic,100,bramev_event_score,42,42,42,t00727-c00013,13,727,12,12,True,1,20.766292000189424,202.36587498220615,0.01966700074262917,0.01591601176187396,202.40145799471065
optimistic,100,bramev_event_score,42,42,42,t00742-c00010,10,742,8,8,True,1,51.87991700950079,557.5776250043418,0.0186669931281358,0.01741599407978356,557.6137079915497
optimistic,100,bramev_event_score,42,42,42,t00745-c00036,36,745,15,15,True,1,87.73591698263772,929.7828749986365,0.024459004634991288,0.01925000105984509,929.8265840043314
optimistic,100,bramev_event_score,42,42,42,t00747-c00006,6,747,3,2,True,1,60.94812499941327,99.03879099874757,0.012459000572562218,0.012125005014240742,99.06337500433438
optimistic,100,bramev_event_score,42,42,42,t00748-c00006,6,748,7,6,True,1,45.67266601952724,220.5776660121046,0.016125006368383765,0.014208984794095159,220.60800000326708
optimistic,100,bramev_event_score,42,42,42,t00750-c00087,87,750,4,4,True,1,38.75829200842418,279.16679199552163,0.021166022634133697,0.015583995264023542,279.2035420134198
optimistic,100,bramev_event_score,42,42,42,t00751-c00029,29,751,3,3,True,1,57.663792016683146,271.7217919998802,0.01691601937636733,0.013583980035036802,271.75229199929163
optimistic,100,bramev_event_score,42,42,42,t00753-c00028,28,753,4,4,True,1,49.79729201295413,388.9867500110995,0.01712498487904668,0.015042023733258247,389.0189170197118
optimistic,100,bramev_event_score,42,42,42,t00754-c00040,40,754,4,4,True,1,31.81445802329108,192.6588750211522,0.016207981389015913,0.013125012628734112,192.68820801516995
optimistic,100,bramev_event_score,42,42,42,t00756-c00095,95,756,3,3,True,1,97.28874999564141,330.8535830001347,0.021957996068522334,0.01462499494664371,330.89016599114984
optimistic,100,bramev_event_score,42,42,42,t00757-c00074,74,757,6,6,True,1,22.41733399569057,218.9100419927854,0.021499989088624716,0.015042023733258247,218.9465840056073
optimistic,100,bramev_event_score,42,42,42,t00763-c00071,71,763,3,3,True,1,21.22929200413637,103.12958399299532,0.014416000340133905,0.010917021427303553,103.15491701476276
optimistic,100,bramev_event_score,42,42,42,t00765-c00020,20,765,0,0,False,0,,,,,
optimistic,100,bramev_event_score,42,42,42,t00766-c00020,20,766,6,6,True,1,37.49004099518061,261.93474998581223,0.016000005416572094,0.01362498733215034,261.96437497856095
optimistic,100,bramev_event_score,42,42,42,t00767-c00053,53,767,7,4,True,1,59.263667004415765,136.98487498913892,0.014584016753360629,0.010749994544312358,137.0102090004366
optimistic,100,bramev_event_score,42,42,42,t00768-c00023,23,768,7,7,True,1,416.89045800012536,1045.4449579992797,51.291042007505894,0.01591700129210949,1096.7519170080777
optimistic,100,bramev_event_score,42,42,42,t00768-c00068,68,768,4,4,True,1,416.8501250096597,1096.67595801875,0.11037499643862247,0.006249989382922649,1096.7925830045715
optimistic,100,bramev_event_score,42,42,42,t00769-c00015,15,769,5,5,True,1,34.610292001161724,247.94687499525025,0.01854199217632413,0.013333017705008388,247.9787500051316
optimistic,100,bramev_event_score,42,42,42,t00770-c00073,73,770,10,10,True,1,86.08495799126104,831.0347910155542,0.024124979972839355,0.016709003830328584,831.0756249993574
optimistic,100,bramev_event_score,42,42,42,t00774-c00093,93,774,6,6,True,1,37.6550410001073,221.15491598378867,0.022958993213251233,0.014165998436510563,221.19204097543843
optimistic,100,bramev_event_score,42,42,42,t00775-c00011,11,775,6,6,True,1,48.62429198692553,288.80954199121334,0.015833007637411356,0.013708980986848474,288.8390839798376
optimistic,100,bramev_event_score,42,42,42,t00782-c00081,81,782,7,7,True,1,18.791291979141533,214.8371249786578,0.021750020096078515,0.014291988918557763,214.87316698767245
optimistic,100,bramev_event_score,42,42,42,t00783-c00081,81,783,3,3,True,1,13.483333023032174,69.61558302282356,0.011833995813503861,0.009332987247034907,69.6367500058841
optimistic,100,bramev_event_score,42,42,42,t00787-c00054,54,787,5,5,True,1,106.16337499232031,485.3209999855608,0.02154201501980424,0.017915997887030244,485.3604579984676
optimistic,100,bramev_event_score,42,42,42,t00788-c00054,54,788,5,5,True,1,73.12487499439158,822.5339580094442,0.02141698496416211,0.017000013031065464,822.5723750074394
optimistic,100,bramev_event_score,42,42,42,t00788-c00080,80,788,4,4,True,1,119.83849998796359,563.608958007535,259.0058750065509,0.008041999535635114,822.6228750136215
optimistic,100,bramev_event_score,42,42,42,t00789-c00080,80,789,3,3,True,1,37.09858300862834,153.49062500172295,0.019791012164205313,0.0162090000230819,153.52662501391023
optimistic,100,bramev_event_score,42,42,42,t00790-c00080,80,790,5,5,True,1,66.67729199398309,456.27975001116283,0.021249987185001373,0.017125013982877135,456.3181250123307
optimistic,100,bramev_event_score,42,42,42,t00792-c00067,67,792,8,8,True,1,46.95420799544081,430.415874987375,0.02166701597161591,0.016165984561666846,430.4537079879083
optimistic,100,bramev_event_score,42,42,42,t00794-c00075,75,794,5,5,True,1,19.92891702684574,180.5725840094965,0.019625003915280104,0.013415992725640535,180.60562500613742
optimistic,100,bramev_event_score,42,42,42,t00799-c00098,98,799,11,11,True,1,63.08008299674839,786.2740409909748,0.027834001230075955,0.01591601176187396,786.3177910039667
optimistic,100,bramev_event_score,42,42,42,t00800-c00018,18,800,9,8,True,1,44.03204200207256,286.8731670023408,11.391874984838068,0.017290993127971888,298.2823329803068
optimistic,100,bramev_event_score,42,42,42,t00801-c00001,1,801,5,4,True,1,376.3160409871489,969.6317909983918,0.013209006283432245,0.01462499494664371,969.6596249996219
optimistic,100,bramev_event_score,42,42,42,t00801-c00003,3,801,9,9,True,1,87.97766600036994,923.2099159853533,46.48354201344773,0.008707982487976551,969.702165981289
optimistic,100,bramev_event_score,42,42,42,t00802-c00027,27,802,14,14,True,1,41.15662499680184,578.8786659832112,0.021917017875239253,0.016207981389015913,578.9167909824755
optimistic,100,bramev_event_score,42,42,42,t00803-c00093,93,803,6,6,True,1,39.09937498974614,236.05279199546203,0.021915999241173267,0.013167009456083179,236.0878750041593
optimistic,100,bramev_event_score,42,42,42,t00805-c00050,50,805,3,3,True,1,61.55166699318215,141.47462497930974,0.01845901715569198,0.012665987014770508,141.5057499834802
optimistic,100,bramev_event_score,42,42,42,t00806-c00050,50,806,6,6,True,1,43.74641700997017,245.10316699161194,0.018749997252598405,0.013167009456083179,245.13508399832062
optimistic,100,bramev_event_score,42,42,42,t00808-c00013,13,808,7,7,True,1,27.891083009308204,237.82925002160482,0.016332982340827584,0.012917007552459836,237.8585000114981
optimistic,100,bramev_event_score,42,42,42,t00809-c00064,64,809,6,6,True,1,21.66399999987334,147.1211250172928,0.01462499494664371,0.010457995813339949,147.14620800805278
optimistic,100,bramev_event_score,42,42,42,t00814-c00043,43,814,4,4,True,1,29.07608399982564,633.4798749885522,75.88162500178441,0.016000005416572094,709.3774999957532
optimistic,100,bramev_event_score,42,42,42,t00814-c00048,48,814,12,10,True,1,91.69841601396911,709.303915995406,0.1316250127274543,0.009041978046298027,709.4445829861797
optimistic,100,bramev_event_score,42,42,42,t00815-c00043,43,815,4,4,True,1,141.24137497856282,1686.9561669882387,0.021417014067992568,0.015375000657513738,1686.9929590029642
optimistic,100,bramev_event_score,42,42,42,t00815-c00045,45,815,9,9,True,1,205.85020797443576,1686.9180829962716,0.10904198279604316,0.008125003660097718,1687.0352499827277
optimistic,100,bramev_event_score,42,42,42,t00815-c00096,96,815,4,4,True,1,141.16749999811873,1686.8833329936024,0.14120902051217854,0.004582980182021856,1687.0291249942966
optimistic,100,bramev_event_score,42,42,42,t00816-c00095,95,816,4,4,True,1,113.00462498911656,677.9378749779426,0.024500011932104826,0.016542006051167846,677.9789169959258
optimistic,100,bramev_event_score,42,42,42,t00816-c00096,96,816,6,6,True,1,112.96816600952297,677.9015409993008,0.1262500009033829,0.007416994776576757,678.0352079949807
optimistic,100,bramev_event_score,42,42,42,t00817-c00007,7,817,7,6,True,1,74.12083298549987,526.7911249829922,135.09275001706555,0.014166987966746092,661.8980419880245
optimistic,100,bramev_event_score,42,42,42,t00817-c00030,30,817,4,4,True,1,153.68654200574383,611.4811250008643,50.45974999666214,0.005959009286016226,661.9468340068124
optimistic,100,bramev_event_score,42,42,42,t00817-c00086,86,817,5,5,True,1,264.8227500030771,661.7895840026904,0.15225002425722778,0.0048749789129942656,661.9467090058606
optimistic,100,bramev_event_score,42,42,42,t00818-c00007,7,818,6,5,True,1,76.70595799572766,426.43041600240394,52.975541999330744,0.01333298860117793,479.41929099033587
optimistic,100,bramev_event_score,42,42,42,t00818-c00030,30,818,4,4,True,1,163.8978330011014,479.3515419878531,0.0981659977696836,0.006917020073160529,479.45662500569597
optimistic,100,bramev_event_score,42,42,42,t00821-c00066,66,821,5,5,True,1,74.25770800909959,305.88274999172427,0.021500018192455173,0.016457983292639256,305.92070799320936
optimistic,100,bramev_event_score,42,42,42,t00824-c00000,0,824,12,12,True,1,221.66329197352752,1610.9329169848934,0.01937500201165676,0.015541998436674476,1610.9678339853417
optimistic,100,bramev_event_score,42,42,42,t00824-c00049,49,824,3,3,True,1,194.00104199303314,1580.0454589771107,30.95016602310352,0.00608398113399744,1611.0017089813482
optimistic,100,bramev_event_score,42,42,42,t00824-c00051,51,824,5,5,True,1,193.9687920094002,1580.0132089934777,30.99258299334906,0.0051670067477971315,1611.0109589935746
optimistic,100,bramev_event_score,42,42,42,t00825-c00049,49,825,6,6,True,1,107.51020797761157,421.2146659847349,0.02187499194405973,0.014125020243227482,421.2506659969222
optimistic,100,bramev_event_score,42,42,42,t00825-c00092,92,825,3,3,True,1,107.4699999880977,421.17429099744186,0.11049999739043415,0.00604201341047883,421.29083300824277
optimistic,100,bramev_event_score,42,42,42,t00826-c00047,47,826,7,6,True,1,41.39962501358241,177.90279199834913,10.496000002603978,0.014208024367690086,188.4130000253208
optimistic,100,bramev_event_score,42,42,42,t00829-c00088,88,829,3,2,True,1,92.18308399431407,233.56500000227243,0.021041982108727098,0.015417026588693261,233.60145901096985
optimistic,100,bramev_event_score,42,42,42,t00832-c00064,64,832,4,4,True,1,37.29904198553413,244.6675839892123,0.019291008356958628,0.015666999388486147,244.70254199695773
optimistic,100,bramev_event_score,42,42,42,t00833-c00096,96,833,3,3,True,1,55.28362499899231,196.53183399350382,0.020915991626679897,0.014334014849737287,196.56708399998024
optimistic,100,bramev_event_score,42,42,42,t00834-c00096,96,834,3,3,True,1,57.364042004337534,214.25087499665096,0.02112501533702016,0.013541983207687736,214.28554199519567
optimistic,100,bramev_event_score,42,42,42,t00840-c00039,39,840,3,3,True,1,38.99250001995824,112.3578330152668,0.013541983207687736,0.010624993592500687,112.381999992067
optimistic,100,bramev_event_score,42,42,42,t00844-c00005,5,844,3,2,True,1,295.51850000279956,620.4528749804012,205.8489580231253,0.011707976227626204,826.3135409797542
optimistic,100,bramev_event_score,42,42,42,t00844-c00008,8,844,6,6,True,1,56.17195801460184,787.6649160170928,38.68612498627044,0.0072499969974160194,826.3582910003606
optimistic,100,bramev_event_score,42,42,42,t00844-c00060,60,844,7,7,True,1,112.16529199737124,826.2128750211559,0.13679199037142098,0.005624984623864293,826.3552919961512
optimistic,100,bramev_event_score,42,42,42,t00845-c00005,5,845,3,2,True,1,127.6215840189252,283.8294590183068,29.503833007765934,0.012167001841589808,313.34545902791433
optimistic,100,bramev_event_score,42,42,42,t00845-c00026,26,845,8,8,True,1,36.69004200492054,313.28170801862143,0.10829197708517313,0.00795800588093698,313.39795800158754
optimistic,100,bramev_event_score,42,42,42,t00846-c00005,5,846,4,3,True,1,38.48558300524019,97.41241598385386,0.009292009053751826,0.016292004147544503,97.43799999705516
optimistic,100,bramev_event_score,42,42,42,t00847-c00089,89,847,7,7,True,1,37.238916993374005,315.9356249962002,0.022208987502381206,0.01479100319556892,315.97262498689815
optimistic,100,bramev_event_score,42,42,42,t00848-c00085,85,848,7,5,True,1,329.99766600551084,791.4734579971991,75.96725001349114,0.015291996533051133,867.4560000072233
optimistic,100,bramev_event_score,42,42,42,t00848-c00089,89,848,7,7,True,1,56.32837500888854,867.3809169849847,0.12287500430829823,0.007499998901039362,867.511291988194
optimistic,100,bramev_event_score,42,42,42,t00849-c00085,85,849,7,6,True,1,73.6040000047069,348.36508400621824,0.02116599353030324,0.013250013580545783,348.3995000133291
optimistic,100,bramev_event_score,42,42,42,t00851-c00032,32,851,5,5,True,1,214.72179199918173,593.6564999865368,0.018874998204410076,0.013167009456083179,593.6885419941973
optimistic,100,bramev_event_score,42,42,42,t00851-c00034,34,851,3,3,True,1,214.68570799333975,593.6202080047224,0.08916700608097017,0.005582987796515226,593.7149579985999
optimistic,100,bramev_event_score,42,42,42,t00852-c00034,34,852,3,3,True,1,12.967582995770499,55.47474999912083,0.010166986612603068,0.009750016033649445,55.494667001767084
optimistic,100,bramev_event_score,42,42,42,t00853-c00045,45,853,4,4,True,1,62.033041001996025,364.81954099144787,0.0186669931281358,0.015249999705702066,364.8534579842817
optimistic,100,bramev_event_score,42,42,42,t00854-c00047,47,854,7,6,True,1,31.72870900016278,246.25108399777673,0.01683298614807427,0.013250013580545783,246.28116699750535
optimistic,100,bramev_event_score,42,42,42,t00855-c00031,31,855,5,4,True,1,80.09149998542853,460.35783298430033,11.174332990776747,0.015875004464760423,471.54804097954184
optimistic,100,bramev_event_score,42,42,42,t00855-c00047,47,855,7,6,True,1,38.30337501130998,421.9477500009816,49.63587500969879,0.008000002708286047,471.5916250133887
optimistic,100,bramev_event_score,42,42,42,t00856-c00019,19,856,9,9,True,1,58.71929199201986,480.40704199229367,0.019458006136119366,0.01708397758193314,480.4435839760117
optimistic,100,bramev_event_score,42,42,42,t00857-c00058,58,857,7,7,True,1,53.514541999902576,638.4190419921651,0.021915999241173267,0.016875012079253793,638.4578330034856
optimistic,100,bramev_event_score,42,42,42,t00858-c00012,12,858,8,8,True,1,120.8170419849921,754.9145829980262,45.434208994265646,0.014833000022917986,800.3636249923147
optimistic,100,bramev_event_score,42,42,42,t00858-c00058,58,858,7,7,True,1,76.23520799097605,800.2894170058426,0.10970799485221505,0.0072499969974160194,800.4063749976922
optimistic,100,bramev_event_score,42,42,42,t00863-c00090,90,863,4,4,True,1,25.735000002896413,135.29662499786355,0.023208995116874576,0.01708301715552807,135.33691701013595
optimistic,100,bramev_event_score,42,42,42,t00864-c00090,90,864,4,4,True,1,29.321374982828274,184.01516700396314,0.01795799471437931,0.013042008504271507,184.0461670071818
optimistic,100,bramev_event_score,42,42,42,t00869-c00059,59,869,3,3,True,1,59.85770799452439,189.80712498887442,0.0180420174729079,0.013707991456612945,189.83887499780394
optimistic,100,bramev_event_score,42,42,42,t00871-c00062,62,871,4,4,True,1,19.885958987288177,115.94458398758434,0.018207996618002653,0.013417011359706521,115.97620899556205
optimistic,100,bramev_event_score,42,42,42,t00872-c00037,37,872,8,8,True,1,45.168999989982694,309.70133299706504,0.021167012164369226,0.01741599407978356,309.7399160033092
optimistic,100,bramev_event_score,42,42,42,t00873-c00046,46,873,8,8,True,1,41.45325001445599,272.19124999828637,0.021832995116710663,0.018084014300256968,272.23116700770333
optimistic,100,bramev_event_score,42,42,42,t00875-c00041,41,875,7,7,True,1,41.431874997215346,255.98387501668185,0.020042003598064184,0.016916979802772403,256.0208340000827
optimistic,100,bramev_event_score,42,42,42,t00877-c00017,17,877,5,4,True,1,24.48058399022557,1087.2915840009227,193.51662500412203,0.01566598075442016,1280.8238749857992
optimistic,100,bramev_event_score,42,42,42,t00877-c00072,72,877,8,8,True,1,225.45683299540542,1280.7506659883074,0.13333401875570416,0.008624978363513947,1280.8926249854267
optimistic,100,bramev_event_score,42,42,42,t00878-c00017,17,878,3,2,True,1,39.90174998762086,196.91883298219182,97.12495800340548,0.014666991773992777,294.0584579773713
optimistic,100,bramev_event_score,42,42,42,t00878-c00082,82,878,6,6,True,1,39.85800000373274,293.98449999280274,0.11466699652373791,0.007458002073690295,294.10662499140017
optimistic,100,bramev_event_score,42,42,42,t00881-c00063,63,881,11,9,True,1,52.944542025215924,360.9110000252258,10.369166993768886,0.019500002963468432,371.29966702195816
optimistic,100,bramev_event_score,42,42,42,t00882-c00004,4,882,9,9,True,1,102.64883300988004,1263.3443750091828,0.017916987417265773,0.016708014300093055,1263.3790000109002
optimistic,100,bramev_event_score,42,42,42,t00882-c00089,89,882,8,8,True,1,152.2147910145577,1120.5564580159262,142.8582499793265,0.008041999535635114,1263.4227499947883
optimistic,100,bramev_event_score,42,42,42,t00887-c00024,24,887,3,3,True,1,67.29154198546894,341.7161249963101,136.95837499108166,0.013625016435980797,478.68812500382774
optimistic,100,bramev_event_score,42,42,42,t00887-c00033,33,887,10,10,True,1,31.961790984496474,478.61891600769013,0.1102499954868108,0.008417002391070127,478.737583005568
optimistic,100,bramev_event_score,42,42,42,t00889-c00081,81,889,4,4,True,1,19.061375001911074,152.0625000121072,0.019041995983570814,0.014833000022917986,152.09637500811368
optimistic,100,bramev_event_score,42,42,42,t00891-c00032,32,891,3,2,True,1,99.61529198335484,188.1005000032019,0.016167003195732832,0.014666991773992777,188.1313339981716
optimistic,100,bramev_event_score,42,42,42,t00892-c00088,88,892,6,4,True,1,213.85595799074508,653.0036249896511,0.023167027393355966,0.017915997887030244,653.0447080149315
optimistic,100,bramev_event_score,42,42,42,t00893-c00025,25,893,3,2,True,1,61.2987499916926,148.37137499125674,9.864708001259714,0.03258301876485348,158.2686660112813
optimistic,100,bramev_event_score,42,42,42,t00894-c00025,25,894,3,2,True,1,54.72899999585934,131.0367920086719,8.70279100490734,0.018416991224512458,139.75800000480376
optimistic,100,bramev_event_score,42,42,42,t00897-c00077,77,897,7,7,True,1,43.8511669926811,402.52641699044034,0.02316699828952551,0.017375015886500478,402.56695900461636
optimistic,100,bramev_event_score,42,42,42,t00900-c00065,65,900,9,5,True,1,149.38491600332782,750.299040984828,0.018125021597370505,0.014541990822181106,750.3317079972476
optimistic,100,bramev_event_score,42,42,42,t00900-c00076,76,900,6,6,True,1,95.53879100712948,662.5764580094256,87.78995799366385,0.007417023880407214,750.3738330269698
optimistic,100,bramev_event_score,42,42,42,t00903-c00082,82,903,5,5,True,1,31.638125015888363,135.6976249953732,0.014457997167482972,0.009625015081837773,135.7217080076225
optimistic,100,bramev_event_score,42,42,42,t00904-c00035,35,904,6,6,True,1,225.7333340239711,850.4814590269234,0.018915976397693157,0.015833997167646885,850.5162090004887
optimistic,100,bramev_event_score,42,42,42,t00904-c00052,52,904,7,7,True,1,69.77825000649318,735.2530420175754,115.30033298186027,0.008000002708286047,850.5613750021439
optimistic,100,bramev_event_score,42,42,42,t00904-c00082,82,904,5,5,True,1,100.82795799826272,800.8425410080235,49.710958992363885,0.006165995728224516,850.5596659961157
optimistic,100,bramev_event_score,42,42,42,t00907-c00084,84,907,12,12,True,1,71.4568330149632,1051.0496670030989,0.02750000567175448,0.016582984244450927,1051.093749993015
optimistic,100,bramev_event_score,42,42,42,t00908-c00084,84,908,7,7,True,1,51.57558401697315,440.2328750002198,0.023792003048583865,0.014375022146850824,440.2710420254152
optimistic,100,bramev_event_score,42,42,42,t00909-c00014,14,909,6,5,True,1,107.30654202052392,862.0464590203483,32.30041597271338,0.013667013263329864,894.360542006325
optimistic,100,bramev_event_score,42,42,42,t00909-c00053,53,909,11,11,True,1,148.26041599735618,894.2875000066124,0.11545800953172147,0.009499985026195645,894.4124580011703
optimistic,100,bramev_event_score,42,42,42,t00910-c00053,53,910,6,5,True,1,24.881332996301353,225.57604100438766,0.016999983927235007,0.013542012311518192,225.60658300062642
optimistic,100,bramev_event_score,42,42,42,t00911-c00009,9,911,7,7,True,1,32.347041997127235,286.453792010434,0.015707977581769228,0.01329201040789485,286.48279199842364
optimistic,100,bramev_event_score,42,42,42,t00922-c00094,94,922,3,3,True,1,89.7589169908315,420.64475000370294,0.023707980290055275,0.017584010493010283,420.686041994486
optimistic,100,bramev_event_score,42,42,42,t00926-c00069,69,926,7,7,True,1,37.59970801183954,343.4462910227012,0.02058397512882948,0.014625024050474167,343.4815000218805
optimistic,100,bramev_event_score,42,42,42,t00927-c00069,69,927,13,13,True,1,76.77374998456798,755.7194579858333,0.024792010663077235,0.01724998583085835,755.7614999823272
optimistic,100,bramev_event_score,42,42,42,t00928-c00069,69,928,12,10,True,1,75.49541600747034,678.3350410114508,0.023959000827744603,0.015124998753890395,678.3741250110324
optimistic,100,bramev_event_score,42,42,42,t00934-c00010,10,934,6,6,True,1,70.17391599947587,506.8515830207616,0.01491699367761612,0.014040997484698892,506.8805410119239
optimistic,100,bramev_event_score,42,42,42,t00936-c00035,35,936,7,6,True,1,64.71645800047554,349.0070829866454,8.24879200081341,0.014666002243757248,357.27054098970257
optimistic,100,bramev_event_score,42,42,42,t00937-c00078,78,937,4,4,True,1,56.83716700877994,387.6583339879289,0.019583007087931037,0.01362498733215034,387.691541982349
optimistic,100,bramev_event_score,42,42,42,t00939-c00006,6,939,8,6,True,1,39.673709019552916,314.85916700330563,0.015541998436674476,0.015208002878353,314.88991700462066
optimistic,100,bramev_event_score,42,42,42,t00940-c00002,2,940,4,4,True,1,38.72595899156295,266.9104169763159,0.012750009773299098,0.01333298860117793,266.9364999746904
optimistic,100,bramev_event_score,42,42,42,t00941-c00016,16,941,3,1,True,1,54.601082985755056,54.601082985755056,19.398625008761883,0.013249984476715326,74.01295797899365
optimistic,100,bramev_event_score,42,42,42,t00942-c00001,1,942,12,8,True,1,58.3158329827711,435.97333299112506,17.256499995710328,0.016417005099356174,453.24624999193475
optimistic,100,bramev_event_score,42,42,42,t00947-c00092,92,947,5,5,True,1,23.226417019031942,124.65562502620742,0.019957980839535594,0.0109999964479357,124.68658300349489
optimistic,100,bramev_event_score,42,42,42,t00949-c00020,20,949,3,3,True,1,26.18391698342748,132.67079199431464,0.015124998753890395,0.012458011042326689,132.69837500411086
optimistic,100,bramev_event_score,42,42,42,t00951-c00043,43,951,5,5,True,1,31.5289159771055,311.9812499789987,0.017166021279990673,0.01333397813141346,312.0117499784101
optimistic,100,bramev_event_score,42,42,42,t00952-c00061,61,952,3,3,True,1,42.173791996901855,170.9548749786336,0.017417012713849545,0.012083008186891675,170.98437499953434
optimistic,100,bramev_event_score,42,42,42,t00953-c00099,99,953,3,3,True,1,26.393250009277835,112.68099999870174,0.018207996618002653,0.011416996130719781,112.71062499145046
optimistic,100,bramev_event_score,42,42,42,t00954-c00052,52,954,7,5,True,1,45.84812500979751,299.97679201187566,0.018166989320889115,0.01287501072511077,300.00783401192166
optimistic,100,bramev_event_score,42,42,42,t00954-c00099,99,954,3,3,True,1,104.32595800375566,254.64862497756258,45.38583301473409,0.00595799065195024,300.0404159829486
optimistic,100,bramev_event_score,42,42,42,t00955-c00097,97,955,4,4,True,1,114.30499999551103,499.8587909794878,0.023500004317611456,0.01562500256113708,499.89791598636657
optimistic,100,bramev_event_score,42,42,42,t00956-c00018,18,956,5,4,True,1,65.27391698909923,196.56279199989513,11.024915991583839,0.015500001609325409,207.6032079930883
optimistic,100,bramev_event_score,42,42,42,t00959-c00068,68,959,5,5,True,1,67.2587500012014,390.68549999501556,0.022750027710571885,0.017291982658207417,390.72554200538434
optimistic,100,bramev_event_score,42,42,42,t00960-c00056,56,960,3,2,True,1,39.138249994721264,103.7105830037035,12.060832988936454,0.01737498678267002,115.78879097942263
optimistic,100,bramev_event_score,42,42,42,t00967-c00038,38,967,7,3,True,1,64.28695798967965,144.86000000033528,7.072749984217808,0.013791024684906006,151.946541009238
optimistic,100,bramev_event_score,42,42,42,t00968-c00055,55,968,9,7,True,1,32.08704199641943,230.6267090025358,9.185750008327886,0.015500001609325409,239.827959012473
optimistic,100,bramev_event_score,42,42,42,t00969-c00087,87,969,6,6,True,1,37.46783299720846,338.59249998931773,0.022624997654929757,0.01504199462942779,338.6301669816021
optimistic,100,bramev_event_score,42,42,42,t00970-c00034,34,970,5,5,True,1,26.409166981466115,123.18587498157285,0.016875012079253793,0.01229200279340148,123.2150419964455
optimistic,100,bramev_event_score,42,42,42,t00971-c00079,79,971,9,9,True,1,49.662499979604036,300.1249579829164,0.02166701597161591,0.013124983524903655,300.1597499824129
optimistic,100,bramev_event_score,42,42,42,t00972-c00074,74,972,3,3,True,1,19.383000006200746,103.1975420191884,0.016167003195732832,0.010749994544312358,103.22445901692845
optimistic,100,bramev_event_score,42,42,42,t00973-c00071,71,973,7,6,True,1,19.24912500544451,617.8553750214633,223.8314169808291,0.017583020962774754,841.7043750232551
optimistic,100,bramev_event_score,42,42,42,t00973-c00083,83,973,6,6,True,1,178.64354202174582,841.6265420091804,0.11879100929945707,0.008499977411702275,841.7538329958916
optimistic,100,bramev_event_score,42,42,42,t00977-c00021,21,977,7,7,True,1,44.75895900395699,264.3969999917317,0.01675001112744212,0.01291697844862938,264.4266669813078
optimistic,100,bramev_event_score,42,42,42,t00978-c00099,99,978,3,3,True,1,27.89679099805653,188.9204999897629,0.021291023585945368,0.012042000889778137,188.95383301423863
optimistic,100,bramev_event_score,42,42,42,t00979-c00016,16,979,8,2,True,1,102.56462500547059,290.9555420046672,0.012416014214977622,0.011124997399747372,290.97908301628195
optimistic,100,bramev_event_score,42,42,42,t00979-c00099,99,979,3,3,True,1,25.63004201510921,244.89729199558496,46.10274999868125,0.005333014996722341,291.00537500926293
optimistic,100,bramev_event_score,42,42,42,t00985-c00000,0,985,11,11,True,1,31.57291599200107,347.6280409959145,0.016875012079253793,0.014583987649530172,347.6594999956433
optimistic,100,bramev_event_score,42,42,42,t00988-c00013,13,988,7,7,True,1,14.961457985918969,129.74866598960944,0.013874989235773683,0.012125005014240742,129.77466598385945
optimistic,100,bramev_event_score,42,42,42,t00989-c00005,5,989,4,1,True,1,21.27075000316836,21.27075000316836,23.896708007669076,0.010624993592500687,45.178083004429936
optimistic,100,bramev_event_score,42,42,42,t00995-c00055,55,995,7,2,True,1,57.43233402608894,87.77820901013911,0.01116600469686091,0.009000010322779417,87.79837502515875
optimistic,100,bramev_event_score,42,42,42,t00996-c00055,55,996,6,4,True,1,64.23799999174662,225.798333005514,0.01754198456183076,0.013417011359706521,225.82929200143553
optimistic,100,bramev_event_score,42,42,42,t00997-c00022,22,997,3,2,True,1,99.59833300672472,299.64908299734816,93.45787501661107,0.01262497971765697,393.1195829936769
optimistic,100,bramev_event_score,42,42,42,t00997-c00070,70,997,6,6,True,1,35.72775001521222,393.04958301363513,0.1009170082397759,0.007957976777106524,393.158457998652
optimistic,100,bramev_event_score,42,42,42,t00998-c00042,42,998,6,6,True,1,91.76858398132026,769.8893749911804,0.021709012798964977,0.01666598836891353,769.9277499923483
optimistic,100,bramev_event_score,42,42,42,t00998-c00070,70,998,3,3,True,1,190.32204197719693,769.8505829903297,0.1333339896518737,0.006250018486753106,769.9901669984683
optimistic,100,bramev_event_score,42,42,42,t00999-c00042,42,999,9,9,True,1,157.71400000085123,1998.373749986058,0.025708024622872472,0.017208978533744812,1998.4166669892147
optimistic,100,bramev_event_score,42,42,42,t00999-c00075,75,999,12,12,True,1,157.6740830205381,1998.3339580066968,0.13374999980442226,0.009042007150128484,1998.4767500136513
optimistic,100,bramev_event_score,42,42,42,t01001-c00038,38,1001,3,1,True,1,76.52320800116286,76.52320800116286,0.010249990737065673,0.010167015716433525,76.54362500761636
optimistic,100,bramev_event_score,42,42,42,t01002-c00038,38,1002,3,1,True,1,76.90120799816214,76.90120799816214,0.008000002708286047,0.00870897201821208,76.91791697288863
optimistic,100,bramev_event_score,42,42,42,t01005-c00036,36,1005,3,3,True,1,50.085875001968816,190.98887499421835,0.014792021829634905,0.011541997082531452,191.01520901313052
optimistic,100,bramev_event_score,42,42,42,t01006-c00067,67,1006,6,6,True,1,47.835125005804,398.1918339850381,0.018791004549711943,0.013459008187055588,398.22408399777487
optimistic,100,bramev_event_score,42,42,42,t01011-c00024,24,1011,8,8,True,1,99.88249998423271,537.5788329984061,0.02170898369513452,0.017833022866398096,537.6183750049677
optimistic,100,bramev_event_score,42,42,42,t01016-c00015,15,1016,12,10,True,1,45.30387499835342,593.366374989273,6.567292002728209,0.022417021682485938,599.9560840136837
optimistic,100,bramev_event_score,42,42,42,t01016-c00057,57,1016,7,7,True,1,111.1152499797754,519.2254579742439,80.77183400746435,0.008166010957211256,600.0054579926655
optimistic,100,bramev_event_score,42,42,42,t01019-c00093,93,1019,3,3,True,1,23.5416250070557,95.41049998369999,0.018207996618002653,0.012042000889778137,95.44074998120777
optimistic,100,bramev_event_score,42,42,42,t01022-c00044,44,1022,6,3,True,1,63.649124989751726,232.5935419939924,0.01666598836891353,0.014459015801548958,232.62466699816287
optimistic,100,bramev_event_score,42,42,42,t01023-c00044,44,1023,6,3,True,1,55.37504199310206,199.59737500175834,0.016167003195732832,0.013417011359706521,199.62695901631378
optimistic,100,bramev_event_score,42,42,42,t01024-c00044,44,1024,6,3,True,1,89.49554100399837,867.9179580067284,87.55608298815787,0.01404198701493442,955.4880829819012
optimistic,100,bramev_event_score,42,42,42,t01024-c00091,91,1024,9,9,True,1,254.4181249977555,955.4142090200912,0.10549998842179775,0.008041010005399585,955.5277500185184
optimistic,100,bramev_event_score,42,42,42,t01025-c00091,91,1025,4,4,True,1,42.394167016027495,235.78633400029503,0.018916005501523614,0.01370901009067893,235.81895901588723
optimistic,100,bramev_event_score,42,42,42,t01035-c00075,75,1035,8,8,True,1,56.50104198139161,284.43516697734594,0.02183302422054112,0.013666984159499407,284.470666985726
optimistic,100,bramev_event_score,42,42,42,t01039-c00095,95,1039,3,2,True,1,82.19808398280293,158.42804199201055,11.3140830071643,0.015375000657513738,169.75749999983236
optimistic,100,bramev_event_score,42,42,42,t01041-c00049,49,1041,3,3,True,1,12.492415989981964,82.63058299780823,0.011708005331456661,0.011666998034343123,82.65395800117403
optimistic,100,bramev_event_score,42,42,42,t01044-c00027,27,1044,3,3,True,1,60.93999999575317,883.8467499881517,240.7385419937782,0.01591601176187396,1124.6012079936918
optimistic,100,bramev_event_score,42,42,42,t01044-c00073,73,1044,9,9,True,1,199.27741700666957,1124.526584026171,0.10766598279587924,0.00795899541117251,1124.642209004378
optimistic,100,bramev_event_score,42,42,42,t01046-c00045,45,1046,3,2,True,1,107.88375002448447,327.25875001051463,0.020540988771244884,0.015124998753890395,327.29441599803977
optimistic,100,bramev_event_score,42,42,42,t01046-c00086,86,1046,5,5,True,1,18.104415998095647,327.2221660008654,0.11708398233167827,0.007916009053587914,327.34716599225067
optimistic,100,bramev_event_score,42,42,42,t01047-c00041,41,1047,8,8,True,1,57.751999993342906,583.1526659894735,0.01912500010803342,0.016417005099356174,583.1882079946809
optimistic,100,bramev_event_score,42,42,42,t01048-c00033,33,1048,3,3,True,1,169.46279199328274,372.5849170004949,94.4694580102805,0.01391698606312275,467.0682919968385
optimistic,100,bramev_event_score,42,42,42,t01048-c00046,46,1048,7,7,True,1,45.55112498928793,466.99874999467283,0.09816698729991913,0.007624999852851033,467.1045419818256
optimistic,100,bramev_event_score,42,42,42,t01050-c00050,50,1050,8,8,True,1,37.76887501589954,249.61970798904076,0.02066700835712254,0.015249999705702066,249.6556249971036
optimistic,100,bramev_event_score,42,42,42,t01051-c00048,48,1051,4,4,True,1,54.613790998701006,340.14233300695196,0.018499995348975062,0.013250013580545783,340.1740830158815
optimistic,100,bramev_event_score,42,42,42,t01053-c00023,23,1053,3,3,True,1,54.81520798639394,185.65612498787232,0.011833006283268332,0.009707990102469921,185.67766598425806
optimistic,100,bramev_event_score,42,42,42,t01057-c00029,29,1057,8,8,True,1,61.51920897536911,818.0232919985428,0.021666986867785454,0.016583013348281384,818.0615419987589
optimistic,100,bramev_event_score,42,42,42,t01057-c00040,40,1057,6,6,True,1,169.6409999858588,817.9854159825481,0.1355840067844838,0.008000002708286047,818.1289999920409
optimistic,100,bramev_event_score,42,42,42,t01058-c00029,29,1058,9,9,True,1,71.7657089990098,761.3331669999752,0.0201669754460454,0.016541016520932317,761.3698749919422
optimistic,100,bramev_event_score,42,42,42,t01058-c00040,40,1058,3,3,True,1,155.9721660159994,429.3767500203103,332.02841598540545,0.006749993190169334,761.4119159989059
optimistic,100,bramev_event_score,42,42,42,t01059-c00040,40,1059,4,4,True,1,14.047333999769762,121.37524998979643,0.011208991054445505,0.009625015081837773,121.39608399593271
optimistic,100,bramev_event_score,42,42,42,t01061-c00062,62,1061,8,8,True,1,71.13825000124052,348.78395800478756,0.02025000867433846,0.011791998986154795,348.81600001244806
optimistic,100,bramev_event_score,42,42,42,t01061-c00089,89,1061,3,3,True,1,44.34079100610688,326.2770000146702,22.560832992894575,0.00595799065195024,348.8437909982167
optimistic,100,bramev_event_score,42,42,42,t01062-c00011,11,1062,5,5,True,1,32.81370797776617,1105.7958749879617,141.84712499263696,0.015416997484862804,1247.6584169780836
optimistic,100,bramev_event_score,42,42,42,t01062-c00080,80,1062,9,9,True,1,92.39979198900983,1247.5842919957358,0.11074999929405749,0.0081659818533808,1247.7032079768833
optimistic,100,bramev_event_score,42,42,42,t01064-c00007,7,1064,5,5,True,1,18.823041988071054,202.31141700060107,0.013999990187585354,0.013082986697554588,202.3384999774862
optimistic,100,bramev_event_score,42,42,42,t01067-c00017,17,1067,4,2,True,1,44.483916979515925,101.45391698461026,0.011166994227096438,0.010333023965358734,101.47541700280271
optimistic,100,bramev_event_score,42,42,42,t01068-c00017,17,1068,4,2,True,1,42.65191699960269,97.51879199757241,0.011625001206994057,0.011374999303370714,97.54179199808277
optimistic,100,bramev_event_score,42,42,42,t01070-c00064,64,1070,7,7,True,1,31.382542016217485,180.704958998831,0.01841600169427693,0.013584009138867259,180.73695900966413
optimistic,100,bramev_event_score,42,42,42,t01073-c00012,12,1073,5,5,True,1,35.27166700223461,288.4130419988651,0.01420799526385963,0.012750009773299098,288.44000000390224
optimistic,100,bramev_event_score,42,42,42,t01074-c00030,30,1074,6,6,True,1,25.185667007463053,1210.592000017641,45.7104170054663,0.014874996850267053,1256.3172920199577
optimistic,100,bramev_event_score,42,42,42,t01074-c00047,47,1074,14,14,True,1,54.71445800503716,1256.243292009458,0.12054099352099001,0.010666990419849753,1256.3744999933988
optimistic,100,bramev_event_score,42,42,42,t01074-c00063,63,1074,3,2,True,1,525.3574590024073,666.1755419918336,590.1916669972707,0.005250010872259736,1256.3724589999765
optimistic,100,bramev_event_score,42,42,42,t01074-c00096,96,1074,5,5,True,1,149.8185420059599,1210.4847920127213,45.87870798422955,0.004750007065013051,1256.3682500040159
optimistic,100,bramev_event_score,42,42,42,t01077-c00033,33,1077,6,6,True,1,28.409292019205168,251.72175001353025,0.017499987734481692,0.013417011359706521,251.75266701262444
optimistic,100,bramev_event_score,42,42,42,t01078-c00033,33,1078,3,3,True,1,25.746375002199784,116.7535420099739,0.013665994629263878,0.010749994544312358,116.77795799914747
optimistic,100,bramev_event_score,42,42,42,t01080-c00039,39,1080,7,7,True,1,54.35225000837818,701.7978749936447,41.82529100216925,0.015042023733258247,743.6382080195472
optimistic,100,bramev_event_score,42,42,42,t01080-c00046,46,1080,8,4,True,1,342.6705000165384,743.5633749992121,0.12804201105609536,0.006499991286545992,743.6979170015547
optimistic,100,bramev_event_score,42,42,42,t01081-c00039,39,1081,12,12,True,1,41.86841699993238,693.9188340038527,0.021540996385738254,0.014417018974199891,693.9547920192126
optimistic,100,bramev_event_score,42,42,42,t01081-c00046,46,1081,4,4,True,1,157.21137501532212,575.7488750095945,118.23862500023097,0.006708985893055797,693.9942089957185
optimistic,100,bramev_event_score,42,42,42,t01082-c00046,46,1082,4,4,True,1,176.86304199742153,706.9414999859873,0.023333006538450718,0.019750004867091775,706.9845829973929
optimistic,100,bramev_event_score,42,42,42,t01082-c00082,82,1082,7,7,True,1,45.027917018160224,706.902625010116,0.12541699106805027,0.007374997949227691,707.0354169991333
optimistic,100,bramev_event_score,42,42,42,t01083-c00013,13,1083,3,3,True,1,24.13637499557808,81.13004200276919,0.010040996130555868,0.010334013495594263,81.15041701239534
optimistic,100,bramev_event_score,42,42,42,t01084-c00013,13,1084,4,4,True,1,23.00570800434798,141.31570799509063,0.011124997399747372,0.010832998668774962,141.33766599115916
optimistic,100,bramev_event_score,42,42,42,t01086-c00081,81,1086,3,3,True,1,12.889708974398673,62.66608397709206,0.01316601992584765,0.009041978046298027,62.6882919750642
optimistic,100,bramev_event_score,42,42,42,t01088-c00043,43,1088,3,2,True,1,68.27925000106916,176.42470900318585,0.01562500256113708,0.012333010090515018,176.4526670158375
optimistic,100,bramev_event_score,42,42,42,t01089-c00092,92,1089,8,8,True,1,16.77662500878796,331.4803329994902,0.02245799987576902,0.013416982255876064,331.51620798162185
optimistic,100,bramev_event_score,42,42,42,t01089-c00098,98,1089,4,4,True,1,93.3490419993177,320.6094169872813,10.93612500699237,0.006041984306648374,331.5515839785803
optimistic,100,bramev_event_score,42,42,42,t01090-c00098,98,1090,4,3,True,1,58.913541986839846,182.0747079909779,0.016375008272007108,0.010166986612603068,182.10124998586252
optimistic,100,bramev_event_score,42,42,42,t01092-c00031,31,1092,3,2,True,1,109.38050001277588,199.84545800252818,42.99033299321309,0.011541997082531452,242.8473329928238
optimistic,100,bramev_event_score,42,42,42,t01092-c00090,90,1092,4,3,True,1,61.44608301110566,242.7810000081081,0.0968750100582838,0.006040994776412845,242.8839160129428
optimistic,100,bramev_event_score,42,42,42,t01093-c00084,84,1093,3,3,True,1,43.114917003549635,120.61483401339501,0.01641598646529019,0.010042014764621854,120.64129201462492
optimistic,100,bramev_event_score,42,42,42,t01095-c00019,19,1095,7,7,True,1,72.86900002509356,436.77245802246034,0.017208978533744812,0.01400001929141581,436.8036670202855
optimistic,100,bramev_event_score,42,42,42,t01097-c00003,3,1097,10,10,True,1,113.92170799081214,1143.5976659995504,0.024375010980293155,0.01712498487904668,1143.6391659954097
optimistic,100,bramev_event_score,42,42,42,t01097-c00053,53,1097,6,6,True,1,113.88004198670387,1143.556124996394,0.12554199201986194,0.0077500008046627045,1143.6894169892184
optimistic,100,bramev_event_score,42,42,42,t01103-c00037,37,1103,7,7,True,1,38.20754200569354,191.65079199592583,0.017375015886500478,0.01320798764936626,191.6813749994617
optimistic,100,bramev_event_score,42,42,42,t01106-c00006,6,1106,5,4,True,1,186.24966699280776,1409.0694579936098,0.014500023098662496,0.014374993043020368,1409.0983330097515
optimistic,100,bramev_event_score,42,42,42,t01106-c00054,54,1106,3,3,True,1,359.8081250092946,1229.2997910117265,179.83008400187828,0.006749993190169334,1409.136625006795
optimistic,100,bramev_event_score,42,42,42,t01106-c00058,58,1106,11,11,True,1,72.67458399292082,1339.3558750103693,69.77654198999517,0.007416994776576757,1409.139833995141
optimistic,100,bramev_event_score,42,42,42,t01107-c00058,58,1107,11,11,True,1,84.57925001857802,973.976458015386,0.025583984097465873,0.019208004232496023,974.021250003716
optimistic,100,bramev_event_score,42,42,42,t01112-c00018,18,1112,6,3,True,1,84.49245800147764,271.02941600605845,0.015166995581239462,0.012917007552459836,271.05750000919215
optimistic,100,bramev_event_score,42,42,42,t01116-c00028,28,1116,3,3,True,1,24.894041009247303,163.82012501708232,0.012290984159335494,0.0109999964479357,163.8434159976896
optimistic,100,bramev_event_score,42,42,42,t01118-c00009,9,1118,6,6,True,1,45.0336670037359,290.05712500656955,0.014457997167482972,0.011791998986154795,290.0833750027232
optimistic,100,bramev_event_score,42,42,42,t01119-c00026,26,1119,3,3,True,1,53.89629100682214,208.62520800437778,0.014499993994832039,0.011500000255182385,208.6512079986278
optimistic,100,bramev_event_score,42,42,42,t01120-c00025,25,1120,3,2,True,1,147.8303330077324,319.51766600832343,67.92179201147519,0.01320798764936626,387.452666007448
optimistic,100,bramev_event_score,42,42,42,t01120-c00026,26,1120,3,3,True,1,147.77974999742582,387.3721249983646,0.09904199396260083,0.005875015631318092,387.4770420079585
optimistic,100,bramev_event_score,42,42,42,t01121-c00026,26,1121,4,4,True,1,39.15679198689759,197.5162499875296,0.01200000406242907,0.011166994227096438,197.53941698581912
optimistic,100,bramev_event_score,42,42,42,t01125-c00077,77,1125,5,5,True,1,18.715167010668665,322.7387920196634,0.020042003598064184,0.015207973774522543,322.77404199703597
optimistic,100,bramev_event_score,42,42,42,t01126-c00077,77,1126,7,7,True,1,96.80012500029989,549.7227500018198,0.020708015654236078,0.012959004379808903,549.7564170218538
optimistic,100,bramev_event_score,42,42,42,t01129-c00061,61,1129,7,7,True,1,119.27862500306219,611.659124988364,0.01966601121239364,0.013584009138867259,611.6923750087153
optimistic,100,bramev_event_score,42,42,42,t01130-c00005,5,1130,3,2,True,1,29.817000002367422,52.71058398648165,6.459291005739942,0.009792012860998511,59.17966700508259
optimistic,100,bramev_event_score,42,42,42,t01131-c00005,5,1131,3,2,True,1,30.815540987532586,61.108416004572064,6.3288339879363775,0.009540992323309183,67.44679098483175
optimistic,100,bramev_event_score,42,42,42,t01132-c00005,5,1132,3,2,True,1,19.834958016872406,38.63687498960644,5.854291026480496,0.008874980267137289,44.50004099635407
optimistic,100,bramev_event_score,42,42,42,t01133-c00008,8,1133,5,4,True,1,61.60695798462257,323.6944999953266,0.014499993994832039,0.014165998436510563,323.72316598775797
optimistic,100,bramev_event_score,42,42,42,t01134-c00074,74,1134,7,7,True,1,41.542791994288564,215.41920900926925,0.019207975128665566,0.012708012945950031,215.45112499734387
optimistic,100,bramev_event_score,42,42,42,t01135-c00065,65,1135,8,8,True,1,58.22787500801496,304.00466700666584,0.021124986233189702,0.014167017070576549,304.0399590099696
optimistic,100,bramev_event_score,42,42,42,t01141-c00066,66,1141,4,4,True,1,55.887750000692904,343.80662499461323,0.018542021280154586,0.013082986697554588,343.83825000259094
optimistic,100,bramev_event_score,42,42,42,t01142-c00066,66,1142,6,6,True,1,67.93183399713598,427.1723749989178,0.020541978301480412,0.015042023733258247,427.20795900095254
optimistic,100,bramev_event_score,42,42,42,t01147-c00057,57,1147,6,6,True,1,26.485416979994625,241.93695798749104,0.018834020011126995,0.012499978765845299,241.968291986268
optimistic,100,bramev_event_score,42,42,42,t01149-c00034,34,1149,4,4,True,1,33.78445899579674,191.08399999095127,0.014042016118764877,0.010832998668774962,191.1088750057388
optimistic,100,bramev_event_score,42,42,42,t01154-c00026,26,1154,10,10,True,1,75.50520799122751,643.4798330010381,0.023625005269423127,0.021374988136813045,643.5248329944443
optimistic,100,bramev_event_score,42,42,42,t01155-c00026,26,1155,10,10,True,1,68.39829101227224,537.9346249974333,0.020208011846989393,0.020624982425943017,537.9754579917062
optimistic,100,bramev_event_score,42,42,42,t01157-c00085,85,1157,7,6,True,1,60.15095900511369,331.8448339996394,0.02112501533702016,0.014541001291945577,331.88050001626834
optimistic,100,bramev_event_score,42,42,42,t01160-c00010,10,1160,6,6,True,1,26.240041974233463,143.15366698428988,0.012500007869675756,0.010082992957904935,143.17624998511747
optimistic,100,bramev_event_score,42,42,42,t01163-c00087,87,1163,3,3,True,1,36.168209015158936,143.15429201815277,0.01966700074262917,0.014332996215671301,143.18829201511107
optimistic,100,bramev_event_score,42,42,42,t01164-c00052,52,1164,7,5,True,1,115.1301659992896,431.162624998251,0.0176659959834069,0.01391698606312275,431.1942079802975
optimistic,100,bramev_event_score,42,42,42,t01165-c00092,92,1165,6,6,True,1,29.81612499570474,184.25125000067055,0.015958998119458556,0.009832991054281592,184.2770419898443
optimistic,100,bramev_event_score,42,42,42,t01168-c00000,0,1168,7,7,True,1,32.78962499462068,288.20954100228846,0.015083991456776857,0.013415992725640535,288.2380409864709
optimistic,100,bramev_event_score,42,42,42,t01173-c00078,78,1173,7,7,True,1,65.15633300296031,336.5885419771075,0.02591600059531629,0.016875012079253793,336.6313329897821
optimistic,100,bramev_event_score,42,42,42,t01174-c00001,1,1174,4,1,True,1,49.747166980523616,49.747166980523616,24.62904099957086,0.012542004697024822,74.3887499847915
optimistic,100,bramev_event_score,42,42,42,t01178-c00040,40,1178,3,3,True,1,25.655749981524423,92.2688749851659,0.01329201040789485,0.011500000255182385,92.29366699582897
optimistic,100,bramev_event_score,42,42,42,t01179-c00020,20,1179,6,6,True,1,35.03704199101776,297.17029197490774,0.01733301905915141,0.013708980986848474,297.20133397495374
optimistic,100,bramev_event_score,42,42,42,t01180-c00081,81,1180,7,7,True,1,19.862166023813188,202.65508300508372,0.018499995348975062,0.013083015801385045,202.68666601623408
optimistic,100,bramev_event_score,42,42,42,t01181-c00032,32,1181,5,4,True,1,93.31749999546446,291.44012500182725,0.015458004781976342,0.01262497971765697,291.4682079863269
optimistic,100,bramev_event_score,42,42,42,t01182-c00088,88,1182,6,4,True,1,239.9345409939997,654.5693750085775,0.021499989088624716,0.01654098741710186,654.6074159850832
optimistic,100,bramev_event_score,42,42,42,t01183-c00053,53,1183,7,4,True,1,51.32962501375005,274.9282910081092,0.016834004782140255,0.013999990187585354,274.95912500307895
optimistic,100,bramev_event_score,42,42,42,t01183-c00068,68,1183,4,3,True,1,96.4535000093747,251.31525000324473,23.684167012106627,0.006999995093792677,275.00641701044515
optimistic,100,bramev_event_score,42,42,42,t01186-c00059,59,1186,4,4,True,1,37.407875002827495,200.064000004204,0.017624988686293364,0.01270900247618556,200.09433399536647
optimistic,100,bramev_event_score,42,42,42,t01188-c00072,72,1188,6,6,True,1,112.91729201911949,787.6049170154147,0.02258300082758069,0.016083999071270227,787.6435840153135
optimistic,100,bramev_event_score,42,42,42,t01189-c00066,66,1189,6,6,True,1,88.05345799191855,541.1693750065751,0.020832987502217293,0.015792000340297818,541.2059999944177
optimistic,100,bramev_event_score,42,42,42,t01193-c00079,79,1193,5,5,True,1,41.467250004643574,200.0390829925891,0.01837499439716339,0.01258301199413836,200.0700409989804
optimistic,100,bramev_event_score,42,42,42,t01195-c00024,24,1195,6,6,True,1,70.60462501249276,398.9372910000384,0.018333987100049853,0.0145830272231251,398.97020801436156
optimistic,100,bramev_event_score,42,42,42,t01196-c00024,24,1196,5,5,True,1,80.39608297985978,378.1097919854801,0.016583013348281384,0.014499993994832039,378.1408749928232
optimistic,100,bramev_event_score,42,42,42,t01198-c00076,76,1198,13,13,True,1,87.64095898368396,1126.4163339801598,0.025708024622872472,0.01666697789914906,1126.4587089826819
optimistic,100,bramev_event_score,42,42,42,t01200-c00051,51,1200,6,6,True,1,99.63541699107736,856.9679170032032,0.0191659783013165,0.015042023733258247,857.0021250052378
optimistic,100,bramev_event_score,42,42,42,t01204-c00069,69,1204,7,7,True,1,45.04983298829757,228.76720799831674,0.017417012713849545,0.012042000889778137,228.79666701192036
optimistic,100,bramev_event_score,42,42,42,t01205-c00060,60,1205,7,7,True,1,77.79766697785817,426.2214999762364,0.020750012481585145,0.014666991773992777,426.25691698049195
optimistic,100,bramev_event_score,42,42,42,t01217-c00020,20,1217,3,2,True,1,45.37245800020173,183.55224997503683,0.013625016435980797,0.012125005014240742,183.57799999648705
optimistic,100,bramev_event_score,42,42,42,t01217-c00038,38,1217,5,2,True,1,76.69054198777303,94.5954589988105,89.0024580003228,0.00566698145121336,183.60358398058452
optimistic,100,bramev_event_score,42,42,42,t01222-c00049,49,1222,7,7,True,1,13.326624990440905,111.576374998549,0.012791977496817708,0.009666022378951311,111.59883299842477
optimistic,100,bramev_event_score,42,42,42,t01223-c00016,16,1223,6,3,True,1,34.40962499007583,656.6048749955371,0.018749997252598405,0.01683298614807427,656.6404579789378
optimistic,100,bramev_event_score,42,42,42,t01223-c00056,56,1223,5,4,True,1,210.16425002017058,656.5655420126859,0.11662498582154512,0.007458002073690295,656.6896250005811
optimistic,100,bramev_event_score,42,42,42,t01227-c00010,10,1227,5,5,True,1,60.657374997390434,315.140041988343,0.01675001112744212,0.015666999388486147,315.17245899885893
optimistic,100,bramev_event_score,42,42,42,t01227-c00075,75,1227,0,0,False,0,,,,,
optimistic,100,bramev_event_score,42,42,42,t01228-c00075,75,1228,3,3,True,1,9.5807499892544,83.05437499075197,0.011625001206994057,0.009291019523516297,83.07529101148248
optimistic,100,bramev_event_score,42,42,42,t01230-c00005,5,1230,4,1,True,1,20.806417014682665,20.806417014682665,17.390332999639213,0.009042007150128484,38.20579202147201
optimistic,100,bramev_event_score,42,42,42,t01231-c00004,4,1231,8,8,True,1,98.15650002565235,595.9178340272047,0.015290977898985147,0.01429201802238822,595.947417023126
optimistic,100,bramev_event_score,42,42,42,t01235-c00022,22,1235,4,4,True,1,235.82670799805783,739.881665998837,0.015458994312211871,0.014707999071106315,739.9118329922203
optimistic,100,bramev_event_score,42,42,42,t01235-c00050,50,1235,7,7,True,1,235.7889169943519,651.7370000074152,88.2109579979442,0.007499998901039362,739.9554580042604
optimistic,100,bramev_event_score,42,42,42,t01239-c00071,71,1239,7,6,True,1,39.62024999782443,175.2627499809023,0.016167003195732832,0.010207993909716606,175.28912497800775
optimistic,100,bramev_event_score,42,42,42,t01241-c00082,82,1241,5,5,True,1,11.425208998844028,71.47841699770652,0.012417003745213151,0.008915987564250827,71.49974998901598
optimistic,100,bramev_event_score,42,42,42,t01242-c00082,82,1242,5,5,True,1,16.292208019876853,119.37324999598786,0.0118750031106174,0.009000010322779417,119.39412500942126
optimistic,100,bramev_event_score,42,42,42,t01243-c00002,2,1243,12,12,True,1,40.041792002739385,442.92495801346377,0.0186669931281358,0.01300001167692244,442.9566250182688
optimistic,100,bramev_event_score,42,42,42,t01244-c00084,84,1244,6,6,True,1,86.94825001293793,515.610625006957,0.024957989808171988,0.01762501779012382,515.6532080145553
optimistic,100,bramev_event_score,42,42,42,t01248-c00015,15,1248,7,6,True,1,53.839624975807965,260.4476249834988,5.550000001676381,0.013999990187585354,266.0116249753628
optimistic,100,bramev_event_score,42,42,42,t01248-c00047,47,1248,1,0,False,0,,,,,
optimistic,100,bramev_event_score,42,42,42,t01249-c00012,12,1249,8,8,True,1,401.2382499931846,1413.9597909816075,0.02012500772252679,0.014874996850267053,1413.9947909861803
optimistic,100,bramev_event_score,42,42,42,t01249-c00047,47,1249,3,2,True,1,780.2704999921843,1229.3397079920396,184.67916699592024,0.005707988748326898,1414.0245829767082
optimistic,100,bramev_event_score,42,42,42,t01249-c00089,89,1249,6,5,True,1,56.129790988052264,1413.8816249906085,0.1372499973513186,0.005250010872259736,1414.0241249988321
optimistic,100,bramev_event_score,42,42,42,t01250-c00076,76,1250,2,2,True,1,59.95875000371598,240.23675001808442,0.018582999473437667,0.01304197940044105,240.2683749969583
optimistic,100,bramev_event_score,42,42,42,t01252-c00045,45,1252,7,6,True,1,118.91820799792185,950.7011670211796,7.658499991521239,0.017165992176160216,958.376833004877
optimistic,100,bramev_event_score,42,42,42,t01252-c00075,75,1252,7,6,True,1,118.87858298723586,950.6616669823416,7.769000018015504,0.006832997314631939,958.4374999976717
optimistic,100,bramev_event_score,42,42,42,t01253-c00045,45,1253,7,6,True,1,38.79074999713339,163.30245797871612,4.894333018455654,0.011458992958068848,168.20824999012984
optimistic,100,bramev_event_score,42,42,42,t01254-c00064,64,1254,7,7,True,1,190.84220798686147,780.0041250011418,0.022958003683015704,0.013791985111311078,780.0408749899361
optimistic,100,bramev_event_score,42,42,42,t01254-c00094,94,1254,3,3,True,1,147.1964590018615,693.8149589987006,86.27779100788757,0.007291993824765086,780.1000420004129
optimistic,100,bramev_event_score,42,42,42,t01255-c00064,64,1255,8,6,True,1,20.327999984147027,217.19666698481888,0.016375008272007108,0.01200000406242907,217.2250419971533
optimistic,100,bramev_event_score,42,42,42,t01256-c00033,33,1256,7,7,True,1,20.441458007553592,214.43716701469384,0.015249999705702066,0.01158300437964499,214.4640000187792
optimistic,100,bramev_event_score,42,42,42,t01257-c00067,67,1257,9,9,True,1,44.08212500857189,316.6407080134377,0.019875005818903446,0.014708988601341844,316.67529200785793
optimistic,100,bramev_event_score,42,42,42,t01262-c00093,93,1262,8,8,True,1,36.04750000522472,388.0222080042586,0.022334017558023334,0.014915975043550134,388.05945799686015
optimistic,100,bramev_event_score,42,42,42,t01263-c00014,14,1263,4,3,True,1,322.7128339931369,727.0767090085428,0.01724998583085835,0.01462499494664371,727.1085839893203
optimistic,100,bramev_event_score,42,42,42,t01263-c00021,21,1263,7,7,True,1,65.46149999485351,561.4982919942122,165.64283301704563,0.00799997360445559,727.1491249848623
optimistic,100,bramev_event_score,42,42,42,t01265-c00036,36,1265,5,5,True,1,27.820916002383456,253.41737500275485,0.017165992176160216,0.01229200279340148,253.4468329977244
optimistic,100,bramev_event_score,42,42,42,t01268-c00099,99,1268,4,4,True,1,47.98058301093988,297.69237502478063,0.01812499249354005,0.01200000406242907,297.7225000213366
optimistic,100,bramev_event_score,42,42,42,t01269-c00071,71,1269,5,4,True,1,52.33949999092147,213.17529201041907,0.01595797948539257,0.011333002476021647,213.20258299238048
optimistic,100,bramev_event_score,42,42,42,t01270-c00010,10,1270,4,4,True,1,168.8849579950329,1607.344040996395,0.01795898424461484,0.014958000974729657,1607.3769579816144
optimistic,100,bramev_event_score,42,42,42,t01270-c00018,18,1270,8,7,True,1,76.29041699692607,1388.4042919962667,219.01720800087787,0.008167000487446785,1607.429666997632
optimistic,100,bramev_event_score,42,42,42,t01270-c00035,35,1270,6,4,True,1,551.5995000023395,1607.272750028642,0.1651669736020267,0.005375011824071407,1607.443292014068
optimistic,100,bramev_event_score,42,42,42,t01270-c00071,71,1270,6,6,True,1,24.77045898558572,1349.1802499920595,258.2605420029722,0.005332985892891884,1607.4461249809247
optimistic,100,bramev_event_score,42,42,42,t01271-c00018,18,1271,8,7,True,1,67.84100001095794,755.8474999968894,0.016542006051167846,0.013667013263329864,755.8777090162039
optimistic,100,bramev_event_score,42,42,42,t01271-c00035,35,1271,11,10,True,1,25.131999980658293,722.6964999863412,33.21370799676515,0.007708993507549167,755.9179169766139
optimistic,100,bramev_event_score,42,42,42,t01272-c00013,13,1272,3,3,True,1,26.71741700032726,107.53987499629147,0.00937501317821443,0.00941698090173304,107.55866699037142
optimistic,100,bramev_event_score,42,42,42,t01273-c00031,31,1273,6,5,True,1,195.4085000033956,808.9550829899963,115.70766699151136,0.01604200224392116,924.6787919837516
optimistic,100,bramev_event_score,42,42,42,t01273-c00083,83,1273,8,8,True,1,92.98024998861365,924.6020419814158,0.12037501437589526,0.008540984708815813,924.7309579805005
optimistic,100,bramev_event_score,42,42,42,t01274-c00041,41,1274,6,6,True,1,49.66095800045878,433.10737499268726,0.02025000867433846,0.015790981706231833,433.1434159830678
optimistic,100,bramev_event_score,42,42,42,t01275-c00041,41,1275,3,3,True,1,16.314208012772724,126.60099999629892,0.012958014849573374,0.010458985343575478,126.62441699649207
optimistic,100,bramev_event_score,42,42,42,t01278-c00070,70,1278,8,7,True,1,38.194958004169166,263.83208300103433,0.02012500772252679,0.015249999705702066,263.86745800846256
optimistic,100,bramev_event_score,42,42,42,t01281-c00086,86,1281,12,12,True,1,31.254540983354673,422.5442079768982,0.02358300844207406,0.015708996215835214,422.5834999815561
optimistic,100,bramev_event_score,42,42,42,t01282-c00015,15,1282,4,2,True,1,36.54483400168829,79.23400000436231,0.008917006198316813,0.009249983122572303,79.2521669936832
optimistic,100,bramev_event_score,42,42,42,t01283-c00012,12,1283,3,3,True,1,45.20554200280458,479.270291980356,101.73662501620129,0.016375008272007108,581.0232920048293
optimistic,100,bramev_event_score,42,42,42,t01283-c00022,22,1283,8,4,True,1,148.79791700514033,563.1487499922514,17.904000007547438,0.006791990017518401,581.0595419898164
optimistic,100,bramev_event_score,42,42,42,t01284-c00096,96,1284,7,7,True,1,44.07708402140997,240.78387502231635,0.02087498432956636,0.011458992958068848,240.816208999604
optimistic,100,bramev_event_score,42,42,42,t01285-c00096,96,1285,7,7,True,1,43.50254198652692,227.7480830089189,0.01925000105984509,0.011041993275284767,227.77837500325404
optimistic,100,bramev_event_score,42,42,42,t01288-c00046,46,1288,8,6,True,1,132.15491600567475,830.6592080043629,0.017624988686293364,0.01387501833960414,830.6907080113888
optimistic,100,bramev_event_score,42,42,42,t01288-c00097,97,1288,5,5,True,1,101.89462499693036,770.6412080151495,60.080082999775186,0.006874994141981006,830.7281660090666
optimistic,100,bramev_event_score,42,42,42,t01289-c00097,97,1289,7,7,True,1,83.4332920203451,668.5514590062667,0.02300000051036477,0.01462499494664371,668.5890840017237
optimistic,100,bramev_event_score,42,42,42,t01290-c00007,7,1290,12,12,True,1,47.534250013995916,481.61358301877044,0.017458980437368155,0.012375006917864084,481.6434170061257
optimistic,100,bramev_event_score,42,42,42,t01291-c00048,48,1291,3,3,True,1,39.01504201348871,191.44758299808018,0.015458994312211871,0.010458024917170405,191.47350001730956
optimistic,100,bramev_event_score,42,42,42,t01300-c00037,37,1300,6,6,True,1,280.30266700079665,1322.746999998344,0.020875013433396816,0.01812499249354005,1322.786000004271
optimistic,100,bramev_event_score,42,42,42,t01300-c00043,43,1300,3,3,True,1,40.29937498853542,1140.202499984298,182.62891602353193,0.006416987162083387,1322.837832994992
optimistic,100,bramev_event_score,42,42,42,t01300-c00092,92,1300,5,5,True,1,280.2260830067098,1322.6707080029882,0.15683300443924963,0.005209003575146198,1322.8327500110026
optimistic,100,bramev_event_score,42,42,42,t01301-c00037,37,1301,6,6,True,1,331.05874998727813,6689.992208004696,0.02145799226127565,0.016874982975423336,6690.030540979933
optimistic,100,bramev_event_score,42,42,42,t01301-c00039,39,1301,5,5,True,1,331.0249579953961,6689.958416973241,0.11204101610928774,0.006874994141981006,6690.077332983492
optimistic,100,bramev_event_score,42,42,42,t01301-c00055,55,1301,6,4,True,1,7.43158400291577,1305.7494169916026,5384.318708005594,0.0051670067477971315,6690.0732920039445
optimistic,100,bramev_event_score,42,42,42,t01301-c00095,95,1301,5,4,True,1,653.0316249991301,6689.895416988293,0.16733299707993865,0.00404199818149209,6690.066791983554
optimistic,100,bramev_event_score,42,42,42,t01302-c00062,62,1302,12,12,True,1,23.96479100571014,255.84445800632238,0.021417014067992568,0.013249984476715326,255.8791250048671
optimistic,100,bramev_event_score,42,42,42,t01303-c00023,23,1303,8,8,True,1,64.44779201410711,607.8689170244616,0.01737498678267002,0.01300001167692244,607.8992920229211
optimistic,100,bramev_event_score,42,42,42,t01306-c00080,80,1306,8,8,True,1,51.962041994556785,342.94274999410845,0.018749997252598405,0.012333010090515018,342.97383300145157
optimistic,100,bramev_event_score,42,42,42,t01308-c00049,49,1308,7,7,True,1,38.79604197572917,232.6522919756826,0.017583020962774754,0.01220798003487289,232.68208297668025
optimistic,100,bramev_event_score,42,42,42,t01309-c00063,63,1309,5,2,True,1,56.89558299491182,117.77645797701553,0.011125026503577828,0.009833980584517121,117.79741698410362
optimistic,100,bramev_event_score,42,42,42,t01312-c00086,86,1312,6,6,True,1,22.57274999283254,251.36449999990873,0.016875012079253793,0.01029099803417921,251.39166601002216
optimistic,100,bramev_event_score,42,42,42,t01313-c00086,86,1313,12,12,True,1,38.0465830094181,547.4825830024201,0.024375010980293155,0.014083983842283487,547.5210419972427
optimistic,100,bramev_event_score,42,42,42,t01318-c00091,91,1318,4,4,True,1,43.91354197287001,165.39691697107628,0.01966700074262917,0.01158300437964499,165.42816697619855
optimistic,100,bramev_event_score,42,42,42,t01321-c00042,42,1321,8,8,True,1,98.04916701978073,776.5922920079902,0.020625011529773474,0.016707985196262598,776.6296250047162
optimistic,100,bramev_event_score,42,42,42,t01323-c00090,90,1323,8,7,True,1,39.99783398467116,203.64249998237938,6.2864590145181865,0.01216601231135428,209.94112500920892
optimistic,100,bramev_event_score,42,42,42,t01324-c00081,81,1324,3,3,True,1,28.264916996704414,99.40179198747501,0.011708005331456661,0.009042007150128484,99.4225419999566
optimistic,100,bramev_event_score,42,42,42,t01326-c00065,65,1326,5,4,True,1,28.84608300519176,157.01637498568743,0.01329201040789485,0.010332994861528277,157.03999999095686
optimistic,100,bramev_event_score,42,42,42,t01327-c00006,6,1327,1,1,True,1,55.442499986384064,55.442499986384064,0.00666698906570673,0.007708003977313638,55.456874979427084
optimistic,100,bramev_event_score,42,42,42,t01335-c00017,17,1335,6,4,True,1,45.04458399605937,313.81758401403204,0.015041005099192262,0.011500000255182385,313.8441250193864
optimistic,100,bramev_event_score,42,42,42,t01335-c00039,39,1335,3,3,True,1,102.32004200224765,240.2379999984987,73.62949999514967,0.005709007382392883,313.8732090010308
optimistic,100,bramev_event_score,42,42,42,t01339-c00027,27,1339,7,7,True,1,50.32833298901096,422.919999982696,0.017000013031065464,0.012582982890307903,422.9495829786174
optimistic,100,bramev_event_score,42,42,42,t01342-c00081,81,1342,7,7,True,1,39.25212501781061,195.49687500693835,0.01579101081006229,0.009874987881630659,195.52254100563005
optimistic,100,bramev_event_score,42,42,42,t01344-c00030,30,1344,3,2,True,1,34.00295798201114,71.94833300309256,0.01029198756441474,0.00925001222640276,71.96787500288337
optimistic,100,bramev_event_score,42,42,42,t01349-c00074,74,1349,5,5,True,1,15.881333005381748,80.21054201526567,0.011999974958598614,0.009083014447242022,80.23162500467151
optimistic,100,bramev_event_score,42,42,42,t01351-c00023,23,1351,8,8,True,1,104.44975001155399,895.9792910027318,0.01824999344535172,0.015583995264023542,896.0131249914411
optimistic,100,bramev_event_score,42,42,42,t01353-c00061,61,1353,7,7,True,1,82.40087499143556,1349.654958001338,0.021041982108727098,0.015208002878353,1349.691207986325
optimistic,100,bramev_event_score,42,42,42,t01353-c00095,95,1353,7,6,True,1,449.4857499958016,1093.0309999966994,256.6958339884877,0.008083006832748652,1349.7349169920199
optimistic,100,bramev_event_score,42,42,42,t01355-c00025,25,1355,5,5,True,1,100.05300000193529,399.97616698383354,0.017458020010963082,0.015249999705702066,400.0088750035502
optimistic,100,bramev_event_score,42,42,42,t01356-c00029,29,1356,5,5,True,1,53.86629200074822,413.3025000046473,0.01675001112744212,0.015249999705702066,413.33450001548044
optimistic,100,bramev_event_score,42,42,42,t01359-c00000,0,1359,6,6,True,1,21.781666990136728,276.7012499971315,0.014833000022917986,0.013125012628734112,276.7292080097832
optimistic,100,bramev_event_score,42,42,42,t01364-c00006,6,1364,3,3,True,1,47.26770898560062,167.97995899105445,0.01233298098668456,0.010708026820793748,168.00299999886192
optimistic,100,bramev_event_score,42,42,42,t01365-c00034,34,1365,3,3,True,1,32.60224999394268,87.29500000481494,0.009374984074383974,0.008625007467344403,87.31299999635667
optimistic,100,bramev_event_score,42,42,42,t01367-c00053,53,1367,7,7,True,1,24.224833003245294,188.12558299396187,0.014792021829634905,0.010832998668774962,188.15120801446028
optimistic,100,bramev_event_score,42,42,42,t01368-c00053,53,1368,7,7,True,1,94.41633301321417,484.81012499541976,0.020083010895177722,0.01304197940044105,484.8432499857154
optimistic,100,bramev_event_score,42,42,42,t01368-c00068,68,1368,3,3,True,1,72.25600001402199,433.0364589986857,51.836750004440546,0.006207992555573583,484.8794169956818
optimistic,100,bramev_event_score,42,42,42,t01371-c00098,98,1371,7,7,True,1,42.7744589978829,533.8340000016615,0.020624982425943017,0.014167017070576549,533.868792001158
optimistic,100,bramev_event_score,42,42,42,t01374-c00009,9,1374,15,15,True,1,54.565709026064724,717.7494589996058,0.02229100209660828,0.014209013897925615,717.7859590156004
optimistic,100,bramev_event_score,42,42,42,t01382-c00082,82,1382,9,5,True,1,80.97162502235733,388.9032920124009,0.01754099503159523,0.011166994227096438,388.9320000016596
optimistic,100,bramev_event_score,42,42,42,t01382-c00087,87,1382,4,4,True,1,43.057958013378084,350.38849999546073,38.561583001865074,0.0051670067477971315,388.9552500040736
optimistic,100,bramev_event_score,42,42,42,t01383-c00026,26,1383,7,7,True,1,45.38458399474621,236.94708399125375,0.01462499494664371,0.011416006600484252,236.97312499280088
optimistic,100,bramev_event_score,42,42,42,t01384-c00058,58,1384,6,6,True,1,35.78504201141186,388.031458016485,93.95216699340381,0.012083008186891675,481.9957080180757
optimistic,100,bramev_event_score,42,42,42,t01384-c00071,71,1384,9,8,True,1,76.28604100318626,481.92500000004657,0.09495799895375967,0.006791990017518401,482.02674998901784
optimistic,100,bramev_event_score,42,42,42,t01385-c00041,41,1385,7,7,True,1,87.67908302252181,666.5856660110876,0.01912500010803342,0.01504199462942779,666.6198330058251
optimistic,100,bramev_event_score,42,42,42,t01385-c00071,71,1385,9,8,True,1,30.82737498334609,666.5461249940563,0.10725000174716115,0.007416994776576757,666.66079199058
optimistic,100,bramev_event_score,42,42,42,t01387-c00001,1,1387,3,2,True,1,36.28312499495223,135.31058299122378,0.008792005246505141,0.010499992640689015,135.32987498911098
optimistic,100,bramev_event_score,42,42,42,t01388-c00034,34,1388,11,11,True,1,28.438709006877616,330.87158401031047,0.019875005818903446,0.014040997484698892,330.9055000136141
optimistic,100,bramev_event_score,42,42,42,t01389-c00044,44,1389,9,4,True,1,42.482416989514604,221.03829198749736,0.015708006685599685,0.01333298860117793,221.06733298278414
optimistic,100,bramev_event_score,42,42,42,t01390-c00044,44,1390,9,4,True,1,39.57758299657144,211.88779099611565,0.015249999705702066,0.011416996130719781,211.91445799195208
optimistic,100,bramev_event_score,42,42,42,t01393-c00011,11,1393,5,5,True,1,45.689083985053,294.41583398147486,0.013916025636717677,0.011874974006786942,294.44162498111837
optimistic,100,bramev_event_score,42,42,42,t01398-c00033,33,1398,7,7,True,1,41.0713329911232,274.20608297688887,60.94670802121982,0.011625001206994057,335.1644159993157
optimistic,100,bramev_event_score,42,42,42,t01398-c00085,85,1398,4,3,True,1,159.2467909795232,335.0946249847766,0.09250000584870577,0.005665991920977831,335.1927909825463
optimistic,100,bramev_event_score,42,42,42,t01400-c00069,69,1400,7,7,True,1,39.031082997098565,185.31562498537824,0.016915990272536874,0.010334013495594263,185.34287498914637
optimistic,100,bramev_event_score,42,42,42,t01404-c00019,19,1404,3,3,True,1,33.40687500895001,108.84058300871402,0.008542003342881799,0.008125003660097718,108.857250015717
optimistic,100,bramev_event_score,42,42,42,t01406-c00018,18,1406,7,6,True,1,30.311332986457273,122.62583299889229,0.011833995813503861,0.009749986929818988,122.64741698163562
optimistic,100,bramev_event_score,42,42,42,t01408-c00008,8,1408,3,2,True,1,32.49912499450147,135.302791983122,0.009125011274591088,0.008583010639995337,135.3205000050366
optimistic,100,bramev_event_score,42,42,42,t01408-c00061,61,1408,3,3,True,1,19.280333013739437,97.66291599953547,37.66595901106484,0.005165988113731146,135.33404099871404
optimistic,100,bramev_event_score,42,42,42,t01410-c00024,24,1410,3,3,True,1,11.372209002729505,67.31062498874962,0.008500006515532732,0.007499998901039362,67.3266249941662
optimistic,100,bramev_event_score,42,42,42,t01412-c00005,5,1412,7,5,True,1,7.50912498915568,43.11620898079127,0.009083014447242022,0.008500006515532732,43.133792001754045
optimistic,100,bramev_event_score,42,42,42,t01419-c00057,57,1419,6,6,True,1,4.786792007507756,79.92333301808685,0.010083982488140464,0.007666007149964571,79.94108300772496
optimistic,100,bramev_event_score,42,42,42,t01423-c00003,3,1423,7,7,True,1,10.387250018538907,73.58475000364706,0.009500014130026102,0.007833994459360838,73.60208401223645
optimistic,100,bramev_event_score,42,42,42,t01424-c00038,38,1424,4,3,True,1,15.004665998276323,32.555040990700945,0.006999995093792677,0.006459013093262911,32.568499998888
optimistic,100,bramev_event_score,42,42,42,t01425-c00045,45,1425,4,4,True,1,8.823500014841557,34.82933301711455,0.008208997314795852,0.007333001121878624,34.844875015551224
optimistic,100,bramev_event_score,42,42,42,t01426-c00054,54,1426,8,8,True,1,8.186582999769598,120.14808299136348,0.011000025551766157,0.007749971700832248,120.16683298861608
optimistic,100,bramev_event_score,42,42,42,t01426-c00078,78,1426,7,7,True,1,24.3390410032589,90.81962500931695,29.344707989366725,0.005458015948534012,120.16979101463221
optimistic,100,bramev_event_score,42,42,42,t01430-c00047,47,1430,3,2,True,1,8.593707985710353,12.981582985958084,0.006375019438564777,0.006416987162083387,12.994374992558733
optimistic,100,bramev_event_score,42,42,42,t01435-c00044,44,1435,4,4,True,1,12.069290998624638,40.39583299891092,0.00837500556372106,0.007166992872953415,40.41137499734759
optimistic,100,bramev_event_score,42,42,42,t01435-c00077,77,1435,10,9,True,1,3.029209008673206,34.38879200257361,6.018417014274746,0.006082991603761911,40.41329200845212
optimistic,100,bramev_event_score,42,42,42,t01439-c00088,88,1439,6,4,True,1,3.2080830133054405,10.22058300441131,0.016999983927235007,0.011708005331456661,10.249290993670002
