scenario,nb_cars,method,seed,world_seed,grid_seed,demand_id,car_id,slot,nb_stations,search_retries,nb_offers,confirmed,abandoned,outcome,energy_requested_kwh,energy_delivered_kwh,slots_charged,confirm_attempts,first_offer_ms,last_offer_ms,selection_ms,confirmation_ms,total_ms
pessimistic,50,load_aware,1,1,1,t00000-c00000,0,0,7,0,7,True,False,no_show,22.2221,0.0,0,1,309.4185828231275,3388.920832891017,377.49733310192823,0.01837499439716339,3766.4365409873426
pessimistic,50,load_aware,1,1,1,t00000-c00008,8,0,5,0,5,True,False,satisfied,20.7485,21.0,30,1,1496.1876668967307,3766.3459167815745,0.11529121547937393,0.00937492586672306,3766.4705829229206
pessimistic,50,load_aware,1,1,1,t00000-c00010,10,0,5,0,5,True,False,satisfied,19.0784,18.9,27,1,1496.1467499379069,3766.304957913235,0.16037514433264732,0.005916925147175789,3766.4712499827147
pessimistic,50,load_aware,1,1,1,t00000-c00032,32,0,16,0,16,True,False,satisfied,23.3596,23.4,39,1,100.29470804147422,3586.7669580038637,179.7000418882817,0.010833144187927246,3766.4778330363333
pessimistic,50,load_aware,1,1,1,t00000-c00038,38,0,6,0,6,True,False,cancelled_late,20.2051,0.0,0,1,309.2448329553008,3388.746874872595,377.71500018425286,0.005499925464391708,3766.4673749823123
pessimistic,50,load_aware,1,1,1,t00000-c00040,40,0,6,0,6,True,False,satisfied,17.1469,17.5,25,1,653.8402501028031,3446.9857909716666,319.4824589882046,0.006375135853886604,3766.474625095725
pessimistic,50,load_aware,1,1,1,t00000-c00047,47,0,3,0,3,True,False,no_show,17.2864,0.0,0,1,2288.639625068754,3186.8356249760836,579.6220409683883,0.004749977961182594,3766.462415922433
pessimistic,50,load_aware,1,1,1,t00002-c00002,2,2,2,0,2,True,False,satisfied,23.4314,23.5,47,1,120.44091685675085,209.26829194650054,0.022999942302703857,0.01741712912917137,209.30870901793242
pessimistic,50,load_aware,1,1,1,t00005-c00037,37,5,6,0,6,True,False,satisfied,12.4969,12.6,18,1,37.09845896810293,220.05333402194083,0.024082837626338005,0.019666971638798714,220.09708383120596
pessimistic,50,load_aware,1,1,1,t00006-c00039,39,6,5,0,5,True,False,satisfied,13.2955,13.6,34,1,54.310375126078725,348.20316708646715,0.022582942619919777,0.01933402381837368,348.24508405290544
pessimistic,50,load_aware,1,1,1,t00007-c00038,38,7,8,0,8,True,False,cancelled_early,20.53,0.0,0,1,142.21950015053153,926.2262920383364,0.02508307807147503,0.022625084966421127,926.2740002013743
pessimistic,50,load_aware,1,1,1,t00008-c00038,38,8,8,0,8,True,False,cancelled_late,18.4098,0.0,0,1,119.23937499523163,769.5639578159899,0.02391706220805645,0.018750084564089775,769.606624962762
pessimistic,50,load_aware,1,1,1,t00010-c00023,23,10,9,0,9,True,False,satisfied,21.2517,21.6,54,1,145.6927501130849,1009.6861671190709,0.02229190431535244,0.02037500962615013,1009.7288340330124
pessimistic,50,load_aware,1,1,1,t00013-c00015,15,13,6,0,6,True,False,cancelled_early,25.9875,0.0,0,1,76.6592079307884,1308.5041251033545,179.85333292745054,0.018958933651447296,1488.3764169644564
pessimistic,50,load_aware,1,1,1,t00013-c00038,38,13,12,0,12,True,False,satisfied,18.8111,19.2,48,1,210.1399169769138,1488.2881671655923,0.1385828945785761,0.01191697083413601,1488.438667031005
pessimistic,50,load_aware,1,1,1,t00014-c00015,15,14,4,0,4,True,False,cancelled_early,13.5122,0.0,0,1,42.0372080989182,407.62970806099474,82.85350003279746,0.016666948795318604,490.4998750425875
pessimistic,50,load_aware,1,1,1,t00014-c00025,25,14,5,0,5,True,False,no_show,17.2483,0.0,0,1,121.42483284696937,490.4155000112951,0.12516696006059647,0.00837491825222969,490.5490418896079
pessimistic,50,load_aware,1,1,1,t00015-c00015,15,15,8,0,8,True,False,satisfied,14.6333,15.2,19,1,34.84674985520542,294.7575419675559,0.02145790494978428,0.02037500962615013,294.7993748821318
pessimistic,50,load_aware,1,1,1,t00017-c00018,18,17,8,0,8,True,False,cancelled_late,19.7991,0.0,0,1,41.007333202287555,317.7091251127422,0.021249987185001373,0.01850002445280552,317.74887512438
pessimistic,50,load_aware,1,1,1,t00023-c00018,18,23,7,0,7,True,False,cancelled_late,24.5552,0.0,0,1,72.82066694460809,1955.570583930239,96.81274998001754,0.017707934603095055,2052.4010418448597
pessimistic,50,load_aware,1,1,1,t00023-c00020,20,23,6,0,6,True,False,satisfied,29.6653,30.0,75,1,467.0444158837199,1883.9515000581741,168.48966595716774,0.00900006853044033,2052.4501660838723
pessimistic,50,load_aware,1,1,1,t00023-c00045,45,23,11,0,11,True,False,cancelled_early,23.1487,0.0,0,1,135.49466710537672,2052.2748751100153,0.16904203221201897,0.00937492586672306,2052.453292068094
pessimistic,50,load_aware,1,1,1,t00024-c00018,18,24,7,0,7,True,False,satisfied,26.9613,27.2,34,1,273.72591686435044,1735.7546670828015,44.13624992594123,0.020666047930717468,1779.9115830566734
pessimistic,50,load_aware,1,1,1,t00024-c00027,27,24,3,0,3,True,False,satisfied,19.5233,19.8,33,1,750.7784171029925,921.4411249849945,858.5008750669658,0.007916940376162529,1779.9499169923365
pessimistic,50,load_aware,1,1,1,t00024-c00045,45,24,9,0,9,True,False,satisfied,27.3748,28.0,35,1,273.64370808936656,1779.78670806624,0.15758303925395012,0.007916940376162529,1779.95220804587
pessimistic,50,load_aware,1,1,1,t00026-c00006,6,26,3,0,3,True,False,cancelled_late,17.5337,0.0,0,1,50.6546248216182,132.6273330487311,0.021249987185001373,0.015666941180825233,132.66424997709692
pessimistic,50,load_aware,1,1,1,t00029-c00004,4,29,8,0,8,True,False,cancelled_late,16.7602,0.0,0,1,39.60216697305441,338.82716693915427,0.02233288250863552,0.024875160306692123,338.8743749819696
pessimistic,50,load_aware,1,1,1,t00030-c00006,6,30,12,0,12,True,False,no_show,17.441,0.0,0,1,42.13112499564886,489.0029579401016,0.028624897822737694,0.027582980692386627,489.05916581861675
pessimistic,50,load_aware,1,1,1,t00032-c00000,0,32,3,0,3,True,False,no_show,26.1628,0.0,0,1,65.92750013805926,166.30345908924937,0.020666047930717468,0.018625054508447647,166.34275019168854
pessimistic,50,load_aware,1,1,1,t00034-c00004,4,34,5,0,5,True,False,cancelled_late,16.7337,0.0,0,1,46.17583309300244,468.19983306340873,0.02091703936457634,0.018916092813014984,468.2396661955863
pessimistic,50,load_aware,1,1,1,t00034-c00044,44,34,2,0,2,True,False,cancelled_late,19.1054,0.0,0,1,308.9289590716362,421.8628751114011,46.4177499525249,0.007084105163812637,468.2877091690898
pessimistic,50,load_aware,1,1,1,t00035-c00004,4,35,5,0,5,True,False,no_show,12.9568,0.0,0,1,26.82954096235335,507.6087911147624,0.017541926354169846,0.017208047211170197,507.64354108832777
pessimistic,50,load_aware,1,1,1,t00035-c00047,47,35,2,0,2,True,False,cancelled_late,22.5581,0.0,0,1,153.48487487062812,480.75595893897116,26.911375112831593,0.0070410314947366714,507.6743750832975
pessimistic,50,load_aware,1,1,1,t00036-c00016,16,36,1,3,1,True,False,satisfied,26.6953,27.3,39,1,582.7309170272201,582.7309170272201,0.01937500201165676,0.017124926671385765,582.7674169559032
pessimistic,50,load_aware,1,1,1,t00036-c00044,44,36,6,0,6,True,False,cancelled_late,18.305,0.0,0,1,108.62245783209801,488.70804184116423,0.02637505531311035,0.01800013706088066,488.7524170335382
pessimistic,50,load_aware,1,1,1,t00042-c00044,44,42,8,0,8,True,False,cancelled_late,18.2159,0.0,0,1,116.60641594789922,999.9097499530762,0.02287491224706173,0.018041115254163742,999.9506659805775
pessimistic,50,load_aware,1,1,1,t00042-c00047,47,42,4,0,4,True,False,no_show,24.014,0.0,0,1,629.8899999819696,910.3084169328213,89.68329220078886,0.008165836334228516,999.9998749699444
pessimistic,50,load_aware,1,1,1,t00044-c00030,30,44,9,0,9,True,False,no_show,19.9863,0.0,0,1,47.828375129029155,408.7016670964658,0.023541972041130066,0.019124941900372505,408.74433401040733
pessimistic,50,load_aware,1,1,1,t00045-c00043,43,45,2,0,2,True,False,cancelled_early,28.6254,0.0,0,1,122.41545785218477,242.11887479759753,0.0247082207351923,0.02074986696243286,242.16433288529515
pessimistic,50,load_aware,1,1,1,t00046-c00043,43,46,7,0,7,True,False,satisfied,33.7843,34.2,57,1,231.57783295027912,1557.7657499816269,0.022500054910779,0.0177919864654541,1557.806042023003
pessimistic,50,load_aware,1,1,1,t00046-c00044,44,46,8,0,8,True,False,satisfied,8.751,8.8,22,1,49.859541933983564,1413.2427079603076,144.58270883187652,0.0086252111941576,1557.8340420033783
pessimistic,50,load_aware,1,1,1,t00049-c00046,46,49,3,0,3,True,False,cancelled_late,17.349,0.0,0,1,54.60633314214647,148.10595801100135,0.025167129933834076,0.0160830095410347,148.14720815047622
pessimistic,50,load_aware,1,1,1,t00051-c00025,25,51,9,0,9,True,False,satisfied,19.4764,19.5,39,1,92.14016702026129,643.8361669424921,0.022458145394921303,0.019459053874015808,643.8780841417611
pessimistic,50,load_aware,1,1,1,t00054-c00046,46,54,5,0,5,True,False,satisfied,20.3114,20.4,34,1,43.19187509827316,305.79929193481803,0.02254219725728035,0.017290934920310974,305.8391250669956
pessimistic,50,load_aware,1,1,1,t00061-c00004,4,61,8,0,8,True,False,satisfied,19.3023,19.6,28,1,199.50245902873576,1889.42087511532,0.025041867047548294,0.022625084966421127,1889.468542067334
pessimistic,50,load_aware,1,1,1,t00061-c00006,6,61,13,0,13,True,False,satisfied,14.3967,14.0,20,1,199.4561250321567,1889.374499907717,0.13770908117294312,0.01054094173014164,1889.5227499306202
pessimistic,50,load_aware,1,1,1,t00062-c00022,22,62,2,0,2,True,False,cancelled_late,20.3139,0.0,0,1,85.17470792867243,187.3104579281062,0.01750001683831215,0.018416903913021088,187.34637484885752
pessimistic,50,load_aware,1,1,1,t00065-c00003,3,65,5,0,5,True,False,satisfied,13.5732,13.6,17,1,333.2792080473155,694.5102079771459,0.016750069335103035,0.01750001683831215,694.5444580633193
pessimistic,50,load_aware,1,1,1,t00065-c00022,22,65,7,0,7,True,False,satisfied,21.4025,21.5,43,1,111.0153750050813,669.329582946375,25.242167059332132,0.009667128324508667,694.5814171340317
pessimistic,50,load_aware,1,1,1,t00070-c00011,11,70,7,0,7,True,False,cancelled_late,20.6394,0.0,0,1,103.26770786195993,773.4644159208983,0.02233404666185379,0.02095801755785942,773.507707985118
pessimistic,50,load_aware,1,1,1,t00073-c00000,0,73,8,0,8,True,False,satisfied,30.7368,31.2,39,1,69.69454186037183,606.1835838481784,0.020791077986359596,0.02070888876914978,606.2250838149339
pessimistic,50,load_aware,1,1,1,t00074-c00014,14,74,3,0,3,True,False,no_show,20.7911,0.0,0,1,139.4630828872323,349.0464168135077,0.022707972675561905,0.017458107322454453,349.0865828935057
pessimistic,50,load_aware,1,1,1,t00075-c00017,17,75,11,0,11,True,False,cancelled_early,21.873,0.0,0,1,77.91550015099347,1251.0322090238333,0.027999980375170708,0.025416025891900063,1251.0856250301003
pessimistic,50,load_aware,1,1,1,t00076-c00011,11,76,8,0,8,True,False,no_show,22.0641,0.0,0,1,157.47229102998972,1646.5691660996526,292.236499954015,0.01987488940358162,1938.8255409430712
pessimistic,50,load_aware,1,1,1,t00076-c00017,17,76,7,0,7,True,False,no_show,25.7772,0.0,0,1,280.34200007095933,1938.735832925886,0.11016707867383957,0.008125090971589088,1938.8541250955313
pessimistic,50,load_aware,1,1,1,t00081-c00026,26,81,4,0,4,True,False,cancelled_late,24.681,0.0,0,1,183.42670891433954,994.5857499260455,65.61208399944007,0.01616613008081913,1060.2140000555664
pessimistic,50,load_aware,1,1,1,t00081-c00030,30,81,8,0,8,True,False,cancelled_early,23.619,0.0,0,1,324.1627090610564,1060.1319170091301,0.12337486259639263,0.009333016350865364,1060.2646248880774
pessimistic,50,load_aware,1,1,1,t00082-c00026,26,82,4,0,4,True,False,no_show,20.8304,0.0,0,1,146.97970799170434,882.5624999590218,68.16012505441904,0.018750084564089775,950.7413750980049
pessimistic,50,load_aware,1,1,1,t00082-c00030,30,82,8,0,8,True,False,satisfied,24.2837,24.8,31,1,273.41316593810916,950.654499931261,0.10829116217792034,0.009416835382580757,950.7722079288214
pessimistic,50,load_aware,1,1,1,t00087-c00047,47,87,7,0,7,True,False,cancelled_late,27.7934,0.0,0,1,49.19925006106496,432.8718329779804,0.025209039449691772,0.02508307807147503,432.92212509550154
pessimistic,50,load_aware,1,1,1,t00088-c00035,35,88,8,0,8,True,False,satisfied,13.1893,13.5,27,1,59.24233398400247,406.7053748294711,0.022625084966421127,0.01700012944638729,406.7450000438839
pessimistic,50,load_aware,1,1,1,t00092-c00047,47,92,5,0,5,True,False,satisfied,28.2516,28.7,41,1,99.87125010229647,437.28979118168354,0.022374792024493217,0.02012518234550953,437.33229115605354
pessimistic,50,load_aware,1,1,1,t00096-c00013,13,96,6,0,6,True,False,satisfied,18.4446,18.5,37,1,84.81950010173023,659.8556661047041,0.021999934688210487,0.020875129848718643,659.8985411692411
pessimistic,50,load_aware,1,1,1,t00096-c00028,28,96,2,0,2,True,False,cancelled_late,23.8959,0.0,0,1,470.99549998529255,592.4559170380235,67.48754112049937,0.008541857823729515,659.9520000163466
pessimistic,50,load_aware,1,1,1,t00097-c00028,28,97,2,0,2,True,False,cancelled_late,21.1362,0.0,0,1,103.80083392374218,208.0673340242356,0.018750084564089775,0.020165927708148956,208.10625003650784
pessimistic,50,load_aware,1,1,1,t00098-c00021,21,98,9,0,9,True,False,cancelled_early,16.3741,0.0,0,1,200.5234998650849,976.7399998381734,0.025124987587332726,0.024958979338407516,976.7900838050991
pessimistic,50,load_aware,1,1,1,t00098-c00028,28,98,3,0,3,True,False,cancelled_late,25.2577,0.0,0,1,138.01058381795883,709.6583750098944,267.19433395192027,0.010124873369932175,976.8628338351846
pessimistic,50,load_aware,1,1,1,t00099-c00021,21,99,7,0,7,True,False,cancelled_late,26.4545,0.0,0,1,72.09404092282057,610.3566659148782,0.020292121917009354,0.01716683618724346,610.3941248729825
pessimistic,50,load_aware,1,1,1,t00103-c00007,7,103,2,0,2,True,False,satisfied,23.9744,24.0,60,1,636.7680830881,806.0604999773204,130.56129100732505,0.01637497916817665,936.6381659638137
pessimistic,50,load_aware,1,1,1,t00103-c00028,28,103,6,0,6,True,False,no_show,25.2428,0.0,0,1,130.59966708533466,936.5520421415567,0.10133301839232445,0.008875038474798203,936.6622501984239
pessimistic,50,load_aware,1,1,1,t00104-c00021,21,104,2,0,2,True,False,satisfied,23.125,23.4,39,1,857.8664169181138,1292.0915000140667,210.60724998824298,0.022416934370994568,1502.7211669366807
pessimistic,50,load_aware,1,1,1,t00104-c00042,42,104,8,0,8,True,False,cancelled_late,27.0333,0.0,0,1,151.15158399567008,1502.634499920532,0.11958414688706398,0.009333016350865364,1502.76341708377
pessimistic,50,load_aware,1,1,1,t00105-c00034,34,105,12,0,12,True,False,cancelled_early,21.9877,0.0,0,1,151.1889579705894,1561.1787498928607,0.028708018362522125,0.027207890525460243,1561.2346658017486
pessimistic,50,load_aware,1,1,1,t00105-c00049,49,105,9,0,9,True,False,satisfied,22.3882,22.8,38,1,151.140125002712,1423.5598749946803,137.73504202254117,0.009624985978007317,1561.3045420031995
pessimistic,50,load_aware,1,1,1,t00106-c00034,34,106,12,0,12,True,False,cancelled_early,18.6579,0.0,0,1,53.41766704805195,489.55183289945126,0.02850010059773922,0.02487492747604847,489.60520792752504
pessimistic,50,load_aware,1,1,1,t00107-c00034,34,107,12,0,12,True,False,satisfied,19.4267,20.0,25,1,53.70316607877612,484.91187510080636,0.028957845643162727,0.021042069420218468,484.96187501586974
pessimistic,50,load_aware,1,1,1,t00110-c00042,42,110,9,0,9,True,False,satisfied,26.4556,26.8,67,1,186.58866686746478,1345.3337920363992,0.026499852538108826,0.02037500962615013,1345.3806668985635
pessimistic,50,load_aware,1,1,1,t00118-c00048,48,118,8,0,8,True,False,cancelled_late,15.7007,0.0,0,1,44.362416956573725,295.372833032161,0.027125002816319466,0.02187490463256836,295.4218329396099
pessimistic,50,load_aware,1,1,1,t00119-c00029,29,119,9,0,9,True,False,cancelled_early,20.1528,0.0,0,1,109.13208313286304,979.8687079455703,0.021625077351927757,0.019249971956014633,979.9095829948783
pessimistic,50,load_aware,1,1,1,t00120-c00029,29,120,2,0,2,True,False,no_show,20.653,0.0,0,1,128.39116714894772,238.80262509919703,0.018666964024305344,0.01908303238451481,238.84037509560585
pessimistic,50,load_aware,1,1,1,t00123-c00048,48,123,6,0,6,True,False,satisfied,20.3143,20.8,26,1,41.731417179107666,272.53458299674094,0.02600019797682762,0.018124934285879135,272.57870812900364
pessimistic,50,load_aware,1,1,1,t00132-c00005,5,132,12,0,12,True,False,cancelled_late,15.8903,0.0,0,1,36.14133317023516,429.4123330619186,0.027416972443461418,0.026458175852894783,429.466208210215
pessimistic,50,load_aware,1,1,1,t00135-c00014,14,135,2,0,2,True,False,cancelled_early,24.3001,0.0,0,1,156.5991248935461,316.62520789541304,0.018750084564089775,0.019875122234225273,316.66383310221136
pessimistic,50,load_aware,1,1,1,t00136-c00011,11,136,8,0,8,True,False,cancelled_late,28.071,0.0,0,1,340.6560418661684,1922.5943330675364,0.020083971321582794,0.017165904864668846,1922.6315829437226
pessimistic,50,load_aware,1,1,1,t00136-c00014,14,136,3,0,3,True,False,satisfied,25.8212,25.6,64,1,174.2634999100119,621.8504160642624,1300.8247090037912,0.0077909789979457855,1922.6829160470515
pessimistic,50,load_aware,1,1,1,t00137-c00001,1,137,3,0,3,True,False,no_show,25.2972,0.0,0,1,223.87850005179644,741.0195420961827,118.51062485948205,0.017916085198521614,859.5480830408633
pessimistic,50,load_aware,1,1,1,t00137-c00005,5,137,6,0,6,True,False,satisfied,20.9344,21.6,27,1,223.83145801723003,859.4634581822902,0.11145882308483124,0.007666181772947311,859.582583187148
pessimistic,50,load_aware,1,1,1,t00138-c00026,26,138,10,0,10,True,False,cancelled_early,31.2531,0.0,0,1,196.1331251077354,1751.3242498971522,0.027125002816319466,0.026333145797252655,1751.3777080457658
pessimistic,50,load_aware,1,1,1,t00139-c00026,26,139,8,0,8,True,False,cancelled_early,31.1512,0.0,0,1,196.08283299021423,1691.3356659933925,0.023999949917197227,0.022042077034711838,1691.3817080203444
pessimistic,50,load_aware,1,1,1,t00140-c00011,11,140,8,0,8,True,False,cancelled_late,28.189,0.0,0,1,336.53020788915455,2851.6978749539703,0.02537504769861698,0.02687494270503521,2851.750124944374
pessimistic,50,load_aware,1,1,1,t00140-c00026,26,140,8,0,8,True,False,satisfied,32.3741,32.4,81,1,336.4804170560092,2851.648167008534,0.15641702339053154,0.008750008419156075,2851.8133340403438
pessimistic,50,load_aware,1,1,1,t00141-c00037,37,141,8,0,8,True,False,no_show,21.614,0.0,0,1,52.01233294792473,442.8882079664618,0.025041867047548294,0.020916108042001724,442.9341659415513
pessimistic,50,load_aware,1,1,1,t00144-c00011,11,144,5,0,5,True,False,cancelled_early,30.4403,0.0,0,1,259.7835410851985,1141.7070000898093,0.020707957446575165,0.02108304761350155,1141.7487910948694
pessimistic,50,load_aware,1,1,1,t00145-c00009,9,145,2,0,2,True,False,satisfied,18.3064,18.4,46,1,408.08687498793006,779.9383329693228,0.019583851099014282,0.02412521280348301,779.9820420332253
pessimistic,50,load_aware,1,1,1,t00145-c00011,11,145,2,0,2,True,False,satisfied,32.7235,32.8,82,1,408.039917005226,779.8910830169916,0.13941689394414425,0.008125090971589088,780.0386250019073
pessimistic,50,load_aware,1,1,1,t00150-c00017,17,150,8,0,8,True,False,cancelled_late,31.4095,0.0,0,1,267.6565838046372,1725.208958843723,0.022916123270988464,0.023166881874203682,1725.2550418488681
pessimistic,50,load_aware,1,1,1,t00154-c00044,44,154,8,0,8,True,False,cancelled_late,16.0708,0.0,0,1,100.62512499280274,582.6667079236358,0.027042115107178688,0.02187490463256836,582.7156249433756
pessimistic,50,load_aware,1,1,1,t00155-c00017,17,155,6,0,6,True,False,satisfied,27.3335,27.6,69,1,218.07429194450378,1104.177791858092,0.02337503246963024,0.020832987502217293,1104.2219998780638
pessimistic,50,load_aware,1,1,1,t00156-c00044,44,156,3,0,3,True,False,satisfied,13.8396,14.0,35,1,59.250916820019484,179.4916249345988,0.022167107090353966,0.01987488940358162,179.53366693109274
pessimistic,50,load_aware,1,1,1,t00158-c00019,19,158,2,0,2,True,False,satisfied,23.5967,24.0,30,1,58.85987519286573,97.2333331592381,0.017207814380526543,0.014334218576550484,97.26487519219518
pessimistic,50,load_aware,1,1,1,t00163-c00028,28,163,8,0,8,True,False,no_show,20.7084,0.0,0,1,73.75333295203745,619.3747499492019,0.021832995116710663,0.01987488940358162,619.4164578337222
pessimistic,50,load_aware,1,1,1,t00166-c00006,6,166,3,0,3,True,False,satisfied,22.8865,23.0099,33,1,73.73562501743436,177.153583150357,0.019832979887723923,0.016624806448817253,177.19004093669355
pessimistic,50,load_aware,1,1,1,t00173-c00024,24,173,10,0,10,True,False,cancelled_late,21.6691,0.0,0,1,61.6069589741528,458.0015419051051,0.026167137548327446,0.020415987819433212,458.0481250304729
pessimistic,50,load_aware,1,1,1,t00175-c00040,40,175,3,0,3,True,False,satisfied,6.1187,6.3,9,1,24.921499891206622,67.18995794653893,0.022833002731204033,0.014999881386756897,67.22779083065689
pessimistic,50,load_aware,1,1,1,t00177-c00029,29,177,5,0,5,True,False,cancelled_late,23.4566,0.0,0,1,170.01970810815692,739.6214581094682,0.021666986867785454,0.023124972358345985,739.6662500686944
pessimistic,50,load_aware,1,1,1,t00179-c00024,24,179,8,0,8,True,False,satisfied,20.3516,20.8,26,1,43.846665881574154,369.06862491741776,0.026582973077893257,0.023707980290055275,369.1189158707857
pessimistic,50,load_aware,1,1,1,t00180-c00001,1,180,8,0,8,True,False,no_show,26.3341,0.0,0,1,88.07791606523097,497.9070001281798,0.021208077669143677,0.02033286727964878,497.9485410731286
pessimistic,50,load_aware,1,1,1,t00181-c00015,15,181,8,0,8,True,False,satisfied,27.4236,28.0,35,1,59.82091696932912,510.08520903997123,0.02537504769861698,0.02366607077419758,510.13425015844405
pessimistic,50,load_aware,1,1,1,t00182-c00037,37,182,8,0,8,True,False,satisfied,23.1612,23.8,34,1,56.76362500526011,448.7928750459105,0.026624882593750954,0.024916138499975204,448.8444160670042
pessimistic,50,load_aware,1,1,1,t00184-c00029,29,184,11,0,11,True,False,cancelled_early,28.7103,0.0,0,1,235.49787513911724,2233.9836249593645,0.024042092263698578,0.01895800232887268,2234.026625053957
pessimistic,50,load_aware,1,1,1,t00184-c00039,39,184,9,0,9,True,False,satisfied,5.5142,5.6,14,1,615.654667140916,2117.949499981478,116.12058314494789,0.010291812941432,2234.080374939367
pessimistic,50,load_aware,1,1,1,t00185-c00029,29,185,12,0,12,True,False,satisfied,28.5136,28.4,71,1,237.21091588959098,2065.601124893874,0.02737506292760372,0.0238749198615551,2065.652374876663
pessimistic,50,load_aware,1,1,1,t00186-c00041,41,186,3,0,3,True,False,cancelled_late,25.1831,0.0,0,1,173.45091700553894,436.9060839526355,0.02166605554521084,0.017124926671385765,436.9448749348521
pessimistic,50,load_aware,1,1,1,t00187-c00033,33,187,2,0,2,True,False,cancelled_late,20.4614,0.0,0,1,133.8764161337167,234.39087509177625,0.017582904547452927,0.015417113900184631,234.4238751102239
pessimistic,50,load_aware,1,1,1,t00188-c00031,31,188,8,0,8,True,False,cancelled_late,24.09,0.0,0,1,406.4557501114905,2175.7885839324445,71.0778331849724,0.017041806131601334,2246.8834589235485
pessimistic,50,load_aware,1,1,1,t00188-c00033,33,188,5,0,5,True,False,cancelled_early,20.4269,0.0,0,1,1040.3264160268009,2246.7977080959827,0.12595811858773232,0.008416827768087387,2246.9320830423385
pessimistic,50,load_aware,1,1,1,t00188-c00041,41,188,9,0,9,True,False,satisfied,24.4213,24.8,62,1,174.33570814318955,2109.387000091374,137.54791696555912,0.009708106517791748,2246.944625163451
pessimistic,50,load_aware,1,1,1,t00189-c00033,33,189,5,0,5,True,False,satisfied,19.9934,20.0,50,1,64.24120883457363,411.8977088946849,0.021458137780427933,0.018041813746094704,411.93720884621143
pessimistic,50,load_aware,1,1,1,t00193-c00008,8,193,3,0,3,True,False,no_show,12.9429,0.0,0,1,39.64770911261439,104.29962514899671,0.0191668514162302,0.013792188838124275,104.33258418925107
pessimistic,50,load_aware,1,1,1,t00194-c00031,31,194,11,0,11,True,False,no_show,25.5258,0.0,0,1,72.67204206436872,574.4397500529885,0.025374814867973328,0.018208986148238182,574.4833338540047
pessimistic,50,load_aware,1,1,1,t00197-c00036,36,197,7,0,7,True,False,satisfied,21.7818,22.4,28,1,61.141040874645114,332.432083087042,0.02229190431535244,0.015707919374108315,332.47008291073143
pessimistic,50,load_aware,1,1,1,t00202-c00012,12,202,3,0,3,True,False,cancelled_early,17.2315,0.0,0,1,53.84158296510577,133.30179080367088,0.020084204152226448,0.014457851648330688,133.33633285947144
pessimistic,50,load_aware,1,1,1,t00203-c00012,12,203,3,0,3,True,False,satisfied,13.9884,14.0,20,1,43.759417021647096,110.75279209762812,0.019541941583156586,0.014625024050474167,110.78695906326175
pessimistic,50,load_aware,1,1,1,t00207-c00003,3,207,8,0,8,True,False,satisfied,23.5168,24.0,30,1,63.174666138365865,394.4217909593135,0.021584099158644676,0.018415972590446472,394.4617910310626
pessimistic,50,load_aware,1,1,1,t00210-c00028,28,210,9,0,9,True,False,cancelled_late,35.9766,0.0,0,1,158.0038748215884,1557.5981249567121,0.024624867364764214,0.02095801755785942,1557.6437078416348
pessimistic,50,load_aware,1,1,1,t00215-c00028,28,215,6,0,6,True,False,satisfied,35.8309,36.0,72,1,226.49362520314753,1098.0825840961188,0.02254103310406208,0.024042092263698578,1098.1291672214866
pessimistic,50,load_aware,1,1,1,t00222-c00010,10,222,8,0,8,True,False,satisfied,19.3226,19.6,28,1,45.09300016798079,395.76845802366734,0.01912517473101616,0.015999889001250267,395.8035830873996
pessimistic,50,load_aware,1,1,1,t00224-c00008,8,224,7,0,7,True,False,cancelled_late,18.3243,0.0,0,1,44.72337500192225,307.30862519703805,0.022124964743852615,0.020624836906790733,307.3513749986887
pessimistic,50,load_aware,1,1,1,t00228-c00008,8,228,3,0,3,True,False,satisfied,18.2605,18.9,27,1,45.38962501101196,162.05158294178545,0.018833903595805168,0.015375204384326935,162.0857920497656
pessimistic,50,load_aware,1,1,1,t00229-c00031,31,229,1,0,1,True,False,cancelled_early,34.8894,0.0,0,1,56.68504210188985,56.68504210188985,362.56508296355605,0.015374971553683281,419.2655000369996
pessimistic,50,load_aware,1,1,1,t00229-c00038,38,229,2,0,2,True,False,satisfied,25.5868,25.6,64,1,227.45512519031763,419.1863751038909,0.11254195123910904,0.007292022928595543,419.3062090780586
pessimistic,50,load_aware,1,1,1,t00230-c00031,31,230,8,0,8,True,False,cancelled_late,33.8488,0.0,0,1,78.28741706907749,674.4746670592576,0.0238749198615551,0.020666047930717468,674.5192080270499
pessimistic,50,load_aware,1,1,1,t00231-c00001,1,231,8,0,8,True,False,cancelled_early,35.6067,0.0,0,1,184.95216709561646,1908.6192091926932,0.021290965378284454,0.017999904230237007,1908.6585000623018
pessimistic,50,load_aware,1,1,1,t00231-c00031,31,231,8,0,8,True,False,cancelled_late,33.4353,0.0,0,1,184.9034579936415,1908.5703331511468,0.13095885515213013,0.0077500008046627045,1908.7090420071036
pessimistic,50,load_aware,1,1,1,t00232-c00001,1,232,8,0,8,True,False,satisfied,30.9752,30.8,44,1,82.43595878593624,704.6782919205725,0.018582912161946297,0.01591700129210949,704.7127918340266
pessimistic,50,load_aware,1,1,1,t00236-c00031,31,236,10,0,10,True,False,cancelled_late,21.2019,0.0,0,1,58.391334023326635,479.24795909784734,0.02674991264939308,0.019290950149297714,479.29399996064603
pessimistic,50,load_aware,1,1,1,t00237-c00031,31,237,6,0,6,True,False,cancelled_early,33.2589,0.0,0,1,97.9653331451118,506.91120815463364,0.02170889638364315,0.015208031982183456,506.94812508299947
pessimistic,50,load_aware,1,1,1,t00238-c00031,31,238,9,0,9,True,False,satisfied,20.7432,20.8,26,1,56.68854108080268,424.53779093921185,0.024541979655623436,0.018833205103874207,424.58116612397134
pessimistic,50,load_aware,1,1,1,t00249-c00032,32,249,2,0,2,True,False,cancelled_early,13.2748,0.0,0,1,44.47358311153948,83.36425013840199,0.018665799871087074,0.015625031664967537,83.39854096993804
pessimistic,50,load_aware,1,1,1,t00250-c00032,32,250,6,0,6,True,False,cancelled_late,17.1422,0.0,0,1,50.502584083005786,321.7302090488374,0.025207875296473503,0.017750076949596405,321.7731670010835
pessimistic,50,load_aware,1,1,1,t00251-c00025,25,251,2,0,2,True,False,satisfied,16.7939,17.0,34,1,620.7065000198781,682.2252499405295,89.95925006456673,0.0160830095410347,772.2005830146372
pessimistic,50,load_aware,1,1,1,t00251-c00035,35,251,11,0,11,True,False,satisfied,14.7636,15.0,30,1,53.67129109799862,772.1177081111819,0.11466699652373791,0.011458061635494232,772.2438331693411
pessimistic,50,load_aware,1,1,1,t00251-c00040,40,251,3,0,3,True,False,satisfied,11.0322,11.2,16,1,186.2842079717666,293.0396660231054,479.1915419045836,0.006332993507385254,772.2375409211963
pessimistic,50,load_aware,1,1,1,t00253-c00032,32,253,6,0,6,True,False,satisfied,21.3347,21.6,36,1,43.82395790889859,335.7878748793155,0.021458137780427933,0.01716683618724346,335.82649985328317
pessimistic,50,load_aware,1,1,1,t00255-c00023,23,255,8,0,8,True,False,no_show,28.4277,0.0,0,1,166.58379207365215,1461.2751670647413,0.022582942619919777,0.019625062122941017,1461.3173750694841
pessimistic,50,load_aware,1,1,1,t00261-c00002,2,261,2,0,2,True,False,satisfied,22.1993,22.0,44,1,308.9234170038253,441.12391700036824,53.6983332131058,0.020499806851148605,494.8427500203252
pessimistic,50,load_aware,1,1,1,t00261-c00027,27,261,7,0,7,True,False,satisfied,14.5794,15.0,25,1,41.59412486478686,494.75695891305804,0.13512512668967247,0.010707881301641464,494.90279192104936
pessimistic,50,load_aware,1,1,1,t00263-c00039,39,263,2,0,2,True,False,satisfied,14.829,15.2,38,1,61.04970909655094,133.40125000104308,0.022666994482278824,0.015667174011468887,133.43958416953683
pessimistic,50,load_aware,1,1,1,t00285-c00046,46,285,2,0,2,True,False,satisfied,13.0934,13.2,22,1,43.517124839127064,98.08283299207687,0.018707942217588425,0.017124926671385765,98.11866586096585
pessimistic,50,load_aware,1,1,1,t00291-c00004,4,291,8,0,8,True,False,satisfied,13.9305,14.0,20,1,32.88104082457721,276.89704089425504,0.020666979253292084,0.018042046576738358,276.9357499200851
pessimistic,50,load_aware,1,1,1,t00307-c00047,47,307,3,0,3,True,False,no_show,19.0889,0.0,0,1,44.670833041891456,162.24191593937576,0.0213750172406435,0.016750069335103035,162.2800410259515
pessimistic,50,load_aware,1,1,1,t00313-c00013,13,313,2,0,2,True,False,cancelled_early,25.4829,0.0,0,1,130.256500095129,246.51679210364819,0.01595797948539257,0.019042054191231728,246.5517921373248
pessimistic,50,load_aware,1,1,1,t00314-c00013,13,314,2,0,2,True,False,no_show,22.1952,0.0,0,1,109.27304206416011,209.36966710723937,0.0177919864654541,0.021207844838500023,209.40866693854332
pessimistic,50,load_aware,1,1,1,t00320-c00030,30,320,3,0,3,True,False,cancelled_early,20.5723,0.0,0,1,54.41370792686939,137.21066596917808,0.023124972358345985,0.01950003206729889,137.25329097360373
pessimistic,50,load_aware,1,1,1,t00321-c00030,30,321,6,0,6,True,False,no_show,23.7088,0.0,0,1,47.1995419356972,311.22133298777044,0.022083986550569534,0.02095801755785942,311.26437499187887
pessimistic,50,load_aware,1,1,1,t00324-c00034,34,324,4,0,4,True,False,no_show,21.6717,0.0,0,1,57.719541946426034,205.6213750038296,0.01933285966515541,0.015208963304758072,205.6559168267995
pessimistic,50,load_aware,1,1,1,t00326-c00044,44,326,4,0,4,True,False,cancelled_early,13.6027,0.0,0,1,78.81691702641547,268.2647090405226,0.021832995116710663,0.01729186624288559,268.3038339018822
pessimistic,50,load_aware,1,1,1,t00327-c00044,44,327,4,0,4,True,False,satisfied,16.8621,17.2,43,1,100.29620910063386,336.6785841062665,0.02087489701807499,0.014750054106116295,336.7142090573907
pessimistic,50,load_aware,1,1,1,t00328-c00000,0,328,7,0,7,True,False,cancelled_late,18.758,0.0,0,1,39.20212481170893,281.0449998360127,0.020458130165934563,0.016958918422460556,281.0824168846011
pessimistic,50,load_aware,1,1,1,t00329-c00023,23,329,2,0,2,True,False,satisfied,32.2096,32.4,81,1,255.67466695792973,537.2283749748021,0.019750092178583145,0.02070888876914978,537.2688339557499
pessimistic,50,load_aware,1,1,1,t00330-c00000,0,330,2,0,2,True,False,satisfied,15.8188,16.0,20,1,34.629167057573795,68.89762496575713,0.017042038962244987,0.015374971553683281,68.93004197627306
pessimistic,50,load_aware,1,1,1,t00334-c00022,22,334,2,0,2,True,False,satisfied,21.6571,22.0,44,1,94.15525011718273,183.96633304655552,0.020124949514865875,0.0200001522898674,184.00645814836025
pessimistic,50,load_aware,1,1,1,t00336-c00018,18,336,6,0,6,True,False,cancelled_late,25.4658,0.0,0,1,68.58291709795594,339.9549580644816,0.022209016606211662,0.01937500201165676,339.9965420830995
pessimistic,50,load_aware,1,1,1,t00339-c00018,18,339,6,0,6,True,False,no_show,24.4307,0.0,0,1,63.26283304952085,304.9203329719603,0.02037500962615013,0.016042031347751617,304.9567500129342
pessimistic,50,load_aware,1,1,1,t00340-c00016,16,340,2,0,2,True,False,no_show,30.7403,0.0,0,1,82.85941695794463,162.2892499435693,0.017167069017887115,0.017207814380526543,162.32362482696772
pessimistic,50,load_aware,1,1,1,t00342-c00047,47,342,8,0,8,True,False,satisfied,18.3717,18.9,27,1,43.25124993920326,377.07191705703735,0.025999965146183968,0.02208305522799492,377.12000007741153
pessimistic,50,load_aware,1,1,1,t00347-c00045,45,347,7,0,7,True,False,satisfied,23.3296,23.2,29,1,63.7538752052933,359.1774581000209,0.02537504769861698,0.018999911844730377,359.22183305956423
pessimistic,50,load_aware,1,1,1,t00355-c00021,21,355,0,4,0,False,True,abandoned,17.4537,0.0,0,0,,,,,
pessimistic,50,load_aware,1,1,1,t00359-c00030,30,359,12,0,12,True,False,satisfied,26.4736,27.2,34,1,248.6350832041353,1189.247792121023,0.026624882593750954,0.022875145077705383,1189.2972921486944
pessimistic,50,load_aware,1,1,1,t00359-c00034,34,359,10,0,10,True,False,no_show,25.4378,0.0,0,1,67.54849990829825,1113.6239590123296,75.70612500421703,0.009415904060006142,1189.3394999206066
pessimistic,50,load_aware,1,1,1,t00363-c00048,48,363,3,0,3,True,False,cancelled_early,16.8248,0.0,0,1,44.610457960516214,112.87479079328477,0.02333405427634716,0.014458084478974342,112.9125829320401
pessimistic,50,load_aware,1,1,1,t00364-c00048,48,364,3,0,3,True,False,satisfied,11.5892,12.0,15,1,32.820082968100905,84.29529215209186,0.024957815185189247,0.018167076632380486,84.33841704390943
pessimistic,50,load_aware,1,1,1,t00366-c00009,9,366,5,0,5,True,False,no_show,26.9388,0.0,0,1,208.1593747716397,938.0534158553928,0.018083956092596054,0.01770816743373871,938.0892079789191
pessimistic,50,load_aware,1,1,1,t00370-c00013,13,370,10,0,10,True,False,satisfied,23.2083,23.5,47,1,115.59754190966487,885.0360838696361,0.02258317545056343,0.016999896615743637,885.0756669417024
pessimistic,50,load_aware,1,1,1,t00373-c00018,18,373,2,0,2,True,False,cancelled_late,23.4834,0.0,0,1,61.34020886383951,106.7142088431865,0.01754099503159523,0.016167061403393745,106.74791689962149
pessimistic,50,load_aware,1,1,1,t00376-c00049,49,376,8,0,8,True,False,satisfied,23.7539,24.0,40,1,68.29099985770881,595.8280409686267,0.02370891161262989,0.018165912479162216,595.8699157927185
pessimistic,50,load_aware,1,1,1,t00377-c00018,18,377,8,0,8,True,False,satisfied,26.0856,26.4,33,1,69.3607919383794,436.9619588833302,0.021458137780427933,0.017208047211170197,437.0006250683218
pessimistic,50,load_aware,1,1,1,t00381-c00040,40,381,9,0,9,True,False,cancelled_early,11.8098,0.0,0,1,37.55037486553192,269.77158384397626,0.024916138499975204,0.020166859030723572,269.81666684150696
pessimistic,50,load_aware,1,1,1,t00382-c00040,40,382,9,0,9,True,False,cancelled_early,13.5901,0.0,0,1,39.88170903176069,282.20025007613003,0.022625084966421127,0.017416896298527718,282.240292057395
pessimistic,50,load_aware,1,1,1,t00383-c00037,37,383,3,0,3,True,False,cancelled_early,16.4977,0.0,0,1,112.90620802901685,183.36550006642938,97.97320794314146,0.01650000922381878,281.35520801879466
pessimistic,50,load_aware,1,1,1,t00383-c00040,40,383,6,0,6,True,False,satisfied,9.0802,9.1,13,1,28.44558283686638,281.269249971956,0.1457498874515295,0.009417068213224411,281.42441692762077
pessimistic,50,load_aware,1,1,1,t00384-c00005,5,384,5,0,5,True,False,cancelled_late,21.8872,0.0,0,1,55.160332936793566,713.3757909759879,100.6045420654118,0.01816684380173683,813.9984998852015
pessimistic,50,load_aware,1,1,1,t00384-c00037,37,384,12,0,12,True,False,satisfied,21.4508,21.7,31,1,121.47366697899997,813.9093751087785,0.1438749022781849,0.01191697083413601,814.0651669818908
pessimistic,50,load_aware,1,1,1,t00388-c00005,5,388,9,0,9,True,False,no_show,18.4319,0.0,0,1,51.20312492363155,364.26112498156726,0.022083986550569534,0.024707987904548645,364.3079169560224
pessimistic,50,load_aware,1,1,1,t00392-c00016,16,392,11,0,11,True,False,satisfied,28.9216,29.4,42,1,71.97949988767505,771.688292035833,0.026540830731391907,0.02237502485513687,771.7372078914195
pessimistic,50,load_aware,1,1,1,t00394-c00008,8,394,3,0,3,True,False,satisfied,17.5194,18.2,26,1,51.17595801129937,129.65149991214275,0.021916115656495094,0.018666964024305344,129.69208299182355
pessimistic,50,load_aware,1,1,1,t00395-c00012,12,395,4,0,4,True,False,cancelled_late,24.759,0.0,0,1,71.98016601614654,259.34675009921193,0.016916077584028244,0.015583820641040802,259.379249997437
pessimistic,50,load_aware,1,1,1,t00397-c00012,12,397,2,0,2,True,False,cancelled_late,22.1218,0.0,0,1,68.68225010111928,133.4667089395225,0.01850002445280552,0.02116616815328598,133.5063751321286
pessimistic,50,load_aware,1,1,1,t00399-c00014,14,399,11,0,11,True,False,cancelled_early,21.981,0.0,0,1,755.8027501218021,2725.0647500623018,0.025458866730332375,0.019208062440156937,2725.1094169914722
pessimistic,50,load_aware,1,1,1,t00399-c00034,34,399,4,0,4,True,False,cancelled_late,30.3121,0.0,0,1,755.7549998164177,2652.4572919588536,72.70083297044039,0.007542083039879799,2725.165667012334
pessimistic,50,load_aware,1,1,1,t00400-c00014,14,400,8,0,8,True,False,satisfied,22.9195,23.2,58,1,541.0162089392543,2483.724042074755,0.022041844204068184,0.01670815981924534,2483.762792078778
pessimistic,50,load_aware,1,1,1,t00400-c00034,34,400,4,0,4,True,False,satisfied,31.8414,32.0,40,1,540.96750007011,2403.609999921173,80.18116699531674,0.007667113095521927,2483.798834029585
pessimistic,50,load_aware,1,1,1,t00403-c00012,12,403,6,0,6,True,False,satisfied,20.9193,20.3,29,1,52.74479207582772,279.9019170925021,0.022249994799494743,0.018541933968663216,279.9427090212703
pessimistic,50,load_aware,1,1,1,t00406-c00017,17,406,6,0,6,True,False,satisfied,19.2798,19.6,49,1,113.5444170795381,561.4072501193732,0.019582919776439667,0.019292114302515984,561.4461251534522
pessimistic,50,load_aware,1,1,1,t00409-c00024,24,409,9,0,9,True,False,satisfied,10.1462,10.4,13,1,27.361375046893954,198.91083310358226,0.0227498821914196,0.01954217441380024,198.95312516018748
pessimistic,50,load_aware,1,1,1,t00419-c00020,20,419,4,0,4,True,False,cancelled_late,29.8559,0.0,0,1,243.04683413356543,791.7567091062665,0.01954101026058197,0.01870887354016304,791.7949589900672
pessimistic,50,load_aware,1,1,1,t00420-c00005,5,420,7,0,7,True,False,no_show,14.4361,0.0,0,1,291.5691670496017,926.0122920386493,0.023250002413988113,0.019041821360588074,926.0545838624239
pessimistic,50,load_aware,1,1,1,t00420-c00007,7,420,4,0,4,True,False,cancelled_late,28.0491,0.0,0,1,168.86441688984632,925.9642919059843,0.10854098945856094,0.008125090971589088,926.0809579864144
pessimistic,50,load_aware,1,1,1,t00421-c00020,20,421,7,0,7,True,False,cancelled_early,27.9975,0.0,0,1,215.19004204310477,1089.255457976833,0.021459069103002548,0.017124926671385765,1089.2940419726074
pessimistic,50,load_aware,1,1,1,t00422-c00020,20,422,10,0,10,True,False,satisfied,23.8056,24.0,60,1,171.03600013069808,1250.1257921103388,0.023791100829839706,0.018249964341521263,1250.1678331755102
pessimistic,50,load_aware,1,1,1,t00426-c00019,19,426,11,0,11,True,False,no_show,26.2285,0.0,0,1,71.88525004312396,557.7421251218766,0.023209024220705032,0.018791062757372856,557.7841252088547
pessimistic,50,load_aware,1,1,1,t00427-c00007,7,427,3,0,3,True,False,satisfied,25.8262,26.0,65,1,139.27095802500844,525.5540830548853,0.016333069652318954,0.015750061720609665,525.5861661862582
pessimistic,50,load_aware,1,1,1,t00429-c00031,31,429,11,0,11,True,False,cancelled_early,30.4216,0.0,0,1,87.33362494967878,769.3199168425053,0.030375085771083832,0.024416018277406693,769.3747079465538
pessimistic,50,load_aware,1,1,1,t00430-c00031,31,430,9,0,9,True,False,no_show,25.9905,0.0,0,1,71.42841699533165,495.7748749293387,0.027084024623036385,0.01995800994336605,495.8219169639051
pessimistic,50,load_aware,1,1,1,t00431-c00035,35,431,2,0,2,True,False,cancelled_early,14.8633,0.0,0,1,63.82566690444946,114.12691697478294,0.018832972273230553,0.020124949514865875,114.16587489657104
pessimistic,50,load_aware,1,1,1,t00432-c00035,35,432,2,0,2,True,False,satisfied,19.0746,19.5,39,1,89.42129206843674,157.6951250899583,0.019416911527514458,0.016625039279460907,157.73116704076529
pessimistic,50,load_aware,1,1,1,t00439-c00009,9,439,8,0,8,True,False,breakdown,28.4093,0.0,0,1,229.19675009325147,1488.7621661182493,0.022500054910779,0.021083978936076164,1488.8057501520962
pessimistic,50,load_aware,1,1,1,t00441-c00042,42,441,10,0,10,True,False,satisfied,30.576,30.8,77,1,259.3409998808056,1973.5907919239253,0.02650008536875248,0.023124972358345985,1973.6404169816524
pessimistic,50,load_aware,1,1,1,t00446-c00043,43,446,6,0,6,True,False,satisfied,31.7467,31.8,53,1,67.99987494014204,539.8663338273764,0.02258317545056343,0.01579197123646736,539.9047089740634
pessimistic,50,load_aware,1,1,1,t00448-c00004,4,448,7,0,7,True,False,cancelled_late,16.6384,0.0,0,1,45.960916904732585,418.0706669576466,0.02174987457692623,0.017333077266812325,418.10974990949035
pessimistic,50,load_aware,1,1,1,t00448-c00046,46,448,3,0,3,True,False,satisfied,18.1109,18.6,31,1,109.18324999511242,300.66066584549844,117.4934171140194,0.008124858140945435,418.1622078176588
pessimistic,50,load_aware,1,1,1,t00450-c00039,39,450,8,0,8,True,False,no_show,14.4464,0.0,0,1,61.87099986709654,464.2548749689013,0.023416941985487938,0.020208070054650307,464.2984999809414
pessimistic,50,load_aware,1,1,1,t00451-c00005,5,451,5,0,5,True,False,satisfied,26.3281,26.4,33,1,37.45108284056187,223.91012497246265,0.01645786687731743,0.015375204384326935,223.9419580437243
pessimistic,50,load_aware,1,1,1,t00453-c00004,4,453,12,0,12,True,False,cancelled_late,13.2881,0.0,0,1,37.923041032627225,348.77454093657434,0.023667002096772194,0.019249971956014633,348.8174579106271
pessimistic,50,load_aware,1,1,1,t00456-c00006,6,456,6,0,6,True,False,cancelled_late,18.9153,0.0,0,1,341.61116695031524,1146.9272919930518,0.02308306284248829,0.02037500962615013,1146.9707500655204
pessimistic,50,load_aware,1,1,1,t00456-c00027,27,456,3,0,3,True,False,cancelled_early,15.3091,0.0,0,1,341.56487486325204,920.7530419807881,226.26754199154675,0.007707858458161354,1147.028291830793
pessimistic,50,load_aware,1,1,1,t00456-c00033,33,456,2,0,2,True,False,no_show,14.3476,0.0,0,1,1024.271290982142,1088.6341659352183,58.388334000483155,0.006082933396100998,1147.0285828690976
pessimistic,50,load_aware,1,1,1,t00457-c00004,4,457,6,0,6,True,False,cancelled_early,14.537,0.0,0,1,40.831832913681865,831.4687500242144,36.834499798715115,0.016666017472743988,868.3199158404022
pessimistic,50,load_aware,1,1,1,t00457-c00027,27,457,3,0,3,True,False,satisfied,15.9122,16.2,27,1,180.00900000333786,520.1492498163134,348.20925001986325,0.008041970431804657,868.3665418066084
pessimistic,50,load_aware,1,1,1,t00457-c00036,36,457,10,0,10,True,False,satisfied,24.9095,25.4979,32,1,108.73395786620677,868.1880419608206,0.1682080328464508,0.008832896128296852,868.3650828897953
pessimistic,50,load_aware,1,1,1,t00458-c00004,4,458,4,0,4,True,False,cancelled_late,18.2932,0.0,0,1,51.37641681358218,190.056208986789,0.01833285205066204,0.016832957044243813,190.0913747958839
pessimistic,50,load_aware,1,1,1,t00459-c00004,4,459,4,0,4,True,False,no_show,17.18,0.0,0,1,48.945375019684434,175.67612486891448,0.018750084564089775,0.015124911442399025,175.70999986492097
pessimistic,50,load_aware,1,1,1,t00462-c00006,6,462,9,0,9,True,False,no_show,19.307,0.0,0,1,54.75095799192786,403.19612505845726,0.02308306284248829,0.01787487417459488,403.23708299547434
pessimistic,50,load_aware,1,1,1,t00464-c00010,10,464,8,0,8,True,False,no_show,16.7695,0.0,0,1,36.44479205831885,310.5942499823868,0.022416934370994568,0.01900014467537403,310.6356670614332
pessimistic,50,load_aware,1,1,1,t00465-c00025,25,465,11,0,11,True,False,cancelled_late,21.992,0.0,0,1,103.00570796243846,952.4714159779251,0.024250010028481483,0.01679197885096073,952.5124579668045
pessimistic,50,load_aware,1,1,1,t00465-c00031,31,465,2,0,2,True,False,satisfied,30.0067,30.4,38,1,834.2972910031676,907.2610831353813,45.28254200704396,0.0072498805820941925,952.5508750230074
pessimistic,50,load_aware,1,1,1,t00466-c00019,19,466,8,0,8,True,False,no_show,29.1559,0.0,0,1,61.320291832089424,513.0557499360293,0.022625084966421127,0.02079200930893421,513.0991670303047
pessimistic,50,load_aware,1,1,1,t00469-c00003,3,469,2,0,2,True,False,cancelled_early,23.542,0.0,0,1,53.71404206380248,108.49366709589958,0.0163328368216753,0.016417121514678,108.52641705423594
pessimistic,50,load_aware,1,1,1,t00470-c00003,3,470,10,0,10,True,False,cancelled_late,23.579,0.0,0,1,61.39425002038479,450.9225001093,0.021666986867785454,0.018290942534804344,450.9624580387026
pessimistic,50,load_aware,1,1,1,t00471-c00025,25,471,5,0,5,True,False,satisfied,17.2998,17.5,35,1,57.8192078974098,271.79562486708164,0.019458122551441193,0.015416881069540977,271.8304998707026
pessimistic,50,load_aware,1,1,1,t00474-c00003,3,474,2,0,2,True,False,no_show,23.6602,0.0,0,1,55.313457967713475,114.5130000077188,0.014832941815257072,0.014666933566331863,114.54249988310039
pessimistic,50,load_aware,1,1,1,t00481-c00015,15,481,8,0,8,True,False,satisfied,24.3362,24.8,31,1,47.164874849841,392.6259158179164,0.023209024220705032,0.02100015990436077,392.67012500204146
pessimistic,50,load_aware,1,1,1,t00482-c00029,29,482,2,0,2,True,False,cancelled_late,19.4823,0.0,0,1,110.82691699266434,223.61708409152925,0.020207837224006653,0.01654215157032013,223.65383408032358
pessimistic,50,load_aware,1,1,1,t00484-c00011,11,484,10,0,10,True,False,satisfied,24.3377,24.4,61,1,85.49537509679794,1249.6080410201102,0.021709129214286804,0.021165935322642326,1249.6509160846472
pessimistic,50,load_aware,1,1,1,t00487-c00029,29,487,6,0,6,True,False,cancelled_late,24.0402,0.0,0,1,175.3594591282308,818.2496251538396,0.023124972358345985,0.019249971956014633,818.292000098154
pessimistic,50,load_aware,1,1,1,t00488-c00032,32,488,6,0,6,True,False,satisfied,22.1325,21.6,36,1,81.27491595223546,430.7103748433292,0.02116616815328598,0.016208970919251442,430.74774998240173
pessimistic,50,load_aware,1,1,1,t00489-c00004,4,489,4,0,4,True,False,satisfied,19.4831,19.6,28,1,55.85079197771847,186.35008414275944,0.017165904864668846,0.015750061720609665,186.38300010934472
pessimistic,50,load_aware,1,1,1,t00490-c00039,39,490,5,0,5,True,False,cancelled_late,21.7555,0.0,0,1,149.1012079641223,633.0027079675347,0.021249987185001373,0.016707926988601685,633.0406658817083
pessimistic,50,load_aware,1,1,1,t00491-c00029,29,491,8,0,8,True,False,cancelled_late,21.6473,0.0,0,1,144.72654182463884,961.1239589285105,0.022249994799494743,0.01795799471437931,961.1641669180244
pessimistic,50,load_aware,1,1,1,t00492-c00048,48,492,8,0,8,True,False,satisfied,20.7025,20.8,26,1,40.55425012484193,305.95258297398686,0.028416980057954788,0.025208108127117157,306.00620806217194
pessimistic,50,load_aware,1,1,1,t00493-c00039,39,493,6,0,6,True,False,no_show,19.0201,0.0,0,1,117.4381251912564,570.5827090423554,0.022290972992777824,0.016417121514678,570.6214171368629
pessimistic,50,load_aware,1,1,1,t00494-c00010,10,494,7,0,7,True,False,cancelled_late,23.9332,0.0,0,1,73.22854199446738,387.0529169216752,0.018625054508447647,0.01500011421740055,387.08654209040105
pessimistic,50,load_aware,1,1,1,t00495-c00040,40,495,7,0,7,True,False,cancelled_late,6.6607,0.0,0,1,23.911625146865845,144.94908298365772,0.02400018274784088,0.017458805814385414,144.99054197221994
pessimistic,50,load_aware,1,1,1,t00496-c00010,10,496,9,0,9,True,False,satisfied,21.9003,22.4,32,1,34.58312479779124,831.2347908504307,0.023250002413988113,0.0175421591848135,831.2755830120295
pessimistic,50,load_aware,1,1,1,t00496-c00029,29,496,7,0,7,True,False,cancelled_late,13.756,0.0,0,1,171.4935831259936,796.6975830495358,34.60562485270202,0.009292038157582283,831.3124999403954
pessimistic,50,load_aware,1,1,1,t00497-c00029,29,497,7,0,7,True,False,no_show,20.2617,0.0,0,1,467.42762508802116,1900.672083022073,0.022500054910779,0.01750001683831215,1900.712083093822
pessimistic,50,load_aware,1,1,1,t00497-c00033,33,497,6,0,6,True,False,satisfied,29.8146,30.0,75,1,221.04508383199573,1767.8392089437693,132.89483287371695,0.008750008419156075,1900.7427918259054
pessimistic,50,load_aware,1,1,1,t00499-c00006,6,499,2,0,2,True,False,cancelled_late,25.5233,0.0,0,1,234.2913330066949,312.7010411117226,38.76749984920025,0.015750061720609665,351.48429102264345
pessimistic,50,load_aware,1,1,1,t00499-c00040,40,499,6,0,6,True,False,cancelled_early,13.6871,0.0,0,1,39.68858299776912,351.4029160141945,0.14129187911748886,0.009833136573433876,351.5540410298854
pessimistic,50,load_aware,1,1,1,t00500-c00040,40,500,3,0,3,True,False,cancelled_early,10.8424,0.0,0,1,31.277291011065245,76.95541600696743,0.019875122234225273,0.014374963939189911,76.98966609314084
pessimistic,50,load_aware,1,1,1,t00501-c00040,40,501,3,0,3,True,False,satisfied,12.8269,13.3,19,1,35.71683284826577,88.49829086102545,0.02100015990436077,0.015166820958256721,88.53445784188807
pessimistic,50,load_aware,1,1,1,t00505-c00003,3,505,4,0,4,True,False,satisfied,25.1746,25.6,32,1,53.18545806221664,214.41174997016788,0.01808302477002144,0.0149579718708992,214.4447909668088
pessimistic,50,load_aware,1,1,1,t00506-c00001,1,506,6,0,6,True,False,no_show,21.1607,0.0,0,1,325.99912490695715,1658.9029158931226,32.15220896527171,0.017208047211170197,1691.0723329056054
pessimistic,50,load_aware,1,1,1,t00506-c00006,6,506,8,0,8,True,False,no_show,20.4988,0.0,0,1,548.6373750027269,1690.9880840685219,0.11170795187354088,0.009792158380150795,1691.1095841787755
pessimistic,50,load_aware,1,1,1,t00506-c00041,41,506,4,0,4,True,False,no_show,25.637,0.0,0,1,325.90779196470976,1658.8116670027375,32.28354104794562,0.005624955520033836,1691.1008330062032
pessimistic,50,load_aware,1,1,1,t00508-c00002,2,508,8,0,8,True,False,satisfied,17.0006,17.5,35,1,57.4889169074595,497.95920797623694,0.02129189670085907,0.01950003206729889,497.9999999050051
pessimistic,50,load_aware,1,1,1,t00509-c00028,28,509,3,0,3,True,False,no_show,21.8972,0.0,0,1,100.3992089536041,233.92970906570554,0.022290972992777824,0.014749821275472641,233.9667498599738
pessimistic,50,load_aware,1,1,1,t00511-c00019,19,511,3,0,3,True,False,satisfied,32.0387,32.8,41,1,70.29937510378659,247.90275003761053,0.01791585236787796,0.015584053471684456,247.9362499434501
pessimistic,50,load_aware,1,1,1,t00515-c00026,26,515,2,0,2,True,False,cancelled_late,28.0703,0.0,0,1,198.14787502400577,420.34670803695917,0.016750069335103035,0.015167053788900375,420.3786251600832
pessimistic,50,load_aware,1,1,1,t00516-c00026,26,516,6,0,6,True,False,cancelled_late,22.485,0.0,0,1,139.52379091642797,691.1008330062032,0.021624844521284103,0.016875099390745163,691.1393329501152
pessimistic,50,load_aware,1,1,1,t00521-c00026,26,521,10,0,10,True,False,satisfied,27.333,27.6,69,1,210.4460410773754,1582.9273748677224,0.02737506292760372,0.024124979972839355,1582.9788749106228
pessimistic,50,load_aware,1,1,1,t00524-c00000,0,524,3,0,3,True,False,cancelled_late,22.438,0.0,0,1,122.55449988879263,188.607000047341,83.67837499827147,0.017208978533744812,272.3025840241462
pessimistic,50,load_aware,1,1,1,t00524-c00024,24,524,4,0,4,True,False,satisfied,19.8181,20.0,25,1,43.751916848123074,272.2168748732656,0.12725009582936764,0.008624978363513947,272.3527499474585
pessimistic,50,load_aware,1,1,1,t00526-c00000,0,526,9,0,9,True,False,cancelled_late,19.2447,0.0,0,1,49.03941694647074,362.1262919623405,0.022208085283637047,0.024667009711265564,362.1731670573354
pessimistic,50,load_aware,1,1,1,t00527-c00000,0,527,6,0,6,True,False,satisfied,17.3808,17.6,22,1,44.17670797556639,219.23508308827877,0.020582927390933037,0.01874985173344612,219.27441586740315
pessimistic,50,load_aware,1,1,1,t00532-c00044,44,532,9,0,9,True,False,cancelled_early,15.1751,0.0,0,1,146.35749999433756,746.9683750532568,0.026499852538108826,0.02058316022157669,747.0154580660164
pessimistic,50,load_aware,1,1,1,t00532-c00047,47,532,4,0,4,True,False,satisfied,16.5759,16.8,24,1,47.802583081647754,665.8885830547661,81.16604201495647,0.00837491825222969,747.0629999879748
pessimistic,50,load_aware,1,1,1,t00533-c00044,44,533,12,0,12,True,False,cancelled_late,19.2315,0.0,0,1,92.38241706043482,1015.7854999415576,0.02937507815659046,0.023667002096772194,1015.838542021811
pessimistic,50,load_aware,1,1,1,t00539-c00044,44,539,12,0,12,True,False,satisfied,18.9929,19.2,48,1,120.36537495441735,1122.0720000565052,0.029499875381588936,0.019625062122941017,1122.1211249940097
pessimistic,50,load_aware,1,1,1,t00545-c00006,6,545,2,0,2,True,False,satisfied,28.1929,28.7,41,1,863.4037089068443,955.9266669675708,176.72183294780552,0.016709091141819954,1132.6652090065181
pessimistic,50,load_aware,1,1,1,t00545-c00039,39,545,7,0,7,True,False,satisfied,26.1381,26.4,66,1,184.785540914163,1132.5782081112266,0.12083281762897968,0.009709037840366364,1132.708749966696
pessimistic,50,load_aware,1,1,1,t00546-c00001,1,546,2,0,2,True,False,satisfied,25.873,25.9,37,1,79.24104086123407,143.52237503044307,0.014832941815257072,0.014582881703972816,143.5517908539623
pessimistic,50,load_aware,1,1,1,t00552-c00038,38,552,3,0,3,True,False,cancelled_late,17.2082,0.0,0,1,102.59958286769688,251.19662494398654,0.025165965780615807,0.01791701652109623,251.23970792628825
pessimistic,50,load_aware,1,1,1,t00556-c00038,38,556,1,2,1,True,False,satisfied,18.8189,19.2,48,1,117.31783300638199,117.31783300638199,0.0238749198615551,0.015042023733258247,117.3567499499768
pessimistic,50,load_aware,1,1,1,t00559-c00029,29,559,6,0,6,True,False,cancelled_early,24.951,0.0,0,1,153.10591692104936,917.145709041506,0.02295803278684616,0.021792016923427582,917.1904590912163
pessimistic,50,load_aware,1,1,1,t00560-c00029,29,560,7,0,7,True,False,breakdown,25.0486,0.0,0,1,150.27424995787442,1012.0718339458108,0.025165965780615807,0.02233404666185379,1012.1193339582533
pessimistic,50,load_aware,1,1,1,t00565-c00028,28,565,7,0,7,True,False,satisfied,29.0659,29.5,59,1,167.08545782603323,792.1291249804199,0.023916829377412796,0.021208077669143677,792.1742498874664
pessimistic,50,load_aware,1,1,1,t00583-c00041,41,583,12,0,12,True,False,cancelled_early,41.0087,0.0,0,1,298.30141621641815,3323.9420410245657,0.029542017728090286,0.022167107090353966,3323.993750149384
pessimistic,50,load_aware,1,1,1,t00584-c00041,41,584,14,0,14,True,False,satisfied,34.8224,35.2,88,1,309.3576671089977,3217.0277091208845,0.03212480805814266,0.025250017642974854,3217.0850839465857
pessimistic,50,load_aware,1,1,1,t00593-c00022,22,593,10,0,10,True,False,cancelled_early,15.0531,0.0,0,1,47.9890420101583,491.81550019420683,0.02374988980591297,0.018666964024305344,491.85791704803705
pessimistic,50,load_aware,1,1,1,t00594-c00008,8,594,8,0,8,True,False,satisfied,13.002,13.3,19,1,69.09579201601446,639.6446248982102,0.021875137463212013,0.017249956727027893,639.6837499924004
pessimistic,50,load_aware,1,1,1,t00594-c00022,22,594,10,0,10,True,False,cancelled_early,13.0707,0.0,0,1,69.04504192061722,639.5938750356436,0.11599995195865631,0.008875038474798203,639.718750026077
pessimistic,50,load_aware,1,1,1,t00595-c00022,22,595,6,0,6,True,False,cancelled_late,11.1418,0.0,0,1,43.008957989513874,233.11674990691245,0.02045789733529091,0.016250181943178177,233.15345798619092
pessimistic,50,load_aware,1,1,1,t00598-c00022,22,598,2,0,2,True,False,satisfied,26.0743,26.5,53,1,138.7614170089364,277.6456670835614,0.017249956727027893,0.015541911125183105,277.67845895141363
pessimistic,50,load_aware,1,1,1,t00602-c00013,13,602,7,0,7,True,False,satisfied,19.7951,20.0,40,1,57.652957970276475,499.8743748292327,0.021167099475860596,0.01737498678267002,499.9129169154912
pessimistic,50,load_aware,1,1,1,t00621-c00030,30,621,8,0,8,True,False,cancelled_early,20.9018,0.0,0,1,39.2193750012666,344.3261249922216,0.024042092263698578,0.019832979887723923,344.370000064373
pessimistic,50,load_aware,1,1,1,t00622-c00030,30,622,7,0,7,True,False,satisfied,16.409,16.8,21,1,41.07733303681016,717.9950000718236,81.82691596448421,0.01850002445280552,799.8404160607606
pessimistic,50,load_aware,1,1,1,t00622-c00045,45,622,8,0,8,True,False,satisfied,30.1877,29.6,37,1,145.50324995070696,799.744209041819,0.12824987061321735,0.010416144505143166,799.8828750569373
pessimistic,50,load_aware,1,1,1,t00629-c00012,12,629,9,0,9,True,False,cancelled_early,21.8674,0.0,0,1,67.32841697521508,502.7742499951273,0.024416949599981308,0.021167099475860596,502.81983404420316
pessimistic,50,load_aware,1,1,1,t00630-c00012,12,630,6,0,6,True,False,cancelled_late,28.3261,0.0,0,1,90.23354202508926,462.75454200804234,0.022416003048419952,0.019041821360588074,462.79599983245134
pessimistic,50,load_aware,1,1,1,t00633-c00012,12,633,9,0,9,True,False,satisfied,20.8679,21.0,30,1,58.90195886604488,460.7999590225518,0.023290980607271194,0.018208986148238182,460.8414589893073
pessimistic,50,load_aware,1,1,1,t00640-c00049,49,640,2,0,2,True,False,cancelled_early,20.2774,0.0,0,1,67.6697080489248,137.99612503498793,0.02108304761350155,0.017583835870027542,138.03479191847146
pessimistic,50,load_aware,1,1,1,t00641-c00049,49,641,2,0,2,True,False,satisfied,15.3258,15.6,26,1,47.70470783114433,97.57545799948275,0.020083971321582794,0.013165874406695366,97.60870784521103
pessimistic,50,load_aware,1,1,1,t00646-c00037,37,646,9,0,9,True,False,no_show,10.6586,0.0,0,1,31.350167002528906,223.14845793880522,0.02337503246963024,0.016417121514678,223.18825009278953
pessimistic,50,load_aware,1,1,1,t00648-c00018,18,648,9,0,9,True,False,no_show,20.4539,0.0,0,1,84.532291861251,781.7502089310437,56.31437501870096,0.02145790494978428,838.0860418546945
pessimistic,50,load_aware,1,1,1,t00648-c00040,40,648,12,0,12,True,False,cancelled_early,12.8362,0.0,0,1,84.4813750591129,837.9852501675487,0.1463338267058134,0.011208001524209976,838.1427919957787
pessimistic,50,load_aware,1,1,1,t00649-c00040,40,649,8,0,8,True,False,no_show,14.4755,0.0,0,1,39.838625118136406,254.87779104150832,0.024875160306692123,0.019958941265940666,254.92262514308095
pessimistic,50,load_aware,1,1,1,t00650-c00023,23,650,11,0,11,True,False,satisfied,17.6633,18.0,45,1,104.65224995277822,839.0986670274287,0.024290988221764565,0.018833903595805168,839.1417919192463
pessimistic,50,load_aware,1,1,1,t00657-c00017,17,657,8,0,8,True,False,satisfied,23.7849,24.0,60,1,166.13958403468132,1493.624416878447,123.0333331041038,0.019249971956014633,1616.6769999545068
pessimistic,50,load_aware,1,1,1,t00657-c00035,35,657,8,0,8,True,False,satisfied,18.2691,18.5,37,1,387.42737495340407,1616.5850828401744,0.13066711835563183,0.009665964171290398,1616.7254159227014
pessimistic,50,load_aware,1,1,1,t00664-c00037,37,664,2,0,2,True,False,no_show,10.2117,0.0,0,1,29.299290850758553,56.12320778891444,0.017875107005238533,0.014292076230049133,56.15537497214973
pessimistic,50,load_aware,1,1,1,t00673-c00034,34,673,7,0,7,True,False,satisfied,16.7482,16.8,21,1,29.468707973137498,222.39016694948077,0.024165958166122437,0.019208993762731552,222.43354190140963
pessimistic,50,load_aware,1,1,1,t00676-c00016,16,676,8,0,8,True,False,cancelled_late,26.3888,0.0,0,1,82.18437479808927,518.0951249785721,0.021624844521284103,0.018750084564089775,518.1354999076575
pessimistic,50,load_aware,1,1,1,t00677-c00016,16,677,8,0,8,True,False,satisfied,24.0573,24.5,35,1,70.75295899994671,1121.9509169459343,0.025625107809901237,0.022416934370994568,1121.9989589881152
pessimistic,50,load_aware,1,1,1,t00677-c00040,40,677,7,0,7,True,False,no_show,15.0094,0.0,0,1,269.3180839996785,1121.9008341431618,0.13754097744822502,0.009541865438222885,1122.0479169860482
pessimistic,50,load_aware,1,1,1,t00679-c00025,25,679,12,0,12,True,False,satisfied,11.2567,11.0,22,1,32.717791851609945,375.9230838622898,0.02895807847380638,0.021999934688210487,375.9740418754518
pessimistic,50,load_aware,1,1,1,t00682-c00014,14,682,3,0,3,True,False,satisfied,22.5921,22.8,57,1,155.52279097028077,361.66320787742734,0.022042077034711838,0.017249956727027893,361.7024999111891
pessimistic,50,load_aware,1,1,1,t00683-c00018,18,683,2,0,2,True,False,satisfied,25.5132,24.8,31,1,163.8880840037018,227.70358389243484,38.92179112881422,0.015042023733258247,266.6404170449823
pessimistic,50,load_aware,1,1,1,t00683-c00037,37,683,4,0,4,True,False,satisfied,14.2232,14.7,21,1,39.03324995189905,266.55558310449123,0.1092089805752039,0.008707866072654724,266.6734999511391
pessimistic,50,load_aware,1,1,1,t00684-c00027,27,684,6,0,6,True,False,cancelled_early,17.0805,0.0,0,1,57.65708279795945,296.5144158806652,0.021292129531502724,0.017082784324884415,296.55279079452157
pessimistic,50,load_aware,1,1,1,t00685-c00005,5,685,9,0,9,True,False,cancelled_late,21.441,0.0,0,1,120.97316584549844,670.6183748319745,60.229916125535965,0.02350006252527237,730.8717910200357
pessimistic,50,load_aware,1,1,1,t00685-c00027,27,685,6,0,6,True,False,satisfied,19.2303,19.8,33,1,70.06829208694398,730.7745839934796,0.16141613014042377,0.009791925549507141,730.9457920491695
pessimistic,50,load_aware,1,1,1,t00686-c00005,5,686,3,0,3,True,False,satisfied,14.9043,15.2,19,1,28.87779101729393,79.31458298116922,0.020333100110292435,0.01637497916817665,79.35129106044769
pessimistic,50,load_aware,1,1,1,t00699-c00004,4,699,10,0,10,True,False,satisfied,16.1516,16.8,24,1,36.36945900507271,369.29562501609325,0.025084009394049644,0.01837499439716339,369.33908401988447
pessimistic,50,load_aware,1,1,1,t00702-c00040,40,702,6,0,6,True,False,cancelled_late,10.936,0.0,0,1,17.763542011380196,135.56608301587403,0.02187490463256836,0.01887488178908825,135.60683280229568
pessimistic,50,load_aware,1,1,1,t00703-c00040,40,703,9,0,9,True,False,cancelled_late,18.5752,0.0,0,1,52.23658308386803,353.4356669988483,0.024250010028481483,0.019208062440156937,353.47912507131696
pessimistic,50,load_aware,1,1,1,t00706-c00040,40,706,9,0,9,True,False,no_show,16.5334,0.0,0,1,46.71475011855364,343.7042501755059,0.02687494270503521,0.019042054191231728,343.75016717240214
pessimistic,50,load_aware,1,1,1,t00708-c00010,10,708,8,0,8,True,False,cancelled_late,18.1079,0.0,0,1,36.48675000295043,321.08299992978573,0.02237502485513687,0.019083963707089424,321.12445891834795
pessimistic,50,load_aware,1,1,1,t00714-c00046,46,714,8,0,8,True,False,satisfied,22.533,22.8,38,1,83.03983299992979,481.94645810872316,0.028209062293171883,0.021957792341709137,481.99662496335804
pessimistic,50,load_aware,1,1,1,t00715-c00010,10,715,13,0,13,True,False,satisfied,21.2771,21.7,31,1,46.992083080112934,594.3591250106692,0.02733292058110237,0.02108304761350155,594.4075409788638
pessimistic,50,load_aware,1,1,1,t00720-c00048,48,720,3,0,3,True,False,cancelled_early,15.7703,0.0,0,1,31.591709004715085,90.48666711896658,0.02245791256427765,0.014499993994832039,90.52362502552569
pessimistic,50,load_aware,1,1,1,t00721-c00000,0,721,3,0,3,True,False,no_show,19.6521,0.0,0,1,332.1084580384195,485.1702500600368,0.020124949514865875,0.014708144590258598,485.2050831541419
pessimistic,50,load_aware,1,1,1,t00721-c00048,48,721,3,0,3,True,False,satisfied,20.6158,20.8,26,1,332.0575419347733,485.1193749345839,0.09562494233250618,0.007207971066236496,485.22220784798265
pessimistic,50,load_aware,1,1,1,t00723-c00002,2,723,9,0,9,True,False,satisfied,23.218,23.5,47,1,111.48683307692409,736.9599579833448,0.02133403904736042,0.01695798709988594,736.998250009492
pessimistic,50,load_aware,1,1,1,t00725-c00047,47,725,8,0,8,True,False,satisfied,18.0074,18.2,26,1,36.07429191470146,307.6854581013322,0.026041874662041664,0.01737498678267002,307.7288749627769
pessimistic,50,load_aware,1,1,1,t00729-c00020,20,729,4,0,4,True,False,satisfied,22.6503,22.8,57,1,127.3863750975579,506.2557919882238,0.02008303999900818,0.021208077669143677,506.29708310589194
pessimistic,50,load_aware,1,1,1,t00732-c00032,32,732,10,0,10,True,False,satisfied,18.2302,18.6,31,1,59.34370798058808,463.01908302120864,0.025625107809901237,0.019124941900372505,463.0638330709189
pessimistic,50,load_aware,1,1,1,t00735-c00040,40,735,10,0,10,True,False,cancelled_late,18.6127,0.0,0,1,40.551166981458664,373.3962499536574,0.0260830856859684,0.019249971956014633,373.4415830112994
pessimistic,50,load_aware,1,1,1,t00736-c00040,40,736,10,0,10,True,False,satisfied,22.1651,22.4,32,1,52.292958134785295,473.7605410628021,0.027542002499103546,0.023833010345697403,473.8119160756469
pessimistic,50,load_aware,1,1,1,t00738-c00008,8,738,4,0,4,True,False,no_show,18.808,0.0,0,1,43.358791852369905,167.97945881262422,0.01795799471437931,0.016458099707961082,168.01387490704656
pessimistic,50,load_aware,1,1,1,t00747-c00015,15,747,6,0,6,True,False,satisfied,29.784,30.4,38,1,67.6910828333348,372.2852920182049,0.022833002731204033,0.019707949832081795,372.3278329707682
pessimistic,50,load_aware,1,1,1,t00751-c00031,31,751,11,0,11,True,False,satisfied,29.6877,30.4,38,1,72.70795782096684,693.2607919443399,0.02654106356203556,0.019583851099014282,693.3069168590009
pessimistic,50,load_aware,1,1,1,t00754-c00000,0,754,11,0,11,True,False,satisfied,27.0751,27.1241,34,1,50.00487505458295,1304.937917040661,0.023250002413988113,0.01895800232887268,1304.9801250454038
pessimistic,50,load_aware,1,1,1,t00754-c00007,7,754,5,0,5,True,False,cancelled_late,24.7704,0.0,0,1,246.30150012671947,1202.0953330211341,102.91787516325712,0.008916947990655899,1305.022125132382
pessimistic,50,load_aware,1,1,1,t00757-c00007,7,757,8,0,8,True,False,cancelled_early,24.6355,0.0,0,1,156.70812502503395,1198.8635829184204,0.02270820550620556,0.02037500962615013,1198.9066661335528
pessimistic,50,load_aware,1,1,1,t00758-c00007,7,758,9,0,9,True,False,no_show,28.1562,0.0,0,1,188.86283319443464,1653.9065830875188,0.022083986550569534,0.01837499439716339,1653.9470420684665
pessimistic,50,load_aware,1,1,1,t00761-c00003,3,761,6,0,6,True,False,cancelled_late,23.5209,0.0,0,1,31.076916959136724,254.8004579730332,0.016999896615743637,0.01500011421740055,254.83245798386633
pessimistic,50,load_aware,1,1,1,t00763-c00036,36,763,4,0,4,True,False,satisfied,23.9314,24.0,30,1,147.62091590091586,379.9900410231203,0.020833918824791908,0.01737498678267002,380.02824992872775
pessimistic,50,load_aware,1,1,1,t00763-c00044,44,763,4,0,4,True,False,satisfied,6.4929,6.8,17,1,147.57312485016882,379.9423328600824,0.10929210111498833,0.007333001121878624,380.05895796231925
pessimistic,50,load_aware,1,1,1,t00764-c00003,3,764,5,0,5,True,False,satisfied,19.0769,19.2,24,1,26.11016691662371,158.43958407640457,0.01691584475338459,0.01600012183189392,158.47250004298985
pessimistic,50,load_aware,1,1,1,t00776-c00008,8,776,2,0,2,True,False,cancelled_late,18.7928,0.0,0,1,53.09054208919406,105.2481250371784,0.014084158465266228,0.013082986697554588,105.27529218234122
pessimistic,50,load_aware,1,1,1,t00778-c00024,24,778,6,0,6,True,False,satisfied,20.5736,20.8,26,1,47.8259997908026,218.60354184173048,0.021625077351927757,0.01837499439716339,218.64354191347957
pessimistic,50,load_aware,1,1,1,t00781-c00008,8,781,10,0,10,True,False,satisfied,21.5203,21.7,31,1,59.554209001362324,504.9419591668993,0.02533290535211563,0.020541949197649956,504.9878340214491
pessimistic,50,load_aware,1,1,1,t00783-c00039,39,783,8,0,8,True,False,no_show,16.2564,0.0,0,1,67.2259998973459,542.2515419777483,0.023707980290055275,0.017709098756313324,542.2929590567946
pessimistic,50,load_aware,1,1,1,t00793-c00006,6,793,8,0,8,True,False,satisfied,11.7154,11.9,17,1,137.52895803190768,730.5485832039267,0.021999934688210487,0.01795799471437931,730.5885411333293
pessimistic,50,load_aware,1,1,1,t00793-c00038,38,793,6,0,6,True,False,satisfied,19.0473,19.2,48,1,113.78866713494062,700.1740001142025,30.44162504374981,0.009833835065364838,730.6254589930177
pessimistic,50,load_aware,1,1,1,t00804-c00011,11,804,6,0,6,True,False,cancelled_early,27.7552,0.0,0,1,219.35258293524384,1330.1943328697234,0.02245907671749592,0.02191588282585144,1330.2387078292668
pessimistic,50,load_aware,1,1,1,t00804-c00043,43,804,2,0,2,True,False,satisfied,25.7007,25.8,43,1,1015.4282089788467,1111.0406669322401,219.24337511882186,0.007458031177520752,1330.2915000822395
pessimistic,50,load_aware,1,1,1,t00805-c00011,11,805,6,0,6,True,False,no_show,25.5404,0.0,0,1,182.92483408004045,952.8026671614498,0.02145790494978428,0.024416949599981308,952.8485420159996
pessimistic,50,load_aware,1,1,1,t00813-c00019,19,813,10,0,10,True,False,no_show,25.4449,0.0,0,1,59.7722081001848,477.9000000562519,0.025792047381401062,0.021999934688210487,477.9477920383215
pessimistic,50,load_aware,1,1,1,t00816-c00049,49,816,14,0,14,True,False,cancelled_early,21.177,0.0,0,1,73.46850004978478,746.5775420423597,0.029582995921373367,0.025207875296473503,746.6323329135776
pessimistic,50,load_aware,1,1,1,t00817-c00049,49,817,8,0,8,True,False,cancelled_early,23.7495,0.0,0,1,61.46945804357529,487.94929194264114,0.023916130885481834,0.01837499439716339,487.9915830679238
pessimistic,50,load_aware,1,1,1,t00818-c00049,49,818,12,0,12,True,False,cancelled_late,19.73,0.0,0,1,66.40054192394018,620.4333750065416,0.027791829779744148,0.018208054825663567,620.479374891147
pessimistic,50,load_aware,1,1,1,t00823-c00049,49,823,6,0,6,True,False,satisfied,19.3855,19.8,33,1,63.76454094424844,321.3374998886138,0.02395804040133953,0.01637497916817665,321.37783290818334
pessimistic,50,load_aware,1,1,1,t00825-c00039,39,825,9,0,9,True,False,satisfied,20.2687,20.4,51,1,114.37083408236504,815.8632500562817,0.02583395689725876,0.019208062440156937,815.9082920756191
pessimistic,50,load_aware,1,1,1,t00826-c00025,25,826,8,0,8,True,False,cancelled_late,18.8169,0.0,0,1,56.98966607451439,485.837290994823,0.02291705459356308,0.020041828975081444,485.8802498783916
pessimistic,50,load_aware,1,1,1,t00827-c00025,25,827,8,0,8,True,False,no_show,10.8472,0.0,0,1,32.930250046774745,251.60245900042355,0.026750145480036736,0.022124964743852615,251.65133411064744
pessimistic,50,load_aware,1,1,1,t00828-c00001,1,828,5,0,5,True,False,cancelled_late,27.5786,0.0,0,1,102.41866717115045,932.9763341229409,0.01945788972079754,0.01770816743373871,933.0135001800954
pessimistic,50,load_aware,1,1,1,t00828-c00030,30,828,6,0,6,True,False,cancelled_late,18.8991,0.0,0,1,102.3637920152396,932.9212920274585,0.13191602192819118,0.008167000487446785,933.0613750498742
pessimistic,50,load_aware,1,1,1,t00829-c00030,30,829,5,0,5,True,False,cancelled_late,16.6494,0.0,0,1,20.832583075389266,120.34695805050433,0.018042046576738358,0.014457851648330688,120.3794579487294
pessimistic,50,load_aware,1,1,1,t00830-c00007,7,830,2,0,2,True,False,cancelled_early,32.7981,0.0,0,1,380.0279579591006,649.6944159734994,25.619749911129475,0.013834098353981972,675.3279999829829
pessimistic,50,load_aware,1,1,1,t00830-c00030,30,830,5,0,5,True,False,satisfied,20.1303,20.8,26,1,25.035624857991934,675.2498750574887,0.11095893569290638,0.008916016668081284,675.3697500098497
pessimistic,50,load_aware,1,1,1,t00831-c00007,7,831,2,0,2,True,False,no_show,30.4105,0.0,0,1,376.0592909529805,616.7146251536906,49.41316577605903,0.017209211364388466,666.145000141114
pessimistic,50,load_aware,1,1,1,t00831-c00037,37,831,4,0,4,True,False,no_show,20.7697,0.0,0,1,48.62800007686019,666.0611249972135,0.10125013068318367,0.007874798029661179,666.1702499259263
pessimistic,50,load_aware,1,1,1,t00832-c00001,1,832,2,0,2,True,False,cancelled_early,25.163,0.0,0,1,57.65866697765887,128.49029200151563,0.01579197123646736,0.014833174645900726,128.520917147398
pessimistic,50,load_aware,1,1,1,t00833-c00001,1,833,6,0,6,True,False,satisfied,20.6104,21.0,30,1,48.630999866873026,264.4239158835262,0.0175421591848135,0.017416896298527718,264.45887493900955
pessimistic,50,load_aware,1,1,1,t00834-c00013,13,834,3,0,3,True,False,cancelled_late,20.1389,0.0,0,1,82.81149994581938,217.34808292239904,0.022666994482278824,0.019040890038013458,217.38979080691934
pessimistic,50,load_aware,1,1,1,t00835-c00013,13,835,3,0,3,True,False,satisfied,20.6167,21.0,42,1,588.9441659674048,981.9715830963105,0.023833010345697403,0.0167088583111763,982.0121249649674
pessimistic,50,load_aware,1,1,1,t00835-c00033,33,835,3,0,3,True,False,satisfied,22.5257,22.8,57,1,588.8950838707387,981.9223338272423,0.11529121547937393,0.0069588422775268555,982.0445838849992
pessimistic,50,load_aware,1,1,1,t00845-c00028,28,845,3,0,3,True,False,no_show,20.3207,0.0,0,1,86.69587504118681,184.33708301745355,0.02095801755785942,0.019458821043372154,184.37749985605478
pessimistic,50,load_aware,1,1,1,t00848-c00042,42,848,8,0,8,True,False,cancelled_late,31.265,0.0,0,1,259.0135419741273,1425.7495000492781,0.026042107492685318,0.021499814465641975,1425.7970419712365
pessimistic,50,load_aware,1,1,1,t00850-c00042,42,850,6,0,6,True,False,cancelled_late,27.7529,0.0,0,1,97.11241698823869,809.6795841120183,0.02287491224706173,0.01695798709988594,809.7194170113653
pessimistic,50,load_aware,1,1,1,t00851-c00044,44,851,2,0,2,True,False,no_show,16.9664,0.0,0,1,73.33341706544161,170.44449993409216,0.019584083929657936,0.016124919056892395,170.48020893707871
pessimistic,50,load_aware,1,1,1,t00852-c00042,42,852,6,0,6,True,False,cancelled_late,23.6357,0.0,0,1,78.58008309267461,631.8616659846157,0.022209016606211662,0.018625054508447647,631.9025000557303
pessimistic,50,load_aware,1,1,1,t00853-c00026,26,853,9,0,9,True,False,no_show,22.6105,0.0,0,1,147.75612484663725,1032.5622078962624,0.026709167286753654,0.021832995116710663,1032.6107500586659
pessimistic,50,load_aware,1,1,1,t00857-c00019,19,857,2,0,2,True,False,no_show,23.9617,0.0,0,1,580.3325828164816,680.8960419148207,0.017791055142879486,0.015833880752325058,680.9296668507159
pessimistic,50,load_aware,1,1,1,t00857-c00025,25,857,10,0,10,True,False,no_show,18.9334,0.0,0,1,80.3156669717282,639.3103748559952,41.65500006638467,0.012124888598918915,680.9774998109788
pessimistic,50,load_aware,1,1,1,t00858-c00042,42,858,10,0,10,True,False,cancelled_late,25.2264,0.0,0,1,182.87241598591208,1363.0751660093665,0.027792062610387802,0.020916806533932686,1363.1238748785108
pessimistic,50,load_aware,1,1,1,t00859-c00005,5,859,4,0,4,True,False,no_show,18.4618,0.0,0,1,44.02441601268947,1832.733916118741,346.70483390800655,0.020124949514865875,2179.4588749762625
pessimistic,50,load_aware,1,1,1,t00859-c00042,42,859,12,0,12,True,False,cancelled_late,29.3313,0.0,0,1,276.5164580196142,2179.362958064303,0.1279579009860754,0.012292061001062393,2179.50320802629
pessimistic,50,load_aware,1,1,1,t00861-c00042,42,861,8,0,8,True,False,no_show,20.6285,0.0,0,1,131.02441700175405,788.8402079697698,0.02729194238781929,0.01950003206729889,788.886999944225
pessimistic,50,load_aware,1,1,1,t00865-c00037,37,865,7,0,7,True,False,cancelled_early,20.9384,0.0,0,1,54.72795804962516,301.62579100579023,0.026416964828968048,0.02537504769861698,301.6775830183178
pessimistic,50,load_aware,1,1,1,t00866-c00034,34,866,3,0,3,True,False,satisfied,17.2297,17.6,22,1,39.619124960154295,165.04650004208088,224.38024985603988,0.017832964658737183,389.4445828627795
pessimistic,50,load_aware,1,1,1,t00866-c00037,37,866,7,0,7,True,False,no_show,21.2615,0.0,0,1,83.8762919884175,389.35337495058775,0.13095885515213013,0.010624993592500687,389.4949587993324
pessimistic,50,load_aware,1,1,1,t00872-c00011,11,872,11,0,11,True,False,satisfied,31.1407,30.8,77,1,240.25941686704755,2236.875332891941,0.024958979338407516,0.01995800994336605,2236.920249881223
pessimistic,50,load_aware,1,1,1,t00875-c00012,12,875,7,0,7,True,False,cancelled_early,22.1439,0.0,0,1,31.493207905441523,295.071457978338,0.021083978936076164,0.01758313737809658,295.1101250946522
pessimistic,50,load_aware,1,1,1,t00876-c00012,12,876,8,0,8,True,False,cancelled_late,26.9888,0.0,0,1,59.578292071819305,525.1905841287225,0.021290965378284454,0.01729186624288559,525.2291669603437
pessimistic,50,load_aware,1,1,1,t00879-c00012,12,879,8,0,8,True,False,satisfied,28.1977,28.7,41,1,65.65725011751056,580.5519579444081,0.019208993762731552,0.01650000922381878,580.5876669473946
pessimistic,50,load_aware,1,1,1,t00882-c00035,35,882,4,0,4,True,False,no_show,15.7792,0.0,0,1,62.95758415944874,219.04083411209285,0.020415987819433212,0.016249949112534523,219.07750004902482
pessimistic,50,load_aware,1,1,1,t00889-c00023,23,889,3,0,3,True,False,no_show,16.2288,0.0,0,1,89.20875005424023,219.63945915922523,0.023499829694628716,0.016875099390745163,219.6798340883106
pessimistic,50,load_aware,1,1,1,t00890-c00004,4,890,3,0,3,True,False,satisfied,14.3437,14.7,21,1,35.51308298483491,122.61808291077614,466.0449998918921,0.018709106370806694,588.681791909039
pessimistic,50,load_aware,1,1,1,t00890-c00005,5,890,8,0,8,True,False,cancelled_late,22.8153,0.0,0,1,74.69712500460446,588.5971668176353,0.11108303442597389,0.00958307646214962,588.7178329285234
pessimistic,50,load_aware,1,1,1,t00890-c00019,19,890,2,0,2,True,False,cancelled_late,33.771,0.0,0,1,356.33804206736386,535.9724170994014,52.743291947990656,0.005790963768959045,588.721500011161
pessimistic,50,load_aware,1,1,1,t00892-c00019,19,892,1,2,1,True,False,satisfied,31.1002,31.2,39,1,1055.5696249939501,1055.5696249939501,0.017750076949596405,0.01729186624288559,1055.6046669371426
pessimistic,50,load_aware,1,1,1,t00893-c00005,5,893,12,0,12,True,False,satisfied,25.5618,25.6,32,1,46.392250107601285,616.5528751444072,0.024166889488697052,0.020249979570508003,616.5972920134664
pessimistic,50,load_aware,1,1,1,t00893-c00040,40,893,3,0,3,True,False,satisfied,13.7844,14.0,20,1,129.05362504534423,522.7532919961959,93.84700004011393,0.0076249707490205765,616.6079170070589
pessimistic,50,load_aware,1,1,1,t00894-c00028,28,894,3,0,3,True,False,satisfied,26.1671,26.5,53,1,87.5478747766465,437.87233298644423,0.10449998080730438,0.008582836017012596,437.98541580326855
pessimistic,50,load_aware,1,1,1,t00896-c00018,18,896,5,0,5,True,False,no_show,24.4263,0.0,0,1,31.026708893477917,192.19595892354846,0.017916085198521614,0.016041798517107964,192.2299168072641
pessimistic,50,load_aware,1,1,1,t00898-c00025,25,898,3,0,3,True,False,cancelled_early,25.6948,0.0,0,1,121.99991615489125,285.73250002227724,0.024707987904548645,0.0189170241355896,285.7761250343174
pessimistic,50,load_aware,1,1,1,t00899-c00025,25,899,1,2,1,True,False,cancelled_early,28.1963,0.0,0,1,144.830625038594,144.830625038594,0.02270890399813652,0.015875091776251793,144.8692090343684
pessimistic,50,load_aware,1,1,1,t00902-c00025,25,902,3,0,3,True,False,breakdown,25.7211,0.0,0,1,140.7755829859525,316.81125005707145,0.023374799638986588,0.01937500201165676,316.8539998587221
pessimistic,50,load_aware,1,1,1,t00903-c00044,44,903,8,0,8,True,False,cancelled_late,24.8995,0.0,0,1,176.5547920949757,1128.4462499897927,0.024333130568265915,0.018083956092596054,1128.4886670764536
pessimistic,50,load_aware,1,1,1,t00904-c00044,44,904,8,0,8,True,False,no_show,18.5354,0.0,0,1,106.5807081758976,688.7263332027942,0.025541987270116806,0.018666964024305344,688.7705421540886
pessimistic,50,load_aware,1,1,1,t00910-c00037,37,910,2,0,2,True,False,satisfied,23.9722,24.5,35,1,69.7072499897331,113.33508300594985,0.01900014467537403,0.01333397813141346,113.36741712875664
pessimistic,50,load_aware,1,1,1,t00913-c00026,26,913,3,0,3,True,False,cancelled_early,34.2322,0.0,0,1,294.3597079720348,664.3628750462085,0.0227498821914196,0.014916062355041504,664.400540990755
pessimistic,50,load_aware,1,1,1,t00914-c00026,26,914,3,0,3,True,False,cancelled_late,28.9206,0.0,0,1,905.1416669972241,1976.6109171323478,329.59437486715615,0.016666948795318604,2306.2219589482993
pessimistic,50,load_aware,1,1,1,t00914-c00041,41,914,7,0,7,True,False,cancelled_late,28.489,0.0,0,1,224.58250005729496,2306.1377089470625,0.13104104436933994,0.00900006853044033,2306.2777500599623
pessimistic,50,load_aware,1,1,1,t00915-c00041,41,915,8,0,8,True,False,satisfied,28.7437,28.8,72,1,226.84266697615385,1387.7174169756472,0.02308306284248829,0.018582912161946297,1387.7590829506516
pessimistic,50,load_aware,1,1,1,t00916-c00035,35,916,8,0,8,True,False,cancelled_early,19.6606,0.0,0,1,61.895082937553525,554.0301250293851,0.02591591328382492,0.021584099158644676,554.0776250418276
pessimistic,50,load_aware,1,1,1,t00917-c00035,35,917,8,0,8,True,False,satisfied,11.0308,11.5,23,1,30.834625009447336,263.7165419291705,0.024333130568265915,0.01837499439716339,263.7592500541359
pessimistic,50,load_aware,1,1,1,t00918-c00007,7,918,3,0,3,True,False,satisfied,36.8263,37.2,93,1,303.45366592518985,836.6155410185456,58.57220897451043,0.01891585998237133,895.2066658530384
pessimistic,50,load_aware,1,1,1,t00918-c00047,47,918,8,0,8,True,False,cancelled_late,8.8298,0.0,0,1,22.043792065232992,895.1129580382258,0.13433396816253662,0.011833151802420616,895.2591251581907
pessimistic,50,load_aware,1,1,1,t00919-c00026,26,919,9,0,9,True,False,satisfied,31.3149,31.6,79,1,234.57770887762308,1794.7965839412063,0.02645794302225113,0.022750115022063255,1794.8457919992507
pessimistic,50,load_aware,1,1,1,t00921-c00027,27,921,2,0,2,True,False,no_show,13.3434,0.0,0,1,30.736207962036133,56.82895798236132,0.016625039279460907,0.014791963621973991,56.86037498526275
pessimistic,50,load_aware,1,1,1,t00923-c00047,47,923,8,0,8,True,False,satisfied,19.798,20.3,29,1,53.69316693395376,316.2111670244485,0.023957807570695877,0.018167076632380486,316.2532919086516
pessimistic,50,load_aware,1,1,1,t00924-c00042,42,924,2,0,2,True,False,satisfied,33.4874,33.6,84,1,320.664833066985,638.2527500391006,0.021416926756501198,0.019666040316224098,638.2938330061734
pessimistic,50,load_aware,1,1,1,t00930-c00022,22,930,8,0,8,True,False,no_show,27.8183,0.0,0,1,101.0565001051873,908.2690421491861,0.021999934688210487,0.019165920093655586,908.310208003968
pessimistic,50,load_aware,1,1,1,t00936-c00018,18,936,9,0,9,True,False,no_show,25.6505,0.0,0,1,170.5205829348415,985.8760829083622,0.023999949917197227,0.018459046259522438,985.9185419045389
pessimistic,50,load_aware,1,1,1,t00936-c00045,45,936,7,0,7,True,False,satisfied,28.3137,28.8,36,1,70.90441696345806,953.7251670844853,32.22366701811552,0.010041054338216782,985.958875156939
pessimistic,50,load_aware,1,1,1,t00942-c00023,23,942,10,0,10,True,False,satisfied,31.0449,31.2,78,1,256.44262484274805,1904.727540910244,0.025999965146183968,0.02583395689725876,1904.7793748322874
pessimistic,50,load_aware,1,1,1,t00943-c00032,32,943,6,0,6,True,False,satisfied,21.5856,21.6,36,1,68.94504209049046,319.98175010085106,0.025625107809901237,0.020416919142007828,320.02779212780297
pessimistic,50,load_aware,1,1,1,t00945-c00006,6,945,8,0,8,True,False,satisfied,14.4221,14.7,21,1,34.436707850545645,222.5375408306718,0.02154218964278698,0.016207806766033173,222.5752908270806
pessimistic,50,load_aware,1,1,1,t00948-c00027,27,948,8,0,8,True,False,cancelled_late,21.9081,0.0,0,1,53.628833033144474,440.16433297656476,0.023208092898130417,0.0189170241355896,440.2064580935985
pessimistic,50,load_aware,1,1,1,t00951-c00010,10,951,6,0,6,True,False,satisfied,15.767,16.1,23,1,38.975332863628864,198.50025000050664,0.021499814465641975,0.019208062440156937,198.54095787741244
pessimistic,50,load_aware,1,1,1,t00954-c00027,27,954,8,0,8,True,False,no_show,16.894,0.0,0,1,37.87537501193583,323.73212510719895,0.02433289773762226,0.019625062122941017,323.7760830670595
pessimistic,50,load_aware,1,1,1,t00955-c00003,3,955,1,0,1,True,False,satisfied,19.2892,20.0,25,1,25.074125034734607,25.074125034734607,0.013084150850772858,0.01174979843199253,25.098958984017372
pessimistic,50,load_aware,1,1,1,t00961-c00048,48,961,11,0,11,True,False,satisfied,16.2895,16.8,21,1,34.347458044067025,271.4778750669211,0.026540830731391907,0.018250197172164917,271.5226660948247
pessimistic,50,load_aware,1,1,1,t00963-c00044,44,963,11,0,11,True,False,cancelled_late,28.0132,0.0,0,1,142.7786669228226,1532.9666249454021,0.028792070224881172,0.02429191954433918,1533.0197089351714
pessimistic,50,load_aware,1,1,1,t00964-c00017,17,964,7,0,7,True,False,satisfied,20.0229,20.4,51,1,90.70624993182719,714.0245840419084,0.02391589805483818,0.01879199407994747,714.0672919340432
pessimistic,50,load_aware,1,1,1,t00968-c00044,44,968,8,0,8,True,False,cancelled_late,25.2897,0.0,0,1,124.75541699677706,1116.591207915917,0.024958979338407516,0.017875107005238533,1116.6340420022607
pessimistic,50,load_aware,1,1,1,t00972-c00018,18,972,4,0,4,True,False,no_show,30.6447,0.0,0,1,77.99604092724621,278.27991591766477,0.018584076315164566,0.013625016435980797,278.3121250104159
pessimistic,50,load_aware,1,1,1,t00974-c00044,44,974,9,0,9,True,False,satisfied,18.8585,19.2,48,1,76.48249994963408,870.8767499774694,0.025082845240831375,0.018459046259522438,870.9202918689698
pessimistic,50,load_aware,1,1,1,t00974-c00046,46,974,3,0,3,True,False,no_show,19.4695,0.0,0,1,164.96083396486938,761.9749999139458,108.96750004030764,0.007458962500095367,870.9499589167535
pessimistic,50,load_aware,1,1,1,t00976-c00014,14,976,10,0,10,True,False,no_show,10.6195,0.0,0,1,36.38425003737211,328.2993328757584,0.02391706220805645,0.021290965378284454,328.34454090334475
pessimistic,50,load_aware,1,1,1,t00978-c00000,0,978,3,0,3,True,False,no_show,15.5204,0.0,0,1,33.946292009204626,80.80354193225503,0.016417121514678,0.013499986380338669,80.83345904015005
pessimistic,50,load_aware,1,1,1,t00980-c00016,16,980,7,0,7,True,False,satisfied,28.2268,28.7,41,1,88.94887520000339,476.8964999821037,0.02395804040133953,0.023958971723914146,476.94441699422896
pessimistic,50,load_aware,1,1,1,t00981-c00002,2,981,4,0,4,True,False,satisfied,21.6786,22.0,44,1,102.22554113715887,338.55704101733863,0.018750084564089775,0.018459046259522438,338.59425014816225
pessimistic,50,load_aware,1,1,1,t00992-c00027,27,992,11,0,11,True,False,cancelled_early,24.1083,0.0,0,1,63.94600006751716,669.122250052169,0.027041882276535034,0.020292121917009354,669.1695840563625
pessimistic,50,load_aware,1,1,1,t00993-c00024,24,993,6,0,6,True,False,satisfied,18.7549,19.2,24,1,152.6767499744892,827.5515839923173,0.022999942302703857,0.020415987819433212,827.5949999224395
pessimistic,50,load_aware,1,1,1,t00993-c00027,27,993,6,0,6,True,False,satisfied,26.0048,26.4,44,1,152.63220807537436,827.5047920178622,0.12912508100271225,0.008624978363513947,827.6425420772284
pessimistic,50,load_aware,1,1,1,t00996-c00022,22,996,8,0,8,True,False,satisfied,20.4897,20.0,40,1,88.60145811922848,535.7485411223024,0.02583395689725876,0.018999911844730377,535.7933749910444
pessimistic,50,load_aware,1,1,1,t01007-c00000,0,1007,4,0,4,True,False,cancelled_late,19.82,0.0,0,1,44.402374885976315,145.58879099786282,0.018750084564089775,0.017666956409811974,145.62520803883672
pessimistic,50,load_aware,1,1,1,t01008-c00000,0,1008,4,0,4,True,False,satisfied,19.0873,18.4,23,1,41.38537496328354,294.488999992609,0.015750061720609665,0.0149579718708992,294.51970802620053
pessimistic,50,load_aware,1,1,1,t01008-c00046,46,1008,2,0,2,True,False,no_show,23.1409,0.0,0,1,175.34399987198412,256.76779192872345,37.77429088950157,0.007417052984237671,294.54949987120926
pessimistic,50,load_aware,1,1,1,t01009-c00008,8,1009,6,0,6,True,False,no_show,17.0327,0.0,0,1,31.979250023141503,207.25787500850856,0.02283393405377865,0.02300017513334751,207.3037091176957
pessimistic,50,load_aware,1,1,1,t01012-c00036,36,1012,2,0,2,True,False,no_show,24.678,0.0,0,1,53.410416934639215,94.83024990186095,0.020250212401151657,0.016124919056892395,94.866625033319
pessimistic,50,load_aware,1,1,1,t01013-c00014,14,1013,3,0,3,True,False,satisfied,27.2122,27.6,69,1,182.2315000463277,459.5685410313308,0.023541972041130066,0.020582927390933037,459.6126659307629
pessimistic,50,load_aware,1,1,1,t01018-c00018,18,1018,2,0,2,True,False,satisfied,39.6841,40.0,50,1,103.96250011399388,203.8029581308365,0.0191668514162302,0.017625046893954277,203.83975002914667
pessimistic,50,load_aware,1,1,1,t01022-c00035,35,1022,2,0,2,True,False,satisfied,18.6609,18.5,37,1,79.25312500447035,138.95866693928838,0.02087489701807499,0.015500001609325409,138.99504183791578
pessimistic,50,load_aware,1,1,1,t01024-c00020,20,1024,8,0,8,True,False,no_show,27.082,0.0,0,1,142.7298749331385,1276.4525839593261,0.022249994799494743,0.01887488178908825,1276.4937088359147
pessimistic,50,load_aware,1,1,1,t01036-c00008,8,1036,5,0,5,True,False,no_show,13.0167,0.0,0,1,31.43062489107251,144.55316704697907,0.0202918890863657,0.018041115254163742,144.5915000513196
pessimistic,50,load_aware,1,1,1,t01040-c00038,38,1040,3,0,3,True,False,satisfied,18.9016,18.8,47,1,110.32270803116262,250.2407080028206,0.023582950234413147,0.014667166396975517,250.278958119452
pessimistic,50,load_aware,1,1,1,t01047-c00004,4,1047,8,0,8,True,False,satisfied,12.8778,13.3,19,1,29.44758301600814,192.20679090358317,0.02237502485513687,0.017584068700671196,192.24674999713898
pessimistic,50,load_aware,1,1,1,t01048-c00049,49,1048,3,0,3,True,False,no_show,23.1332,0.0,0,1,82.57887489162385,170.91537499800324,0.02474989742040634,0.01633400097489357,170.95645889639854
pessimistic,50,load_aware,1,1,1,t01050-c00036,36,1050,3,0,3,True,False,satisfied,26.9674,27.2,34,1,48.98049985058606,120.11795793659985,0.022541964426636696,0.014292076230049133,120.15479197725654
pessimistic,50,load_aware,1,1,1,t01051-c00039,39,1051,8,0,8,True,False,cancelled_early,15.7243,0.0,0,1,60.73041702620685,522.6257089525461,0.023916130885481834,0.018416903913021088,522.6680419873446
pessimistic,50,load_aware,1,1,1,t01052-c00039,39,1052,12,0,12,True,False,cancelled_late,13.6671,0.0,0,1,49.39183290116489,573.8659577909857,0.029416987672448158,0.0211251899600029,573.9164999686182
pessimistic,50,load_aware,1,1,1,t01053-c00039,39,1053,8,0,8,True,False,satisfied,13.2094,13.6,34,1,46.536542009562254,401.9646248780191,0.024582957848906517,0.019834144040942192,402.00904197990894
pessimistic,50,load_aware,1,1,1,t01054-c00015,15,1054,8,0,8,True,False,no_show,22.5532,0.0,0,1,38.583958987146616,324.2287498433143,0.02345908433198929,0.01895800232887268,324.27116692997515
pessimistic,50,load_aware,1,1,1,t01055-c00001,1,1055,7,0,7,True,False,cancelled_late,17.6232,0.0,0,1,46.42749996855855,253.56899993494153,0.02079200930893421,0.01737498678267002,253.60716693103313
pessimistic,50,load_aware,1,1,1,t01056-c00046,46,1056,11,0,11,True,False,cancelled_late,20.841,0.0,0,1,50.58662500232458,520.9532920271158,0.02787495031952858,0.020750099793076515,521.0019170772284
pessimistic,50,load_aware,1,1,1,t01059-c00001,1,1059,9,0,9,True,False,cancelled_early,23.986,0.0,0,1,70.11562492698431,476.69104184024036,0.020791077986359596,0.01829187385737896,476.7301247920841
pessimistic,50,load_aware,1,1,1,t01060-c00001,1,1060,10,0,10,True,False,no_show,18.659,0.0,0,1,44.68866693787277,341.73687477596104,0.022167107090353966,0.019165920093655586,341.77820780314505
pessimistic,50,load_aware,1,1,1,t01062-c00008,8,1062,2,0,2,True,False,satisfied,10.9867,11.2,16,1,288.718291092664,313.88266617432237,185.25299988687038,0.01554214395582676,499.1512082051486
pessimistic,50,load_aware,1,1,1,t01062-c00046,46,1062,6,0,6,True,False,cancelled_early,25.766,0.0,0,1,81.6379168536514,499.06658404506743,0.11487491428852081,0.009082956239581108,499.19054191559553
pessimistic,50,load_aware,1,1,1,t01063-c00046,46,1063,6,0,6,True,False,satisfied,30.3257,30.6,51,1,104.21704198233783,589.3419589847326,0.023625092580914497,0.016165897250175476,589.3817499745637
pessimistic,50,load_aware,1,1,1,t01064-c00040,40,1064,11,0,11,True,False,satisfied,13.8319,14.0,20,1,30.49087501130998,248.74787498265505,0.0249580480158329,0.018833903595805168,248.7916669342667
pessimistic,50,load_aware,1,1,1,t01071-c00030,30,1071,9,0,9,True,False,satisfied,18.5778,19.2,24,1,88.51395803503692,786.029125098139,0.02587493509054184,0.02295803278684616,786.0779580660164
pessimistic,50,load_aware,1,1,1,t01071-c00034,34,1071,10,0,10,True,False,satisfied,18.8117,19.2,24,1,88.46666687168181,785.981958033517,0.14812499284744263,0.010291812941432,786.1403748393059
pessimistic,50,load_aware,1,1,1,t01079-c00043,43,1079,12,0,12,True,False,satisfied,30.0104,30.6,51,1,87.74762507528067,1027.2148340009153,0.027165981009602547,0.020709121599793434,1027.2627091035247
pessimistic,50,load_aware,1,1,1,t01089-c00015,15,1089,4,0,4,True,False,cancelled_late,27.0014,0.0,0,1,59.77487494237721,220.55008308961987,0.0177919864654541,0.018832972273230553,220.58670804835856
pessimistic,50,load_aware,1,1,1,t01090-c00015,15,1090,4,0,4,True,False,satisfied,26.3622,26.4,33,1,58.76333289779723,754.6108749229461,129.11912496201694,0.020415987819433212,883.7504158727825
pessimistic,50,load_aware,1,1,1,t01090-c00049,49,1090,12,0,12,True,False,cancelled_early,22.6277,0.0,0,1,146.6588748153299,883.6562079377472,0.14074984937906265,0.012958189472556114,883.8099159765989
pessimistic,50,load_aware,1,1,1,t01091-c00049,49,1091,14,0,14,True,False,no_show,24.6995,0.0,0,1,88.72316684573889,914.0138749498874,0.03129197284579277,0.023999949917197227,914.0691668726504
pessimistic,50,load_aware,1,1,1,t01093-c00031,31,1093,8,0,8,True,False,no_show,24.924,0.0,0,1,59.88933308981359,360.68499996326864,0.02254103310406208,0.015958910807967186,360.72349990718067
pessimistic,50,load_aware,1,1,1,t01094-c00001,1,1094,5,0,5,True,False,cancelled_late,24.7098,0.0,0,1,34.93004199117422,209.80520895682275,0.017666025087237358,0.01654215157032013,209.8394171334803
pessimistic,50,load_aware,1,1,1,t01095-c00001,1,1095,6,0,6,True,False,cancelled_late,26.611,0.0,0,1,77.07074983045459,361.74037493765354,0.019582919776439667,0.016124919056892395,361.7760827764869
pessimistic,50,load_aware,1,1,1,t01099-c00001,1,1099,7,0,7,True,False,cancelled_late,25.2553,0.0,0,1,72.45445786975324,409.18008307926357,0.021083978936076164,0.016625039279460907,409.2177920974791
pessimistic,50,load_aware,1,1,1,t01100-c00020,20,1100,4,0,4,True,False,cancelled_early,37.0551,0.0,0,1,321.0614169947803,1113.8063340913504,0.02095801755785942,0.01974985934793949,1113.8470419682562
pessimistic,50,load_aware,1,1,1,t01101-c00001,1,1101,7,0,7,True,False,no_show,29.2417,0.0,0,1,528.6477911286056,1514.6261660847813,0.0191668514162302,0.01691700890660286,1514.6622499451041
pessimistic,50,load_aware,1,1,1,t01101-c00020,20,1101,4,0,4,True,False,breakdown,34.5493,0.0,0,1,294.12504099309444,1428.792541148141,85.88404185138643,0.008417060598731041,1514.6850000601262
pessimistic,50,load_aware,1,1,1,t01111-c00005,5,1111,4,0,4,True,False,satisfied,19.2675,20.0,25,1,29.972166987136006,138.938499847427,0.018167076632380486,0.013499986380338669,138.97016691043973
pessimistic,50,load_aware,1,1,1,t01114-c00037,37,1114,8,0,8,True,False,satisfied,19.3735,19.6,28,1,34.26333307288587,291.88904096372426,0.02183392643928528,0.01612515188753605,291.9270000420511
pessimistic,50,load_aware,1,1,1,t01116-c00044,44,1116,4,0,4,True,False,satisfied,17.1399,17.2,43,1,89.15579202584922,288.7022499926388,0.022333115339279175,0.015083933249115944,288.7396670412272
pessimistic,50,load_aware,1,1,1,t01125-c00006,6,1125,6,0,6,True,False,no_show,9.5492,0.0,0,1,16.803250182420015,105.18558300100267,0.01991703175008297,0.014833174645900726,105.22033320739865
pessimistic,50,load_aware,1,1,1,t01127-c00013,13,1127,4,0,4,True,False,cancelled_early,24.3609,0.0,0,1,88.09625008143485,343.94583315588534,0.02087489701807499,0.02091703936457634,343.987625092268
pessimistic,50,load_aware,1,1,1,t01128-c00013,13,1128,5,0,5,True,False,satisfied,19.3795,18.5,37,1,57.8873329795897,303.9793751668185,0.020624836906790733,0.017916085198521614,304.0179160889238
pessimistic,50,load_aware,1,1,1,t01131-c00008,8,1131,8,0,8,True,False,satisfied,15.0797,15.4,22,1,33.74666697345674,237.3330839909613,0.024165958166122437,0.01787487417459488,237.37512482330203
pessimistic,50,load_aware,1,1,1,t01132-c00031,31,1132,4,0,4,True,False,no_show,27.103,0.0,0,1,48.4330418985337,224.00170797482133,0.022999942302703857,0.02050003968179226,224.04520795680583
pessimistic,50,load_aware,1,1,1,t01134-c00033,33,1134,11,0,11,True,False,satisfied,16.678,16.8,42,1,73.47083394415677,681.6781249362975,0.028542010113596916,0.02195802517235279,681.7286249715835
pessimistic,50,load_aware,1,1,1,t01135-c00048,48,1135,3,0,3,True,False,no_show,15.3293,0.0,0,1,27.826457982882857,73.08737491257489,0.024833017960190773,0.016292091459035873,73.12850002199411
pessimistic,50,load_aware,1,1,1,t01141-c00010,10,1141,11,0,11,True,False,no_show,15.5317,0.0,0,1,36.55395796522498,315.0011249817908,0.02595805563032627,0.019624829292297363,315.0467078667134
pessimistic,50,load_aware,1,1,1,t01142-c00019,19,1142,12,0,12,True,False,cancelled_late,13.0841,0.0,0,1,19.566000206395984,222.08720818161964,0.026791822165250778,0.026750145480036736,222.14075014926493
pessimistic,50,load_aware,1,1,1,t01144-c00019,19,1144,8,0,8,True,False,satisfied,23.2829,24.0,30,1,62.8731669858098,600.8827090263367,0.024625100195407867,0.018582912161946297,600.925917038694
pessimistic,50,load_aware,1,1,1,t01144-c00047,47,1144,7,0,7,True,False,satisfied,19.068,19.6,28,1,21.73874992877245,545.0491670053452,55.908167036250234,0.009499955922365189,600.9668339975178
pessimistic,50,load_aware,1,1,1,t01146-c00049,49,1146,10,0,10,True,False,breakdown,29.1156,0.0,0,1,102.10783290676773,799.5535000227392,0.029250048100948334,0.02133287489414215,799.6040829457343
pessimistic,50,load_aware,1,1,1,t01149-c00006,6,1149,6,0,6,True,False,satisfied,19.157,19.6,28,1,44.888332951813936,230.4090829566121,0.02212519757449627,0.02174987457692623,230.45295802876353
pessimistic,50,load_aware,1,1,1,t01154-c00001,1,1154,3,0,3,True,False,satisfied,38.6941,39.0591,56,1,147.1597091294825,356.05383408255875,0.021333107724785805,0.020541949197649956,356.0957091394812
pessimistic,50,load_aware,1,1,1,t01161-c00048,48,1161,2,0,2,True,False,cancelled_late,18.5293,0.0,0,1,37.769250106066465,75.32970909960568,0.02050003968179226,0.015207799151539803,75.36541693843901
pessimistic,50,load_aware,1,1,1,t01162-c00048,48,1162,4,0,4,True,False,satisfied,22.6459,23.2,29,1,26.441375026479363,116.77687498740852,0.020249979570508003,0.015083001926541328,116.81220796890557
pessimistic,50,load_aware,1,1,1,t01164-c00028,28,1164,2,0,2,True,False,cancelled_early,23.9945,0.0,0,1,110.41666590608656,222.7902498561889,0.019249971956014633,0.017041107639670372,222.82654093578458
pessimistic,50,load_aware,1,1,1,t01165-c00010,10,1165,6,0,6,True,False,satisfied,19.9214,20.3,29,1,48.199750017374754,421.1350828409195,0.02091703936457634,0.016916077584028244,421.1729159578681
pessimistic,50,load_aware,1,1,1,t01165-c00028,28,1165,2,0,2,True,False,no_show,20.2847,0.0,0,1,291.21712502092123,378.3956670667976,42.80045791529119,0.007542083039879799,421.2036670651287
pessimistic,50,load_aware,1,1,1,t01168-c00022,22,1168,3,0,3,True,False,satisfied,22.7863,23.0,46,1,77.70116697065532,226.7791668418795,0.020667212083935738,0.015290919691324234,226.81512497365475
pessimistic,50,load_aware,1,1,1,t01171-c00011,11,1171,9,0,9,True,False,cancelled_late,21.3645,0.0,0,1,136.42458291724324,969.3501249421388,0.026250025257468224,0.0227498821914196,969.3991248495877
pessimistic,50,load_aware,1,1,1,t01177-c00011,11,1177,10,0,10,True,False,satisfied,28.6038,28.4,71,1,222.1326669678092,1675.0902920030057,0.02329191192984581,0.02158316783607006,1675.1351670827717
pessimistic,50,load_aware,1,1,1,t01179-c00031,31,1179,2,0,2,True,False,satisfied,36.2083,36.8,46,1,101.15491691976786,187.6080420333892,0.020416919142007828,0.015666009858250618,187.64412496238947
pessimistic,50,load_aware,1,1,1,t01182-c00003,3,1182,9,0,9,True,False,no_show,20.4465,0.0,0,1,44.1385000012815,291.79891594685614,0.02079200930893421,0.018582912161946297,291.838290868327
pessimistic,50,load_aware,1,1,1,t01195-c00000,0,1195,3,0,3,True,False,cancelled_late,21.6469,0.0,0,1,43.36062492802739,408.41774991713464,141.77720807492733,0.01737498678267002,550.2123329788446
pessimistic,50,load_aware,1,1,1,t01195-c00024,24,1195,7,0,7,True,False,cancelled_early,20.6845,0.0,0,1,302.9166248161346,550.1222079619765,0.144624849781394,0.009624985978007317,550.2764577977359
pessimistic,50,load_aware,1,1,1,t01196-c00024,24,1196,8,0,8,True,False,satisfied,18.8752,19.2,24,1,27.925583068281412,205.74308303184807,0.02245791256427765,0.017875107005238533,205.7834160514176
pessimistic,50,load_aware,1,1,1,t01197-c00004,4,1197,9,0,9,True,False,no_show,12.9265,0.0,0,1,21.99308411218226,199.55504219979048,0.022166874259710312,0.017750076949596405,199.59495915099978
pessimistic,50,load_aware,1,1,1,t01201-c00000,0,1201,9,0,9,True,False,satisfied,23.1161,23.2,29,1,45.14445899985731,372.20079195685685,0.022625084966421127,0.019041821360588074,372.24245886318386
pessimistic,50,load_aware,1,1,1,t01203-c00032,32,1203,4,0,4,True,False,satisfied,19.1205,19.2,32,1,59.17087499983609,207.62279210612178,0.02374988980591297,0.01737498678267002,207.66391698271036
pessimistic,50,load_aware,1,1,1,t01207-c00040,40,1207,13,0,13,True,False,satisfied,11.9029,12.6,18,1,26.270292000845075,271.46045910194516,0.026999972760677338,0.017791055142879486,271.5052501298487
pessimistic,50,load_aware,1,1,1,t01213-c00028,28,1213,12,0,12,True,False,no_show,29.1965,0.0,0,1,109.03208400122821,1299.3108339142054,0.028333161026239395,0.022792024537920952,1299.3619590997696
pessimistic,50,load_aware,1,1,1,t01217-c00003,3,1217,9,0,9,True,False,satisfied,22.15,22.4,28,1,44.88795786164701,337.182582821697,0.023292144760489464,0.01808302477002144,337.2239579912275
pessimistic,50,load_aware,1,1,1,t01219-c00027,27,1219,5,0,5,True,False,no_show,15.0736,0.0,0,1,41.42270819284022,184.96508314274251,0.023166881874203682,0.01758313737809658,185.00583316199481
pessimistic,50,load_aware,1,1,1,t01221-c00039,39,1221,8,0,8,True,False,cancelled_early,14.7293,0.0,0,1,50.43937498703599,434.3884999398142,0.024582957848906517,0.0177919864654541,434.43087488412857
pessimistic,50,load_aware,1,1,1,t01222-c00039,39,1222,8,0,8,True,False,satisfied,17.8083,18.0,45,1,70.21366688422859,601.5622499398887,0.02229190431535244,0.01712515950202942,601.6016670037061
pessimistic,50,load_aware,1,1,1,t01227-c00004,4,1227,5,0,5,True,False,satisfied,18.6707,18.9,27,1,43.04516687989235,186.02254195138812,0.02108304761350155,0.019750092178583145,186.0633750911802
pessimistic,50,load_aware,1,1,1,t01239-c00023,23,1239,3,0,3,True,False,satisfied,27.3944,27.6,69,1,197.75541708804667,487.6232920214534,0.023707980290055275,0.021084211766719818,487.66808421351016
pessimistic,50,load_aware,1,1,1,t01240-c00012,12,1240,6,0,6,True,False,cancelled_late,20.9863,0.0,0,1,27.007499942556024,223.266625078395,0.020916806533932686,0.01970818266272545,223.30725006759167
pessimistic,50,load_aware,1,1,1,t01242-c00017,17,1242,14,0,14,True,False,no_show,22.9775,0.0,0,1,147.7539581246674,1448.647417128086,0.027582980692386627,0.023042084649205208,1448.6980421934277
pessimistic,50,load_aware,1,1,1,t01243-c00035,35,1243,2,0,2,True,False,cancelled_late,17.4281,0.0,0,1,51.32137518376112,115.88599998503923,0.018834136426448822,0.015999889001250267,115.92083401046693
pessimistic,50,load_aware,1,1,1,t01244-c00012,12,1244,11,0,11,True,False,no_show,26.3938,0.0,0,1,147.26641681045294,911.846499890089,0.02550007775425911,0.019042054191231728,911.8910420220345
pessimistic,50,load_aware,1,1,1,t01245-c00035,35,1245,2,0,2,True,False,cancelled_late,16.4051,0.0,0,1,55.55595806799829,111.35029094293714,0.02050003968179226,0.01554214395582676,111.38633312657475
pessimistic,50,load_aware,1,1,1,t01249-c00035,35,1249,4,0,4,True,False,satisfied,16.139,16.5,33,1,29.12175003439188,185.16991613432765,0.020583858713507652,0.016249949112534523,185.2067499421537
pessimistic,50,load_aware,1,1,1,t01254-c00002,2,1254,7,0,7,True,False,cancelled_late,18.0946,0.0,0,1,50.56783417239785,390.7809171359986,0.021582935005426407,0.019459053874015808,390.82195912487805
pessimistic,50,load_aware,1,1,1,t01256-c00027,27,1256,8,0,8,True,False,cancelled_late,17.0721,0.0,0,1,34.416249953210354,286.114291055128,0.022041844204068184,0.016417121514678,286.1527500208467
pessimistic,50,load_aware,1,1,1,t01257-c00027,27,1257,8,0,8,True,False,cancelled_early,22.1827,0.0,0,1,54.21116598881781,450.7265829015523,0.022042077034711838,0.016249949112534523,450.76487492769957
pessimistic,50,load_aware,1,1,1,t01258-c00002,2,1258,7,0,7,True,False,no_show,19.9822,0.0,0,1,105.97724979743361,826.8662500195205,44.75524998269975,0.017249956727027893,871.6387499589473
pessimistic,50,load_aware,1,1,1,t01258-c00027,27,1258,9,0,9,True,False,satisfied,20.1749,19.8,33,1,45.35041702911258,871.5507499873638,0.11587515473365784,0.01037493348121643,871.6770000755787
pessimistic,50,load_aware,1,1,1,t01263-c00007,7,1263,7,0,7,True,False,satisfied,30.5203,30.8,77,1,247.38695821724832,1248.4439581166953,0.02008303999900818,0.015958910807967186,1248.4800000675023
pessimistic,50,load_aware,1,1,1,t01267-c00041,41,1267,6,0,6,True,False,no_show,27.1015,0.0,0,1,94.02108401991427,756.6187500488013,0.022792024537920952,0.021832995116710663,756.6633750684559
pessimistic,50,load_aware,1,1,1,t01273-c00026,26,1273,7,0,7,True,False,no_show,22.9582,0.0,0,1,103.24962507002056,837.2093751095235,0.024082837626338005,0.01758313737809658,837.251041084528
pessimistic,50,load_aware,1,1,1,t01275-c00045,45,1275,10,0,10,True,False,satisfied,23.2408,24.0,30,1,53.38404094800353,412.0359579101205,0.031667063012719154,0.01950003206729889,412.0871250052005
pessimistic,50,load_aware,1,1,1,t01280-c00036,36,1280,8,0,8,True,False,no_show,24.647,0.0,0,1,38.38254092261195,333.6275829933584,0.023458153009414673,0.01770886592566967,333.66875001229346
pessimistic,50,load_aware,1,1,1,t01283-c00014,14,1283,3,0,3,True,False,cancelled_late,21.981,0.0,0,1,88.85875018313527,322.11833307519555,0.019333092495799065,0.018249964341521263,322.15591613203287
pessimistic,50,load_aware,1,1,1,t01284-c00014,14,1284,8,0,8,True,False,cancelled_late,19.1799,0.0,0,1,578.3007920254022,1732.8532501123846,0.021167099475860596,0.017832964658737183,1732.8922501765192
pessimistic,50,load_aware,1,1,1,t01284-c00028,28,1284,6,0,6,True,False,cancelled_late,36.9568,0.0,0,1,231.4438340254128,1680.0238341093063,52.90141608566046,0.009208917617797852,1732.9344591125846
pessimistic,50,load_aware,1,1,1,t01287-c00028,28,1287,7,0,7,True,False,satisfied,35.9477,36.0,72,1,218.50266586989164,1865.406832890585,98.0577920563519,0.017916085198521614,1963.4825410321355
pessimistic,50,load_aware,1,1,1,t01287-c00038,38,1287,9,0,9,True,False,satisfied,17.9956,18.0,45,1,406.8406668957323,1963.3920420892537,0.11920789256691933,0.01037493348121643,1963.5216249153018
pessimistic,50,load_aware,1,1,1,t01288-c00014,14,1288,6,0,6,True,False,cancelled_late,24.1394,0.0,0,1,135.49666688777506,828.6354579031467,0.018584076315164566,0.016040867194533348,828.6700828466564
pessimistic,50,load_aware,1,1,1,t01288-c00034,34,1288,8,0,8,True,False,cancelled_late,18.1339,0.0,0,1,27.182333869859576,751.4337918255478,77.26941700093448,0.009708106517791748,828.7129169330001
pessimistic,50,load_aware,1,1,1,t01290-c00014,14,1290,7,0,7,True,False,satisfied,19.7236,20.0,50,1,117.9919159039855,570.2205828856677,0.0213750172406435,0.01787487417459488,570.2598327770829
pessimistic,50,load_aware,1,1,1,t01292-c00034,34,1292,8,0,8,True,False,cancelled_late,16.9182,0.0,0,1,25.637875078245997,217.78408414684236,0.023665837943553925,0.01833401620388031,217.8260840009898
pessimistic,50,load_aware,1,1,1,t01293-c00012,12,1293,11,0,11,True,False,cancelled_late,26.1213,0.0,0,1,71.65437494404614,600.7418748922646,0.02437504008412361,0.01991703175008297,600.7861669640988
pessimistic,50,load_aware,1,1,1,t01294-c00012,12,1294,8,0,8,True,False,satisfied,31.1474,31.5,45,1,89.78712512180209,603.5159579478204,0.023750122636556625,0.018582912161946297,603.5582909826189
pessimistic,50,load_aware,1,1,1,t01298-c00034,34,1298,12,0,12,True,False,satisfied,18.3425,18.4,23,1,26.475624879822135,311.9703328702599,0.026584137231111526,0.018624821677803993,312.0155418291688
pessimistic,50,load_aware,1,1,1,t01299-c00008,8,1299,2,0,2,True,False,satisfied,18.3104,18.9,27,1,588.0019580945373,618.7368331011385,160.63504200428724,0.01587485894560814,779.3877499643713
pessimistic,50,load_aware,1,1,1,t01299-c00042,42,1299,6,0,6,True,False,no_show,24.0587,0.0,0,1,157.4020409025252,779.3018750380725,0.10866601951420307,0.009417068213224411,779.4199581257999
pessimistic,50,load_aware,1,1,1,t01303-c00002,2,1303,8,0,8,True,False,cancelled_late,15.1825,0.0,0,1,37.32174984179437,323.83716688491404,0.018832972273230553,0.01650000922381878,323.8724998664111
pessimistic,50,load_aware,1,1,1,t01304-c00017,17,1304,2,0,2,True,False,no_show,30.1068,0.0,0,1,216.88741585239768,423.6599998548627,0.017875107005238533,0.01708301715552807,423.69495797902346
pessimistic,50,load_aware,1,1,1,t01307-c00002,2,1307,9,0,9,True,False,satisfied,28.4664,28.5,57,1,141.5457499679178,932.7237920369953,0.02150004729628563,0.019208062440156937,932.7645001467317
pessimistic,50,load_aware,1,1,1,t01309-c00030,30,1309,9,0,9,True,False,no_show,20.5113,0.0,0,1,29.110749950632453,279.103749897331,0.02445909194648266,0.01908303238451481,279.147292021662
pessimistic,50,load_aware,1,1,1,t01312-c00044,44,1312,4,0,4,True,False,satisfied,15.6219,16.0,40,1,81.27595903351903,262.93208403512836,0.02166605554521084,0.015625031664967537,262.96937512233853
pessimistic,50,load_aware,1,1,1,t01318-c00036,36,1318,7,0,7,True,False,cancelled_late,20.4082,0.0,0,1,39.25029211677611,197.159375064075,0.021792016923427582,0.015500001609325409,197.19666708260775
pessimistic,50,load_aware,1,1,1,t01322-c00036,36,1322,14,0,14,True,False,satisfied,26.3662,26.4,33,1,59.87991695292294,625.5005828570575,0.028625130653381348,0.020249979570508003,625.5494579672813
pessimistic,50,load_aware,1,1,1,t01330-c00016,16,1330,2,0,2,True,False,no_show,27.3487,0.0,0,1,58.61591687425971,135.7696249615401,0.01750001683831215,0.015333062037825584,135.80245804041624
pessimistic,50,load_aware,1,1,1,t01338-c00013,13,1338,12,0,12,True,False,no_show,23.5563,0.0,0,1,69.49587515555322,915.5570841394365,0.02291589044034481,0.017124926671385765,915.5971249565482
pessimistic,50,load_aware,1,1,1,t01341-c00037,37,1341,7,0,7,True,False,no_show,18.9032,0.0,0,1,34.592583077028394,255.03795803524554,0.02433406189084053,0.01795799471437931,255.08025009185076
pessimistic,50,load_aware,1,1,1,t01343-c00041,41,1343,8,0,8,True,False,breakdown,27.9943,0.0,0,1,208.2738750614226,1288.098958088085,0.024583889171481133,0.018750084564089775,1288.1422920618206
pessimistic,50,load_aware,1,1,1,t01344-c00026,26,1344,3,0,3,True,False,breakdown,29.9788,0.0,0,1,233.75799995847046,564.9716248735785,0.021875137463212013,0.015624798834323883,565.0091248098761
pessimistic,50,load_aware,1,1,1,t01345-c00033,33,1345,4,0,4,True,False,satisfied,23.8331,23.6,59,1,159.48083391413093,529.8015000298619,0.02150004729628563,0.014749821275472641,529.8377498984337
pessimistic,50,load_aware,1,1,1,t01347-c00030,30,1347,3,0,3,True,False,satisfied,25.7187,26.4,33,1,41.959499940276146,126.53870787471533,0.021625077351927757,0.014958903193473816,126.57529185526073
pessimistic,50,load_aware,1,1,1,t01348-c00006,6,1348,8,0,8,True,False,satisfied,18.1021,18.2,26,1,42.1102091204375,294.39308401197195,0.021208077669143677,0.016999896615743637,294.43129198625684
pessimistic,50,load_aware,1,1,1,t01350-c00005,5,1350,8,0,8,True,False,cancelled_early,18.7081,0.0,0,1,25.248584104701877,222.2095001488924,0.021209008991718292,0.017791055142879486,222.248500213027
pessimistic,50,load_aware,1,1,1,t01351-c00005,5,1351,10,0,10,True,False,satisfied,16.8376,17.6,22,1,30.889249872416258,244.05254190787673,0.022208085283637047,0.018083956092596054,244.09283394925296
pessimistic,50,load_aware,1,1,1,t01352-c00018,18,1352,4,0,4,True,False,cancelled_late,22.1756,0.0,0,1,22.461500018835068,122.79558298178017,0.019999919459223747,0.014875084161758423,122.83045798540115
pessimistic,50,load_aware,1,1,1,t01353-c00018,18,1353,4,0,4,True,False,cancelled_late,24.9009,0.0,0,1,41.20429209433496,177.1519579924643,0.01791701652109623,0.01500011421740055,177.1848751232028
pessimistic,50,load_aware,1,1,1,t01356-c00018,18,1356,6,0,6,True,False,cancelled_late,27.0258,0.0,0,1,46.61075002513826,296.7794998548925,0.019333092495799065,0.015541911125183105,296.8143748585135
pessimistic,50,load_aware,1,1,1,t01357-c00015,15,1357,4,0,4,True,False,cancelled_late,28.1305,0.0,0,1,47.39291709847748,487.8724589943886,55.12737506069243,0.013874843716621399,543.0137088987976
pessimistic,50,load_aware,1,1,1,t01357-c00046,46,1357,8,0,8,True,False,cancelled_late,19.1403,0.0,0,1,119.77595905773342,542.9317499510944,0.12104189954698086,0.010041985660791397,543.0628338363022
pessimistic,50,load_aware,1,1,1,t01358-c00015,15,1358,4,0,4,True,False,cancelled_late,18.0823,0.0,0,1,24.853750132024288,105.20404204726219,0.01758313737809658,0.015541911125183105,105.23716709576547
pessimistic,50,load_aware,1,1,1,t01361-c00015,15,1361,4,0,4,True,False,satisfied,25.3812,25.6,32,1,38.811582839116454,170.76612496748567,0.017999904230237007,0.015042023733258247,170.79916689544916
pessimistic,50,load_aware,1,1,1,t01362-c00018,18,1362,7,0,7,True,False,satisfied,27.4142,27.9431,35,1,47.08179202862084,653.4903750289232,65.130417002365,0.0171661376953125,718.6379581689835
pessimistic,50,load_aware,1,1,1,t01362-c00046,46,1362,8,0,8,True,False,no_show,20.8228,0.0,0,1,125.55912509560585,718.5501661151648,0.1166248694062233,0.009917188435792923,718.6767081730068
pessimistic,50,load_aware,1,1,1,t01365-c00010,10,1365,9,0,9,True,False,satisfied,17.7252,18.2,26,1,31.809417065232992,301.2667498551309,0.02058316022157669,0.01616682857275009,301.30349984392524
pessimistic,50,load_aware,1,1,1,t01366-c00040,40,1366,4,0,4,True,False,cancelled_late,14.124,0.0,0,1,23.367624962702394,89.23612511716783,0.019249971956014633,0.012874836102128029,89.26824992522597
pessimistic,50,load_aware,1,1,1,t01368-c00040,40,1368,7,0,7,True,False,satisfied,8.6857,9.1,13,1,13.237708946689963,86.06541692279279,0.021208077669143677,0.016124919056892395,86.10274991951883
pessimistic,50,load_aware,1,1,1,t01369-c00042,42,1369,7,0,7,True,False,breakdown,37.9129,0.0,0,1,142.99175003543496,756.3814159948379,0.024209031835198402,0.018208054825663567,756.4238330814987
pessimistic,50,load_aware,1,1,1,t01377-c00016,16,1377,3,0,3,True,False,cancelled_late,28.6039,0.0,0,1,60.80579198896885,170.20954191684723,171.1104998830706,0.015250174328684807,341.3352919742465
pessimistic,50,load_aware,1,1,1,t01377-c00047,47,1377,6,0,6,True,False,cancelled_early,17.035,0.0,0,1,190.94133307226002,341.2541670259088,0.1252081710845232,0.00937492586672306,341.3887501228601
pessimistic,50,load_aware,1,1,1,t01378-c00037,37,1378,10,0,10,True,False,cancelled_early,20.9041,0.0,0,1,40.172959212213755,936.2158339936286,22.64625020325184,0.02004089765250683,958.882125094533
pessimistic,50,load_aware,1,1,1,t01378-c00047,47,1378,10,0,10,True,False,satisfied,18.4488,18.9,27,1,170.38591601885855,958.7869581300765,0.15641702339053154,0.010582851245999336,958.9539580047131
pessimistic,50,load_aware,1,1,1,t01379-c00037,37,1379,9,0,9,True,False,cancelled_early,25.035,0.0,0,1,64.98133391141891,428.57274995185435,0.022500054910779,0.01587485894560814,428.61112486571074
pessimistic,50,load_aware,1,1,1,t01380-c00037,37,1380,8,0,8,True,False,cancelled_early,25.6933,0.0,0,1,67.41383415646851,415.44929216615856,0.022666994482278824,0.015707919374108315,415.48766708001494
pessimistic,50,load_aware,1,1,1,t01381-c00017,17,1381,4,0,4,True,False,satisfied,37.6252,20.8,52,1,96.78854211233556,457.8402091283351,0.021624844521284103,0.018875114619731903,457.88070908747613
pessimistic,50,load_aware,1,1,1,t01381-c00037,37,1381,3,0,3,True,False,no_show,18.0648,0.0,0,1,172.0182909630239,350.2688747830689,107.63879120349884,0.007583992555737495,457.9152499791235
pessimistic,50,load_aware,1,1,1,t01382-c00016,16,1382,9,0,9,True,False,no_show,35.9606,0.0,0,1,92.59925014339387,855.6075831875205,0.023041851818561554,0.016666948795318604,855.6472919881344
pessimistic,50,load_aware,1,1,1,t01398-c00013,13,1398,4,0,4,True,False,cancelled_early,24.2082,0.0,0,1,55.12708402238786,229.4101668521762,0.01950003206729889,0.014125136658549309,229.44379202090204
pessimistic,50,load_aware,1,1,1,t01398-c00048,48,1398,2,0,2,True,False,satisfied,15.8163,16.0,20,1,164.98204204253852,188.6601250153035,40.819166926667094,0.0066659413278102875,229.4859578832984
pessimistic,50,load_aware,1,1,1,t01399-c00013,13,1399,8,0,8,True,False,cancelled_late,27.5607,0.0,0,1,106.43887496553361,942.3482909332961,0.023250002413988113,0.01691700890660286,942.3884579446167
pessimistic,50,load_aware,1,1,1,t01399-c00046,46,1399,8,0,8,True,False,cancelled_early,19.322,0.0,0,1,106.39158287085593,942.3011250328273,0.12945779599249363,0.00762520357966423,942.4382080323994
pessimistic,50,load_aware,1,1,1,t01400-c00046,46,1400,8,0,8,True,False,satisfied,17.7895,18.0,30,1,33.86033303104341,288.03495806641877,0.02629193477332592,0.017750076949596405,288.0790000781417
pessimistic,50,load_aware,1,1,1,t01404-c00013,13,1404,8,0,8,True,False,satisfied,25.4956,16.5,33,1,35.24308418855071,299.8271251562983,0.021916814148426056,0.01850002445280552,299.8675419948995
pessimistic,50,load_aware,1,1,1,t01407-c00024,24,1407,8,0,8,True,False,satisfied,18.4647,19.2,24,1,23.891207994893193,200.66125015728176,0.02291589044034481,0.01650000922381878,200.70066605694592
pessimistic,50,load_aware,1,1,1,t01412-c00004,4,1412,3,0,3,True,False,cancelled_late,16.0386,0.0,0,1,16.95475005544722,42.321916902437806,37.74179215542972,0.013750046491622925,80.07745910435915
pessimistic,50,load_aware,1,1,1,t01412-c00032,32,1412,2,0,2,True,False,no_show,17.9689,0.0,0,1,60.170833952724934,79.99849994666874,0.11216709390282631,0.007041962817311287,80.11770900338888
pessimistic,50,load_aware,1,1,1,t01418-c00004,4,1418,12,0,12,True,False,cancelled_early,15.6263,0.0,0,1,17.656333977356553,166.8514588382095,0.02308306284248829,0.019249971956014633,166.893791873008
pessimistic,50,load_aware,1,1,1,t01419-c00004,4,1419,8,0,8,True,False,cancelled_late,12.5171,0.0,0,1,8.494459092617035,54.081042064353824,0.018167076632380486,0.01554097980260849,54.11475012078881
pessimistic,50,load_aware,1,1,1,t01420-c00037,37,1420,4,0,4,True,False,satisfied,25.1777,4.9,7,1,4.6996669843792915,20.247333915904164,0.015333062037825584,0.011167023330926895,20.273834001272917
pessimistic,50,load_aware,1,1,1,t01425-c00004,4,1425,8,0,8,True,False,satisfied,7.9944,2.1,3,1,6.757750175893307,50.740583101287484,0.017167069017887115,0.015041790902614594,50.772791961207986
pessimistic,50,load_aware,1,1,1,t01425-c00022,22,1425,8,0,8,True,False,satisfied,23.2026,2.5,5,1,6.70995912514627,47.82666708342731,2.9759169556200504,0.008249888196587563,50.81083392724395
pessimistic,50,load_aware,1,1,1,t01426-c00019,19,1426,8,0,8,True,False,satisfied,25.2488,3.2,4,1,3.5418749321252108,26.89233305864036,0.01733400858938694,0.014832941815257072,26.924500009045005
pessimistic,50,load_aware,1,1,1,t01433-c00003,3,1433,8,0,8,True,False,no_show,22.0485,0.0,0,1,3.0731670558452606,23.820499889552593,0.014125136658549309,0.01229182817041874,23.84691685438156
pessimistic,50,load_aware,1,1,1,t01436-c00016,16,1436,40,3,0,False,False,in_progress,36.9473,0.0,0,0,,,,,
