scenario,nb_cars,method,seed,world_seed,grid_seed,demand_id,car_id,slot,nb_stations,search_retries,nb_offers,confirmed,abandoned,outcome,energy_requested_kwh,energy_delivered_kwh,slots_charged,confirm_attempts,first_offer_ms,last_offer_ms,selection_ms,confirmation_ms,total_ms
optimistic,150,nearest_available,3,3,3,t00000-c00000,0,0,6,0,6,True,False,satisfied,17.9665,18.4,23,1,338.92920799553394,9338.490708032623,0.021166866645216942,0.020249979570508003,9338.532124878839
optimistic,150,nearest_available,3,3,3,t00000-c00013,13,0,4,0,4,True,False,satisfied,24.9543,25.2,63,1,3684.0842079836875,8418.312249938026,920.2528330497444,0.009709037840366364,9338.57479202561
optimistic,150,nearest_available,3,3,3,t00000-c00018,18,0,8,0,8,True,False,satisfied,23.0008,23.1,33,1,784.4832080882043,9274.613292189315,63.95479082129896,0.009209150448441505,9338.577292161062
optimistic,150,nearest_available,3,3,3,t00000-c00027,27,0,3,0,3,True,False,satisfied,21.0637,21.7,31,1,3683.996042003855,8418.223917018622,920.3359999228269,0.005749985575675964,9338.565666927025
optimistic,150,nearest_available,3,3,3,t00000-c00033,33,0,13,0,13,True,False,satisfied,18.7993,19.2,32,1,80.25637501850724,8522.456416860223,816.0989170428365,0.008916016668081284,9338.564249919727
optimistic,150,nearest_available,3,3,3,t00000-c00038,38,0,4,0,4,True,False,satisfied,17.9197,18.0,36,1,142.8122918587178,6112.993499962613,3225.551249925047,0.00558304600417614,9338.550332933664
optimistic,150,nearest_available,3,3,3,t00000-c00041,41,0,6,0,6,True,False,satisfied,23.7292,24.0,30,1,1132.0706668775529,9274.45024996996,64.08316711895168,0.0059998128563165665,9338.539416901767
optimistic,150,nearest_available,3,3,3,t00000-c00078,78,0,4,0,4,True,False,satisfied,17.4699,16.8,21,1,247.91950010694563,8522.335750050843,816.1851251497865,0.004707835614681244,9338.525583036244
optimistic,150,nearest_available,3,3,3,t00000-c00097,97,0,8,0,8,True,False,cancelled_early,20.5892,0.0,0,1,80.09433303959668,9338.141874875873,0.36645797081291676,0.005166977643966675,9338.51349982433
optimistic,150,nearest_available,3,3,3,t00000-c00101,101,0,3,0,3,True,False,no_show,21.6002,0.0,0,1,1131.9494999479502,4220.939333084971,5117.571332957596,0.004875008016824722,9338.515541050583
optimistic,150,nearest_available,3,3,3,t00000-c00105,105,0,8,0,8,True,False,satisfied,20.659,21.0,35,1,784.159375121817,9274.290084140375,64.20933292247355,0.005332985892891884,9338.504750048742
optimistic,150,nearest_available,3,3,3,t00000-c00112,112,0,5,0,5,True,False,satisfied,19.1509,19.6,28,1,784.120709169656,5290.329334093258,4048.1562078930438,0.005332985892891884,9338.490874972194
optimistic,150,nearest_available,3,3,3,t00000-c00127,127,0,3,0,3,True,False,satisfied,19.7518,20.0,40,1,3683.6382090114057,8417.865500086918,920.6054168753326,0.00458303838968277,9338.47550000064
optimistic,150,nearest_available,3,3,3,t00001-c00075,75,1,5,0,5,True,False,satisfied,16.3064,16.5,33,1,57.766207959502935,332.89650012739,53.807457908988,0.01950003206729889,386.7234580684453
optimistic,150,nearest_available,3,3,3,t00001-c00097,97,1,2,0,2,True,False,no_show,17.2333,0.0,0,1,224.66112487018108,386.62691693753004,0.12025004252791405,0.007458031177520752,386.7546250112355
optimistic,150,nearest_available,3,3,3,t00002-c00126,126,2,5,0,5,True,False,cancelled_early,25.3832,0.0,0,1,141.73758309334517,771.5645409189165,0.03270898014307022,0.021458137780427933,771.61870803684
optimistic,150,nearest_available,3,3,3,t00003-c00126,126,3,18,0,18,True,False,satisfied,23.1536,23.2,58,1,121.5454579796642,2250.004000030458,0.04145805723965168,0.024124979972839355,2250.0695830676705
optimistic,150,nearest_available,3,3,3,t00004-c00015,15,4,3,0,3,True,False,satisfied,14.8992,15.0,25,1,42.963125044479966,119.79545908980072,0.01850002445280552,0.015040859580039978,119.82899997383356
optimistic,150,nearest_available,3,3,3,t00007-c00109,109,7,6,0,6,True,False,satisfied,20.8759,21.0,42,1,54.58754114806652,443.00466612912714,0.03366684541106224,0.02400018274784088,443.06233315728605
optimistic,150,nearest_available,3,3,3,t00009-c00124,124,9,16,0,16,True,False,satisfied,24.5147,24.8,31,1,54.52429107390344,900.5080000497401,0.043457839637994766,0.03291713073849678,900.5843750201166
optimistic,150,nearest_available,3,3,3,t00012-c00022,22,12,5,0,5,True,False,satisfied,21.2221,21.6,36,1,64.99587511643767,478.24450000189245,93.39308296330273,0.016834121197462082,571.6544170863926
optimistic,150,nearest_available,3,3,3,t00012-c00106,106,12,5,0,5,True,False,no_show,16.0781,0.0,0,1,111.09212506562471,571.5558330994099,0.12025004252791405,0.009124865755438805,571.6852080076933
optimistic,150,nearest_available,3,3,3,t00014-c00008,8,14,3,0,3,True,False,no_show,22.1245,0.0,0,1,39.924834156408906,175.4732090048492,0.018916092813014984,0.017833895981311798,175.50995899364352
optimistic,150,nearest_available,3,3,3,t00015-c00002,2,15,2,0,2,True,False,no_show,18.0403,0.0,0,1,159.33262510225177,329.75312508642673,0.021166866645216942,0.018875114619731903,329.7931670676917
optimistic,150,nearest_available,3,3,3,t00015-c00079,79,15,4,0,4,True,False,satisfied,19.5145,19.8,33,1,45.19441700540483,329.6960419975221,0.12995791621506214,0.008624978363513947,329.8346248921007
optimistic,150,nearest_available,3,3,3,t00019-c00032,32,19,2,0,2,True,False,no_show,15.8298,0.0,0,1,56.69762520119548,129.5052079949528,95.03362514078617,0.015374971553683281,224.55420810729265
optimistic,150,nearest_available,3,3,3,t00019-c00148,148,19,3,0,3,True,False,satisfied,17.9054,18.2,26,1,24.789792019873857,224.45966699160635,0.11491705663502216,0.0076659489423036575,224.58224999718368
optimistic,150,nearest_available,3,3,3,t00020-c00088,88,20,8,0,8,True,False,satisfied,28.1212,28.5,57,1,121.09808390960097,848.7459169700742,0.02695806324481964,0.017583835870027542,848.790458869189
optimistic,150,nearest_available,3,3,3,t00021-c00073,73,21,7,0,7,True,False,satisfied,21.953,22.0,44,1,378.9238331373781,1540.365583030507,0.02791709266602993,0.01850002445280552,1540.4120001476258
optimistic,150,nearest_available,3,3,3,t00021-c00146,146,21,17,0,17,True,False,satisfied,21.9712,22.2,37,1,65.18187490291893,1404.8661668784916,135.58812509290874,0.013167038559913635,1540.4674590099603
optimistic,150,nearest_available,3,3,3,t00022-c00096,96,22,4,0,4,True,False,satisfied,23.916,23.2,29,1,52.344416035339236,199.3762911297381,0.02729194238781929,0.019541941583156586,199.42312501370907
optimistic,150,nearest_available,3,3,3,t00023-c00039,39,23,3,0,3,True,False,satisfied,29.7517,30.0,60,1,637.1381250210106,2088.5940410662442,215.6058750115335,0.022042077034711838,2304.2219581548125
optimistic,150,nearest_available,3,3,3,t00023-c00045,45,23,4,0,4,True,False,satisfied,18.3228,18.6,31,1,201.0412090457976,2088.547292165458,215.70554189383984,0.008125090971589088,2304.2609591502696
optimistic,150,nearest_available,3,3,3,t00023-c00139,139,23,21,0,21,True,False,satisfied,13.0243,13.2,33,1,57.24274995736778,2304.0755831170827,0.1835830044001341,0.01270882785320282,2304.271874949336
optimistic,150,nearest_available,3,3,3,t00026-c00057,57,26,4,0,4,True,False,satisfied,24.4415,24.6,41,1,73.88587505556643,403.826542198658,178.31079196184874,0.023207860067486763,582.1605420205742
optimistic,150,nearest_available,3,3,3,t00026-c00098,98,26,2,0,2,True,False,satisfied,23.9447,24.0,60,1,293.8934999983758,582.0630411617458,0.12458395212888718,0.007207971066236496,582.1948330849409
optimistic,150,nearest_available,3,3,3,t00028-c00060,60,28,13,0,13,True,False,satisfied,22.9036,23.2,29,1,48.63554099574685,639.7575831506401,0.02987496554851532,0.01908303238451481,639.8065411485732
optimistic,150,nearest_available,3,3,3,t00035-c00097,97,35,18,0,18,True,False,satisfied,23.2599,23.8,34,1,60.162417124956846,1093.4577090665698,0.04091602750122547,0.022999942302703857,1093.5216250363737
optimistic,150,nearest_available,3,3,3,t00036-c00144,144,36,6,0,6,True,False,satisfied,14.2729,14.5,29,1,58.035084046423435,265.12379199266434,0.032708048820495605,0.01750001683831215,265.17400005832314
optimistic,150,nearest_available,3,3,3,t00037-c00043,43,37,6,0,6,True,False,satisfied,11.9815,12.6,18,1,223.5254580155015,900.5708331242204,0.022416934370994568,0.015832949429750443,900.6090830080211
optimistic,150,nearest_available,3,3,3,t00037-c00149,149,37,13,0,13,True,False,cancelled_early,24.4242,0.0,0,1,54.91674994118512,866.7857088148594,33.84500020183623,0.011665979400277138,900.6423749960959
optimistic,150,nearest_available,3,3,3,t00038-c00149,149,38,13,0,13,True,False,satisfied,26.8318,27.0519,34,1,60.142916860058904,802.9722077772021,0.0414170790463686,0.02337503246963024,803.0369998887181
optimistic,150,nearest_available,3,3,3,t00039-c00031,31,39,12,0,12,True,False,satisfied,22.0802,22.4,56,1,116.68541701510549,1485.7195001095533,0.030250055715441704,0.0227498821914196,1485.7725000474602
optimistic,150,nearest_available,3,3,3,t00040-c00104,104,40,3,0,3,True,False,satisfied,14.3046,14.4,18,1,219.20683304779232,494.1337499767542,0.02700020559132099,0.018416903913021088,494.17916708625853
optimistic,150,nearest_available,3,3,3,t00040-c00133,133,40,2,0,2,True,False,satisfied,32.358,32.4,81,1,187.64037499204278,430.1866670139134,64.02720790356398,0.00895909033715725,494.2228340078145
optimistic,150,nearest_available,3,3,3,t00041-c00002,2,41,2,0,2,True,False,satisfied,22.2329,11.2,14,1,23.856458021327853,73.75474995933473,0.018458114936947823,0.016624806448817253,73.7898328807205
optimistic,150,nearest_available,3,3,3,t00044-c00054,54,44,7,0,7,True,False,satisfied,19.257,20.0,25,1,158.85999985039234,705.7620829436928,0.02791709266602993,0.02174987457692623,705.8117499109358
optimistic,150,nearest_available,3,3,3,t00044-c00061,61,44,6,0,6,True,False,cancelled_early,27.6615,0.0,0,1,63.33712488412857,627.1069580689073,78.74770788475871,0.009292038157582283,705.8639579918236
optimistic,150,nearest_available,3,3,3,t00044-c00092,92,44,2,0,2,True,False,satisfied,18.0855,18.2,26,1,353.55020803399384,587.5460410024971,118.32433403469622,0.0065409112721681595,705.8769159484655
optimistic,150,nearest_available,3,3,3,t00045-c00061,61,45,3,0,3,True,False,satisfied,23.7427,23.2,29,1,51.34466686286032,124.3752499576658,0.024250010028481483,0.02187490463256836,124.42137487232685
optimistic,150,nearest_available,3,3,3,t00046-c00072,72,46,2,0,2,True,False,satisfied,19.6427,15.2,38,1,42.97549999319017,201.78549992851913,87.4747911002487,0.017833895981311798,289.27812492474914
optimistic,150,nearest_available,3,3,3,t00046-c00115,115,46,3,0,3,True,False,satisfied,16.1629,16.5,33,1,102.83420793712139,289.1831661108881,0.12312480248510838,0.007542083039879799,289.3138329964131
optimistic,150,nearest_available,3,3,3,t00047-c00037,37,47,5,0,5,True,False,satisfied,31.3318,31.2,52,1,110.76154094189405,486.7643329780549,0.020666979253292084,0.016750069335103035,486.8017500266433
optimistic,150,nearest_available,3,3,3,t00050-c00008,8,50,5,0,5,True,False,satisfied,29.3758,29.4,42,1,115.15945801511407,474.24950008280575,0.017249956727027893,0.01887488178908825,474.28562492132187
optimistic,150,nearest_available,3,3,3,t00050-c00113,113,50,3,0,3,True,False,cancelled_early,23.4518,0.0,0,1,36.50679183192551,434.2723749577999,40.04058404825628,0.007457798346877098,474.32041680440307
optimistic,150,nearest_available,3,3,3,t00051-c00106,106,51,4,0,4,True,False,satisfied,20.9919,21.0,35,1,167.32700006105006,458.0979170277715,32.718040980398655,0.01654215157032013,490.83250015974045
optimistic,150,nearest_available,3,3,3,t00051-c00113,113,51,7,0,7,True,False,satisfied,19.7427,20.0,25,1,44.723084196448326,490.74212508276105,0.1250840723514557,0.00995793379843235,490.87716708891094
optimistic,150,nearest_available,3,3,3,t00052-c00056,56,52,6,0,6,True,False,satisfied,24.1718,24.6032,31,1,52.305332850664854,283.53312495164573,0.024208100512623787,0.018458813428878784,283.57579186558723
optimistic,150,nearest_available,3,3,3,t00053-c00085,85,53,3,0,3,True,False,satisfied,25.5702,25.5,51,1,111.4727919921279,307.9755420330912,0.02737506292760372,0.017208047211170197,308.02012514322996
optimistic,150,nearest_available,3,3,3,t00053-c00111,111,53,2,0,2,True,False,satisfied,16.9529,12.8,16,1,22.916417103260756,151.72008308582008,156.32604202255607,0.00758306123316288,308.0537081696093
optimistic,150,nearest_available,3,3,3,t00054-c00067,67,54,7,0,7,True,False,satisfied,25.6181,25.8,43,1,78.15879094414413,509.2312078922987,0.024625100195407867,0.016499776393175125,509.2723327688873
optimistic,150,nearest_available,3,3,3,t00057-c00017,17,57,3,0,3,True,False,satisfied,15.6739,16.0,20,1,26.574332965537906,1010.4859999846667,100.65695806406438,0.019333092495799065,1111.162291141227
optimistic,150,nearest_available,3,3,3,t00057-c00020,20,57,7,0,7,True,False,satisfied,23.1623,23.2,29,1,145.99287486635149,984.8185419104993,126.37545797042549,0.00900006853044033,1111.2029999494553
optimistic,150,nearest_available,3,3,3,t00057-c00108,108,57,9,0,9,True,False,satisfied,16.8822,17.0,34,1,84.7919168882072,1111.0292919911444,0.16662501730024815,0.00795791856944561,1111.203874927014
optimistic,150,nearest_available,3,3,3,t00058-c00036,36,58,7,0,7,True,False,satisfied,10.6418,11.0,22,1,76.61608303897083,814.1617500223219,0.022165942937135696,0.01741712912917137,814.2013330943882
optimistic,150,nearest_available,3,3,3,t00058-c00100,100,58,7,0,7,True,False,satisfied,20.2087,20.5,41,1,150.5775419063866,798.049374949187,16.18379191495478,0.00900006853044033,814.2421669326723
optimistic,150,nearest_available,3,3,3,t00058-c00129,129,58,3,0,3,True,False,satisfied,17.7402,18.0,30,1,38.2730420678854,746.3266251143068,67.90412496775389,0.005499925464391708,814.2362500075251
optimistic,150,nearest_available,3,3,3,t00059-c00095,95,59,6,0,6,True,False,satisfied,18.6057,18.8,47,1,38.51520805619657,431.4402909949422,0.029499875381588936,0.022167107090353966,431.49195797741413
optimistic,150,nearest_available,3,3,3,t00060-c00101,101,60,3,0,3,True,False,satisfied,27.6031,28.0,70,1,156.6620001103729,406.9097500760108,0.02787495031952858,0.018416903913021088,406.9560419302434
optimistic,150,nearest_available,3,3,3,t00061-c00051,51,61,5,0,5,True,False,satisfied,18.3626,6.3,9,1,48.563124844804406,190.33270794898272,0.02287491224706173,0.01695798709988594,190.37254084832966
optimistic,150,nearest_available,3,3,3,t00064-c00046,46,64,3,0,3,True,False,satisfied,26.3585,21.6,36,1,74.31729207746685,162.58762497454882,0.022333115339279175,0.016958918422460556,162.62691700831056
optimistic,150,nearest_available,3,3,3,t00066-c00025,25,66,5,0,5,True,False,no_show,20.0373,0.0,0,1,151.17833320982754,870.5629170872271,0.02408307045698166,0.018832972273230553,870.6058331299573
optimistic,150,nearest_available,3,3,3,t00066-c00093,93,66,5,0,5,True,False,satisfied,19.5125,8.4,12,1,151.12533303909004,870.5100829247385,0.13195816427469254,0.00837491825222969,870.6504160072654
optimistic,150,nearest_available,3,3,3,t00066-c00123,123,66,7,0,7,True,False,satisfied,16.6385,16.8,24,1,185.85245800204575,838.7080831453204,31.940416898578405,0.007875030860304832,870.6563750747591
optimistic,150,nearest_available,3,3,3,t00067-c00141,141,67,6,0,6,True,False,cancelled_early,24.9706,0.0,0,1,184.81583311222494,779.9224159680307,0.03487500362098217,0.01750001683831215,779.97479098849
optimistic,150,nearest_available,3,3,3,t00068-c00141,141,68,3,0,3,True,False,satisfied,22.8994,23.2,58,1,148.54550012387335,406.52158320881426,0.03316695801913738,0.025165965780615807,406.579916132614
optimistic,150,nearest_available,3,3,3,t00069-c00032,32,69,4,0,4,True,False,satisfied,19.262,19.6,49,1,77.51183398067951,289.5628339610994,0.02354104071855545,0.022209016606211662,289.60858401842415
optimistic,150,nearest_available,3,3,3,t00071-c00012,12,71,2,0,2,True,False,satisfied,24.5607,25.0,50,1,160.71337508037686,288.05741597898304,0.01850002445280552,0.021124957129359245,288.0970409605652
optimistic,150,nearest_available,3,3,3,t00072-c00030,30,72,8,0,8,True,False,satisfied,30.2497,30.4,38,1,153.3247500192374,966.5415410418063,31.330041820183396,0.01900014467537403,997.8905830066651
optimistic,150,nearest_available,3,3,3,t00072-c00090,90,72,2,0,2,True,False,satisfied,23.1512,23.8,34,1,328.6291668191552,848.2349999248981,149.67683306895196,0.009416835382580757,997.9212498292327
optimistic,150,nearest_available,3,3,3,t00072-c00094,94,72,5,0,5,True,False,satisfied,19.8038,14.8,37,1,97.3532919306308,997.7479579392821,0.16379216685891151,0.007292022928595543,997.9190421290696
optimistic,150,nearest_available,3,3,3,t00073-c00142,142,73,2,0,2,True,False,satisfied,19.3416,19.6,28,1,38.36962510831654,98.80254091694951,0.029542017728090286,0.01900014467537403,98.85108307935297
optimistic,150,nearest_available,3,3,3,t00074-c00053,53,74,2,0,2,True,False,satisfied,22.8361,23.2,58,1,336.8632919155061,864.8322499357164,351.26795805990696,0.017666956409811974,1216.1178749520332
optimistic,150,nearest_available,3,3,3,t00074-c00064,64,74,3,0,3,True,False,satisfied,22.3459,22.4,28,1,336.81637491099536,864.7852907888591,351.3682500924915,0.008624978363513947,1216.1621658597142
optimistic,150,nearest_available,3,3,3,t00074-c00132,132,74,6,0,6,True,False,no_show,21.6049,0.0,0,1,336.7685000412166,1199.654791969806,16.49954100139439,0.007417052984237671,1216.1617500241846
optimistic,150,nearest_available,3,3,3,t00074-c00147,147,74,5,0,5,True,False,satisfied,19.4661,7.8,13,1,55.61187514103949,1215.941334143281,0.20895805209875107,0.006624963134527206,1216.1569171585143
optimistic,150,nearest_available,3,3,3,t00078-c00007,7,78,2,0,2,True,False,satisfied,20.532,13.5,27,1,21.944541949778795,151.4950420241803,84.9467080552131,0.016624806448817253,236.4583748858422
optimistic,150,nearest_available,3,3,3,t00078-c00143,143,78,3,0,3,True,False,satisfied,24.9583,25.2,36,1,85.9632499050349,236.36383283883333,0.1229580957442522,0.007916940376162529,236.49470787495375
optimistic,150,nearest_available,3,3,3,t00083-c00074,74,83,3,0,3,True,False,satisfied,18.6625,13.3,19,1,35.04816605709493,180.5700829718262,0.024707987904548645,0.016625039279460907,180.6114159990102
optimistic,150,nearest_available,3,3,3,t00083-c00107,107,83,2,0,2,True,False,satisfied,24.3712,15.2,19,1,34.99966696836054,146.42141689546406,34.22066615894437,0.0068747904151678085,180.6489578448236
optimistic,150,nearest_available,3,3,3,t00085-c00081,81,85,13,0,13,True,False,satisfied,18.0983,18.5,37,1,46.136791817843914,845.2949170023203,0.03395788371562958,0.022333115339279175,845.3512080013752
optimistic,150,nearest_available,3,3,3,t00085-c00103,103,85,2,0,2,True,False,cancelled_early,26.2534,0.0,0,1,238.75866597518325,316.236041020602,529.1561670601368,0.011541880667209625,845.403749961406
optimistic,150,nearest_available,3,3,3,t00086-c00029,29,86,3,0,3,True,False,satisfied,18.4113,9.0,18,1,129.67837508767843,339.87733302637935,233.99704205803573,0.01595797948539257,573.8903330639005
optimistic,150,nearest_available,3,3,3,t00086-c00086,86,86,4,0,4,True,False,satisfied,19.471,19.5,39,1,110.48437491990626,522.0144998747855,51.91083298996091,0.009499955922365189,573.9348328206688
optimistic,150,nearest_available,3,3,3,t00086-c00103,103,86,5,0,5,True,False,cancelled_early,22.5364,0.0,0,1,49.39379193820059,573.7544170115143,0.17008301801979542,0.0072089023888111115,573.9317089319229
optimistic,150,nearest_available,3,3,3,t00087-c00084,84,87,7,0,7,True,False,satisfied,18.7167,18.8,47,1,90.23866709321737,1132.357541937381,17.673292197287083,0.019624829292297363,1150.0504589639604
optimistic,150,nearest_available,3,3,3,t00087-c00103,103,87,5,0,5,True,False,satisfied,24.2886,16.0,20,1,141.34595915675163,1149.952334119007,0.13375002890825272,0.008707866072654724,1150.094792013988
optimistic,150,nearest_available,3,3,3,t00088-c00122,122,88,2,0,2,True,False,satisfied,18.6286,3.0,6,1,18.48145783878863,76.54945785179734,0.03191712312400341,0.016249949112534523,76.59762492403388
optimistic,150,nearest_available,3,3,3,t00089-c00068,68,89,5,0,5,True,False,satisfied,20.3731,20.4,51,1,90.70333396084607,447.501374874264,0.023834174498915672,0.018165912479162216,447.5433749612421
optimistic,150,nearest_available,3,3,3,t00092-c00042,42,92,2,0,2,True,False,satisfied,20.2933,18.0,45,1,170.06862512789667,484.2854591552168,0.02187490463256836,0.02287491224706173,484.33020897209644
optimistic,150,nearest_available,3,3,3,t00092-c00069,69,92,2,0,2,True,False,cancelled_early,23.5276,0.0,0,1,170.01795792020857,484.23487483523786,0.13158307410776615,0.009292038157582283,484.3757499475032
optimistic,150,nearest_available,3,3,3,t00093-c00069,69,93,2,0,2,True,False,satisfied,21.7473,16.8,42,1,59.26241702400148,212.32183300890028,0.022666994482278824,0.01808302477002144,212.36258302815259
optimistic,150,nearest_available,3,3,3,t00094-c00062,62,94,4,0,4,True,False,satisfied,20.6991,20.8,26,1,55.562624940648675,294.1481249872595,0.026999972760677338,0.016417121514678,294.19154208153486
optimistic,150,nearest_available,3,3,3,t00094-c00089,89,94,3,0,3,True,False,cancelled_early,13.8391,0.0,0,1,55.512916995212436,294.09879189915955,0.12066611088812351,0.0069588422775268555,294.2264168523252
optimistic,150,nearest_available,3,3,3,t00095-c00089,89,95,5,0,5,True,False,no_show,25.6618,0.0,0,1,59.18233306147158,533.2475421018898,0.02554105594754219,0.01629185862839222,533.2893750164658
optimistic,150,nearest_available,3,3,3,t00095-c00140,140,95,7,0,6,True,False,satisfied,20.1317,20.3,29,1,139.10966692492366,512.516374932602,20.792959025129676,0.00916607677936554,533.3185000345111
optimistic,150,nearest_available,3,3,3,t00097-c00034,34,97,3,0,3,True,False,cancelled_early,21.4551,0.0,0,1,21.48212492465973,141.33162493817508,0.023958971723914146,0.017416197806596756,141.3730001077056
optimistic,150,nearest_available,3,3,3,t00098-c00034,34,98,5,0,5,True,False,satisfied,18.0822,9.8,14,1,43.84950012899935,177.32712510041893,0.01987488940358162,0.016666948795318604,177.36366693861783
optimistic,150,nearest_available,3,3,3,t00099-c00003,3,99,17,0,17,True,False,satisfied,29.0771,28.8,72,1,176.23366601765156,3537.5910829752684,0.028708018362522125,0.020709121599793434,3537.6405001152307
optimistic,150,nearest_available,3,3,3,t00099-c00099,99,99,4,0,4,True,False,cancelled_early,23.113,0.0,0,1,411.2682498525828,2713.868541875854,823.7959581892937,0.007999828085303307,3537.672499893233
optimistic,150,nearest_available,3,3,3,t00100-c00099,99,100,6,0,6,True,False,satisfied,23.9398,24.0,60,1,127.42458400316536,998.1642088387161,0.028333161026239395,0.021792016923427582,998.2143340166658
optimistic,150,nearest_available,3,3,3,t00100-c00117,117,100,5,0,5,True,False,satisfied,17.5377,5.4,9,1,325.26775007136166,706.0775000136346,292.16070799157023,0.008250121027231216,998.246458126232
optimistic,150,nearest_available,3,3,3,t00101-c00071,71,101,5,0,5,True,False,satisfied,15.0474,1.6,2,1,34.07275001518428,141.50533289648592,0.022292137145996094,0.01529185101389885,141.54291688464582
optimistic,150,nearest_available,3,3,3,t00102-c00005,5,102,3,0,3,True,False,cancelled_late,15.3702,0.0,0,1,44.89791695959866,180.50020886585116,0.0160830095410347,0.014792196452617645,180.53108407184482
optimistic,150,nearest_available,3,3,3,t00106-c00134,134,106,5,0,5,True,False,satisfied,25.0026,25.2,42,1,48.4175409656018,281.896207947284,0.029833056032657623,0.01629185862839222,281.94233286194503
optimistic,150,nearest_available,3,3,3,t00107-c00135,135,107,7,0,7,True,False,satisfied,21.728,22.2,37,1,66.0640001296997,409.2926250305027,0.0302919652312994,0.01595797948539257,409.33887497521937
optimistic,150,nearest_available,3,3,3,t00108-c00050,50,108,4,0,4,True,False,cancelled_early,17.0906,0.0,0,1,37.45820908807218,144.31699994020164,0.024750130251049995,0.01950003206729889,144.36125010252
optimistic,150,nearest_available,3,3,3,t00109-c00004,4,109,2,0,2,True,False,satisfied,24.7384,25.2,42,1,409.5287499949336,936.3884171471,50.292582949623466,0.015500001609325409,986.6965000983328
optimistic,150,nearest_available,3,3,3,t00109-c00005,5,109,7,0,7,True,False,satisfied,15.9477,16.0,40,1,103.59304095618427,986.615875037387,0.10754098184406757,0.00937492586672306,986.7327909450978
optimistic,150,nearest_available,3,3,3,t00109-c00021,21,109,2,0,2,True,False,satisfied,28.4181,26.0,52,1,409.4378750305623,936.2974578980356,50.42054201476276,0.005125068128108978,986.7231249809265
optimistic,150,nearest_available,3,3,3,t00109-c00050,50,109,4,0,4,True,False,satisfied,20.3376,20.8,26,1,44.6152500808239,593.8632080797106,392.8420420270413,0.006458023563027382,986.711708130315
optimistic,150,nearest_available,3,3,3,t00111-c00121,121,111,2,0,2,True,False,satisfied,11.8774,7.0,10,1,22.037958027794957,53.4876671154052,0.03333296626806259,0.017582904547452927,53.53858298622072
optimistic,150,nearest_available,3,3,3,t00112-c00137,137,112,2,0,2,True,False,satisfied,18.661,15.0,25,1,23.621000116690993,91.72062505967915,0.02887495793402195,0.014666002243757248,91.76416601985693
optimistic,150,nearest_available,3,3,3,t00114-c00025,25,114,3,0,3,True,False,satisfied,17.9873,18.0,30,1,662.3230830300599,1588.4812499862164,35.53716605529189,0.01491699367761612,1624.033333035186
optimistic,150,nearest_available,3,3,3,t00114-c00077,77,114,7,0,7,True,False,satisfied,21.2566,21.5,43,1,662.2729159425944,1623.9493330940604,0.11129188351333141,0.009082956239581108,1624.0697079338133
optimistic,150,nearest_available,3,3,3,t00114-c00138,138,114,3,0,3,True,False,satisfied,23.633,24.0,30,1,662.2275419067591,1588.3855829015374,35.67250003106892,0.005458947271108627,1624.0635418798774
optimistic,150,nearest_available,3,3,3,t00115-c00047,47,115,6,0,6,True,False,no_show,13.1872,0.0,0,1,30.766916926950216,386.0505421180278,0.024374807253479958,0.01650000922381878,386.0914169345051
optimistic,150,nearest_available,3,3,3,t00115-c00058,58,115,3,0,3,True,False,satisfied,20.0412,15.0,25,1,157.6150411274284,386.00287516601384,0.11037499643862247,0.0077909789979457855,386.1210411414504
optimistic,150,nearest_available,3,3,3,t00118-c00049,49,118,6,0,6,True,False,no_show,21.0672,0.0,0,1,34.55920796841383,280.3624579682946,0.024167122319340706,0.01945788972079754,280.40608298033476
optimistic,150,nearest_available,3,3,3,t00120-c00010,10,120,2,0,2,True,False,satisfied,21.2391,21.6,27,1,37.52533299848437,75.67962491884828,0.01937500201165676,0.017750076949596405,75.71674999780953
optimistic,150,nearest_available,3,3,3,t00121-c00118,118,121,3,0,3,True,False,cancelled_late,13.4466,0.0,0,1,39.09720783121884,107.94516582973301,0.02945913001894951,0.015999889001250267,107.99062484875321
optimistic,150,nearest_available,3,3,3,t00122-c00118,118,122,2,0,2,True,False,satisfied,10.2851,1.0,2,1,19.94466711767018,65.6540421769023,0.02733292058110237,0.015999889001250267,65.69737498648465
optimistic,150,nearest_available,3,3,3,t00123-c00063,63,123,4,0,4,True,False,satisfied,15.6297,15.6,26,1,32.370083034038544,123.78720799461007,0.021707965061068535,0.016167061403393745,123.82508302107453
optimistic,150,nearest_available,3,3,3,t00124-c00131,131,124,2,0,2,True,False,satisfied,23.155,5.6,7,1,23.106375010684133,77.50566699542105,0.027791131287813187,0.01391698606312275,77.54737511277199
optimistic,150,nearest_available,3,3,3,t00126-c00102,102,126,3,0,3,True,False,satisfied,18.6354,19.2,32,1,39.46629189886153,118.64024982787669,0.0239592045545578,0.01554097980260849,118.67975001223385
optimistic,150,nearest_available,3,3,3,t00127-c00145,145,127,3,0,3,True,False,satisfied,26.6842,18.4,23,1,33.83316705003381,132.822334067896,0.02891593612730503,0.015500001609325409,132.86675000563264
optimistic,150,nearest_available,3,3,3,t00128-c00125,125,128,6,0,6,True,False,no_show,21.4405,0.0,0,1,55.16279209405184,314.1978750936687,0.0314170029014349,0.018165912479162216,314.2474580090493
optimistic,150,nearest_available,3,3,3,t00131-c00026,26,131,6,0,6,True,False,no_show,27.6928,0.0,0,1,228.4386670216918,902.2998749278486,0.02091703936457634,0.016249949112534523,902.3370419163257
optimistic,150,nearest_available,3,3,3,t00132-c00016,16,132,3,0,3,True,False,satisfied,20.027,14.0,35,1,70.23770804516971,1193.536499980837,107.28420806117356,0.020124949514865875,1300.8408329915255
optimistic,150,nearest_available,3,3,3,t00132-c00019,19,132,2,0,2,True,False,satisfied,21.2361,7.2,9,1,252.08854186348617,1156.0874579008669,144.78129195049405,0.00758306123316288,1300.876332912594
optimistic,150,nearest_available,3,3,3,t00132-c00132,132,132,5,0,5,True,False,satisfied,27.2486,27.6,69,1,229.2234159540385,1300.6997909396887,0.16187503933906555,0.006709014996886253,1300.8683749940246
optimistic,150,nearest_available,3,3,3,t00133-c00044,44,133,5,0,5,True,False,no_show,25.1115,0.0,0,1,145.5742078833282,792.2976249828935,0.021290965378284454,0.016625039279460907,792.3355409875512
optimistic,150,nearest_available,3,3,3,t00133-c00052,52,133,5,0,5,True,False,cancelled_late,20.3872,0.0,0,1,45.04083306528628,412.69150003790855,379.6664581168443,0.00870879739522934,792.3666669521481
optimistic,150,nearest_available,3,3,3,t00133-c00087,87,133,4,0,4,True,False,satisfied,19.9239,20.0,25,1,189.4072499126196,689.9399999529123,102.4301249999553,0.0066659413278102875,792.3767908941954
optimistic,150,nearest_available,3,3,3,t00134-c00066,66,134,3,0,3,True,False,satisfied,26.7698,27.0,45,1,314.11008303985,735.1110829040408,122.35341710038483,0.01674983650445938,857.4812498409301
optimistic,150,nearest_available,3,3,3,t00134-c00089,89,134,2,0,2,True,False,satisfied,27.9741,28.0,35,1,233.81104203872383,600.17174994573,257.3400840628892,0.0076659489423036575,857.5194999575615
optimistic,150,nearest_available,3,3,3,t00134-c00114,114,134,3,0,3,True,False,satisfied,21.7614,13.5,27,1,58.55912482365966,857.3430418036878,0.16191601753234863,0.005542067810893059,857.510499889031
optimistic,150,nearest_available,3,3,3,t00134-c00128,128,134,3,0,3,True,False,satisfied,22.3203,22.8,38,1,233.72495779767632,600.08554183878,257.40816607140005,0.005125068128108978,857.4988329783082
optimistic,150,nearest_available,3,3,3,t00135-c00048,48,135,4,0,4,True,False,cancelled_early,21.8382,0.0,0,1,47.01520805247128,159.63816712610424,0.023999949917197227,0.015374971553683281,159.67754204757512
optimistic,150,nearest_available,3,3,3,t00136-c00048,48,136,10,0,10,True,False,satisfied,21.6463,22.4,28,1,273.3734168577939,1314.730874961242,87.68558385781944,0.018041115254163742,1402.4344999343157
optimistic,150,nearest_available,3,3,3,t00136-c00130,130,136,7,0,7,True,False,satisfied,23.6712,24.0,60,1,273.31691700965166,1402.3312078788877,0.12908410280942917,0.008790986612439156,1402.4690829683095
optimistic,150,nearest_available,3,3,3,t00137-c00052,52,137,11,0,11,True,False,satisfied,23.1065,23.2,29,1,48.311041900888085,520.7034999039024,0.028833048418164253,0.01879199407994747,520.7511249464005
optimistic,150,nearest_available,3,3,3,t00138-c00065,65,138,7,0,7,True,False,satisfied,20.0977,20.4,51,1,68.63324996083975,605.773292016238,0.028041889891028404,0.017041107639670372,605.8183750137687
optimistic,150,nearest_available,3,3,3,t00140-c00071,71,140,3,0,3,True,False,satisfied,28.6258,28.8,36,1,64.76525007747114,173.35712513886392,0.027667032554745674,0.01833285205066204,173.40312502346933
optimistic,150,nearest_available,3,3,3,t00141-c00091,91,141,9,0,9,True,False,satisfied,16.1331,16.2,27,1,34.4757498241961,557.0189589634538,0.02904096618294716,0.017083948478102684,557.0650838781148
optimistic,150,nearest_available,3,3,3,t00141-c00120,120,141,4,0,4,True,False,satisfied,21.9473,22.1011,28,1,81.15487499162555,475.96066701225936,81.12962497398257,0.007875030860304832,557.0981670171022
optimistic,150,nearest_available,3,3,3,t00143-c00028,28,143,3,0,3,True,False,satisfied,28.7814,28.4,71,1,103.63979218527675,407.4637920130044,0.02008303999900818,0.016124919056892395,407.4999999720603
optimistic,150,nearest_available,3,3,3,t00144-c00006,6,144,2,0,2,True,False,cancelled_late,25.2554,0.0,0,1,47.61512507684529,113.20074996910989,0.018750084564089775,0.01433282159268856,113.23383287526667
optimistic,150,nearest_available,3,3,3,t00145-c00055,55,145,3,0,3,True,False,satisfied,20.7862,21.0,30,1,27.20775012858212,141.14745799452066,0.022792024537920952,0.01500011421740055,141.18525013327599
optimistic,150,nearest_available,3,3,3,t00146-c00051,51,146,2,0,2,True,False,satisfied,20.5349,17.5,25,1,103.15129114314914,477.94533311389387,23.165666963905096,0.014874851331114769,501.1258749291301
optimistic,150,nearest_available,3,3,3,t00146-c00116,116,146,7,0,7,True,False,satisfied,21.1294,21.6,36,1,62.63004196807742,501.0382498148829,0.11550006456673145,0.009458977729082108,501.1632088571787
optimistic,150,nearest_available,3,3,3,t00149-c00011,11,149,3,0,3,True,False,no_show,25.8527,0.0,0,1,31.08833311125636,189.84987493604422,0.019208062440156937,0.015124911442399025,189.88420790992677
optimistic,150,nearest_available,3,3,3,t00149-c00122,122,149,2,0,2,True,False,satisfied,9.5948,2.5,5,1,31.033667037263513,189.79529198259115,0.10962504893541336,0.006416812539100647,189.91133384406567
optimistic,150,nearest_available,3,3,3,t00150-c00006,6,150,5,0,5,True,False,cancelled_late,23.8537,0.0,0,1,30.68783413618803,260.76383399777114,0.018832972273230553,0.01570815220475197,260.7983751222491
optimistic,150,nearest_available,3,3,3,t00151-c00047,47,151,2,0,2,True,False,cancelled_late,13.1439,0.0,0,1,94.66374991461635,397.8902499657124,23.11950013972819,0.017666956409811974,421.02741706185043
optimistic,150,nearest_available,3,3,3,t00151-c00136,136,151,6,0,6,True,False,cancelled_late,24.5776,0.0,0,1,62.348500126972795,420.93275021761656,0.15224982053041458,0.010125106200575829,421.09512514434755
optimistic,150,nearest_available,3,3,3,t00154-c00136,136,154,5,0,5,True,False,satisfied,31.1457,31.5,45,1,84.24262492917478,329.91266692988575,0.03158301115036011,0.018709106370806694,329.9629590474069
optimistic,150,nearest_available,3,3,3,t00156-c00006,6,156,2,0,2,True,False,satisfied,22.6265,23.1,33,1,32.88449998944998,242.20495903864503,177.15404089540243,0.0189170241355896,419.37791695818305
optimistic,150,nearest_available,3,3,3,t00156-c00047,47,156,3,0,3,True,False,cancelled_early,18.5621,0.0,0,1,186.28629110753536,419.2863751668483,0.1310408115386963,0.009667128324508667,419.4270831067115
optimistic,150,nearest_available,3,3,3,t00156-c00049,49,156,3,0,3,True,False,no_show,21.4818,0.0,0,1,186.24491593800485,419.24495808780193,0.18958281725645065,0.00900006853044033,419.4435409735888
optimistic,150,nearest_available,3,3,3,t00157-c00024,24,157,3,0,3,True,False,satisfied,24.2613,24.8,31,1,35.69504106417298,237.53445805050433,0.01895800232887268,0.014667166396975517,237.56808321923018
optimistic,150,nearest_available,3,3,3,t00157-c00047,47,157,3,0,3,True,False,satisfied,11.8296,12.0,24,1,76.12125016748905,148.81870802491903,88.78000010736287,0.008124858140945435,237.60683299042284
optimistic,150,nearest_available,3,3,3,t00158-c00118,118,158,10,0,10,True,False,cancelled_early,15.3478,0.0,0,1,36.273624980822206,1085.4614169802517,0.03579095937311649,0.025667017325758934,1085.5228749569505
optimistic,150,nearest_available,3,3,3,t00158-c00119,119,158,5,0,5,True,False,no_show,23.7724,0.0,0,1,276.6313338652253,1085.4145840276033,0.17145788297057152,0.009125098586082458,1085.59516700916
optimistic,150,nearest_available,3,3,3,t00159-c00118,118,159,3,0,3,True,False,satisfied,12.194,12.5,25,1,40.863499976694584,106.46824981085956,0.027875183150172234,0.01587485894560814,106.51199985295534
optimistic,150,nearest_available,3,3,3,t00162-c00070,70,162,6,0,6,True,False,satisfied,22.1652,22.4,56,1,182.77420895174146,861.8398339021951,0.029790913686156273,0.019292114302515984,861.8889169301838
optimistic,150,nearest_available,3,3,3,t00162-c00076,76,162,5,0,5,True,False,satisfied,21.7925,22.4,32,1,38.13666617497802,748.4499581623822,113.47774998284876,0.00900006853044033,861.9367082137614
optimistic,150,nearest_available,3,3,3,t00163-c00023,23,163,8,0,8,True,False,satisfied,32.4064,32.9,47,1,119.05595799908042,740.0514159817249,0.026084017008543015,0.01987488940358162,740.097374888137
optimistic,150,nearest_available,3,3,3,t00163-c00038,38,163,2,0,2,True,False,satisfied,15.6655,13.0,26,1,148.66483304649591,393.75316607765853,346.3751249946654,0.008416827768087387,740.136707900092
optimistic,150,nearest_available,3,3,3,t00165-c00009,9,165,3,0,3,True,False,satisfied,22.8876,23.2,29,1,277.19383290968835,626.4975829981267,150.20316699519753,0.016832957044243813,776.7175829503685
optimistic,150,nearest_available,3,3,3,t00165-c00040,40,165,11,0,11,True,False,satisfied,22.3666,22.4,32,1,41.23541689477861,776.6303329262882,0.12904196046292782,0.011542113497853279,776.770917000249
optimistic,150,nearest_available,3,3,3,t00167-c00110,110,167,3,0,3,True,False,satisfied,21.2126,19.2,24,1,32.19641698524356,109.22408406622708,0.027125002816319466,0.01674983650445938,109.26795890554786
optimistic,150,nearest_available,3,3,3,t00170-c00002,2,170,7,0,7,True,False,satisfied,20.6256,20.0,25,1,29.785332968458533,283.09695795178413,0.02050003968179226,0.01850002445280552,283.13595801591873
optimistic,150,nearest_available,3,3,3,t00171-c00078,78,171,3,0,3,True,False,cancelled_late,15.6371,0.0,0,1,29.73512513563037,80.18283313140273,0.026041874662041664,0.016333069652318954,80.22520807571709
optimistic,150,nearest_available,3,3,3,t00172-c00078,78,172,2,0,2,True,False,satisfied,21.4513,20.0,25,1,27.974083088338375,135.8237920794636,68.98041605018079,0.014874851331114769,204.8190829809755
optimistic,150,nearest_available,3,3,3,t00172-c00125,125,172,3,0,3,True,False,satisfied,21.9881,22.4,32,1,98.6312918830663,204.73216683603823,0.11804117821156979,0.008167000487446785,204.85837501473725
optimistic,150,nearest_available,3,3,3,t00177-c00015,15,177,17,0,17,True,False,cancelled_late,19.5454,0.0,0,1,56.50095804594457,953.7408328615129,0.03433413803577423,0.033665914088487625,953.8088329136372
optimistic,150,nearest_available,3,3,3,t00179-c00015,15,179,8,0,8,True,False,cancelled_early,16.0961,0.0,0,1,40.27241701260209,328.3558750990778,0.023250002413988113,0.019666971638798714,328.3987920731306
optimistic,150,nearest_available,3,3,3,t00180-c00015,15,180,8,0,8,True,False,no_show,20.9017,0.0,0,1,51.1481671128422,452.5886671617627,0.024582957848906517,0.021541956812143326,452.63479207642376
optimistic,150,nearest_available,3,3,3,t00181-c00075,75,181,2,0,2,True,False,satisfied,20.2684,20.5,41,1,377.8427499346435,577.7850421145558,55.45812495984137,0.017541926354169846,633.2607090007514
optimistic,150,nearest_available,3,3,3,t00181-c00139,139,181,3,0,3,True,False,no_show,20.2068,0.0,0,1,377.78595788404346,633.1604169681668,0.13395794667303562,0.008542090654373169,633.3029170054942
optimistic,150,nearest_available,3,3,3,t00185-c00059,59,185,6,0,6,True,False,satisfied,27.0115,26.4,33,1,42.232291074469686,266.1920830141753,0.025624874979257584,0.020707957446575165,266.23841584660113
optimistic,150,nearest_available,3,3,3,t00191-c00011,11,191,3,0,3,True,False,satisfied,25.4197,25.6,32,1,53.67850000038743,160.39529186673462,0.020750099793076515,0.018582912161946297,160.43462487868965
optimistic,150,nearest_available,3,3,3,t00193-c00044,44,193,3,0,3,True,False,cancelled_early,29.8134,0.0,0,1,87.21845806576312,681.6308330744505,38.209374994039536,0.018709106370806694,719.8589171748608
optimistic,150,nearest_available,3,3,3,t00193-c00117,117,193,7,0,7,True,False,satisfied,17.9818,18.0,30,1,139.8095830809325,719.7625411208719,0.15529198572039604,0.015083001926541328,719.9329161085188
optimistic,150,nearest_available,3,3,3,t00194-c00000,0,194,10,0,10,True,False,cancelled_early,17.5281,0.0,0,1,37.13558288291097,1131.7924580071121,0.022416934370994568,0.021832995116710663,1131.8367079365999
optimistic,150,nearest_available,3,3,3,t00194-c00044,44,194,3,0,3,True,False,cancelled_late,28.0806,0.0,0,1,153.91204203478992,1094.6319580543786,37.25479217246175,0.008291797712445259,1131.8950420245528
optimistic,150,nearest_available,3,3,3,t00194-c00080,80,194,3,0,3,True,False,cancelled_early,25.7174,0.0,0,1,414.3488749396056,769.9362500570714,361.9548329152167,0.006417045369744301,1131.8975000176579
optimistic,150,nearest_available,3,3,3,t00195-c00000,0,195,4,0,4,True,False,satisfied,18.7275,19.2,24,1,39.89754198119044,596.4958751574159,782.1673748549074,0.01895800232887268,1378.6822080146521
optimistic,150,nearest_available,3,3,3,t00195-c00044,44,195,2,0,2,True,False,satisfied,31.3657,31.5,63,1,455.2182909101248,1320.6310831010342,58.08441690169275,0.009624985978007317,1378.725124988705
optimistic,150,nearest_available,3,3,3,t00195-c00049,49,195,2,0,2,True,False,cancelled_early,28.025,0.0,0,1,455.1795420702547,1320.5918329767883,58.12516715377569,0.0062498729676008224,1378.7232500035316
optimistic,150,nearest_available,3,3,3,t00195-c00080,80,195,7,0,7,True,False,satisfied,27.3026,27.5,55,1,149.38999991863966,1378.5115419887006,0.21791690960526466,0.008083181455731392,1378.7375420797616
optimistic,150,nearest_available,3,3,3,t00196-c00036,36,196,2,0,2,True,False,satisfied,17.2378,16.5,33,1,45.356249902397394,142.61149987578392,102.54004201851785,0.01654098741710186,245.16808288171887
optimistic,150,nearest_available,3,3,3,t00196-c00049,49,196,2,0,2,True,False,satisfied,28.9605,29.4,42,1,94.04875012114644,245.08191598579288,0.11191703379154205,0.007542083039879799,245.2013751026243
optimistic,150,nearest_available,3,3,3,t00197-c00001,1,197,5,0,5,True,False,cancelled_early,22.3914,0.0,0,1,119.12016710266471,466.20787493884563,0.0177919864654541,0.022249994799494743,466.2479169201106
optimistic,150,nearest_available,3,3,3,t00197-c00014,14,197,2,1,2,True,False,cancelled_early,25.4601,0.0,0,1,686.9899169541895,837.2881249524653,0.1483331434428692,0.008291797712445259,837.4447498936206
optimistic,150,nearest_available,3,3,3,t00197-c00035,35,197,3,0,3,True,False,satisfied,28.2266,28.7,41,1,52.31420882046223,428.89654194004834,37.367125041782856,0.009124865755438805,466.27279184758663
optimistic,150,nearest_available,3,3,3,t00198-c00001,1,198,3,0,3,True,False,cancelled_late,25.5503,0.0,0,1,59.432916808873415,287.2240839060396,82.4615410529077,0.02174987457692623,369.7073748335242
optimistic,150,nearest_available,3,3,3,t00199-c00014,14,199,1,1,1,True,False,satisfied,25.3993,25.8,43,1,1374.6145002078265,1374.6145002078265,31.64637484587729,0.016666017472743988,1406.2775410711765
optimistic,150,nearest_available,3,3,3,t00199-c00033,33,199,19,0,19,True,False,satisfied,15.1501,15.6,26,1,43.86491607874632,1287.8616659436375,0.03641704097390175,0.026167137548327446,1287.9242501221597
optimistic,150,nearest_available,3,3,3,t00199-c00127,127,199,7,0,7,True,False,satisfied,20.0735,20.5,41,1,193.55304189957678,1287.8061670344323,0.16258307732641697,0.010249903425574303,1287.9790000151843
optimistic,150,nearest_available,3,3,3,t00200-c00111,111,200,2,0,2,True,False,no_show,16.3196,0.0,0,1,31.003582989796996,116.84920801781118,0.13449997641146183,0.00958307646214962,116.99329107068479
optimistic,150,nearest_available,3,3,3,t00201-c00093,93,201,17,0,17,True,False,satisfied,17.0987,16.8,24,1,42.82687488012016,946.7078750021756,63.899041851982474,0.025999965146183968,1010.6329168193042
optimistic,150,nearest_available,3,3,3,t00201-c00131,131,201,5,0,5,True,False,no_show,22.4597,0.0,0,1,164.54991698265076,1010.5093750171363,0.16395887359976768,0.01037493348121643,1010.6837088242173
optimistic,150,nearest_available,3,3,3,t00202-c00083,83,202,5,0,5,True,False,satisfied,24.8186,25.2,42,1,76.96762518025935,405.60233406722546,0.025999965146183968,0.017875107005238533,405.6462091393769
optimistic,150,nearest_available,3,3,3,t00202-c00122,122,202,2,0,2,True,False,cancelled_early,17.8834,0.0,0,1,108.18137507885695,362.1314170304686,43.54454088024795,0.008084112778306007,405.68404202349484
optimistic,150,nearest_available,3,3,3,t00203-c00001,1,203,7,0,7,True,False,satisfied,25.3967,25.8,43,1,191.58029183745384,824.159124866128,24.04933306388557,0.016999896615743637,848.2254578266293
optimistic,150,nearest_available,3,3,3,t00203-c00043,43,203,2,0,2,True,False,satisfied,14.9514,15.4,22,1,333.0057919956744,650.6121668498963,197.6430001668632,0.008415896445512772,848.263582913205
optimistic,150,nearest_available,3,3,3,t00203-c00122,122,203,6,0,6,True,False,satisfied,18.2989,18.0,36,1,47.39679186604917,848.0730839073658,0.1782500185072422,0.00758306123316288,848.2589169871062
optimistic,150,nearest_available,3,3,3,t00206-c00147,147,206,3,0,3,True,False,cancelled_early,12.8538,0.0,0,1,20.39816603064537,83.12974986620247,0.03358302637934685,0.01837499439716339,83.18170788697898
optimistic,150,nearest_available,3,3,3,t00207-c00147,147,207,4,0,4,True,False,satisfied,12.9487,13.2,22,1,37.164999870583415,133.04179208353162,0.036041950806975365,0.01974985934793949,133.09758389368653
optimistic,150,nearest_available,3,3,3,t00212-c00026,26,212,2,3,2,True,False,satisfied,34.6351,34.8,87,1,506.1814999207854,834.5882908906788,0.10850001126527786,0.007458962500095367,834.7042498644441
optimistic,150,nearest_available,3,3,3,t00213-c00121,121,213,3,0,3,True,False,cancelled_early,21.9562,0.0,0,1,39.409250020980835,134.03587508946657,0.029416987672448158,0.01837499439716339,134.08366707153618
optimistic,150,nearest_available,3,3,3,t00214-c00018,18,214,2,0,2,True,False,cancelled_early,16.9238,0.0,0,1,76.24670886434615,116.61279201507568,94.8169578332454,0.02254219725728035,211.45229204557836
optimistic,150,nearest_available,3,3,3,t00214-c00121,121,214,3,0,3,True,False,satisfied,22.7592,23.1,33,1,39.267499931156635,211.31604188121855,0.13991608284413815,0.008124858140945435,211.46408282220364
optimistic,150,nearest_available,3,3,3,t00215-c00018,18,215,4,0,4,True,False,satisfied,19.4637,18.9,27,1,204.4277919922024,340.6192499678582,144.55854194238782,0.0185410026460886,485.1963329128921
optimistic,150,nearest_available,3,3,3,t00216-c00029,29,216,2,0,2,True,False,satisfied,16.0872,16.5,33,1,53.14612481743097,108.07674983516335,0.02254219725728035,0.01974985934793949,108.11904189176857
optimistic,150,nearest_available,3,3,3,t00217-c00072,72,217,2,0,2,True,False,satisfied,19.8944,17.6,44,1,61.00095808506012,198.44154198653996,0.02695806324481964,0.019666971638798714,198.48816702142358
optimistic,150,nearest_available,3,3,3,t00219-c00015,15,219,15,0,15,True,False,satisfied,20.3933,20.4,34,1,58.448333060368896,1029.475166928023,0.031000003218650818,0.028416048735380173,1029.5345829799771
optimistic,150,nearest_available,3,3,3,t00219-c00082,82,219,4,0,4,True,False,satisfied,23.2657,24.0,30,1,166.46770806983113,827.8233751188964,201.75241702236235,0.009040813893079758,1029.5848329551518
optimistic,150,nearest_available,3,3,3,t00221-c00104,104,221,2,0,2,True,False,satisfied,15.5302,16.0,20,1,27.193124871701002,60.441500041633844,0.029125018045306206,0.0163328368216753,60.486957896500826
optimistic,150,nearest_available,3,3,3,t00225-c00119,119,225,5,0,5,True,False,satisfied,35.0598,34.4,86,1,244.1619581077248,998.7848331220448,0.03087497316300869,0.020167091861367226,998.8358751870692
optimistic,150,nearest_available,3,3,3,t00227-c00017,17,227,6,0,6,True,False,satisfied,11.6661,12.0,15,1,22.924999939277768,155.83808301016688,0.022124964743852615,0.021834159269928932,155.88204213418067
optimistic,150,nearest_available,3,3,3,t00231-c00034,34,231,2,0,2,True,False,satisfied,20.891,21.0,30,1,130.62387518584728,216.5290000848472,319.0354579128325,0.018750084564089775,535.5832080822438
optimistic,150,nearest_available,3,3,3,t00231-c00111,111,231,2,0,2,True,False,no_show,24.5482,0.0,0,1,171.68054217472672,498.37741698138416,37.23904211074114,0.008458038792014122,535.6249171309173
optimistic,150,nearest_available,3,3,3,t00231-c00144,144,231,5,0,5,True,False,satisfied,22.1152,22.0,44,1,81.38933288864791,535.4414579924196,0.17033307813107967,0.0072498805820941925,535.6190409511328
optimistic,150,nearest_available,3,3,3,t00233-c00074,74,233,9,0,9,True,False,satisfied,20.3887,21.0,30,1,49.926749896258116,413.5221659671515,0.031250063329935074,0.02191704697906971,413.5753330774605
optimistic,150,nearest_available,3,3,3,t00234-c00097,97,234,2,0,2,True,False,satisfied,15.5192,16.1,23,1,30.765917152166367,69.3526251707226,0.030041905120015144,0.017041107639670372,69.39970818348229
optimistic,150,nearest_available,3,3,3,t00236-c00019,19,236,2,0,2,True,False,satisfied,16.9635,17.6,22,1,22.495999932289124,57.875124970451,0.02054101787507534,0.01633400097489357,57.911999989300966
optimistic,150,nearest_available,3,3,3,t00238-c00027,27,238,9,0,9,True,False,satisfied,17.3145,17.5,25,1,42.63924993574619,348.76145888119936,0.023250002413988113,0.018875114619731903,348.8035839982331
optimistic,150,nearest_available,3,3,3,t00239-c00022,22,239,3,0,3,True,False,satisfied,24.4504,24.6,41,1,224.6681668329984,664.4732498098165,161.14874999038875,0.01733400858938694,825.6393338087946
optimistic,150,nearest_available,3,3,3,t00239-c00139,139,239,5,0,5,True,False,satisfied,27.0451,27.2,68,1,153.426666976884,825.5419998895377,0.1324580516666174,0.0100000761449337,825.6844580173492
optimistic,150,nearest_available,3,3,3,t00240-c00131,131,240,4,0,4,True,False,satisfied,22.3613,21.6,27,1,47.31824994087219,175.80562504008412,0.03383285365998745,0.017875107005238533,175.85733300074935
optimistic,150,nearest_available,3,3,3,t00242-c00148,148,242,2,0,2,True,False,satisfied,17.6313,18.2,26,1,42.58333402685821,99.13316695019603,0.030792085453867912,0.01691584475338459,99.18087488040328
optimistic,150,nearest_available,3,3,3,t00247-c00112,112,247,4,0,4,True,False,satisfied,18.753,18.9,27,1,44.164291117340326,168.517499929294,0.02850010059773922,0.015707919374108315,168.56170794926584
optimistic,150,nearest_available,3,3,3,t00248-c00092,92,248,2,0,2,True,False,satisfied,24.2136,24.5,35,1,119.21991687268019,367.99125000834465,0.028333859518170357,0.01612515188753605,368.03570901975036
optimistic,150,nearest_available,3,3,3,t00248-c00115,115,248,3,0,3,True,False,no_show,21.2005,0.0,0,1,119.16908295825124,367.94045800343156,0.11929194442927837,0.008833128958940506,368.0685830768198
optimistic,150,nearest_available,3,3,3,t00252-c00079,79,252,2,0,2,True,False,satisfied,17.6837,18.0,30,1,57.89845809340477,114.71441597677767,0.024667009711265564,0.01691700890660286,114.75599999539554
optimistic,150,nearest_available,3,3,3,t00257-c00047,47,257,3,0,3,True,False,satisfied,12.7203,13.0,26,1,130.56470802985132,314.5402909722179,155.2905000280589,0.01933402381837368,469.8501250240952
optimistic,150,nearest_available,3,3,3,t00257-c00106,106,257,7,0,7,True,False,satisfied,18.4221,18.6,31,1,37.85270918160677,469.7518751490861,0.13424991630017757,0.01091696321964264,469.89704202860594
optimistic,150,nearest_available,3,3,3,t00260-c00105,105,260,5,0,5,True,False,satisfied,21.3572,21.6,36,1,63.54020815342665,332.9886251594871,0.03183283843100071,0.019333092495799065,333.0397910904139
optimistic,150,nearest_available,3,3,3,t00263-c00041,41,263,3,0,3,True,False,no_show,23.9547,0.0,0,1,37.75079199112952,130.73862507008016,0.021124957129359245,0.01595797948539257,130.7757080066949
optimistic,150,nearest_available,3,3,3,t00265-c00013,13,265,5,0,5,True,False,satisfied,20.0406,16.0,40,1,220.88358318433166,1259.7650829702616,0.02245907671749592,0.017707934603095055,1259.8052499815822
optimistic,150,nearest_available,3,3,3,t00265-c00109,109,265,3,0,3,True,False,cancelled_early,21.3426,0.0,0,1,53.80479199811816,1206.5217921044677,53.32370800897479,0.008417060598731041,1259.8539171740413
optimistic,150,nearest_available,3,3,3,t00265-c00123,123,265,7,0,7,True,False,satisfied,20.8564,21.0,30,1,220.78233398497105,1259.6642090938985,0.20129093900322914,0.007709022611379623,1259.8732090555131
optimistic,150,nearest_available,3,3,3,t00266-c00109,109,266,3,0,3,True,False,satisfied,26.1796,26.5,53,1,73.36545805446804,270.2377079986036,0.02887495793402195,0.02150004729628563,270.2880830038339
optimistic,150,nearest_available,3,3,3,t00267-c00054,54,267,7,0,7,True,False,satisfied,19.5676,20.0,25,1,37.284665973857045,260.4950829409063,0.030833063647150993,0.023167114704847336,260.5490831192583
optimistic,150,nearest_available,3,3,3,t00268-c00111,111,268,2,0,2,True,False,satisfied,27.6243,28.0,35,1,41.95479187183082,100.60149990022182,0.028833048418164253,0.016416888684034348,100.64674983732402
optimistic,150,nearest_available,3,3,3,t00269-c00032,32,269,4,0,4,True,False,satisfied,15.8508,16.0,40,1,64.94054198265076,289.80683302506804,0.027499860152602196,0.019292114302515984,289.85362499952316
optimistic,150,nearest_available,3,3,3,t00270-c00107,107,270,6,0,6,True,False,satisfied,23.3134,24.0,30,1,66.21008389629424,308.71254205703735,0.030749943107366562,0.018124934285879135,308.7614169344306
optimistic,150,nearest_available,3,3,3,t00271-c00007,7,271,2,0,2,True,False,cancelled_early,15.1041,0.0,0,1,23.12345802783966,73.87204188853502,0.01850002445280552,0.01600012183189392,73.90654203481972
optimistic,150,nearest_available,3,3,3,t00272-c00007,7,272,2,0,2,True,False,no_show,18.1878,0.0,0,1,66.7696250602603,158.98483409546316,66.35479093529284,0.01712515950202942,225.35675019025803
optimistic,150,nearest_available,3,3,3,t00272-c00096,96,272,4,0,4,True,False,cancelled_late,13.9202,0.0,0,1,31.347166979685426,225.26295809075236,0.11608400382101536,0.008041039109230042,225.3870831336826
optimistic,150,nearest_available,3,3,3,t00274-c00096,96,274,3,0,3,True,False,cancelled_early,20.5897,0.0,0,1,20.61795792542398,122.72862484678626,0.0296661164611578,0.01791701652109623,122.77620797976851
optimistic,150,nearest_available,3,3,3,t00275-c00096,96,275,5,0,5,True,False,satisfied,24.4022,24.8,31,1,54.00116695091128,327.00083404779434,0.026790890842676163,0.016750069335103035,327.0443750079721
optimistic,150,nearest_available,3,3,3,t00275-c00146,146,275,2,0,2,True,False,satisfied,24.9111,21.6,36,1,93.27212511561811,167.25033312104642,159.82433292083442,0.007583992555737495,327.0822500344366
optimistic,150,nearest_available,3,3,3,t00276-c00108,108,276,5,0,5,True,False,cancelled_early,24.1403,0.0,0,1,95.02150001935661,360.8248750679195,0.030624913051724434,0.019666971638798714,360.87516695261
optimistic,150,nearest_available,3,3,3,t00277-c00103,103,277,3,0,3,True,False,satisfied,23.3152,24.0,30,1,82.56966597400606,214.12895806133747,0.026708003133535385,0.01650000922381878,214.17216607369483
optimistic,150,nearest_available,3,3,3,t00277-c00108,108,277,2,0,2,True,False,no_show,14.5154,0.0,0,1,16.833791974931955,131.58579193986952,82.60049996897578,0.008458038792014122,214.19474994763732
optimistic,150,nearest_available,3,3,3,t00278-c00094,94,278,2,0,2,True,False,satisfied,16.0606,16.0,40,1,154.75304191932082,458.1442920025438,17.123667057603598,0.016666017472743988,475.28462507762015
optimistic,150,nearest_available,3,3,3,t00278-c00129,129,278,5,0,5,True,False,satisfied,26.1403,8.4,14,1,79.99445800669491,475.1875828951597,0.13270811177790165,0.010875053703784943,475.3311660606414
optimistic,150,nearest_available,3,3,3,t00280-c00137,137,280,5,0,5,True,False,satisfied,23.5613,9.6,16,1,75.19916584715247,272.1146659459919,0.032084062695503235,0.019582919776439667,272.1663329284638
optimistic,150,nearest_available,3,3,3,t00282-c00060,60,282,3,0,3,True,False,satisfied,25.6428,26.4,33,1,47.46825015172362,158.06504199281335,0.026292167603969574,0.021290965378284454,158.1126251257956
optimistic,150,nearest_available,3,3,3,t00283-c00045,45,283,21,0,21,True,False,satisfied,20.2112,20.4,34,1,59.26908296532929,1668.5233749449253,13.192208018153906,0.025042099878191948,1681.7406250629574
optimistic,150,nearest_available,3,3,3,t00283-c00113,113,283,10,0,10,True,False,cancelled_early,22.3974,0.0,0,1,133.34525004029274,1681.6180001478642,0.16158283688127995,0.011167023330926895,1681.7907500080764
optimistic,150,nearest_available,3,3,3,t00284-c00113,113,284,10,0,9,True,False,no_show,17.369,0.0,0,1,28.926624916493893,317.308499943465,11.954250046983361,0.024833017960190773,329.28758300840855
optimistic,150,nearest_available,3,3,3,t00287-c00126,126,287,7,0,7,True,False,satisfied,20.6687,20.8,52,1,68.76366608776152,657.200625166297,0.03529083915054798,0.021459069103002548,657.2573750745505
optimistic,150,nearest_available,3,3,3,t00290-c00025,25,290,9,0,9,True,False,satisfied,18.3979,18.6,31,1,52.37483303062618,577.260916121304,0.02374988980591297,0.018875114619731903,577.3035411257297
optimistic,150,nearest_available,3,3,3,t00290-c00073,73,290,2,0,2,True,False,satisfied,27.1402,20.5,41,1,162.89700008928776,327.54187495447695,249.7936252038926,0.008207978680729866,577.3437081370503
optimistic,150,nearest_available,3,3,3,t00294-c00142,142,294,2,0,2,True,False,satisfied,19.0477,19.6,28,1,51.48216709494591,100.8670839946717,0.029250048100948334,0.01533282920718193,100.91166687197983
optimistic,150,nearest_available,3,3,3,t00298-c00098,98,298,2,0,2,True,False,satisfied,21.7785,22.0,55,1,123.98404208943248,249.94133389554918,0.02458319067955017,0.015666941180825233,249.98158402740955
optimistic,150,nearest_available,3,3,3,t00299-c00118,118,299,5,0,5,True,False,cancelled_early,10.8281,0.0,0,1,34.28758401423693,138.69204209186137,0.028041889891028404,0.015500001609325409,138.73558398336172
optimistic,150,nearest_available,3,3,3,t00300-c00005,5,300,2,0,2,True,False,no_show,17.3478,0.0,0,1,165.39920796640217,396.2374578695744,154.72083305940032,0.015750061720609665,550.9740409906954
optimistic,150,nearest_available,3,3,3,t00300-c00115,115,300,6,0,6,True,False,no_show,16.3152,0.0,0,1,39.869749918580055,550.8823748677969,0.12687500566244125,0.010542105883359909,551.0197919793427
optimistic,150,nearest_available,3,3,3,t00300-c00118,118,300,3,0,3,True,False,satisfied,17.5036,16.0,32,1,165.2980837970972,396.13649994134903,154.87187495455146,0.006125075742602348,551.0144999716431
optimistic,150,nearest_available,3,3,3,t00303-c00124,124,303,9,0,9,True,False,satisfied,16.9328,17.6,22,1,36.106957821175456,292.16195782646537,0.03600004129111767,0.021042069420218468,292.2189999371767
optimistic,150,nearest_available,3,3,3,t00304-c00114,114,304,10,0,10,True,False,satisfied,24.1094,24.5,49,1,64.4966249819845,920.922040939331,0.03745919093489647,0.023540807887911797,920.9830409381539
optimistic,150,nearest_available,3,3,3,t00305-c00069,69,305,6,0,6,True,False,satisfied,26.7414,26.8,67,1,210.71266592480242,920.2871250454336,0.02933293581008911,0.019582919776439667,920.3360409010202
optimistic,150,nearest_available,3,3,3,t00306-c00041,41,306,5,0,5,True,False,satisfied,20.5796,20.0,25,1,297.9145001154393,873.1164580676705,0.024166889488697052,0.017666025087237358,873.1582909822464
optimistic,150,nearest_available,3,3,3,t00306-c00058,58,306,5,0,5,True,False,no_show,16.8707,0.0,0,1,297.86433395929635,873.0659999419004,0.13104197569191456,0.007958151400089264,873.2050000689924
optimistic,150,nearest_available,3,3,3,t00308-c00061,61,308,3,0,3,True,False,no_show,27.1853,0.0,0,1,112.49416694045067,430.40225002914667,0.025333836674690247,0.01750001683831215,430.4450838826597
optimistic,150,nearest_available,3,3,3,t00308-c00101,101,308,3,0,3,True,False,satisfied,20.7624,20.8,52,1,112.4413339421153,430.34937512129545,0.1307919155806303,0.007832888513803482,430.4879999253899
optimistic,150,nearest_available,3,3,3,t00310-c00095,95,310,5,0,5,True,False,cancelled_early,19.2948,0.0,0,1,89.70075007528067,368.56991704553366,0.029374845325946808,0.02200016751885414,368.62129205837846
optimistic,150,nearest_available,3,3,3,t00311-c00007,7,311,4,0,4,True,False,satisfied,28.2333,28.5,57,1,78.84279196150601,854.305624961853,44.896709034219384,0.019290950149297714,899.2216249462217
optimistic,150,nearest_available,3,3,3,t00311-c00063,63,311,2,0,2,True,False,satisfied,15.7062,16.2,27,1,394.4540419615805,822.987750172615,76.26933394931257,0.00837491825222969,899.2654590401798
optimistic,150,nearest_available,3,3,3,t00311-c00095,95,311,5,0,5,True,False,satisfied,18.9978,18.4,46,1,169.47029205039144,899.0769169759005,0.1782500185072422,0.007207971066236496,899.262374965474
optimistic,150,nearest_available,3,3,3,t00313-c00100,100,313,2,0,2,True,False,satisfied,17.4872,17.5,35,1,111.41250003129244,276.0105829220265,0.025541987270116806,0.0160830095410347,276.05220791883767
optimistic,150,nearest_available,3,3,3,t00313-c00108,108,313,2,0,2,True,False,no_show,27.0428,0.0,0,1,66.07004208490252,220.52891715429723,55.54658290930092,0.007709022611379623,276.08320908620954
optimistic,150,nearest_available,3,3,3,t00314-c00091,91,314,3,0,3,True,False,satisfied,15.8806,16.2,27,1,31.196999829262495,83.94554094411433,0.02529192715883255,0.01612515188753605,83.9869580231607
optimistic,150,nearest_available,3,3,3,t00315-c00020,20,315,3,0,3,True,False,cancelled_late,13.3548,0.0,0,1,16.662125010043383,84.70533392392099,0.021124957129359245,0.01600012183189392,84.74245900288224
optimistic,150,nearest_available,3,3,3,t00316-c00088,88,316,8,0,8,True,False,satisfied,26.779,27.0,54,1,106.45116702653468,896.6717920266092,0.030499882996082306,0.021249987185001373,896.7235418967903
optimistic,150,nearest_available,3,3,3,t00316-c00113,113,316,2,0,2,True,False,cancelled_early,21.4363,0.0,0,1,123.48791700787842,499.3129998911172,397.449417039752,0.008499948307871819,896.7709168791771
optimistic,150,nearest_available,3,3,3,t00317-c00113,113,317,7,0,7,True,False,no_show,22.8121,0.0,0,1,45.85412493906915,291.75695800222456,0.031084055081009865,0.018290942534804344,291.8063329998404
optimistic,150,nearest_available,3,3,3,t00319-c00086,86,319,5,0,5,True,False,satisfied,20.9902,21.0,42,1,52.485042018815875,263.1538750138134,0.02650008536875248,0.0177919864654541,263.1981670856476
optimistic,150,nearest_available,3,3,3,t00320-c00031,31,320,5,0,5,True,False,no_show,23.4342,0.0,0,1,199.38762485980988,716.5034578647465,15.177834080532193,0.016999896615743637,731.6982918418944
optimistic,150,nearest_available,3,3,3,t00320-c00062,62,320,5,0,5,True,False,satisfied,13.4741,13.6,17,1,30.155915999785066,731.6065409686416,0.12574996799230576,0.009624985978007317,731.741915922612
optimistic,150,nearest_available,3,3,3,t00321-c00057,57,321,2,0,2,True,False,satisfied,20.9555,20.4,34,1,39.251500042155385,85.28595906682312,0.02408307045698166,0.018208054825663567,85.32825019210577
optimistic,150,nearest_available,3,3,3,t00322-c00084,84,322,6,0,6,True,False,satisfied,19.7984,18.4,46,1,474.3084160145372,1775.276165921241,0.02929195761680603,0.020292121917009354,1775.3257500007749
optimistic,150,nearest_available,3,3,3,t00322-c00102,102,322,5,0,5,True,False,satisfied,21.7715,10.8,18,1,474.2572500836104,1775.2252919599414,0.1332079991698265,0.00795908272266388,1775.3664590418339
optimistic,150,nearest_available,3,3,3,t00324-c00020,20,324,2,0,2,True,False,no_show,27.6832,0.0,0,1,26.668375125154853,84.45000019855797,0.020832987502217293,0.01645786687731743,84.48729105293751
optimistic,150,nearest_available,3,3,3,t00326-c00081,81,326,5,0,5,True,False,satisfied,22.9543,20.0,40,1,86.66420797817409,344.7246248833835,0.027125002816319466,0.020750099793076515,344.7724999859929
optimistic,150,nearest_available,3,3,3,t00332-c00046,46,332,7,0,7,True,False,satisfied,26.7545,27.0,45,1,129.81483386829495,692.6026670262218,13.269416987895966,0.016249949112534523,705.8883339632303
optimistic,150,nearest_available,3,3,3,t00332-c00064,64,332,5,0,5,True,False,no_show,22.4983,0.0,0,1,47.015291871502995,705.7970829773694,0.11337501928210258,0.008750008419156075,705.9192080050707
optimistic,150,nearest_available,3,3,3,t00335-c00090,90,335,4,0,4,True,False,satisfied,23.6216,23.8,34,1,57.86845786496997,235.37437501363456,0.026416033506393433,0.015583820641040802,235.416374867782
optimistic,150,nearest_available,3,3,3,t00336-c00068,68,336,6,0,6,True,False,cancelled_late,18.9389,0.0,0,1,90.96900001168251,519.7119999211282,0.027208123356103897,0.017541926354169846,519.7567499708384
optimistic,150,nearest_available,3,3,3,t00337-c00016,16,337,10,0,10,True,False,cancelled_late,18.8127,0.0,0,1,263.1733340676874,1616.8226669542491,0.027125002816319466,0.020750099793076515,1616.8705420568585
optimistic,150,nearest_available,3,3,3,t00337-c00115,115,337,8,0,8,True,False,satisfied,24.7617,25.0,50,1,76.39025012031198,1573.0224170256406,43.892916990444064,0.010207993909716606,1616.9255420099944
optimistic,150,nearest_available,3,3,3,t00338-c00149,149,338,6,0,6,True,False,no_show,26.4422,0.0,0,1,39.444583002477884,244.46529103443027,0.03220885992050171,0.017041107639670372,244.51454100199044
optimistic,150,nearest_available,3,3,3,t00339-c00016,16,339,9,0,9,True,False,satisfied,18.9438,19.2,48,1,62.84070783294737,1530.9186249505728,0.02487492747604847,0.017832964658737183,1530.9613328427076
optimistic,150,nearest_available,3,3,3,t00339-c00068,68,339,5,0,5,True,False,satisfied,24.008,24.4,61,1,192.65916710719466,1279.8365838825703,251.14433304406703,0.008708098903298378,1530.9896250255406
optimistic,150,nearest_available,3,3,3,t00340-c00050,50,340,4,0,4,True,False,no_show,19.7186,0.0,0,1,98.36399997584522,613.266000058502,229.5968329999596,0.01591700129210949,842.8787500597537
optimistic,150,nearest_available,3,3,3,t00340-c00058,58,340,8,0,8,True,False,satisfied,20.9612,21.0,35,1,57.24037508480251,842.7942919079214,0.10712514631450176,0.010124873369932175,842.9115419276059
optimistic,150,nearest_available,3,3,3,t00340-c00140,140,340,6,0,6,True,False,satisfied,24.0703,24.5,35,1,140.72662498801947,828.2012499403208,14.700459083542228,0.008333008736371994,842.9100420325994
optimistic,150,nearest_available,3,3,3,t00343-c00056,56,343,10,0,10,True,False,cancelled_late,21.2028,0.0,0,1,32.01812505722046,432.8499580733478,0.02983282320201397,0.020167091861367226,432.8999579884112
optimistic,150,nearest_available,3,3,3,t00344-c00038,38,344,3,0,3,True,False,satisfied,14.4888,14.5,29,1,524.3855000007898,1353.494750102982,0.02529192715883255,0.02108304761350155,1353.5411250777543
optimistic,150,nearest_available,3,3,3,t00344-c00042,42,344,5,0,5,True,False,satisfied,25.3773,25.6,64,1,137.1431250590831,1353.446208173409,0.12283283285796642,0.008167000487446785,1353.5772080067545
optimistic,150,nearest_available,3,3,3,t00345-c00061,61,345,3,0,3,True,False,satisfied,28.8362,29.6,37,1,61.075958888977766,131.66420883499086,0.02450007013976574,0.01616613008081913,131.70487503521144
optimistic,150,nearest_available,3,3,3,t00348-c00005,5,348,5,0,5,True,False,cancelled_early,19.4937,0.0,0,1,108.03525010123849,386.32495794445276,0.017208978533744812,0.021333107724785805,386.3635000307113
optimistic,150,nearest_available,3,3,3,t00349-c00005,5,349,2,0,2,True,False,cancelled_late,18.9584,0.0,0,1,112.32816614210606,265.90683311223984,158.18666690029204,0.016791047528386116,424.11029106006026
optimistic,150,nearest_available,3,3,3,t00349-c00056,56,349,7,0,7,True,False,satisfied,20.8115,21.6,27,1,43.85825013741851,424.02412509545684,0.128875020891428,0.010124873369932175,424.1631249897182
optimistic,150,nearest_available,3,3,3,t00350-c00005,5,350,4,0,4,True,False,satisfied,23.6516,24.0,60,1,112.16366710141301,379.64187492616475,0.02050003968179226,0.01658312976360321,379.67895809561014
optimistic,150,nearest_available,3,3,3,t00352-c00141,141,352,3,0,3,True,False,satisfied,24.9008,25.2,63,1,133.9688329026103,466.772582847625,0.03391713835299015,0.01754099503159523,466.8240409810096
optimistic,150,nearest_available,3,3,3,t00353-c00087,87,353,5,0,5,True,False,no_show,13.9384,0.0,0,1,24.503374937921762,127.02474999241531,0.026082852855324745,0.016292091459035873,127.06712493672967
optimistic,150,nearest_available,3,3,3,t00354-c00067,67,354,3,0,3,True,False,satisfied,21.401,21.6,36,1,229.6379590407014,858.5580000653863,0.024792039766907692,0.01595797948539257,858.5987500846386
optimistic,150,nearest_available,3,3,3,t00354-c00113,113,354,2,0,2,True,False,satisfied,31.4698,32.0,40,1,229.58916705101728,824.6611668728292,33.964083064347506,0.006209127604961395,858.6314590647817
optimistic,150,nearest_available,3,3,3,t00357-c00085,85,357,7,0,7,True,False,satisfied,21.5299,22.0,44,1,299.09241711720824,1365.9437920432538,125.65670814365149,0.018041813746094704,1491.6185420006514
optimistic,150,nearest_available,3,3,3,t00357-c00135,135,357,15,0,15,True,False,cancelled_late,24.038,0.0,0,1,73.76208412460983,1491.5196250658482,0.1407500822097063,0.01170882023870945,1491.6720839682966
optimistic,150,nearest_available,3,3,3,t00359-c00053,53,359,3,0,3,True,False,cancelled_early,21.7434,0.0,0,1,100.74716713279486,217.8144589997828,0.023833010345697403,0.01691700890660286,217.8552090190351
optimistic,150,nearest_available,3,3,3,t00360-c00053,53,360,2,0,2,True,False,satisfied,24.2981,24.0,60,1,112.27099993266165,285.39329185150564,0.019208062440156937,0.01337495632469654,285.4258748702705
optimistic,150,nearest_available,3,3,3,t00362-c00051,51,362,8,0,8,True,False,cancelled_early,20.4727,0.0,0,1,47.74541687220335,1236.4401249215007,376.04925013147295,0.018624821677803993,1612.5079998746514
optimistic,150,nearest_available,3,3,3,t00362-c00135,135,362,7,0,7,True,False,cancelled_early,22.225,0.0,0,1,330.54549992084503,1575.9410408791155,36.61937499418855,0.009417068213224411,1612.5698329415172
optimistic,150,nearest_available,3,3,3,t00362-c00143,143,362,4,0,4,True,False,satisfied,21.1296,21.7,31,1,85.21608402952552,1612.366166897118,0.20029209554195404,0.0066659413278102875,1612.5731249339879
optimistic,150,nearest_available,3,3,3,t00362-c00145,145,362,6,0,6,True,False,satisfied,21.3523,18.4,23,1,175.35824980586767,1575.8557918015867,36.70033300295472,0.005917157977819443,1612.5620419625193
optimistic,150,nearest_available,3,3,3,t00363-c00051,51,363,14,0,14,True,False,cancelled_late,19.3504,0.0,0,1,46.13266699016094,1057.8080418054014,49.661291064694524,0.019958941265940666,1107.489291811362
optimistic,150,nearest_available,3,3,3,t00363-c00135,135,363,7,0,7,True,False,cancelled_early,26.282,0.0,0,1,230.725749861449,1107.3804169427603,0.1550000160932541,0.009499955922365189,1107.544916914776
optimistic,150,nearest_available,3,3,3,t00364-c00135,135,364,7,0,7,True,False,satisfied,22.8424,23.4,39,1,91.50804206728935,381.5501250792295,0.03591692075133324,0.018750084564089775,381.6047920845449
optimistic,150,nearest_available,3,3,3,t00365-c00020,20,365,5,0,5,True,False,cancelled_early,31.5746,0.0,0,1,70.7042501308024,291.902125114575,0.019083963707089424,0.01737498678267002,291.9385840650648
optimistic,150,nearest_available,3,3,3,t00366-c00020,20,366,2,0,2,True,False,satisfied,34.3345,34.4,43,1,100.53616715595126,219.0234581939876,231.69266688637435,0.01700012944638729,450.73312520980835
optimistic,150,nearest_available,3,3,3,t00366-c00051,51,366,7,0,7,True,False,satisfied,21.4137,21.7,31,1,46.463624807074666,450.64679090864956,0.11366698890924454,0.009249895811080933,450.7697077933699
optimistic,150,nearest_available,3,3,3,t00368-c00012,12,368,6,0,6,True,False,satisfied,21.5533,22.0,44,1,79.6668331604451,447.4184999708086,0.018250197172164917,0.01587485894560814,447.4526250269264
optimistic,150,nearest_available,3,3,3,t00369-c00050,50,369,2,0,2,True,False,satisfied,24.0772,24.0,30,1,25.623791152611375,79.21791612170637,0.020583858713507652,0.015666009858250618,79.25416599027812
optimistic,150,nearest_available,3,3,3,t00372-c00093,93,372,5,3,5,True,False,satisfied,18.1349,16.8,24,1,258.94841691479087,1251.3348329812288,0.15583401545882225,0.006499933078885078,1251.4971669297665
optimistic,150,nearest_available,3,3,3,t00373-c00138,138,373,5,0,5,True,False,satisfied,22.1142,22.4,28,1,43.63516601733863,223.69816596619785,0.03091711550951004,0.016208039596676826,223.74529112130404
optimistic,150,nearest_available,3,3,3,t00375-c00052,52,375,4,0,4,True,False,satisfied,18.629,19.2,24,1,70.84379205480218,357.56487492471933,666.5230831131339,0.016624806448817253,1024.104582844302
optimistic,150,nearest_available,3,3,3,t00375-c00065,65,375,2,0,2,True,False,satisfied,20.3649,12.0,30,1,312.0547498110682,930.5549168493599,93.57600007206202,0.007207971066236496,1024.1381248924881
optimistic,150,nearest_available,3,3,3,t00375-c00149,149,375,3,0,3,True,False,satisfied,24.4305,24.8,31,1,311.9794998783618,1023.9387499168515,0.18987501971423626,0.005458947271108627,1024.1340838838369
optimistic,150,nearest_available,3,3,3,t00376-c00033,33,376,5,0,5,True,False,cancelled_early,19.3833,0.0,0,1,54.001708049327135,414.0667498577386,0.018292106688022614,0.015208031982183456,414.1002499964088
optimistic,150,nearest_available,3,3,3,t00376-c00064,64,376,3,0,3,True,False,satisfied,29.5873,29.6,37,1,90.81549989059567,238.9660000335425,175.1675419509411,0.0076659489423036575,414.1412079334259
optimistic,150,nearest_available,3,3,3,t00377-c00033,33,377,5,0,5,True,False,cancelled_late,17.1418,0.0,0,1,46.158333076164126,192.08095804788172,0.019875122234225273,0.015457859262824059,192.11629102937877
optimistic,150,nearest_available,3,3,3,t00378-c00033,33,378,3,0,3,True,False,satisfied,19.2968,19.8,33,1,178.44091611914337,3043.1089161429554,231.15974990651011,0.0177919864654541,3274.286458035931
optimistic,150,nearest_available,3,3,3,t00378-c00108,108,378,21,0,21,True,False,satisfied,32.4571,32.5,65,1,139.94833314791322,3274.1935830563307,0.14991709031164646,0.01787487417459488,3274.361375020817
optimistic,150,nearest_available,3,3,3,t00379-c00048,48,379,3,0,3,True,False,satisfied,29.0825,28.8,36,1,74.85337508842349,330.06095909513533,0.025124987587332726,0.015832949429750443,330.1019170321524
optimistic,150,nearest_available,3,3,3,t00379-c00087,87,379,3,0,3,True,False,satisfied,21.4047,21.6,27,1,74.8011248651892,330.00895800068974,0.12108380906283855,0.007458031177520752,330.1374998409301
optimistic,150,nearest_available,3,3,3,t00380-c00077,77,380,3,0,3,True,False,satisfied,21.9001,22.0,44,1,54.69320807605982,167.44866617955267,0.026166904717683792,0.01491699367761612,167.48975007794797
optimistic,150,nearest_available,3,3,3,t00382-c00147,147,382,2,0,2,True,False,satisfied,8.1922,8.4,14,1,16.80158404633403,42.57950000464916,0.03179209306836128,0.014499993994832039,42.625792091712356
optimistic,150,nearest_available,3,3,3,t00383-c00039,39,383,7,0,7,True,False,satisfied,24.8559,25.0,50,1,90.60887503437698,595.364874927327,0.023250002413988113,0.0175421591848135,595.4056670889258
optimistic,150,nearest_available,3,3,3,t00384-c00017,17,384,5,0,5,True,False,satisfied,15.8493,15.2,19,1,33.05225004442036,145.83862503059208,0.02187490463256836,0.018916092813014984,145.87941602803767
optimistic,150,nearest_available,3,3,3,t00385-c00002,2,385,6,0,6,True,False,cancelled_early,21.7838,0.0,0,1,60.787750175222754,231.95104207843542,0.019791070371866226,0.016958918422460556,231.98779206722975
optimistic,150,nearest_available,3,3,3,t00386-c00002,2,386,17,0,17,True,False,satisfied,16.4762,16.8,21,1,33.069000113755465,1036.4807080477476,30.997500056400895,0.023541972041130066,1067.5017500761896
optimistic,150,nearest_available,3,3,3,t00386-c00010,10,386,7,0,7,True,False,satisfied,26.2731,26.4,33,1,143.46024999395013,1067.3977499827743,0.13908394612371922,0.009415904060006142,1067.546249832958
optimistic,150,nearest_available,3,3,3,t00387-c00008,8,387,5,0,5,True,False,cancelled_late,28.409,0.0,0,1,69.17154206894338,274.68174998648465,0.017834128811955452,0.015916069969534874,274.71550018526614
optimistic,150,nearest_available,3,3,3,t00389-c00031,31,389,4,0,4,True,False,cancelled_early,26.573,0.0,0,1,149.52575019560754,1162.0406250003725,0.025250017642974854,0.021041138097643852,1162.0869161561131
optimistic,150,nearest_available,3,3,3,t00389-c00043,43,389,3,0,3,True,False,satisfied,15.8236,16.1,23,1,638.6118750087917,1161.9917079806328,0.13224990107119083,0.00700005330145359,1162.1309579350054
optimistic,150,nearest_available,3,3,3,t00390-c00031,31,390,6,0,6,True,False,breakdown,31.3946,0.0,0,1,191.75766711123288,1267.2597500495613,0.02433406189084053,0.02045789733529091,1267.3045420087874
optimistic,150,nearest_available,3,3,3,t00391-c00104,104,391,3,0,3,True,False,satisfied,14.641,15.2,19,1,26.471834164112806,78.26787512749434,0.02737506292760372,0.018124934285879135,78.31337512470782
optimistic,150,nearest_available,3,3,3,t00392-c00125,125,392,3,0,3,True,False,satisfied,22.146,22.4,32,1,137.85020797513425,395.00529202632606,199.25791583955288,0.014834105968475342,594.2780419718474
optimistic,150,nearest_available,3,3,3,t00392-c00134,134,392,6,0,6,True,False,cancelled_early,27.6472,0.0,0,1,86.63424989208579,594.184041954577,0.12079207226634026,0.009082956239581108,594.3139169830829
optimistic,150,nearest_available,3,3,3,t00393-c00134,134,393,6,0,6,True,False,satisfied,24.0827,24.6,41,1,47.42083395831287,375.87420898489654,0.03554089926183224,0.022584106773138046,375.9323339909315
optimistic,150,nearest_available,3,3,3,t00394-c00008,8,394,6,0,6,True,False,satisfied,25.6809,25.9,37,1,63.270125072449446,335.84254211746156,0.020582927390933037,0.01895800232887268,335.88208304718137
optimistic,150,nearest_available,3,3,3,t00396-c00110,110,396,22,0,22,True,False,satisfied,15.8704,16.0,20,1,31.47787507623434,735.1231249049306,0.043708132579922676,0.02270890399813652,735.1895419415087
optimistic,150,nearest_available,3,3,3,t00399-c00000,0,399,3,0,3,True,False,satisfied,11.7565,12.0,15,1,22.400917019695044,65.39170816540718,0.016416888684034348,0.015083001926541328,65.42320805601776
optimistic,150,nearest_available,3,3,3,t00403-c00047,47,403,6,0,6,True,False,satisfied,17.8058,18.0,36,1,41.19329201057553,330.72674996219575,0.025958986952900887,0.018750084564089775,330.77145903371274
optimistic,150,nearest_available,3,3,3,t00406-c00117,117,406,12,0,12,True,False,no_show,20.0665,0.0,0,1,56.28091702237725,638.8492919504642,0.037125078961253166,0.0227498821914196,638.9091669116169
optimistic,150,nearest_available,3,3,3,t00407-c00078,78,407,3,0,3,True,False,satisfied,21.1108,21.329,27,1,27.486959006637335,118.51891689002514,0.02750009298324585,0.01679197885096073,118.56320896185935
optimistic,150,nearest_available,3,3,3,t00408-c00055,55,408,5,0,5,True,False,satisfied,22.4185,23.064,33,1,407.8458328731358,2225.4802079405636,622.3310420755297,0.01974985934793949,2847.830999875441
optimistic,150,nearest_available,3,3,3,t00408-c00099,99,408,13,0,13,True,False,satisfied,20.2286,20.0,50,1,96.90425009466708,2847.7293339092284,0.14541600830852985,0.012250151485204697,2847.887000069022
optimistic,150,nearest_available,3,3,3,t00408-c00128,128,408,2,0,2,True,False,satisfied,19.8645,20.4,34,1,1181.3196251168847,2708.9927499182522,138.8819171115756,0.0062498729676008224,2847.8809169027954
optimistic,150,nearest_available,3,3,3,t00408-c00129,129,408,9,0,9,True,False,cancelled_late,26.4973,0.0,0,1,407.7041670680046,2749.4849171489477,98.38566603139043,0.0072089023888111115,2847.877792082727
optimistic,150,nearest_available,3,3,3,t00411-c00129,129,411,3,0,3,True,False,cancelled_early,22.4004,0.0,0,1,50.36854092031717,189.2163751181215,0.03241584636271,0.01595914363861084,189.26475010812283
optimistic,150,nearest_available,3,3,3,t00412-c00129,129,412,2,0,2,True,False,satisfied,27.9451,28.2,47,1,73.13425000756979,149.69450002536178,0.03483402542769909,0.016208039596676826,149.74554209038615
optimistic,150,nearest_available,3,3,3,t00413-c00036,36,413,6,0,6,True,False,satisfied,16.5605,17.0,34,1,57.18695907853544,325.0565000344068,0.0213750172406435,0.016750069335103035,325.0946251209825
optimistic,150,nearest_available,3,3,3,t00416-c00116,116,416,3,0,3,True,False,satisfied,25.7773,25.8,43,1,228.38008287362754,630.7841250672936,389.1485829371959,0.016249949112534523,1019.9489579536021
optimistic,150,nearest_available,3,3,3,t00416-c00130,130,416,8,0,8,True,False,no_show,21.2521,0.0,0,1,70.64504199661314,1019.8558340780437,0.12070802040398121,0.010292045772075653,1019.9868341442198
optimistic,150,nearest_available,3,3,3,t00417-c00089,89,417,3,0,3,True,False,cancelled_late,20.1513,0.0,0,1,32.067042076960206,96.0231670178473,0.025290995836257935,0.015083933249115944,96.06354194693267
optimistic,150,nearest_available,3,3,3,t00418-c00040,40,418,3,0,3,True,False,satisfied,14.1402,14.7,21,1,27.830875013023615,75.14258287847042,0.025541987270116806,0.015167053788900375,75.18329191952944
optimistic,150,nearest_available,3,3,3,t00419-c00015,15,419,3,0,3,True,False,satisfied,19.382,19.8,33,1,38.82450005039573,427.31116712093353,32.617707969620824,0.01695798709988594,459.94583307765424
optimistic,150,nearest_available,3,3,3,t00419-c00076,76,419,7,0,7,True,False,cancelled_early,23.8369,0.0,0,1,96.11316700465977,459.85541702248156,0.11958298273384571,0.009167008101940155,459.98416701331735
optimistic,150,nearest_available,3,3,3,t00420-c00076,76,420,3,0,3,True,False,satisfied,25.2833,25.9,37,1,46.11779213882983,145.76575020328164,0.02770894207060337,0.015500001609325409,145.80895914696157
optimistic,150,nearest_available,3,3,3,t00422-c00089,89,422,4,0,4,True,False,satisfied,21.3758,21.6,27,1,42.58104180917144,136.27858296968043,0.030084047466516495,0.016707926988601685,136.32537494413555
optimistic,150,nearest_available,3,3,3,t00423-c00037,37,423,9,0,9,True,False,satisfied,29.7277,30.0,50,1,79.94112512096763,1496.9123750925064,0.026082852855324745,0.018875114619731903,1496.9573330599815
optimistic,150,nearest_available,3,3,3,t00423-c00097,97,423,5,0,5,True,False,satisfied,12.6071,12.6,18,1,213.6968751437962,1311.7599580436945,185.22304203361273,0.009290874004364014,1496.9922909513116
optimistic,150,nearest_available,3,3,3,t00423-c00132,132,423,8,0,8,True,False,cancelled_late,17.3722,0.0,0,1,270.1312080025673,1436.9664581026882,60.01650006510317,0.0077500008046627045,1496.990708168596
optimistic,150,nearest_available,3,3,3,t00424-c00019,19,424,7,0,7,True,False,satisfied,21.3995,20.8,26,1,182.864457834512,1188.1416249088943,0.020415987819433212,0.018834136426448822,1188.1808750331402
optimistic,150,nearest_available,3,3,3,t00424-c00029,29,424,10,0,10,True,False,satisfied,16.8715,17.0,34,1,39.57533300854266,1188.0930420011282,0.12029102072119713,0.009167008101940155,1188.2225000299513
optimistic,150,nearest_available,3,3,3,t00424-c00075,75,424,5,0,5,True,False,satisfied,15.6496,16.0,32,1,235.62379111535847,987.9351661074907,200.2727088984102,0.006624963134527206,1188.2144999690354
optimistic,150,nearest_available,3,3,3,t00425-c00120,120,425,3,0,3,True,False,satisfied,16.6181,16.0,20,1,21.844249917194247,92.43974997662008,0.0310409814119339,0.018666964024305344,92.48945792205632
optimistic,150,nearest_available,3,3,3,t00426-c00127,127,426,8,0,8,True,False,satisfied,20.3311,20.0,40,1,71.46875001490116,475.3789999522269,0.031125033274292946,0.01837499439716339,475.42849997989833
optimistic,150,nearest_available,3,3,3,t00429-c00132,132,429,2,0,2,True,False,satisfied,19.3912,19.6,49,1,82.30099990032613,171.16550006903708,0.03224983811378479,0.018208054825663567,171.21595796197653
optimistic,150,nearest_available,3,3,3,t00430-c00009,9,430,3,0,3,True,False,satisfied,19.5183,20.0,25,1,30.363084049895406,186.48458388634026,0.0171661376953125,0.015833880752325058,186.5175839047879
optimistic,150,nearest_available,3,3,3,t00430-c00137,137,430,2,0,2,True,False,satisfied,22.0783,22.2,37,1,60.37270789965987,116.27245787531137,70.26433409191668,0.007333001121878624,186.54412496834993
optimistic,150,nearest_available,3,3,3,t00432-c00049,49,432,9,0,9,True,False,satisfied,19.1152,18.9,27,1,36.02029103785753,334.18841613456607,0.025374814867973328,0.017667189240455627,334.2314581386745
optimistic,150,nearest_available,3,3,3,t00435-c00018,18,435,7,0,7,True,False,satisfied,16.576,16.8,24,1,34.72358291037381,242.27470788173378,0.023875152692198753,0.01974985934793949,242.3183328937739
optimistic,150,nearest_available,3,3,3,t00438-c00079,79,438,7,0,7,True,False,satisfied,14.1321,14.4,24,1,36.892417119815946,218.2525829412043,0.024667009711265564,0.01600012183189392,218.29325007274747
optimistic,150,nearest_available,3,3,3,t00439-c00021,21,439,3,0,3,True,False,satisfied,23.8842,24.0,48,1,62.50533298589289,238.12224995344877,0.01937500201165676,0.016249949112534523,238.15787490457296
optimistic,150,nearest_available,3,3,3,t00440-c00004,4,440,2,0,2,True,False,satisfied,24.106,24.6,41,1,598.1013749260455,1010.7241671066731,45.30524997971952,0.014999881386756897,1056.0444169677794
optimistic,150,nearest_available,3,3,3,t00440-c00122,122,440,4,0,4,True,False,satisfied,18.6611,19.0,38,1,598.0404168367386,1055.9499168302864,0.11204206384718418,0.0076659489423036575,1056.0696248430759
optimistic,150,nearest_available,3,3,3,t00441-c00003,3,441,2,0,2,True,False,satisfied,27.0503,27.2,68,1,205.40195796638727,420.1987918931991,247.5603329949081,0.016249949112534523,667.7753748372197
optimistic,150,nearest_available,3,3,3,t00441-c00117,117,441,6,0,6,True,False,satisfied,25.4269,25.8,43,1,99.87733303569257,667.6817080006003,0.12020813301205635,0.009124865755438805,667.8110409993678
optimistic,150,nearest_available,3,3,3,t00442-c00011,11,442,2,0,2,True,False,satisfied,20.6654,20.8,26,1,71.17554103024304,323.0670001357794,36.60812508314848,0.015999889001250267,359.6911251079291
optimistic,150,nearest_available,3,3,3,t00442-c00121,121,442,3,0,3,True,False,satisfied,21.6038,21.7,31,1,36.6049581207335,359.5892081502825,0.12199999764561653,0.007541850209236145,359.71874999813735
optimistic,150,nearest_available,3,3,3,t00443-c00027,27,443,8,0,8,True,False,satisfied,16.124,16.8,24,1,36.46133397705853,253.43125010840595,0.022958964109420776,0.016916077584028244,253.4711251500994
optimistic,150,nearest_available,3,3,3,t00446-c00148,148,446,2,0,2,True,False,no_show,22.5363,0.0,0,1,35.88233306072652,87.87874993868172,0.030833063647150993,0.0174578744918108,87.92704087682068
optimistic,150,nearest_available,3,3,3,t00448-c00070,70,448,7,0,7,True,False,satisfied,28.8711,29.2,73,1,99.37599999830127,1011.1090419813991,0.029833056032657623,0.022999942302703857,1011.1618749797344
optimistic,150,nearest_available,3,3,3,t00450-c00072,72,450,5,0,5,True,False,satisfied,18.791,18.8,47,1,86.27587486989796,382.3244997765869,0.02850010059773922,0.02008303999900818,382.37308291718364
optimistic,150,nearest_available,3,3,3,t00452-c00006,6,452,4,0,4,True,False,satisfied,13.2694,13.3,19,1,29.5911671128124,115.05008395761251,0.018750084564089775,0.016333069652318954,115.08516711182892
optimistic,150,nearest_available,3,3,3,t00454-c00032,32,454,10,0,10,True,False,satisfied,15.8699,15.6,39,1,68.75170790590346,691.0381249617785,0.027250032871961594,0.022416934370994568,691.0877919290215
optimistic,150,nearest_available,3,3,3,t00457-c00030,30,457,9,0,9,True,False,no_show,26.753,0.0,0,1,56.19816714897752,1091.8160839937627,0.02737506292760372,0.02245791256427765,1091.8659169692546
optimistic,150,nearest_available,3,3,3,t00457-c00066,66,457,5,0,5,True,False,cancelled_late,21.3666,0.0,0,1,178.9270001463592,1091.7629590258002,0.14029094018042088,0.009624985978007317,1091.9128749519587
optimistic,150,nearest_available,3,3,3,t00457-c00071,71,457,2,0,2,True,False,satisfied,28.3709,28.8,36,1,209.12029198370874,322.22374994307756,769.7004999499768,0.00700005330145359,1091.9312499463558
optimistic,150,nearest_available,3,3,3,t00459-c00066,66,459,5,0,5,True,False,cancelled_early,14.3526,0.0,0,1,37.354541942477226,151.5688339713961,0.023707980290055275,0.017666956409811974,151.61020890809596
optimistic,150,nearest_available,3,3,3,t00460-c00066,66,460,5,0,5,True,False,cancelled_early,26.6811,0.0,0,1,179.3830411043018,722.4807911552489,0.026583904400467873,0.01808302477002144,722.5254580844194
optimistic,150,nearest_available,3,3,3,t00460-c00094,94,460,5,0,5,True,False,satisfied,18.2035,18.4,46,1,179.33245794847608,722.4302918184549,0.14812499284744263,0.008750008419156075,722.5871668197215
optimistic,150,nearest_available,3,3,3,t00461-c00066,66,461,3,0,3,True,False,satisfied,20.7396,21.0,35,1,41.024416917935014,139.79933387599885,0.02350006252527237,0.01737498678267002,139.8402089253068
optimistic,150,nearest_available,3,3,3,t00463-c00131,131,463,5,0,5,True,False,cancelled_late,21.7869,0.0,0,1,42.854624800384045,175.564874894917,0.03158301115036011,0.01895800232887268,175.61541590839624
optimistic,150,nearest_available,3,3,3,t00464-c00034,34,464,3,0,3,True,False,cancelled_early,17.9572,0.0,0,1,21.68941590934992,114.7956249769777,0.02245791256427765,0.016333069652318954,114.8344159591943
optimistic,150,nearest_available,3,3,3,t00465-c00024,24,465,3,0,3,True,False,cancelled_early,26.3985,0.0,0,1,36.314958008006215,673.641833011061,0.021374784409999847,0.019875122234225273,673.6830829177052
optimistic,150,nearest_available,3,3,3,t00465-c00034,34,465,3,0,3,True,False,satisfied,17.815,18.2,26,1,140.8828750718385,591.0136250313371,82.71291689015925,0.007833121344447136,673.7343750428408
optimistic,150,nearest_available,3,3,3,t00465-c00059,59,465,3,0,3,True,False,satisfied,30.0976,30.4,38,1,140.83962491713464,590.9701250493526,82.75291696190834,0.005624955520033836,673.728666966781
optimistic,150,nearest_available,3,3,3,t00466-c00024,24,466,2,0,2,True,False,satisfied,22.5529,23.2,29,1,88.20970798842609,288.21954084560275,16.887167003005743,0.015167053788900375,305.1218749023974
optimistic,150,nearest_available,3,3,3,t00466-c00131,131,466,6,0,6,True,False,satisfied,20.7654,20.8,26,1,39.10566703416407,305.0270420499146,0.11849985457956791,0.009333016350865364,305.15487492084503
optimistic,150,nearest_available,3,3,3,t00467-c00112,112,467,7,0,7,True,False,satisfied,23.7842,23.8,34,1,54.003250086680055,601.3490420300514,0.031708041206002235,0.022916821762919426,601.4036668930203
optimistic,150,nearest_available,3,3,3,t00467-c00133,133,467,2,0,2,True,False,satisfied,27.784,28.0,70,1,154.60012503899634,399.76266701705754,201.66737493127584,0.007416121661663055,601.437458069995
optimistic,150,nearest_available,3,3,3,t00469-c00106,106,469,1,2,1,True,False,satisfied,14.4804,14.4,24,1,465.4899591114372,465.4899591114372,54.516624892130494,0.014750054106116295,520.0213340576738
optimistic,150,nearest_available,3,3,3,t00469-c00118,118,469,7,0,7,True,False,satisfied,18.4432,18.5,37,1,61.64650013670325,398.5152500681579,0.03237486816942692,0.01850002445280552,398.56612496078014
optimistic,150,nearest_available,3,3,3,t00471-c00147,147,471,2,0,2,True,False,cancelled_early,19.4163,0.0,0,1,27.210916159674525,119.04845805838704,0.111832981929183,0.007834052667021751,119.16812509298325
optimistic,150,nearest_available,3,3,3,t00472-c00102,102,472,3,0,3,True,False,cancelled_late,17.2407,0.0,0,1,137.67962506972253,272.0397498924285,154.32866709306836,0.01708301715552807,426.3855000026524
optimistic,150,nearest_available,3,3,3,t00472-c00147,147,472,7,0,7,True,False,satisfied,18.1831,18.6,31,1,38.880708860233426,426.29012488760054,0.13366714119911194,0.009041978046298027,426.43283400684595
optimistic,150,nearest_available,3,3,3,t00473-c00102,102,473,3,0,3,True,False,no_show,19.4555,0.0,0,1,54.909874917939305,154.3952499050647,0.03041699528694153,0.015167053788900375,154.44083395414054
optimistic,150,nearest_available,3,3,3,t00482-c00130,130,482,2,0,2,True,False,satisfied,33.5997,33.6,84,1,278.1874588690698,565.4400419443846,0.02787495031952858,0.015167053788900375,565.483083948493
optimistic,150,nearest_available,3,3,3,t00484-c00148,148,484,5,0,5,True,False,satisfied,24.0482,24.5,35,1,56.83841719292104,254.42970800213516,0.10116701014339924,0.06512505933642387,254.59600007161498
optimistic,150,nearest_available,3,3,3,t00486-c00074,74,486,6,0,6,True,False,satisfied,24.1715,15.4,22,1,237.21270798705518,624.1501250769943,0.026582973077893257,0.01887488178908825,624.1955829318613
optimistic,150,nearest_available,3,3,3,t00487-c00054,54,487,3,0,3,True,False,satisfied,15.7458,16.0,20,1,28.56608317233622,79.28316714242101,0.026291003450751305,0.020499806851148605,79.3299579527229
optimistic,150,nearest_available,3,3,3,t00491-c00041,41,491,5,0,5,True,False,cancelled_early,17.0303,0.0,0,1,33.21512485854328,131.24108384363353,0.020791077986359596,0.015374971553683281,131.27724989317358
optimistic,150,nearest_available,3,3,3,t00492-c00041,41,492,2,0,2,True,False,satisfied,17.2789,17.6,22,1,54.34100003913045,88.12979212962091,83.6122918408364,0.015041092410683632,171.757125062868
optimistic,150,nearest_available,3,3,3,t00492-c00091,91,492,3,0,3,True,False,no_show,17.1829,0.0,0,1,30.74683411978185,171.6704999562353,0.10712514631450176,0.007583992555737495,171.78520909510553
optimistic,150,nearest_available,3,3,3,t00493-c00083,83,493,5,0,5,True,False,cancelled_late,23.3035,0.0,0,1,64.14612499065697,254.5748339034617,0.02454104833304882,0.014709075912833214,254.61408402770758
optimistic,150,nearest_available,3,3,3,t00494-c00013,13,494,3,0,3,True,False,satisfied,22.238,22.4,56,1,250.9803338907659,610.5279589537531,0.020458130165934563,0.020249979570508003,610.5686670634896
optimistic,150,nearest_available,3,3,3,t00494-c00030,30,494,4,0,4,True,False,satisfied,33.892,34.4,43,1,66.92345906049013,393.40095897205174,217.20195817761123,0.008541857823729515,610.6114590074867
optimistic,150,nearest_available,3,3,3,t00496-c00001,1,496,5,0,5,True,False,satisfied,22.4707,15.6,26,1,76.80087513290346,273.8727501127869,0.03858399577438831,0.05387491546571255,273.965209024027
optimistic,150,nearest_available,3,3,3,t00497-c00028,28,497,16,0,16,True,False,satisfied,24.05,24.4,61,1,132.2175411041826,2334.991666022688,11.998709058389068,0.023290980607271194,2347.0136660616845
optimistic,150,nearest_available,3,3,3,t00497-c00082,82,497,6,0,6,True,False,satisfied,17.255,4.0,5,1,346.3325840421021,2346.894250018522,0.15012500807642937,0.009791925549507141,2347.054166952148
optimistic,150,nearest_available,3,3,3,t00499-c00063,63,499,5,0,5,True,False,satisfied,14.1065,14.4,24,1,188.34200012497604,753.4903341438621,590.7174998428673,0.016750069335103035,1344.2245840560645
optimistic,150,nearest_available,3,3,3,t00499-c00083,83,499,6,0,6,True,False,satisfied,24.8902,18.0,30,1,152.55187498405576,1344.1278750542551,0.1363328192383051,0.009542098268866539,1344.2737499717623
optimistic,150,nearest_available,3,3,3,t00499-c00136,136,499,5,0,5,True,False,satisfied,27.0162,27.3,39,1,152.5069591589272,1344.0825419966131,0.18274993635714054,0.005917157977819443,1344.271209090948
optimistic,150,nearest_available,3,3,3,t00499-c00144,144,499,2,0,2,True,False,satisfied,19.296,19.5,39,1,285.2159591857344,385.32191701233387,958.9344169944525,0.005708076059818268,1344.2620420828462
optimistic,150,nearest_available,3,3,3,t00501-c00025,25,501,2,0,2,True,False,satisfied,17.8576,17.4,29,1,83.97583407349885,210.5602091178298,0.01754099503159523,0.014374963939189911,210.59212507680058
optimistic,150,nearest_available,3,3,3,t00501-c00062,62,501,3,0,3,True,False,satisfied,23.3401,24.0,30,1,47.138583147898316,159.3537910375744,51.26191698946059,0.008041970431804657,210.6237499974668
optimistic,150,nearest_available,3,3,3,t00507-c00023,23,507,3,0,3,True,False,satisfied,25.1937,25.2,36,1,43.20462513715029,181.4314580988139,0.022083986550569534,0.016832957044243813,181.4703750424087
optimistic,150,nearest_available,3,3,3,t00511-c00102,102,511,7,0,7,True,False,satisfied,28.4296,28.8,48,1,90.89645789936185,712.1873330324888,0.03233388997614384,0.021707965061068535,712.241374887526
optimistic,150,nearest_available,3,3,3,t00511-c00111,111,511,3,0,3,True,False,satisfied,21.7554,22.1935,28,1,116.91824998706579,367.38599999807775,344.89587508141994,0.008875038474798203,712.2907501179725
optimistic,150,nearest_available,3,3,3,t00513-c00105,105,513,3,0,3,True,False,satisfied,25.4413,25.2,42,1,75.05908282473683,193.970707943663,0.03437488339841366,0.023750122636556625,194.02883294969797
optimistic,150,nearest_available,3,3,3,t00514-c00038,38,514,5,0,5,True,False,satisfied,16.3749,16.5,33,1,85.73091588914394,374.7701249085367,0.021625077351927757,0.01937500201165676,374.81112498790026
optimistic,150,nearest_available,3,3,3,t00514-c00142,142,514,4,0,4,True,False,satisfied,21.0361,21.0,30,1,34.67995789833367,356.75983293913305,18.084000097587705,0.009666895493865013,374.8534999322146
optimistic,150,nearest_available,3,3,3,t00516-c00124,124,516,3,0,3,True,False,satisfied,13.7177,14.4,18,1,22.595041897147894,75.68654185160995,0.028667040169239044,0.01658312976360321,75.73179202154279
optimistic,150,nearest_available,3,3,3,t00518-c00123,123,518,7,0,7,True,False,satisfied,24.2318,24.5,35,1,41.536124888807535,373.8600420765579,0.032499898225069046,0.021750107407569885,373.9142920821905
optimistic,150,nearest_available,3,3,3,t00519-c00092,92,519,6,0,6,True,False,no_show,24.7696,0.0,0,1,56.97862501256168,264.41500009968877,0.046625034883618355,0.018582912161946297,264.48020804673433
optimistic,150,nearest_available,3,3,3,t00522-c00014,14,522,2,0,2,True,False,satisfied,32.637,33.0,55,1,339.6252498496324,795.8770419936627,24.4743749499321,0.03033294342458248,820.3817498870194
optimistic,150,nearest_available,3,3,3,t00522-c00045,45,522,3,0,3,True,False,no_show,20.0217,0.0,0,1,139.3987499177456,393.35995889268816,427.06116614863276,0.009666895493865013,820.4307919368148
optimistic,150,nearest_available,3,3,3,t00522-c00080,80,522,5,0,5,True,False,satisfied,25.6515,15.5,31,1,103.59333385713398,820.2358749695122,0.1863751094788313,0.007833819836378098,820.4300838988274
optimistic,150,nearest_available,3,3,3,t00527-c00091,91,527,8,0,8,True,False,satisfied,22.6952,22.2,37,1,46.45120911300182,463.123416993767,0.029167160391807556,0.01833285205066204,463.1709170062095
optimistic,150,nearest_available,3,3,3,t00528-c00022,22,528,2,0,2,True,False,no_show,20.1191,0.0,0,1,35.72391718626022,101.58383310772479,0.018083956092596054,0.017666025087237358,101.61958308890462
optimistic,150,nearest_available,3,3,3,t00530-c00065,65,530,13,0,13,True,False,satisfied,18.4157,18.8,47,1,72.33500014990568,1142.5699579995126,0.03570900298655033,0.026333145797252655,1142.6320001482964
optimistic,150,nearest_available,3,3,3,t00532-c00035,35,532,4,0,4,True,False,satisfied,23.0838,23.1,33,1,41.17883392609656,188.44737485051155,0.026541994884610176,0.023999949917197227,188.49791679531336
optimistic,150,nearest_available,3,3,3,t00541-c00044,44,541,5,0,5,True,False,satisfied,22.3944,21.0,42,1,79.67445906251669,329.52654198743403,0.022625084966421127,0.01937500201165676,329.5685420744121
optimistic,150,nearest_available,3,3,3,t00542-c00139,139,542,4,0,4,True,False,satisfied,22.5964,22.8,57,1,115.74224987998605,465.6577908899635,0.03633392043411732,0.02400018274784088,465.71812499314547
optimistic,150,nearest_available,3,3,3,t00545-c00058,58,545,7,0,7,True,False,satisfied,20.6725,20.8804,35,1,166.33504093624651,2309.9467079155147,395.4443749971688,0.025875167921185493,2705.4169580806047
optimistic,150,nearest_available,3,3,3,t00545-c00095,95,545,8,0,8,True,False,satisfied,17.7627,18.0,45,1,626.5855829697102,2705.303375143558,0.14491681940853596,0.012708129361271858,2705.4610000923276
optimistic,150,nearest_available,3,3,3,t00545-c00100,100,545,6,0,6,True,False,satisfied,19.3556,19.5,39,1,626.5402080025524,2625.3652907907963,80.08833415806293,0.007916009053587914,2705.461540957913
optimistic,150,nearest_available,3,3,3,t00545-c00107,107,545,16,0,16,True,False,satisfied,20.183,20.8,26,1,37.906542187556624,2309.797750087455,395.65958292223513,0.010875053703784943,2705.468208063394
optimistic,150,nearest_available,3,3,3,t00547-c00146,146,547,2,0,2,True,False,satisfied,23.9678,24.0,40,1,66.37154193595052,134.88470786251128,0.03216695040464401,0.014667166396975517,134.9315419793129
optimistic,150,nearest_available,3,3,3,t00549-c00126,126,549,3,0,3,True,False,satisfied,22.8381,23.2,58,1,119.8036668356508,356.4210420008749,0.030082883313298225,0.01800013706088066,356.46912502124906
optimistic,150,nearest_available,3,3,3,t00555-c00115,115,555,3,0,3,True,False,satisfied,16.4498,16.5,33,1,36.813458893448114,141.42379187978804,0.027875183150172234,0.015374971553683281,141.4670420344919
optimistic,150,nearest_available,3,3,3,t00556-c00082,82,556,5,0,5,True,False,no_show,28.3469,0.0,0,1,44.43129198625684,269.3430830258876,0.026084017008543015,0.014790799468755722,269.3839578423649
optimistic,150,nearest_available,3,3,3,t00557-c00119,119,557,4,0,4,True,False,satisfied,19.3471,19.2,48,1,63.010709127411246,302.93608410283923,0.03087497316300869,0.019165920093655586,302.9861249960959
optimistic,150,nearest_available,3,3,3,t00559-c00092,92,559,3,0,3,True,False,satisfied,29.0254,29.3682,42,1,55.24604092352092,258.8309580460191,34.65458285063505,0.016292091459035873,293.50183298811316
optimistic,150,nearest_available,3,3,3,t00559-c00145,145,559,2,0,2,True,False,no_show,22.0136,0.0,0,1,187.8270839806646,293.4074169024825,0.12387498281896114,0.00758306123316288,293.53887494653463
optimistic,150,nearest_available,3,3,3,t00561-c00000,0,561,2,0,2,True,False,satisfied,19.9193,20.0,25,1,71.53475005179644,148.95762503147125,232.18454187735915,0.01879199407994747,381.16095890291035
optimistic,150,nearest_available,3,3,3,t00561-c00096,96,561,7,0,7,True,False,satisfied,24.2274,24.8,31,1,48.77700004726648,381.0688750818372,0.12983288615942,0.010209158062934875,381.20891712605953
optimistic,150,nearest_available,3,3,3,t00562-c00026,26,562,3,0,3,True,False,satisfied,21.9788,22.0,55,1,74.18120792135596,287.85312501713634,0.018208054825663567,0.014541903510689735,287.8858749754727
optimistic,150,nearest_available,3,3,3,t00563-c00045,45,563,4,0,4,True,False,satisfied,24.9623,25.2,42,1,60.41683396324515,246.1369999218732,0.024416949599981308,0.01837499439716339,246.17979186587036
optimistic,150,nearest_available,3,3,3,t00564-c00002,2,564,9,0,9,True,False,satisfied,17.4211,17.6,22,1,102.98395808786154,1020.464250119403,0.021541956812143326,0.018415972590446472,1020.5042080488056
optimistic,150,nearest_available,3,3,3,t00564-c00017,17,564,3,0,3,True,False,satisfied,13.4182,13.6,17,1,244.4215000141412,808.5887918714434,211.94266714155674,0.008165836334228516,1020.5396248493344
optimistic,150,nearest_available,3,3,3,t00564-c00057,57,564,4,0,4,True,False,cancelled_late,11.8339,0.0,0,1,102.8836250770837,634.7396250348538,385.7849999330938,0.00662519596517086,1020.5312501639128
optimistic,150,nearest_available,3,3,3,t00564-c00073,73,564,6,0,6,True,False,satisfied,25.9757,26.0,52,1,219.39312480390072,1000.9008338674903,19.630250055342913,0.0070410314947366714,1020.5381249543279
optimistic,150,nearest_available,3,3,3,t00565-c00057,57,565,8,0,8,True,False,satisfied,19.2826,19.8,33,1,44.66166580095887,402.3395830299705,0.027499860152602196,0.017208047211170197,402.3842909373343
optimistic,150,nearest_available,3,3,3,t00566-c00086,86,566,21,0,21,True,False,cancelled_late,23.0296,0.0,0,1,81.61758305504918,1721.0564168635756,0.042291125282645226,0.023166881874203682,1721.1218748707324
optimistic,150,nearest_available,3,3,3,t00567-c00022,22,567,2,0,2,True,False,satisfied,20.7551,21.0,35,1,33.52304198779166,73.71733384206891,0.02058316022157669,0.01737498678267002,73.75529198907316
optimistic,150,nearest_available,3,3,3,t00569-c00016,16,569,6,0,6,True,False,satisfied,7.1337,7.2,18,1,74.40441683866084,909.646957879886,38.2218339946121,0.014625024050474167,947.8834168985486
optimistic,150,nearest_available,3,3,3,t00569-c00040,40,569,7,0,7,True,False,satisfied,24.1096,24.5,35,1,46.96562513709068,947.799582965672,0.10812515392899513,0.00937492586672306,947.9170830454677
optimistic,150,nearest_available,3,3,3,t00569-c00101,101,569,3,0,3,True,False,satisfied,18.6083,18.8,47,1,224.2545410990715,763.2512080017477,184.65358298271894,0.005749985575675964,947.9105409700423
optimistic,150,nearest_available,3,3,3,t00570-c00097,97,570,4,0,4,True,False,satisfied,15.3224,15.4,22,1,33.24879193678498,134.97195788659155,0.029999995604157448,0.017083948478102684,135.0190418306738
optimistic,150,nearest_available,3,3,3,t00571-c00086,86,571,8,0,8,True,False,satisfied,18.4411,18.5,37,1,41.840916965156794,427.0743748638779,0.029333168640732765,0.017958926036953926,427.1216669585556
optimistic,150,nearest_available,3,3,3,t00572-c00084,84,572,5,0,5,True,False,cancelled_early,17.9164,0.0,0,1,56.60929111763835,356.8337499164045,0.032125040888786316,0.028416048735380173,356.89429100602865
optimistic,150,nearest_available,3,3,3,t00573-c00084,84,573,16,0,16,True,False,satisfied,20.7433,20.8,52,1,99.2158749140799,1538.3432081434876,0.037041958421468735,0.029999995604157448,1538.4102500975132
optimistic,150,nearest_available,3,3,3,t00574-c00103,103,574,3,0,3,True,False,no_show,24.2968,0.0,0,1,33.13870797865093,120.70958293043077,0.026833033189177513,0.016208970919251442,120.7526249345392
optimistic,150,nearest_available,3,3,3,t00576-c00093,93,576,6,0,6,True,False,satisfied,17.0887,17.5,25,1,26.787249837070704,174.42874982953072,0.02808310091495514,0.01895800232887268,174.47579093277454
optimistic,150,nearest_available,3,3,3,t00578-c00109,109,578,2,0,2,True,False,satisfied,25.6643,26.0,52,1,108.22770791128278,205.86733287200332,0.028250040486454964,0.01841713674366474,205.91400004923344
optimistic,150,nearest_available,3,3,3,t00580-c00056,56,580,3,0,3,True,False,cancelled_early,19.6339,0.0,0,1,28.25012500397861,92.34662493690848,0.02133287489414215,0.016042031347751617,92.38399984315038
optimistic,150,nearest_available,3,3,3,t00581-c00056,56,581,5,0,5,True,False,no_show,24.5004,0.0,0,1,45.943125151097775,201.70054212212563,0.02287491224706173,0.016292091459035873,201.73970912583172
optimistic,150,nearest_available,3,3,3,t00582-c00081,81,582,11,0,11,True,False,satisfied,25.2415,25.5,51,1,75.46674995683134,929.5182079076767,0.03237510100007057,0.020333100110292435,929.5709161087871
optimistic,150,nearest_available,3,3,3,t00584-c00114,114,584,7,0,7,True,False,satisfied,17.3452,17.5,35,1,53.9432920049876,322.54366716369987,0.03195786848664284,0.016875099390745163,322.59250013157725
optimistic,150,nearest_available,3,3,3,t00587-c00079,79,587,2,0,2,True,False,satisfied,15.5606,15.6,26,1,34.248749958351254,78.58341583050787,0.02300017513334751,0.016249949112534523,78.62266595475376
optimistic,150,nearest_available,3,3,3,t00589-c00104,104,589,2,0,2,True,False,satisfied,15.8686,16.0,20,1,84.47487512603402,294.0149172209203,13.84320785291493,0.014666933566331863,307.8727920074016
optimistic,150,nearest_available,3,3,3,t00589-c00120,120,589,9,0,9,True,False,no_show,15.3886,0.0,0,1,29.085333924740553,307.78204184025526,0.11329213157296181,0.0100000761449337,307.90533404797316
optimistic,150,nearest_available,3,3,3,t00591-c00043,43,591,3,0,3,True,False,cancelled_late,17.8418,0.0,0,1,33.841249998658895,116.88674986362457,0.021958956494927406,0.014708144590258598,116.92341696470976
optimistic,150,nearest_available,3,3,3,t00592-c00145,145,592,3,0,3,True,False,satisfied,27.5993,28.0,35,1,37.687249947339296,156.1537911184132,0.0314170029014349,0.01829187385737896,156.20349999517202
optimistic,150,nearest_available,3,3,3,t00593-c00050,50,593,5,0,5,True,False,no_show,19.0093,0.0,0,1,175.91779120266438,535.1214581169188,114.88841706886888,0.015165889635682106,650.0250410754234
optimistic,150,nearest_available,3,3,3,t00593-c00051,51,593,7,0,7,True,False,satisfied,24.0784,24.5,35,1,175.87383394129574,649.9423340428621,0.09887502528727055,0.009290874004364014,650.0504999421537
optimistic,150,nearest_available,3,3,3,t00595-c00006,6,595,6,0,6,True,False,satisfied,21.0401,21.7,31,1,142.29054213501513,647.7056671865284,61.771041015163064,0.019208993762731552,709.4959171954542
optimistic,150,nearest_available,3,3,3,t00595-c00098,98,595,5,0,5,True,False,cancelled_late,21.8259,0.0,0,1,109.23533304594457,709.4010831788182,0.12379186227917671,0.008207978680729866,709.5330830197781
optimistic,150,nearest_available,3,3,3,t00596-c00043,43,596,5,0,5,True,False,satisfied,17.3974,17.5,25,1,45.162583934143186,248.72962501831353,40.03245895728469,0.017791055142879486,288.7798750307411
optimistic,150,nearest_available,3,3,3,t00596-c00052,52,596,4,0,4,True,False,cancelled_early,20.9214,0.0,0,1,22.85791700705886,288.6877078562975,0.12595904991030693,0.00900006853044033,288.82266697473824
optimistic,150,nearest_available,3,3,3,t00597-c00052,52,597,3,0,3,True,False,satisfied,22.0187,22.4,28,1,41.50983295403421,105.92825012281537,0.023916829377412796,0.017458107322454453,105.96962505951524
optimistic,150,nearest_available,3,3,3,t00598-c00075,75,598,2,0,2,True,False,satisfied,19.1366,19.5,39,1,41.26791609451175,99.78404105640948,0.02591707743704319,0.0160830095410347,99.82604114338756
optimistic,150,nearest_available,3,3,3,t00599-c00082,82,599,2,0,2,True,False,satisfied,29.7661,30.4,38,1,309.1257920023054,482.35450009815395,20.81979182548821,0.01670815981924534,503.1910000834614
optimistic,150,nearest_available,3,3,3,t00599-c00110,110,599,9,0,9,True,False,no_show,14.6712,0.0,0,1,17.204332863911986,503.09604103676975,0.13879197649657726,0.011041993275284767,503.2458750065416
optimistic,150,nearest_available,3,3,3,t00601-c00098,98,601,5,0,5,True,False,satisfied,17.7082,18.0,45,1,78.72379198670387,338.5333330370486,0.028499867767095566,0.019292114302515984,338.5811250191182
optimistic,150,nearest_available,3,3,3,t00603-c00005,5,603,2,0,2,True,False,cancelled_late,18.6593,0.0,0,1,32.976208021864295,108.94066584296525,0.019249971956014633,0.014792196452617645,108.97470801137388
optimistic,150,nearest_available,3,3,3,t00606-c00007,7,606,3,0,3,True,False,satisfied,21.2821,18.0,36,1,146.94199990481138,654.6513340435922,413.05149998515844,0.014666002243757248,1067.7175000309944
optimistic,150,nearest_available,3,3,3,t00606-c00087,87,606,9,0,9,True,False,no_show,18.5565,0.0,0,1,80.45087498612702,1067.6332921721041,0.10891584679484367,0.010292045772075653,1067.752500064671
optimistic,150,nearest_available,3,3,3,t00606-c00143,143,606,7,0,7,True,False,satisfied,20.8048,21.0,30,1,80.4068329744041,1046.8342078384012,20.911209052428603,0.007250113412737846,1067.7526670042425
optimistic,150,nearest_available,3,3,3,t00608-c00005,5,608,2,0,2,True,False,no_show,14.9174,0.0,0,1,22.414916893467307,80.51104191690683,0.018333084881305695,0.01491699367761612,80.54429199546576
optimistic,150,nearest_available,3,3,3,t00609-c00103,103,609,7,0,7,True,False,satisfied,28.6655,28.8,36,1,58.77295904792845,379.87824995070696,0.03700004890561104,0.02733408473432064,379.9425840843469
optimistic,150,nearest_available,3,3,3,t00611-c00120,120,611,2,0,2,True,False,satisfied,14.1776,14.4,18,1,29.462500009685755,65.02137496136129,0.02850010059773922,0.01908303238451481,65.06895809434354
optimistic,150,nearest_available,3,3,3,t00614-c00033,33,614,6,0,6,True,False,satisfied,20.2545,20.4,34,1,143.43954110518098,528.0756249558181,0.023750122636556625,0.018415972590446472,528.1177910510451
optimistic,150,nearest_available,3,3,3,t00614-c00138,138,614,4,0,4,True,False,cancelled_late,20.7327,0.0,0,1,143.38041609153152,421.26929108053446,106.8787497933954,0.007417052984237671,528.1554579269141
optimistic,150,nearest_available,3,3,3,t00615-c00060,60,615,6,0,6,True,False,no_show,23.1062,0.0,0,1,115.4868749435991,579.7294578514993,0.024875160306692123,0.018833903595805168,579.7731669154018
optimistic,150,nearest_available,3,3,3,t00615-c00067,67,615,3,0,3,True,False,no_show,31.5236,0.0,0,1,68.92616604454815,552.9772080481052,26.83066693134606,0.027208123356103897,579.8350831028074
optimistic,150,nearest_available,3,3,3,t00615-c00149,149,615,2,0,2,True,False,satisfied,19.6898,12.0,15,1,129.485750105232,165.95050017349422,413.8683339115232,0.006458023563027382,579.8252921085805
optimistic,150,nearest_available,3,3,3,t00617-c00085,85,617,3,0,3,True,False,satisfied,23.5932,24.0,48,1,69.52370796352625,215.75062489137053,0.02733292058110237,0.017084181308746338,215.79504199326038
optimistic,150,nearest_available,3,3,3,t00619-c00029,29,619,7,0,7,True,False,satisfied,15.6569,16.0,32,1,50.32249982468784,534.0031248051673,0.0235831830650568,0.020333798602223396,534.0470417868346
optimistic,150,nearest_available,3,3,3,t00619-c00056,56,619,2,0,2,True,False,no_show,21.4232,0.0,0,1,127.59004184044898,500.9091249667108,33.17549987696111,0.00958307646214962,534.0942079201341
optimistic,150,nearest_available,3,3,3,t00619-c00110,110,619,3,0,3,True,False,satisfied,26.6931,27.2,34,1,93.09308393858373,345.61283397488296,188.4741249959916,0.007291091606020927,534.0942500624806
optimistic,150,nearest_available,3,3,3,t00620-c00138,138,620,6,0,6,True,False,satisfied,22.9478,23.2,29,1,60.19041710533202,257.7297920361161,0.03491691313683987,0.01795799471437931,257.78266694396734
optimistic,150,nearest_available,3,3,3,t00621-c00106,106,621,9,0,9,True,False,satisfied,14.8738,15.0,25,1,38.73141692019999,299.0558750461787,0.03220885992050171,0.018750084564089775,299.1068339906633
optimistic,150,nearest_available,3,3,3,t00622-c00047,47,622,2,0,2,True,False,satisfied,14.8684,15.0,30,1,38.177415961399674,96.60383290611207,0.020042061805725098,0.016916077584028244,96.64079104550183
optimistic,150,nearest_available,3,3,3,t00623-c00012,12,623,4,0,4,True,False,satisfied,30.529,31.0,62,1,130.4773329757154,666.4314169902354,189.56404086202383,0.022292137145996094,856.0177499894053
optimistic,150,nearest_available,3,3,3,t00623-c00042,42,623,2,0,2,True,False,satisfied,25.0686,25.2,63,1,290.7831671182066,855.9218340087682,0.12391596101224422,0.0077500008046627045,856.0534999705851
optimistic,150,nearest_available,3,3,3,t00624-c00036,36,624,2,0,2,True,False,satisfied,21.0102,18.5,37,1,96.4847500436008,304.7453330364078,0.018625054508447647,0.015042023733258247,304.77900011464953
optimistic,150,nearest_available,3,3,3,t00624-c00088,88,624,2,0,2,True,False,satisfied,27.5108,23.5,47,1,54.941584123298526,207.16862520202994,97.62762486934662,0.007709022611379623,304.80395909398794
optimistic,150,nearest_available,3,3,3,t00627-c00125,125,627,3,0,3,True,False,satisfied,9.6005,3.5,5,1,12.459333054721355,62.91958293877542,0.029208138585090637,0.013459008187055588,62.962250085547566
optimistic,150,nearest_available,3,3,3,t00629-c00050,50,629,9,0,9,True,False,cancelled_late,24.4856,0.0,0,1,47.858540900051594,483.13499987125397,0.025290995836257935,0.01912517473101616,483.17941604182124
optimistic,150,nearest_available,3,3,3,t00629-c00061,61,629,2,0,2,True,False,cancelled_early,27.9975,0.0,0,1,133.55683302506804,449.7385418508202,33.4794579539448,0.006917165592312813,483.2249169703573
optimistic,150,nearest_available,3,3,3,t00630-c00061,61,630,2,0,2,True,False,satisfied,11.8849,10.4,13,1,16.46212488412857,47.07429185509682,0.024416949599981308,0.01637497916817665,47.115083783864975
optimistic,150,nearest_available,3,3,3,t00631-c00068,68,631,6,0,6,True,False,satisfied,18.1956,16.4,41,1,43.91470807604492,430.70204090327024,0.026541994884610176,0.017375219613313675,430.74595811776817
optimistic,150,nearest_available,3,3,3,t00632-c00050,50,632,14,0,14,True,False,satisfied,26.1972,26.4,33,1,51.49366706609726,678.3213750459254,0.030125025659799576,0.019624829292297363,678.3711249008775
optimistic,150,nearest_available,3,3,3,t00633-c00046,46,633,6,0,6,True,False,satisfied,28.677,28.8,48,1,119.5334589574486,627.5982919614762,0.02487492747604847,0.01654215157032013,627.6397090405226
optimistic,150,nearest_available,3,3,3,t00633-c00087,87,633,3,0,3,True,False,satisfied,17.6471,18.4,23,1,149.50445806607604,484.7296660300344,142.93858385644853,0.007958151400089264,627.676208037883
optimistic,150,nearest_available,3,3,3,t00636-c00140,140,636,10,0,10,True,False,satisfied,21.4823,21.7,31,1,33.290915889665484,485.79741595312953,0.038250116631388664,0.020624836906790733,485.8562909066677
optimistic,150,nearest_available,3,3,3,t00638-c00049,49,638,17,0,17,True,False,cancelled_early,20.1246,0.0,0,1,42.454042006284,750.8476669900119,0.03945804201066494,0.027125002816319466,750.9142500348389
optimistic,150,nearest_available,3,3,3,t00639-c00049,49,639,5,0,5,True,False,satisfied,21.9737,22.0877,32,1,149.47679196484387,1278.0193339567631,108.21558302268386,0.0202918890863657,1386.2552088685334
optimistic,150,nearest_available,3,3,3,t00639-c00053,53,639,2,0,2,True,False,satisfied,22.9482,23.2,58,1,524.0426252130419,727.5875420309603,658.70420797728,0.008500181138515472,1386.3002501893789
optimistic,150,nearest_available,3,3,3,t00639-c00077,77,639,16,0,16,True,False,no_show,18.5025,0.0,0,1,59.21195796690881,1386.1110410653055,0.18933392129838467,0.011415919288992882,1386.3117909058928
optimistic,150,nearest_available,3,3,3,t00640-c00019,19,640,2,0,2,True,False,satisfied,15.802,14.4,18,1,728.5979168955237,1248.8334169611335,1356.0947079677135,0.025208108127117157,2604.953333036974
optimistic,150,nearest_available,3,3,3,t00640-c00069,69,640,18,0,18,True,False,satisfied,24.8444,25.2,63,1,132.54670798778534,2604.8509581014514,0.15091686509549618,0.014458084478974342,2605.016333051026
optimistic,150,nearest_available,3,3,3,t00640-c00078,78,640,3,0,3,True,False,satisfied,20.5041,20.8,26,1,763.2852080278099,2093.622290994972,511.382375145331,0.006834045052528381,2605.0115001853555
optimistic,150,nearest_available,3,3,3,t00641-c00027,27,641,6,0,6,True,False,cancelled_late,18.8268,0.0,0,1,31.27216687425971,905.0312088802457,0.022707972675561905,0.01612515188753605,905.0700420048088
optimistic,150,nearest_available,3,3,3,t00641-c00089,89,641,2,0,2,True,False,satisfied,19.2269,20.0,25,1,161.54741682112217,740.1911248452961,164.93233293294907,0.007834052667021751,905.1312918309122
optimistic,150,nearest_available,3,3,3,t00641-c00090,90,641,5,0,5,True,False,cancelled_late,23.9903,0.0,0,1,133.08541593141854,904.9376249313354,0.18625007942318916,0.006749993190169334,905.1306250039488
optimistic,150,nearest_available,3,3,3,t00642-c00090,90,642,5,0,5,True,False,satisfied,22.1609,22.4,32,1,49.53329102136195,215.31812497414649,0.024833017960190773,0.016417121514678,215.35937511362135
optimistic,150,nearest_available,3,3,3,t00643-c00027,27,643,3,0,3,True,False,satisfied,14.8963,15.4,22,1,22.56029099225998,80.78616601414979,0.01774984411895275,0.017042038962244987,80.82095789723098
optimistic,150,nearest_available,3,3,3,t00647-c00018,18,647,6,0,6,True,False,satisfied,16.7707,16.8,24,1,34.97958416119218,258.32837517373264,0.01987488940358162,0.02545909956097603,258.3737091626972
optimistic,150,nearest_available,3,3,3,t00647-c00032,32,647,2,0,2,True,False,satisfied,13.724,10.8,27,1,51.587834022939205,105.1525839138776,153.23999989777803,0.007958151400089264,258.40054196305573
optimistic,150,nearest_available,3,3,3,t00648-c00015,15,648,2,0,2,True,False,satisfied,21.1746,15.6,26,1,158.09970907866955,309.56425005570054,505.9337499551475,0.016750069335103035,815.5147500801831
optimistic,150,nearest_available,3,3,3,t00648-c00056,56,648,6,0,6,True,False,cancelled_late,26.3045,0.0,0,1,141.7439579963684,777.8008331079036,37.74095792323351,0.009916955605149269,815.5517079867423
optimistic,150,nearest_available,3,3,3,t00648-c00060,60,648,3,0,3,True,False,satisfied,29.2701,29.6,37,1,216.47220803424716,653.6291670054197,161.92504088394344,0.006166985258460045,815.5603748746216
optimistic,150,nearest_available,3,3,3,t00648-c00108,108,648,5,0,5,True,False,satisfied,21.0523,21.5,43,1,73.14500003121793,815.3337500989437,0.20920787937939167,0.006084097549319267,815.5490420758724
optimistic,150,nearest_available,3,3,3,t00649-c00056,56,649,2,0,2,True,False,satisfied,28.9286,29.6,37,1,319.8811251204461,443.9725410193205,21.813041996210814,0.018875114619731903,465.80445813015103
optimistic,150,nearest_available,3,3,3,t00649-c00135,135,649,3,0,3,True,False,no_show,17.5515,0.0,0,1,319.82516683638096,465.70495795458555,0.13595889322459698,0.008416129276156425,465.8493329770863
optimistic,150,nearest_available,3,3,3,t00650-c00005,5,650,3,0,3,True,False,satisfied,22.5827,22.8,57,1,165.4226251412183,1032.308000139892,0.022208085283637047,0.031624920666217804,1032.361833145842
optimistic,150,nearest_available,3,3,3,t00650-c00054,54,650,14,0,14,True,False,cancelled_early,18.7232,0.0,0,1,34.60108395665884,715.405958937481,317.01237498782575,0.015125144273042679,1032.4334590695798
optimistic,150,nearest_available,3,3,3,t00650-c00113,113,650,5,0,5,True,False,satisfied,24.1795,24.8,31,1,210.89429198764265,776.4714579097927,255.97600010223687,0.008499948307871819,1032.4559579603374
optimistic,150,nearest_available,3,3,3,t00651-c00054,54,651,6,0,5,True,False,cancelled_late,21.4505,0.0,0,1,130.67591609433293,393.85383296757936,20.019750110805035,0.015707919374108315,413.8892909977585
optimistic,150,nearest_available,3,3,3,t00651-c00063,63,651,7,0,7,True,False,cancelled_early,14.5482,0.0,0,1,28.094499837607145,413.7996658682823,0.12104213237762451,0.009082956239581108,413.9297909568995
optimistic,150,nearest_available,3,3,3,t00652-c00054,54,652,6,0,6,True,False,satisfied,17.9163,18.4,23,1,66.89424999058247,334.6740829292685,16.26208401285112,0.018208054825663567,350.95437499694526
optimistic,150,nearest_available,3,3,3,t00652-c00063,63,652,7,0,7,True,False,satisfied,13.1883,13.2,22,1,23.14620791003108,350.85166594944894,0.1474169548600912,0.011082971468567848,351.0101658757776
optimistic,150,nearest_available,3,3,3,t00653-c00128,128,653,9,0,9,True,False,satisfied,24.2552,24.6,41,1,68.5710001271218,520.3564171679318,0.03845803439617157,0.022833002731204033,520.4177082050592
optimistic,150,nearest_available,3,3,3,t00654-c00009,9,654,3,0,3,True,False,satisfied,17.8173,18.4,23,1,34.21762492507696,82.62066706083715,0.019416911527514458,0.020832987502217293,82.66091695986688
optimistic,150,nearest_available,3,3,3,t00658-c00127,127,658,2,0,2,True,False,satisfied,14.7933,15.0,30,1,33.13633403740823,92.205666936934,0.02850010059773922,0.01791701652109623,92.25208405405283
optimistic,150,nearest_available,3,3,3,t00664-c00039,39,664,4,0,4,True,False,cancelled_early,24.5346,0.0,0,1,64.2901670653373,885.9058748930693,0.026958994567394257,0.02266606315970421,885.9554999507964
optimistic,150,nearest_available,3,3,3,t00664-c00141,141,664,6,0,6,True,False,cancelled_late,20.9451,0.0,0,1,202.300125034526,837.3297499492764,48.68574999272823,0.010292045772075653,886.0257919877768
optimistic,150,nearest_available,3,3,3,t00665-c00039,39,665,2,0,2,True,False,satisfied,29.184,29.5,59,1,309.6654589753598,620.0763338711113,0.02270820550620556,0.01629185862839222,620.1153339352459
optimistic,150,nearest_available,3,3,3,t00665-c00099,99,665,2,0,2,True,False,satisfied,24.6086,24.8,62,1,309.60575002245605,620.016833068803,0.11616689153015614,0.007833121344447136,620.1408330816776
optimistic,150,nearest_available,3,3,3,t00665-c00141,141,665,1,4,1,True,False,satisfied,26.1413,26.4,66,1,1381.319709122181,1381.319709122181,0.14120782725512981,0.008125090971589088,1381.4690420404077
optimistic,150,nearest_available,3,3,3,t00666-c00064,64,666,2,0,2,True,False,satisfied,23.2193,14.4,18,1,18.370917066931725,58.197875041514635,0.02587493509054184,0.01595914363861084,58.23970912024379
optimistic,150,nearest_available,3,3,3,t00668-c00074,74,668,6,0,6,True,False,satisfied,19.4713,19.6,28,1,43.125374941155314,272.11116696707904,0.028875190764665604,0.01945788972079754,272.1595000475645
optimistic,150,nearest_available,3,3,3,t00669-c00134,134,669,5,0,5,True,False,satisfied,24.7555,25.2,42,1,69.49795805849135,335.8074580319226,90.04220901988447,0.023582950234413147,425.87325000204146
optimistic,150,nearest_available,3,3,3,t00670-c00124,124,670,2,0,2,True,False,cancelled_early,24.4856,0.0,0,1,15.687332954257727,55.775582790374756,0.030167168006300926,0.01491582952439785,55.820665787905455
optimistic,150,nearest_available,3,3,3,t00671-c00011,11,671,7,0,7,True,False,cancelled_early,25.9718,0.0,0,1,118.67958283983171,457.44899986311793,30.920083168894053,0.021958956494927406,488.3910419885069
optimistic,150,nearest_available,3,3,3,t00671-c00124,124,671,4,0,4,True,False,satisfied,26.0347,26.4,33,1,50.32454198226333,488.2872919552028,0.15608291141688824,0.009209150448441505,488.45258401706815
optimistic,150,nearest_available,3,3,3,t00672-c00011,11,672,2,0,2,True,False,satisfied,22.0214,22.4,28,1,165.35074985586107,439.7884579375386,0.019167084246873856,0.0174578744918108,439.8250828962773
optimistic,150,nearest_available,3,3,3,t00672-c00067,67,672,2,0,2,True,False,no_show,35.4623,0.0,0,1,86.21779107488692,285.78520799055696,154.06541689299047,0.008375151082873344,439.8590000346303
optimistic,150,nearest_available,3,3,3,t00672-c00122,122,672,3,0,3,True,False,cancelled_late,17.3113,0.0,0,1,141.8472919613123,385.3266250807792,54.5140418689698,0.006708083674311638,439.8473750334233
optimistic,150,nearest_available,3,3,3,t00675-c00055,55,675,2,0,2,True,False,cancelled_early,21.0836,0.0,0,1,66.8002909515053,233.3512499462813,0.022999942302703857,0.016333069652318954,233.39058295823634
optimistic,150,nearest_available,3,3,3,t00675-c00132,132,675,2,0,2,True,False,cancelled_late,21.7902,0.0,0,1,45.14758288860321,171.40666604973376,62.02120892703533,0.0077500008046627045,233.43562497757375
optimistic,150,nearest_available,3,3,3,t00676-c00055,55,676,2,0,2,True,False,satisfied,21.0371,13.3,19,1,200.379875022918,425.88275019079447,92.47124986723065,0.016292091459035873,518.3702921494842
optimistic,150,nearest_available,3,3,3,t00676-c00121,121,676,9,0,9,True,False,satisfied,23.3412,23.8,34,1,54.349707905203104,518.2729999069124,0.13475003652274609,0.011292053386569023,518.4190419968218
optimistic,150,nearest_available,3,3,3,t00677-c00122,122,677,4,0,4,True,False,satisfied,19.3249,19.5,39,1,62.943208031356335,288.2644578348845,0.03345916047692299,0.020790845155715942,288.31870784051716
optimistic,150,nearest_available,3,3,3,t00677-c00125,125,677,2,0,2,True,False,satisfied,17.9514,12.6,18,1,76.95637503638864,178.3307499717921,110.0284168496728,0.008375151082873344,288.36754197254777
optimistic,150,nearest_available,3,3,3,t00678-c00016,16,678,2,0,2,True,False,satisfied,22.4331,16.8,42,1,31.106541864573956,139.86700004898012,0.020916806533932686,0.018875114619731903,139.90679197013378
optimistic,150,nearest_available,3,3,3,t00679-c00020,20,679,3,0,3,True,False,no_show,21.622,0.0,0,1,11.832583928480744,104.7341669909656,0.020624836906790733,0.014667166396975517,104.76945899426937
optimistic,150,nearest_available,3,3,3,t00681-c00072,72,681,4,0,4,True,False,satisfied,15.7135,16.0,40,1,44.759374810382724,195.8230419550091,0.027916859835386276,0.020415987819433212,195.87137480266392
optimistic,150,nearest_available,3,3,3,t00682-c00132,132,682,5,0,5,True,False,cancelled_late,19.5343,0.0,0,1,25.851166108623147,356.8384579848498,0.03487500362098217,0.018292106688022614,356.8916250951588
optimistic,150,nearest_available,3,3,3,t00683-c00034,34,683,3,0,3,True,False,satisfied,16.6148,16.8,24,1,50.91625009663403,398.5181669704616,80.14320791698992,0.02270820550620556,478.68408309295774
optimistic,150,nearest_available,3,3,3,t00683-c00135,135,683,6,0,6,True,False,cancelled_early,27.1249,0.0,0,1,16.32608287036419,478.57770789414644,0.14375010505318642,0.010249903425574303,478.7317079026252
optimistic,150,nearest_available,3,3,3,t00684-c00135,135,684,6,0,6,True,False,satisfied,25.4209,16.8,28,1,17.89962500333786,365.03370804712176,0.033125048503279686,0.018249964341521263,365.08508305996656
optimistic,150,nearest_available,3,3,3,t00685-c00094,94,685,16,0,16,True,False,satisfied,24.036,24.0,60,1,124.86691703088582,2205.319916829467,0.03954116255044937,0.02187490463256836,2205.38133289665
optimistic,150,nearest_available,3,3,3,t00685-c00137,137,685,7,0,7,True,False,satisfied,17.441,18.0,30,1,244.27420808933675,1930.0320001784712,275.3823329694569,0.010833842679858208,2205.425166990608
optimistic,150,nearest_available,3,3,3,t00686-c00132,132,686,6,0,6,True,False,satisfied,18.815,19.2,48,1,84.47970822453499,479.1265830863267,0.03195810131728649,0.0177919864654541,479.17633317410946
optimistic,150,nearest_available,3,3,3,t00688-c00118,118,688,2,0,2,True,False,satisfied,17.1434,17.5,35,1,41.249874979257584,103.56199997477233,0.03050011582672596,0.018707942217588425,103.61120803281665
optimistic,150,nearest_available,3,3,3,t00690-c00041,41,690,7,0,7,True,False,satisfied,22.0849,22.4,28,1,40.345665998756886,449.07495798543096,0.028207898139953613,0.021709129214286804,449.1248750127852
optimistic,150,nearest_available,3,3,3,t00690-c00077,77,690,2,0,2,True,False,no_show,27.3958,0.0,0,1,193.03212501108646,427.29300004430115,21.866208873689175,0.010416144505143166,449.16962506249547
optimistic,150,nearest_available,3,3,3,t00693-c00001,1,693,7,0,7,True,False,satisfied,23.4875,24.0,40,1,65.16954209655523,497.04454210586846,131.40583294443786,0.019834144040942192,628.4702091943473
optimistic,150,nearest_available,3,3,3,t00693-c00076,76,693,5,0,5,True,False,satisfied,25.1409,25.2,36,1,104.71449978649616,628.3712908625603,0.13449997641146183,0.009709037840366364,628.5154998768121
optimistic,150,nearest_available,3,3,3,t00694-c00025,25,694,5,0,5,True,False,no_show,20.855,0.0,0,1,55.27825001627207,401.4748749323189,0.024833017960190773,0.020958948880434036,401.52066689915955
optimistic,150,nearest_available,3,3,3,t00694-c00048,48,694,3,0,3,True,False,cancelled_early,25.7755,0.0,0,1,106.35033319704235,287.2317081782967,114.32141694240272,0.008875038474798203,401.5620001591742
optimistic,150,nearest_available,3,3,3,t00695-c00048,48,695,3,0,3,True,False,satisfied,28.7676,28.8,36,1,71.40591694042087,170.44087499380112,0.0238749198615551,0.016875099390745163,170.48162501305342
optimistic,150,nearest_available,3,3,3,t00701-c00066,66,701,3,0,3,True,False,cancelled_late,19.9708,0.0,0,1,53.07279201224446,134.6975420601666,0.02674991264939308,0.015666941180825233,134.73995891399682
optimistic,150,nearest_available,3,3,3,t00702-c00066,66,702,4,0,4,True,False,satisfied,24.6123,25.2,42,1,49.082416808232665,236.06204194948077,0.025582965463399887,0.02050003968179226,236.10812495462596
optimistic,150,nearest_available,3,3,3,t00704-c00024,24,704,2,0,2,True,False,satisfied,20.9699,20.0,25,1,193.09754204005003,315.5049169436097,0.01795799471437931,0.015333062037825584,315.5382080003619
optimistic,150,nearest_available,3,3,3,t00704-c00147,147,704,5,0,5,True,False,satisfied,19.9916,20.1974,34,1,52.84200003370643,281.5118748694658,34.05675012618303,0.00900006853044033,315.5776250641793
optimistic,150,nearest_available,3,3,3,t00709-c00010,10,709,3,0,3,True,False,satisfied,26.2036,26.4,33,1,49.84154086560011,126.76862487569451,0.0185410026460886,0.01354212872684002,126.80070800706744
optimistic,150,nearest_available,3,3,3,t00710-c00131,131,710,4,0,4,True,False,satisfied,22.754,23.2,29,1,41.31479188799858,155.7370419614017,0.031624920666217804,0.014292076230049133,155.78295895829797
optimistic,150,nearest_available,3,3,3,t00714-c00017,17,714,3,0,3,True,False,satisfied,11.5675,7.2,9,1,14.372708974406123,49.849874805659056,0.016084173694252968,0.013124896213412285,49.87908387556672
optimistic,150,nearest_available,3,3,3,t00715-c00008,8,715,5,0,5,True,False,cancelled_late,30.5852,0.0,0,1,76.91408297978342,331.83141704648733,0.017124926671385765,0.01595797948539257,331.8644999526441
optimistic,150,nearest_available,3,3,3,t00717-c00020,20,717,6,0,6,True,False,no_show,31.1042,0.0,0,1,64.2732079140842,359.6605828497559,0.019458122551441193,0.013833865523338318,359.69387483783066
optimistic,150,nearest_available,3,3,3,t00721-c00008,8,721,6,0,6,True,False,satisfied,28.7354,29.4,42,1,182.57699999958277,1235.0917079020292,0.018999911844730377,0.017208978533744812,1235.1279167924076
optimistic,150,nearest_available,3,3,3,t00721-c00083,83,721,3,0,3,True,False,no_show,28.0433,0.0,0,1,113.36900014430285,1136.906708125025,98.25316700153053,0.0074999406933784485,1235.167375067249
optimistic,150,nearest_available,3,3,3,t00721-c00091,91,721,7,0,7,True,False,satisfied,16.962,17.4,29,1,223.45054196193814,1079.6554170083255,155.5037498474121,0.007917173206806183,1235.1670840289444
optimistic,150,nearest_available,3,3,3,t00721-c00116,116,721,6,0,6,True,False,satisfied,20.8856,21.0,35,1,55.97345810383558,1193.4126659762114,41.74387501552701,0.007417052984237671,1235.1639580447227
optimistic,150,nearest_available,3,3,3,t00724-c00038,38,724,3,0,3,True,False,satisfied,16.2976,16.5,33,1,36.378584103658795,128.92304197885096,0.02037500962615013,0.016458099707961082,128.95987508818507
optimistic,150,nearest_available,3,3,3,t00732-c00144,144,732,12,0,12,True,False,satisfied,10.8702,11.0,22,1,31.49704192765057,383.99516697973013,0.03741704858839512,0.02233288250863552,384.05491691082716
optimistic,150,nearest_available,3,3,3,t00733-c00080,80,733,16,0,16,True,False,satisfied,26.5604,27.0,54,1,100.72316695004702,1671.2835419457406,0.036250101402401924,0.021707965061068535,1671.341500012204
optimistic,150,nearest_available,3,3,3,t00736-c00148,148,736,16,0,16,True,False,satisfied,23.7642,23.8,34,1,53.731041960418224,903.6373340059072,0.04087504930794239,0.020999927073717117,903.6992089822888
optimistic,150,nearest_available,3,3,3,t00737-c00117,117,737,2,0,2,True,False,cancelled_early,13.8959,0.0,0,1,41.08945885673165,74.26187489181757,0.028959009796380997,0.01595797948539257,74.30679188109934
optimistic,150,nearest_available,3,3,3,t00738-c00117,117,738,2,0,2,True,False,satisfied,21.7712,21.6,36,1,62.58070794865489,121.29158293828368,0.030959025025367737,0.014916062355041504,121.33745802566409
optimistic,150,nearest_available,3,3,3,t00742-c00021,21,742,6,0,6,True,False,satisfied,29.6527,30.0,60,1,217.05658314749599,1879.3131671845913,0.023540807887911797,0.024167122319340706,1879.3608751147985
optimistic,150,nearest_available,3,3,3,t00742-c00025,25,742,5,0,5,True,False,satisfied,27.8887,28.2,47,1,217.00983284972608,1879.2662918567657,0.12516602873802185,0.007542083039879799,1879.3989999685436
optimistic,150,nearest_available,3,3,3,t00742-c00112,112,742,7,0,7,True,False,satisfied,24.5755,25.2,36,1,273.0729170143604,1342.7905840799212,536.6015410982072,0.007916940376162529,1879.4000421185046
optimistic,150,nearest_available,3,3,3,t00746-c00061,61,746,14,0,14,True,False,no_show,26.8324,0.0,0,1,51.239709137007594,704.4315000530332,0.03437511622905731,0.020249979570508003,704.4861251488328
optimistic,150,nearest_available,3,3,3,t00747-c00067,67,747,1,2,1,True,False,satisfied,46.8555,46.8,78,1,180.77687500044703,180.77687500044703,0.02670893445611,0.017416197806596756,180.82100013270974
optimistic,150,nearest_available,3,3,3,t00750-c00037,37,750,3,0,3,True,False,no_show,23.0905,0.0,0,1,39.64016702957451,186.6998749319464,0.02295803278684616,0.014417106285691261,186.73725007101893
optimistic,150,nearest_available,3,3,3,t00751-c00077,77,751,3,0,3,True,False,satisfied,34.0741,34.0,68,1,101.04079218581319,403.8861670996994,0.02604094333946705,0.016042031347751617,403.9282500743866
optimistic,150,nearest_available,3,3,3,t00752-c00002,2,752,2,0,2,True,False,satisfied,22.4334,22.4,28,1,227.76420786976814,410.09870800189674,418.2235838379711,0.0185410026460886,828.3408328425139
optimistic,150,nearest_available,3,3,3,t00752-c00093,93,752,20,0,20,True,False,satisfied,17.6142,18.2,26,1,37.47129091061652,828.2458749599755,0.1504160463809967,0.01587485894560814,828.4121658653021
optimistic,150,nearest_available,3,3,3,t00753-c00097,97,753,5,0,5,True,False,no_show,17.9078,0.0,0,1,37.566374987363815,150.47041606158018,0.026209047064185143,0.015916069969534874,150.5125411786139
optimistic,150,nearest_available,3,3,3,t00755-c00149,149,755,4,0,4,True,False,satisfied,21.4342,21.6,27,1,39.366459008306265,153.847916983068,0.03574998117983341,0.023166881874203682,153.90683384612203
optimistic,150,nearest_available,3,3,3,t00756-c00004,4,756,5,0,5,True,False,satisfied,28.3636,28.8,48,1,92.88454195484519,585.6581248808652,0.024458160623908043,0.02870894968509674,585.7112919911742
optimistic,150,nearest_available,3,3,3,t00756-c00095,95,756,3,0,3,True,False,satisfied,12.7868,12.8,32,1,144.4932089652866,442.5377920269966,143.2072080206126,0.011292053386569023,585.7562921009958
optimistic,150,nearest_available,3,3,3,t00760-c00065,65,760,3,0,3,True,False,satisfied,20.7479,20.8,52,1,96.2269171141088,279.92945816367865,0.02529192715883255,0.01695798709988594,279.97170807793736
optimistic,150,nearest_available,3,3,3,t00761-c00079,79,761,6,0,6,True,False,cancelled_late,9.6379,0.0,0,1,12.657416053116322,130.55654102936387,0.026124995201826096,0.021042069420218468,130.60370809398592
optimistic,150,nearest_available,3,3,3,t00762-c00142,142,762,13,0,13,True,False,satisfied,14.5437,14.7,21,1,29.196874937042594,376.5692499000579,0.04075001925230026,0.02037500962615013,376.63037492893636
optimistic,150,nearest_available,3,3,3,t00764-c00079,79,764,10,0,10,True,False,satisfied,15.1645,15.6,26,1,38.11558289453387,349.82016682624817,0.02995808608829975,0.020292121917009354,349.8704170342535
optimistic,150,nearest_available,3,3,3,t00768-c00020,20,768,3,0,3,True,False,satisfied,33.5098,33.6,42,1,51.554000005126,218.61224994063377,0.022208085283637047,0.015208031982183456,218.6496660578996
optimistic,150,nearest_available,3,3,3,t00769-c00100,100,769,5,0,5,True,False,satisfied,18.4016,18.5,37,1,59.6459589432925,246.6493749525398,0.028209062293171883,0.016458099707961082,246.69404211454093
optimistic,150,nearest_available,3,3,3,t00771-c00120,120,771,2,0,2,True,False,satisfied,21.6217,20.0,25,1,51.92012502811849,103.52087509818375,0.026665860787034035,0.016042031347751617,103.56358299031854
optimistic,150,nearest_available,3,3,3,t00775-c00115,115,775,8,0,8,True,False,satisfied,18.9,19.0,38,1,38.506291108205914,463.78516615368426,0.03400002606213093,0.01987488940358162,463.83904106914997
optimistic,150,nearest_available,3,3,3,t00776-c00083,83,776,3,0,3,True,False,satisfied,23.8349,22.8,38,1,64.07575006596744,184.944333974272,0.029125018045306206,0.017625046893954277,184.99108403921127
optimistic,150,nearest_available,3,3,3,t00777-c00022,22,777,5,0,5,True,False,satisfied,21.4521,21.6,36,1,30.964208068326116,270.85625007748604,0.022124964743852615,0.017415964975953102,270.89579100720584
optimistic,150,nearest_available,3,3,3,t00780-c00003,3,780,2,0,2,True,False,satisfied,23.546,23.6,59,1,520.510375034064,1110.8629580121487,181.41979188658297,0.016458099707961082,1292.2992079984397
optimistic,150,nearest_available,3,3,3,t00780-c00013,13,780,7,0,7,True,False,satisfied,19.059,19.2,48,1,112.91220784187317,1282.3272079695016,10.01520804129541,0.01129182055592537,1292.353707831353
optimistic,150,nearest_available,3,3,3,t00780-c00097,97,780,9,0,9,True,False,satisfied,13.8762,14.0,20,1,12.820000061765313,1141.6797919664532,150.6733330897987,0.008292030543088913,1292.361417086795
optimistic,150,nearest_available,3,3,3,t00780-c00104,104,780,5,0,5,True,False,satisfied,13.2403,13.6,17,1,36.773083033040166,1292.1283331234008,0.2200829330831766,0.006542075425386429,1292.3549581319094
optimistic,150,nearest_available,3,3,3,t00781-c00062,62,781,6,0,6,True,False,no_show,18.3062,0.0,0,1,37.84450003877282,173.46774996258318,0.02666609361767769,0.01887488178908825,173.51329093798995
optimistic,150,nearest_available,3,3,3,t00782-c00111,111,782,3,0,3,True,False,satisfied,17.1349,17.6,22,1,14.79470799677074,75.4663331899792,0.02645794302225113,0.015709083527326584,75.50850021652877
optimistic,150,nearest_available,3,3,3,t00785-c00047,47,785,7,0,7,True,False,satisfied,19.327,19.5,39,1,35.93562496826053,357.87645797245204,0.026792054995894432,0.023582950234413147,357.92683297768235
optimistic,150,nearest_available,3,3,3,t00786-c00032,32,786,5,0,5,True,False,satisfied,18.6696,18.0,45,1,129.68949996866286,818.1908749975264,0.025250017642974854,0.02333405427634716,818.2394590694457
optimistic,150,nearest_available,3,3,3,t00786-c00043,43,786,6,0,6,True,False,satisfied,15.3395,15.4,22,1,13.492499943822622,818.1402920745313,0.14295801520347595,0.008541857823729515,818.2917919475585
optimistic,150,nearest_available,3,3,3,t00786-c00102,102,786,2,0,2,True,False,satisfied,23.1202,23.4,39,1,251.0102919768542,459.8284170497209,358.4529170766473,0.0061248429119586945,818.2874589692801
optimistic,150,nearest_available,3,3,3,t00786-c00129,129,786,2,0,2,True,False,satisfied,23.1535,22.8,38,1,250.96687488257885,459.78533290326595,358.48350008018315,0.004916917532682419,818.2737499009818
optimistic,150,nearest_available,3,3,3,t00791-c00107,107,791,5,0,5,True,False,satisfied,20.3756,20.8,26,1,37.29987516999245,159.7565000411123,0.028250040486454964,0.01833401620388031,159.80308409780264
optimistic,150,nearest_available,3,3,3,t00792-c00061,61,792,9,0,9,True,False,satisfied,29.0153,29.6,37,1,59.01279184035957,483.0763339996338,0.032582785934209824,0.027208123356103897,483.1361249089241
optimistic,150,nearest_available,3,3,3,t00793-c00035,35,793,5,0,5,True,False,satisfied,27.6245,28.0,40,1,70.68887492641807,544.1275420598686,57.13708302937448,0.016583828255534172,601.2812089174986
optimistic,150,nearest_available,3,3,3,t00793-c00071,71,793,6,0,6,True,False,satisfied,29.2673,16.8,21,1,70.63345797359943,601.1840000282973,0.12804195284843445,0.007916009053587914,601.3199579901993
optimistic,150,nearest_available,3,3,3,t00795-c00057,57,795,2,0,2,True,False,satisfied,22.7134,8.4,14,1,12.408999959006906,71.30004209466279,0.02329191192984581,0.0149579718708992,71.33829197846353
optimistic,150,nearest_available,3,3,3,t00796-c00000,0,796,2,0,2,True,False,cancelled_late,17.1751,0.0,0,1,299.2632088717073,1218.8606248237193,197.01804220676422,0.01795799471437931,1415.8966250251979
optimistic,150,nearest_available,3,3,3,t00796-c00037,37,796,3,0,3,True,False,cancelled_early,36.9804,0.0,0,1,71.16645807400346,1415.8108329866081,0.12949993833899498,0.007792143151164055,1415.9481250680983
optimistic,150,nearest_available,3,3,3,t00796-c00070,70,796,3,0,3,True,False,satisfied,29.8133,30.0,75,1,299.1661671549082,1338.8036249671131,77.13845814578235,0.005542067810893059,1415.9476251807064
optimistic,150,nearest_available,3,3,3,t00797-c00037,37,797,8,0,8,True,False,cancelled_early,32.7073,0.0,0,1,38.32591697573662,709.0085421223193,0.026499852538108826,0.01941714435815811,709.0544591192156
optimistic,150,nearest_available,3,3,3,t00798-c00037,37,798,8,0,8,True,False,satisfied,36.6902,37.2,62,1,87.10766606964171,1586.0837080981582,29.901708010584116,0.018459046259522438,1616.0038751550019
optimistic,150,nearest_available,3,3,3,t00798-c00063,63,798,7,0,7,True,False,no_show,17.089,0.0,0,1,246.4118329808116,1615.9080408979207,0.12670899741351604,0.00954093411564827,1616.04429082945
optimistic,150,nearest_available,3,3,3,t00798-c00123,123,798,7,0,7,True,False,no_show,23.1432,0.0,0,1,138.27683287672698,1280.7937499601394,335.2376250550151,0.0074999406933784485,1616.0388749558479
optimistic,150,nearest_available,3,3,3,t00801-c00106,106,801,8,0,8,True,False,satisfied,13.2913,13.8,23,1,31.618500128388405,221.37879207730293,0.030375085771083832,0.01837499439716339,221.42754215747118
optimistic,150,nearest_available,3,3,3,t00802-c00000,0,802,3,0,3,True,False,cancelled_early,16.2478,0.0,0,1,242.47987498529255,484.8002081271261,0.01833285205066204,0.014834105968475342,484.83337508514524
optimistic,150,nearest_available,3,3,3,t00802-c00105,105,802,7,0,7,True,False,satisfied,13.9864,14.4,24,1,45.052999863401055,484.74079091101885,0.13575004413723946,0.009083887562155724,484.88562484271824
optimistic,150,nearest_available,3,3,3,t00802-c00136,136,802,3,0,3,True,False,satisfied,27.5449,18.2,26,1,71.03779213503003,308.3625831641257,176.5105000231415,0.006208894774317741,484.8792920820415
optimistic,150,nearest_available,3,3,3,t00803-c00000,0,803,14,0,14,True,False,no_show,17.5042,0.0,0,1,23.308082949370146,420.74258299544454,0.026625115424394608,0.019707949832081795,420.788916060701
optimistic,150,nearest_available,3,3,3,t00805-c00019,19,805,5,0,5,True,False,cancelled_early,20.0258,0.0,0,1,37.817333824932575,149.58599978126585,0.01733400858938694,0.015083001926541328,149.61841679178178
optimistic,150,nearest_available,3,3,3,t00806-c00019,19,806,2,0,2,True,False,satisfied,19.4862,20.0,25,1,472.2139157820493,1005.3291248623282,89.83791596256196,0.01495913602411747,1095.1819999609143
optimistic,150,nearest_available,3,3,3,t00806-c00028,28,806,3,0,3,True,False,satisfied,24.7062,24.4,61,1,421.8945421744138,887.8710840363055,207.3379580397159,0.008417060598731041,1095.2174591366202
optimistic,150,nearest_available,3,3,3,t00806-c00058,58,806,12,0,12,True,False,satisfied,20.4308,21.0,35,1,45.148083940148354,1095.0498338788748,0.16075000166893005,0.010541174560785294,1095.2211250551045
optimistic,150,nearest_available,3,3,3,t00808-c00017,17,808,7,0,6,True,False,no_show,15.3697,0.0,0,1,258.4689580835402,1151.1017500888556,0.024042092263698578,0.018499791622161865,1151.1442919727415
optimistic,150,nearest_available,3,3,3,t00808-c00018,18,808,4,0,4,True,False,no_show,15.6292,0.0,0,1,31.59100003540516,918.4769580606371,232.690499862656,0.008167000487446785,1151.1756249237806
optimistic,150,nearest_available,3,3,3,t00808-c00023,23,808,7,0,7,True,False,satisfied,32.5104,32.9,47,1,101.64216603152454,1151.010791072622,0.15254179015755653,0.00658305361866951,1151.1699159163982
optimistic,150,nearest_available,3,3,3,t00808-c00087,87,808,2,0,2,True,False,satisfied,15.7719,16.0,20,1,328.4505840856582,954.1497090831399,197.00891594402492,0.005667097866535187,1151.1642921250314
optimistic,150,nearest_available,3,3,3,t00808-c00098,98,808,2,0,2,True,False,satisfied,22.584,14.0,35,1,101.55841708183289,775.0378751661628,376.1109998449683,0.005042180418968201,1151.1539171915501
optimistic,150,nearest_available,3,3,3,t00811-c00059,59,811,3,0,3,True,False,satisfied,20.3437,3.2,4,1,10.782666970044374,125.41524996049702,42.10416693240404,0.016249949112534523,167.5356668420136
optimistic,150,nearest_available,3,3,3,t00811-c00062,62,811,2,0,2,True,False,satisfied,18.9039,19.2,24,1,87.39391597919166,167.4485409166664,0.10924995876848698,0.0077500008046627045,167.56554087623954
optimistic,150,nearest_available,3,3,3,t00812-c00114,114,812,13,0,13,True,False,satisfied,23.9322,24.0,48,1,265.5760410707444,1768.645458156243,112.52879188396037,0.021999934688210487,1881.1962499748915
optimistic,150,nearest_available,3,3,3,t00812-c00133,133,812,5,0,5,True,False,satisfied,30.6945,30.8,77,1,186.4744999911636,1881.083375075832,0.15179207548499107,0.009832903742790222,1881.2450000550598
optimistic,150,nearest_available,3,3,3,t00814-c00029,29,814,2,0,2,True,False,no_show,16.6724,0.0,0,1,30.898917000740767,101.53808305040002,0.019083963707089424,0.0160830095410347,101.57325002364814
optimistic,150,nearest_available,3,3,3,t00815-c00119,119,815,2,0,2,True,False,satisfied,23.0607,19.6,49,1,62.99070781096816,219.41924979910254,0.025916146114468575,0.015208963304758072,219.46037490852177
optimistic,150,nearest_available,3,3,3,t00816-c00027,27,816,3,0,3,True,False,satisfied,19.262,19.6,28,1,263.28904181718826,574.5949170086533,0.02145790494978428,0.01691700890660286,574.6332919225097
optimistic,150,nearest_available,3,3,3,t00816-c00101,101,816,5,0,5,True,False,satisfied,16.7147,16.8,42,1,69.53074992634356,574.5422919280827,0.11829216964542866,0.008458038792014122,574.6690421365201
optimistic,150,nearest_available,3,3,3,t00819-c00086,86,819,2,0,2,True,False,cancelled_early,21.762,0.0,0,1,39.991167141124606,230.39899999275804,28.408708982169628,0.015666009858250618,258.8233749847859
optimistic,150,nearest_available,3,3,3,t00819-c00125,125,819,5,0,5,True,False,no_show,19.1732,0.0,0,1,39.94033392518759,258.7303339969367,0.13774982653558254,0.007958151400089264,258.87604197487235
optimistic,150,nearest_available,3,3,3,t00820-c00086,86,820,2,0,2,True,False,no_show,18.325,0.0,0,1,19.07999999821186,77.78729102574289,0.02824980765581131,0.015125144273042679,77.83066597767174
optimistic,150,nearest_available,3,3,3,t00824-c00143,143,824,3,0,3,True,False,no_show,19.3561,0.0,0,1,19.560416927561164,90.91624990105629,0.030833063647150993,0.014124903827905655,90.96120786853135
optimistic,150,nearest_available,3,3,3,t00825-c00045,45,825,3,0,3,True,False,satisfied,24.8595,22.2,37,1,137.1710419189185,347.21579193137586,0.021249987185001373,0.015791039913892746,347.25283295847476
optimistic,150,nearest_available,3,3,3,t00825-c00096,96,825,4,0,4,True,False,satisfied,27.5697,28.0,35,1,51.32891680113971,205.5589167866856,141.7125000152737,0.008417060598731041,347.279833862558
optimistic,150,nearest_available,3,3,3,t00827-c00006,6,827,4,0,4,True,False,cancelled_early,22.9999,0.0,0,1,46.91637493669987,161.57233295962214,0.020124949514865875,0.01600012183189392,161.6084580309689
optimistic,150,nearest_available,3,3,3,t00828-c00006,6,828,2,0,2,True,False,satisfied,11.9341,8.4,12,1,131.47162506356835,427.0209581591189,760.9492919873446,0.013499986380338669,1187.9837501328439
optimistic,150,nearest_available,3,3,3,t00828-c00044,44,828,8,0,8,True,False,satisfied,27.7106,28.0,56,1,121.47791706956923,1187.90104216896,0.1071668229997158,0.010375166311860085,1188.0185841582716
optimistic,150,nearest_available,3,3,3,t00828-c00130,130,828,3,0,3,True,False,satisfied,21.0956,21.2,53,1,354.1663750074804,1012.7062080428004,175.29883398674428,0.006041023880243301,1188.011083053425
optimistic,150,nearest_available,3,3,3,t00830-c00026,26,830,7,0,7,True,False,satisfied,21.7849,21.6,54,1,148.6205409746617,956.9144998677075,22.583333076909184,0.017124926671385765,979.5149578712881
optimistic,150,nearest_available,3,3,3,t00830-c00036,36,830,2,0,2,True,False,satisfied,20.6261,14.0,28,1,174.55091699957848,441.36458402499557,538.1775409914553,0.0076249707490205765,979.5497499871999
optimistic,150,nearest_available,3,3,3,t00830-c00063,63,830,7,0,7,True,False,cancelled_early,17.5941,0.0,0,1,43.97083283402026,979.3835829477757,0.15766709111630917,0.007916009053587914,979.5491660479456
optimistic,150,nearest_available,3,3,3,t00831-c00063,63,831,7,0,7,True,False,satisfied,16.2044,16.8,28,1,38.3819998241961,253.3818748779595,0.02491706982254982,0.018208054825663567,253.4250000026077
optimistic,150,nearest_available,3,3,3,t00834-c00017,17,834,4,0,4,True,False,satisfied,15.901,16.0,20,1,15.19104209728539,245.20441703498363,0.018750084564089775,0.015707919374108315,245.23887503892183
optimistic,150,nearest_available,3,3,3,t00834-c00092,92,834,3,0,3,True,False,satisfied,11.7974,4.2,6,1,25.700541911646724,131.68295798823237,113.58008394017816,0.008333008736371994,245.2713749371469
optimistic,150,nearest_available,3,3,3,t00834-c00123,123,834,3,0,3,True,False,satisfied,24.322,24.5,35,1,64.07308392226696,192.5184999126941,52.740917075425386,0.006292015314102173,245.26570900343359
optimistic,150,nearest_available,3,3,3,t00837-c00000,0,837,3,0,3,True,False,satisfied,25.0645,18.4,23,1,180.494291940704,591.7577079962939,124.87104185856879,0.014417106285691261,716.6431669611484
optimistic,150,nearest_available,3,3,3,t00837-c00018,18,837,3,0,3,True,False,satisfied,22.57,18.9,27,1,146.30183298140764,293.1005419231951,423.5608330927789,0.008041970431804657,716.6694169864058
optimistic,150,nearest_available,3,3,3,t00837-c00139,139,837,5,0,5,True,False,satisfied,24.5668,24.8,62,1,125.22762501612306,716.5115000680089,0.14679180458188057,0.007125083357095718,716.6654169559479
optimistic,150,nearest_available,3,3,3,t00839-c00126,126,839,7,0,7,True,False,satisfied,23.2969,23.6,59,1,116.26004101708531,657.1468329057097,0.03295810893177986,0.01737498678267002,657.1971660014242
optimistic,150,nearest_available,3,3,3,t00841-c00015,15,841,5,0,5,True,False,satisfied,19.7667,19.8,33,1,48.09083300642669,186.26958294771612,0.01687486656010151,0.01695915125310421,186.30341696552932
optimistic,150,nearest_available,3,3,3,t00844-c00064,64,844,2,0,2,True,False,satisfied,25.528,13.6,17,1,89.16666707955301,136.01649994961917,138.17929197102785,0.01300009898841381,274.20879201963544
optimistic,150,nearest_available,3,3,3,t00844-c00075,75,844,6,0,6,True,False,satisfied,15.1975,15.5,31,1,29.30500009097159,274.12745798937976,0.11320901103317738,0.008624978363513947,274.24929197877645
optimistic,150,nearest_available,3,3,3,t00846-c00040,40,846,4,0,4,True,False,satisfied,24.1299,16.1,23,1,53.28566604293883,148.71804090216756,0.02350006252527237,0.01579197123646736,148.7573329359293
optimistic,150,nearest_available,3,3,3,t00848-c00030,30,848,5,0,5,True,False,satisfied,31.8341,31.2,39,1,63.82000003941357,721.8672088347375,92.92770805768669,0.0177919864654541,814.8127088788897
optimistic,150,nearest_available,3,3,3,t00848-c00084,84,848,6,0,6,True,False,satisfied,15.4449,15.6,39,1,125.17745792865753,814.7209580056369,0.11537503451108932,0.007916940376162529,814.8442499805242
optimistic,150,nearest_available,3,3,3,t00848-c00127,127,848,2,0,2,True,False,cancelled_early,18.7637,0.0,0,1,183.6304171010852,801.1465829331428,13.682791963219643,0.005292007699608803,814.834666904062
optimistic,150,nearest_available,3,3,3,t00849-c00127,127,849,2,0,2,True,False,no_show,16.6304,0.0,0,1,47.072125133126974,113.26862499117851,0.029708025977015495,0.018333084881305695,113.31666610203683
optimistic,150,nearest_available,3,3,3,t00850-c00052,52,850,2,0,2,True,False,no_show,17.3064,0.0,0,1,18.71254201978445,54.13095885887742,0.01958315260708332,0.012707896530628204,54.16324990801513
optimistic,150,nearest_available,3,3,3,t00851-c00068,68,851,7,0,7,True,False,satisfied,10.3838,10.0,25,1,35.66962503828108,210.97616595216095,0.023167114704847336,0.015416881069540977,211.01474994793534
optimistic,150,nearest_available,3,3,3,t00852-c00007,7,852,3,0,3,True,False,no_show,20.1159,0.0,0,1,310.7192921452224,836.1322919372469,433.24300018139184,0.01587485894560814,1269.3911669775844
optimistic,150,nearest_available,3,3,3,t00852-c00055,55,852,15,0,15,True,False,satisfied,16.3532,16.8,24,1,33.97370805032551,1258.252208121121,11.179083958268166,0.01295795664191246,1269.444250036031
optimistic,150,nearest_available,3,3,3,t00852-c00135,135,852,6,0,5,True,False,satisfied,19.2248,19.8,33,1,207.86162512376904,1199.4969169609249,69.9412920512259,0.0070410314947366714,1269.4452500436455
optimistic,150,nearest_available,3,3,3,t00852-c00146,146,852,5,0,5,True,False,cancelled_early,20.957,0.0,0,1,207.82312494702637,1269.219083013013,0.2132500521838665,0.005458947271108627,1269.437792012468
optimistic,150,nearest_available,3,3,3,t00853-c00146,146,853,5,0,5,True,False,satisfied,24.3807,12.0,20,1,50.97379209473729,233.1354171037674,0.031542032957077026,0.01554097980260849,233.18250011652708
optimistic,150,nearest_available,3,3,3,t00854-c00033,33,854,3,0,3,True,False,satisfied,15.3944,15.0,25,1,19.085749983787537,98.82516716606915,0.02354104071855545,0.01637497916817665,98.86508318595588
optimistic,150,nearest_available,3,3,3,t00855-c00029,29,855,3,0,3,True,False,satisfied,19.9525,20.0,40,1,48.39949985034764,172.2107499372214,0.019625062122941017,0.01433282159268856,172.24470782093704
optimistic,150,nearest_available,3,3,3,t00856-c00109,109,856,6,0,6,True,False,no_show,23.942,0.0,0,1,105.55658303201199,567.9335000459105,6.960375001654029,0.021832995116710663,574.9157080426812
optimistic,150,nearest_available,3,3,3,t00856-c00125,125,856,7,0,6,True,False,cancelled_early,13.4714,0.0,0,1,21.801291033625603,395.3822909388691,179.5539171434939,0.009207986295223236,574.9454160686582
optimistic,150,nearest_available,3,3,3,t00857-c00125,125,857,5,0,5,True,False,satisfied,22.078,7.0,10,1,41.27562511712313,180.58079108595848,0.030583934858441353,0.015832949429750443,180.62720797024667
optimistic,150,nearest_available,3,3,3,t00859-c00009,9,859,4,0,4,True,False,satisfied,24.685,19.2,24,1,44.708707835525274,135.28595794923604,0.020208070054650307,0.01570885069668293,135.32187486998737
optimistic,150,nearest_available,3,3,3,t00860-c00059,59,860,5,0,4,True,False,satisfied,23.2384,24.0,30,1,36.306124879047275,159.9439170677215,7.62904086150229,0.019124941900372505,167.59208287112415
optimistic,150,nearest_available,3,3,3,t00861-c00078,78,861,6,0,6,True,False,satisfied,16.6478,16.8,21,1,27.64745894819498,131.7875839304179,0.026124995201826096,0.017290934920310974,131.83099986054003
optimistic,150,nearest_available,3,3,3,t00862-c00143,143,862,4,0,4,True,False,satisfied,25.1195,23.1,33,1,57.03516607172787,373.790416168049,156.13783383741975,0.015625031664967537,529.9438750371337
optimistic,150,nearest_available,3,3,3,t00862-c00145,145,862,8,0,8,True,False,no_show,26.8433,0.0,0,1,85.41666599921882,529.8483751248568,0.12108287774026394,0.010250136256217957,529.9797081388533
optimistic,150,nearest_available,3,3,3,t00864-c00049,49,864,3,0,3,True,False,no_show,16.0531,0.0,0,1,140.58016706258059,326.06175006367266,37.18329197727144,0.013167038559913635,363.258209079504
optimistic,150,nearest_available,3,3,3,t00864-c00103,103,864,7,0,7,True,False,satisfied,27.2101,28.0,35,1,52.96679213643074,363.1726249586791,0.09962497279047966,0.009417068213224411,363.2816669996828
optimistic,150,nearest_available,3,3,3,t00865-c00034,34,865,4,0,4,True,False,satisfied,19.9523,20.3,29,1,40.10004200972617,329.43325000815094,72.33737502247095,0.015833880752325058,401.7864589113742
optimistic,150,nearest_available,3,3,3,t00865-c00086,86,865,7,0,7,True,False,no_show,14.6304,0.0,0,1,64.37812489457428,401.6952500678599,0.12016692198812962,0.01237494871020317,401.8277919385582
optimistic,150,nearest_available,3,3,3,t00868-c00054,54,868,5,0,4,True,False,satisfied,18.0133,18.4,23,1,33.917332999408245,121.22416705824435,7.674874970689416,0.021333107724785805,128.92037513665855
optimistic,150,nearest_available,3,3,3,t00874-c00052,52,874,5,0,5,True,False,satisfied,19.723,20.0,25,1,25.049374904483557,445.970332948491,0.024583889171481133,0.01612515188753605,446.01104198955
optimistic,150,nearest_available,3,3,3,t00874-c00144,144,874,6,0,6,True,False,satisfied,17.8076,9.5,19,1,133.82208393886685,445.91283379122615,0.12208311818540096,0.00937492586672306,446.0442918352783
optimistic,150,nearest_available,3,3,3,t00877-c00138,138,877,3,0,3,True,False,satisfied,20.9783,21.6,27,1,27.471042005345225,95.41241708211601,0.02891593612730503,0.014417106285691261,95.455750124529
optimistic,150,nearest_available,3,3,3,t00878-c00072,72,878,6,0,6,True,False,no_show,8.11,0.0,0,1,124.89320896565914,583.5732920095325,0.024250010028481483,0.015500001609325409,583.6130420211703
optimistic,150,nearest_available,3,3,3,t00878-c00090,90,878,8,0,8,True,False,no_show,24.8715,0.0,0,1,38.044583052396774,556.3133750110865,27.316416148096323,0.010208925232291222,583.6400000844151
optimistic,150,nearest_available,3,3,3,t00879-c00089,89,879,2,0,2,True,False,satisfied,10.306,9.6,12,1,17.234167084097862,36.86850005760789,0.02374988980591297,0.013833167031407356,36.90608311444521
optimistic,150,nearest_available,3,3,3,t00884-c00051,51,884,3,0,3,True,False,satisfied,15.6858,16.1,23,1,32.72000001743436,106.52304207906127,0.02345792017877102,0.014499993994832039,106.56099999323487
optimistic,150,nearest_available,3,3,3,t00886-c00050,50,886,10,0,10,True,False,cancelled_late,22.1114,0.0,0,1,28.20466598495841,341.4162078406662,0.02500019036233425,0.017624814063310623,341.4588328450918
optimistic,150,nearest_available,3,3,3,t00889-c00050,50,889,10,0,10,True,False,no_show,19.6205,0.0,0,1,25.870332960039377,966.3023329339921,0.027792062610387802,0.01708301715552807,966.3472080137581
optimistic,150,nearest_available,3,3,3,t00889-c00073,73,889,7,0,7,True,False,satisfied,22.2413,22.5,45,1,179.85058389604092,966.2486249580979,0.11904188431799412,0.008125090971589088,966.3757919333875
optimistic,150,nearest_available,3,3,3,t00889-c00082,82,889,2,0,2,True,False,satisfied,22.7427,23.2,29,1,235.4067920241505,898.6404170282185,67.72274989634752,0.005541136488318443,966.3687080610543
optimistic,150,nearest_available,3,3,3,t00891-c00074,74,891,7,0,7,True,False,satisfied,18.4013,18.9,27,1,48.15295897424221,437.905958853662,0.026833033189177513,0.016249949112534523,437.9490418359637
optimistic,150,nearest_available,3,3,3,t00891-c00140,140,891,3,0,3,True,False,cancelled_early,25.6946,0.0,0,1,98.00312505103648,305.11491699144244,132.8567499294877,0.007417052984237671,437.9790839739144
optimistic,150,nearest_available,3,3,3,t00892-c00137,137,892,8,0,8,True,False,satisfied,17.7552,18.0,30,1,40.880125015974045,503.8066250272095,0.033082906156778336,0.015625031664967537,503.85533296503127
optimistic,150,nearest_available,3,3,3,t00892-c00140,140,892,3,0,3,True,False,satisfied,21.227,21.7,31,1,81.46812510676682,341.35658317245543,162.5154169742018,0.0076249707490205765,503.87962511740625
optimistic,150,nearest_available,3,3,3,t00893-c00127,127,893,13,0,13,True,False,satisfied,17.7129,18.0,36,1,55.33970799297094,720.1954999472946,0.0388328917324543,0.01791701652109623,720.2522498555481
optimistic,150,nearest_available,3,3,3,t00894-c00092,92,894,2,0,2,True,False,satisfied,24.079,24.5,35,1,91.75683301873505,231.30758292973042,241.14845809526742,0.014833873137831688,472.47087489813566
optimistic,150,nearest_available,3,3,3,t00894-c00108,108,894,7,0,7,True,False,no_show,18.82,0.0,0,1,57.176665868610144,472.37795777618885,0.11966703459620476,0.009458046406507492,472.50708285719156
optimistic,150,nearest_available,3,3,3,t00896-c00005,5,896,5,0,5,True,False,satisfied,13.483,13.6,34,1,39.90562492981553,257.4495419394225,0.018625054508447647,0.014415942132472992,257.4825829360634
optimistic,150,nearest_available,3,3,3,t00897-c00014,14,897,13,0,13,True,False,satisfied,34.3996,34.8,58,1,149.90570791997015,2547.046249965206,85.68995795212686,0.01737498678267002,2632.7535829041153
optimistic,150,nearest_available,3,3,3,t00897-c00024,24,897,20,0,20,True,False,satisfied,26.4048,27.2,34,1,51.27262487076223,2632.6596247963607,0.1241250429302454,0.011875061318278313,2632.7956249006093
optimistic,150,nearest_available,3,3,3,t00898-c00049,49,898,2,0,2,True,False,satisfied,22.4502,23.1,33,1,36.92408301867545,86.19787497445941,0.022333115339279175,0.013749813660979271,86.23395790345967
optimistic,150,nearest_available,3,3,3,t00899-c00086,86,899,15,0,15,True,False,satisfied,20.1681,20.5,41,1,68.21191683411598,1007.3109169024974,0.035250093787908554,0.019416911527514458,1007.3655839078128
optimistic,150,nearest_available,3,3,3,t00900-c00081,81,900,5,0,5,True,False,satisfied,25.4087,25.5,51,1,535.323916003108,2547.532791038975,0.03241701051592827,0.02229190431535244,2547.5874999538064
optimistic,150,nearest_available,3,3,3,t00900-c00091,91,900,9,0,9,True,False,cancelled_early,20.2441,0.0,0,1,51.014916971325874,2547.484208829701,0.148500083014369,0.01116609200835228,2547.6438750047237
optimistic,150,nearest_available,3,3,3,t00900-c00118,118,900,5,0,5,True,False,no_show,12.6499,0.0,0,1,535.2309169247746,2547.4398750811815,0.2135417889803648,0.006958143785595894,2547.6603750139475
optimistic,150,nearest_available,3,3,3,t00901-c00057,57,901,8,0,8,True,False,cancelled_early,20.0009,0.0,0,1,64.44491702131927,621.4380420278758,0.027499860152602196,0.02058316022157669,621.48612504825
optimistic,150,nearest_available,3,3,3,t00901-c00091,91,901,6,0,6,True,False,satisfied,18.8443,19.2,32,1,22.733415942639112,536.0888328868896,85.45650006271899,0.009916955605149269,621.5552499052137
optimistic,150,nearest_available,3,3,3,t00902-c00016,16,902,5,0,5,True,False,satisfied,17.1706,17.2,43,1,168.95479219965637,765.8856671769172,326.8392919562757,0.019165920093655586,1092.7441250532866
optimistic,150,nearest_available,3,3,3,t00902-c00057,57,902,8,0,8,True,False,no_show,22.8416,0.0,0,1,168.89824997633696,1069.6130408905447,23.169959196820855,0.01195794902741909,1092.794958036393
optimistic,150,nearest_available,3,3,3,t00902-c00145,145,902,7,0,7,True,False,satisfied,24.0103,24.8,31,1,44.43945805542171,1092.5906661432236,0.1924589741975069,0.008832896128296852,1092.7919580135494
optimistic,150,nearest_available,3,3,3,t00903-c00072,72,903,4,0,4,True,False,satisfied,22.8539,23.2,58,1,115.685542114079,461.84379211626947,0.028041889891028404,0.02166605554521084,461.8935000617057
optimistic,150,nearest_available,3,3,3,t00907-c00007,7,907,2,0,2,True,False,cancelled_late,28.6396,0.0,0,1,126.46633386611938,285.3266668971628,0.01795799471437931,0.01679197885096073,285.36141687072814
optimistic,150,nearest_available,3,3,3,t00908-c00007,7,908,2,0,2,True,False,satisfied,29.1402,29.5,59,1,147.09799992851913,310.7586670666933,0.017832964658737183,0.016625039279460907,310.7931250706315
optimistic,150,nearest_available,3,3,3,t00911-c00095,95,911,2,0,2,True,False,satisfied,19.1494,19.2,48,1,109.6984997857362,334.1640839353204,44.986290857195854,0.01591700129210949,379.16629179380834
optimistic,150,nearest_available,3,3,3,t00911-c00122,122,911,3,0,3,True,False,satisfied,19.8473,20.0,40,1,31.206833897158504,379.0723748970777,0.1205001026391983,0.007541850209236145,379.2004168499261
optimistic,150,nearest_available,3,3,3,t00912-c00042,42,912,5,0,5,True,False,cancelled_early,24.4231,0.0,0,1,176.30054196342826,1431.326457997784,26.402541901916265,0.018208054825663567,1457.747207954526
optimistic,150,nearest_available,3,3,3,t00912-c00085,85,912,6,0,6,True,False,satisfied,21.3776,20.5,41,1,58.7809591088444,1457.652874989435,0.15433412045240402,0.01091579906642437,1457.818124908954
optimistic,150,nearest_available,3,3,3,t00912-c00109,109,912,3,0,3,True,False,satisfied,32.5707,33.0,66,1,285.7795001473278,740.4805410187691,717.3282499425113,0.007041962817311287,1457.8158329240978
optimistic,150,nearest_available,3,3,3,t00913-c00042,42,913,3,0,3,True,False,satisfied,25.3383,25.6,64,1,120.12395798228681,360.16433290205896,0.022083986550569534,0.016416190192103386,360.20283307880163
optimistic,150,nearest_available,3,3,3,t00914-c00110,110,914,5,0,5,True,False,satisfied,12.4684,12.8,16,1,18.821791047230363,97.32708311639726,0.030957860872149467,0.02629193477332592,97.38433291204274
optimistic,150,nearest_available,3,3,3,t00916-c00090,90,916,9,0,9,True,False,satisfied,26.1546,26.6,38,1,50.791832851246,473.2474167831242,0.037125078961253166,0.021625077351927757,473.3061669394374
optimistic,150,nearest_available,3,3,3,t00923-c00097,97,923,7,0,7,True,False,cancelled_late,6.3972,0.0,0,1,14.780458994209766,100.42195906862617,0.02850010059773922,0.017290934920310974,100.46775010414422
optimistic,150,nearest_available,3,3,3,t00925-c00050,50,925,3,0,3,True,False,satisfied,23.7958,24.0,30,1,95.01316701062024,198.4115419909358,186.7193749640137,0.01795799471437931,385.1488749496639
optimistic,150,nearest_available,3,3,3,t00925-c00128,128,925,5,0,5,True,False,cancelled_late,23.4943,0.0,0,1,62.9872081335634,385.0522499997169,0.13441708870232105,0.009750016033649445,385.19641710445285
optimistic,150,nearest_available,3,3,3,t00926-c00104,104,926,2,0,2,True,False,no_show,17.0243,0.0,0,1,23.748749867081642,56.52841692790389,0.028708018362522125,0.019624829292297363,56.57674977555871
optimistic,150,nearest_available,3,3,3,t00927-c00053,53,927,3,0,3,True,False,satisfied,18.0005,18.4,46,1,134.69533389434218,329.70995898358524,65.66750002093613,0.015207799151539803,395.3926668036729
optimistic,150,nearest_available,3,3,3,t00927-c00097,97,927,7,0,7,True,False,satisfied,15.0117,15.4,22,1,15.829209005460143,395.301999989897,0.12291711755096912,0.009666895493865013,395.43458400294185
optimistic,150,nearest_available,3,3,3,t00928-c00128,128,928,3,0,3,True,False,no_show,18.9636,0.0,0,1,23.357250029221177,98.0036249384284,0.02933293581008911,0.01591700129210949,98.0488748755306
optimistic,150,nearest_available,3,3,3,t00929-c00038,38,929,6,0,6,True,False,satisfied,17.8198,18.0,36,1,350.1370409503579,1593.1185828521848,30.16700013540685,0.018167076632380486,1623.303750064224
optimistic,150,nearest_available,3,3,3,t00929-c00088,88,929,5,0,5,True,False,satisfied,21.5362,22.0,44,1,350.07616714574397,1593.057667138055,30.28258285485208,0.00900006853044033,1623.3492500614375
optimistic,150,nearest_available,3,3,3,t00929-c00118,118,929,5,0,5,True,False,satisfied,19.1621,19.5,39,1,102.23329183645546,1493.4645418543369,129.8764580860734,0.00758306123316288,1623.3485830016434
optimistic,150,nearest_available,3,3,3,t00929-c00142,142,929,12,0,12,True,False,satisfied,17.9176,18.2,26,1,28.241500025615096,1623.1092500966042,0.229167053475976,0.008665956556797028,1623.347083106637
optimistic,150,nearest_available,3,3,3,t00931-c00006,6,931,3,0,3,True,False,satisfied,21.206,21.7,31,1,78.61004117876291,223.32029114477336,13.074124930426478,0.015625031664967537,236.4100411068648
optimistic,150,nearest_available,3,3,3,t00931-c00125,125,931,5,0,5,True,False,satisfied,16.3846,16.8,24,1,28.70720811188221,236.32025020197034,0.12045796029269695,0.008875038474798203,236.44958320073783
optimistic,150,nearest_available,3,3,3,t00932-c00132,132,932,5,0,5,True,False,satisfied,16.7972,16.8,42,1,66.13625003956258,330.1962499972433,0.0378340482711792,0.021415995433926582,330.2555000409484
optimistic,150,nearest_available,3,3,3,t00936-c00079,79,936,4,0,4,True,False,satisfied,15.2948,15.0,25,1,34.84870889224112,110.97166687250137,0.02737506292760372,0.016249949112534523,111.01529188454151
optimistic,150,nearest_available,3,3,3,t00937-c00011,11,937,7,0,7,True,False,satisfied,20.5063,20.8,26,1,100.17508314922452,486.0056662000716,0.020209001377224922,0.019040890038013458,486.0449160914868
optimistic,150,nearest_available,3,3,3,t00937-c00108,108,937,3,0,3,True,False,satisfied,28.9563,29.0,58,1,65.88687491603196,462.0255830232054,24.04445898719132,0.0077909789979457855,486.07783298939466
optimistic,150,nearest_available,3,3,3,t00941-c00056,56,941,4,0,4,True,False,satisfied,16.1863,16.8,21,1,18.12058314681053,88.3770000655204,0.022249994799494743,0.015541911125183105,88.41479197144508
optimistic,150,nearest_available,3,3,3,t00945-c00121,121,945,2,0,2,True,False,satisfied,26.4777,26.6,38,1,49.574665958061814,119.03045792132616,0.028833048418164253,0.018709106370806694,119.07800007611513
optimistic,150,nearest_available,3,3,3,t00946-c00147,147,946,2,0,2,True,False,satisfied,19.2331,19.8,33,1,37.556542083621025,102.01670904643834,0.03416603431105614,0.01574982888996601,102.06662490963936
optimistic,150,nearest_available,3,3,3,t00948-c00113,113,948,2,0,2,True,False,cancelled_late,24.4014,0.0,0,1,33.05491688661277,77.53629190847278,0.028833048418164253,0.014083925634622574,77.57920888252556
optimistic,150,nearest_available,3,3,3,t00949-c00057,57,949,2,0,2,True,False,satisfied,24.2903,24.6,41,1,54.650999838486314,120.47616695053875,0.026041874662041664,0.014499993994832039,120.51670881919563
optimistic,150,nearest_available,3,3,3,t00952-c00113,113,952,8,0,8,True,False,satisfied,13.0671,12.8,16,1,23.006124887615442,171.4063328690827,0.03216695040464401,0.018415972590446472,171.45691579207778
optimistic,150,nearest_available,3,3,3,t00953-c00001,1,953,3,0,3,True,False,no_show,22.8102,0.0,0,1,51.729624858126044,154.874499887228,0.018707942217588425,0.015792204067111015,154.9090000335127
optimistic,150,nearest_available,3,3,3,t00954-c00104,104,954,2,0,2,True,False,satisfied,16.0475,16.8,21,1,193.367957836017,530.4288750048727,34.37120793387294,0.016541918739676476,564.8166248574853
optimistic,150,nearest_available,3,3,3,t00954-c00116,116,954,15,0,15,True,False,satisfied,11.3772,11.4,19,1,25.851584039628506,564.7204171400517,0.14704186469316483,0.015416182577610016,564.8828751873225
optimistic,150,nearest_available,3,3,3,t00955-c00043,43,955,7,0,7,True,False,cancelled_early,14.948,0.0,0,1,28.75183313153684,193.41700011864305,0.026291003450751305,0.020958948880434036,193.46425007097423
optimistic,150,nearest_available,3,3,3,t00956-c00043,43,956,3,0,3,True,False,satisfied,15.62,16.1,23,1,22.525665815919638,153.75991584733129,0.02291705459356308,0.017541926354169846,153.80037482827902
optimistic,150,nearest_available,3,3,3,t00956-c00134,134,956,2,0,2,True,False,satisfied,19.4365,19.8,33,1,49.85225014388561,99.26054207608104,54.55979099497199,0.008417060598731041,153.82875013165176
optimistic,150,nearest_available,3,3,3,t00957-c00099,99,957,3,0,3,True,False,satisfied,11.517,11.6,29,1,39.68008398078382,97.9026248678565,0.02683396451175213,0.016041100025177002,97.94549993239343
optimistic,150,nearest_available,3,3,3,t00963-c00041,41,963,10,0,10,True,False,cancelled_late,23.0132,0.0,0,1,145.66929102875292,2925.274332985282,0.0302919652312994,0.02400018274784088,2925.328625133261
optimistic,150,nearest_available,3,3,3,t00963-c00093,93,963,13,0,13,True,False,satisfied,15.02,15.4,22,1,22.259084042161703,2925.2207500394434,0.1633339561522007,0.010624993592500687,2925.394708989188
optimistic,150,nearest_available,3,3,3,t00963-c00106,106,963,9,0,9,True,False,satisfied,19.8219,19.8,33,1,72.80558301135898,2925.1772079151124,0.21129194647073746,0.008041039109230042,2925.3965409006923
optimistic,150,nearest_available,3,3,3,t00965-c00124,124,965,6,0,6,True,False,satisfied,26.0186,26.4,33,1,27.83712511882186,248.3003749512136,0.03395811654627323,0.018750084564089775,248.35308315232396
optimistic,150,nearest_available,3,3,3,t00966-c00128,128,966,6,0,6,True,False,satisfied,32.1353,31.8,53,1,398.80529209040105,1198.9879591856152,0.034665921702980995,0.016958918422460556,1199.0395840257406
optimistic,150,nearest_available,3,3,3,t00966-c00131,131,966,4,0,4,True,False,satisfied,25.2766,24.8,31,1,398.75725004822016,1198.939957888797,0.12191710993647575,0.008458038792014122,1199.0703330375254
optimistic,150,nearest_available,3,3,3,t00969-c00041,41,969,4,0,4,True,False,cancelled_late,16.995,0.0,0,1,21.860416047275066,222.53970801830292,0.021999934688210487,0.01654215157032013,222.57825010456145
optimistic,150,nearest_available,3,3,3,t00969-c00089,89,969,3,0,3,True,False,satisfied,25.7592,26.4,33,1,66.5586250834167,171.7943751718849,50.83645787090063,0.008292030543088913,222.63912507332861
optimistic,150,nearest_available,3,3,3,t00973-c00041,41,973,3,0,3,True,False,satisfied,16.9898,17.6,22,1,23.14187493175268,316.76795799285173,0.021124957129359245,0.014457851648330688,316.8035408016294
optimistic,150,nearest_available,3,3,3,t00973-c00066,66,973,2,0,2,True,False,cancelled_early,27.9084,0.0,0,1,135.96358289942145,299.19333290308714,17.639166908338666,0.007666181772947311,316.84016599319875
optimistic,150,nearest_available,3,3,3,t00974-c00066,66,974,2,0,2,True,False,satisfied,24.8192,25.2,42,1,90.59391706250608,183.4892921615392,0.023416941985487938,0.016415957361459732,183.52912506088614
optimistic,150,nearest_available,3,3,3,t00975-c00068,68,975,3,0,3,True,False,satisfied,20.6838,20.8,52,1,64.0249999705702,244.01541706174612,0.025082845240831375,0.01995800994336605,244.06045791693032
optimistic,150,nearest_available,3,3,3,t00978-c00069,69,978,7,0,7,True,False,satisfied,25.2905,25.6,64,1,136.59600005485117,904.9784999806434,0.02845912240445614,0.02095801755785942,905.0279171206057
optimistic,150,nearest_available,3,3,3,t00980-c00017,17,980,6,0,6,True,False,no_show,5.7158,0.0,0,1,14.431207906454802,81.44787489436567,0.019415980204939842,0.017625046893954277,81.48491592146456
optimistic,150,nearest_available,3,3,3,t00983-c00046,46,983,6,0,6,True,False,cancelled_late,25.8677,0.0,0,1,72.50058394856751,928.3818339463323,0.025625107809901237,0.019208062440156937,928.4266671165824
optimistic,150,nearest_available,3,3,3,t00983-c00141,141,983,6,0,6,True,False,satisfied,20.5685,20.8,52,1,201.38341700658202,881.319958018139,47.15970903635025,0.009790994226932526,928.4894580487162
optimistic,150,nearest_available,3,3,3,t00984-c00046,46,984,6,0,6,True,False,satisfied,29.3669,29.4,49,1,86.00600017234683,476.30929201841354,0.025791116058826447,0.020958948880434036,476.3560420833528
optimistic,150,nearest_available,3,3,3,t00985-c00076,76,985,5,0,5,True,False,satisfied,26.5504,26.6,38,1,57.130167027935386,222.59866702370346,0.026207882910966873,0.020625069737434387,222.64549997635186
optimistic,150,nearest_available,3,3,3,t00986-c00064,64,986,3,0,3,True,False,satisfied,11.545,11.2,14,1,20.30308311805129,49.591667018830776,0.025624874979257584,0.015750061720609665,49.63304195553064
optimistic,150,nearest_available,3,3,3,t00987-c00087,87,987,5,0,5,True,False,satisfied,20.5575,20.8,26,1,25.810624938458204,136.94354193285108,0.0249580480158329,0.01837499439716339,136.98687497526407
optimistic,150,nearest_available,3,3,3,t00988-c00111,111,988,5,0,5,True,False,satisfied,20.0518,20.8,26,1,33.29591709189117,173.3723331708461,0.033041927963495255,0.01750001683831215,173.4228751156479
optimistic,150,nearest_available,3,3,3,t00991-c00063,63,991,21,0,21,True,False,satisfied,14.1833,14.4,24,1,31.943625072017312,705.5681250058115,0.040790997445583344,0.0238749198615551,705.6327909231186
optimistic,150,nearest_available,3,3,3,t00992-c00148,148,992,3,0,3,True,False,no_show,9.6218,0.0,0,1,18.25754181481898,47.661291901022196,0.03354111686348915,0.019624829292297363,47.71445784717798
optimistic,150,nearest_available,3,3,3,t00993-c00017,17,993,3,0,3,True,False,satisfied,13.9802,14.4,18,1,24.29654193110764,63.65837506018579,0.022624852135777473,0.018750084564089775,63.69974999688566
optimistic,150,nearest_available,3,3,3,t00997-c00115,115,997,7,0,7,True,False,satisfied,18.4268,18.5,37,1,55.338584119454026,308.9734590612352,0.03454089164733887,0.01900014467537403,309.0270000975579
optimistic,150,nearest_available,3,3,3,t00998-c00001,1,998,3,0,3,True,False,satisfied,27.9835,28.2,47,1,51.96037492714822,309.7082918975502,0.017458107322454453,0.016875099390745163,309.7426251042634
optimistic,150,nearest_available,3,3,3,t00998-c00105,105,998,2,0,2,True,False,satisfied,21.4551,21.6,36,1,105.86129105649889,158.7046249769628,151.06525016017258,0.0077909789979457855,309.77766611613333
optimistic,150,nearest_available,3,3,3,t00999-c00039,39,999,3,0,3,True,False,satisfied,24.2415,24.5,49,1,140.11999987997115,341.067582834512,219.37445807270706,0.017124926671385765,560.4591658338904
optimistic,150,nearest_available,3,3,3,t00999-c00146,146,999,6,0,6,True,False,satisfied,20.7176,21.0,35,1,36.93637507967651,560.3591671679169,0.13654190115630627,0.01095794141292572,560.5066670104861
optimistic,150,nearest_available,3,3,3,t01000-c00012,12,1000,5,0,5,True,False,satisfied,29.5449,30.0,60,1,121.3965411297977,459.04516614973545,0.019249971956014633,0.019249971956014633,459.0836660936475
optimistic,150,nearest_available,3,3,3,t01001-c00010,10,1001,3,0,3,True,False,satisfied,26.1234,26.4,33,1,46.61004198715091,173.76699997112155,44.45641697384417,0.016415957361459732,218.23983290232718
optimistic,150,nearest_available,3,3,3,t01001-c00149,149,1001,2,0,2,True,False,satisfied,19.3846,20.0,25,1,87.19362481497228,218.13741698861122,0.12458302080631256,0.007291790097951889,218.26929179951549
optimistic,150,nearest_available,3,3,3,t01006-c00071,71,1006,3,0,3,True,False,satisfied,26.9879,27.2,34,1,28.901458019390702,222.13220805861056,125.44770794920623,0.016250181943178177,347.59616618975997
optimistic,150,nearest_available,3,3,3,t01006-c00083,83,1006,3,0,3,True,False,satisfied,26.4528,27.0,45,1,102.07329201512039,347.50462509691715,0.11708401143550873,0.007707858458161354,347.6294169668108
optimistic,150,nearest_available,3,3,3,t01007-c00000,0,1007,5,0,5,True,False,satisfied,19.4538,11.2,14,1,63.79299983382225,270.4791659489274,0.013874843716621399,0.01454213634133339,270.50758292898536
optimistic,150,nearest_available,3,3,3,t01007-c00032,32,1007,3,0,3,True,False,satisfied,13.1647,13.2,33,1,32.33875008299947,262.42687506601214,8.102374849840999,0.0069160014390945435,270.53616591729224
optimistic,150,nearest_available,3,3,3,t01008-c00025,25,1008,2,0,2,True,False,no_show,23.5267,0.0,0,1,60.40108297020197,146.8628749717027,0.01958315260708332,0.016833888366818428,146.8992920126766
optimistic,150,nearest_available,3,3,3,t01009-c00094,94,1009,2,0,2,True,False,satisfied,20.1949,20.4,51,1,129.25079092383385,357.11524984799325,8.687166031450033,0.014958903193473816,365.81737478263676
optimistic,150,nearest_available,3,3,3,t01009-c00144,144,1009,5,0,5,True,False,satisfied,14.953,5.0,10,1,42.99483308568597,365.72579201310873,0.13125012628734112,0.010207993909716606,365.8672501333058
optimistic,150,nearest_available,3,3,3,t01011-c00100,100,1011,2,0,2,True,False,no_show,23.2156,0.0,0,1,44.911874923855066,123.22174990549684,0.030209077522158623,0.018290942534804344,123.2702499255538
optimistic,150,nearest_available,3,3,3,t01012-c00077,77,1012,3,0,3,True,False,satisfied,22.9423,22.5,45,1,76.17745781317353,197.03870778903365,0.02550007775425911,0.015709083527326584,197.07991695031524
optimistic,150,nearest_available,3,3,3,t01014-c00018,18,1014,2,0,2,True,False,satisfied,13.5549,14.0,20,1,198.81008309312165,552.23258305341,10.856791865080595,0.013875076547265053,563.1032499950379
optimistic,150,nearest_available,3,3,3,t01014-c00062,62,1014,9,0,9,True,False,satisfied,26.3156,26.4,33,1,46.42066592350602,563.0188749637455,0.12650014832615852,0.011165859177708626,563.1565409712493
optimistic,150,nearest_available,3,3,3,t01014-c00117,117,1014,4,0,4,True,False,satisfied,19.0293,19.2,32,1,138.27958307228982,397.33062498271465,165.81591707654297,0.0069160014390945435,563.1534580606967
optimistic,150,nearest_available,3,3,3,t01015-c00060,60,1015,3,0,3,True,False,satisfied,25.3717,25.6,32,1,44.80620892718434,101.60179203376174,0.023041851818561554,0.01616613008081913,101.64100001566112
optimistic,150,nearest_available,3,3,3,t01016-c00036,36,1016,5,0,5,True,False,satisfied,15.3423,5.0,10,1,136.69804204255342,861.5639999043196,0.024584122002124786,0.018582912161946297,861.6071669384837
optimistic,150,nearest_available,3,3,3,t01016-c00107,107,1016,3,0,3,True,False,no_show,19.0493,0.0,0,1,21.490582963451743,836.8028327822685,24.850500049069524,0.008542090654373169,861.6618749219924
optimistic,150,nearest_available,3,3,3,t01016-c00148,148,1016,7,0,7,True,False,satisfied,26.7489,27.3,39,1,136.59362494945526,861.4595839753747,0.1932079903781414,0.007875030860304832,861.6606669966131
optimistic,150,nearest_available,3,3,3,t01019-c00075,75,1019,6,0,6,True,False,satisfied,15.7307,16.0,32,1,242.94316698797047,953.5996248014271,0.029708025977015495,0.017709098756313324,953.6470419261605
optimistic,150,nearest_available,3,3,3,t01019-c00112,112,1019,3,0,3,True,False,satisfied,19.5675,19.6,28,1,267.01708300970495,931.3609998207539,22.31841697357595,0.008916016668081284,953.688332810998
optimistic,150,nearest_available,3,3,3,t01019-c00136,136,1019,10,0,10,True,False,satisfied,30.0754,30.1,43,1,47.189708799123764,953.4938340075314,0.19079097546637058,0.00837491825222969,953.69299990125
optimistic,150,nearest_available,3,3,3,t01023-c00065,65,1023,7,0,7,True,False,satisfied,18.398,14.8,37,1,50.97183398902416,342.90591697208583,0.025042099878191948,0.020832987502217293,342.95179205946624
optimistic,150,nearest_available,3,3,3,t01025-c00120,120,1025,3,0,3,True,False,satisfied,15.6259,16.0,20,1,18.41887505725026,60.09462499059737,0.02637505531311035,0.014457851648330688,60.13545789755881
optimistic,150,nearest_available,3,3,3,t01026-c00098,98,1026,5,0,5,True,False,satisfied,17.6411,13.6,34,1,76.64950005710125,269.9259580112994,0.028250040486454964,0.018875114619731903,269.97308316640556
optimistic,150,nearest_available,3,3,3,t01029-c00048,48,1029,4,0,4,True,False,satisfied,24.7596,12.8,16,1,44.35116611421108,1137.3812910169363,0.030125025659799576,0.020209001377224922,1137.4316250439733
optimistic,150,nearest_available,3,3,3,t01029-c00084,84,1029,3,0,3,True,False,no_show,16.861,0.0,0,1,226.07108298689127,1137.3297499958426,0.14054193161427975,0.0076659489423036575,1137.4779578763992
optimistic,150,nearest_available,3,3,3,t01029-c00101,101,1029,3,0,3,True,False,satisfied,15.6214,16.0,40,1,226.02879186160862,1137.2875419910997,0.17833290621638298,0.005499925464391708,1137.4713748227805
optimistic,150,nearest_available,3,3,3,t01030-c00029,29,1030,7,0,7,True,False,satisfied,15.7326,16.0,32,1,45.08712491951883,291.366291930899,0.02437504008412361,0.022541964426636696,291.4132089354098
optimistic,150,nearest_available,3,3,3,t01033-c00033,33,1033,4,0,4,True,False,no_show,17.3142,0.0,0,1,36.182541865855455,157.71945798769593,0.023083994165062904,0.019207829609513283,157.7617498114705
optimistic,150,nearest_available,3,3,3,t01038-c00020,20,1038,3,0,3,True,False,cancelled_early,26.0492,0.0,0,1,46.749416971579194,123.78554209135473,0.0213750172406435,0.020041828975081444,123.82695893757045
optimistic,150,nearest_available,3,3,3,t01039-c00020,20,1039,4,0,4,True,False,satisfied,26.8544,27.2,34,1,49.49012491852045,190.7602499704808,0.02037500962615013,0.01595797948539257,190.79658295959234
optimistic,150,nearest_available,3,3,3,t01042-c00047,47,1042,7,0,7,True,False,satisfied,15.2617,15.5,31,1,30.655832961201668,292.75804199278355,0.025582965463399887,0.020124949514865875,292.8037499077618
optimistic,150,nearest_available,3,3,3,t01044-c00002,2,1044,9,0,9,True,False,satisfied,22.0258,22.4,28,1,172.17670800164342,1894.6744170971215,0.026291003450751305,0.03620889037847519,1894.7369169909507
optimistic,150,nearest_available,3,3,3,t01044-c00013,13,1044,9,0,9,True,False,satisfied,23.4829,23.6,59,1,172.12449992075562,1894.6223750244826,0.15737488865852356,0.011083204299211502,1894.7908331174403
optimistic,150,nearest_available,3,3,3,t01045-c00027,27,1045,8,0,8,True,False,satisfied,21.1349,21.7,31,1,122.88445793092251,1103.4733329433948,0.02545793540775776,0.01850002445280552,1103.5172909032553
optimistic,150,nearest_available,3,3,3,t01045-c00129,129,1045,7,0,7,True,False,cancelled_early,24.1302,0.0,0,1,122.8262078948319,1103.4150419291109,0.1373749691992998,0.00900006853044033,1103.5614169668406
optimistic,150,nearest_available,3,3,3,t01046-c00129,129,1046,3,0,3,True,False,satisfied,21.8135,22.2,37,1,37.84562507644296,144.91162495687604,0.02933293581008911,0.015167053788900375,144.95612494647503
optimistic,150,nearest_available,3,3,3,t01047-c00055,55,1047,2,0,2,True,False,satisfied,19.8045,20.3,29,1,283.45183306373656,517.3426251858473,24.09258298575878,0.016458798199892044,541.451666969806
optimistic,150,nearest_available,3,3,3,t01047-c00078,78,1047,6,0,6,True,False,cancelled_early,19.2312,0.0,0,1,32.59425004944205,541.3592502009124,0.1373749691992998,0.010999850928783417,541.5076250210404
optimistic,150,nearest_available,3,3,3,t01047-c00086,86,1047,2,0,2,True,False,cancelled_early,22.2789,0.0,0,1,283.36145798675716,517.252332996577,24.26445810124278,0.0062498729676008224,541.5230409707874
optimistic,150,nearest_available,3,3,3,t01048-c00040,40,1048,4,0,4,True,False,satisfied,26.0645,26.6,38,1,38.6247499845922,819.7121659759432,0.024583889171481133,0.019458122551441193,819.7562079876661
optimistic,150,nearest_available,3,3,3,t01048-c00058,58,1048,3,1,3,True,False,satisfied,18.8227,19.2,32,1,880.3144169505686,1246.0845839232206,0.1599160023033619,0.009208917617797852,1246.2537088431418
optimistic,150,nearest_available,3,3,3,t01048-c00078,78,1048,6,0,6,True,False,satisfied,10.915,11.2,14,1,57.27429105900228,787.7804159652442,31.974917044863105,0.011417083442211151,819.7667500935495
optimistic,150,nearest_available,3,3,3,t01048-c00086,86,1048,7,0,7,True,False,satisfied,22.7361,22.5,45,1,195.51408290863037,787.73795790039,32.0255421102047,0.00874977558851242,819.7722497861832
optimistic,150,nearest_available,3,3,3,t01049-c00019,19,1049,6,0,6,True,False,cancelled_late,17.19,0.0,0,1,28.885375009849668,357.46958293020725,67.48704193159938,0.024124979972839355,424.98074984177947
optimistic,150,nearest_available,3,3,3,t01049-c00107,107,1049,3,0,3,True,False,satisfied,29.9017,28.8,36,1,84.40662501379848,244.56954095512629,180.48233399167657,0.007082941010594368,425.05895788781345
optimistic,150,nearest_available,3,3,3,t01051-c00110,110,1051,9,0,9,True,False,satisfied,28.8355,29.4439,37,1,54.28416607901454,740.3099159710109,0.033084070309996605,0.020625069737434387,740.3636251110584
optimistic,150,nearest_available,3,3,3,t01051-c00127,127,1051,6,0,6,True,False,satisfied,18.003,18.5,37,1,181.93387519568205,710.278500104323,30.123249860480428,0.010792165994644165,740.4125421307981
optimistic,150,nearest_available,3,3,3,t01052-c00025,25,1052,5,0,5,True,False,satisfied,16.8013,17.4,29,1,28.407791862264276,180.96008291468024,0.02191704697906971,0.021207844838500023,181.0032078064978
optimistic,150,nearest_available,3,3,3,t01054-c00019,19,1054,6,0,6,True,False,satisfied,19.9505,20.0,25,1,32.60766598396003,173.00287494435906,0.02008303999900818,0.018124934285879135,173.04108291864395
optimistic,150,nearest_available,3,3,3,t01055-c00061,61,1055,2,0,2,True,False,satisfied,24.6796,24.0,30,1,28.233416844159365,60.390583937987685,0.021208077669143677,0.013832934200763702,60.42562494985759
optimistic,150,nearest_available,3,3,3,t01057-c00080,80,1057,2,0,2,True,False,no_show,28.8554,0.0,0,1,126.86558393761516,256.5762088634074,0.027416041120886803,0.020249979570508003,256.62387488409877
optimistic,150,nearest_available,3,3,3,t01058-c00008,8,1058,2,0,2,True,False,satisfied,29.1018,28.0,40,1,40.42170802131295,108.2884999923408,0.019124941900372505,0.015458092093467712,108.32308302633464
optimistic,150,nearest_available,3,3,3,t01059-c00022,22,1059,6,0,6,True,False,satisfied,21.4664,21.6,36,1,22.981125162914395,273.87950010597706,0.021625077351927757,0.01716683618724346,273.91829201951623
optimistic,150,nearest_available,3,3,3,t01063-c00005,5,1063,2,0,2,True,False,satisfied,18.6504,18.8,47,1,596.2770420592278,1232.3810001835227,0.020833918824791908,0.019124941900372505,1232.4209590442479
optimistic,150,nearest_available,3,3,3,t01063-c00119,119,1063,5,0,5,True,False,satisfied,29.2511,29.6,74,1,165.48804193735123,1232.3243750724941,0.13699987903237343,0.01200009137392044,1232.4733750429004
optimistic,150,nearest_available,3,3,3,t01064-c00102,102,1064,14,0,14,True,False,cancelled_early,24.1606,0.0,0,1,61.48404208943248,891.490750014782,0.0385830644518137,0.020709121599793434,891.5500422008336
optimistic,150,nearest_available,3,3,3,t01065-c00102,102,1065,6,0,6,True,False,satisfied,24.1061,24.6,41,1,90.19929193891585,358.7796250358224,0.029749935492873192,0.01958315260708332,358.82895812392235
optimistic,150,nearest_available,3,3,3,t01067-c00033,33,1067,7,0,7,True,False,satisfied,12.7002,13.2,22,1,23.48979189991951,177.0456249359995,0.026084017008543015,0.018290942534804344,177.08999989554286
optimistic,150,nearest_available,3,3,3,t01068-c00009,9,1068,2,0,2,True,False,satisfied,22.1905,22.4,28,1,115.82966591231525,357.2858329862356,48.095582984387875,0.015292083844542503,405.39670805446804
optimistic,150,nearest_available,3,3,3,t01068-c00100,100,1068,5,0,5,True,False,cancelled_early,22.9611,0.0,0,1,76.30866602994502,405.30570806004107,0.12095784768462181,0.008834060281515121,405.4354999680072
optimistic,150,nearest_available,3,3,3,t01069-c00100,100,1069,5,0,5,True,False,cancelled_early,26.9417,0.0,0,1,97.67566598020494,387.94920803047717,0.028999987989664078,0.02045789733529091,387.9986659158021
optimistic,150,nearest_available,3,3,3,t01070-c00052,52,1070,4,0,4,True,False,satisfied,16.826,17.6,22,1,21.014499943703413,349.7071659658104,40.74312513694167,0.019666971638798714,390.4699580743909
optimistic,150,nearest_available,3,3,3,t01070-c00100,100,1070,5,0,5,True,False,satisfied,22.2902,22.5,45,1,93.01866590976715,390.37074986845255,0.13554096221923828,0.009709037840366364,390.51599986851215
optimistic,150,nearest_available,3,3,3,t01071-c00054,54,1071,9,0,9,True,False,satisfied,16.3877,16.8,21,1,16.30579214543104,227.27654199115932,0.02833292819559574,0.016833189874887466,227.3217081092298
optimistic,150,nearest_available,3,3,3,t01072-c00123,123,1072,3,0,3,True,False,satisfied,21.7587,22.4,32,1,29.91037513129413,117.84225003793836,0.027416972443461418,0.013750046491622925,117.88341705687344
optimistic,150,nearest_available,3,3,3,t01074-c00003,3,1074,3,0,3,True,False,satisfied,27.8939,28.0,70,1,187.11141706444323,623.1701672077179,0.018165912479162216,0.016750069335103035,623.2050831895322
optimistic,150,nearest_available,3,3,3,t01074-c00137,137,1074,3,0,3,True,False,satisfied,22.321,22.8,38,1,37.46429202146828,318.7966251280159,304.4300000183284,0.008207978680729866,623.234833125025
optimistic,150,nearest_available,3,3,3,t01075-c00004,4,1075,6,0,6,True,False,satisfied,24.6925,25.2,42,1,64.23158291727304,609.5966249704361,0.017124926671385765,0.01812516711652279,609.631875064224
optimistic,150,nearest_available,3,3,3,t01075-c00026,26,1075,2,0,2,True,False,satisfied,23.6976,24.0,60,1,185.2977080270648,582.0391660090536,27.618749998509884,0.0069588422775268555,609.664874849841
optimistic,150,nearest_available,3,3,3,t01077-c00051,51,1077,2,0,2,True,False,cancelled_early,17.9708,0.0,0,1,19.05079185962677,61.934208031743765,0.020209001377224922,0.015040859580039978,61.96945789270103
optimistic,150,nearest_available,3,3,3,t01078-c00051,51,1078,3,0,3,True,False,no_show,22.2072,0.0,0,1,26.028458029031754,108.14691707491875,0.023208092898130417,0.018666964024305344,108.18879213184118
optimistic,150,nearest_available,3,3,3,t01080-c00130,130,1080,7,0,7,True,False,cancelled_late,24.1374,0.0,0,1,121.0168341640383,791.1880421452224,0.03312481567263603,0.01750001683831215,791.2386669777334
optimistic,150,nearest_available,3,3,3,t01081-c00130,130,1081,3,0,3,True,False,satisfied,25.338,25.6,64,1,132.2777911555022,351.14695806987584,0.029999995604157448,0.01645786687731743,351.1934159323573
optimistic,150,nearest_available,3,3,3,t01086-c00084,84,1086,5,0,5,True,False,satisfied,20.7218,20.8,52,1,358.2737920805812,1429.167459020391,0.03183307126164436,0.02345792017877102,1429.2227500118315
optimistic,150,nearest_available,3,3,3,t01086-c00135,135,1086,10,0,10,True,False,cancelled_late,25.4694,0.0,0,1,47.12566686794162,1429.1167920455337,0.15604100190103054,0.011791940778493881,1429.2846249882132
optimistic,150,nearest_available,3,3,3,t01090-c00028,28,1090,5,0,5,True,False,satisfied,21.5911,21.6,54,1,348.79895811900496,1886.0124580096453,468.7567090149969,0.016333069652318954,2354.7855000942945
optimistic,150,nearest_available,3,3,3,t01090-c00034,34,1090,15,0,15,True,False,no_show,15.8458,0.0,0,1,135.46154112555087,2354.6942500397563,0.13824994675815105,0.012875068932771683,2354.845375055447
optimistic,150,nearest_available,3,3,3,t01090-c00036,36,1090,19,0,19,True,False,satisfied,20.6563,21.0,42,1,63.8027919922024,2354.6496250201017,0.19249995239078999,0.01091696321964264,2354.853041935712
optimistic,150,nearest_available,3,3,3,t01091-c00135,135,1091,4,0,4,True,False,satisfied,23.724,24.0,40,1,60.63654203899205,192.350166849792,0.03179209306836128,0.016124919056892395,192.39808386191726
optimistic,150,nearest_available,3,3,3,t01095-c00125,125,1095,7,0,7,True,False,satisfied,17.0748,17.5,25,1,31.550666084513068,193.43379116617143,0.03220885992050171,0.016666017472743988,193.48266604356468
optimistic,150,nearest_available,3,3,3,t01096-c00116,116,1096,3,0,3,True,False,satisfied,23.9414,24.0,40,1,61.19683291763067,152.41316705942154,47.92920802719891,0.015374971553683281,200.35775005817413
optimistic,150,nearest_available,3,3,3,t01096-c00144,144,1096,3,0,3,True,False,no_show,10.2959,0.0,0,1,90.05604195408523,200.2639169804752,0.12029102072119713,0.008041970431804657,200.3922499716282
optimistic,150,nearest_available,3,3,3,t01097-c00079,79,1097,4,0,4,True,False,satisfied,16.0554,16.2,27,1,29.203834012150764,98.97991688922048,0.028125010430812836,0.017541926354169846,99.02558382600546
optimistic,150,nearest_available,3,3,3,t01098-c00021,21,1098,7,0,7,True,False,no_show,27.559,0.0,0,1,89.92345910519361,641.8554589617997,0.02354104071855545,0.019750092178583145,641.8987500946969
optimistic,150,nearest_available,3,3,3,t01099-c00074,74,1099,18,0,18,True,False,satisfied,25.2556,25.9,37,1,54.24120812676847,1017.0470830053091,0.03850017674267292,0.021832995116710663,1017.1074161771685
optimistic,150,nearest_available,3,3,3,t01100-c00091,91,1100,2,0,2,True,False,no_show,19.7972,0.0,0,1,69.70408302731812,114.30391599424183,148.55858404189348,0.01670815981924534,262.87920819595456
optimistic,150,nearest_available,3,3,3,t01100-c00113,113,1100,6,0,6,True,False,satisfied,19.0973,19.2,24,1,31.298208981752396,262.783374870196,0.1258340198546648,0.010958174243569374,262.9201670642942
optimistic,150,nearest_available,3,3,3,t01101-c00045,45,1101,7,0,7,True,False,satisfied,22.9697,23.4,39,1,41.41562501899898,459.0930831618607,137.491500005126,0.01979200169444084,596.6043751686811
optimistic,150,nearest_available,3,3,3,t01101-c00114,114,1101,5,0,5,True,False,satisfied,17.9141,18.0,36,1,78.78504111431539,596.5001659933478,0.14875014312565327,0.009624985978007317,596.6585411224514
optimistic,150,nearest_available,3,3,3,t01103-c00035,35,1103,12,0,12,True,False,satisfied,22.172,22.4,32,1,43.080874951556325,452.4479580577463,0.0314170029014349,0.022541964426636696,452.50191702507436
optimistic,150,nearest_available,3,3,3,t01105-c00097,97,1105,6,0,6,True,False,no_show,17.3347,0.0,0,1,28.19295786321163,182.31433280743659,0.03041699528694153,0.017041107639670372,182.3617909103632
optimistic,150,nearest_available,3,3,3,t01107-c00064,64,1107,9,0,9,True,False,cancelled_late,23.1019,0.0,0,1,28.739166911691427,288.1017089821398,0.028708018362522125,0.02208305522799492,288.15250005573034
optimistic,150,nearest_available,3,3,3,t01108-c00064,64,1108,9,0,9,True,False,satisfied,23.3142,24.0,30,1,30.694209039211273,306.7579590715468,0.03041583113372326,0.01912517473101616,306.80750007741153
optimistic,150,nearest_available,3,3,3,t01112-c00104,104,1112,3,0,3,True,False,satisfied,16.3279,16.8,21,1,19.21504200436175,69.18970798142254,0.026667024940252304,0.016333069652318954,69.23270807601511
optimistic,150,nearest_available,3,3,3,t01113-c00143,143,1113,0,4,0,False,True,abandoned,19.1661,0.0,0,0,,,,,
optimistic,150,nearest_available,3,3,3,t01116-c00015,15,1116,7,0,7,True,False,satisfied,17.9556,18.0,30,1,190.68141584284604,1364.4122078549117,0.024707987904548645,0.023958971723914146,1364.4608748145401
optimistic,150,nearest_available,3,3,3,t01116-c00016,16,1116,2,0,2,True,False,satisfied,19.3623,19.6,49,1,294.48895808309317,1214.8647499270737,149.64091614820063,0.008458970114588737,1364.514125045389
optimistic,150,nearest_available,3,3,3,t01116-c00139,139,1116,5,0,5,True,False,no_show,25.3627,0.0,0,1,190.58474991470575,1364.315457874909,0.19275001250207424,0.006417045369744301,1364.5146249327809
optimistic,150,nearest_available,3,3,3,t01117-c00051,51,1117,6,0,6,True,False,satisfied,26.755,26.6,38,1,78.18520907312632,314.2181250732392,0.02529192715883255,0.018625054508447647,314.2620420549065
optimistic,150,nearest_available,3,3,3,t01118-c00099,99,1118,9,0,9,True,False,satisfied,23.5173,23.6,59,1,110.02779216505587,947.0163751393557,0.03379187546670437,0.02150004729628563,947.0716670621186
optimistic,150,nearest_available,3,3,3,t01124-c00034,34,1124,3,0,3,True,False,satisfied,20.8204,21.0,30,1,33.255958929657936,97.39600005559623,0.01979200169444084,0.015541911125183105,97.43133396841586
optimistic,150,nearest_available,3,3,3,t01125-c00132,132,1125,7,0,7,True,False,satisfied,16.184,16.4,41,1,57.92937520891428,372.7726670913398,0.0338749960064888,0.0160830095410347,372.82262509688735
optimistic,150,nearest_available,3,3,3,t01128-c00080,80,1128,5,0,5,True,False,satisfied,34.6334,35.0,70,1,148.0105419177562,638.4290419518948,0.028999987989664078,0.02195802517235279,638.4799999650568
optimistic,150,nearest_available,3,3,3,t01130-c00056,56,1130,7,0,7,True,False,satisfied,21.3671,20.8,26,1,298.7405830062926,950.8316668216139,20.44029114767909,0.018541933968663216,971.2904999032617
optimistic,150,nearest_available,3,3,3,t01130-c00059,59,1130,9,0,9,True,False,no_show,28.1996,0.0,0,1,144.10166698507965,950.7835418917239,20.55354113690555,0.011625001206994057,971.3487080298364
optimistic,150,nearest_available,3,3,3,t01130-c00144,144,1130,5,0,5,True,False,satisfied,19.8384,20.0,40,1,40.8843751065433,971.144791925326,0.19683316349983215,0.0077500008046627045,971.3493750896305
optimistic,150,nearest_available,3,3,3,t01136-c00073,73,1136,9,0,9,True,False,satisfied,26.9098,27.0,54,1,93.53129100054502,1013.987708138302,0.029207905754446983,0.01950003206729889,1014.0364160761237
optimistic,150,nearest_available,3,3,3,t01136-c00085,85,1136,3,0,3,True,False,satisfied,24.058,24.5,49,1,271.4599999599159,725.0048751011491,289.0715419780463,0.009167008101940155,1014.0855840872973
optimistic,150,nearest_available,3,3,3,t01137-c00097,97,1137,2,0,2,True,False,cancelled_early,19.0748,0.0,0,1,34.85737508162856,70.91837492771447,0.027041183784604073,0.015208963304758072,70.96062507480383
optimistic,150,nearest_available,3,3,3,t01138-c00043,43,1138,6,0,6,True,False,satisfied,14.8493,15.4,22,1,19.18408297933638,330.3097919560969,12.52516615204513,0.018042046576738358,342.85300015471876
optimistic,150,nearest_available,3,3,3,t01138-c00097,97,1138,2,0,2,True,False,satisfied,9.8911,10.5,15,1,150.15887515619397,168.75320905819535,174.14095788262784,0.009250128641724586,342.9034170694649
optimistic,150,nearest_available,3,3,3,t01138-c00118,118,1138,5,0,5,True,False,satisfied,13.6487,14.0,28,1,67.90066696703434,342.7151250652969,0.18212501890957355,0.007082941010594368,342.90433302521706
optimistic,150,nearest_available,3,3,3,t01139-c00000,0,1139,5,0,5,True,False,satisfied,20.7169,20.8,26,1,111.10304202884436,465.15149995684624,23.534083040431142,0.018042046576738358,488.7036250438541
optimistic,150,nearest_available,3,3,3,t01139-c00126,126,1139,5,0,5,True,False,cancelled_early,19.1332,0.0,0,1,80.76849998906255,488.60295792110264,0.13429205864667892,0.009624985978007317,488.74687496572733
optimistic,150,nearest_available,3,3,3,t01140-c00017,17,1140,2,0,2,True,False,no_show,13.1591,0.0,0,1,114.8464169818908,388.0561669357121,27.643000008538365,0.01808302477002144,415.7172499690205
optimistic,150,nearest_available,3,3,3,t01140-c00126,126,1140,5,0,5,True,False,satisfied,20.5556,20.8,52,1,91.79462492465973,415.6171658542007,0.13537495397031307,0.010334188118577003,415.7628749962896
optimistic,150,nearest_available,3,3,3,t01142-c00145,145,1142,2,0,2,True,False,satisfied,19.1209,19.2,24,1,35.28449987061322,64.49470785446465,0.03350013867020607,0.016707926988601685,64.54491592012346
optimistic,150,nearest_available,3,3,3,t01144-c00082,82,1144,2,0,2,True,False,satisfied,25.6954,26.4,33,1,122.7722920011729,263.1734579335898,17.688499996438622,0.013791956007480621,280.8757498860359
optimistic,150,nearest_available,3,3,3,t01144-c00091,91,1144,3,0,3,True,False,satisfied,14.0801,14.4,24,1,18.123166169971228,280.78837506473064,0.11054100468754768,0.00833394005894661,280.90725000947714
optimistic,150,nearest_available,3,3,3,t01144-c00142,142,1144,3,0,3,True,False,satisfied,15.8373,16.1,23,1,42.45316702872515,149.4824169203639,131.41216710209846,0.006749993190169334,280.90133401565254
optimistic,150,nearest_available,3,3,3,t01145-c00092,92,1145,2,0,2,True,False,satisfied,18.5846,18.9,27,1,27.021999936550856,65.05412491969764,0.024165958166122437,0.014459015801548958,65.09274989366531
optimistic,150,nearest_available,3,3,3,t01146-c00038,38,1146,6,0,6,True,False,satisfied,17.5256,18.0,36,1,70.94525010325015,280.99045902490616,0.024124979972839355,0.017750076949596405,281.0323340818286
optimistic,150,nearest_available,3,3,3,t01147-c00095,95,1147,7,0,7,True,False,satisfied,21.6307,22.0,55,1,102.56237490102649,623.3460418879986,0.028542010113596916,0.01700012944638729,623.3915840275586
optimistic,150,nearest_available,3,3,3,t01148-c00049,49,1148,3,0,3,True,False,satisfied,20.1334,20.3,29,1,77.14595785364509,205.13133285567164,0.025707995519042015,0.020083971321582794,205.17712482251227
optimistic,150,nearest_available,3,3,3,t01148-c00093,93,1148,3,0,3,True,False,satisfied,16.375,16.8,24,1,77.09570811130106,205.08099999278784,0.1254579983651638,0.007792143151164055,205.21425013430417
optimistic,150,nearest_available,3,3,3,t01149-c00063,63,1149,3,0,3,True,False,satisfied,17.2349,17.4,29,1,26.282374979928136,106.2698329333216,0.023707980290055275,0.017750076949596405,106.31129099056125
optimistic,150,nearest_available,3,3,3,t01151-c00050,50,1151,21,0,21,True,False,cancelled_late,23.1693,0.0,0,1,39.994874969124794,898.7089169677347,0.040790997445583344,0.024124979972839355,898.7738329451531
optimistic,150,nearest_available,3,3,3,t01151-c00096,96,1151,3,0,3,True,False,satisfied,19.92,20.0,25,1,59.263874776661396,831.1602917965502,67.66625004820526,0.00895792618393898,898.8354997709394
optimistic,150,nearest_available,3,3,3,t01152-c00050,50,1152,7,0,7,True,False,satisfied,21.7487,22.4,28,1,37.51691710203886,232.10241715423763,0.025250017642974854,0.016165897250175476,232.14383306913078
optimistic,150,nearest_available,3,3,3,t01153-c00140,140,1153,5,0,5,True,False,satisfied,23.1748,23.1,33,1,49.17324986308813,177.75566689670086,0.02829195000231266,0.014708144590258598,177.79866699129343
optimistic,150,nearest_available,3,3,3,t01154-c00090,90,1154,10,0,10,True,False,satisfied,24.6866,25.2,36,1,54.01683389209211,548.9479168318212,0.032750191166996956,0.019207829609513283,548.9998748525977
optimistic,150,nearest_available,3,3,3,t01156-c00037,37,1156,2,0,2,True,False,satisfied,21.4425,21.6,36,1,71.63049979135394,147.26133388467133,118.38550004176795,0.02245791256427765,265.66929183900356
optimistic,150,nearest_available,3,3,3,t01156-c00138,138,1156,7,0,6,True,False,cancelled_late,18.1592,0.0,0,1,29.59187515079975,260.47708303667605,5.227750167250633,0.011582858860492706,265.7164160627872
optimistic,150,nearest_available,3,3,3,t01159-c00044,44,1159,7,0,7,True,False,cancelled_early,25.5227,0.0,0,1,116.79475009441376,685.8583339489996,6.768791005015373,0.017709098756313324,692.6448340527713
optimistic,150,nearest_available,3,3,3,t01159-c00138,138,1159,5,0,5,True,False,satisfied,23.8883,7.2,9,1,40.41966702789068,692.5460419151932,0.14933315105736256,0.009082956239581108,692.7044580224901
optimistic,150,nearest_available,3,3,3,t01160-c00017,17,1160,2,0,2,True,False,satisfied,18.2252,18.4,23,1,759.381374809891,1681.986124953255,170.60362501069903,0.014374963939189911,1852.6041249278933
optimistic,150,nearest_available,3,3,3,t01160-c00044,44,1160,7,0,7,True,False,satisfied,27.3208,27.5,55,1,471.4168750215322,1847.1881248988211,5.455916980281472,0.010875053703784943,1852.6549169328064
optimistic,150,nearest_available,3,3,3,t01160-c00070,70,1160,6,0,6,True,False,satisfied,11.9188,2.8,7,1,263.58441705815494,1852.4721250869334,0.17437501810491085,0.007832888513803482,1852.654332993552
optimistic,150,nearest_available,3,3,3,t01160-c00134,134,1160,15,0,15,True,False,satisfied,24.8533,25.2,42,1,66.61145784892142,1649.3174158968031,203.33045907318592,0.010207993909716606,1852.6580829638988
optimistic,150,nearest_available,3,3,3,t01161-c00041,41,1161,6,0,6,True,False,satisfied,20.4665,4.8,6,1,33.70283404365182,1183.9674999937415,0.02150004729628563,0.01650000922381878,1184.0055000502616
optimistic,150,nearest_available,3,3,3,t01161-c00067,67,1161,12,0,12,True,False,satisfied,28.6469,28.2,47,1,101.22495819814503,1177.3576252162457,6.6845419351011515,0.011791009455919266,1184.0539581608027
optimistic,150,nearest_available,3,3,3,t01163-c00021,21,1163,7,0,7,True,False,satisfied,29.9801,30.0,60,1,117.98999994061887,698.9793330430984,0.023792032152414322,0.019541941583156586,699.022667016834
optimistic,150,nearest_available,3,3,3,t01167-c00011,11,1167,3,0,3,True,False,satisfied,14.962,15.2,19,1,15.974875073879957,55.79300015233457,0.016208039596676826,0.014832941815257072,55.824041133746505
optimistic,150,nearest_available,3,3,3,t01169-c00053,53,1169,5,0,5,True,False,satisfied,18.2299,18.4,46,1,68.82687495090067,372.5931248627603,0.027292175218462944,0.020790845155715942,372.6412078831345
optimistic,150,nearest_available,3,3,3,t01171-c00023,23,1171,6,0,6,True,False,satisfied,16.2053,16.8,24,1,72.4155839998275,724.5335839688778,0.024750130251049995,0.020415987819433212,724.5787500869483
optimistic,150,nearest_available,3,3,3,t01171-c00059,59,1171,7,0,7,True,False,satisfied,32.6022,31.2,39,1,52.19070892781019,724.4824171066284,0.1410827971994877,0.010334188118577003,724.6338340919465
optimistic,150,nearest_available,3,3,3,t01173-c00032,32,1173,7,0,7,True,False,satisfied,14.9017,15.2,38,1,43.07062504813075,326.2105421163142,0.023999949917197227,0.016707926988601685,326.25124999322
optimistic,150,nearest_available,3,3,3,t01179-c00122,122,1179,3,0,3,True,False,satisfied,16.7933,17.0,34,1,46.949041076004505,132.447250187397,0.03200001083314419,0.014499993994832039,132.49375019222498
optimistic,150,nearest_available,3,3,3,t01180-c00033,33,1180,4,0,4,True,False,satisfied,17.6764,18.0,30,1,37.34829090535641,137.27516611106694,0.022999942302703857,0.014124903827905655,137.31229095719755
optimistic,150,nearest_available,3,3,3,t01181-c00007,7,1181,6,0,6,True,False,satisfied,24.3144,23.5,47,1,85.0092910695821,1048.0291249696165,0.018875114619731903,0.016707926988601685,1048.0647080112249
optimistic,150,nearest_available,3,3,3,t01181-c00072,72,1181,7,0,7,True,False,satisfied,21.4414,21.6,54,1,179.11525000818074,1009.006334003061,39.089041063562036,0.009791925549507141,1048.1051669921726
optimistic,150,nearest_available,3,3,3,t01185-c00088,88,1185,18,0,18,True,False,satisfied,26.7337,27.0,54,1,98.83266710676253,1872.0282500144094,0.039458973333239555,0.022500054910779,1872.0902090426534
optimistic,150,nearest_available,3,3,3,t01186-c00139,139,1186,3,0,3,True,False,satisfied,30.3634,30.4,76,1,179.6594162005931,519.0097910817713,0.031542032957077026,0.013707904145121574,519.0550410188735
optimistic,150,nearest_available,3,3,3,t01187-c00030,30,1187,5,0,5,True,False,satisfied,26.3415,26.4,33,1,31.586374854668975,258.2620829343796,47.08108399063349,0.01987488940358162,305.36304181441665
optimistic,150,nearest_available,3,3,3,t01187-c00147,147,1187,2,0,2,True,False,cancelled_late,16.1777,0.0,0,1,176.21783399954438,305.26058399118483,0.14083296991884708,0.008832896128296852,305.410249857232
optimistic,150,nearest_available,3,3,3,t01190-c00057,57,1190,4,0,4,True,False,cancelled_late,19.2416,0.0,0,1,162.43804106488824,556.3470830675215,13.038499979302287,0.016707926988601685,569.4022909738123
optimistic,150,nearest_available,3,3,3,t01190-c00078,78,1190,2,0,2,True,False,satisfied,18.7215,19.2,24,1,110.33558286726475,232.90774994529784,336.55091701075435,0.008458038792014122,569.4671249948442
optimistic,150,nearest_available,3,3,3,t01190-c00103,103,1190,9,0,9,True,False,satisfied,24.626,24.8,31,1,40.8028329256922,569.2691670265049,0.19658287055790424,0.009417068213224411,569.475166965276
optimistic,150,nearest_available,3,3,3,t01191-c00057,57,1191,3,0,3,True,False,no_show,13.5429,0.0,0,1,29.445874970406294,75.87720896117389,0.02366607077419758,0.015500001609325409,75.91637503355742
optimistic,150,nearest_available,3,3,3,t01194-c00147,147,1194,4,0,4,True,False,cancelled_early,13.3047,0.0,0,1,20.65187506377697,115.9705410245806,0.0338749960064888,0.015083933249115944,116.0194999538362
optimistic,150,nearest_available,3,3,3,t01195-c00018,18,1195,17,0,17,True,False,satisfied,14.2684,14.7,21,1,23.50237499922514,545.5759998876601,0.032082898542284966,0.020459061488509178,545.6285418476909
optimistic,150,nearest_available,3,3,3,t01195-c00147,147,1195,4,0,4,True,False,satisfied,7.0298,7.2,12,1,79.27795802243054,545.5112918280065,0.1401661429554224,0.008083879947662354,545.6595418509096
optimistic,150,nearest_available,3,3,3,t01199-c00087,87,1199,6,0,6,True,False,satisfied,15.1653,15.2,19,1,28.3869169652462,123.40874993242323,0.027499860152602196,0.015125144273042679,123.45137493684888
optimistic,150,nearest_available,3,3,3,t01201-c00048,48,1201,2,0,2,True,False,satisfied,25.5492,25.6,32,1,58.63524996675551,117.01008304953575,0.020042061805725098,0.013665994629263878,117.04379110597074
optimistic,150,nearest_available,3,3,3,t01203-c00106,106,1203,10,0,10,True,False,satisfied,18.3721,17.4,29,1,25.664999848231673,346.758333966136,0.032207928597927094,0.017249956727027893,346.80779185146093
optimistic,150,nearest_available,3,3,3,t01206-c00146,146,1206,3,0,3,True,False,satisfied,26.8203,27.0,45,1,50.26283394545317,202.56591681391,0.03108312375843525,0.015292083844542503,202.61229202151299
optimistic,150,nearest_available,3,3,3,t01207-c00065,65,1207,3,0,3,True,False,cancelled_early,18.6663,0.0,0,1,78.32283293828368,202.35625002533197,0.024499837309122086,0.014708144590258598,202.39545800723135
optimistic,150,nearest_available,3,3,3,t01208-c00065,65,1208,3,0,3,True,False,satisfied,22.8763,23.2,58,1,111.70220794156194,289.01479090563953,0.023042084649205208,0.016416888684034348,289.05424987897277
optimistic,150,nearest_available,3,3,3,t01213-c00081,81,1213,3,0,3,True,False,satisfied,21.5513,22.0,44,1,142.65837520360947,357.65308304689825,90.15825018286705,0.014874851331114769,447.8262080810964
optimistic,150,nearest_available,3,3,3,t01213-c00115,115,1213,5,0,5,True,False,cancelled_late,18.7795,0.0,0,1,73.75095901079476,447.73775013163686,0.11629192158579826,0.009375158697366714,447.86341721192
optimistic,150,nearest_available,3,3,3,t01215-c00024,24,1215,9,0,9,True,False,satisfied,20.9622,21.6,27,1,32.7911248896271,373.7544999457896,0.022249994799494743,0.016333069652318954,373.7930830102414
optimistic,150,nearest_available,3,3,3,t01215-c00111,111,1215,4,0,4,True,False,satisfied,20.6436,20.8,26,1,54.719250183552504,355.1420411095023,18.667292082682252,0.007999828085303307,373.81733302026987
optimistic,150,nearest_available,3,3,3,t01216-c00120,120,1216,6,0,6,True,False,satisfied,20.9426,21.6,27,1,33.50529191084206,181.67254189029336,0.028250040486454964,0.01600012183189392,181.7167920526117
optimistic,150,nearest_available,3,3,3,t01217-c00098,98,1217,3,0,3,True,False,satisfied,18.7958,18.8,47,1,359.2062499374151,1246.9128328375518,280.4751249495894,0.016167061403393745,1527.4041248485446
optimistic,150,nearest_available,3,3,3,t01217-c00133,133,1217,8,0,8,True,False,no_show,26.1263,0.0,0,1,129.6110418625176,1527.3087918758392,0.12625008821487427,0.009333016350865364,1527.444374980405
optimistic,150,nearest_available,3,3,3,t01219-c00006,6,1219,6,0,6,True,False,no_show,24.6072,0.0,0,1,259.6307920757681,1108.9824170339853,0.021999934688210487,0.019208062440156937,1109.0236250311136
optimistic,150,nearest_available,3,3,3,t01219-c00042,42,1219,0,4,0,False,True,abandoned,23.9461,0.0,0,0,,,,,
optimistic,150,nearest_available,3,3,3,t01219-c00115,115,1219,6,0,6,True,False,satisfied,18.9816,19.0,38,1,54.267667001113296,1108.8772078510374,0.13449997641146183,0.009875046089291573,1109.0215828735381
optimistic,150,nearest_available,3,3,3,t01222-c00149,149,1222,7,0,7,True,False,satisfied,20.8998,21.6,27,1,32.433874905109406,198.12287483364344,0.03450014628469944,0.015541911125183105,198.17291689105332
optimistic,150,nearest_available,3,3,3,t01224-c00047,47,1224,9,0,9,True,False,cancelled_early,17.4377,0.0,0,1,33.5609579924494,388.1430409383029,0.027209054678678513,0.023625092580914497,388.19387508556247
optimistic,150,nearest_available,3,3,3,t01225-c00047,47,1225,4,0,4,True,False,satisfied,20.6717,20.8852,42,1,44.21849991194904,211.21037495322526,0.021416926756501198,0.01637497916817665,211.24816685914993
optimistic,150,nearest_available,3,3,3,t01226-c00057,57,1226,6,0,6,True,False,satisfied,25.3623,25.8,43,1,67.28662480600178,374.67924994416535,0.02595805563032627,0.020209001377224922,374.7254170011729
optimistic,150,nearest_available,3,3,3,t01227-c00101,101,1227,3,0,3,True,False,cancelled_early,20.5103,0.0,0,1,50.994791090488434,151.55895799398422,0.028582988306879997,0.016834121197462082,151.60437510348856
optimistic,150,nearest_available,3,3,3,t01228-c00101,101,1228,4,0,4,True,False,satisfied,21.2344,21.2,53,1,135.0303750950843,389.01895796880126,45.210500014945865,0.017833895981311798,434.24729187972844
optimistic,150,nearest_available,3,3,3,t01228-c00131,131,1228,5,0,5,True,False,satisfied,24.0747,24.8,31,1,39.22699997201562,434.1472499072552,0.15145796351134777,0.0100000761449337,434.30870794691145
optimistic,150,nearest_available,3,3,3,t01230-c00068,68,1230,4,0,4,True,False,cancelled_late,19.0915,0.0,0,1,79.02562501840293,313.68166697211564,0.02537504769861698,0.016707926988601685,313.72374994680285
optimistic,150,nearest_available,3,3,3,t01231-c00029,29,1231,3,0,3,True,False,no_show,18.2541,0.0,0,1,53.97449992597103,181.60408292897046,0.020416919142007828,0.01500011421740055,181.63949996232986
optimistic,150,nearest_available,3,3,3,t01232-c00070,70,1232,5,0,5,True,False,cancelled_early,23.0032,0.0,0,1,112.22291714511812,468.92058406956494,0.02487492747604847,0.016666017472743988,468.96212501451373
optimistic,150,nearest_available,3,3,3,t01233-c00070,70,1233,5,0,5,True,False,satisfied,27.0989,27.2,68,1,141.4713750127703,667.6812078803778,0.025541987270116806,0.018415972590446472,667.7251658402383
optimistic,150,nearest_available,3,3,3,t01233-c00097,97,1233,2,0,2,True,False,no_show,17.2102,0.0,0,1,184.65454201214015,595.3534168656915,72.41208315826952,0.008916947990655899,667.7744169719517
optimistic,150,nearest_available,3,3,3,t01235-c00068,68,1235,3,0,3,True,False,cancelled_early,25.5649,0.0,0,1,481.13666591234505,883.4826659876853,0.02433406189084053,0.015666009858250618,883.5226660594344
optimistic,150,nearest_available,3,3,3,t01235-c00112,112,1235,5,0,5,True,False,no_show,22.2242,0.0,0,1,42.34329191967845,804.0995420888066,79.46791686117649,0.00954093411564827,883.5769998840988
optimistic,150,nearest_available,3,3,3,t01235-c00124,124,1235,3,0,3,True,False,cancelled_early,23.9732,0.0,0,1,317.52191693522036,617.0774169731885,266.48616697639227,0.006125075742602348,883.5697090253234
optimistic,150,nearest_available,3,3,3,t01236-c00068,68,1236,3,0,3,True,False,satisfied,23.0992,23.2,58,1,176.7706659156829,395.1579160057008,0.026792054995894432,0.01991703175008297,395.2046250924468
optimistic,150,nearest_available,3,3,3,t01236-c00124,124,1236,2,0,2,True,False,satisfied,26.1687,26.4,33,1,35.36845790222287,220.74333298951387,174.50333386659622,0.009333016350865364,395.25599987246096
optimistic,150,nearest_available,3,3,3,t01237-c00141,141,1237,6,0,6,True,False,cancelled_early,25.2579,0.0,0,1,133.9359579142183,698.4821248333901,0.03416696563363075,0.016333069652318954,698.5326248686761
optimistic,150,nearest_available,3,3,3,t01238-c00025,25,1238,2,0,2,True,False,satisfied,19.5001,19.8,33,1,1521.209416911006,2465.049749938771,558.9918340556324,0.016666017472743988,3024.058250011876
optimistic,150,nearest_available,3,3,3,t01238-c00141,141,1238,20,0,20,True,False,cancelled_late,26.1156,0.0,0,1,137.68741698004305,3023.957333061844,0.15208381228148937,0.015875091776251793,3024.125291965902
optimistic,150,nearest_available,3,3,3,t01239-c00075,75,1239,3,0,3,True,False,satisfied,16.1605,16.5,33,1,38.33737503737211,146.05412492528558,0.027125002816319466,0.01570815220475197,146.09695808030665
optimistic,150,nearest_available,3,3,3,t01240-c00141,141,1240,18,0,18,True,False,cancelled_early,19.9744,0.0,0,1,83.85558286681771,1573.631624924019,0.04670792259275913,0.024458160623908043,1573.7027910072356
optimistic,150,nearest_available,3,3,3,t01241-c00141,141,1241,14,0,14,True,False,satisfied,22.3998,22.4,56,1,106.33383318781853,1431.8485830444843,0.0403339508920908,0.01916615292429924,1431.9080831483006
optimistic,150,nearest_available,3,3,3,t01243-c00105,105,1243,2,0,2,True,False,cancelled_early,12.0629,0.0,0,1,10.02624980174005,34.83766596764326,0.027624890208244324,0.014625024050474167,34.87991588190198
optimistic,150,nearest_available,3,3,3,t01244-c00105,105,1244,8,0,8,True,False,satisfied,20.8496,21.0,35,1,24.88716598600149,474.9742499552667,0.034125056117773056,0.023165950551629066,475.0315409619361
optimistic,150,nearest_available,3,3,3,t01244-c00117,117,1244,2,0,2,True,False,satisfied,19.9156,20.4,34,1,173.82787517271936,389.0055420342833,86.06254193000495,0.008875038474798203,475.07695900276303
optimistic,150,nearest_available,3,3,3,t01247-c00054,54,1247,6,0,6,True,False,satisfied,18.1749,18.4,23,1,28.64054194651544,235.83158291876316,0.02200016751885414,0.016624806448817253,235.87020789273083
optimistic,150,nearest_available,3,3,3,t01247-c00121,121,1247,2,0,2,True,False,no_show,23.8223,0.0,0,1,59.59158297628164,110.03087484277785,125.86658308282495,0.007417052984237671,235.90487497858703
optimistic,150,nearest_available,3,3,3,t01248-c00041,41,1248,5,0,5,True,False,satisfied,22.7826,23.2,29,1,27.547416975721717,160.01362493261695,0.02412521280348301,0.018041813746094704,160.05579195916653
optimistic,150,nearest_available,3,3,3,t01250-c00108,108,1250,9,0,9,True,False,satisfied,18.3981,18.5,37,1,53.77337499521673,427.30266717262566,0.03383285365998745,0.020167091861367226,427.356667118147
optimistic,150,nearest_available,3,3,3,t01251-c00127,127,1251,6,0,6,True,False,satisfied,15.4968,15.5,31,1,57.53012513741851,227.09920909255743,0.031665898859500885,0.016666948795318604,227.14754194021225
optimistic,150,nearest_available,3,3,3,t01253-c00089,89,1253,2,0,2,True,False,satisfied,21.2211,21.6,27,1,18.740624887868762,52.42662504315376,0.026499852538108826,0.013082986697554588,52.466207882389426
optimistic,150,nearest_available,3,3,3,t01258-c00058,58,1258,1,1,1,True,False,cancelled_late,15.5612,0.0,0,1,23.74520804733038,23.74520804733038,0.01895800232887268,0.01170882023870945,23.77587486989796
optimistic,150,nearest_available,3,3,3,t01260-c00006,6,1260,3,0,3,True,False,satisfied,27.2795,23.8,34,1,203.03745800629258,432.30400001630187,321.5365828946233,0.020292121917009354,753.8608750328422
optimistic,150,nearest_available,3,3,3,t01260-c00019,19,1260,2,0,2,True,False,satisfied,15.5668,15.2,19,1,202.9892501886934,432.2555421385914,321.6484999284148,0.009207986295223236,753.9132500533015
optimistic,150,nearest_available,3,3,3,t01260-c00058,58,1260,3,0,3,True,False,satisfied,20.9798,21.0,35,1,238.67004201747477,626.0129590518773,127.89112492464483,0.00758306123316288,753.9116670377553
optimistic,150,nearest_available,3,3,3,t01260-c00138,138,1260,13,0,13,True,False,satisfied,20.1637,20.8,26,1,22.029791958630085,753.6746668629348,0.22795796394348145,0.009334180504083633,753.9119590073824
optimistic,150,nearest_available,3,3,3,t01262-c00097,97,1262,3,0,3,True,False,satisfied,16.5002,16.8,24,1,173.2086248230189,647.0362909603864,0.032250070944428444,0.019208993762731552,647.0877500250936
optimistic,150,nearest_available,3,3,3,t01262-c00109,109,1262,4,0,4,True,False,satisfied,26.1729,26.5,53,1,78.1505829654634,646.9810421112925,0.14129094779491425,0.009292038157582283,647.131625097245
optimistic,150,nearest_available,3,3,3,t01263-c00066,66,1263,6,0,6,True,False,satisfied,27.5051,27.6,46,1,102.72458288818598,650.6819578353316,67.43916706182063,0.019167084246873856,718.1402919813991
optimistic,150,nearest_available,3,3,3,t01263-c00091,91,1263,8,0,8,True,False,satisfied,18.5432,18.6,31,1,113.57195815071464,718.0395000614226,0.13591698370873928,0.010041054338216782,718.1854580994695
optimistic,150,nearest_available,3,3,3,t01265-c00147,147,1265,2,0,2,True,False,satisfied,20.1833,20.4,34,1,52.603417076170444,115.45991711318493,0.03479188308119774,0.01958315260708332,115.51429214887321
optimistic,150,nearest_available,3,3,3,t01267-c00052,52,1267,3,0,3,True,False,satisfied,22.6093,16.0,20,1,10.528417071327567,101.07350000180304,0.02337503246963024,0.01733284443616867,101.11420787870884
optimistic,150,nearest_available,3,3,3,t01268-c00094,94,1268,9,0,9,True,False,no_show,23.8769,0.0,0,1,95.88345815427601,918.1886662263423,0.03358395770192146,0.02074986696243286,918.2430000510067
optimistic,150,nearest_available,3,3,3,t01270-c00077,77,1270,8,0,8,True,False,no_show,21.3634,0.0,0,1,35.60070809908211,482.61566716246307,0.029124785214662552,0.01916615292429924,482.66395810060203
optimistic,150,nearest_available,3,3,3,t01273-c00055,55,1273,7,0,7,True,False,satisfied,22.1978,15.4,22,1,34.641207894310355,256.536667002365,0.023833010345697403,0.015457859262824059,256.5759578719735
optimistic,150,nearest_available,3,3,3,t01274-c00029,29,1274,2,0,2,True,False,satisfied,24.9567,25.0,50,1,108.07791608385742,226.2813749257475,0.022500054910779,0.022707972675561905,226.32658295333385
optimistic,150,nearest_available,3,3,3,t01282-c00112,112,1282,3,0,3,True,False,satisfied,29.2437,29.4,42,1,65.32629183493555,175.3409169614315,0.03333296626806259,0.017124926671385765,175.39137485437095
optimistic,150,nearest_available,3,3,3,t01283-c00014,14,1283,2,0,2,True,False,cancelled_late,32.5414,0.0,0,1,95.41454189457,237.09499998949468,0.01687486656010151,0.015833182260394096,237.12770803831518
optimistic,150,nearest_available,3,3,3,t01284-c00084,84,1284,5,0,5,True,False,satisfied,18.1408,18.4,46,1,73.30600009299815,311.09987501986325,0.026333145797252655,0.01729186624288559,311.1435000319034
optimistic,150,nearest_available,3,3,3,t01287-c00076,76,1287,5,0,5,True,False,cancelled_late,20.3563,0.0,0,1,37.56650001741946,192.1002920717001,0.027082860469818115,0.01700012944638729,192.1443750616163
optimistic,150,nearest_available,3,3,3,t01288-c00100,100,1288,5,0,5,True,False,cancelled_late,23.1231,0.0,0,1,76.22837508097291,299.58687513135374,0.029333867132663727,0.01900014467537403,299.6352091431618
optimistic,150,nearest_available,3,3,3,t01289-c00014,14,1289,9,0,9,True,False,no_show,32.0372,0.0,0,1,96.71691688708961,1067.452667048201,0.025041867047548294,0.020625069737434387,1067.498333984986
optimistic,150,nearest_available,3,3,3,t01289-c00100,100,1289,5,0,5,True,False,satisfied,18.364,18.5,37,1,270.5218750052154,1067.3922090791166,0.13820803724229336,0.008874805644154549,1067.539291922003
optimistic,150,nearest_available,3,3,3,t01290-c00002,2,1290,4,0,4,True,False,satisfied,10.4194,11.2,14,1,13.329791836440563,48.41820779256523,0.017208978533744812,0.01516612246632576,48.4505828935653
optimistic,150,nearest_available,3,3,3,t01291-c00071,71,1291,6,0,6,True,False,satisfied,30.7257,30.4,38,1,78.59929092228413,1116.5934160817415,0.029583927243947983,0.019208062440156937,1116.6422080714256
optimistic,150,nearest_available,3,3,3,t01291-c00133,133,1291,2,0,2,True,False,satisfied,35.5248,35.6,89,1,625.9146251250058,1084.3087921384722,32.37391682341695,0.008833128958940506,1116.691542090848
optimistic,150,nearest_available,3,3,3,t01293-c00076,76,1293,6,0,6,True,False,satisfied,23.8961,24.5,35,1,46.382916159927845,241.80104117840528,0.025250017642974854,0.01774984411895275,241.8440410401672
optimistic,150,nearest_available,3,3,3,t01295-c00001,1,1295,7,0,7,True,False,no_show,24.0526,0.0,0,1,602.2908750455827,2350.6681248545647,0.025667017325758934,0.022417167201638222,2350.716209039092
optimistic,150,nearest_available,3,3,3,t01295-c00039,39,1295,3,0,3,True,False,satisfied,22.162,22.5,45,1,1464.443374890834,2183.4467500448227,167.3060420434922,0.010624993592500687,2350.7634170819074
optimistic,150,nearest_available,3,3,3,t01295-c00121,121,1295,5,0,5,True,False,cancelled_late,30.2695,0.0,0,1,602.1888330578804,1843.3517080266029,507.4125418905169,0.008750008419156075,2350.772999925539
optimistic,150,nearest_available,3,3,3,t01295-c00148,148,1295,10,0,10,True,False,cancelled_late,23.3171,0.0,0,1,602.1453749854118,2286.72954114154,64.05416689813137,0.008250121027231216,2350.7919581606984
optimistic,150,nearest_available,3,3,3,t01296-c00121,121,1296,17,0,17,True,False,satisfied,26.134,26.6,38,1,54.470916045829654,922.3232909571379,0.04095910117030144,0.02254103310406208,922.3867910914123
optimistic,150,nearest_available,3,3,3,t01298-c00079,79,1298,5,0,5,True,False,satisfied,18.478,13.2,22,1,39.02658401057124,149.1932920180261,0.025499844923615456,0.017042038962244987,149.23583390191197
optimistic,150,nearest_available,3,3,3,t01299-c00148,148,1299,11,0,11,True,False,satisfied,24.214,24.5,35,1,46.424249885603786,487.0303748175502,0.039833132177591324,0.02350006252527237,487.09370801225305
optimistic,150,nearest_available,3,3,3,t01301-c00027,27,1301,6,0,6,True,False,satisfied,19.4929,19.6,28,1,47.60629194788635,193.4851671103388,0.03712484613060951,0.016750069335103035,193.53904202580452
optimistic,150,nearest_available,3,3,3,t01302-c00005,5,1302,3,0,3,True,False,no_show,15.7058,0.0,0,1,59.15549979545176,158.7243329267949,0.020833918824791908,0.024916138499975204,158.77008298411965
optimistic,150,nearest_available,3,3,3,t01303-c00083,83,1303,12,0,12,True,False,cancelled_early,25.5675,0.0,0,1,65.53366594016552,911.1746249254793,0.036624958738684654,0.02054101787507534,911.231790902093
optimistic,150,nearest_available,3,3,3,t01303-c00129,129,1303,3,0,3,True,False,no_show,27.4025,0.0,0,1,199.73641587421298,733.2132498268038,178.0727501027286,0.008665956556797028,911.2946658860892
optimistic,150,nearest_available,3,3,3,t01304-c00083,83,1304,7,0,7,True,False,satisfied,23.9086,23.4,39,1,106.82320804335177,594.8116250801831,0.030165771022439003,0.02612522803246975,594.8679160792381
optimistic,150,nearest_available,3,3,3,t01304-c00104,104,1304,5,0,5,True,False,cancelled_early,19.1579,0.0,0,1,31.743332976475358,536.5761250723153,58.33449983038008,0.011916039511561394,594.922540942207
optimistic,150,nearest_available,3,3,3,t01304-c00125,125,1304,5,0,5,True,False,satisfied,9.4269,9.8,14,1,31.697458121925592,508.63300007767975,86.29875001497567,0.008207978680729866,594.9399580713362
optimistic,150,nearest_available,3,3,3,t01305-c00104,104,1305,5,0,5,True,False,satisfied,15.9938,16.0,20,1,16.95716707035899,84.71729210577905,0.027082860469818115,0.01654215157032013,84.76091711781919
optimistic,150,nearest_available,3,3,3,t01306-c00118,118,1306,2,0,2,True,False,satisfied,18.0569,18.0,36,1,26.0152081027627,98.85566611774266,0.027583912014961243,0.014666002243757248,98.89791603200138
optimistic,150,nearest_available,3,3,3,t01307-c00086,86,1307,2,0,2,True,False,satisfied,20.6756,21.0,42,1,64.15466708131135,115.09670806117356,0.026209047064185143,0.013707904145121574,115.13662501238286
optimistic,150,nearest_available,3,3,3,t01310-c00022,22,1310,3,0,3,True,False,satisfied,19.6322,19.8,33,1,29.71812477335334,117.6982088945806,0.019249971956014633,0.014625024050474167,117.73208389058709
optimistic,150,nearest_available,3,3,3,t01311-c00060,60,1311,3,0,3,True,False,satisfied,29.9172,30.4,38,1,37.045458098873496,140.10604214854538,0.024082837626338005,0.017375219613313675,140.14750020578504
optimistic,150,nearest_available,3,3,3,t01314-c00128,128,1314,3,0,3,True,False,satisfied,22.6546,22.8,38,1,39.412416983395815,145.82462492398918,0.027582980692386627,0.01554214395582676,145.8677500486374
optimistic,150,nearest_available,3,3,3,t01315-c00123,123,1315,6,0,6,True,False,satisfied,19.9577,20.3,29,1,27.221416821703315,191.93587498739362,0.0350000336766243,0.019207829609513283,191.99008285067976
optimistic,150,nearest_available,3,3,3,t01316-c00015,15,1316,5,0,5,True,False,satisfied,22.3577,22.6116,38,1,502.3721670731902,1569.905542070046,22.40120805799961,0.021416926756501198,1592.3281670548022
optimistic,150,nearest_available,3,3,3,t01316-c00107,107,1316,15,0,15,True,False,satisfied,20.3385,20.0,25,1,22.942249896004796,1592.2176248859614,0.14999997802078724,0.013625016435980797,1592.3812498804182
optimistic,150,nearest_available,3,3,3,t01317-c00011,11,1317,7,0,7,True,False,satisfied,22.0505,22.4,28,1,34.33725005015731,220.776499947533,0.02095801755785942,0.01708301715552807,220.8145409822464
optimistic,150,nearest_available,3,3,3,t01318-c00062,62,1318,17,0,17,True,False,satisfied,23.7295,24.0,30,1,38.599499966949224,1098.124457988888,0.03795884549617767,0.02266606315970421,1098.185082897544
optimistic,150,nearest_available,3,3,3,t01318-c00069,69,1318,3,0,3,True,False,satisfied,29.4956,29.6,74,1,417.0549160335213,939.8111661430448,158.41641696169972,0.008875038474798203,1098.2364581432194
optimistic,150,nearest_available,3,3,3,t01320-c00009,9,1320,7,0,7,True,False,satisfied,20.3381,20.8,26,1,32.51233301125467,229.54212501645088,28.807417023926973,0.019290950149297714,258.36883299052715
optimistic,150,nearest_available,3,3,3,t01320-c00113,113,1320,2,0,2,True,False,satisfied,19.7467,20.0,25,1,57.69725004211068,258.26899986714125,0.12770900502800941,0.007250113412737846,258.403958985582
optimistic,150,nearest_available,3,3,3,t01321-c00043,43,1321,4,0,4,True,False,no_show,9.2064,0.0,0,1,11.234707897529006,39.951917016878724,0.020165927708148956,0.01579197123646736,39.98787491582334
optimistic,150,nearest_available,3,3,3,t01324-c00034,34,1324,2,0,2,True,False,satisfied,18.7367,18.9,27,1,23.02474994212389,67.4404171295464,0.019832979887723923,0.01391698606312275,67.47416709549725
optimistic,150,nearest_available,3,3,3,t01326-c00077,77,1326,6,0,6,True,False,cancelled_late,24.2599,0.0,0,1,129.67066699638963,732.3875420261174,0.027582980692386627,0.017709098756313324,732.4328341055661
optimistic,150,nearest_available,3,3,3,t01326-c00132,132,1326,5,0,5,True,False,satisfied,15.9791,16.0,40,1,58.60066693276167,650.3674578852952,82.12266699410975,0.009082956239581108,732.4992078356445
optimistic,150,nearest_available,3,3,3,t01327-c00077,77,1327,2,0,2,True,False,satisfied,29.8264,29.5,59,1,94.96204182505608,205.42179187759757,0.02604094333946705,0.013625016435980797,205.46145783737302
optimistic,150,nearest_available,3,3,3,t01329-c00010,10,1329,13,0,13,True,False,satisfied,19.6426,20.0,25,1,30.997042078524828,385.6042919214815,0.028042122721672058,0.02050003968179226,385.65283408388495
optimistic,150,nearest_available,3,3,3,t01330-c00013,13,1330,3,0,3,True,False,satisfied,24.6798,23.2,58,1,74.44133306853473,282.61291701346636,0.01754099503159523,0.015042023733258247,282.6455000322312
optimistic,150,nearest_available,3,3,3,t01331-c00094,94,1331,3,0,3,True,False,satisfied,27.1845,26.0,65,1,87.79775002039969,353.63858309574425,0.026541994884610176,0.01491699367761612,353.6800420843065
optimistic,150,nearest_available,3,3,3,t01332-c00061,61,1332,3,0,3,True,False,satisfied,27.154,27.2,34,1,43.48474997095764,103.97641616873443,0.023541972041130066,0.014874851331114769,104.01483299210668
optimistic,150,nearest_available,3,3,3,t01335-c00114,114,1335,2,0,2,True,False,satisfied,19.2147,19.5,39,1,37.47545788064599,88.96374981850386,0.027416041120886803,0.01495913602411747,89.00612499564886
optimistic,150,nearest_available,3,3,3,t01337-c00023,23,1337,5,0,5,True,False,satisfied,26.599,26.6,38,1,54.40670810639858,232.5148331001401,0.018832972273230553,0.016249949112534523,232.54991602152586
optimistic,150,nearest_available,3,3,3,t01338-c00144,144,1338,3,0,3,True,False,satisfied,18.5909,19.0,38,1,54.33945800177753,142.191540915519,0.030458904802799225,0.014333054423332214,142.23633287474513
optimistic,150,nearest_available,3,3,3,t01339-c00043,43,1339,14,0,14,True,False,satisfied,13.9447,14.0,20,1,22.37266697920859,297.303874976933,0.03283401019871235,0.02058316022157669,297.3572921473533
optimistic,150,nearest_available,3,3,3,t01341-c00040,40,1341,3,0,3,True,False,satisfied,18.6531,18.9,27,1,71.06187497265637,195.6825410015881,92.56887505762279,0.014791963621973991,288.26620802283287
optimistic,150,nearest_available,3,3,3,t01341-c00142,142,1341,6,0,6,True,False,no_show,20.619,0.0,0,1,38.03816600702703,288.1746250204742,0.12329104356467724,0.008666887879371643,288.30658295191824
optimistic,150,nearest_available,3,3,3,t01346-c00000,0,1346,6,0,6,True,False,satisfied,18.2011,18.4,23,1,25.28179087676108,239.6671250462532,0.01454097218811512,0.015541911125183105,239.6972079295665
optimistic,150,nearest_available,3,3,3,t01346-c00001,1,1346,0,4,0,False,True,abandoned,24.8593,0.0,0,0,,,,,
optimistic,150,nearest_available,3,3,3,t01346-c00137,137,1346,2,0,2,True,False,satisfied,22.744,22.8,38,1,56.02500005625188,230.65124987624586,9.02358302846551,0.007166992872953415,239.68199989758432
optimistic,150,nearest_available,3,3,3,t01348-c00018,18,1348,2,0,2,True,False,satisfied,12.1192,12.6,18,1,11.775624938309193,32.349040964618325,0.013499986380338669,0.01191697083413601,32.3744579218328
optimistic,150,nearest_available,3,3,3,t01349-c00005,5,1349,3,0,3,True,False,cancelled_early,17.8338,0.0,0,1,72.55795784294605,236.91245797090232,159.99279194511473,0.01650000922381878,396.9217499252409
optimistic,150,nearest_available,3,3,3,t01349-c00014,14,1349,2,0,2,True,False,satisfied,35.9637,36.0,60,1,138.0947921425104,396.8384580221027,0.122792087495327,0.007166992872953415,396.968417102471
optimistic,150,nearest_available,3,3,3,t01350-c00005,5,1350,3,0,3,True,False,satisfied,20.7086,20.8,52,1,144.88612511195242,384.9266660399735,137.72091711871326,0.016999896615743637,522.6645830553025
optimistic,150,nearest_available,3,3,3,t01350-c00035,35,1350,6,0,6,True,False,cancelled_late,25.8711,0.0,0,1,52.93500004336238,522.5804168730974,0.12037507258355618,0.0100000761449337,522.7107920218259
optimistic,150,nearest_available,3,3,3,t01353-c00046,46,1353,3,0,3,True,False,satisfied,18.3639,18.6,31,1,26.700875023379922,104.73004099912941,0.02150004729628563,0.01791701652109623,104.7694580629468
optimistic,150,nearest_available,3,3,3,t01354-c00064,64,1354,6,0,6,True,False,satisfied,24.308,21.6,27,1,40.78816599212587,352.3143751081079,0.026582973077893257,0.020249979570508003,352.3612080607563
optimistic,150,nearest_available,3,3,3,t01354-c00093,93,1354,6,0,6,True,False,cancelled_late,14.7314,0.0,0,1,54.08495804294944,338.2705000694841,14.132290845736861,0.010667135939002037,352.41345805116
optimistic,150,nearest_available,3,3,3,t01356-c00020,20,1356,3,0,3,True,False,satisfied,21.5401,21.6,27,1,30.988042009994388,67.99845886416733,0.020124949514865875,0.015875091776251793,68.03445890545845
optimistic,150,nearest_available,3,3,3,t01357-c00035,35,1357,7,0,7,True,False,satisfied,28.8734,29.2633,42,1,62.911291141062975,414.3611250910908,0.02187490463256836,0.018458114936947823,414.4014581106603
optimistic,150,nearest_available,3,3,3,t01358-c00012,12,1358,2,0,2,True,False,satisfied,29.1665,29.5,59,1,132.8843340743333,456.6339999437332,16.461834078654647,0.012999866157770157,473.10883388854563
optimistic,150,nearest_available,3,3,3,t01358-c00145,145,1358,10,0,10,True,False,cancelled_early,20.4361,0.0,0,1,22.986958036199212,473.0170420370996,0.11983304284512997,0.011707888916134834,473.14858296886086
optimistic,150,nearest_available,3,3,3,t01359-c00045,45,1359,3,0,3,True,False,satisfied,19.1542,17.4,29,1,271.70475013554096,447.8722501080483,327.21516606397927,0.015958910807967186,775.1033750828356
optimistic,150,nearest_available,3,3,3,t01359-c00056,56,1359,12,0,12,True,False,cancelled_early,22.2785,0.0,0,1,66.33449997752905,752.6225419715047,22.525625070557,0.011875061318278313,775.16004210338
optimistic,150,nearest_available,3,3,3,t01359-c00135,135,1359,3,0,3,True,False,satisfied,19.3847,19.8,33,1,31.502957921475172,774.9589160084724,0.2013749908655882,0.006417045369744301,775.1667080447078
optimistic,150,nearest_available,3,3,3,t01359-c00145,145,1359,3,0,3,True,False,no_show,26.6721,0.0,0,1,280.24962497875094,752.5290828198195,22.62470917776227,0.005790963768959045,775.1595829613507
optimistic,150,nearest_available,3,3,3,t01360-c00016,16,1360,8,0,8,True,False,satisfied,21.3427,21.6,54,1,367.9751669988036,3316.7467499151826,18.22341699153185,0.01887488178908825,3334.9890417885035
optimistic,150,nearest_available,3,3,3,t01360-c00056,56,1360,7,0,6,True,False,cancelled_late,14.2542,0.0,0,1,598.6555831041187,3036.6972910705954,298.3289170078933,0.010249903425574303,3335.0364579819143
optimistic,150,nearest_available,3,3,3,t01360-c00063,63,1360,5,0,5,True,False,satisfied,17.3488,17.4,29,1,36.044874927029014,3334.8498339764774,0.1924580428749323,0.007041962817311287,3335.0493339821696
optimistic,150,nearest_available,3,3,3,t01360-c00093,93,1360,2,0,2,True,False,satisfied,16.6685,16.8,24,1,777.0244579296559,1582.6409170404077,1752.3916659411043,0.005916925147175789,3335.038499906659
optimistic,150,nearest_available,3,3,3,t01360-c00129,129,1360,15,0,15,True,False,satisfied,28.6318,28.8,48,1,367.7866249345243,3221.4333328884095,113.59608406201005,0.008875038474798203,3335.0382919888943
optimistic,150,nearest_available,3,3,3,t01362-c00038,38,1362,7,0,7,True,False,satisfied,9.0451,9.5,19,1,20.228000124916434,112.88008303381503,0.02545793540775776,0.01679197885096073,112.92233294807374
optimistic,150,nearest_available,3,3,3,t01364-c00056,56,1364,9,0,8,True,False,satisfied,20.765,20.8,26,1,26.24754188582301,274.9662920832634,0.02787495031952858,0.01808302477002144,275.01225005835295
optimistic,150,nearest_available,3,3,3,t01364-c00145,145,1364,2,0,2,True,False,cancelled_late,26.3863,0.0,0,1,99.93829182349145,252.31991684995592,22.719958098605275,0.008083879947662354,275.04795882850885
optimistic,150,nearest_available,3,3,3,t01365-c00036,36,1365,7,0,7,True,False,satisfied,20.6722,21.0,42,1,66.83991593308747,310.26870803907514,0.025166897103190422,0.017916085198521614,310.31179102137685
optimistic,150,nearest_available,3,3,3,t01367-c00008,8,1367,7,0,7,True,False,no_show,30.0405,0.0,0,1,66.4049161132425,581.4045411534607,0.021666986867785454,0.02045789733529091,581.4466660376638
optimistic,150,nearest_available,3,3,3,t01367-c00028,28,1367,2,0,2,True,False,satisfied,23.8316,24.0,60,1,148.99016707204282,250.7515421602875,330.733124865219,0.00937492586672306,581.4940419513732
optimistic,150,nearest_available,3,3,3,t01368-c00017,17,1368,3,0,3,True,False,cancelled_early,16.6658,0.0,0,1,48.063875176012516,143.0799171794206,117.68366699106991,0.01637497916817665,260.7799591496587
optimistic,150,nearest_available,3,3,3,t01368-c00102,102,1368,6,0,6,True,False,satisfied,19.8116,19.8,33,1,36.10570798628032,260.67945803515613,0.15866709873080254,0.010207993909716606,260.84833312779665
optimistic,150,nearest_available,3,3,3,t01369-c00017,17,1369,3,0,3,True,False,satisfied,15.5737,16.0,20,1,72.46591616421938,150.47887503169477,22.19833293929696,0.015792204067111015,172.69300017505884
optimistic,150,nearest_available,3,3,3,t01369-c00087,87,1369,5,0,5,True,False,satisfied,21.0826,16.8,21,1,27.786708204075694,172.60041600093246,0.12237508781254292,0.00895909033715725,172.73175017908216
optimistic,150,nearest_available,3,3,3,t01371-c00092,92,1371,18,0,18,True,False,no_show,26.145,0.0,0,1,54.22658286988735,930.0972500350326,0.03895792178809643,0.029250048100948334,930.1654580049217
optimistic,150,nearest_available,3,3,3,t01372-c00003,3,1372,3,0,3,True,False,satisfied,24.1887,22.4,56,1,168.85416698642075,413.0422919988632,196.47837500087917,0.05141599103808403,609.5720829907805
optimistic,150,nearest_available,3,3,3,t01372-c00049,49,1372,5,0,5,True,False,satisfied,18.6201,18.9,27,1,91.91916603595018,549.7056660242379,59.973750030621886,0.01850002445280552,609.6979160793126
optimistic,150,nearest_available,3,3,3,t01372-c00136,136,1372,5,0,5,True,False,satisfied,28.8082,27.3,39,1,63.23666707612574,609.369209036231,0.36054104566574097,0.015166820958256721,609.744916902855
optimistic,150,nearest_available,3,3,3,t01373-c00142,142,1373,2,0,2,True,False,satisfied,19.3051,9.8,14,1,7.558791898190975,53.39929205365479,0.03354181535542011,0.01870817504823208,53.45154204405844
optimistic,150,nearest_available,3,3,3,t01374-c00145,145,1374,4,0,4,True,False,satisfied,24.3985,24.0,30,1,36.479457980021834,113.70637500658631,0.03345799632370472,0.01637497916817665,113.7562079820782
optimistic,150,nearest_available,3,3,3,t01377-c00004,4,1377,9,0,9,True,False,satisfied,25.0101,25.2,42,1,75.47575002536178,535.1618339773268,3.615583060309291,0.017625046893954277,538.79504208453
optimistic,150,nearest_available,3,3,3,t01377-c00096,96,1377,5,0,5,True,False,satisfied,11.3509,5.6,7,1,15.096165938302875,538.6979160830379,0.13620895333588123,0.009624985978007317,538.8437500223517
optimistic,150,nearest_available,3,3,3,t01382-c00116,116,1382,3,0,3,True,False,satisfied,21.1211,21.6,36,1,44.82879117131233,120.30316609889269,0.0278339721262455,0.01612515188753605,120.34712522290647
optimistic,150,nearest_available,3,3,3,t01384-c00051,51,1384,3,0,3,True,False,satisfied,18.7813,18.9,27,1,17.714666901156306,80.99666680209339,0.019791070371866226,0.01579197123646736,81.03224984370172
optimistic,150,nearest_available,3,3,3,t01386-c00074,74,1386,6,0,6,True,False,satisfied,18.4667,18.2,26,1,30.97866685129702,165.4547918587923,0.026582973077893257,0.016750069335103035,165.4981249012053
optimistic,150,nearest_available,3,3,3,t01390-c00053,53,1390,10,0,10,True,False,satisfied,22.9819,16.8,42,1,37.80883317813277,534.5925420988351,0.033207936212420464,0.022208085283637047,534.6479581203312
optimistic,150,nearest_available,3,3,3,t01392-c00032,32,1392,5,0,5,True,False,satisfied,13.5061,12.0,30,1,44.960834085941315,314.7829999215901,0.021792016923427582,0.0177919864654541,314.82258392497897
optimistic,150,nearest_available,3,3,3,t01392-c00106,106,1392,10,0,10,True,False,satisfied,8.4002,9.0,15,1,53.32150007598102,301.44979199394584,13.420041184872389,0.011625001206994057,314.8814581800252
optimistic,150,nearest_available,3,3,3,t01393-c00122,122,1393,3,0,3,True,False,satisfied,18.6172,13.5,27,1,17.597041092813015,123.94433305598795,0.031125033274292946,0.019582919776439667,123.99504100903869
optimistic,150,nearest_available,3,3,3,t01400-c00026,26,1400,6,0,6,True,False,cancelled_early,27.0804,0.0,0,1,43.907250044867396,170.8129590842873,0.02291589044034481,0.016792211681604385,170.85266718640924
optimistic,150,nearest_available,3,3,3,t01401-c00026,26,1401,4,0,4,True,False,satisfied,27.0893,12.8,32,1,32.60612511076033,137.8156249411404,0.023209024220705032,0.015832949429750443,137.85466691479087
optimistic,150,nearest_available,3,3,3,t01403-c00130,130,1403,3,0,3,True,False,satisfied,27.7661,10.4,26,1,24.295708164572716,67.47404206544161,0.028416048735380173,0.012999866157770157,67.51545798033476
optimistic,150,nearest_available,3,3,3,t01404-c00037,37,1404,7,0,7,True,False,satisfied,21.7776,18.0,30,1,30.94887500628829,191.70179194770753,0.027833040803670883,0.02050003968179226,191.750125028193
optimistic,150,nearest_available,3,3,3,t01405-c00033,33,1405,2,0,2,True,False,satisfied,17.207,17.4,29,1,85.28470783494413,134.92708303965628,134.14345891214907,0.012499978765845299,269.0830419305712
optimistic,150,nearest_available,3,3,3,t01405-c00125,125,1405,10,0,10,True,False,satisfied,21.7529,18.9,27,1,18.66424991749227,268.9897909294814,0.10904204100370407,0.010999850928783417,269.1098328214139
optimistic,150,nearest_available,3,3,3,t01409-c00050,50,1409,4,0,4,True,False,satisfied,24.3395,22.4,28,1,26.92420920357108,92.32179215177894,0.022707972675561905,0.014833873137831688,92.35933399759233
optimistic,150,nearest_available,3,3,3,t01413-c00092,92,1413,2,0,2,True,False,satisfied,27.3343,17.5,25,1,7.617624942213297,31.493958085775375,0.024499837309122086,0.012417091056704521,31.530875014141202
optimistic,150,nearest_available,3,3,3,t01418-c00097,97,1418,2,0,2,True,False,satisfied,16.675,10.5,15,1,3.6963748279958963,14.761499827727675,0.02170819789171219,0.012791948392987251,14.795999974012375
optimistic,150,nearest_available,3,3,3,t01419-c00002,2,1419,5,0,5,True,False,cancelled_late,19.4668,0.0,0,1,16.036083223298192,69.64987516403198,0.014707911759614944,0.0149579718708992,69.6795410476625
optimistic,150,nearest_available,3,3,3,t01420-c00002,2,1420,5,0,5,True,False,satisfied,20.8567,8.8,11,1,22.704832954332232,122.19762499444187,0.019124941900372505,0.01650000922381878,122.23324994556606
optimistic,150,nearest_available,3,3,3,t01420-c00008,8,1420,3,0,3,True,False,satisfied,36.4415,9.1,13,1,32.18416613526642,90.87916603311896,31.396042089909315,0.00895792618393898,122.28416604921222
optimistic,150,nearest_available,3,3,3,t01420-c00140,140,1420,5,0,5,True,False,satisfied,24.2672,11.2,16,1,22.59816718287766,122.09116714075208,0.18145795911550522,0.006082933396100998,122.27870803326368
optimistic,150,nearest_available,3,3,3,t01421-c00099,99,1421,4,0,4,True,False,satisfied,23.1791,4.0,10,1,5.568458931520581,25.267167016863823,0.018541933968663216,0.011041061952710152,25.296750012785196
optimistic,150,nearest_available,3,3,3,t01424-c00082,82,1424,2,0,2,True,False,satisfied,27.8426,8.8,11,1,26.817375095561147,43.86412492021918,0.02195918932557106,0.013457844033837318,43.89954195357859
optimistic,150,nearest_available,3,3,3,t01424-c00110,110,1424,5,0,5,True,False,satisfied,28.9168,7.2,9,1,6.198375020176172,36.549500189721584,7.371790939942002,0.007834052667021751,43.92912518233061
optimistic,150,nearest_available,3,3,3,t01427-c00090,90,1427,2,0,2,True,False,cancelled_late,24.77,0.0,0,1,2.5100000202655792,6.360625149682164,0.01229182817041874,0.008458038792014122,6.381375016644597
optimistic,150,nearest_available,3,3,3,t01428-c00119,119,1428,7,0,7,True,False,no_show,16.5562,0.0,0,1,5.379749927669764,32.04616694711149,0.026708003133535385,0.013417098671197891,32.08629204891622
optimistic,150,nearest_available,3,3,3,t01429-c00075,75,1429,40,4,0,False,True,abandoned,21.6933,0.0,0,0,,,,,
optimistic,150,nearest_available,3,3,3,t01429-c00078,78,1429,3,0,3,True,False,satisfied,17.5801,6.4,8,1,7.166583091020584,19.49025015346706,3.841749858111143,0.011250143870711327,23.343250155448914
optimistic,150,nearest_available,3,3,3,t01430-c00098,98,1430,3,0,3,True,False,satisfied,10.5684,2.4,6,1,6.2995420303195715,18.818292068317533,7.436583051458001,0.016832957044243813,26.271708076819777
optimistic,150,nearest_available,3,3,3,t01432-c00090,90,1432,40,4,0,False,True,abandoned,24.8261,0.0,0,0,,,,,
optimistic,150,nearest_available,3,3,3,t01433-c00072,72,1433,5,0,5,True,False,satisfied,20.4836,1.2,3,1,11.328874854370952,83.759541856125,0.02195802517235279,0.014708144590258598,83.79620802588761
