scenario,nb_cars,method,seed,world_seed,grid_seed,society_id,station_id,update_step,alpha
optimistic,50,bramev,6,6,6,0,3,0,0.566354
optimistic,50,bramev,6,6,6,0,3,1,0.523726
optimistic,50,bramev,6,6,6,0,3,2,0.482854
optimistic,50,bramev,6,6,6,0,3,3,0.44607
optimistic,50,bramev,6,6,6,0,3,4,0.412965
optimistic,50,bramev,6,6,6,0,3,5,0.383169
optimistic,50,bramev,6,6,6,0,3,6,0.381735
optimistic,50,bramev,6,6,6,0,3,7,0.380445
optimistic,50,bramev,6,6,6,0,3,8,0.358724
optimistic,50,bramev,6,6,6,0,3,9,0.339175
optimistic,50,bramev,6,6,6,0,3,10,0.321581
optimistic,50,bramev,6,6,6,0,3,11,0.305747
optimistic,50,bramev,6,6,6,0,3,12,0.304985
optimistic,50,bramev,6,6,6,0,3,13,0.304299
optimistic,50,bramev,6,6,6,0,3,14,0.303682
optimistic,50,bramev,6,6,6,0,3,15,0.293293
optimistic,50,bramev,6,6,6,0,3,16,0.295536
optimistic,50,bramev,6,6,6,0,3,17,0.287121
optimistic,50,bramev,6,6,6,0,3,18,0.279548
optimistic,50,bramev,6,6,6,0,3,19,0.272732
optimistic,50,bramev,6,6,6,0,3,20,0.266597
optimistic,50,bramev,6,6,6,0,3,21,0.261076
optimistic,50,bramev,6,6,6,0,3,22,0.256107
optimistic,50,bramev,6,6,6,0,3,23,0.251635
optimistic,50,bramev,6,6,6,0,3,24,0.2486
optimistic,50,bramev,6,6,6,0,3,25,0.244977
optimistic,50,bramev,6,6,6,0,3,26,0.241717
optimistic,50,bramev,6,6,6,0,3,27,0.241717
optimistic,50,bramev,6,6,6,0,3,28,0.239076
optimistic,50,bramev,6,6,6,0,3,29,0.2367
optimistic,50,bramev,6,6,6,0,3,30,0.234561
optimistic,50,bramev,6,6,6,0,3,31,0.235023
optimistic,50,bramev,6,6,6,0,3,32,0.235438
optimistic,50,bramev,6,6,6,0,3,33,0.235813
optimistic,50,bramev,6,6,6,0,3,34,0.236149
optimistic,50,bramev,6,6,6,0,3,35,0.234886
optimistic,50,bramev,6,6,6,0,3,36,0.23375
optimistic,50,bramev,6,6,6,0,3,37,0.232726
optimistic,50,bramev,6,6,6,0,3,38,0.231806
optimistic,50,bramev,6,6,6,0,3,39,0.231806
optimistic,50,bramev,6,6,6,0,3,40,0.23106
optimistic,50,bramev,6,6,6,0,3,41,0.230453
optimistic,50,bramev,6,6,6,0,3,42,0.229906
optimistic,50,bramev,6,6,6,0,3,43,0.229877
optimistic,50,bramev,6,6,6,0,3,44,0.229851
optimistic,50,bramev,6,6,6,0,3,45,0.229828
optimistic,50,bramev,6,6,6,0,3,46,0.229828
optimistic,50,bramev,6,6,6,0,3,47,0.229471
optimistic,50,bramev,6,6,6,0,3,48,0.229471
optimistic,50,bramev,6,6,6,0,3,49,0.229471
optimistic,50,bramev,6,6,6,0,3,50,0.229211
optimistic,50,bramev,6,6,6,0,3,51,0.228977
optimistic,50,bramev,6,6,6,0,3,52,0.228786
optimistic,50,bramev,6,6,6,0,3,53,0.228597
optimistic,50,bramev,6,6,6,0,3,54,0.228426
optimistic,50,bramev,6,6,6,0,3,55,0.228272
optimistic,50,bramev,6,6,6,0,3,56,0.228272
optimistic,50,bramev,6,6,6,0,3,57,0.228148
optimistic,50,bramev,6,6,6,0,3,58,0.228175
optimistic,50,bramev,6,6,6,0,3,59,0.228199
optimistic,50,bramev,6,6,6,0,4,0,0.223873
optimistic,50,bramev,6,6,6,0,4,1,0.215493
optimistic,50,bramev,6,6,6,0,4,2,0.205445
optimistic,50,bramev,6,6,6,0,4,3,0.196402
optimistic,50,bramev,6,6,6,0,4,4,0.188263
optimistic,50,bramev,6,6,6,0,4,5,0.180938
optimistic,50,bramev,6,6,6,0,4,6,0.199727
optimistic,50,bramev,6,6,6,0,4,7,0.216637
optimistic,50,bramev,6,6,6,0,4,8,0.211297
optimistic,50,bramev,6,6,6,0,4,9,0.206491
optimistic,50,bramev,6,6,6,0,4,10,0.202166
optimistic,50,bramev,6,6,6,0,4,11,0.198273
optimistic,50,bramev,6,6,6,0,4,12,0.208258
optimistic,50,bramev,6,6,6,0,4,13,0.217245
optimistic,50,bramev,6,6,6,0,4,14,0.225333
optimistic,50,bramev,6,6,6,0,4,15,0.222779
optimistic,50,bramev,6,6,6,0,4,16,0.232074
optimistic,50,bramev,6,6,6,0,4,17,0.230005
optimistic,50,bramev,6,6,6,0,4,18,0.228143
optimistic,50,bramev,6,6,6,0,4,19,0.226468
optimistic,50,bramev,6,6,6,0,4,20,0.224959
optimistic,50,bramev,6,6,6,0,4,21,0.223602
optimistic,50,bramev,6,6,6,0,4,22,0.222381
optimistic,50,bramev,6,6,6,0,4,23,0.221281
optimistic,50,bramev,6,6,6,0,4,24,0.221281
optimistic,50,bramev,6,6,6,0,4,25,0.220391
optimistic,50,bramev,6,6,6,0,4,26,0.219589
optimistic,50,bramev,6,6,6,0,4,27,0.221802
optimistic,50,bramev,6,6,6,0,4,28,0.221153
optimistic,50,bramev,6,6,6,0,4,29,0.220568
optimistic,50,bramev,6,6,6,0,4,30,0.220042
optimistic,50,bramev,6,6,6,0,4,31,0.221956
optimistic,50,bramev,6,6,6,0,4,32,0.223679
optimistic,50,bramev,6,6,6,0,4,33,0.225229
optimistic,50,bramev,6,6,6,0,4,34,0.226624
optimistic,50,bramev,6,6,6,0,4,35,0.226313
optimistic,50,bramev,6,6,6,0,4,36,0.226034
optimistic,50,bramev,6,6,6,0,4,37,0.225782
optimistic,50,bramev,6,6,6,0,4,38,0.225556
optimistic,50,bramev,6,6,6,0,4,39,0.226181
optimistic,50,bramev,6,6,6,0,4,40,0.225998
optimistic,50,bramev,6,6,6,0,4,41,0.225897
optimistic,50,bramev,6,6,6,0,4,42,0.225806
optimistic,50,bramev,6,6,6,0,4,43,0.226187
optimistic,50,bramev,6,6,6,0,4,44,0.22653
optimistic,50,bramev,6,6,6,0,4,45,0.226838
optimistic,50,bramev,6,6,6,0,4,46,0.227137
optimistic,50,bramev,6,6,6,0,4,47,0.22705
optimistic,50,bramev,6,6,6,0,4,48,0.227292
optimistic,50,bramev,6,6,6,0,4,49,0.22751
optimistic,50,bramev,6,6,6,0,4,50,0.227446
optimistic,50,bramev,6,6,6,0,4,51,0.227388
optimistic,50,bramev,6,6,6,0,4,52,0.227356
optimistic,50,bramev,6,6,6,0,4,53,0.22731
optimistic,50,bramev,6,6,6,0,4,54,0.227268
optimistic,50,bramev,6,6,6,0,4,55,0.22723
optimistic,50,bramev,6,6,6,0,4,56,0.227334
optimistic,50,bramev,6,6,6,0,4,57,0.227304
optimistic,50,bramev,6,6,6,0,4,58,0.227415
optimistic,50,bramev,6,6,6,0,4,59,0.227515
optimistic,50,bramev,6,6,6,0,5,0,0.845941
optimistic,50,bramev,6,6,6,0,5,1,0.775354
optimistic,50,bramev,6,6,6,0,5,2,0.709319
optimistic,50,bramev,6,6,6,0,5,3,0.649889
optimistic,50,bramev,6,6,6,0,5,4,0.596401
optimistic,50,bramev,6,6,6,0,5,5,0.548262
optimistic,50,bramev,6,6,6,0,5,6,0.530319
optimistic,50,bramev,6,6,6,0,5,7,0.51417
optimistic,50,bramev,6,6,6,0,5,8,0.479077
optimistic,50,bramev,6,6,6,0,5,9,0.447493
optimistic,50,bramev,6,6,6,0,5,10,0.419067
optimistic,50,bramev,6,6,6,0,5,11,0.393484
optimistic,50,bramev,6,6,6,0,5,12,0.383948
optimistic,50,bramev,6,6,6,0,5,13,0.375366
optimistic,50,bramev,6,6,6,0,5,14,0.367642
optimistic,50,bramev,6,6,6,0,5,15,0.350857
optimistic,50,bramev,6,6,6,0,5,16,0.347344
optimistic,50,bramev,6,6,6,0,5,17,0.333749
optimistic,50,bramev,6,6,6,0,5,18,0.321512
optimistic,50,bramev,6,6,6,0,5,19,0.3105
optimistic,50,bramev,6,6,6,0,5,20,0.300588
optimistic,50,bramev,6,6,6,0,5,21,0.291668
optimistic,50,bramev,6,6,6,0,5,22,0.28364
optimistic,50,bramev,6,6,6,0,5,23,0.276415
optimistic,50,bramev,6,6,6,0,5,24,0.270901
optimistic,50,bramev,6,6,6,0,5,25,0.265049
optimistic,50,bramev,6,6,6,0,5,26,0.259781
optimistic,50,bramev,6,6,6,0,5,27,0.257975
optimistic,50,bramev,6,6,6,0,5,28,0.253708
optimistic,50,bramev,6,6,6,0,5,29,0.249869
optimistic,50,bramev,6,6,6,0,5,30,0.246413
optimistic,50,bramev,6,6,6,0,5,31,0.245689
optimistic,50,bramev,6,6,6,0,5,32,0.245038
optimistic,50,bramev,6,6,6,0,5,33,0.244453
optimistic,50,bramev,6,6,6,0,5,34,0.243925
optimistic,50,bramev,6,6,6,0,5,35,0.241885
optimistic,50,bramev,6,6,6,0,5,36,0.240048
optimistic,50,bramev,6,6,6,0,5,37,0.238395
optimistic,50,bramev,6,6,6,0,5,38,0.236908
optimistic,50,bramev,6,6,6,0,5,39,0.236397
optimistic,50,bramev,6,6,6,0,5,40,0.235192
optimistic,50,bramev,6,6,6,0,5,41,0.234172
optimistic,50,bramev,6,6,6,0,5,42,0.233254
optimistic,50,bramev,6,6,6,0,5,43,0.23289
optimistic,50,bramev,6,6,6,0,5,44,0.232562
optimistic,50,bramev,6,6,6,0,5,45,0.232268
optimistic,50,bramev,6,6,6,0,5,46,0.232024
optimistic,50,bramev,6,6,6,0,5,47,0.231447
optimistic,50,bramev,6,6,6,0,5,48,0.23125
optimistic,50,bramev,6,6,6,0,5,49,0.231072
optimistic,50,bramev,6,6,6,0,5,50,0.230652
optimistic,50,bramev,6,6,6,0,5,51,0.230274
optimistic,50,bramev,6,6,6,0,5,52,0.229953
optimistic,50,bramev,6,6,6,0,5,53,0.229647
optimistic,50,bramev,6,6,6,0,5,54,0.229371
optimistic,50,bramev,6,6,6,0,5,55,0.229123
optimistic,50,bramev,6,6,6,0,5,56,0.229038
optimistic,50,bramev,6,6,6,0,5,57,0.228837
optimistic,50,bramev,6,6,6,0,5,58,0.228795
optimistic,50,bramev,6,6,6,0,5,59,0.228757
optimistic,50,bramev,6,6,6,0,8,0,0.675329
optimistic,50,bramev,6,6,6,0,8,1,0.621803
optimistic,50,bramev,6,6,6,0,8,2,0.571124
optimistic,50,bramev,6,6,6,0,8,3,0.525513
optimistic,50,bramev,6,6,6,0,8,4,0.484463
optimistic,50,bramev,6,6,6,0,8,5,0.447518
optimistic,50,bramev,6,6,6,0,8,6,0.439649
optimistic,50,bramev,6,6,6,0,8,7,0.432567
optimistic,50,bramev,6,6,6,0,8,8,0.405634
optimistic,50,bramev,6,6,6,0,8,9,0.381394
optimistic,50,bramev,6,6,6,0,8,10,0.359579
optimistic,50,bramev,6,6,6,0,8,11,0.339945
optimistic,50,bramev,6,6,6,0,8,12,0.335763
optimistic,50,bramev,6,6,6,0,8,13,0.331999
optimistic,50,bramev,6,6,6,0,8,14,0.328612
optimistic,50,bramev,6,6,6,0,8,15,0.31573
optimistic,50,bramev,6,6,6,0,8,16,0.31573
optimistic,50,bramev,6,6,6,0,8,17,0.305295
optimistic,50,bramev,6,6,6,0,8,18,0.295904
optimistic,50,bramev,6,6,6,0,8,19,0.287453
optimistic,50,bramev,6,6,6,0,8,20,0.279846
optimistic,50,bramev,6,6,6,0,8,21,0.273
optimistic,50,bramev,6,6,6,0,8,22,0.266839
optimistic,50,bramev,6,6,6,0,8,23,0.261293
optimistic,50,bramev,6,6,6,0,8,24,0.257292
optimistic,50,bramev,6,6,6,0,8,25,0.2528
optimistic,50,bramev,6,6,6,0,8,26,0.248758
optimistic,50,bramev,6,6,6,0,8,27,0.248054
optimistic,50,bramev,6,6,6,0,8,28,0.244779
optimistic,50,bramev,6,6,6,0,8,29,0.241832
optimistic,50,bramev,6,6,6,0,8,30,0.23918
optimistic,50,bramev,6,6,6,0,8,31,0.23918
optimistic,50,bramev,6,6,6,0,8,32,0.23918
optimistic,50,bramev,6,6,6,0,8,33,0.23918
optimistic,50,bramev,6,6,6,0,8,34,0.23918
optimistic,50,bramev,6,6,6,0,8,35,0.237614
optimistic,50,bramev,6,6,6,0,8,36,0.236205
optimistic,50,bramev,6,6,6,0,8,37,0.234936
optimistic,50,bramev,6,6,6,0,8,38,0.233794
optimistic,50,bramev,6,6,6,0,8,39,0.233595
optimistic,50,bramev,6,6,6,0,8,40,0.232671
optimistic,50,bramev,6,6,6,0,8,41,0.231902
optimistic,50,bramev,6,6,6,0,8,42,0.231211
optimistic,50,bramev,6,6,6,0,8,43,0.231051
optimistic,50,bramev,6,6,6,0,8,44,0.230908
optimistic,50,bramev,6,6,6,0,8,45,0.230779
optimistic,50,bramev,6,6,6,0,8,46,0.230684
optimistic,50,bramev,6,6,6,0,8,47,0.230241
optimistic,50,bramev,6,6,6,0,8,48,0.230164
optimistic,50,bramev,6,6,6,0,8,49,0.230095
optimistic,50,bramev,6,6,6,0,8,50,0.229772
optimistic,50,bramev,6,6,6,0,8,51,0.229482
optimistic,50,bramev,6,6,6,0,8,52,0.229241
optimistic,50,bramev,6,6,6,0,8,53,0.229006
optimistic,50,bramev,6,6,6,0,8,54,0.228794
optimistic,50,bramev,6,6,6,0,8,55,0.228604
optimistic,50,bramev,6,6,6,0,8,56,0.228571
optimistic,50,bramev,6,6,6,0,8,57,0.228417
optimistic,50,bramev,6,6,6,0,8,58,0.228417
optimistic,50,bramev,6,6,6,0,8,59,0.228417
optimistic,50,bramev,6,6,6,0,12,0,0.31067
optimistic,50,bramev,6,6,6,0,12,1,0.29361
optimistic,50,bramev,6,6,6,0,12,2,0.27575
optimistic,50,bramev,6,6,6,0,12,3,0.259676
optimistic,50,bramev,6,6,6,0,12,4,0.24521
optimistic,50,bramev,6,6,6,0,12,5,0.23219
optimistic,50,bramev,6,6,6,0,12,6,0.245854
optimistic,50,bramev,6,6,6,0,12,7,0.258151
optimistic,50,bramev,6,6,6,0,12,8,0.24866
optimistic,50,bramev,6,6,6,0,12,9,0.240118
optimistic,50,bramev,6,6,6,0,12,10,0.23243
optimistic,50,bramev,6,6,6,0,12,11,0.225511
optimistic,50,bramev,6,6,6,0,12,12,0.232772
optimistic,50,bramev,6,6,6,0,12,13,0.239307
optimistic,50,bramev,6,6,6,0,12,14,0.245189
optimistic,50,bramev,6,6,6,0,12,15,0.24065
optimistic,50,bramev,6,6,6,0,12,16,0.248158
optimistic,50,bramev,6,6,6,0,12,17,0.24448
optimistic,50,bramev,6,6,6,0,12,18,0.241171
optimistic,50,bramev,6,6,6,0,12,19,0.238193
optimistic,50,bramev,6,6,6,0,12,20,0.235512
optimistic,50,bramev,6,6,6,0,12,21,0.233099
optimistic,50,bramev,6,6,6,0,12,22,0.230928
optimistic,50,bramev,6,6,6,0,12,23,0.228974
optimistic,50,bramev,6,6,6,0,12,24,0.228205
optimistic,50,bramev,6,6,6,0,12,25,0.226622
optimistic,50,bramev,6,6,6,0,12,26,0.225197
optimistic,50,bramev,6,6,6,0,12,27,0.226849
optimistic,50,bramev,6,6,6,0,12,28,0.225695
optimistic,50,bramev,6,6,6,0,12,29,0.224657
optimistic,50,bramev,6,6,6,0,12,30,0.223722
optimistic,50,bramev,6,6,6,0,12,31,0.225268
optimistic,50,bramev,6,6,6,0,12,32,0.226659
optimistic,50,bramev,6,6,6,0,12,33,0.227911
optimistic,50,bramev,6,6,6,0,12,34,0.229038
optimistic,50,bramev,6,6,6,0,12,35,0.228486
optimistic,50,bramev,6,6,6,0,12,36,0.227989
optimistic,50,bramev,6,6,6,0,12,37,0.227542
optimistic,50,bramev,6,6,6,0,12,38,0.22714
optimistic,50,bramev,6,6,6,0,12,39,0.227607
optimistic,50,bramev,6,6,6,0,12,40,0.227281
optimistic,50,bramev,6,6,6,0,12,41,0.227051
optimistic,50,bramev,6,6,6,0,12,42,0.226845
optimistic,50,bramev,6,6,6,0,12,43,0.227122
optimistic,50,bramev,6,6,6,0,12,44,0.227371
optimistic,50,bramev,6,6,6,0,12,45,0.227596
optimistic,50,bramev,6,6,6,0,12,46,0.227819
optimistic,50,bramev,6,6,6,0,12,47,0.227663
optimistic,50,bramev,6,6,6,0,12,48,0.227844
optimistic,50,bramev,6,6,6,0,12,49,0.228007
optimistic,50,bramev,6,6,6,0,12,50,0.227893
optimistic,50,bramev,6,6,6,0,12,51,0.227791
optimistic,50,bramev,6,6,6,0,12,52,0.227719
optimistic,50,bramev,6,6,6,0,12,53,0.227636
optimistic,50,bramev,6,6,6,0,12,54,0.227561
optimistic,50,bramev,6,6,6,0,12,55,0.227494
optimistic,50,bramev,6,6,6,0,12,56,0.227572
optimistic,50,bramev,6,6,6,0,12,57,0.227518
optimistic,50,bramev,6,6,6,0,12,58,0.227608
optimistic,50,bramev,6,6,6,0,12,59,0.227689
optimistic,50,bramev,6,6,6,0,24,0,0.140067
optimistic,50,bramev,6,6,6,0,24,1,0.140067
optimistic,50,bramev,6,6,6,0,24,2,0.137562
optimistic,50,bramev,6,6,6,0,24,3,0.135307
optimistic,50,bramev,6,6,6,0,24,4,0.133277
optimistic,50,bramev,6,6,6,0,24,5,0.131451
optimistic,50,bramev,6,6,6,0,24,6,0.155189
optimistic,50,bramev,6,6,6,0,24,7,0.176553
optimistic,50,bramev,6,6,6,0,24,8,0.175221
optimistic,50,bramev,6,6,6,0,24,9,0.174023
optimistic,50,bramev,6,6,6,0,24,10,0.172944
optimistic,50,bramev,6,6,6,0,24,11,0.171974
optimistic,50,bramev,6,6,6,0,24,12,0.184589
optimistic,50,bramev,6,6,6,0,24,13,0.195942
optimistic,50,bramev,6,6,6,0,24,14,0.206161
optimistic,50,bramev,6,6,6,0,24,15,0.205524
optimistic,50,bramev,6,6,6,0,24,16,0.216545
optimistic,50,bramev,6,6,6,0,24,17,0.216029
optimistic,50,bramev,6,6,6,0,24,18,0.215564
optimistic,50,bramev,6,6,6,0,24,19,0.215147
optimistic,50,bramev,6,6,6,0,24,20,0.214771
optimistic,50,bramev,6,6,6,0,24,21,0.214432
optimistic,50,bramev,6,6,6,0,24,22,0.214128
optimistic,50,bramev,6,6,6,0,24,23,0.213853
optimistic,50,bramev,6,6,6,0,24,24,0.214596
optimistic,50,bramev,6,6,6,0,24,25,0.214374
optimistic,50,bramev,6,6,6,0,24,26,0.214174
optimistic,50,bramev,6,6,6,0,24,27,0.216929
optimistic,50,bramev,6,6,6,0,24,28,0.216767
optimistic,50,bramev,6,6,6,0,24,29,0.216621
optimistic,50,bramev,6,6,6,0,24,30,0.21649
optimistic,50,bramev,6,6,6,0,24,31,0.218759
optimistic,50,bramev,6,6,6,0,24,32,0.220801
optimistic,50,bramev,6,6,6,0,24,33,0.222639
optimistic,50,bramev,6,6,6,0,24,34,0.224293
optimistic,50,bramev,6,6,6,0,24,35,0.224216
optimistic,50,bramev,6,6,6,0,24,36,0.224146
optimistic,50,bramev,6,6,6,0,24,37,0.224083
optimistic,50,bramev,6,6,6,0,24,38,0.224027
optimistic,50,bramev,6,6,6,0,24,39,0.224805
optimistic,50,bramev,6,6,6,0,24,40,0.224759
optimistic,50,bramev,6,6,6,0,24,41,0.224782
optimistic,50,bramev,6,6,6,0,24,42,0.224803
optimistic,50,bramev,6,6,6,0,24,43,0.225284
optimistic,50,bramev,6,6,6,0,24,44,0.225717
optimistic,50,bramev,6,6,6,0,24,45,0.226107
optimistic,50,bramev,6,6,6,0,24,46,0.226479
optimistic,50,bramev,6,6,6,0,24,47,0.226457
optimistic,50,bramev,6,6,6,0,24,48,0.226758
optimistic,50,bramev,6,6,6,0,24,49,0.22703
optimistic,50,bramev,6,6,6,0,24,50,0.227014
optimistic,50,bramev,6,6,6,0,24,51,0.226999
optimistic,50,bramev,6,6,6,0,24,52,0.227007
optimistic,50,bramev,6,6,6,0,24,53,0.226995
optimistic,50,bramev,6,6,6,0,24,54,0.226985
optimistic,50,bramev,6,6,6,0,24,55,0.226975
optimistic,50,bramev,6,6,6,0,24,56,0.227105
optimistic,50,bramev,6,6,6,0,24,57,0.227097
optimistic,50,bramev,6,6,6,0,24,58,0.227229
optimistic,50,bramev,6,6,6,0,24,59,0.227348
optimistic,50,bramev,6,6,6,0,28,0,0.542067
optimistic,50,bramev,6,6,6,0,28,1,0.501867
optimistic,50,bramev,6,6,6,0,28,2,0.463182
optimistic,50,bramev,6,6,6,0,28,3,0.428365
optimistic,50,bramev,6,6,6,0,28,4,0.39703
optimistic,50,bramev,6,6,6,0,28,5,0.368828
optimistic,50,bramev,6,6,6,0,28,6,0.368828
optimistic,50,bramev,6,6,6,0,28,7,0.368828
optimistic,50,bramev,6,6,6,0,28,8,0.348269
optimistic,50,bramev,6,6,6,0,28,9,0.329766
optimistic,50,bramev,6,6,6,0,28,10,0.313113
optimistic,50,bramev,6,6,6,0,28,11,0.298126
optimistic,50,bramev,6,6,6,0,28,12,0.298126
optimistic,50,bramev,6,6,6,0,28,13,0.298126
optimistic,50,bramev,6,6,6,0,28,14,0.298126
optimistic,50,bramev,6,6,6,0,28,15,0.288292
optimistic,50,bramev,6,6,6,0,28,16,0.291036
optimistic,50,bramev,6,6,6,0,28,17,0.283071
optimistic,50,bramev,6,6,6,0,28,18,0.275903
optimistic,50,bramev,6,6,6,0,28,19,0.269451
optimistic,50,bramev,6,6,6,0,28,20,0.263644
optimistic,50,bramev,6,6,6,0,28,21,0.258419
optimistic,50,bramev,6,6,6,0,28,22,0.253715
optimistic,50,bramev,6,6,6,0,28,23,0.249482
optimistic,50,bramev,6,6,6,0,28,24,0.246662
optimistic,50,bramev,6,6,6,0,28,25,0.243234
optimistic,50,bramev,6,6,6,0,28,26,0.240148
optimistic,50,bramev,6,6,6,0,28,27,0.240305
optimistic,50,bramev,6,6,6,0,28,28,0.237805
optimistic,50,bramev,6,6,6,0,28,29,0.235556
optimistic,50,bramev,6,6,6,0,28,30,0.233531
optimistic,50,bramev,6,6,6,0,28,31,0.234096
optimistic,50,bramev,6,6,6,0,28,32,0.234604
optimistic,50,bramev,6,6,6,0,28,33,0.235062
optimistic,50,bramev,6,6,6,0,28,34,0.235474
optimistic,50,bramev,6,6,6,0,28,35,0.234278
optimistic,50,bramev,6,6,6,0,28,36,0.233202
optimistic,50,bramev,6,6,6,0,28,37,0.232234
optimistic,50,bramev,6,6,6,0,28,38,0.231362
optimistic,50,bramev,6,6,6,0,28,39,0.231407
optimistic,50,bramev,6,6,6,0,28,40,0.230701
optimistic,50,bramev,6,6,6,0,28,41,0.23013
optimistic,50,bramev,6,6,6,0,28,42,0.229616
optimistic,50,bramev,6,6,6,0,28,43,0.229616
optimistic,50,bramev,6,6,6,0,28,44,0.229616
optimistic,50,bramev,6,6,6,0,28,45,0.229616
optimistic,50,bramev,6,6,6,0,28,46,0.229637
optimistic,50,bramev,6,6,6,0,28,47,0.229299
optimistic,50,bramev,6,6,6,0,28,48,0.229316
optimistic,50,bramev,6,6,6,0,28,49,0.229332
optimistic,50,bramev,6,6,6,0,28,50,0.229086
optimistic,50,bramev,6,6,6,0,28,51,0.228864
optimistic,50,bramev,6,6,6,0,28,52,0.228685
optimistic,50,bramev,6,6,6,0,28,53,0.228505
optimistic,50,bramev,6,6,6,0,28,54,0.228344
optimistic,50,bramev,6,6,6,0,28,55,0.228198
optimistic,50,bramev,6,6,6,0,28,56,0.228206
optimistic,50,bramev,6,6,6,0,28,57,0.228088
optimistic,50,bramev,6,6,6,0,28,58,0.228121
optimistic,50,bramev,6,6,6,0,28,59,0.228151
optimistic,50,bramev,6,6,6,0,29,0,0.155596
optimistic,50,bramev,6,6,6,0,29,1,0.154043
optimistic,50,bramev,6,6,6,0,29,2,0.15014
optimistic,50,bramev,6,6,6,0,29,3,0.146628
optimistic,50,bramev,6,6,6,0,29,4,0.143466
optimistic,50,bramev,6,6,6,0,29,5,0.140621
optimistic,50,bramev,6,6,6,0,29,6,0.163442
optimistic,50,bramev,6,6,6,0,29,7,0.18398
optimistic,50,bramev,6,6,6,0,29,8,0.181906
optimistic,50,bramev,6,6,6,0,29,9,0.180039
optimistic,50,bramev,6,6,6,0,29,10,0.178359
optimistic,50,bramev,6,6,6,0,29,11,0.176847
optimistic,50,bramev,6,6,6,0,29,12,0.188975
optimistic,50,bramev,6,6,6,0,29,13,0.19989
optimistic,50,bramev,6,6,6,0,29,14,0.209713
optimistic,50,bramev,6,6,6,0,29,15,0.208721
optimistic,50,bramev,6,6,6,0,29,16,0.219422
optimistic,50,bramev,6,6,6,0,29,17,0.218619
optimistic,50,bramev,6,6,6,0,29,18,0.217895
optimistic,50,bramev,6,6,6,0,29,19,0.217244
optimistic,50,bramev,6,6,6,0,29,20,0.216659
optimistic,50,bramev,6,6,6,0,29,21,0.216131
optimistic,50,bramev,6,6,6,0,29,22,0.215657
optimistic,50,bramev,6,6,6,0,29,23,0.21523
optimistic,50,bramev,6,6,6,0,29,24,0.215835
optimistic,50,bramev,6,6,6,0,29,25,0.215489
optimistic,50,bramev,6,6,6,0,29,26,0.215178
optimistic,50,bramev,6,6,6,0,29,27,0.217832
optimistic,50,bramev,6,6,6,0,29,28,0.217579
optimistic,50,bramev,6,6,6,0,29,29,0.217352
optimistic,50,bramev,6,6,6,0,29,30,0.217148
optimistic,50,bramev,6,6,6,0,29,31,0.219351
optimistic,50,bramev,6,6,6,0,29,32,0.221334
optimistic,50,bramev,6,6,6,0,29,33,0.223119
optimistic,50,bramev,6,6,6,0,29,34,0.224725
optimistic,50,bramev,6,6,6,0,29,35,0.224604
optimistic,50,bramev,6,6,6,0,29,36,0.224496
optimistic,50,bramev,6,6,6,0,29,37,0.224398
optimistic,50,bramev,6,6,6,0,29,38,0.22431
optimistic,50,bramev,6,6,6,0,29,39,0.22506
optimistic,50,bramev,6,6,6,0,29,40,0.224989
optimistic,50,bramev,6,6,6,0,29,41,0.224989
optimistic,50,bramev,6,6,6,0,29,42,0.224989
optimistic,50,bramev,6,6,6,0,29,43,0.225451
optimistic,50,bramev,6,6,6,0,29,44,0.225868
optimistic,50,bramev,6,6,6,0,29,45,0.226242
optimistic,50,bramev,6,6,6,0,29,46,0.226601
optimistic,50,bramev,6,6,6,0,29,47,0.226567
optimistic,50,bramev,6,6,6,0,29,48,0.226857
optimistic,50,bramev,6,6,6,0,29,49,0.227119
optimistic,50,bramev,6,6,6,0,29,50,0.227094
optimistic,50,bramev,6,6,6,0,29,51,0.227071
optimistic,50,bramev,6,6,6,0,29,52,0.227071
optimistic,50,bramev,6,6,6,0,29,53,0.227053
optimistic,50,bramev,6,6,6,0,29,54,0.227037
optimistic,50,bramev,6,6,6,0,29,55,0.227022
optimistic,50,bramev,6,6,6,0,29,56,0.227147
optimistic,50,bramev,6,6,6,0,29,57,0.227135
optimistic,50,bramev,6,6,6,0,29,58,0.227264
optimistic,50,bramev,6,6,6,0,29,59,0.227379
optimistic,50,bramev,6,6,6,0,30,0,0.2705
optimistic,50,bramev,6,6,6,0,30,1,0.257457
optimistic,50,bramev,6,6,6,0,30,2,0.243212
optimistic,50,bramev,6,6,6,0,30,3,0.230392
optimistic,50,bramev,6,6,6,0,30,4,0.218854
optimistic,50,bramev,6,6,6,0,30,5,0.20847
optimistic,50,bramev,6,6,6,0,30,6,0.224506
optimistic,50,bramev,6,6,6,0,30,7,0.238938
optimistic,50,bramev,6,6,6,0,30,8,0.231368
optimistic,50,bramev,6,6,6,0,30,9,0.224555
optimistic,50,bramev,6,6,6,0,30,10,0.218423
optimistic,50,bramev,6,6,6,0,30,11,0.212905
optimistic,50,bramev,6,6,6,0,30,12,0.221427
optimistic,50,bramev,6,6,6,0,30,13,0.229097
optimistic,50,bramev,6,6,6,0,30,14,0.236
optimistic,50,bramev,6,6,6,0,30,15,0.232379
optimistic,50,bramev,6,6,6,0,30,16,0.240714
optimistic,50,bramev,6,6,6,0,30,17,0.237781
optimistic,50,bramev,6,6,6,0,30,18,0.235142
optimistic,50,bramev,6,6,6,0,30,19,0.232766
optimistic,50,bramev,6,6,6,0,30,20,0.230628
optimistic,50,bramev,6,6,6,0,30,21,0.228704
optimistic,50,bramev,6,6,6,0,30,22,0.226972
optimistic,50,bramev,6,6,6,0,30,23,0.225414
optimistic,50,bramev,6,6,6,0,30,24,0.225
optimistic,50,bramev,6,6,6,0,30,25,0.223738
optimistic,50,bramev,6,6,6,0,30,26,0.222602
optimistic,50,bramev,6,6,6,0,30,27,0.224513
optimistic,50,bramev,6,6,6,0,30,28,0.223593
optimistic,50,bramev,6,6,6,0,30,29,0.222765
optimistic,50,bramev,6,6,6,0,30,30,0.222019
optimistic,50,bramev,6,6,6,0,30,31,0.223735
optimistic,50,bramev,6,6,6,0,30,32,0.22528
optimistic,50,bramev,6,6,6,0,30,33,0.22667
optimistic,50,bramev,6,6,6,0,30,34,0.227921
optimistic,50,bramev,6,6,6,0,30,35,0.227481
optimistic,50,bramev,6,6,6,0,30,36,0.227084
optimistic,50,bramev,6,6,6,0,30,37,0.226728
optimistic,50,bramev,6,6,6,0,30,38,0.226407
optimistic,50,bramev,6,6,6,0,30,39,0.226947
optimistic,50,bramev,6,6,6,0,30,40,0.226687
optimistic,50,bramev,6,6,6,0,30,41,0.226517
optimistic,50,bramev,6,6,6,0,30,42,0.226364
optimistic,50,bramev,6,6,6,0,30,43,0.226689
optimistic,50,bramev,6,6,6,0,30,44,0.226982
optimistic,50,bramev,6,6,6,0,30,45,0.227245
optimistic,50,bramev,6,6,6,0,30,46,0.227504
optimistic,50,bramev,6,6,6,0,30,47,0.227379
optimistic,50,bramev,6,6,6,0,30,48,0.227588
optimistic,50,bramev,6,6,6,0,30,49,0.227777
optimistic,50,bramev,6,6,6,0,30,50,0.227686
optimistic,50,bramev,6,6,6,0,30,51,0.227604
optimistic,50,bramev,6,6,6,0,30,52,0.227551
optimistic,50,bramev,6,6,6,0,30,53,0.227485
optimistic,50,bramev,6,6,6,0,30,54,0.227426
optimistic,50,bramev,6,6,6,0,30,55,0.227372
optimistic,50,bramev,6,6,6,0,30,56,0.227462
optimistic,50,bramev,6,6,6,0,30,57,0.227419
optimistic,50,bramev,6,6,6,0,30,58,0.227519
optimistic,50,bramev,6,6,6,0,30,59,0.227608
optimistic,50,bramev,6,6,6,0,36,0,0.112229
optimistic,50,bramev,6,6,6,0,36,1,0.115013
optimistic,50,bramev,6,6,6,0,36,2,0.115013
optimistic,50,bramev,6,6,6,0,36,3,0.115013
optimistic,50,bramev,6,6,6,0,36,4,0.115013
optimistic,50,bramev,6,6,6,0,36,5,0.115013
optimistic,50,bramev,6,6,6,0,36,6,0.140394
optimistic,50,bramev,6,6,6,0,36,7,0.163238
optimistic,50,bramev,6,6,6,0,36,8,0.163238
optimistic,50,bramev,6,6,6,0,36,9,0.163238
optimistic,50,bramev,6,6,6,0,36,10,0.163238
optimistic,50,bramev,6,6,6,0,36,11,0.163238
optimistic,50,bramev,6,6,6,0,36,12,0.176727
optimistic,50,bramev,6,6,6,0,36,13,0.188866
optimistic,50,bramev,6,6,6,0,36,14,0.199792
optimistic,50,bramev,6,6,6,0,36,15,0.199792
optimistic,50,bramev,6,6,6,0,36,16,0.211386
optimistic,50,bramev,6,6,6,0,36,17,0.211386
optimistic,50,bramev,6,6,6,0,36,18,0.211386
optimistic,50,bramev,6,6,6,0,36,19,0.211386
optimistic,50,bramev,6,6,6,0,36,20,0.211386
optimistic,50,bramev,6,6,6,0,36,21,0.211386
optimistic,50,bramev,6,6,6,0,36,22,0.211386
optimistic,50,bramev,6,6,6,0,36,23,0.211386
optimistic,50,bramev,6,6,6,0,36,24,0.212376
optimistic,50,bramev,6,6,6,0,36,25,0.212376
optimistic,50,bramev,6,6,6,0,36,26,0.212376
optimistic,50,bramev,6,6,6,0,36,27,0.21531
optimistic,50,bramev,6,6,6,0,36,28,0.21531
optimistic,50,bramev,6,6,6,0,36,29,0.21531
optimistic,50,bramev,6,6,6,0,36,30,0.21531
optimistic,50,bramev,6,6,6,0,36,31,0.217697
optimistic,50,bramev,6,6,6,0,36,32,0.219845
optimistic,50,bramev,6,6,6,0,36,33,0.221779
optimistic,50,bramev,6,6,6,0,36,34,0.223519
optimistic,50,bramev,6,6,6,0,36,35,0.223519
optimistic,50,bramev,6,6,6,0,36,36,0.223519
optimistic,50,bramev,6,6,6,0,36,37,0.223519
optimistic,50,bramev,6,6,6,0,36,38,0.223519
optimistic,50,bramev,6,6,6,0,36,39,0.224347
optimistic,50,bramev,6,6,6,0,36,40,0.224347
optimistic,50,bramev,6,6,6,0,36,41,0.224412
optimistic,50,bramev,6,6,6,0,36,42,0.224469
optimistic,50,bramev,6,6,6,0,36,43,0.224984
optimistic,50,bramev,6,6,6,0,36,44,0.225447
optimistic,50,bramev,6,6,6,0,36,45,0.225864
optimistic,50,bramev,6,6,6,0,36,46,0.22626
optimistic,50,bramev,6,6,6,0,36,47,0.22626
optimistic,50,bramev,6,6,6,0,36,48,0.226581
optimistic,50,bramev,6,6,6,0,36,49,0.22687
optimistic,50,bramev,6,6,6,0,36,50,0.22687
optimistic,50,bramev,6,6,6,0,36,51,0.22687
optimistic,50,bramev,6,6,6,0,36,52,0.22689
optimistic,50,bramev,6,6,6,0,36,53,0.22689
optimistic,50,bramev,6,6,6,0,36,54,0.22689
optimistic,50,bramev,6,6,6,0,36,55,0.22689
optimistic,50,bramev,6,6,6,0,36,56,0.227029
optimistic,50,bramev,6,6,6,0,36,57,0.227029
optimistic,50,bramev,6,6,6,0,36,58,0.227167
optimistic,50,bramev,6,6,6,0,36,59,0.227292
optimistic,50,bramev,6,6,6,1,2,0,0.755533
optimistic,50,bramev,6,6,6,1,2,1,0.764634
optimistic,50,bramev,6,6,6,1,2,2,0.769782
optimistic,50,bramev,6,6,6,1,2,3,0.774416
optimistic,50,bramev,6,6,6,1,2,4,0.778585
optimistic,50,bramev,6,6,6,1,2,5,0.782338
optimistic,50,bramev,6,6,6,1,2,6,0.787712
optimistic,50,bramev,6,6,6,1,2,7,0.790752
optimistic,50,bramev,6,6,6,1,2,8,0.793488
optimistic,50,bramev,6,6,6,1,2,9,0.79595
optimistic,50,bramev,6,6,6,1,2,10,0.798167
optimistic,50,bramev,6,6,6,1,2,11,0.800161
optimistic,50,bramev,6,6,6,1,2,12,0.803017
optimistic,50,bramev,6,6,6,1,2,13,0.798226
optimistic,50,bramev,6,6,6,1,2,14,0.793914
optimistic,50,bramev,6,6,6,1,2,15,0.795223
optimistic,50,bramev,6,6,6,1,2,16,0.7964
optimistic,50,bramev,6,6,6,1,2,17,0.79746
optimistic,50,bramev,6,6,6,1,2,18,0.798978
optimistic,50,bramev,6,6,6,1,2,19,0.800344
optimistic,50,bramev,6,6,6,1,2,20,0.801574
optimistic,50,bramev,6,6,6,1,2,21,0.80268
optimistic,50,bramev,6,6,6,1,2,22,0.803306
optimistic,50,bramev,6,6,6,1,2,23,0.804202
optimistic,50,bramev,6,6,6,1,2,24,0.804709
optimistic,50,bramev,6,6,6,1,2,25,0.805166
optimistic,50,bramev,6,6,6,1,2,26,0.801669
optimistic,50,bramev,6,6,6,1,2,27,0.798522
optimistic,50,bramev,6,6,6,1,2,28,0.7979
optimistic,50,bramev,6,6,6,1,2,29,0.7982
optimistic,50,bramev,6,6,6,1,2,30,0.795906
optimistic,50,bramev,6,6,6,1,2,31,0.796148
optimistic,50,bramev,6,6,6,1,2,32,0.796366
optimistic,50,bramev,6,6,6,1,2,33,0.796679
optimistic,50,bramev,6,6,6,1,2,34,0.79696
optimistic,50,bramev,6,6,6,1,2,35,0.797213
optimistic,50,bramev,6,6,6,1,2,36,0.797357
optimistic,50,bramev,6,6,6,1,2,37,0.797562
optimistic,50,bramev,6,6,6,1,2,38,0.797746
optimistic,50,bramev,6,6,6,1,2,39,0.797912
optimistic,50,bramev,6,6,6,1,2,40,0.798062
optimistic,50,bramev,6,6,6,1,2,41,0.798196
optimistic,50,bramev,6,6,6,1,2,42,0.798317
optimistic,50,bramev,6,6,6,1,2,43,0.798386
optimistic,50,bramev,6,6,6,1,2,44,0.798447
optimistic,50,bramev,6,6,6,1,2,45,0.798536
optimistic,50,bramev,6,6,6,1,2,46,0.798615
optimistic,50,bramev,6,6,6,1,2,47,0.798687
optimistic,50,bramev,6,6,6,1,2,48,0.798751
optimistic,50,bramev,6,6,6,1,2,49,0.798787
optimistic,50,bramev,6,6,6,1,2,50,0.79882
optimistic,50,bramev,6,6,6,1,2,51,0.798867
optimistic,50,bramev,6,6,6,1,2,52,0.798909
optimistic,50,bramev,6,6,6,1,2,53,0.798706
optimistic,50,bramev,6,6,6,1,2,54,0.798523
optimistic,50,bramev,6,6,6,1,2,55,0.798554
optimistic,50,bramev,6,6,6,1,2,56,0.798581
optimistic,50,bramev,6,6,6,1,2,57,0.798606
optimistic,50,bramev,6,6,6,1,2,58,0.798629
optimistic,50,bramev,6,6,6,1,2,59,0.798641
optimistic,50,bramev,6,6,6,1,6,0,0.648594
optimistic,50,bramev,6,6,6,1,6,1,0.668389
optimistic,50,bramev,6,6,6,1,6,2,0.683161
optimistic,50,bramev,6,6,6,1,6,3,0.696457
optimistic,50,bramev,6,6,6,1,6,4,0.708422
optimistic,50,bramev,6,6,6,1,6,5,0.719192
optimistic,50,bramev,6,6,6,1,6,6,0.73088
optimistic,50,bramev,6,6,6,1,6,7,0.739603
optimistic,50,bramev,6,6,6,1,6,8,0.747454
optimistic,50,bramev,6,6,6,1,6,9,0.75452
optimistic,50,bramev,6,6,6,1,6,10,0.760879
optimistic,50,bramev,6,6,6,1,6,11,0.766602
optimistic,50,bramev,6,6,6,1,6,12,0.772814
optimistic,50,bramev,6,6,6,1,6,13,0.771043
optimistic,50,bramev,6,6,6,1,6,14,0.76945
optimistic,50,bramev,6,6,6,1,6,15,0.773205
optimistic,50,bramev,6,6,6,1,6,16,0.776584
optimistic,50,bramev,6,6,6,1,6,17,0.779626
optimistic,50,bramev,6,6,6,1,6,18,0.782927
optimistic,50,bramev,6,6,6,1,6,19,0.785898
optimistic,50,bramev,6,6,6,1,6,20,0.788572
optimistic,50,bramev,6,6,6,1,6,21,0.790979
optimistic,50,bramev,6,6,6,1,6,22,0.792775
optimistic,50,bramev,6,6,6,1,6,23,0.794724
optimistic,50,bramev,6,6,6,1,6,24,0.796179
optimistic,50,bramev,6,6,6,1,6,25,0.797488
optimistic,50,bramev,6,6,6,1,6,26,0.79476
optimistic,50,bramev,6,6,6,1,6,27,0.792304
optimistic,50,bramev,6,6,6,1,6,28,0.792304
optimistic,50,bramev,6,6,6,1,6,29,0.793163
optimistic,50,bramev,6,6,6,1,6,30,0.791372
optimistic,50,bramev,6,6,6,1,6,31,0.792068
optimistic,50,bramev,6,6,6,1,6,32,0.792695
optimistic,50,bramev,6,6,6,1,6,33,0.793374
optimistic,50,bramev,6,6,6,1,6,34,0.793986
optimistic,50,bramev,6,6,6,1,6,35,0.794537
optimistic,50,bramev,6,6,6,1,6,36,0.794947
optimistic,50,bramev,6,6,6,1,6,37,0.795393
optimistic,50,bramev,6,6,6,1,6,38,0.795795
optimistic,50,bramev,6,6,6,1,6,39,0.796156
optimistic,50,bramev,6,6,6,1,6,40,0.796481
optimistic,50,bramev,6,6,6,1,6,41,0.796774
optimistic,50,bramev,6,6,6,1,6,42,0.797037
optimistic,50,bramev,6,6,6,1,6,43,0.797233
optimistic,50,bramev,6,6,6,1,6,44,0.79741
optimistic,50,bramev,6,6,6,1,6,45,0.797602
optimistic,50,bramev,6,6,6,1,6,46,0.797775
optimistic,50,bramev,6,6,6,1,6,47,0.797931
optimistic,50,bramev,6,6,6,1,6,48,0.79807
optimistic,50,bramev,6,6,6,1,6,49,0.798175
optimistic,50,bramev,6,6,6,1,6,50,0.798269
optimistic,50,bramev,6,6,6,1,6,51,0.798371
optimistic,50,bramev,6,6,6,1,6,52,0.798463
optimistic,50,bramev,6,6,6,1,6,53,0.798304
optimistic,50,bramev,6,6,6,1,6,54,0.798161
optimistic,50,bramev,6,6,6,1,6,55,0.798228
optimistic,50,bramev,6,6,6,1,6,56,0.798288
optimistic,50,bramev,6,6,6,1,6,57,0.798343
optimistic,50,bramev,6,6,6,1,6,58,0.798391
optimistic,50,bramev,6,6,6,1,6,59,0.798428
optimistic,50,bramev,6,6,6,1,10,0,0.534196
optimistic,50,bramev,6,6,6,1,10,1,0.565431
optimistic,50,bramev,6,6,6,1,10,2,0.590499
optimistic,50,bramev,6,6,6,1,10,3,0.613061
optimistic,50,bramev,6,6,6,1,10,4,0.633366
optimistic,50,bramev,6,6,6,1,10,5,0.651641
optimistic,50,bramev,6,6,6,1,10,6,0.670085
optimistic,50,bramev,6,6,6,1,10,7,0.684887
optimistic,50,bramev,6,6,6,1,10,8,0.69821
optimistic,50,bramev,6,6,6,1,10,9,0.7102
optimistic,50,bramev,6,6,6,1,10,10,0.720991
optimistic,50,bramev,6,6,6,1,10,11,0.730703
optimistic,50,bramev,6,6,6,1,10,12,0.740505
optimistic,50,bramev,6,6,6,1,10,13,0.741965
optimistic,50,bramev,6,6,6,1,10,14,0.743279
optimistic,50,bramev,6,6,6,1,10,15,0.749651
optimistic,50,bramev,6,6,6,1,10,16,0.755386
optimistic,50,bramev,6,6,6,1,10,17,0.760548
optimistic,50,bramev,6,6,6,1,10,18,0.765757
optimistic,50,bramev,6,6,6,1,10,19,0.770445
optimistic,50,bramev,6,6,6,1,10,20,0.774664
optimistic,50,bramev,6,6,6,1,10,21,0.778462
optimistic,50,bramev,6,6,6,1,10,22,0.781509
optimistic,50,bramev,6,6,6,1,10,23,0.784585
optimistic,50,bramev,6,6,6,1,10,24,0.787054
optimistic,50,bramev,6,6,6,1,10,25,0.789276
optimistic,50,bramev,6,6,6,1,10,26,0.787368
optimistic,50,bramev,6,6,6,1,10,27,0.785652
optimistic,50,bramev,6,6,6,1,10,28,0.786317
optimistic,50,bramev,6,6,6,1,10,29,0.787775
optimistic,50,bramev,6,6,6,1,10,30,0.786523
optimistic,50,bramev,6,6,6,1,10,31,0.787704
optimistic,50,bramev,6,6,6,1,10,32,0.788766
optimistic,50,bramev,6,6,6,1,10,33,0.789839
optimistic,50,bramev,6,6,6,1,10,34,0.790804
optimistic,50,bramev,6,6,6,1,10,35,0.791673
optimistic,50,bramev,6,6,6,1,10,36,0.79237
optimistic,50,bramev,6,6,6,1,10,37,0.793074
optimistic,50,bramev,6,6,6,1,10,38,0.793707
optimistic,50,bramev,6,6,6,1,10,39,0.794277
optimistic,50,bramev,6,6,6,1,10,40,0.79479
optimistic,50,bramev,6,6,6,1,10,41,0.795252
optimistic,50,bramev,6,6,6,1,10,42,0.795667
optimistic,50,bramev,6,6,6,1,10,43,0.796001
optimistic,50,bramev,6,6,6,1,10,44,0.796301
optimistic,50,bramev,6,6,6,1,10,45,0.796604
optimistic,50,bramev,6,6,6,1,10,46,0.796876
optimistic,50,bramev,6,6,6,1,10,47,0.797122
optimistic,50,bramev,6,6,6,1,10,48,0.797343
optimistic,50,bramev,6,6,6,1,10,49,0.79752
optimistic,50,bramev,6,6,6,1,10,50,0.797679
optimistic,50,bramev,6,6,6,1,10,51,0.79784
optimistic,50,bramev,6,6,6,1,10,52,0.797985
optimistic,50,bramev,6,6,6,1,10,53,0.797874
optimistic,50,bramev,6,6,6,1,10,54,0.797774
optimistic,50,bramev,6,6,6,1,10,55,0.79788
optimistic,50,bramev,6,6,6,1,10,56,0.797975
optimistic,50,bramev,6,6,6,1,10,57,0.798061
optimistic,50,bramev,6,6,6,1,10,58,0.798138
optimistic,50,bramev,6,6,6,1,10,59,0.798199
optimistic,50,bramev,6,6,6,1,15,0,0.846544
optimistic,50,bramev,6,6,6,1,15,1,0.846544
optimistic,50,bramev,6,6,6,1,15,2,0.843501
optimistic,50,bramev,6,6,6,1,15,3,0.840763
optimistic,50,bramev,6,6,6,1,15,4,0.838298
optimistic,50,bramev,6,6,6,1,15,5,0.83608
optimistic,50,bramev,6,6,6,1,15,6,0.83608
optimistic,50,bramev,6,6,6,1,15,7,0.834283
optimistic,50,bramev,6,6,6,1,15,8,0.832666
optimistic,50,bramev,6,6,6,1,15,9,0.83121
optimistic,50,bramev,6,6,6,1,15,10,0.8299
optimistic,50,bramev,6,6,6,1,15,11,0.828721
optimistic,50,bramev,6,6,6,1,15,12,0.828721
optimistic,50,bramev,6,6,6,1,15,13,0.82136
optimistic,50,bramev,6,6,6,1,15,14,0.814735
optimistic,50,bramev,6,6,6,1,15,15,0.813961
optimistic,50,bramev,6,6,6,1,15,16,0.813265
optimistic,50,bramev,6,6,6,1,15,17,0.812638
optimistic,50,bramev,6,6,6,1,15,18,0.812638
optimistic,50,bramev,6,6,6,1,15,19,0.812638
optimistic,50,bramev,6,6,6,1,15,20,0.812638
optimistic,50,bramev,6,6,6,1,15,21,0.812638
optimistic,50,bramev,6,6,6,1,15,22,0.812269
optimistic,50,bramev,6,6,6,1,15,23,0.812269
optimistic,50,bramev,6,6,6,1,15,24,0.811969
optimistic,50,bramev,6,6,6,1,15,25,0.811699
optimistic,50,bramev,6,6,6,1,15,26,0.807549
optimistic,50,bramev,6,6,6,1,15,27,0.803815
optimistic,50,bramev,6,6,6,1,15,28,0.802663
optimistic,50,bramev,6,6,6,1,15,29,0.802487
optimistic,50,bramev,6,6,6,1,15,30,0.799764
optimistic,50,bramev,6,6,6,1,15,31,0.799621
optimistic,50,bramev,6,6,6,1,15,32,0.799492
optimistic,50,bramev,6,6,6,1,15,33,0.799492
optimistic,50,bramev,6,6,6,1,15,34,0.799492
optimistic,50,bramev,6,6,6,1,15,35,0.799492
optimistic,50,bramev,6,6,6,1,15,36,0.799407
optimistic,50,bramev,6,6,6,1,15,37,0.799407
optimistic,50,bramev,6,6,6,1,15,38,0.799407
optimistic,50,bramev,6,6,6,1,15,39,0.799407
optimistic,50,bramev,6,6,6,1,15,40,0.799407
optimistic,50,bramev,6,6,6,1,15,41,0.799407
optimistic,50,bramev,6,6,6,1,15,42,0.799407
optimistic,50,bramev,6,6,6,1,15,43,0.799366
optimistic,50,bramev,6,6,6,1,15,44,0.79933
optimistic,50,bramev,6,6,6,1,15,45,0.79933
optimistic,50,bramev,6,6,6,1,15,46,0.79933
optimistic,50,bramev,6,6,6,1,15,47,0.79933
optimistic,50,bramev,6,6,6,1,15,48,0.79933
optimistic,50,bramev,6,6,6,1,15,49,0.799308
optimistic,50,bramev,6,6,6,1,15,50,0.799289
optimistic,50,bramev,6,6,6,1,15,51,0.799289
optimistic,50,bramev,6,6,6,1,15,52,0.799289
optimistic,50,bramev,6,6,6,1,15,53,0.799048
optimistic,50,bramev,6,6,6,1,15,54,0.798831
optimistic,50,bramev,6,6,6,1,15,55,0.798831
optimistic,50,bramev,6,6,6,1,15,56,0.798831
optimistic,50,bramev,6,6,6,1,15,57,0.798831
optimistic,50,bramev,6,6,6,1,15,58,0.798831
optimistic,50,bramev,6,6,6,1,15,59,0.798823
optimistic,50,bramev,6,6,6,1,20,0,0.754969
optimistic,50,bramev,6,6,6,1,20,1,0.764127
optimistic,50,bramev,6,6,6,1,20,2,0.769326
optimistic,50,bramev,6,6,6,1,20,3,0.774005
optimistic,50,bramev,6,6,6,1,20,4,0.778216
optimistic,50,bramev,6,6,6,1,20,5,0.782005
optimistic,50,bramev,6,6,6,1,20,6,0.787413
optimistic,50,bramev,6,6,6,1,20,7,0.790483
optimistic,50,bramev,6,6,6,1,20,8,0.793246
optimistic,50,bramev,6,6,6,1,20,9,0.795732
optimistic,50,bramev,6,6,6,1,20,10,0.79797
optimistic,50,bramev,6,6,6,1,20,11,0.799984
optimistic,50,bramev,6,6,6,1,20,12,0.802858
optimistic,50,bramev,6,6,6,1,20,13,0.798083
optimistic,50,bramev,6,6,6,1,20,14,0.793785
optimistic,50,bramev,6,6,6,1,20,15,0.795107
optimistic,50,bramev,6,6,6,1,20,16,0.796296
optimistic,50,bramev,6,6,6,1,20,17,0.797366
optimistic,50,bramev,6,6,6,1,20,18,0.798894
optimistic,50,bramev,6,6,6,1,20,19,0.800268
optimistic,50,bramev,6,6,6,1,20,20,0.801505
optimistic,50,bramev,6,6,6,1,20,21,0.802618
optimistic,50,bramev,6,6,6,1,20,22,0.803251
optimistic,50,bramev,6,6,6,1,20,23,0.804152
optimistic,50,bramev,6,6,6,1,20,24,0.804664
optimistic,50,bramev,6,6,6,1,20,25,0.805125
optimistic,50,bramev,6,6,6,1,20,26,0.801633
optimistic,50,bramev,6,6,6,1,20,27,0.79849
optimistic,50,bramev,6,6,6,1,20,28,0.797871
optimistic,50,bramev,6,6,6,1,20,29,0.798173
optimistic,50,bramev,6,6,6,1,20,30,0.795882
optimistic,50,bramev,6,6,6,1,20,31,0.796127
optimistic,50,bramev,6,6,6,1,20,32,0.796347
optimistic,50,bramev,6,6,6,1,20,33,0.796662
optimistic,50,bramev,6,6,6,1,20,34,0.796945
optimistic,50,bramev,6,6,6,1,20,35,0.797199
optimistic,50,bramev,6,6,6,1,20,36,0.797344
optimistic,50,bramev,6,6,6,1,20,37,0.79755
optimistic,50,bramev,6,6,6,1,20,38,0.797736
optimistic,50,bramev,6,6,6,1,20,39,0.797903
optimistic,50,bramev,6,6,6,1,20,40,0.798053
optimistic,50,bramev,6,6,6,1,20,41,0.798189
optimistic,50,bramev,6,6,6,1,20,42,0.798311
optimistic,50,bramev,6,6,6,1,20,43,0.79838
optimistic,50,bramev,6,6,6,1,20,44,0.798442
optimistic,50,bramev,6,6,6,1,20,45,0.798531
optimistic,50,bramev,6,6,6,1,20,46,0.798611
optimistic,50,bramev,6,6,6,1,20,47,0.798683
optimistic,50,bramev,6,6,6,1,20,48,0.798747
optimistic,50,bramev,6,6,6,1,20,49,0.798784
optimistic,50,bramev,6,6,6,1,20,50,0.798817
optimistic,50,bramev,6,6,6,1,20,51,0.798864
optimistic,50,bramev,6,6,6,1,20,52,0.798907
optimistic,50,bramev,6,6,6,1,20,53,0.798704
optimistic,50,bramev,6,6,6,1,20,54,0.798521
optimistic,50,bramev,6,6,6,1,20,55,0.798552
optimistic,50,bramev,6,6,6,1,20,56,0.79858
optimistic,50,bramev,6,6,6,1,20,57,0.798605
optimistic,50,bramev,6,6,6,1,20,58,0.798627
optimistic,50,bramev,6,6,6,1,20,59,0.79864
optimistic,50,bramev,6,6,6,1,23,0,0.585899
optimistic,50,bramev,6,6,6,1,23,1,0.611963
optimistic,50,bramev,6,6,6,1,23,2,0.632378
optimistic,50,bramev,6,6,6,1,23,3,0.650752
optimistic,50,bramev,6,6,6,1,23,4,0.667288
optimistic,50,bramev,6,6,6,1,23,5,0.682171
optimistic,50,bramev,6,6,6,1,23,6,0.697562
optimistic,50,bramev,6,6,6,1,23,7,0.709617
optimistic,50,bramev,6,6,6,1,23,8,0.720466
optimistic,50,bramev,6,6,6,1,23,9,0.730231
optimistic,50,bramev,6,6,6,1,23,10,0.739019
optimistic,50,bramev,6,6,6,1,23,11,0.746928
optimistic,50,bramev,6,6,6,1,23,12,0.755107
optimistic,50,bramev,6,6,6,1,23,13,0.755107
optimistic,50,bramev,6,6,6,1,23,14,0.755107
optimistic,50,bramev,6,6,6,1,23,15,0.760297
optimistic,50,bramev,6,6,6,1,23,16,0.764967
optimistic,50,bramev,6,6,6,1,23,17,0.76917
optimistic,50,bramev,6,6,6,1,23,18,0.773517
optimistic,50,bramev,6,6,6,1,23,19,0.777429
optimistic,50,bramev,6,6,6,1,23,20,0.78095
optimistic,50,bramev,6,6,6,1,23,21,0.784119
optimistic,50,bramev,6,6,6,1,23,22,0.786601
optimistic,50,bramev,6,6,6,1,23,23,0.789168
optimistic,50,bramev,6,6,6,1,23,24,0.791178
optimistic,50,bramev,6,6,6,1,23,25,0.792987
optimistic,50,bramev,6,6,6,1,23,26,0.790709
optimistic,50,bramev,6,6,6,1,23,27,0.788658
optimistic,50,bramev,6,6,6,1,23,28,0.789023
optimistic,50,bramev,6,6,6,1,23,29,0.79021
optimistic,50,bramev,6,6,6,1,23,30,0.788715
optimistic,50,bramev,6,6,6,1,23,31,0.789676
optimistic,50,bramev,6,6,6,1,23,32,0.790542
optimistic,50,bramev,6,6,6,1,23,33,0.791437
optimistic,50,bramev,6,6,6,1,23,34,0.792242
optimistic,50,bramev,6,6,6,1,23,35,0.792967
optimistic,50,bramev,6,6,6,1,23,36,0.793535
optimistic,50,bramev,6,6,6,1,23,37,0.794122
optimistic,50,bramev,6,6,6,1,23,38,0.794651
optimistic,50,bramev,6,6,6,1,23,39,0.795126
optimistic,50,bramev,6,6,6,1,23,40,0.795554
optimistic,50,bramev,6,6,6,1,23,41,0.79594
optimistic,50,bramev,6,6,6,1,23,42,0.796286
optimistic,50,bramev,6,6,6,1,23,43,0.796558
optimistic,50,bramev,6,6,6,1,23,44,0.796802
optimistic,50,bramev,6,6,6,1,23,45,0.797055
optimistic,50,bramev,6,6,6,1,23,46,0.797283
optimistic,50,bramev,6,6,6,1,23,47,0.797487
optimistic,50,bramev,6,6,6,1,23,48,0.797672
optimistic,50,bramev,6,6,6,1,23,49,0.797816
optimistic,50,bramev,6,6,6,1,23,50,0.797946
optimistic,50,bramev,6,6,6,1,23,51,0.79808
optimistic,50,bramev,6,6,6,1,23,52,0.798201
optimistic,50,bramev,6,6,6,1,23,53,0.798069
optimistic,50,bramev,6,6,6,1,23,54,0.797949
optimistic,50,bramev,6,6,6,1,23,55,0.798037
optimistic,50,bramev,6,6,6,1,23,56,0.798117
optimistic,50,bramev,6,6,6,1,23,57,0.798188
optimistic,50,bramev,6,6,6,1,23,58,0.798252
optimistic,50,bramev,6,6,6,1,23,59,0.798303
optimistic,50,bramev,6,6,6,1,25,0,0.774908
optimistic,50,bramev,6,6,6,1,25,1,0.782071
optimistic,50,bramev,6,6,6,1,25,2,0.785476
optimistic,50,bramev,6,6,6,1,25,3,0.78854
optimistic,50,bramev,6,6,6,1,25,4,0.791297
optimistic,50,bramev,6,6,6,1,25,5,0.793779
optimistic,50,bramev,6,6,6,1,25,6,0.798009
optimistic,50,bramev,6,6,6,1,25,7,0.800019
optimistic,50,bramev,6,6,6,1,25,8,0.801828
optimistic,50,bramev,6,6,6,1,25,9,0.803457
optimistic,50,bramev,6,6,6,1,25,10,0.804922
optimistic,50,bramev,6,6,6,1,25,11,0.806241
optimistic,50,bramev,6,6,6,1,25,12,0.808489
optimistic,50,bramev,6,6,6,1,25,13,0.803151
optimistic,50,bramev,6,6,6,1,25,14,0.798346
optimistic,50,bramev,6,6,6,1,25,15,0.799212
optimistic,50,bramev,6,6,6,1,25,16,0.799991
optimistic,50,bramev,6,6,6,1,25,17,0.800692
optimistic,50,bramev,6,6,6,1,25,18,0.801886
optimistic,50,bramev,6,6,6,1,25,19,0.802961
optimistic,50,bramev,6,6,6,1,25,20,0.803929
optimistic,50,bramev,6,6,6,1,25,21,0.8048
optimistic,50,bramev,6,6,6,1,25,22,0.805214
optimistic,50,bramev,6,6,6,1,25,23,0.805919
optimistic,50,bramev,6,6,6,1,25,24,0.806255
optimistic,50,bramev,6,6,6,1,25,25,0.806556
optimistic,50,bramev,6,6,6,1,25,26,0.802921
optimistic,50,bramev,6,6,6,1,25,27,0.799649
optimistic,50,bramev,6,6,6,1,25,28,0.798914
optimistic,50,bramev,6,6,6,1,25,29,0.799112
optimistic,50,bramev,6,6,6,1,25,30,0.796727
optimistic,50,bramev,6,6,6,1,25,31,0.796887
optimistic,50,bramev,6,6,6,1,25,32,0.797032
optimistic,50,bramev,6,6,6,1,25,33,0.797278
optimistic,50,bramev,6,6,6,1,25,34,0.797499
optimistic,50,bramev,6,6,6,1,25,35,0.797698
optimistic,50,bramev,6,6,6,1,25,36,0.797793
optimistic,50,bramev,6,6,6,1,25,37,0.797954
optimistic,50,bramev,6,6,6,1,25,38,0.7981
optimistic,50,bramev,6,6,6,1,25,39,0.79823
optimistic,50,bramev,6,6,6,1,25,40,0.798348
optimistic,50,bramev,6,6,6,1,25,41,0.798454
optimistic,50,bramev,6,6,6,1,25,42,0.798549
optimistic,50,bramev,6,6,6,1,25,43,0.798595
optimistic,50,bramev,6,6,6,1,25,44,0.798635
optimistic,50,bramev,6,6,6,1,25,45,0.798705
optimistic,50,bramev,6,6,6,1,25,46,0.798767
optimistic,50,bramev,6,6,6,1,25,47,0.798824
optimistic,50,bramev,6,6,6,1,25,48,0.798874
optimistic,50,bramev,6,6,6,1,25,49,0.798898
optimistic,50,bramev,6,6,6,1,25,50,0.79892
optimistic,50,bramev,6,6,6,1,25,51,0.798957
optimistic,50,bramev,6,6,6,1,25,52,0.79899
optimistic,50,bramev,6,6,6,1,25,53,0.798779
optimistic,50,bramev,6,6,6,1,25,54,0.798588
optimistic,50,bramev,6,6,6,1,25,55,0.798613
optimistic,50,bramev,6,6,6,1,25,56,0.798634
optimistic,50,bramev,6,6,6,1,25,57,0.798654
optimistic,50,bramev,6,6,6,1,25,58,0.798672
optimistic,50,bramev,6,6,6,1,25,59,0.79868
optimistic,50,bramev,6,6,6,1,31,0,0.812734
optimistic,50,bramev,6,6,6,1,31,1,0.816115
optimistic,50,bramev,6,6,6,1,31,2,0.816115
optimistic,50,bramev,6,6,6,1,31,3,0.816115
optimistic,50,bramev,6,6,6,1,31,4,0.816115
optimistic,50,bramev,6,6,6,1,31,5,0.816115
optimistic,50,bramev,6,6,6,1,31,6,0.818111
optimistic,50,bramev,6,6,6,1,31,7,0.818111
optimistic,50,bramev,6,6,6,1,31,8,0.818111
optimistic,50,bramev,6,6,6,1,31,9,0.818111
optimistic,50,bramev,6,6,6,1,31,10,0.818111
optimistic,50,bramev,6,6,6,1,31,11,0.818111
optimistic,50,bramev,6,6,6,1,31,12,0.819172
optimistic,50,bramev,6,6,6,1,31,13,0.812766
optimistic,50,bramev,6,6,6,1,31,14,0.807
optimistic,50,bramev,6,6,6,1,31,15,0.807
optimistic,50,bramev,6,6,6,1,31,16,0.807
optimistic,50,bramev,6,6,6,1,31,17,0.807
optimistic,50,bramev,6,6,6,1,31,18,0.807564
optimistic,50,bramev,6,6,6,1,31,19,0.808071
optimistic,50,bramev,6,6,6,1,31,20,0.808528
optimistic,50,bramev,6,6,6,1,31,21,0.808939
optimistic,50,bramev,6,6,6,1,31,22,0.808939
optimistic,50,bramev,6,6,6,1,31,23,0.809272
optimistic,50,bramev,6,6,6,1,31,24,0.809272
optimistic,50,bramev,6,6,6,1,31,25,0.809272
optimistic,50,bramev,6,6,6,1,31,26,0.805365
optimistic,50,bramev,6,6,6,1,31,27,0.801848
optimistic,50,bramev,6,6,6,1,31,28,0.800894
optimistic,50,bramev,6,6,6,1,31,29,0.800894
optimistic,50,bramev,6,6,6,1,31,30,0.798331
optimistic,50,bramev,6,6,6,1,31,31,0.798331
optimistic,50,bramev,6,6,6,1,31,32,0.798331
optimistic,50,bramev,6,6,6,1,31,33,0.798447
optimistic,50,bramev,6,6,6,1,31,34,0.798551
optimistic,50,bramev,6,6,6,1,31,35,0.798645
optimistic,50,bramev,6,6,6,1,31,36,0.798645
optimistic,50,bramev,6,6,6,1,31,37,0.798721
optimistic,50,bramev,6,6,6,1,31,38,0.79879
optimistic,50,bramev,6,6,6,1,31,39,0.798852
optimistic,50,bramev,6,6,6,1,31,40,0.798907
optimistic,50,bramev,6,6,6,1,31,41,0.798957
optimistic,50,bramev,6,6,6,1,31,42,0.799002
optimistic,50,bramev,6,6,6,1,31,43,0.799002
optimistic,50,bramev,6,6,6,1,31,44,0.799002
optimistic,50,bramev,6,6,6,1,31,45,0.799035
optimistic,50,bramev,6,6,6,1,31,46,0.799064
optimistic,50,bramev,6,6,6,1,31,47,0.799091
optimistic,50,bramev,6,6,6,1,31,48,0.799115
optimistic,50,bramev,6,6,6,1,31,49,0.799115
optimistic,50,bramev,6,6,6,1,31,50,0.799115
optimistic,50,bramev,6,6,6,1,31,51,0.799132
optimistic,50,bramev,6,6,6,1,31,52,0.799148
optimistic,50,bramev,6,6,6,1,31,53,0.798921
optimistic,50,bramev,6,6,6,1,31,54,0.798716
optimistic,50,bramev,6,6,6,1,31,55,0.798728
optimistic,50,bramev,6,6,6,1,31,56,0.798738
optimistic,50,bramev,6,6,6,1,31,57,0.798747
optimistic,50,bramev,6,6,6,1,31,58,0.798756
optimistic,50,bramev,6,6,6,1,31,59,0.798756
optimistic,50,bramev,6,6,6,1,33,0,0.268495
optimistic,50,bramev,6,6,6,1,33,1,0.3263
optimistic,50,bramev,6,6,6,1,33,2,0.375282
optimistic,50,bramev,6,6,6,1,33,3,0.419365
optimistic,50,bramev,6,6,6,1,33,4,0.45904
optimistic,50,bramev,6,6,6,1,33,5,0.494747
optimistic,50,bramev,6,6,6,1,33,6,0.528881
optimistic,50,bramev,6,6,6,1,33,7,0.557804
optimistic,50,bramev,6,6,6,1,33,8,0.583834
optimistic,50,bramev,6,6,6,1,33,9,0.607262
optimistic,50,bramev,6,6,6,1,33,10,0.628347
optimistic,50,bramev,6,6,6,1,33,11,0.647323
optimistic,50,bramev,6,6,6,1,33,12,0.665463
optimistic,50,bramev,6,6,6,1,33,13,0.674428
optimistic,50,bramev,6,6,6,1,33,14,0.682496
optimistic,50,bramev,6,6,6,1,33,15,0.694946
optimistic,50,bramev,6,6,6,1,33,16,0.706151
optimistic,50,bramev,6,6,6,1,33,17,0.716236
optimistic,50,bramev,6,6,6,1,33,18,0.725876
optimistic,50,bramev,6,6,6,1,33,19,0.734553
optimistic,50,bramev,6,6,6,1,33,20,0.742361
optimistic,50,bramev,6,6,6,1,33,21,0.749389
optimistic,50,bramev,6,6,6,1,33,22,0.755344
optimistic,50,bramev,6,6,6,1,33,23,0.761036
optimistic,50,bramev,6,6,6,1,33,24,0.76586
optimistic,50,bramev,6,6,6,1,33,25,0.770201
optimistic,50,bramev,6,6,6,1,33,26,0.770201
optimistic,50,bramev,6,6,6,1,33,27,0.770201
optimistic,50,bramev,6,6,6,1,33,28,0.772411
optimistic,50,bramev,6,6,6,1,33,29,0.77526
optimistic,50,bramev,6,6,6,1,33,30,0.77526
optimistic,50,bramev,6,6,6,1,33,31,0.777567
optimistic,50,bramev,6,6,6,1,33,32,0.779643
optimistic,50,bramev,6,6,6,1,33,33,0.781628
optimistic,50,bramev,6,6,6,1,33,34,0.783414
optimistic,50,bramev,6,6,6,1,33,35,0.785022
optimistic,50,bramev,6,6,6,1,33,36,0.786384
optimistic,50,bramev,6,6,6,1,33,37,0.787687
optimistic,50,bramev,6,6,6,1,33,38,0.788859
optimistic,50,bramev,6,6,6,1,33,39,0.789913
optimistic,50,bramev,6,6,6,1,33,40,0.790863
optimistic,50,bramev,6,6,6,1,33,41,0.791717
optimistic,50,bramev,6,6,6,1,33,42,0.792486
optimistic,50,bramev,6,6,6,1,33,43,0.793138
optimistic,50,bramev,6,6,6,1,33,44,0.793724
optimistic,50,bramev,6,6,6,1,33,45,0.794285
optimistic,50,bramev,6,6,6,1,33,46,0.794789
optimistic,50,bramev,6,6,6,1,33,47,0.795243
optimistic,50,bramev,6,6,6,1,33,48,0.795652
optimistic,50,bramev,6,6,6,1,33,49,0.795998
optimistic,50,bramev,6,6,6,1,33,50,0.79631
optimistic,50,bramev,6,6,6,1,33,51,0.796608
optimistic,50,bramev,6,6,6,1,33,52,0.796876
optimistic,50,bramev,6,6,6,1,33,53,0.796876
optimistic,50,bramev,6,6,6,1,33,54,0.796876
optimistic,50,bramev,6,6,6,1,33,55,0.797071
optimistic,50,bramev,6,6,6,1,33,56,0.797247
optimistic,50,bramev,6,6,6,1,33,57,0.797406
optimistic,50,bramev,6,6,6,1,33,58,0.797548
optimistic,50,bramev,6,6,6,1,33,59,0.797669
optimistic,50,bramev,6,6,6,1,34,0,0.876493
optimistic,50,bramev,6,6,6,1,34,1,0.873498
optimistic,50,bramev,6,6,6,1,34,2,0.86776
optimistic,50,bramev,6,6,6,1,34,3,0.862595
optimistic,50,bramev,6,6,6,1,34,4,0.857947
optimistic,50,bramev,6,6,6,1,34,5,0.853764
optimistic,50,bramev,6,6,6,1,34,6,0.851996
optimistic,50,bramev,6,6,6,1,34,7,0.848607
optimistic,50,bramev,6,6,6,1,34,8,0.845558
optimistic,50,bramev,6,6,6,1,34,9,0.842813
optimistic,50,bramev,6,6,6,1,34,10,0.840343
optimistic,50,bramev,6,6,6,1,34,11,0.83812
optimistic,50,bramev,6,6,6,1,34,12,0.83718
optimistic,50,bramev,6,6,6,1,34,13,0.828972
optimistic,50,bramev,6,6,6,1,34,14,0.821586
optimistic,50,bramev,6,6,6,1,34,15,0.820127
optimistic,50,bramev,6,6,6,1,34,16,0.818815
optimistic,50,bramev,6,6,6,1,34,17,0.817633
optimistic,50,bramev,6,6,6,1,34,18,0.817134
optimistic,50,bramev,6,6,6,1,34,19,0.816684
optimistic,50,bramev,6,6,6,1,34,20,0.81628
optimistic,50,bramev,6,6,6,1,34,21,0.815915
optimistic,50,bramev,6,6,6,1,34,22,0.815218
optimistic,50,bramev,6,6,6,1,34,23,0.814923
optimistic,50,bramev,6,6,6,1,34,24,0.814358
optimistic,50,bramev,6,6,6,1,34,25,0.813849
optimistic,50,bramev,6,6,6,1,34,26,0.809484
optimistic,50,bramev,6,6,6,1,34,27,0.805556
optimistic,50,bramev,6,6,6,1,34,28,0.804231
optimistic,50,bramev,6,6,6,1,34,29,0.803897
optimistic,50,bramev,6,6,6,1,34,30,0.801033
optimistic,50,bramev,6,6,6,1,34,31,0.800763
optimistic,50,bramev,6,6,6,1,34,32,0.80052
optimistic,50,bramev,6,6,6,1,34,33,0.800417
optimistic,50,bramev,6,6,6,1,34,34,0.800324
optimistic,50,bramev,6,6,6,1,34,35,0.800241
optimistic,50,bramev,6,6,6,1,34,36,0.800082
optimistic,50,bramev,6,6,6,1,34,37,0.800014
optimistic,50,bramev,6,6,6,1,34,38,0.799953
optimistic,50,bramev,6,6,6,1,34,39,0.799899
optimistic,50,bramev,6,6,6,1,34,40,0.79985
optimistic,50,bramev,6,6,6,1,34,41,0.799805
optimistic,50,bramev,6,6,6,1,34,42,0.799765
optimistic,50,bramev,6,6,6,1,34,43,0.799689
optimistic,50,bramev,6,6,6,1,34,44,0.79962
optimistic,50,bramev,6,6,6,1,34,45,0.799591
optimistic,50,bramev,6,6,6,1,34,46,0.799565
optimistic,50,bramev,6,6,6,1,34,47,0.799542
optimistic,50,bramev,6,6,6,1,34,48,0.799521
optimistic,50,bramev,6,6,6,1,34,49,0.79948
optimistic,50,bramev,6,6,6,1,34,50,0.799443
optimistic,50,bramev,6,6,6,1,34,51,0.799428
optimistic,50,bramev,6,6,6,1,34,52,0.799414
optimistic,50,bramev,6,6,6,1,34,53,0.79916
optimistic,50,bramev,6,6,6,1,34,54,0.798932
optimistic,50,bramev,6,6,6,1,34,55,0.798922
optimistic,50,bramev,6,6,6,1,34,56,0.798913
optimistic,50,bramev,6,6,6,1,34,57,0.798904
optimistic,50,bramev,6,6,6,1,34,58,0.798897
optimistic,50,bramev,6,6,6,1,34,59,0.798883
optimistic,50,bramev,6,6,6,1,35,0,0.474994
optimistic,50,bramev,6,6,6,1,35,1,0.512149
optimistic,50,bramev,6,6,6,1,35,2,0.542545
optimistic,50,bramev,6,6,6,1,35,3,0.569902
optimistic,50,bramev,6,6,6,1,35,4,0.594524
optimistic,50,bramev,6,6,6,1,35,5,0.616683
optimistic,50,bramev,6,6,6,1,35,6,0.638622
optimistic,50,bramev,6,6,6,1,35,7,0.656571
optimistic,50,bramev,6,6,6,1,35,8,0.672725
optimistic,50,bramev,6,6,6,1,35,9,0.687264
optimistic,50,bramev,6,6,6,1,35,10,0.700349
optimistic,50,bramev,6,6,6,1,35,11,0.712125
optimistic,50,bramev,6,6,6,1,35,12,0.723784
optimistic,50,bramev,6,6,6,1,35,13,0.726917
optimistic,50,bramev,6,6,6,1,35,14,0.729736
optimistic,50,bramev,6,6,6,1,35,15,0.737462
optimistic,50,bramev,6,6,6,1,35,16,0.744416
optimistic,50,bramev,6,6,6,1,35,17,0.750674
optimistic,50,bramev,6,6,6,1,35,18,0.756871
optimistic,50,bramev,6,6,6,1,35,19,0.762448
optimistic,50,bramev,6,6,6,1,35,20,0.767467
optimistic,50,bramev,6,6,6,1,35,21,0.771984
optimistic,50,bramev,6,6,6,1,35,22,0.775679
optimistic,50,bramev,6,6,6,1,35,23,0.779338
optimistic,50,bramev,6,6,6,1,35,24,0.782332
optimistic,50,bramev,6,6,6,1,35,25,0.785026
optimistic,50,bramev,6,6,6,1,35,26,0.783543
optimistic,50,bramev,6,6,6,1,35,27,0.782209
optimistic,50,bramev,6,6,6,1,35,28,0.783218
optimistic,50,bramev,6,6,6,1,35,29,0.784986
optimistic,50,bramev,6,6,6,1,35,30,0.784013
optimistic,50,bramev,6,6,6,1,35,31,0.785445
optimistic,50,bramev,6,6,6,1,35,32,0.786734
optimistic,50,bramev,6,6,6,1,35,33,0.788009
optimistic,50,bramev,6,6,6,1,35,34,0.789158
optimistic,50,bramev,6,6,6,1,35,35,0.790191
optimistic,50,bramev,6,6,6,1,35,36,0.791036
optimistic,50,bramev,6,6,6,1,35,37,0.791873
optimistic,50,bramev,6,6,6,1,35,38,0.792627
optimistic,50,bramev,6,6,6,1,35,39,0.793305
optimistic,50,bramev,6,6,6,1,35,40,0.793915
optimistic,50,bramev,6,6,6,1,35,41,0.794464
optimistic,50,bramev,6,6,6,1,35,42,0.794958
optimistic,50,bramev,6,6,6,1,35,43,0.795363
optimistic,50,bramev,6,6,6,1,35,44,0.795727
optimistic,50,bramev,6,6,6,1,35,45,0.796087
optimistic,50,bramev,6,6,6,1,35,46,0.796411
optimistic,50,bramev,6,6,6,1,35,47,0.796703
optimistic,50,bramev,6,6,6,1,35,48,0.796966
optimistic,50,bramev,6,6,6,1,35,49,0.797181
optimistic,50,bramev,6,6,6,1,35,50,0.797374
optimistic,50,bramev,6,6,6,1,35,51,0.797566
optimistic,50,bramev,6,6,6,1,35,52,0.797738
optimistic,50,bramev,6,6,6,1,35,53,0.797652
optimistic,50,bramev,6,6,6,1,35,54,0.797574
optimistic,50,bramev,6,6,6,1,35,55,0.7977
optimistic,50,bramev,6,6,6,1,35,56,0.797813
optimistic,50,bramev,6,6,6,1,35,57,0.797915
optimistic,50,bramev,6,6,6,1,35,58,0.798006
optimistic,50,bramev,6,6,6,1,35,59,0.798081
optimistic,50,bramev,6,6,6,2,1,0,0.436208
optimistic,50,bramev,6,6,6,2,1,1,0.44104
optimistic,50,bramev,6,6,6,2,1,2,0.445389
optimistic,50,bramev,6,6,6,2,1,3,0.449303
optimistic,50,bramev,6,6,6,2,1,4,0.479131
optimistic,50,bramev,6,6,6,2,1,5,0.505977
optimistic,50,bramev,6,6,6,2,1,6,0.505977
optimistic,50,bramev,6,6,6,2,1,7,0.508545
optimistic,50,bramev,6,6,6,2,1,8,0.503209
optimistic,50,bramev,6,6,6,2,1,9,0.498407
optimistic,50,bramev,6,6,6,2,1,10,0.500279
optimistic,50,bramev,6,6,6,2,1,11,0.514546
optimistic,50,bramev,6,6,6,2,1,12,0.514546
optimistic,50,bramev,6,6,6,2,1,13,0.515911
optimistic,50,bramev,6,6,6,2,1,14,0.517139
optimistic,50,bramev,6,6,6,2,1,15,0.518244
optimistic,50,bramev,6,6,6,2,1,16,0.519239
optimistic,50,bramev,6,6,6,2,1,17,0.51753
optimistic,50,bramev,6,6,6,2,1,18,0.518336
optimistic,50,bramev,6,6,6,2,1,19,0.519061
optimistic,50,bramev,6,6,6,2,1,20,0.519281
optimistic,50,bramev,6,6,6,2,1,21,0.519479
optimistic,50,bramev,6,6,6,2,1,22,0.519479
optimistic,50,bramev,6,6,6,2,1,23,0.519479
optimistic,50,bramev,6,6,6,2,1,24,0.520436
optimistic,50,bramev,6,6,6,2,1,25,0.521298
optimistic,50,bramev,6,6,6,2,1,26,0.52303
optimistic,50,bramev,6,6,6,2,1,27,0.524589
optimistic,50,bramev,6,6,6,2,1,28,0.52487
optimistic,50,bramev,6,6,6,2,1,29,0.525123
optimistic,50,bramev,6,6,6,2,1,30,0.525351
optimistic,50,bramev,6,6,6,2,1,31,0.525555
optimistic,50,bramev,6,6,6,2,1,32,0.52574
optimistic,50,bramev,6,6,6,2,1,33,0.525906
optimistic,50,bramev,6,6,6,2,1,34,0.525906
optimistic,50,bramev,6,6,6,2,1,35,0.525906
optimistic,50,bramev,6,6,6,2,1,36,0.526027
optimistic,50,bramev,6,6,6,2,1,37,0.526027
optimistic,50,bramev,6,6,6,2,1,38,0.526246
optimistic,50,bramev,6,6,6,2,1,39,0.526443
optimistic,50,bramev,6,6,6,2,1,40,0.52662
optimistic,50,bramev,6,6,6,2,1,41,0.527225
optimistic,50,bramev,6,6,6,2,1,42,0.527289
optimistic,50,bramev,6,6,6,2,1,43,0.527289
optimistic,50,bramev,6,6,6,2,1,44,0.527289
optimistic,50,bramev,6,6,6,2,1,45,0.527336
optimistic,50,bramev,6,6,6,2,1,46,0.52743
optimistic,50,bramev,6,6,6,2,1,47,0.527515
optimistic,50,bramev,6,6,6,2,1,48,0.527515
optimistic,50,bramev,6,6,6,2,1,49,0.527546
optimistic,50,bramev,6,6,6,2,1,50,0.527574
optimistic,50,bramev,6,6,6,2,1,51,0.527599
optimistic,50,bramev,6,6,6,2,1,52,0.527788
optimistic,50,bramev,6,6,6,2,1,53,0.527808
optimistic,50,bramev,6,6,6,2,1,54,0.527827
optimistic,50,bramev,6,6,6,2,1,55,0.527827
optimistic,50,bramev,6,6,6,2,1,56,0.52773
optimistic,50,bramev,6,6,6,2,1,57,0.527743
optimistic,50,bramev,6,6,6,2,1,58,0.527755
optimistic,50,bramev,6,6,6,2,1,59,0.527758
optimistic,50,bramev,6,6,6,2,7,0,0.634723
optimistic,50,bramev,6,6,6,2,7,1,0.619704
optimistic,50,bramev,6,6,6,2,7,2,0.606186
optimistic,50,bramev,6,6,6,2,7,3,0.59402
optimistic,50,bramev,6,6,6,2,7,4,0.609377
optimistic,50,bramev,6,6,6,2,7,5,0.623198
optimistic,50,bramev,6,6,6,2,7,6,0.611476
optimistic,50,bramev,6,6,6,2,7,7,0.603494
optimistic,50,bramev,6,6,6,2,7,8,0.588663
optimistic,50,bramev,6,6,6,2,7,9,0.575316
optimistic,50,bramev,6,6,6,2,7,10,0.569497
optimistic,50,bramev,6,6,6,2,7,11,0.576842
optimistic,50,bramev,6,6,6,2,7,12,0.570612
optimistic,50,bramev,6,6,6,2,7,13,0.56637
optimistic,50,bramev,6,6,6,2,7,14,0.562553
optimistic,50,bramev,6,6,6,2,7,15,0.559117
optimistic,50,bramev,6,6,6,2,7,16,0.556024
optimistic,50,bramev,6,6,6,2,7,17,0.550636
optimistic,50,bramev,6,6,6,2,7,18,0.548132
optimistic,50,bramev,6,6,6,2,7,19,0.545877
optimistic,50,bramev,6,6,6,2,7,20,0.543416
optimistic,50,bramev,6,6,6,2,7,21,0.5412
optimistic,50,bramev,6,6,6,2,7,22,0.539028
optimistic,50,bramev,6,6,6,2,7,23,0.537073
optimistic,50,bramev,6,6,6,2,7,24,0.536271
optimistic,50,bramev,6,6,6,2,7,25,0.535549
optimistic,50,bramev,6,6,6,2,7,26,0.535856
optimistic,50,bramev,6,6,6,2,7,27,0.536133
optimistic,50,bramev,6,6,6,2,7,28,0.535259
optimistic,50,bramev,6,6,6,2,7,29,0.534473
optimistic,50,bramev,6,6,6,2,7,30,0.533766
optimistic,50,bramev,6,6,6,2,7,31,0.533129
optimistic,50,bramev,6,6,6,2,7,32,0.532556
optimistic,50,bramev,6,6,6,2,7,33,0.53204
optimistic,50,bramev,6,6,6,2,7,34,0.531427
optimistic,50,bramev,6,6,6,2,7,35,0.530875
optimistic,50,bramev,6,6,6,2,7,36,0.530499
optimistic,50,bramev,6,6,6,2,7,37,0.530052
optimistic,50,bramev,6,6,6,2,7,38,0.529868
optimistic,50,bramev,6,6,6,2,7,39,0.529703
optimistic,50,bramev,6,6,6,2,7,40,0.529554
optimistic,50,bramev,6,6,6,2,7,41,0.529866
optimistic,50,bramev,6,6,6,2,7,42,0.529666
optimistic,50,bramev,6,6,6,2,7,43,0.529428
optimistic,50,bramev,6,6,6,2,7,44,0.529214
optimistic,50,bramev,6,6,6,2,7,45,0.529069
optimistic,50,bramev,6,6,6,2,7,46,0.52899
optimistic,50,bramev,6,6,6,2,7,47,0.528919
optimistic,50,bramev,6,6,6,2,7,48,0.528778
optimistic,50,bramev,6,6,6,2,7,49,0.528683
optimistic,50,bramev,6,6,6,2,7,50,0.528597
optimistic,50,bramev,6,6,6,2,7,51,0.528519
optimistic,50,bramev,6,6,6,2,7,52,0.528617
optimistic,50,bramev,6,6,6,2,7,53,0.528554
optimistic,50,bramev,6,6,6,2,7,54,0.528498
optimistic,50,bramev,6,6,6,2,7,55,0.528431
optimistic,50,bramev,6,6,6,2,7,56,0.528273
optimistic,50,bramev,6,6,6,2,7,57,0.528232
optimistic,50,bramev,6,6,6,2,7,58,0.528195
optimistic,50,bramev,6,6,6,2,7,59,0.528155
optimistic,50,bramev,6,6,6,2,9,0,0.343968
optimistic,50,bramev,6,6,6,2,9,1,0.358024
optimistic,50,bramev,6,6,6,2,9,2,0.370674
optimistic,50,bramev,6,6,6,2,9,3,0.38206
optimistic,50,bramev,6,6,6,2,9,4,0.418612
optimistic,50,bramev,6,6,6,2,9,5,0.45151
optimistic,50,bramev,6,6,6,2,9,6,0.456956
optimistic,50,bramev,6,6,6,2,9,7,0.464426
optimistic,50,bramev,6,6,6,2,9,8,0.463503
optimistic,50,bramev,6,6,6,2,9,9,0.462671
optimistic,50,bramev,6,6,6,2,9,10,0.468117
optimistic,50,bramev,6,6,6,2,9,11,0.4856
optimistic,50,bramev,6,6,6,2,9,12,0.488494
optimistic,50,bramev,6,6,6,2,9,13,0.492464
optimistic,50,bramev,6,6,6,2,9,14,0.496037
optimistic,50,bramev,6,6,6,2,9,15,0.499253
optimistic,50,bramev,6,6,6,2,9,16,0.502147
optimistic,50,bramev,6,6,6,2,9,17,0.502147
optimistic,50,bramev,6,6,6,2,9,18,0.504491
optimistic,50,bramev,6,6,6,2,9,19,0.506601
optimistic,50,bramev,6,6,6,2,9,20,0.508067
optimistic,50,bramev,6,6,6,2,9,21,0.509386
optimistic,50,bramev,6,6,6,2,9,22,0.510395
optimistic,50,bramev,6,6,6,2,9,23,0.511304
optimistic,50,bramev,6,6,6,2,9,24,0.513079
optimistic,50,bramev,6,6,6,2,9,25,0.514676
optimistic,50,bramev,6,6,6,2,9,26,0.51707
optimistic,50,bramev,6,6,6,2,9,27,0.519225
optimistic,50,bramev,6,6,6,2,9,28,0.520043
optimistic,50,bramev,6,6,6,2,9,29,0.520778
optimistic,50,bramev,6,6,6,2,9,30,0.52144
optimistic,50,bramev,6,6,6,2,9,31,0.522036
optimistic,50,bramev,6,6,6,2,9,32,0.522573
optimistic,50,bramev,6,6,6,2,9,33,0.523055
optimistic,50,bramev,6,6,6,2,9,34,0.52334
optimistic,50,bramev,6,6,6,2,9,35,0.523597
optimistic,50,bramev,6,6,6,2,9,36,0.523949
optimistic,50,bramev,6,6,6,2,9,37,0.524156
optimistic,50,bramev,6,6,6,2,9,38,0.524562
optimistic,50,bramev,6,6,6,2,9,39,0.524928
optimistic,50,bramev,6,6,6,2,9,40,0.525257
optimistic,50,bramev,6,6,6,2,9,41,0.525998
optimistic,50,bramev,6,6,6,2,9,42,0.526185
optimistic,50,bramev,6,6,6,2,9,43,0.526295
optimistic,50,bramev,6,6,6,2,9,44,0.526395
optimistic,50,bramev,6,6,6,2,9,45,0.526531
optimistic,50,bramev,6,6,6,2,9,46,0.526706
optimistic,50,bramev,6,6,6,2,9,47,0.526863
optimistic,50,bramev,6,6,6,2,9,48,0.526928
optimistic,50,bramev,6,6,6,2,9,49,0.527018
optimistic,50,bramev,6,6,6,2,9,50,0.527098
optimistic,50,bramev,6,6,6,2,9,51,0.527171
optimistic,50,bramev,6,6,6,2,9,52,0.527403
optimistic,50,bramev,6,6,6,2,9,53,0.527462
optimistic,50,bramev,6,6,6,2,9,54,0.527515
optimistic,50,bramev,6,6,6,2,9,55,0.527546
optimistic,50,bramev,6,6,6,2,9,56,0.527477
optimistic,50,bramev,6,6,6,2,9,57,0.527515
optimistic,50,bramev,6,6,6,2,9,58,0.52755
optimistic,50,bramev,6,6,6,2,9,59,0.527574
optimistic,50,bramev,6,6,6,2,13,0,0.544229
optimistic,50,bramev,6,6,6,2,13,1,0.538259
optimistic,50,bramev,6,6,6,2,13,2,0.532886
optimistic,50,bramev,6,6,6,2,13,3,0.52805
optimistic,50,bramev,6,6,6,2,13,4,0.550004
optimistic,50,bramev,6,6,6,2,13,5,0.569762
optimistic,50,bramev,6,6,6,2,13,6,0.563383
optimistic,50,bramev,6,6,6,2,13,7,0.560211
optimistic,50,bramev,6,6,6,2,13,8,0.549708
optimistic,50,bramev,6,6,6,2,13,9,0.540256
optimistic,50,bramev,6,6,6,2,13,10,0.537943
optimistic,50,bramev,6,6,6,2,13,11,0.548444
optimistic,50,bramev,6,6,6,2,13,12,0.545054
optimistic,50,bramev,6,6,6,2,13,13,0.543368
optimistic,50,bramev,6,6,6,2,13,14,0.54185
optimistic,50,bramev,6,6,6,2,13,15,0.540485
optimistic,50,bramev,6,6,6,2,13,16,0.539255
optimistic,50,bramev,6,6,6,2,13,17,0.535545
optimistic,50,bramev,6,6,6,2,13,18,0.534549
optimistic,50,bramev,6,6,6,2,13,19,0.533653
optimistic,50,bramev,6,6,6,2,13,20,0.532414
optimistic,50,bramev,6,6,6,2,13,21,0.531298
optimistic,50,bramev,6,6,6,2,13,22,0.530116
optimistic,50,bramev,6,6,6,2,13,23,0.529053
optimistic,50,bramev,6,6,6,2,13,24,0.529053
optimistic,50,bramev,6,6,6,2,13,25,0.529053
optimistic,50,bramev,6,6,6,2,13,26,0.530009
optimistic,50,bramev,6,6,6,2,13,27,0.53087
optimistic,50,bramev,6,6,6,2,13,28,0.530523
optimistic,50,bramev,6,6,6,2,13,29,0.530211
optimistic,50,bramev,6,6,6,2,13,30,0.52993
optimistic,50,bramev,6,6,6,2,13,31,0.529677
optimistic,50,bramev,6,6,6,2,13,32,0.529449
optimistic,50,bramev,6,6,6,2,13,33,0.529244
optimistic,50,bramev,6,6,6,2,13,34,0.52891
optimistic,50,bramev,6,6,6,2,13,35,0.52861
optimistic,50,bramev,6,6,6,2,13,36,0.52846
optimistic,50,bramev,6,6,6,2,13,37,0.528217
optimistic,50,bramev,6,6,6,2,13,38,0.528217
optimistic,50,bramev,6,6,6,2,13,39,0.528217
optimistic,50,bramev,6,6,6,2,13,40,0.528217
optimistic,50,bramev,6,6,6,2,13,41,0.528662
optimistic,50,bramev,6,6,6,2,13,42,0.528583
optimistic,50,bramev,6,6,6,2,13,43,0.528453
optimistic,50,bramev,6,6,6,2,13,44,0.528337
optimistic,50,bramev,6,6,6,2,13,45,0.528279
optimistic,50,bramev,6,6,6,2,13,46,0.528279
optimistic,50,bramev,6,6,6,2,13,47,0.528279
optimistic,50,bramev,6,6,6,2,13,48,0.528203
optimistic,50,bramev,6,6,6,2,13,49,0.528165
optimistic,50,bramev,6,6,6,2,13,50,0.52813
optimistic,50,bramev,6,6,6,2,13,51,0.5281
optimistic,50,bramev,6,6,6,2,13,52,0.528239
optimistic,50,bramev,6,6,6,2,13,53,0.528214
optimistic,50,bramev,6,6,6,2,13,54,0.528192
optimistic,50,bramev,6,6,6,2,13,55,0.528155
optimistic,50,bramev,6,6,6,2,13,56,0.528025
optimistic,50,bramev,6,6,6,2,13,57,0.528009
optimistic,50,bramev,6,6,6,2,13,58,0.527994
optimistic,50,bramev,6,6,6,2,13,59,0.527974
optimistic,50,bramev,6,6,6,2,14,0,0.484529
optimistic,50,bramev,6,6,6,2,14,1,0.484529
optimistic,50,bramev,6,6,6,2,14,2,0.484529
optimistic,50,bramev,6,6,6,2,14,3,0.484529
optimistic,50,bramev,6,6,6,2,14,4,0.510835
optimistic,50,bramev,6,6,6,2,14,5,0.53451
optimistic,50,bramev,6,6,6,2,14,6,0.531656
optimistic,50,bramev,6,6,6,2,14,7,0.531656
optimistic,50,bramev,6,6,6,2,14,8,0.52401
optimistic,50,bramev,6,6,6,2,14,9,0.517127
optimistic,50,bramev,6,6,6,2,14,10,0.517127
optimistic,50,bramev,6,6,6,2,14,11,0.529709
optimistic,50,bramev,6,6,6,2,14,12,0.528193
optimistic,50,bramev,6,6,6,2,14,13,0.528193
optimistic,50,bramev,6,6,6,2,14,14,0.528193
optimistic,50,bramev,6,6,6,2,14,15,0.528193
optimistic,50,bramev,6,6,6,2,14,16,0.528193
optimistic,50,bramev,6,6,6,2,14,17,0.525588
optimistic,50,bramev,6,6,6,2,14,18,0.525588
optimistic,50,bramev,6,6,6,2,14,19,0.525588
optimistic,50,bramev,6,6,6,2,14,20,0.525156
optimistic,50,bramev,6,6,6,2,14,21,0.524766
optimistic,50,bramev,6,6,6,2,14,22,0.524237
optimistic,50,bramev,6,6,6,2,14,23,0.523762
optimistic,50,bramev,6,6,6,2,14,24,0.524291
optimistic,50,bramev,6,6,6,2,14,25,0.524767
optimistic,50,bramev,6,6,6,2,14,26,0.526152
optimistic,50,bramev,6,6,6,2,14,27,0.527399
optimistic,50,bramev,6,6,6,2,14,28,0.527399
optimistic,50,bramev,6,6,6,2,14,29,0.527399
optimistic,50,bramev,6,6,6,2,14,30,0.527399
optimistic,50,bramev,6,6,6,2,14,31,0.527399
optimistic,50,bramev,6,6,6,2,14,32,0.527399
optimistic,50,bramev,6,6,6,2,14,33,0.527399
optimistic,50,bramev,6,6,6,2,14,34,0.52725
optimistic,50,bramev,6,6,6,2,14,35,0.527115
optimistic,50,bramev,6,6,6,2,14,36,0.527115
optimistic,50,bramev,6,6,6,2,14,37,0.527006
optimistic,50,bramev,6,6,6,2,14,38,0.527127
optimistic,50,bramev,6,6,6,2,14,39,0.527236
optimistic,50,bramev,6,6,6,2,14,40,0.527334
optimistic,50,bramev,6,6,6,2,14,41,0.527868
optimistic,50,bramev,6,6,6,2,14,42,0.527868
optimistic,50,bramev,6,6,6,2,14,43,0.52781
optimistic,50,bramev,6,6,6,2,14,44,0.527758
optimistic,50,bramev,6,6,6,2,14,45,0.527758
optimistic,50,bramev,6,6,6,2,14,46,0.52781
optimistic,50,bramev,6,6,6,2,14,47,0.527857
optimistic,50,bramev,6,6,6,2,14,48,0.527823
optimistic,50,bramev,6,6,6,2,14,49,0.527823
optimistic,50,bramev,6,6,6,2,14,50,0.527823
optimistic,50,bramev,6,6,6,2,14,51,0.527823
optimistic,50,bramev,6,6,6,2,14,52,0.52799
optimistic,50,bramev,6,6,6,2,14,53,0.52799
optimistic,50,bramev,6,6,6,2,14,54,0.52799
optimistic,50,bramev,6,6,6,2,14,55,0.527974
optimistic,50,bramev,6,6,6,2,14,56,0.527862
optimistic,50,bramev,6,6,6,2,14,57,0.527862
optimistic,50,bramev,6,6,6,2,14,58,0.527862
optimistic,50,bramev,6,6,6,2,14,59,0.527855
optimistic,50,bramev,6,6,6,2,16,0,0.845375
optimistic,50,bramev,6,6,6,2,16,1,0.80929
optimistic,50,bramev,6,6,6,2,16,2,0.776814
optimistic,50,bramev,6,6,6,2,16,3,0.747586
optimistic,50,bramev,6,6,6,2,16,4,0.747586
optimistic,50,bramev,6,6,6,2,16,5,0.747586
optimistic,50,bramev,6,6,6,2,16,6,0.723425
optimistic,50,bramev,6,6,6,2,16,7,0.704248
optimistic,50,bramev,6,6,6,2,16,8,0.679342
optimistic,50,bramev,6,6,6,2,16,9,0.656927
optimistic,50,bramev,6,6,6,2,16,10,0.642947
optimistic,50,bramev,6,6,6,2,16,11,0.642947
optimistic,50,bramev,6,6,6,2,16,12,0.630107
optimistic,50,bramev,6,6,6,2,16,13,0.619915
optimistic,50,bramev,6,6,6,2,16,14,0.610743
optimistic,50,bramev,6,6,6,2,16,15,0.602488
optimistic,50,bramev,6,6,6,2,16,16,0.595058
optimistic,50,bramev,6,6,6,2,16,17,0.585767
optimistic,50,bramev,6,6,6,2,16,18,0.579749
optimistic,50,bramev,6,6,6,2,16,19,0.574333
optimistic,50,bramev,6,6,6,2,16,20,0.569026
optimistic,50,bramev,6,6,6,2,16,21,0.564249
optimistic,50,bramev,6,6,6,2,16,22,0.559772
optimistic,50,bramev,6,6,6,2,16,23,0.555743
optimistic,50,bramev,6,6,6,2,16,24,0.553074
optimistic,50,bramev,6,6,6,2,16,25,0.550672
optimistic,50,bramev,6,6,6,2,16,26,0.549467
optimistic,50,bramev,6,6,6,2,16,27,0.548382
optimistic,50,bramev,6,6,6,2,16,28,0.546284
optimistic,50,bramev,6,6,6,2,16,29,0.544395
optimistic,50,bramev,6,6,6,2,16,30,0.542696
optimistic,50,bramev,6,6,6,2,16,31,0.541166
optimistic,50,bramev,6,6,6,2,16,32,0.539789
optimistic,50,bramev,6,6,6,2,16,33,0.53855
optimistic,50,bramev,6,6,6,2,16,34,0.537286
optimistic,50,bramev,6,6,6,2,16,35,0.536148
optimistic,50,bramev,6,6,6,2,16,36,0.535244
optimistic,50,bramev,6,6,6,2,16,37,0.534323
optimistic,50,bramev,6,6,6,2,16,38,0.533712
optimistic,50,bramev,6,6,6,2,16,39,0.533163
optimistic,50,bramev,6,6,6,2,16,40,0.532668
optimistic,50,bramev,6,6,6,2,16,41,0.532668
optimistic,50,bramev,6,6,6,2,16,42,0.532188
optimistic,50,bramev,6,6,6,2,16,43,0.531698
optimistic,50,bramev,6,6,6,2,16,44,0.531257
optimistic,50,bramev,6,6,6,2,16,45,0.530907
optimistic,50,bramev,6,6,6,2,16,46,0.530644
optimistic,50,bramev,6,6,6,2,16,47,0.530408
optimistic,50,bramev,6,6,6,2,16,48,0.530119
optimistic,50,bramev,6,6,6,2,16,49,0.529889
optimistic,50,bramev,6,6,6,2,16,50,0.529682
optimistic,50,bramev,6,6,6,2,16,51,0.529496
optimistic,50,bramev,6,6,6,2,16,52,0.529496
optimistic,50,bramev,6,6,6,2,16,53,0.529346
optimistic,50,bramev,6,6,6,2,16,54,0.52921
optimistic,50,bramev,6,6,6,2,16,55,0.529072
optimistic,50,bramev,6,6,6,2,16,56,0.52885
optimistic,50,bramev,6,6,6,2,16,57,0.528751
optimistic,50,bramev,6,6,6,2,16,58,0.528663
optimistic,50,bramev,6,6,6,2,16,59,0.528575
optimistic,50,bramev,6,6,6,2,17,0,0.117331
optimistic,50,bramev,6,6,6,2,17,1,0.154051
optimistic,50,bramev,6,6,6,2,17,2,0.187099
optimistic,50,bramev,6,6,6,2,17,3,0.216842
optimistic,50,bramev,6,6,6,2,17,4,0.269916
optimistic,50,bramev,6,6,6,2,17,5,0.317683
optimistic,50,bramev,6,6,6,2,17,6,0.336512
optimistic,50,bramev,6,6,6,2,17,7,0.356027
optimistic,50,bramev,6,6,6,2,17,8,0.365943
optimistic,50,bramev,6,6,6,2,17,9,0.374867
optimistic,50,bramev,6,6,6,2,17,10,0.389093
optimistic,50,bramev,6,6,6,2,17,11,0.414479
optimistic,50,bramev,6,6,6,2,17,12,0.424485
optimistic,50,bramev,6,6,6,2,17,13,0.434856
optimistic,50,bramev,6,6,6,2,17,14,0.44419
optimistic,50,bramev,6,6,6,2,17,15,0.45259
optimistic,50,bramev,6,6,6,2,17,16,0.46015
optimistic,50,bramev,6,6,6,2,17,17,0.46435
optimistic,50,bramev,6,6,6,2,17,18,0.470474
optimistic,50,bramev,6,6,6,2,17,19,0.475985
optimistic,50,bramev,6,6,6,2,17,20,0.480513
optimistic,50,bramev,6,6,6,2,17,21,0.484588
optimistic,50,bramev,6,6,6,2,17,22,0.488077
optimistic,50,bramev,6,6,6,2,17,23,0.491217
optimistic,50,bramev,6,6,6,2,17,24,0.495001
optimistic,50,bramev,6,6,6,2,17,25,0.498406
optimistic,50,bramev,6,6,6,2,17,26,0.502427
optimistic,50,bramev,6,6,6,2,17,27,0.506046
optimistic,50,bramev,6,6,6,2,17,28,0.508182
optimistic,50,bramev,6,6,6,2,17,29,0.510103
optimistic,50,bramev,6,6,6,2,17,30,0.511833
optimistic,50,bramev,6,6,6,2,17,31,0.51339
optimistic,50,bramev,6,6,6,2,17,32,0.514791
optimistic,50,bramev,6,6,6,2,17,33,0.516051
optimistic,50,bramev,6,6,6,2,17,34,0.517037
optimistic,50,bramev,6,6,6,2,17,35,0.517924
optimistic,50,bramev,6,6,6,2,17,36,0.518843
optimistic,50,bramev,6,6,6,2,17,37,0.519561
optimistic,50,bramev,6,6,6,2,17,38,0.520427
optimistic,50,bramev,6,6,6,2,17,39,0.521206
optimistic,50,bramev,6,6,6,2,17,40,0.521907
optimistic,50,bramev,6,6,6,2,17,41,0.522983
optimistic,50,bramev,6,6,6,2,17,42,0.523471
optimistic,50,bramev,6,6,6,2,17,43,0.523853
optimistic,50,bramev,6,6,6,2,17,44,0.524197
optimistic,50,bramev,6,6,6,2,17,45,0.524553
optimistic,50,bramev,6,6,6,2,17,46,0.524926
optimistic,50,bramev,6,6,6,2,17,47,0.525261
optimistic,50,bramev,6,6,6,2,17,48,0.525486
optimistic,50,bramev,6,6,6,2,17,49,0.52572
optimistic,50,bramev,6,6,6,2,17,50,0.52593
optimistic,50,bramev,6,6,6,2,17,51,0.526119
optimistic,50,bramev,6,6,6,2,17,52,0.526457
optimistic,50,bramev,6,6,6,2,17,53,0.52661
optimistic,50,bramev,6,6,6,2,17,54,0.526748
optimistic,50,bramev,6,6,6,2,17,55,0.526856
optimistic,50,bramev,6,6,6,2,17,56,0.526856
optimistic,50,bramev,6,6,6,2,17,57,0.526957
optimistic,50,bramev,6,6,6,2,17,58,0.527047
optimistic,50,bramev,6,6,6,2,17,59,0.527122
optimistic,50,bramev,6,6,6,2,21,0,0.324652
optimistic,50,bramev,6,6,6,2,21,1,0.34064
optimistic,50,bramev,6,6,6,2,21,2,0.355029
optimistic,50,bramev,6,6,6,2,21,3,0.367979
optimistic,50,bramev,6,6,6,2,21,4,0.40594
optimistic,50,bramev,6,6,6,2,21,5,0.440104
optimistic,50,bramev,6,6,6,2,21,6,0.446691
optimistic,50,bramev,6,6,6,2,21,7,0.455188
optimistic,50,bramev,6,6,6,2,21,8,0.455188
optimistic,50,bramev,6,6,6,2,21,9,0.455188
optimistic,50,bramev,6,6,6,2,21,10,0.461382
optimistic,50,bramev,6,6,6,2,21,11,0.479538
optimistic,50,bramev,6,6,6,2,21,12,0.483039
optimistic,50,bramev,6,6,6,2,21,13,0.487555
optimistic,50,bramev,6,6,6,2,21,14,0.491618
optimistic,50,bramev,6,6,6,2,21,15,0.495276
optimistic,50,bramev,6,6,6,2,21,16,0.498568
optimistic,50,bramev,6,6,6,2,21,17,0.498925
optimistic,50,bramev,6,6,6,2,21,18,0.501592
optimistic,50,bramev,6,6,6,2,21,19,0.503991
optimistic,50,bramev,6,6,6,2,21,20,0.505718
optimistic,50,bramev,6,6,6,2,21,21,0.507273
optimistic,50,bramev,6,6,6,2,21,22,0.508493
optimistic,50,bramev,6,6,6,2,21,23,0.509592
optimistic,50,bramev,6,6,6,2,21,24,0.511538
optimistic,50,bramev,6,6,6,2,21,25,0.513289
optimistic,50,bramev,6,6,6,2,21,26,0.515822
optimistic,50,bramev,6,6,6,2,21,27,0.518102
optimistic,50,bramev,6,6,6,2,21,28,0.519032
optimistic,50,bramev,6,6,6,2,21,29,0.519869
optimistic,50,bramev,6,6,6,2,21,30,0.520622
optimistic,50,bramev,6,6,6,2,21,31,0.521299
optimistic,50,bramev,6,6,6,2,21,32,0.521909
optimistic,50,bramev,6,6,6,2,21,33,0.522458
optimistic,50,bramev,6,6,6,2,21,34,0.522803
optimistic,50,bramev,6,6,6,2,21,35,0.523113
optimistic,50,bramev,6,6,6,2,21,36,0.523513
optimistic,50,bramev,6,6,6,2,21,37,0.523765
optimistic,50,bramev,6,6,6,2,21,38,0.52421
optimistic,50,bramev,6,6,6,2,21,39,0.524611
optimistic,50,bramev,6,6,6,2,21,40,0.524971
optimistic,50,bramev,6,6,6,2,21,41,0.525741
optimistic,50,bramev,6,6,6,2,21,42,0.525954
optimistic,50,bramev,6,6,6,2,21,43,0.526087
optimistic,50,bramev,6,6,6,2,21,44,0.526207
optimistic,50,bramev,6,6,6,2,21,45,0.526362
optimistic,50,bramev,6,6,6,2,21,46,0.526554
optimistic,50,bramev,6,6,6,2,21,47,0.526727
optimistic,50,bramev,6,6,6,2,21,48,0.526805
optimistic,50,bramev,6,6,6,2,21,49,0.526907
optimistic,50,bramev,6,6,6,2,21,50,0.526999
optimistic,50,bramev,6,6,6,2,21,51,0.527081
optimistic,50,bramev,6,6,6,2,21,52,0.527323
optimistic,50,bramev,6,6,6,2,21,53,0.527389
optimistic,50,bramev,6,6,6,2,21,54,0.527449
optimistic,50,bramev,6,6,6,2,21,55,0.527487
optimistic,50,bramev,6,6,6,2,21,56,0.527424
optimistic,50,bramev,6,6,6,2,21,57,0.527468
optimistic,50,bramev,6,6,6,2,21,58,0.527507
optimistic,50,bramev,6,6,6,2,21,59,0.527536
optimistic,50,bramev,6,6,6,2,22,0,0.249289
optimistic,50,bramev,6,6,6,2,22,1,0.272813
optimistic,50,bramev,6,6,6,2,22,2,0.293985
optimistic,50,bramev,6,6,6,2,22,3,0.313039
optimistic,50,bramev,6,6,6,2,22,4,0.356494
optimistic,50,bramev,6,6,6,2,22,5,0.395603
optimistic,50,bramev,6,6,6,2,22,6,0.40664
optimistic,50,bramev,6,6,6,2,22,7,0.419142
optimistic,50,bramev,6,6,6,2,22,8,0.422747
optimistic,50,bramev,6,6,6,2,22,9,0.425991
optimistic,50,bramev,6,6,6,2,22,10,0.435104
optimistic,50,bramev,6,6,6,2,22,11,0.455889
optimistic,50,bramev,6,6,6,2,22,12,0.461754
optimistic,50,bramev,6,6,6,2,22,13,0.468398
optimistic,50,bramev,6,6,6,2,22,14,0.474378
optimistic,50,bramev,6,6,6,2,22,15,0.479759
optimistic,50,bramev,6,6,6,2,22,16,0.484603
optimistic,50,bramev,6,6,6,2,22,17,0.486357
optimistic,50,bramev,6,6,6,2,22,18,0.49028
optimistic,50,bramev,6,6,6,2,22,19,0.493811
optimistic,50,bramev,6,6,6,2,22,20,0.496556
optimistic,50,bramev,6,6,6,2,22,21,0.499026
optimistic,50,bramev,6,6,6,2,22,22,0.501072
optimistic,50,bramev,6,6,6,2,22,23,0.502912
optimistic,50,bramev,6,6,6,2,22,24,0.505526
optimistic,50,bramev,6,6,6,2,22,25,0.507879
optimistic,50,bramev,6,6,6,2,22,26,0.510953
optimistic,50,bramev,6,6,6,2,22,27,0.51372
optimistic,50,bramev,6,6,6,2,22,28,0.515088
optimistic,50,bramev,6,6,6,2,22,29,0.516319
optimistic,50,bramev,6,6,6,2,22,30,0.517427
optimistic,50,bramev,6,6,6,2,22,31,0.518424
optimistic,50,bramev,6,6,6,2,22,32,0.519322
optimistic,50,bramev,6,6,6,2,22,33,0.520129
optimistic,50,bramev,6,6,6,2,22,34,0.520707
optimistic,50,bramev,6,6,6,2,22,35,0.521227
optimistic,50,bramev,6,6,6,2,22,36,0.521816
optimistic,50,bramev,6,6,6,2,22,37,0.522237
optimistic,50,bramev,6,6,6,2,22,38,0.522835
optimistic,50,bramev,6,6,6,2,22,39,0.523373
optimistic,50,bramev,6,6,6,2,22,40,0.523857
optimistic,50,bramev,6,6,6,2,22,41,0.524738
optimistic,50,bramev,6,6,6,2,22,42,0.525051
optimistic,50,bramev,6,6,6,2,22,43,0.525275
optimistic,50,bramev,6,6,6,2,22,44,0.525477
optimistic,50,bramev,6,6,6,2,22,45,0.525705
optimistic,50,bramev,6,6,6,2,22,46,0.525962
optimistic,50,bramev,6,6,6,2,22,47,0.526194
optimistic,50,bramev,6,6,6,2,22,48,0.526326
optimistic,50,bramev,6,6,6,2,22,49,0.526476
optimistic,50,bramev,6,6,6,2,22,50,0.52661
optimistic,50,bramev,6,6,6,2,22,51,0.526732
optimistic,50,bramev,6,6,6,2,22,52,0.527008
optimistic,50,bramev,6,6,6,2,22,53,0.527106
optimistic,50,bramev,6,6,6,2,22,54,0.527195
optimistic,50,bramev,6,6,6,2,22,55,0.527258
optimistic,50,bramev,6,6,6,2,22,56,0.527218
optimistic,50,bramev,6,6,6,2,22,57,0.527282
optimistic,50,bramev,6,6,6,2,22,58,0.52734
optimistic,50,bramev,6,6,6,2,22,59,0.527385
optimistic,50,bramev,6,6,6,2,27,0,0.452491
optimistic,50,bramev,6,6,6,2,27,1,0.455695
optimistic,50,bramev,6,6,6,2,27,2,0.458579
optimistic,50,bramev,6,6,6,2,27,3,0.461174
optimistic,50,bramev,6,6,6,2,27,4,0.489815
optimistic,50,bramev,6,6,6,2,27,5,0.515592
optimistic,50,bramev,6,6,6,2,27,6,0.51463
optimistic,50,bramev,6,6,6,2,27,7,0.516333
optimistic,50,bramev,6,6,6,2,27,8,0.510218
optimistic,50,bramev,6,6,6,2,27,9,0.504715
optimistic,50,bramev,6,6,6,2,27,10,0.505957
optimistic,50,bramev,6,6,6,2,27,11,0.519656
optimistic,50,bramev,6,6,6,2,27,12,0.519145
optimistic,50,bramev,6,6,6,2,27,13,0.520049
optimistic,50,bramev,6,6,6,2,27,14,0.520864
optimistic,50,bramev,6,6,6,2,27,15,0.521597
optimistic,50,bramev,6,6,6,2,27,16,0.522256
optimistic,50,bramev,6,6,6,2,27,17,0.520245
optimistic,50,bramev,6,6,6,2,27,18,0.52078
optimistic,50,bramev,6,6,6,2,27,19,0.521261
optimistic,50,bramev,6,6,6,2,27,20,0.521261
optimistic,50,bramev,6,6,6,2,27,21,0.521261
optimistic,50,bramev,6,6,6,2,27,22,0.521082
optimistic,50,bramev,6,6,6,2,27,23,0.520922
optimistic,50,bramev,6,6,6,2,27,24,0.521735
optimistic,50,bramev,6,6,6,2,27,25,0.522467
optimistic,50,bramev,6,6,6,2,27,26,0.524082
optimistic,50,bramev,6,6,6,2,27,27,0.525536
optimistic,50,bramev,6,6,6,2,27,28,0.525722
optimistic,50,bramev,6,6,6,2,27,29,0.52589
optimistic,50,bramev,6,6,6,2,27,30,0.526041
optimistic,50,bramev,6,6,6,2,27,31,0.526177
optimistic,50,bramev,6,6,6,2,27,32,0.526299
optimistic,50,bramev,6,6,6,2,27,33,0.526409
optimistic,50,bramev,6,6,6,2,27,34,0.526359
optimistic,50,bramev,6,6,6,2,27,35,0.526313
optimistic,50,bramev,6,6,6,2,27,36,0.526393
optimistic,50,bramev,6,6,6,2,27,37,0.526357
optimistic,50,bramev,6,6,6,2,27,38,0.526543
optimistic,50,bramev,6,6,6,2,27,39,0.52671
optimistic,50,bramev,6,6,6,2,27,40,0.526861
optimistic,50,bramev,6,6,6,2,27,41,0.527442
optimistic,50,bramev,6,6,6,2,27,42,0.527484
optimistic,50,bramev,6,6,6,2,27,43,0.527465
optimistic,50,bramev,6,6,6,2,27,44,0.527447
optimistic,50,bramev,6,6,6,2,27,45,0.527478
optimistic,50,bramev,6,6,6,2,27,46,0.527558
optimistic,50,bramev,6,6,6,2,27,47,0.52763
optimistic,50,bramev,6,6,6,2,27,48,0.527619
optimistic,50,bramev,6,6,6,2,27,49,0.527639
optimistic,50,bramev,6,6,6,2,27,50,0.527658
optimistic,50,bramev,6,6,6,2,27,51,0.527674
optimistic,50,bramev,6,6,6,2,27,52,0.527856
optimistic,50,bramev,6,6,6,2,27,53,0.52787
optimistic,50,bramev,6,6,6,2,27,54,0.527882
optimistic,50,bramev,6,6,6,2,27,55,0.527876
optimistic,50,bramev,6,6,6,2,27,56,0.527774
optimistic,50,bramev,6,6,6,2,27,57,0.527783
optimistic,50,bramev,6,6,6,2,27,58,0.527791
optimistic,50,bramev,6,6,6,2,27,59,0.527791
optimistic,50,bramev,6,6,6,2,37,0,0.677498
optimistic,50,bramev,6,6,6,2,37,1,0.658201
optimistic,50,bramev,6,6,6,2,37,2,0.640834
optimistic,50,bramev,6,6,6,2,37,3,0.625203
optimistic,50,bramev,6,6,6,2,37,4,0.637442
optimistic,50,bramev,6,6,6,2,37,5,0.648456
optimistic,50,bramev,6,6,6,2,37,6,0.634208
optimistic,50,bramev,6,6,6,2,37,7,0.623953
optimistic,50,bramev,6,6,6,2,37,8,0.607076
optimistic,50,bramev,6,6,6,2,37,9,0.591888
optimistic,50,bramev,6,6,6,2,37,10,0.584412
optimistic,50,bramev,6,6,6,2,37,11,0.590265
optimistic,50,bramev,6,6,6,2,37,12,0.582693
optimistic,50,bramev,6,6,6,2,37,13,0.577243
optimistic,50,bramev,6,6,6,2,37,14,0.572338
optimistic,50,bramev,6,6,6,2,37,15,0.567924
optimistic,50,bramev,6,6,6,2,37,16,0.563951
optimistic,50,bramev,6,6,6,2,37,17,0.55777
optimistic,50,bramev,6,6,6,2,37,18,0.554552
optimistic,50,bramev,6,6,6,2,37,19,0.551656
optimistic,50,bramev,6,6,6,2,37,20,0.548616
optimistic,50,bramev,6,6,6,2,37,21,0.545881
optimistic,50,bramev,6,6,6,2,37,22,0.54324
optimistic,50,bramev,6,6,6,2,37,23,0.540864
optimistic,50,bramev,6,6,6,2,37,24,0.539683
optimistic,50,bramev,6,6,6,2,37,25,0.53862
optimistic,50,bramev,6,6,6,2,37,26,0.53862
optimistic,50,bramev,6,6,6,2,37,27,0.53862
optimistic,50,bramev,6,6,6,2,37,28,0.537498
optimistic,50,bramev,6,6,6,2,37,29,0.536488
optimistic,50,bramev,6,6,6,2,37,30,0.535579
optimistic,50,bramev,6,6,6,2,37,31,0.534761
optimistic,50,bramev,6,6,6,2,37,32,0.534025
optimistic,50,bramev,6,6,6,2,37,33,0.533362
optimistic,50,bramev,6,6,6,2,37,34,0.532617
optimistic,50,bramev,6,6,6,2,37,35,0.531946
optimistic,50,bramev,6,6,6,2,37,36,0.531462
optimistic,50,bramev,6,6,6,2,37,37,0.530919
optimistic,50,bramev,6,6,6,2,37,38,0.530649
optimistic,50,bramev,6,6,6,2,37,39,0.530406
optimistic,50,bramev,6,6,6,2,37,40,0.530187
optimistic,50,bramev,6,6,6,2,37,41,0.530435
optimistic,50,bramev,6,6,6,2,37,42,0.530178
optimistic,50,bramev,6,6,6,2,37,43,0.529889
optimistic,50,bramev,6,6,6,2,37,44,0.529629
optimistic,50,bramev,6,6,6,2,37,45,0.529442
optimistic,50,bramev,6,6,6,2,37,46,0.529326
optimistic,50,bramev,6,6,6,2,37,47,0.529221
optimistic,50,bramev,6,6,6,2,37,48,0.52905
optimistic,50,bramev,6,6,6,2,37,49,0.528928
optimistic,50,bramev,6,6,6,2,37,50,0.528817
optimistic,50,bramev,6,6,6,2,37,51,0.528718
optimistic,50,bramev,6,6,6,2,37,52,0.528796
optimistic,50,bramev,6,6,6,2,37,53,0.528715
optimistic,50,bramev,6,6,6,2,37,54,0.528643
optimistic,50,bramev,6,6,6,2,37,55,0.528561
optimistic,50,bramev,6,6,6,2,37,56,0.52839
optimistic,50,bramev,6,6,6,2,37,57,0.528338
optimistic,50,bramev,6,6,6,2,37,58,0.52829
optimistic,50,bramev,6,6,6,2,37,59,0.52824
optimistic,50,bramev,6,6,6,3,0,0,0.210727
optimistic,50,bramev,6,6,6,3,0,1,0.275831
optimistic,50,bramev,6,6,6,3,0,2,0.334423
optimistic,50,bramev,6,6,6,3,0,3,0.383451
optimistic,50,bramev,6,6,6,3,0,4,0.427575
optimistic,50,bramev,6,6,6,3,0,5,0.427575
optimistic,50,bramev,6,6,6,3,0,6,0.427575
optimistic,50,bramev,6,6,6,3,0,7,0.427575
optimistic,50,bramev,6,6,6,3,0,8,0.459921
optimistic,50,bramev,6,6,6,3,0,9,0.489033
optimistic,50,bramev,6,6,6,3,0,10,0.489033
optimistic,50,bramev,6,6,6,3,0,11,0.489033
optimistic,50,bramev,6,6,6,3,0,12,0.509463
optimistic,50,bramev,6,6,6,3,0,13,0.509463
optimistic,50,bramev,6,6,6,3,0,14,0.526012
optimistic,50,bramev,6,6,6,3,0,15,0.540905
optimistic,50,bramev,6,6,6,3,0,16,0.540905
optimistic,50,bramev,6,6,6,3,0,17,0.552121
optimistic,50,bramev,6,6,6,3,0,18,0.562215
optimistic,50,bramev,6,6,6,3,0,19,0.562215
optimistic,50,bramev,6,6,6,3,0,20,0.570392
optimistic,50,bramev,6,6,6,3,0,21,0.57775
optimistic,50,bramev,6,6,6,3,0,22,0.57775
optimistic,50,bramev,6,6,6,3,0,23,0.57775
optimistic,50,bramev,6,6,6,3,0,24,0.583115
optimistic,50,bramev,6,6,6,3,0,25,0.587943
optimistic,50,bramev,6,6,6,3,0,26,0.592617
optimistic,50,bramev,6,6,6,3,0,27,0.596823
optimistic,50,bramev,6,6,6,3,0,28,0.600609
optimistic,50,bramev,6,6,6,3,0,29,0.604016
optimistic,50,bramev,6,6,6,3,0,30,0.604016
optimistic,50,bramev,6,6,6,3,0,31,0.604016
optimistic,50,bramev,6,6,6,3,0,32,0.604016
optimistic,50,bramev,6,6,6,3,0,33,0.60512
optimistic,50,bramev,6,6,6,3,0,34,0.606991
optimistic,50,bramev,6,6,6,3,0,35,0.608674
optimistic,50,bramev,6,6,6,3,0,36,0.610189
optimistic,50,bramev,6,6,6,3,0,37,0.611656
optimistic,50,bramev,6,6,6,3,0,38,0.612976
optimistic,50,bramev,6,6,6,3,0,39,0.614164
optimistic,50,bramev,6,6,6,3,0,40,0.615275
optimistic,50,bramev,6,6,6,3,0,41,0.616274
optimistic,50,bramev,6,6,6,3,0,42,0.616702
optimistic,50,bramev,6,6,6,3,0,43,0.617087
optimistic,50,bramev,6,6,6,3,0,44,0.617087
optimistic,50,bramev,6,6,6,3,0,45,0.617087
optimistic,50,bramev,6,6,6,3,0,46,0.61739
optimistic,50,bramev,6,6,6,3,0,47,0.617662
optimistic,50,bramev,6,6,6,3,0,48,0.61809
optimistic,50,bramev,6,6,6,3,0,49,0.618475
optimistic,50,bramev,6,6,6,3,0,50,0.618821
optimistic,50,bramev,6,6,6,3,0,51,0.619133
optimistic,50,bramev,6,6,6,3,0,52,0.619133
optimistic,50,bramev,6,6,6,3,0,53,0.619133
optimistic,50,bramev,6,6,6,3,0,54,0.619378
optimistic,50,bramev,6,6,6,3,0,55,0.619583
optimistic,50,bramev,6,6,6,3,0,56,0.619781
optimistic,50,bramev,6,6,6,3,0,57,0.619781
optimistic,50,bramev,6,6,6,3,0,58,0.619781
optimistic,50,bramev,6,6,6,3,0,59,0.619931
optimistic,50,bramev,6,6,6,3,11,0,0.557194
optimistic,50,bramev,6,6,6,3,11,1,0.587651
optimistic,50,bramev,6,6,6,3,11,2,0.615062
optimistic,50,bramev,6,6,6,3,11,3,0.636025
optimistic,50,bramev,6,6,6,3,11,4,0.654892
optimistic,50,bramev,6,6,6,3,11,5,0.63216
optimistic,50,bramev,6,6,6,3,11,6,0.611702
optimistic,50,bramev,6,6,6,3,11,7,0.593289
optimistic,50,bramev,6,6,6,3,11,8,0.609064
optimistic,50,bramev,6,6,6,3,11,9,0.623262
optimistic,50,bramev,6,6,6,3,11,10,0.609839
optimistic,50,bramev,6,6,6,3,11,11,0.597758
optimistic,50,bramev,6,6,6,3,11,12,0.607316
optimistic,50,bramev,6,6,6,3,11,13,0.597531
optimistic,50,bramev,6,6,6,3,11,14,0.605272
optimistic,50,bramev,6,6,6,3,11,15,0.61224
optimistic,50,bramev,6,6,6,3,11,16,0.605106
optimistic,50,bramev,6,6,6,3,11,17,0.609902
optimistic,50,bramev,6,6,6,3,11,18,0.614218
optimistic,50,bramev,6,6,6,3,11,19,0.609018
optimistic,50,bramev,6,6,6,3,11,20,0.612514
optimistic,50,bramev,6,6,6,3,11,21,0.61566
optimistic,50,bramev,6,6,6,3,11,22,0.611869
optimistic,50,bramev,6,6,6,3,11,23,0.608458
optimistic,50,bramev,6,6,6,3,11,24,0.610751
optimistic,50,bramev,6,6,6,3,11,25,0.612816
optimistic,50,bramev,6,6,6,3,11,26,0.615002
optimistic,50,bramev,6,6,6,3,11,27,0.61697
optimistic,50,bramev,6,6,6,3,11,28,0.618741
optimistic,50,bramev,6,6,6,3,11,29,0.620335
optimistic,50,bramev,6,6,6,3,11,30,0.618703
optimistic,50,bramev,6,6,6,3,11,31,0.617234
optimistic,50,bramev,6,6,6,3,11,32,0.615913
optimistic,50,bramev,6,6,6,3,11,33,0.615827
optimistic,50,bramev,6,6,6,3,11,34,0.616627
optimistic,50,bramev,6,6,6,3,11,35,0.617347
optimistic,50,bramev,6,6,6,3,11,36,0.617995
optimistic,50,bramev,6,6,6,3,11,37,0.618681
optimistic,50,bramev,6,6,6,3,11,38,0.619298
optimistic,50,bramev,6,6,6,3,11,39,0.619854
optimistic,50,bramev,6,6,6,3,11,40,0.620396
optimistic,50,bramev,6,6,6,3,11,41,0.620883
optimistic,50,bramev,6,6,6,3,11,42,0.62085
optimistic,50,bramev,6,6,6,3,11,43,0.62082
optimistic,50,bramev,6,6,6,3,11,44,0.620447
optimistic,50,bramev,6,6,6,3,11,45,0.620111
optimistic,50,bramev,6,6,6,3,11,46,0.620111
optimistic,50,bramev,6,6,6,3,11,47,0.620111
optimistic,50,bramev,6,6,6,3,11,48,0.620294
optimistic,50,bramev,6,6,6,3,11,49,0.620459
optimistic,50,bramev,6,6,6,3,11,50,0.620607
optimistic,50,bramev,6,6,6,3,11,51,0.62074
optimistic,50,bramev,6,6,6,3,11,52,0.62058
optimistic,50,bramev,6,6,6,3,11,53,0.620435
optimistic,50,bramev,6,6,6,3,11,54,0.620549
optimistic,50,bramev,6,6,6,3,11,55,0.620637
optimistic,50,bramev,6,6,6,3,11,56,0.62073
optimistic,50,bramev,6,6,6,3,11,57,0.620635
optimistic,50,bramev,6,6,6,3,11,58,0.620549
optimistic,50,bramev,6,6,6,3,11,59,0.620623
optimistic,50,bramev,6,6,6,3,18,0,0.816001
optimistic,50,bramev,6,6,6,3,18,1,0.820576
optimistic,50,bramev,6,6,6,3,18,2,0.824695
optimistic,50,bramev,6,6,6,3,18,3,0.824695
optimistic,50,bramev,6,6,6,3,18,4,0.824695
optimistic,50,bramev,6,6,6,3,18,5,0.784983
optimistic,50,bramev,6,6,6,3,18,6,0.749242
optimistic,50,bramev,6,6,6,3,18,7,0.717075
optimistic,50,bramev,6,6,6,3,18,8,0.720472
optimistic,50,bramev,6,6,6,3,18,9,0.723529
optimistic,50,bramev,6,6,6,3,18,10,0.700079
optimistic,50,bramev,6,6,6,3,18,11,0.678974
optimistic,50,bramev,6,6,6,3,18,12,0.68041
optimistic,50,bramev,6,6,6,3,18,13,0.663316
optimistic,50,bramev,6,6,6,3,18,14,0.664479
optimistic,50,bramev,6,6,6,3,18,15,0.665526
optimistic,50,bramev,6,6,6,3,18,16,0.653064
optimistic,50,bramev,6,6,6,3,18,17,0.653064
optimistic,50,bramev,6,6,6,3,18,18,0.653064
optimistic,50,bramev,6,6,6,3,18,19,0.643979
optimistic,50,bramev,6,6,6,3,18,20,0.643979
optimistic,50,bramev,6,6,6,3,18,21,0.643979
optimistic,50,bramev,6,6,6,3,18,22,0.637356
optimistic,50,bramev,6,6,6,3,18,23,0.631395
optimistic,50,bramev,6,6,6,3,18,24,0.631395
optimistic,50,bramev,6,6,6,3,18,25,0.631395
optimistic,50,bramev,6,6,6,3,18,26,0.631724
optimistic,50,bramev,6,6,6,3,18,27,0.63202
optimistic,50,bramev,6,6,6,3,18,28,0.632286
optimistic,50,bramev,6,6,6,3,18,29,0.632525
optimistic,50,bramev,6,6,6,3,18,30,0.629674
optimistic,50,bramev,6,6,6,3,18,31,0.627108
optimistic,50,bramev,6,6,6,3,18,32,0.624799
optimistic,50,bramev,6,6,6,3,18,33,0.623825
optimistic,50,bramev,6,6,6,3,18,34,0.623825
optimistic,50,bramev,6,6,6,3,18,35,0.623825
optimistic,50,bramev,6,6,6,3,18,36,0.623825
optimistic,50,bramev,6,6,6,3,18,37,0.623928
optimistic,50,bramev,6,6,6,3,18,38,0.624021
optimistic,50,bramev,6,6,6,3,18,39,0.624105
optimistic,50,bramev,6,6,6,3,18,40,0.624221
optimistic,50,bramev,6,6,6,3,18,41,0.624326
optimistic,50,bramev,6,6,6,3,18,42,0.623949
optimistic,50,bramev,6,6,6,3,18,43,0.623609
optimistic,50,bramev,6,6,6,3,18,44,0.622957
optimistic,50,bramev,6,6,6,3,18,45,0.62237
optimistic,50,bramev,6,6,6,3,18,46,0.622144
optimistic,50,bramev,6,6,6,3,18,47,0.621941
optimistic,50,bramev,6,6,6,3,18,48,0.621941
optimistic,50,bramev,6,6,6,3,18,49,0.621941
optimistic,50,bramev,6,6,6,3,18,50,0.621941
optimistic,50,bramev,6,6,6,3,18,51,0.621941
optimistic,50,bramev,6,6,6,3,18,52,0.62166
optimistic,50,bramev,6,6,6,3,18,53,0.621407
optimistic,50,bramev,6,6,6,3,18,54,0.621425
optimistic,50,bramev,6,6,6,3,18,55,0.621425
optimistic,50,bramev,6,6,6,3,18,56,0.621439
optimistic,50,bramev,6,6,6,3,18,57,0.621273
optimistic,50,bramev,6,6,6,3,18,58,0.621124
optimistic,50,bramev,6,6,6,3,18,59,0.621139
optimistic,50,bramev,6,6,6,3,19,0,0.532344
optimistic,50,bramev,6,6,6,3,19,1,0.565286
optimistic,50,bramev,6,6,6,3,19,2,0.594933
optimistic,50,bramev,6,6,6,3,19,3,0.617909
optimistic,50,bramev,6,6,6,3,19,4,0.638588
optimistic,50,bramev,6,6,6,3,19,5,0.617487
optimistic,50,bramev,6,6,6,3,19,6,0.598495
optimistic,50,bramev,6,6,6,3,19,7,0.581403
optimistic,50,bramev,6,6,6,3,19,8,0.598367
optimistic,50,bramev,6,6,6,3,19,9,0.613634
optimistic,50,bramev,6,6,6,3,19,10,0.601174
optimistic,50,bramev,6,6,6,3,19,11,0.58996
optimistic,50,bramev,6,6,6,3,19,12,0.600297
optimistic,50,bramev,6,6,6,3,19,13,0.591214
optimistic,50,bramev,6,6,6,3,19,14,0.599587
optimistic,50,bramev,6,6,6,3,19,15,0.607123
optimistic,50,bramev,6,6,6,3,19,16,0.600502
optimistic,50,bramev,6,6,6,3,19,17,0.605758
optimistic,50,bramev,6,6,6,3,19,18,0.610488
optimistic,50,bramev,6,6,6,3,19,19,0.605661
optimistic,50,bramev,6,6,6,3,19,20,0.609493
optimistic,50,bramev,6,6,6,3,19,21,0.612941
optimistic,50,bramev,6,6,6,3,19,22,0.609422
optimistic,50,bramev,6,6,6,3,19,23,0.606255
optimistic,50,bramev,6,6,6,3,19,24,0.608769
optimistic,50,bramev,6,6,6,3,19,25,0.611032
optimistic,50,bramev,6,6,6,3,19,26,0.613397
optimistic,50,bramev,6,6,6,3,19,27,0.615525
optimistic,50,bramev,6,6,6,3,19,28,0.617441
optimistic,50,bramev,6,6,6,3,19,29,0.619165
optimistic,50,bramev,6,6,6,3,19,30,0.61765
optimistic,50,bramev,6,6,6,3,19,31,0.616286
optimistic,50,bramev,6,6,6,3,19,32,0.615059
optimistic,50,bramev,6,6,6,3,19,33,0.615059
optimistic,50,bramev,6,6,6,3,19,34,0.615936
optimistic,50,bramev,6,6,6,3,19,35,0.616725
optimistic,50,bramev,6,6,6,3,19,36,0.617435
optimistic,50,bramev,6,6,6,3,19,37,0.618177
optimistic,50,bramev,6,6,6,3,19,38,0.618845
optimistic,50,bramev,6,6,6,3,19,39,0.619446
optimistic,50,bramev,6,6,6,3,19,40,0.620028
optimistic,50,bramev,6,6,6,3,19,41,0.620553
optimistic,50,bramev,6,6,6,3,19,42,0.620553
optimistic,50,bramev,6,6,6,3,19,43,0.620553
optimistic,50,bramev,6,6,6,3,19,44,0.620206
optimistic,50,bramev,6,6,6,3,19,45,0.619894
optimistic,50,bramev,6,6,6,3,19,46,0.619916
optimistic,50,bramev,6,6,6,3,19,47,0.619935
optimistic,50,bramev,6,6,6,3,19,48,0.620136
optimistic,50,bramev,6,6,6,3,19,49,0.620316
optimistic,50,bramev,6,6,6,3,19,50,0.620479
optimistic,50,bramev,6,6,6,3,19,51,0.620625
optimistic,50,bramev,6,6,6,3,19,52,0.620476
optimistic,50,bramev,6,6,6,3,19,53,0.620342
optimistic,50,bramev,6,6,6,3,19,54,0.620465
optimistic,50,bramev,6,6,6,3,19,55,0.620561
optimistic,50,bramev,6,6,6,3,19,56,0.620662
optimistic,50,bramev,6,6,6,3,19,57,0.620573
optimistic,50,bramev,6,6,6,3,19,58,0.620494
optimistic,50,bramev,6,6,6,3,19,59,0.620573
optimistic,50,bramev,6,6,6,3,26,0,0.554639
optimistic,50,bramev,6,6,6,3,26,1,0.585351
optimistic,50,bramev,6,6,6,3,26,2,0.612992
optimistic,50,bramev,6,6,6,3,26,3,0.634163
optimistic,50,bramev,6,6,6,3,26,4,0.653216
optimistic,50,bramev,6,6,6,3,26,5,0.630652
optimistic,50,bramev,6,6,6,3,26,6,0.610344
optimistic,50,bramev,6,6,6,3,26,7,0.592067
optimistic,50,bramev,6,6,6,3,26,8,0.607964
optimistic,50,bramev,6,6,6,3,26,9,0.622272
optimistic,50,bramev,6,6,6,3,26,10,0.608948
optimistic,50,bramev,6,6,6,3,26,11,0.596957
optimistic,50,bramev,6,6,6,3,26,12,0.606594
optimistic,50,bramev,6,6,6,3,26,13,0.596881
optimistic,50,bramev,6,6,6,3,26,14,0.604688
optimistic,50,bramev,6,6,6,3,26,15,0.611714
optimistic,50,bramev,6,6,6,3,26,16,0.604633
optimistic,50,bramev,6,6,6,3,26,17,0.609476
optimistic,50,bramev,6,6,6,3,26,18,0.613835
optimistic,50,bramev,6,6,6,3,26,19,0.608673
optimistic,50,bramev,6,6,6,3,26,20,0.612203
optimistic,50,bramev,6,6,6,3,26,21,0.615381
optimistic,50,bramev,6,6,6,3,26,22,0.611618
optimistic,50,bramev,6,6,6,3,26,23,0.608231
optimistic,50,bramev,6,6,6,3,26,24,0.610548
optimistic,50,bramev,6,6,6,3,26,25,0.612632
optimistic,50,bramev,6,6,6,3,26,26,0.614837
optimistic,50,bramev,6,6,6,3,26,27,0.616821
optimistic,50,bramev,6,6,6,3,26,28,0.618607
optimistic,50,bramev,6,6,6,3,26,29,0.620215
optimistic,50,bramev,6,6,6,3,26,30,0.618595
optimistic,50,bramev,6,6,6,3,26,31,0.617137
optimistic,50,bramev,6,6,6,3,26,32,0.615825
optimistic,50,bramev,6,6,6,3,26,33,0.615748
optimistic,50,bramev,6,6,6,3,26,34,0.616556
optimistic,50,bramev,6,6,6,3,26,35,0.617283
optimistic,50,bramev,6,6,6,3,26,36,0.617937
optimistic,50,bramev,6,6,6,3,26,37,0.618629
optimistic,50,bramev,6,6,6,3,26,38,0.619252
optimistic,50,bramev,6,6,6,3,26,39,0.619812
optimistic,50,bramev,6,6,6,3,26,40,0.620358
optimistic,50,bramev,6,6,6,3,26,41,0.620849
optimistic,50,bramev,6,6,6,3,26,42,0.62082
optimistic,50,bramev,6,6,6,3,26,43,0.620793
optimistic,50,bramev,6,6,6,3,26,44,0.620422
optimistic,50,bramev,6,6,6,3,26,45,0.620089
optimistic,50,bramev,6,6,6,3,26,46,0.620091
optimistic,50,bramev,6,6,6,3,26,47,0.620093
optimistic,50,bramev,6,6,6,3,26,48,0.620278
optimistic,50,bramev,6,6,6,3,26,49,0.620444
optimistic,50,bramev,6,6,6,3,26,50,0.620594
optimistic,50,bramev,6,6,6,3,26,51,0.620729
optimistic,50,bramev,6,6,6,3,26,52,0.620569
optimistic,50,bramev,6,6,6,3,26,53,0.620425
optimistic,50,bramev,6,6,6,3,26,54,0.620541
optimistic,50,bramev,6,6,6,3,26,55,0.620629
optimistic,50,bramev,6,6,6,3,26,56,0.620723
optimistic,50,bramev,6,6,6,3,26,57,0.620628
optimistic,50,bramev,6,6,6,3,26,58,0.620544
optimistic,50,bramev,6,6,6,3,26,59,0.620617
optimistic,50,bramev,6,6,6,3,32,0,0.86176
optimistic,50,bramev,6,6,6,3,32,1,0.86176
optimistic,50,bramev,6,6,6,3,32,2,0.86176
optimistic,50,bramev,6,6,6,3,32,3,0.858053
optimistic,50,bramev,6,6,6,3,32,4,0.854717
optimistic,50,bramev,6,6,6,3,32,5,0.812003
optimistic,50,bramev,6,6,6,3,32,6,0.77356
optimistic,50,bramev,6,6,6,3,32,7,0.738962
optimistic,50,bramev,6,6,6,3,32,8,0.74017
optimistic,50,bramev,6,6,6,3,32,9,0.741257
optimistic,50,bramev,6,6,6,3,32,10,0.716034
optimistic,50,bramev,6,6,6,3,32,11,0.693334
optimistic,50,bramev,6,6,6,3,32,12,0.693334
optimistic,50,bramev,6,6,6,3,32,13,0.674947
optimistic,50,bramev,6,6,6,3,32,14,0.674947
optimistic,50,bramev,6,6,6,3,32,15,0.674947
optimistic,50,bramev,6,6,6,3,32,16,0.661543
optimistic,50,bramev,6,6,6,3,32,17,0.660695
optimistic,50,bramev,6,6,6,3,32,18,0.659932
optimistic,50,bramev,6,6,6,3,32,19,0.65016
optimistic,50,bramev,6,6,6,3,32,20,0.649542
optimistic,50,bramev,6,6,6,3,32,21,0.648986
optimistic,50,bramev,6,6,6,3,32,22,0.641862
optimistic,50,bramev,6,6,6,3,32,23,0.635451
optimistic,50,bramev,6,6,6,3,32,24,0.635045
optimistic,50,bramev,6,6,6,3,32,25,0.63468
optimistic,50,bramev,6,6,6,3,32,26,0.63468
optimistic,50,bramev,6,6,6,3,32,27,0.63468
optimistic,50,bramev,6,6,6,3,32,28,0.63468
optimistic,50,bramev,6,6,6,3,32,29,0.63468
optimistic,50,bramev,6,6,6,3,32,30,0.631614
optimistic,50,bramev,6,6,6,3,32,31,0.628854
optimistic,50,bramev,6,6,6,3,32,32,0.62637
optimistic,50,bramev,6,6,6,3,32,33,0.625239
optimistic,50,bramev,6,6,6,3,32,34,0.625098
optimistic,50,bramev,6,6,6,3,32,35,0.624971
optimistic,50,bramev,6,6,6,3,32,36,0.624856
optimistic,50,bramev,6,6,6,3,32,37,0.624856
optimistic,50,bramev,6,6,6,3,32,38,0.624856
optimistic,50,bramev,6,6,6,3,32,39,0.624856
optimistic,50,bramev,6,6,6,3,32,40,0.624898
optimistic,50,bramev,6,6,6,3,32,41,0.624935
optimistic,50,bramev,6,6,6,3,32,42,0.624497
optimistic,50,bramev,6,6,6,3,32,43,0.624102
optimistic,50,bramev,6,6,6,3,32,44,0.623401
optimistic,50,bramev,6,6,6,3,32,45,0.622769
optimistic,50,bramev,6,6,6,3,32,46,0.622504
optimistic,50,bramev,6,6,6,3,32,47,0.622264
optimistic,50,bramev,6,6,6,3,32,48,0.622232
optimistic,50,bramev,6,6,6,3,32,49,0.622203
optimistic,50,bramev,6,6,6,3,32,50,0.622177
optimistic,50,bramev,6,6,6,3,32,51,0.622153
optimistic,50,bramev,6,6,6,3,32,52,0.621851
optimistic,50,bramev,6,6,6,3,32,53,0.621579
optimistic,50,bramev,6,6,6,3,32,54,0.621579
optimistic,50,bramev,6,6,6,3,32,55,0.621564
optimistic,50,bramev,6,6,6,3,32,56,0.621564
optimistic,50,bramev,6,6,6,3,32,57,0.621386
optimistic,50,bramev,6,6,6,3,32,58,0.621225
optimistic,50,bramev,6,6,6,3,32,59,0.621231
optimistic,50,bramev,6,6,6,3,38,0,0.887011
optimistic,50,bramev,6,6,6,3,38,1,0.884486
optimistic,50,bramev,6,6,6,3,38,2,0.882213
optimistic,50,bramev,6,6,6,3,38,3,0.876462
optimistic,50,bramev,6,6,6,3,38,4,0.871285
optimistic,50,bramev,6,6,6,3,38,5,0.826914
optimistic,50,bramev,6,6,6,3,38,6,0.78698
optimistic,50,bramev,6,6,6,3,38,7,0.751039
optimistic,50,bramev,6,6,6,3,38,8,0.751039
optimistic,50,bramev,6,6,6,3,38,9,0.751039
optimistic,50,bramev,6,6,6,3,38,10,0.724839
optimistic,50,bramev,6,6,6,3,38,11,0.701258
optimistic,50,bramev,6,6,6,3,38,12,0.700466
optimistic,50,bramev,6,6,6,3,38,13,0.681366
optimistic,50,bramev,6,6,6,3,38,14,0.680724
optimistic,50,bramev,6,6,6,3,38,15,0.680146
optimistic,50,bramev,6,6,6,3,38,16,0.666222
optimistic,50,bramev,6,6,6,3,38,17,0.664906
optimistic,50,bramev,6,6,6,3,38,18,0.663722
optimistic,50,bramev,6,6,6,3,38,19,0.653571
optimistic,50,bramev,6,6,6,3,38,20,0.652612
optimistic,50,bramev,6,6,6,3,38,21,0.651749
optimistic,50,bramev,6,6,6,3,38,22,0.644349
optimistic,50,bramev,6,6,6,3,38,23,0.637689
optimistic,50,bramev,6,6,6,3,38,24,0.63706
optimistic,50,bramev,6,6,6,3,38,25,0.636493
optimistic,50,bramev,6,6,6,3,38,26,0.636312
optimistic,50,bramev,6,6,6,3,38,27,0.636149
optimistic,50,bramev,6,6,6,3,38,28,0.636002
optimistic,50,bramev,6,6,6,3,38,29,0.63587
optimistic,50,bramev,6,6,6,3,38,30,0.632684
optimistic,50,bramev,6,6,6,3,38,31,0.629818
optimistic,50,bramev,6,6,6,3,38,32,0.627237
optimistic,50,bramev,6,6,6,3,38,33,0.62602
optimistic,50,bramev,6,6,6,3,38,34,0.6258
optimistic,50,bramev,6,6,6,3,38,35,0.625603
optimistic,50,bramev,6,6,6,3,38,36,0.625425
optimistic,50,bramev,6,6,6,3,38,37,0.625368
optimistic,50,bramev,6,6,6,3,38,38,0.625317
optimistic,50,bramev,6,6,6,3,38,39,0.625271
optimistic,50,bramev,6,6,6,3,38,40,0.625271
optimistic,50,bramev,6,6,6,3,38,41,0.625271
optimistic,50,bramev,6,6,6,3,38,42,0.624799
optimistic,50,bramev,6,6,6,3,38,43,0.624374
optimistic,50,bramev,6,6,6,3,38,44,0.623646
optimistic,50,bramev,6,6,6,3,38,45,0.62299
optimistic,50,bramev,6,6,6,3,38,46,0.622702
optimistic,50,bramev,6,6,6,3,38,47,0.622443
optimistic,50,bramev,6,6,6,3,38,48,0.622393
optimistic,50,bramev,6,6,6,3,38,49,0.622347
optimistic,50,bramev,6,6,6,3,38,50,0.622307
optimistic,50,bramev,6,6,6,3,38,51,0.62227
optimistic,50,bramev,6,6,6,3,38,52,0.621956
optimistic,50,bramev,6,6,6,3,38,53,0.621674
optimistic,50,bramev,6,6,6,3,38,54,0.621665
optimistic,50,bramev,6,6,6,3,38,55,0.621641
optimistic,50,bramev,6,6,6,3,38,56,0.621633
optimistic,50,bramev,6,6,6,3,38,57,0.621448
optimistic,50,bramev,6,6,6,3,38,58,0.621281
optimistic,50,bramev,6,6,6,3,38,59,0.621281
optimistic,50,bramev,6,6,6,3,39,0,0.434893
optimistic,50,bramev,6,6,6,3,39,1,0.477579
optimistic,50,bramev,6,6,6,3,39,2,0.515997
optimistic,50,bramev,6,6,6,3,39,3,0.546867
optimistic,50,bramev,6,6,6,3,39,4,0.57465
optimistic,50,bramev,6,6,6,3,39,5,0.559942
optimistic,50,bramev,6,6,6,3,39,6,0.546706
optimistic,50,bramev,6,6,6,3,39,7,0.534793
optimistic,50,bramev,6,6,6,3,39,8,0.556417
optimistic,50,bramev,6,6,6,3,39,9,0.575879
optimistic,50,bramev,6,6,6,3,39,10,0.567195
optimistic,50,bramev,6,6,6,3,39,11,0.559379
optimistic,50,bramev,6,6,6,3,39,12,0.572774
optimistic,50,bramev,6,6,6,3,39,13,0.566443
optimistic,50,bramev,6,6,6,3,39,14,0.577294
optimistic,50,bramev,6,6,6,3,39,15,0.587059
optimistic,50,bramev,6,6,6,3,39,16,0.582444
optimistic,50,bramev,6,6,6,3,39,17,0.589506
optimistic,50,bramev,6,6,6,3,39,18,0.595861
optimistic,50,bramev,6,6,6,3,39,19,0.592497
optimistic,50,bramev,6,6,6,3,39,20,0.597645
optimistic,50,bramev,6,6,6,3,39,21,0.602278
optimistic,50,bramev,6,6,6,3,39,22,0.599826
optimistic,50,bramev,6,6,6,3,39,23,0.597618
optimistic,50,bramev,6,6,6,3,39,24,0.600996
optimistic,50,bramev,6,6,6,3,39,25,0.604036
optimistic,50,bramev,6,6,6,3,39,26,0.6071
optimistic,50,bramev,6,6,6,3,39,27,0.609858
optimistic,50,bramev,6,6,6,3,39,28,0.61234
optimistic,50,bramev,6,6,6,3,39,29,0.614574
optimistic,50,bramev,6,6,6,3,39,30,0.613519
optimistic,50,bramev,6,6,6,3,39,31,0.612568
optimistic,50,bramev,6,6,6,3,39,32,0.611713
optimistic,50,bramev,6,6,6,3,39,33,0.612048
optimistic,50,bramev,6,6,6,3,39,34,0.613225
optimistic,50,bramev,6,6,6,3,39,35,0.614285
optimistic,50,bramev,6,6,6,3,39,36,0.615239
optimistic,50,bramev,6,6,6,3,39,37,0.616201
optimistic,50,bramev,6,6,6,3,39,38,0.617067
optimistic,50,bramev,6,6,6,3,39,39,0.617846
optimistic,50,bramev,6,6,6,3,39,40,0.618588
optimistic,50,bramev,6,6,6,3,39,41,0.619256
optimistic,50,bramev,6,6,6,3,39,42,0.619386
optimistic,50,bramev,6,6,6,3,39,43,0.619503
optimistic,50,bramev,6,6,6,3,39,44,0.619261
optimistic,50,bramev,6,6,6,3,39,45,0.619044
optimistic,50,bramev,6,6,6,3,39,46,0.61915
optimistic,50,bramev,6,6,6,3,39,47,0.619247
optimistic,50,bramev,6,6,6,3,39,48,0.619516
optimistic,50,bramev,6,6,6,3,39,49,0.619758
optimistic,50,bramev,6,6,6,3,39,50,0.619977
optimistic,50,bramev,6,6,6,3,39,51,0.620173
optimistic,50,bramev,6,6,6,3,39,52,0.620069
optimistic,50,bramev,6,6,6,3,39,53,0.619976
optimistic,50,bramev,6,6,6,3,39,54,0.620136
optimistic,50,bramev,6,6,6,3,39,55,0.620265
optimistic,50,bramev,6,6,6,3,39,56,0.620395
optimistic,50,bramev,6,6,6,3,39,57,0.620333
optimistic,50,bramev,6,6,6,3,39,58,0.620278
optimistic,50,bramev,6,6,6,3,39,59,0.620378
