scenario,nb_cars,method,seed,world_seed,grid_seed,car_id,station_id,distance_km,waiting_time_min
pessimistic,250,load_aware,3,3,3,0,18,0.5906,0.0
pessimistic,250,load_aware,3,3,3,27,15,0.6003,0.0
pessimistic,250,load_aware,3,3,3,33,3,0.3422,5.0
pessimistic,250,load_aware,3,3,3,38,16,0.5506,0.0
pessimistic,250,load_aware,3,3,3,41,10,0.2731,0.0
pessimistic,250,load_aware,3,3,3,78,36,0.8735,0.0
pessimistic,250,load_aware,3,3,3,97,36,0.6394,0.0
pessimistic,250,load_aware,3,3,3,101,10,0.5877,0.0
pessimistic,250,load_aware,3,3,3,105,14,0.1672,0.0
pessimistic,250,load_aware,3,3,3,112,19,0.0996,0.0
pessimistic,250,load_aware,3,3,3,127,15,0.5113,0.0
pessimistic,250,load_aware,3,3,3,150,4,0.9421,20.0
pessimistic,250,load_aware,3,3,3,204,18,0.404,0.0
pessimistic,250,load_aware,3,3,3,205,27,0.1908,0.0
pessimistic,250,load_aware,3,3,3,221,30,0.3427,5.0
pessimistic,250,load_aware,3,3,3,227,19,0.1305,0.0
pessimistic,250,load_aware,3,3,3,38,39,0.2948,0.0
pessimistic,250,load_aware,3,3,3,41,10,0.2731,0.0
pessimistic,250,load_aware,3,3,3,75,11,0.5878,0.0
pessimistic,250,load_aware,3,3,3,150,34,0.9199,0.0
pessimistic,250,load_aware,3,3,3,180,34,0.9932,0.0
pessimistic,250,load_aware,3,3,3,221,34,0.7696,0.0
pessimistic,250,load_aware,3,3,3,241,11,0.7113,0.0
pessimistic,250,load_aware,3,3,3,126,7,0.8067,0.0
pessimistic,250,load_aware,3,3,3,150,30,0.3447,0.0
pessimistic,250,load_aware,3,3,3,97,24,0.5914,0.0
pessimistic,250,load_aware,3,3,3,97,24,0.5914,0.0
pessimistic,250,load_aware,3,3,3,165,5,0.9524,0.0
pessimistic,250,load_aware,3,3,3,205,5,0.8998,0.0
pessimistic,250,load_aware,3,3,3,109,20,0.9009,0.0
pessimistic,250,load_aware,3,3,3,150,36,0.8187,0.0
pessimistic,250,load_aware,3,3,3,165,7,0.8979,0.0
pessimistic,250,load_aware,3,3,3,124,1,0.0924,0.0
pessimistic,250,load_aware,3,3,3,205,5,0.8843,0.0
pessimistic,250,load_aware,3,3,3,199,34,0.9932,5.0
pessimistic,250,load_aware,3,3,3,106,27,0.3998,0.0
pessimistic,250,load_aware,3,3,3,155,30,0.1953,0.0
pessimistic,250,load_aware,3,3,3,215,30,0.3447,5.0
pessimistic,250,load_aware,3,3,3,106,13,0.5969,0.0
pessimistic,250,load_aware,3,3,3,8,13,0.8654,0.0
pessimistic,250,load_aware,3,3,3,210,27,0.0977,0.0
pessimistic,250,load_aware,3,3,3,2,17,0.7587,5.0
pessimistic,250,load_aware,3,3,3,8,17,0.7587,0.0
pessimistic,250,load_aware,3,3,3,79,13,0.863,0.0
pessimistic,250,load_aware,3,3,3,2,17,0.7587,0.0
pessimistic,250,load_aware,3,3,3,8,24,0.7278,5.0
pessimistic,250,load_aware,3,3,3,79,16,0.31,0.0
pessimistic,250,load_aware,3,3,3,8,24,0.7278,0.0
pessimistic,250,load_aware,3,3,3,32,10,0.4557,0.0
pessimistic,250,load_aware,3,3,3,148,3,0.438,0.0
pessimistic,250,load_aware,3,3,3,162,26,0.3977,0.0
pessimistic,250,load_aware,3,3,3,217,3,0.5086,0.0
pessimistic,250,load_aware,3,3,3,88,37,0.6748,0.0
pessimistic,250,load_aware,3,3,3,96,5,0.9369,0.0
pessimistic,250,load_aware,3,3,3,32,32,0.1977,0.0
pessimistic,250,load_aware,3,3,3,39,27,0.3338,5.0
pessimistic,250,load_aware,3,3,3,45,27,0.0848,0.0
pessimistic,250,load_aware,3,3,3,139,21,0.285,0.0
pessimistic,250,load_aware,3,3,3,226,27,0.3859,0.0
pessimistic,250,load_aware,3,3,3,226,33,0.3334,0.0
pessimistic,250,load_aware,3,3,3,57,11,0.5526,0.0
pessimistic,250,load_aware,3,3,3,206,22,0.7631,0.0
pessimistic,250,load_aware,3,3,3,184,22,0.9867,0.0
pessimistic,250,load_aware,3,3,3,213,13,0.9891,0.0
pessimistic,250,load_aware,3,3,3,15,31,0.77,0.0
pessimistic,250,load_aware,3,3,3,15,31,0.77,0.0
pessimistic,250,load_aware,3,3,3,235,10,0.4557,0.0
pessimistic,250,load_aware,3,3,3,144,35,0.3458,0.0
pessimistic,250,load_aware,3,3,3,172,14,0.7936,5.0
pessimistic,250,load_aware,3,3,3,190,12,0.1632,0.0
pessimistic,250,load_aware,3,3,3,43,38,0.9697,0.0
pessimistic,250,load_aware,3,3,3,149,0,0.5456,0.0
pessimistic,250,load_aware,3,3,3,18,16,0.7907,0.0
pessimistic,250,load_aware,3,3,3,31,25,0.405,0.0
pessimistic,250,load_aware,3,3,3,31,9,0.4264,0.0
pessimistic,250,load_aware,3,3,3,104,15,0.3662,0.0
pessimistic,250,load_aware,3,3,3,149,2,0.6481,0.0
pessimistic,250,load_aware,3,3,3,181,36,0.8163,0.0
pessimistic,250,load_aware,3,3,3,190,25,0.3534,0.0
pessimistic,250,load_aware,3,3,3,15,13,0.7339,5.0
pessimistic,250,load_aware,3,3,3,18,31,0.7409,0.0
pessimistic,250,load_aware,3,3,3,61,5,0.9629,0.0
pessimistic,250,load_aware,3,3,3,92,15,0.9752,0.0
pessimistic,250,load_aware,3,3,3,181,36,0.3833,0.0
pessimistic,250,load_aware,3,3,3,15,39,0.5575,0.0
pessimistic,250,load_aware,3,3,3,31,33,0.5757,0.0
pessimistic,250,load_aware,3,3,3,181,36,0.4175,0.0
pessimistic,250,load_aware,3,3,3,15,13,0.7242,5.0
pessimistic,250,load_aware,3,3,3,115,11,0.7113,0.0
pessimistic,250,load_aware,3,3,3,15,0,0.7982,0.0
pessimistic,250,load_aware,3,3,3,37,39,0.2948,5.0
pessimistic,250,load_aware,3,3,3,166,39,0.2948,5.0
pessimistic,250,load_aware,3,3,3,185,39,0.2948,0.0
pessimistic,250,load_aware,3,3,3,203,3,0.7051,5.0
pessimistic,250,load_aware,3,3,3,61,5,0.4974,0.0
pessimistic,250,load_aware,3,3,3,218,28,0.8538,0.0
pessimistic,250,load_aware,3,3,3,75,16,0.9547,0.0
pessimistic,250,load_aware,3,3,3,218,9,0.4185,0.0
pessimistic,250,load_aware,3,3,3,113,34,0.459,0.0
pessimistic,250,load_aware,3,3,3,176,5,0.9014,0.0
pessimistic,250,load_aware,3,3,3,166,32,0.8368,0.0
pessimistic,250,load_aware,3,3,3,31,7,0.8524,0.0
pessimistic,250,load_aware,3,3,3,166,15,0.8483,5.0
pessimistic,250,load_aware,3,3,3,85,27,0.3338,0.0
pessimistic,250,load_aware,3,3,3,111,10,0.4557,5.0
pessimistic,250,load_aware,3,3,3,67,30,0.1093,0.0
pessimistic,250,load_aware,3,3,3,85,27,0.3338,0.0
pessimistic,250,load_aware,3,3,3,113,33,0.5876,0.0
pessimistic,250,load_aware,3,3,3,113,33,0.5876,5.0
pessimistic,250,load_aware,3,3,3,182,8,0.2189,0.0
pessimistic,250,load_aware,3,3,3,17,34,0.4869,0.0
pessimistic,250,load_aware,3,3,3,20,29,0.801,0.0
pessimistic,250,load_aware,3,3,3,108,26,0.3384,0.0
pessimistic,250,load_aware,3,3,3,182,1,0.5231,0.0
pessimistic,250,load_aware,3,3,3,17,34,0.9932,0.0
pessimistic,250,load_aware,3,3,3,36,18,0.8366,0.0
pessimistic,250,load_aware,3,3,3,129,34,0.5127,0.0
pessimistic,250,load_aware,3,3,3,219,13,0.5212,0.0
pessimistic,250,load_aware,3,3,3,240,38,0.8638,5.0
pessimistic,250,load_aware,3,3,3,95,14,0.4542,5.0
pessimistic,250,load_aware,3,3,3,95,14,0.9425,5.0
pessimistic,250,load_aware,3,3,3,113,33,0.5691,0.0
pessimistic,250,load_aware,3,3,3,95,14,0.9428,0.0
pessimistic,250,load_aware,3,3,3,101,27,0.3338,0.0
pessimistic,250,load_aware,3,3,3,245,15,0.9752,0.0
pessimistic,250,load_aware,3,3,3,60,35,0.3851,0.0
pessimistic,250,load_aware,3,3,3,113,36,0.1783,0.0
pessimistic,250,load_aware,3,3,3,25,24,0.7278,5.0
pessimistic,250,load_aware,3,3,3,93,24,0.7278,5.0
pessimistic,250,load_aware,3,3,3,177,22,0.9649,0.0
pessimistic,250,load_aware,3,3,3,141,22,0.9692,0.0
pessimistic,250,load_aware,3,3,3,177,20,0.6081,0.0
pessimistic,250,load_aware,3,3,3,231,2,0.9,0.0
pessimistic,250,load_aware,3,3,3,236,32,0.7316,5.0
pessimistic,250,load_aware,3,3,3,154,3,0.766,0.0
pessimistic,250,load_aware,3,3,3,113,32,0.9507,0.0
pessimistic,250,load_aware,3,3,3,126,19,0.7084,0.0
pessimistic,250,load_aware,3,3,3,154,36,0.5845,0.0
pessimistic,250,load_aware,3,3,3,12,34,0.9932,5.0
pessimistic,250,load_aware,3,3,3,13,3,0.8339,0.0
pessimistic,250,load_aware,3,3,3,30,13,0.9376,5.0
pessimistic,250,load_aware,3,3,3,90,15,0.9752,0.0
pessimistic,250,load_aware,3,3,3,94,18,0.458,0.0
pessimistic,250,load_aware,3,3,3,249,13,0.6704,0.0
pessimistic,250,load_aware,3,3,3,25,16,0.5502,0.0
pessimistic,250,load_aware,3,3,3,132,38,0.9302,0.0
pessimistic,250,load_aware,3,3,3,147,4,0.3083,0.0
pessimistic,250,load_aware,3,3,3,132,5,0.8522,0.0
pessimistic,250,load_aware,3,3,3,167,10,0.4557,0.0
pessimistic,250,load_aware,3,3,3,159,24,0.7278,0.0
pessimistic,250,load_aware,3,3,3,8,8,0.7677,0.0
pessimistic,250,load_aware,3,3,3,7,17,0.7587,0.0
pessimistic,250,load_aware,3,3,3,8,20,0.9829,0.0
pessimistic,250,load_aware,3,3,3,143,11,0.7113,0.0
pessimistic,250,load_aware,3,3,3,194,30,0.2484,0.0
pessimistic,250,load_aware,3,3,3,132,34,0.3783,0.0
pessimistic,250,load_aware,3,3,3,194,30,0.2845,0.0
pessimistic,250,load_aware,3,3,3,194,12,0.9794,0.0
pessimistic,250,load_aware,3,3,3,54,5,0.9069,0.0
pessimistic,250,load_aware,3,3,3,194,16,0.1146,0.0
pessimistic,250,load_aware,3,3,3,54,29,0.96,0.0
pessimistic,250,load_aware,3,3,3,54,22,0.4972,0.0
pessimistic,250,load_aware,3,3,3,169,22,0.4854,0.0
pessimistic,250,load_aware,3,3,3,81,8,0.9458,0.0
pessimistic,250,load_aware,3,3,3,103,10,0.3513,5.0
pessimistic,250,load_aware,3,3,3,132,34,0.919,5.0
pessimistic,250,load_aware,3,3,3,194,13,0.9121,0.0
pessimistic,250,load_aware,3,3,3,29,13,0.9717,5.0
pessimistic,250,load_aware,3,3,3,86,5,0.9672,0.0
pessimistic,250,load_aware,3,3,3,84,16,0.36,5.0
pessimistic,250,load_aware,3,3,3,86,5,0.7617,0.0
pessimistic,250,load_aware,3,3,3,220,34,0.9932,5.0
pessimistic,250,load_aware,3,3,3,226,34,0.9932,0.0
pessimistic,250,load_aware,3,3,3,103,10,0.2171,5.0
pessimistic,250,load_aware,3,3,3,122,10,0.4145,5.0
pessimistic,250,load_aware,3,3,3,169,26,0.8385,0.0
pessimistic,250,load_aware,3,3,3,212,36,0.3872,0.0
pessimistic,250,load_aware,3,3,3,230,15,0.9752,30.0
pessimistic,250,load_aware,3,3,3,56,17,0.7587,5.0
pessimistic,250,load_aware,3,3,3,132,37,0.7794,0.0
pessimistic,250,load_aware,3,3,3,86,13,0.8744,0.0
pessimistic,250,load_aware,3,3,3,186,10,0.4557,40.0
pessimistic,250,load_aware,3,3,3,69,34,0.9932,0.0
pessimistic,250,load_aware,3,3,3,186,5,0.7343,0.0
pessimistic,250,load_aware,3,3,3,246,34,0.9932,0.0
pessimistic,250,load_aware,3,3,3,51,15,0.9752,75.0
pessimistic,250,load_aware,3,3,3,132,9,0.9771,0.0
pessimistic,250,load_aware,3,3,3,186,3,0.8421,0.0
pessimistic,250,load_aware,3,3,3,62,36,0.836,5.0
pessimistic,250,load_aware,3,3,3,69,15,0.9752,75.0
pessimistic,250,load_aware,3,3,3,89,36,0.1666,0.0
pessimistic,250,load_aware,3,3,3,123,10,0.4557,55.0
pessimistic,250,load_aware,3,3,3,229,12,0.7146,0.0
pessimistic,250,load_aware,3,3,3,36,7,0.6784,0.0
pessimistic,250,load_aware,3,3,3,103,5,0.9384,0.0
pessimistic,250,load_aware,3,3,3,123,10,0.4557,0.0
pessimistic,250,load_aware,3,3,3,140,26,0.6038,0.0
pessimistic,250,load_aware,3,3,3,169,21,0.1185,0.0
pessimistic,250,load_aware,3,3,3,175,15,0.9752,5.0
pessimistic,250,load_aware,3,3,3,103,22,0.9986,0.0
pessimistic,250,load_aware,3,3,3,34,17,0.6722,10.0
pessimistic,250,load_aware,3,3,3,56,17,0.6719,85.0
pessimistic,250,load_aware,3,3,3,72,14,0.4507,0.0
pessimistic,250,load_aware,3,3,3,89,15,0.8149,0.0
pessimistic,250,load_aware,3,3,3,229,4,0.8588,0.0
pessimistic,250,load_aware,3,3,3,89,7,0.7359,0.0
pessimistic,250,load_aware,3,3,3,98,11,0.7113,5.0
pessimistic,250,load_aware,3,3,3,99,5,0.902,0.0
pessimistic,250,load_aware,3,3,3,117,26,0.9556,0.0
pessimistic,250,load_aware,3,3,3,123,10,0.4172,0.0
pessimistic,250,load_aware,3,3,3,71,18,0.458,0.0
pessimistic,250,load_aware,3,3,3,103,22,0.9624,0.0
pessimistic,250,load_aware,3,3,3,5,36,0.4374,5.0
pessimistic,250,load_aware,3,3,3,71,10,0.4557,0.0
pessimistic,250,load_aware,3,3,3,229,4,0.2819,0.0
pessimistic,250,load_aware,3,3,3,157,17,0.7202,5.0
pessimistic,250,load_aware,3,3,3,234,35,0.8374,0.0
pessimistic,250,load_aware,3,3,3,244,18,0.458,0.0
pessimistic,250,load_aware,3,3,3,34,38,0.8268,0.0
pessimistic,250,load_aware,3,3,3,85,3,0.173,5.0
pessimistic,250,load_aware,3,3,3,243,17,0.7587,0.0
pessimistic,250,load_aware,3,3,3,134,4,0.9445,5.0
pessimistic,250,load_aware,3,3,3,163,24,0.6342,0.0
pessimistic,250,load_aware,3,3,3,50,2,0.7363,0.0
pessimistic,250,load_aware,3,3,3,183,38,0.7563,0.0
pessimistic,250,load_aware,3,3,3,4,15,0.9752,0.0
pessimistic,250,load_aware,3,3,3,5,33,0.5729,0.0
pessimistic,250,load_aware,3,3,3,21,15,0.9752,5.0
pessimistic,250,load_aware,3,3,3,243,12,0.7828,0.0
pessimistic,250,load_aware,3,3,3,244,30,0.3507,0.0
pessimistic,250,load_aware,3,3,3,46,28,0.4396,0.0
pessimistic,250,load_aware,3,3,3,50,2,0.7363,0.0
pessimistic,250,load_aware,3,3,3,157,23,0.549,0.0
pessimistic,250,load_aware,3,3,3,167,19,0.352,0.0
pessimistic,250,load_aware,3,3,3,168,26,0.6453,0.0
pessimistic,250,load_aware,3,3,3,64,36,0.6778,5.0
pessimistic,250,load_aware,3,3,3,121,17,0.6498,0.0
pessimistic,250,load_aware,3,3,3,100,34,0.923,10.0
pessimistic,250,load_aware,3,3,3,167,19,0.7029,0.0
pessimistic,250,load_aware,3,3,3,188,15,0.9752,5.0
pessimistic,250,load_aware,3,3,3,238,24,0.7037,0.0
pessimistic,250,load_aware,3,3,3,161,36,0.3738,20.0
pessimistic,250,load_aware,3,3,3,188,36,0.9902,0.0
pessimistic,250,load_aware,3,3,3,200,18,0.458,0.0
pessimistic,250,load_aware,3,3,3,47,7,0.7127,0.0
pessimistic,250,load_aware,3,3,3,58,35,0.7764,0.0
pessimistic,250,load_aware,3,3,3,107,15,0.8524,0.0
pessimistic,250,load_aware,3,3,3,170,7,0.6845,5.0
pessimistic,250,load_aware,3,3,3,196,36,0.3383,0.0
pessimistic,250,load_aware,3,3,3,200,18,0.458,0.0
pessimistic,250,load_aware,3,3,3,242,17,0.7587,0.0
pessimistic,250,load_aware,3,3,3,47,5,0.956,0.0
pessimistic,250,load_aware,3,3,3,107,32,0.9816,0.0
pessimistic,250,load_aware,3,3,3,178,16,0.6974,0.0
pessimistic,250,load_aware,3,3,3,233,15,0.9752,5.0
pessimistic,250,load_aware,3,3,3,245,15,0.9752,45.0
pessimistic,250,load_aware,3,3,3,107,17,0.7587,0.0
pessimistic,250,load_aware,3,3,3,233,34,0.9932,0.0
pessimistic,250,load_aware,3,3,3,242,13,0.7444,0.0
pessimistic,250,load_aware,3,3,3,22,0,0.8068,0.0
pessimistic,250,load_aware,3,3,3,49,17,0.4208,65.0
pessimistic,250,load_aware,3,3,3,64,3,0.5449,0.0
pessimistic,250,load_aware,3,3,3,107,17,0.7587,35.0
pessimistic,250,load_aware,3,3,3,107,10,0.4557,50.0
pessimistic,250,load_aware,3,3,3,10,17,0.7587,5.0
pessimistic,250,load_aware,3,3,3,196,36,0.8209,0.0
pessimistic,250,load_aware,3,3,3,22,31,1.0429,5.0
pessimistic,250,load_aware,3,3,3,118,27,0.3338,0.0
pessimistic,250,load_aware,3,3,3,161,32,0.9507,0.0
pessimistic,250,load_aware,3,3,3,174,14,0.849,0.0
pessimistic,250,load_aware,3,3,3,198,31,0.5944,0.0
pessimistic,250,load_aware,3,3,3,239,1,0.4351,0.0
pessimistic,250,load_aware,3,3,3,118,15,0.843,75.0
pessimistic,250,load_aware,3,3,3,161,16,0.9729,0.0
pessimistic,250,load_aware,3,3,3,178,32,0.96,0.0
pessimistic,250,load_aware,3,3,3,158,15,0.9752,65.0
pessimistic,250,load_aware,3,3,3,214,10,0.4557,15.0
pessimistic,250,load_aware,3,3,3,242,13,0.8445,0.0
pessimistic,250,load_aware,3,3,3,107,13,0.8408,0.0
pessimistic,250,load_aware,3,3,3,242,7,0.7675,0.0
pessimistic,250,load_aware,3,3,3,102,36,0.4719,0.0
pessimistic,250,load_aware,3,3,3,145,29,0.7795,5.0
pessimistic,250,load_aware,3,3,3,49,13,0.7444,5.0
pessimistic,250,load_aware,3,3,3,125,4,0.282,0.0
pessimistic,250,load_aware,3,3,3,222,12,0.892,5.0
pessimistic,250,load_aware,3,3,3,26,22,0.9625,0.0
pessimistic,250,load_aware,3,3,3,248,39,0.2972,0.0
pessimistic,250,load_aware,3,3,3,16,3,0.5909,20.0
pessimistic,250,load_aware,3,3,3,26,35,0.36,0.0
pessimistic,250,load_aware,3,3,3,49,32,0.948,0.0
pessimistic,250,load_aware,3,3,3,214,38,0.8002,0.0
pessimistic,250,load_aware,3,3,3,44,18,0.458,0.0
pessimistic,250,load_aware,3,3,3,52,2,0.8258,0.0
pessimistic,250,load_aware,3,3,3,146,17,0.7587,0.0
pessimistic,250,load_aware,3,3,3,236,13,0.8536,5.0
pessimistic,250,load_aware,3,3,3,44,18,0.458,0.0
pessimistic,250,load_aware,3,3,3,66,19,0.7084,0.0
pessimistic,250,load_aware,3,3,3,114,36,0.4572,85.0
pessimistic,250,load_aware,3,3,3,128,13,0.8724,5.0
pessimistic,250,load_aware,3,3,3,236,13,0.8536,5.0
pessimistic,250,load_aware,3,3,3,248,13,0.7649,0.0
pessimistic,250,load_aware,3,3,3,48,5,0.8197,0.0
pessimistic,250,load_aware,3,3,3,53,15,0.9628,30.0
pessimistic,250,load_aware,3,3,3,125,4,0.282,0.0
pessimistic,250,load_aware,3,3,3,187,11,0.7113,0.0
pessimistic,250,load_aware,3,3,3,65,33,0.6198,0.0
pessimistic,250,load_aware,3,3,3,160,34,0.9445,10.0
pessimistic,250,load_aware,3,3,3,214,10,0.6249,0.0
pessimistic,250,load_aware,3,3,3,44,18,0.2344,0.0
pessimistic,250,load_aware,3,3,3,48,21,0.9922,0.0
pessimistic,250,load_aware,3,3,3,53,5,0.8296,0.0
pessimistic,250,load_aware,3,3,3,120,2,0.6823,0.0
pessimistic,250,load_aware,3,3,3,208,18,0.458,0.0
pessimistic,250,load_aware,3,3,3,236,10,0.683,90.0
pessimistic,250,load_aware,3,3,3,237,3,0.5003,30.0
pessimistic,250,load_aware,3,3,3,6,17,0.7587,0.0
pessimistic,250,load_aware,3,3,3,237,34,0.3892,5.0
pessimistic,250,load_aware,3,3,3,152,17,0.7587,0.0
pessimistic,250,load_aware,3,3,3,237,34,0.3892,0.0
pessimistic,250,load_aware,3,3,3,68,17,0.7587,35.0
pessimistic,250,load_aware,3,3,3,116,16,0.8265,0.0
pessimistic,250,load_aware,3,3,3,152,17,0.7249,0.0
pessimistic,250,load_aware,3,3,3,36,13,0.8502,0.0
pessimistic,250,load_aware,3,3,3,192,10,0.4557,20.0
pessimistic,250,load_aware,3,3,3,135,27,0.3338,5.0
pessimistic,250,load_aware,3,3,3,208,18,0.3935,0.0
pessimistic,250,load_aware,3,3,3,11,13,0.938,0.0
pessimistic,250,load_aware,3,3,3,208,18,0.3935,0.0
pessimistic,250,load_aware,3,3,3,232,19,0.7084,0.0
pessimistic,250,load_aware,3,3,3,6,14,0.6941,0.0
pessimistic,250,load_aware,3,3,3,208,4,0.9342,0.0
pessimistic,250,load_aware,3,3,3,42,15,0.9752,0.0
pessimistic,250,load_aware,3,3,3,136,32,0.9441,0.0
pessimistic,250,load_aware,3,3,3,216,26,0.7698,0.0
pessimistic,250,load_aware,3,3,3,42,15,0.9752,0.0
pessimistic,250,load_aware,3,3,3,180,9,0.3933,0.0
pessimistic,250,load_aware,3,3,3,11,17,0.7679,0.0
pessimistic,250,load_aware,3,3,3,63,15,0.9752,5.0
pessimistic,250,load_aware,3,3,3,68,26,0.7068,0.0
pessimistic,250,load_aware,3,3,3,151,4,0.4193,0.0
pessimistic,250,load_aware,3,3,3,195,17,0.7587,5.0
pessimistic,250,load_aware,3,3,3,208,4,0.1451,0.0
pessimistic,250,load_aware,3,3,3,135,15,0.9663,0.0
pessimistic,250,load_aware,3,3,3,136,2,0.7668,5.0
pessimistic,250,load_aware,3,3,3,138,30,0.3447,10.0
pessimistic,250,load_aware,3,3,3,151,32,0.6984,0.0
pessimistic,250,load_aware,3,3,3,193,27,0.3338,0.0
pessimistic,250,load_aware,3,3,3,207,2,0.6086,5.0
pessimistic,250,load_aware,3,3,3,42,15,0.9752,0.0
pessimistic,250,load_aware,3,3,3,138,32,0.95,0.0
pessimistic,250,load_aware,3,3,3,193,33,0.9223,5.0
pessimistic,250,load_aware,3,3,3,24,36,0.1284,0.0
pessimistic,250,load_aware,3,3,3,135,29,0.8425,0.0
pessimistic,250,load_aware,3,3,3,74,11,0.7113,0.0
pessimistic,250,load_aware,3,3,3,119,30,0.3447,0.0
pessimistic,250,load_aware,3,3,3,131,36,0.9561,0.0
pessimistic,250,load_aware,3,3,3,193,19,0.1601,5.0
pessimistic,250,load_aware,3,3,3,208,4,0.2819,0.0
pessimistic,250,load_aware,3,3,3,77,34,0.9932,0.0
pessimistic,250,load_aware,3,3,3,227,7,0.9769,0.0
pessimistic,250,load_aware,3,3,3,119,31,0.8502,0.0
pessimistic,250,load_aware,3,3,3,138,32,0.9126,0.0
pessimistic,250,load_aware,3,3,3,189,35,0.4018,0.0
pessimistic,250,load_aware,3,3,3,70,38,0.7406,0.0
pessimistic,250,load_aware,3,3,3,23,22,0.9941,0.0
pessimistic,250,load_aware,3,3,3,70,33,0.7638,0.0
pessimistic,250,load_aware,3,3,3,131,15,0.8149,0.0
pessimistic,250,load_aware,3,3,3,135,33,0.6733,5.0
pessimistic,250,load_aware,3,3,3,153,10,0.4557,25.0
pessimistic,250,load_aware,3,3,3,70,36,0.58,0.0
pessimistic,250,load_aware,3,3,3,131,36,0.4437,5.0
pessimistic,250,load_aware,3,3,3,9,27,0.3338,0.0
pessimistic,250,load_aware,3,3,3,110,3,0.4967,0.0
pessimistic,250,load_aware,3,3,3,173,5,0.9483,0.0
pessimistic,250,load_aware,3,3,3,209,27,0.3338,0.0
pessimistic,250,load_aware,3,3,3,228,14,0.7659,0.0
pessimistic,250,load_aware,3,3,3,173,5,0.9483,0.0
pessimistic,250,load_aware,3,3,3,225,29,0.8727,0.0
pessimistic,250,load_aware,3,3,3,87,19,0.4232,5.0
pessimistic,250,load_aware,3,3,3,91,15,0.9752,0.0
pessimistic,250,load_aware,3,3,3,175,30,0.3447,5.0
pessimistic,250,load_aware,3,3,3,217,30,0.3447,0.0
pessimistic,250,load_aware,3,3,3,69,3,0.4544,25.0
pessimistic,250,load_aware,3,3,3,78,11,0.7113,0.0
pessimistic,250,load_aware,3,3,3,87,11,0.5806,0.0
pessimistic,250,load_aware,3,3,3,69,15,0.9752,0.0
pessimistic,250,load_aware,3,3,3,87,29,0.8812,0.0
pessimistic,250,load_aware,3,3,3,3,17,0.7587,40.0
pessimistic,250,load_aware,3,3,3,49,10,0.4557,35.0
pessimistic,250,load_aware,3,3,3,118,5,0.9495,0.0
pessimistic,250,load_aware,3,3,3,201,4,0.3083,0.0
pessimistic,250,load_aware,3,3,3,201,32,0.9186,0.0
pessimistic,250,load_aware,3,3,3,48,3,0.4402,0.0
pessimistic,250,load_aware,3,3,3,158,10,0.4428,5.0
pessimistic,250,load_aware,3,3,3,139,29,0.8617,5.0
pessimistic,250,load_aware,3,3,3,163,4,0.3083,0.0
pessimistic,250,load_aware,3,3,3,221,11,0.7113,5.0
pessimistic,250,load_aware,3,3,3,48,35,0.8859,0.0
pessimistic,250,load_aware,3,3,3,191,11,0.7113,0.0
pessimistic,250,load_aware,3,3,3,201,1,0.761,0.0
pessimistic,250,load_aware,3,3,3,221,5,0.8315,0.0
pessimistic,250,load_aware,3,3,3,158,12,0.9649,0.0
pessimistic,250,load_aware,3,3,3,191,5,0.8603,0.0
pessimistic,250,load_aware,3,3,3,202,13,0.9311,0.0
pessimistic,250,load_aware,3,3,3,221,28,0.2549,0.0
pessimistic,250,load_aware,3,3,3,59,18,0.9324,0.0
pessimistic,250,load_aware,3,3,3,139,7,0.8397,5.0
pessimistic,250,load_aware,3,3,3,163,3,0.5337,0.0
pessimistic,250,load_aware,3,3,3,139,7,0.8397,0.0
pessimistic,250,load_aware,3,3,3,221,32,0.9075,0.0
pessimistic,250,load_aware,3,3,3,17,34,0.5841,0.0
pessimistic,250,load_aware,3,3,3,0,23,0.9212,0.0
pessimistic,250,load_aware,3,3,3,80,10,0.2579,0.0
pessimistic,250,load_aware,3,3,3,164,36,0.3114,0.0
pessimistic,250,load_aware,3,3,3,142,11,0.9795,5.0
pessimistic,250,load_aware,3,3,3,1,39,0.2948,0.0
pessimistic,250,load_aware,3,3,3,35,34,0.4127,0.0
pessimistic,250,load_aware,3,3,3,197,34,0.9932,0.0
pessimistic,250,load_aware,3,3,3,14,15,0.9752,0.0
pessimistic,250,load_aware,3,3,3,6,18,0.6552,0.0
pessimistic,250,load_aware,3,3,3,127,38,0.8351,0.0
pessimistic,250,load_aware,3,3,3,24,24,0.7278,0.0
pessimistic,250,load_aware,3,3,3,33,23,0.2471,0.0
pessimistic,250,load_aware,3,3,3,43,27,0.3338,0.0
pessimistic,250,load_aware,3,3,3,38,5,0.9928,0.0
pessimistic,250,load_aware,3,3,3,171,4,0.4773,5.0
pessimistic,250,load_aware,3,3,3,130,9,0.7011,0.0
pessimistic,250,load_aware,3,3,3,1,39,0.0548,0.0
pessimistic,250,load_aware,3,3,3,76,3,0.8191,0.0
pessimistic,250,load_aware,3,3,3,171,13,0.917,0.0
pessimistic,250,load_aware,3,3,3,223,16,0.2933,0.0
pessimistic,250,load_aware,3,3,3,171,14,0.3494,0.0
pessimistic,250,load_aware,3,3,3,223,10,0.4557,0.0
pessimistic,250,load_aware,3,3,3,78,33,0.9256,0.0
pessimistic,250,load_aware,3,3,3,156,13,0.8451,0.0
pessimistic,250,load_aware,3,3,3,76,16,0.7328,0.0
pessimistic,250,load_aware,3,3,3,1,0,0.9823,0.0
pessimistic,250,load_aware,3,3,3,32,35,0.3575,5.0
pessimistic,250,load_aware,3,3,3,52,22,0.9635,0.0
pessimistic,250,load_aware,3,3,3,130,35,0.5895,0.0
pessimistic,250,load_aware,3,3,3,235,2,0.5904,5.0
pessimistic,250,load_aware,3,3,3,119,17,0.7587,5.0
pessimistic,250,load_aware,3,3,3,226,17,0.7587,5.0
pessimistic,250,load_aware,3,3,3,52,3,0.4493,0.0
pessimistic,250,load_aware,3,3,3,211,39,0.2948,0.0
pessimistic,250,load_aware,3,3,3,198,34,0.9932,0.0
pessimistic,250,load_aware,3,3,3,198,34,0.9932,0.0
pessimistic,250,load_aware,3,3,3,82,5,0.8936,5.0
pessimistic,250,load_aware,3,3,3,193,24,0.7278,5.0
pessimistic,250,load_aware,3,3,3,49,11,0.7113,0.0
pessimistic,250,load_aware,3,3,3,118,15,0.9752,0.0
pessimistic,250,load_aware,3,3,3,49,15,0.9752,0.0
pessimistic,250,load_aware,3,3,3,104,10,0.355,0.0
pessimistic,250,load_aware,3,3,3,225,11,0.7113,0.0
pessimistic,250,load_aware,3,3,3,191,3,0.733,0.0
pessimistic,250,load_aware,3,3,3,221,26,0.8665,0.0
pessimistic,250,load_aware,3,3,3,241,10,0.4557,5.0
pessimistic,250,load_aware,3,3,3,0,15,0.7372,0.0
pessimistic,250,load_aware,3,3,3,51,18,0.458,5.0
pessimistic,250,load_aware,3,3,3,28,10,0.4557,5.0
pessimistic,250,load_aware,3,3,3,97,32,0.9329,0.0
pessimistic,250,load_aware,3,3,3,27,29,0.7906,0.0
pessimistic,250,load_aware,3,3,3,56,7,0.6809,0.0
pessimistic,250,load_aware,3,3,3,162,16,0.7398,0.0
pessimistic,250,load_aware,3,3,3,162,2,0.767,0.0
pessimistic,250,load_aware,3,3,3,144,30,0.3447,0.0
pessimistic,250,load_aware,3,3,3,25,16,0.0814,0.0
pessimistic,250,load_aware,3,3,3,51,12,0.9733,0.0
pessimistic,250,load_aware,3,3,3,55,13,0.9872,5.0
pessimistic,250,load_aware,3,3,3,56,36,0.4858,0.0
pessimistic,250,load_aware,3,3,3,25,13,0.944,0.0
pessimistic,250,load_aware,3,3,3,56,18,0.458,5.0
pessimistic,250,load_aware,3,3,3,25,17,0.7587,0.0
pessimistic,250,load_aware,3,3,3,56,18,0.458,0.0
pessimistic,250,load_aware,3,3,3,25,16,0.8701,0.0
pessimistic,250,load_aware,3,3,3,40,13,0.8567,0.0
pessimistic,250,load_aware,3,3,3,51,26,0.418,0.0
pessimistic,250,load_aware,3,3,3,40,33,0.184,0.0
pessimistic,250,load_aware,3,3,3,47,37,0.6826,0.0
pessimistic,250,load_aware,3,3,3,151,14,0.7616,5.0
pessimistic,250,load_aware,3,3,3,47,37,0.6633,0.0
pessimistic,250,load_aware,3,3,3,148,34,0.9106,0.0
pessimistic,250,load_aware,3,3,3,224,13,0.9163,0.0
pessimistic,250,load_aware,3,3,3,2,37,0.9894,0.0
pessimistic,250,load_aware,3,3,3,2,19,0.7084,0.0
pessimistic,250,load_aware,3,3,3,78,15,0.9752,5.0
pessimistic,250,load_aware,3,3,3,2,34,0.919,0.0
pessimistic,250,load_aware,3,3,3,106,10,0.4557,0.0
pessimistic,250,load_aware,3,3,3,112,2,0.7429,0.0
pessimistic,250,load_aware,3,3,3,161,11,0.7113,0.0
pessimistic,250,load_aware,3,3,3,18,15,0.9752,0.0
pessimistic,250,load_aware,3,3,3,210,13,0.9897,5.0
pessimistic,250,load_aware,3,3,3,83,4,0.3083,5.0
pessimistic,250,load_aware,3,3,3,111,7,0.678,0.0
pessimistic,250,load_aware,3,3,3,121,27,0.3102,0.0
pessimistic,250,load_aware,3,3,3,83,32,0.983,0.0
pessimistic,250,load_aware,3,3,3,83,4,0.3083,0.0
pessimistic,250,load_aware,3,3,3,173,22,0.7903,0.0
pessimistic,250,load_aware,3,3,3,79,10,0.4557,5.0
pessimistic,250,load_aware,3,3,3,109,29,0.8178,0.0
pessimistic,250,load_aware,3,3,3,80,36,0.68,0.0
pessimistic,250,load_aware,3,3,3,173,36,0.2366,0.0
pessimistic,250,load_aware,3,3,3,121,12,0.9872,0.0
pessimistic,250,load_aware,3,3,3,14,32,0.8253,0.0
pessimistic,250,load_aware,3,3,3,79,26,0.9351,0.0
pessimistic,250,load_aware,3,3,3,109,29,0.7054,0.0
pessimistic,250,load_aware,3,3,3,115,11,0.6842,0.0
pessimistic,250,load_aware,3,3,3,115,37,0.4524,0.0
pessimistic,250,load_aware,3,3,3,205,10,0.4557,5.0
pessimistic,250,load_aware,3,3,3,174,11,0.4722,5.0
pessimistic,250,load_aware,3,3,3,247,17,0.7587,0.0
pessimistic,250,load_aware,3,3,3,221,34,0.9932,5.0
pessimistic,250,load_aware,3,3,3,247,17,0.7587,5.0
pessimistic,250,load_aware,3,3,3,96,5,0.8313,0.0
pessimistic,250,load_aware,3,3,3,221,34,0.9932,5.0
pessimistic,250,load_aware,3,3,3,96,10,0.4557,0.0
pessimistic,250,load_aware,3,3,3,236,22,0.9747,0.0
pessimistic,250,load_aware,3,3,3,108,18,0.458,0.0
pessimistic,250,load_aware,3,3,3,2,31,0.1123,0.0
pessimistic,250,load_aware,3,3,3,41,15,0.9752,0.0
pessimistic,250,load_aware,3,3,3,108,18,0.458,0.0
pessimistic,250,load_aware,3,3,3,108,18,0.2344,0.0
pessimistic,250,load_aware,3,3,3,225,1,0.3006,0.0
pessimistic,250,load_aware,3,3,3,155,10,0.4557,0.0
pessimistic,250,load_aware,3,3,3,191,6,0.9572,0.0
pessimistic,250,load_aware,3,3,3,41,3,0.9501,0.0
pessimistic,250,load_aware,3,3,3,41,3,0.5212,0.0
pessimistic,250,load_aware,3,3,3,108,18,0.3935,0.0
pessimistic,250,load_aware,3,3,3,41,30,0.3447,0.0
pessimistic,250,load_aware,3,3,3,111,17,0.7587,0.0
pessimistic,250,load_aware,3,3,3,204,17,0.7587,0.0
pessimistic,250,load_aware,3,3,3,207,3,0.2959,0.0
pessimistic,250,load_aware,3,3,3,240,34,0.9932,0.0
pessimistic,250,load_aware,3,3,3,54,26,0.5417,0.0
pessimistic,250,load_aware,3,3,3,54,33,0.5692,0.0
pessimistic,250,load_aware,3,3,3,181,16,0.7152,0.0
pessimistic,250,load_aware,3,3,3,219,10,0.4557,5.0
pessimistic,250,load_aware,3,3,3,172,24,0.5763,0.0
pessimistic,250,load_aware,3,3,3,184,24,0.3778,0.0
pessimistic,250,load_aware,3,3,3,219,13,0.8454,0.0
pessimistic,250,load_aware,3,3,3,92,38,0.8501,0.0
pessimistic,250,load_aware,3,3,3,219,13,0.8454,0.0
pessimistic,250,load_aware,3,3,3,92,2,0.6064,0.0
pessimistic,250,load_aware,3,3,3,102,4,0.3083,0.0
pessimistic,250,load_aware,3,3,3,166,11,0.5022,0.0
pessimistic,250,load_aware,3,3,3,166,11,0.528,0.0
pessimistic,250,load_aware,3,3,3,172,3,0.939,0.0
pessimistic,250,load_aware,3,3,3,245,3,0.467,0.0
pessimistic,250,load_aware,3,3,3,83,19,0.7084,0.0
pessimistic,250,load_aware,3,3,3,165,36,0.9438,0.0
pessimistic,250,load_aware,3,3,3,5,10,0.4557,5.0
pessimistic,250,load_aware,3,3,3,172,32,0.745,0.0
pessimistic,250,load_aware,3,3,3,5,27,0.3338,0.0
pessimistic,250,load_aware,3,3,3,124,31,0.8973,0.0
pessimistic,250,load_aware,3,3,3,166,11,0.4368,0.0
pessimistic,250,load_aware,3,3,3,34,34,0.9932,0.0
pessimistic,250,load_aware,3,3,3,15,19,0.7084,0.0
pessimistic,250,load_aware,3,3,3,200,20,0.6667,0.0
pessimistic,250,load_aware,3,3,3,22,39,0.4973,5.0
pessimistic,250,load_aware,3,3,3,190,10,0.4557,0.0
pessimistic,250,load_aware,3,3,3,200,39,0.9652,5.0
pessimistic,250,load_aware,3,3,3,180,3,0.2987,5.0
pessimistic,250,load_aware,3,3,3,212,3,0.6044,5.0
pessimistic,250,load_aware,3,3,3,20,11,0.7113,0.0
pessimistic,250,load_aware,3,3,3,29,17,0.7587,5.0
pessimistic,250,load_aware,3,3,3,166,11,0.4368,0.0
pessimistic,250,load_aware,3,3,3,249,13,0.9957,0.0
pessimistic,250,load_aware,3,3,3,150,34,0.8325,0.0
pessimistic,250,load_aware,3,3,3,249,13,0.8927,0.0
pessimistic,250,load_aware,3,3,3,190,26,0.9351,0.0
pessimistic,250,load_aware,3,3,3,20,5,0.593,0.0
pessimistic,250,load_aware,3,3,3,88,38,0.6995,0.0
pessimistic,250,load_aware,3,3,3,217,5,0.6317,0.0
pessimistic,250,load_aware,3,3,3,20,5,0.593,0.0
pessimistic,250,load_aware,3,3,3,88,38,0.6995,0.0
pessimistic,250,load_aware,3,3,3,217,5,0.6317,0.0
pessimistic,250,load_aware,3,3,3,88,38,0.6995,0.0
pessimistic,250,load_aware,3,3,3,54,34,0.4426,5.0
pessimistic,250,load_aware,3,3,3,122,14,0.5702,0.0
pessimistic,250,load_aware,3,3,3,177,10,0.6691,0.0
pessimistic,250,load_aware,3,3,3,61,34,0.4484,0.0
pessimistic,250,load_aware,3,3,3,62,30,0.3447,0.0
pessimistic,250,load_aware,3,3,3,170,9,0.0977,0.0
pessimistic,250,load_aware,3,3,3,177,10,0.6691,0.0
pessimistic,250,load_aware,3,3,3,20,37,0.1838,5.0
pessimistic,250,load_aware,3,3,3,94,33,0.538,0.0
pessimistic,250,load_aware,3,3,3,96,10,0.4557,0.0
pessimistic,250,load_aware,3,3,3,94,33,0.6981,0.0
pessimistic,250,load_aware,3,3,3,113,10,0.4557,5.0
pessimistic,250,load_aware,3,3,3,84,4,0.1248,0.0
pessimistic,250,load_aware,3,3,3,173,36,0.5929,0.0
pessimistic,250,load_aware,3,3,3,45,34,0.886,5.0
pessimistic,250,load_aware,3,3,3,81,31,0.8635,0.0
pessimistic,250,load_aware,3,3,3,196,5,0.5091,0.0
pessimistic,250,load_aware,3,3,3,207,11,0.7113,0.0
pessimistic,250,load_aware,3,3,3,217,5,0.4974,0.0
pessimistic,250,load_aware,3,3,3,45,34,0.9932,0.0
pessimistic,250,load_aware,3,3,3,81,2,0.9452,0.0
pessimistic,250,load_aware,3,3,3,45,7,0.6927,0.0
pessimistic,250,load_aware,3,3,3,47,10,0.3077,0.0
pessimistic,250,load_aware,3,3,3,117,35,0.2848,0.0
pessimistic,250,load_aware,3,3,3,129,34,0.9932,0.0
pessimistic,250,load_aware,3,3,3,167,20,0.8249,0.0
pessimistic,250,load_aware,3,3,3,20,12,0.6769,0.0
pessimistic,250,load_aware,3,3,3,41,10,0.4557,0.0
pessimistic,250,load_aware,3,3,3,41,19,0.7741,0.0
pessimistic,250,load_aware,3,3,3,129,36,0.2694,0.0
pessimistic,250,load_aware,3,3,3,215,24,0.3932,0.0
pessimistic,250,load_aware,3,3,3,247,29,0.8522,0.0
pessimistic,250,load_aware,3,3,3,20,27,0.8006,0.0
pessimistic,250,load_aware,3,3,3,149,17,0.7587,0.0
pessimistic,250,load_aware,3,3,3,167,34,0.4551,0.0
pessimistic,250,load_aware,3,3,3,13,3,0.7697,0.0
pessimistic,250,load_aware,3,3,3,147,37,0.8755,0.0
pessimistic,250,load_aware,3,3,3,149,17,0.7587,0.0
pessimistic,250,load_aware,3,3,3,13,14,0.0683,0.0
pessimistic,250,load_aware,3,3,3,90,31,0.9261,0.0
pessimistic,250,load_aware,3,3,3,107,10,0.4557,5.0
pessimistic,250,load_aware,3,3,3,129,36,0.1655,0.0
pessimistic,250,load_aware,3,3,3,240,5,0.8863,5.0
pessimistic,250,load_aware,3,3,3,7,37,0.9367,5.0
pessimistic,250,load_aware,3,3,3,20,34,0.8772,0.0
pessimistic,250,load_aware,3,3,3,147,37,0.6633,5.0
pessimistic,250,load_aware,3,3,3,50,17,0.7305,5.0
pessimistic,250,load_aware,3,3,3,60,18,0.458,0.0
pessimistic,250,load_aware,3,3,3,75,15,0.9752,0.0
pessimistic,250,load_aware,3,3,3,60,17,0.7587,60.0
pessimistic,250,load_aware,3,3,3,169,17,0.7587,35.0
pessimistic,250,load_aware,3,3,3,140,22,0.9348,0.0
pessimistic,250,load_aware,3,3,3,229,34,0.9932,0.0
pessimistic,250,load_aware,3,3,3,140,3,0.9318,0.0
pessimistic,250,load_aware,3,3,3,7,38,0.8111,0.0
pessimistic,250,load_aware,3,3,3,7,12,0.969,0.0
pessimistic,250,load_aware,3,3,3,17,38,0.6384,5.0
pessimistic,250,load_aware,3,3,3,91,18,0.3989,0.0
pessimistic,250,load_aware,3,3,3,218,19,0.7039,0.0
pessimistic,250,load_aware,3,3,3,178,16,0.7366,0.0
pessimistic,250,load_aware,3,3,3,218,25,0.917,0.0
pessimistic,250,load_aware,3,3,3,5,35,0.3866,5.0
pessimistic,250,load_aware,3,3,3,91,18,0.3935,0.0
pessimistic,250,load_aware,3,3,3,218,22,0.4393,0.0
pessimistic,250,load_aware,3,3,3,100,4,0.8208,0.0
pessimistic,250,load_aware,3,3,3,218,2,0.6124,0.0
pessimistic,250,load_aware,3,3,3,58,22,0.9641,0.0
pessimistic,250,load_aware,3,3,3,163,27,0.8526,0.0
pessimistic,250,load_aware,3,3,3,246,27,0.6366,0.0
pessimistic,250,load_aware,3,3,3,58,22,0.9641,0.0
pessimistic,250,load_aware,3,3,3,163,34,0.9234,0.0
pessimistic,250,load_aware,3,3,3,244,29,0.7973,0.0
pessimistic,250,load_aware,3,3,3,58,22,0.9836,0.0
pessimistic,250,load_aware,3,3,3,67,15,0.362,5.0
pessimistic,250,load_aware,3,3,3,176,3,0.4385,0.0
pessimistic,250,load_aware,3,3,3,246,27,0.0437,0.0
pessimistic,250,load_aware,3,3,3,57,27,0.3338,0.0
pessimistic,250,load_aware,3,3,3,231,37,0.693,0.0
pessimistic,250,load_aware,3,3,3,57,27,0.3338,0.0
pessimistic,250,load_aware,3,3,3,57,27,0.3338,0.0
pessimistic,250,load_aware,3,3,3,31,28,0.6689,0.0
pessimistic,250,load_aware,3,3,3,61,36,0.2463,0.0
pessimistic,250,load_aware,3,3,3,95,21,0.9426,0.0
pessimistic,250,load_aware,3,3,3,231,37,0.693,5.0
pessimistic,250,load_aware,3,3,3,31,38,0.6488,5.0
pessimistic,250,load_aware,3,3,3,105,38,0.6662,0.0
pessimistic,250,load_aware,3,3,3,203,23,0.8404,0.0
pessimistic,250,load_aware,3,3,3,54,35,1.3081,0.0
pessimistic,250,load_aware,3,3,3,105,17,0.7587,0.0
pessimistic,250,load_aware,3,3,3,182,18,0.458,0.0
pessimistic,250,load_aware,3,3,3,194,34,0.9106,5.0
pessimistic,250,load_aware,3,3,3,203,23,0.8542,0.0
pessimistic,250,load_aware,3,3,3,61,36,0.1655,0.0
pessimistic,250,load_aware,3,3,3,114,32,0.9816,0.0
pessimistic,250,load_aware,3,3,3,61,39,0.2948,5.0
pessimistic,250,load_aware,3,3,3,114,6,0.7865,0.0
pessimistic,250,load_aware,3,3,3,243,39,0.2948,0.0
pessimistic,250,load_aware,3,3,3,105,7,0.9996,5.0
pessimistic,250,load_aware,3,3,3,239,25,0.8282,0.0
pessimistic,250,load_aware,3,3,3,50,15,0.9752,0.0
pessimistic,250,load_aware,3,3,3,126,17,0.7587,0.0
pessimistic,250,load_aware,3,3,3,93,27,0.3338,0.0
pessimistic,250,load_aware,3,3,3,126,17,0.7587,0.0
pessimistic,250,load_aware,3,3,3,152,15,0.9752,0.0
pessimistic,250,load_aware,3,3,3,209,22,0.9738,0.0
pessimistic,250,load_aware,3,3,3,238,15,0.9752,0.0
pessimistic,250,load_aware,3,3,3,47,15,0.6877,0.0
pessimistic,250,load_aware,3,3,3,113,9,0.8513,0.0
pessimistic,250,load_aware,3,3,3,238,15,0.9752,5.0
pessimistic,250,load_aware,3,3,3,208,34,0.9245,0.0
pessimistic,250,load_aware,3,3,3,65,34,0.9932,15.0
pessimistic,250,load_aware,3,3,3,79,2,0.5938,0.0
pessimistic,250,load_aware,3,3,3,0,10,0.4557,0.0
pessimistic,250,load_aware,3,3,3,195,36,0.7016,5.0
pessimistic,250,load_aware,3,3,3,33,30,0.3378,0.0
pessimistic,250,load_aware,3,3,3,227,19,0.7084,0.0
pessimistic,250,load_aware,3,3,3,72,17,0.7587,0.0
pessimistic,250,load_aware,3,3,3,86,3,0.5766,5.0
pessimistic,250,load_aware,3,3,3,229,4,0.3083,5.0
pessimistic,250,load_aware,3,3,3,85,20,0.1792,0.0
pessimistic,250,load_aware,3,3,3,33,31,0.814,0.0
pessimistic,250,load_aware,3,3,3,125,34,0.9932,0.0
pessimistic,250,load_aware,3,3,3,33,30,0.1663,0.0
pessimistic,250,load_aware,3,3,3,39,30,0.1368,0.0
pessimistic,250,load_aware,3,3,3,142,7,0.9429,0.0
pessimistic,250,load_aware,3,3,3,229,31,0.5422,0.0
pessimistic,250,load_aware,3,3,3,103,16,0.9842,0.0
pessimistic,250,load_aware,3,3,3,98,4,0.4184,0.0
pessimistic,250,load_aware,3,3,3,63,15,0.9752,0.0
pessimistic,250,load_aware,3,3,3,11,2,0.807,0.0
pessimistic,250,load_aware,3,3,3,16,27,0.3335,5.0
pessimistic,250,load_aware,3,3,3,101,4,0.9538,0.0
pessimistic,250,load_aware,3,3,3,134,18,0.458,0.0
pessimistic,250,load_aware,3,3,3,38,24,0.5737,0.0
pessimistic,250,load_aware,3,3,3,186,24,0.7278,5.0
pessimistic,250,load_aware,3,3,3,192,24,0.9953,5.0
pessimistic,250,load_aware,3,3,3,134,1,0.9297,0.0
pessimistic,250,load_aware,3,3,3,98,34,0.645,0.0
pessimistic,250,load_aware,3,3,3,185,10,0.4557,0.0
pessimistic,250,load_aware,3,3,3,11,6,0.9183,0.0
pessimistic,250,load_aware,3,3,3,63,0,0.7386,0.0
pessimistic,250,load_aware,3,3,3,140,33,0.6447,5.0
pessimistic,250,load_aware,3,3,3,185,13,0.8239,0.0
pessimistic,250,load_aware,3,3,3,140,10,0.4557,0.0
pessimistic,250,load_aware,3,3,3,218,27,0.3338,5.0
pessimistic,250,load_aware,3,3,3,218,27,0.0437,5.0
pessimistic,250,load_aware,3,3,3,64,6,0.6086,0.0
pessimistic,250,load_aware,3,3,3,143,10,0.4557,0.0
pessimistic,250,load_aware,3,3,3,167,7,0.756,0.0
pessimistic,250,load_aware,3,3,3,115,38,0.9878,0.0
pessimistic,250,load_aware,3,3,3,71,15,0.9515,0.0
pessimistic,250,load_aware,3,3,3,32,2,0.697,5.0
pessimistic,250,load_aware,3,3,3,161,3,0.5491,0.0
pessimistic,250,load_aware,3,3,3,159,28,0.9879,0.0
pessimistic,250,load_aware,3,3,3,50,19,0.7084,0.0
pessimistic,250,load_aware,3,3,3,187,37,0.8549,0.0
pessimistic,250,load_aware,3,3,3,156,29,0.8952,0.0
pessimistic,250,load_aware,3,3,3,154,18,0.3108,0.0
pessimistic,250,load_aware,3,3,3,234,11,0.7635,0.0
pessimistic,250,load_aware,3,3,3,199,15,0.9752,0.0
pessimistic,250,load_aware,3,3,3,214,13,0.99,5.0
pessimistic,250,load_aware,3,3,3,43,27,0.3338,0.0
pessimistic,250,load_aware,3,3,3,87,14,0.7824,0.0
pessimistic,250,load_aware,3,3,3,89,34,0.9932,0.0
pessimistic,250,load_aware,3,3,3,116,27,0.3338,0.0
pessimistic,250,load_aware,3,3,3,50,19,0.0045,0.0
pessimistic,250,load_aware,3,3,3,87,17,0.7587,5.0
pessimistic,250,load_aware,3,3,3,152,21,0.6142,0.0
pessimistic,250,load_aware,3,3,3,74,32,0.9966,0.0
pessimistic,250,load_aware,3,3,3,6,13,0.8528,5.0
pessimistic,250,load_aware,3,3,3,154,20,0.981,0.0
pessimistic,250,load_aware,3,3,3,214,14,0.5555,0.0
pessimistic,250,load_aware,3,3,3,50,33,0.9915,0.0
pessimistic,250,load_aware,3,3,3,104,34,0.9932,0.0
pessimistic,250,load_aware,3,3,3,43,5,0.8998,5.0
pessimistic,250,load_aware,3,3,3,50,33,0.9212,0.0
pessimistic,250,load_aware,3,3,3,89,3,0.461,0.0
pessimistic,250,load_aware,3,3,3,158,16,0.8067,0.0
pessimistic,250,load_aware,3,3,3,152,35,0.4944,0.0
pessimistic,250,load_aware,3,3,3,37,18,0.6077,0.0
pessimistic,250,load_aware,3,3,3,152,3,0.8746,5.0
pessimistic,250,load_aware,3,3,3,37,18,0.458,0.0
pessimistic,250,load_aware,3,3,3,114,9,0.4375,0.0
pessimistic,250,load_aware,3,3,3,120,13,0.786,0.0
pessimistic,250,load_aware,3,3,3,127,38,0.7544,0.0
pessimistic,250,load_aware,3,3,3,158,16,0.2899,0.0
pessimistic,250,load_aware,3,3,3,127,19,0.7524,0.0
pessimistic,250,load_aware,3,3,3,37,18,0.8879,0.0
pessimistic,250,load_aware,3,3,3,37,21,0.9942,0.0
pessimistic,250,load_aware,3,3,3,106,35,0.9941,0.0
pessimistic,250,load_aware,3,3,3,138,36,0.2585,35.0
pessimistic,250,load_aware,3,3,3,233,35,0.6444,0.0
pessimistic,250,load_aware,3,3,3,36,27,0.3338,0.0
pessimistic,250,load_aware,3,3,3,145,31,0.9202,0.0
pessimistic,250,load_aware,3,3,3,127,34,0.9126,0.0
pessimistic,250,load_aware,3,3,3,11,18,0.458,0.0
pessimistic,250,load_aware,3,3,3,135,18,0.1737,0.0
pessimistic,250,load_aware,3,3,3,135,30,0.3273,5.0
pessimistic,250,load_aware,3,3,3,27,5,0.5038,0.0
pessimistic,250,load_aware,3,3,3,151,2,0.8705,0.0
pessimistic,250,load_aware,3,3,3,27,19,0.7084,0.0
pessimistic,250,load_aware,3,3,3,127,34,0.919,0.0
pessimistic,250,load_aware,3,3,3,222,19,0.697,0.0
pessimistic,250,load_aware,3,3,3,4,15,0.9752,5.0
pessimistic,250,load_aware,3,3,3,174,17,0.5461,0.0
pessimistic,250,load_aware,3,3,3,197,17,0.7587,0.0
pessimistic,250,load_aware,3,3,3,27,5,0.9079,0.0
pessimistic,250,load_aware,3,3,3,135,35,0.9912,5.0
pessimistic,250,load_aware,3,3,3,197,27,0.3338,5.0
pessimistic,250,load_aware,3,3,3,135,19,0.7084,5.0
pessimistic,250,load_aware,3,3,3,246,5,0.9212,0.0
pessimistic,250,load_aware,3,3,3,135,34,0.9932,0.0
pessimistic,250,load_aware,3,3,3,151,2,0.5903,0.0
pessimistic,250,load_aware,3,3,3,49,39,0.8449,0.0
pessimistic,250,load_aware,3,3,3,135,30,0.3447,0.0
pessimistic,250,load_aware,3,3,3,135,30,0.3709,0.0
pessimistic,250,load_aware,3,3,3,146,30,0.1434,0.0
pessimistic,250,load_aware,3,3,3,46,1,0.2675,0.0
pessimistic,250,load_aware,3,3,3,122,19,0.2825,0.0
pessimistic,250,load_aware,3,3,3,135,4,0.3083,0.0
pessimistic,250,load_aware,3,3,3,146,30,0.3272,0.0
pessimistic,250,load_aware,3,3,3,148,34,0.8789,0.0
pessimistic,250,load_aware,3,3,3,237,11,0.7113,0.0
pessimistic,250,load_aware,3,3,3,122,19,0.0878,0.0
pessimistic,250,load_aware,3,3,3,148,34,0.8789,5.0
pessimistic,250,load_aware,3,3,3,78,26,0.3982,0.0
pessimistic,250,load_aware,3,3,3,128,19,0.7084,5.0
pessimistic,250,load_aware,3,3,3,56,17,0.7587,5.0
pessimistic,250,load_aware,3,3,3,110,17,0.7176,5.0
pessimistic,250,load_aware,3,3,3,230,27,0.3338,0.0
pessimistic,250,load_aware,3,3,3,16,29,0.8681,0.0
pessimistic,250,load_aware,3,3,3,77,32,0.7899,0.0
pessimistic,250,load_aware,3,3,3,110,32,0.5914,5.0
pessimistic,250,load_aware,3,3,3,230,15,0.9752,5.0
pessimistic,250,load_aware,3,3,3,6,29,0.751,0.0
pessimistic,250,load_aware,3,3,3,16,27,0.3338,5.0
pessimistic,250,load_aware,3,3,3,77,32,0.9273,0.0
pessimistic,250,load_aware,3,3,3,110,20,0.5597,0.0
pessimistic,250,load_aware,3,3,3,200,35,0.5572,0.0
pessimistic,250,load_aware,3,3,3,78,7,0.994,0.0
pessimistic,250,load_aware,3,3,3,241,13,0.8447,0.0
pessimistic,250,load_aware,3,3,3,30,13,0.9739,0.0
pessimistic,250,load_aware,3,3,3,228,16,0.6889,0.0
pessimistic,250,load_aware,3,3,3,235,29,0.7597,0.0
pessimistic,250,load_aware,3,3,3,241,24,0.7278,0.0
pessimistic,250,load_aware,3,3,3,66,16,0.3176,5.0
pessimistic,250,load_aware,3,3,3,189,18,0.3964,0.0
pessimistic,250,load_aware,3,3,3,200,35,0.2841,5.0
pessimistic,250,load_aware,3,3,3,66,39,0.0645,0.0
pessimistic,250,load_aware,3,3,3,66,32,0.9277,0.0
pessimistic,250,load_aware,3,3,3,51,23,0.9027,0.0
pessimistic,250,load_aware,3,3,3,183,10,0.3549,0.0
pessimistic,250,load_aware,3,3,3,183,10,0.4557,0.0
pessimistic,250,load_aware,3,3,3,50,34,0.9932,0.0
pessimistic,250,load_aware,3,3,3,160,3,0.6971,0.0
pessimistic,250,load_aware,3,3,3,9,13,0.8445,0.0
pessimistic,250,load_aware,3,3,3,18,17,0.7587,5.0
pessimistic,250,load_aware,3,3,3,50,36,0.4399,0.0
pessimistic,250,load_aware,3,3,3,97,17,0.7587,0.0
pessimistic,250,load_aware,3,3,3,248,11,0.7113,0.0
pessimistic,250,load_aware,3,3,3,97,17,0.7587,5.0
pessimistic,250,load_aware,3,3,3,154,34,0.499,0.0
pessimistic,250,load_aware,3,3,3,198,27,0.3338,0.0
pessimistic,250,load_aware,3,3,3,162,14,0.455,0.0
pessimistic,250,load_aware,3,3,3,132,4,0.8958,0.0
pessimistic,250,load_aware,3,3,3,8,5,0.9222,0.0
pessimistic,250,load_aware,3,3,3,236,30,0.3799,5.0
pessimistic,250,load_aware,3,3,3,8,19,0.7084,0.0
pessimistic,250,load_aware,3,3,3,180,18,0.2727,0.0
pessimistic,250,load_aware,3,3,3,8,19,0.7029,0.0
pessimistic,250,load_aware,3,3,3,226,31,0.7599,0.0
pessimistic,250,load_aware,3,3,3,8,7,0.7778,0.0
pessimistic,250,load_aware,3,3,3,147,19,0.7084,5.0
pessimistic,250,load_aware,3,3,3,8,12,0.71,0.0
pessimistic,250,load_aware,3,3,3,139,34,0.9379,0.0
pessimistic,250,load_aware,3,3,3,8,17,0.7579,5.0
pessimistic,250,load_aware,3,3,3,238,13,0.8973,0.0
pessimistic,250,load_aware,3,3,3,8,38,0.8268,0.0
pessimistic,250,load_aware,3,3,3,123,19,0.7084,0.0
pessimistic,250,load_aware,3,3,3,208,19,0.7084,5.0
pessimistic,250,load_aware,3,3,3,48,15,0.9752,0.0
pessimistic,250,load_aware,3,3,3,211,24,0.7278,0.0
pessimistic,250,load_aware,3,3,3,217,27,0.3338,0.0
pessimistic,250,load_aware,3,3,3,52,17,0.7587,0.0
pessimistic,250,load_aware,3,3,3,52,16,0.5874,0.0
pessimistic,250,load_aware,3,3,3,157,27,0.3338,0.0
pessimistic,250,load_aware,3,3,3,1,2,0.6462,0.0
pessimistic,250,load_aware,3,3,3,169,17,0.6793,0.0
pessimistic,250,load_aware,3,3,3,227,17,0.7587,0.0
pessimistic,250,load_aware,3,3,3,146,24,0.7278,5.0
pessimistic,250,load_aware,3,3,3,211,24,0.2107,0.0
pessimistic,250,load_aware,3,3,3,97,18,0.458,0.0
pessimistic,250,load_aware,3,3,3,140,26,0.6357,0.0
pessimistic,250,load_aware,3,3,3,210,10,0.4557,0.0
pessimistic,250,load_aware,3,3,3,97,18,0.458,0.0
pessimistic,250,load_aware,3,3,3,122,11,0.7113,0.0
pessimistic,250,load_aware,3,3,3,131,11,0.7113,5.0
pessimistic,250,load_aware,3,3,3,42,29,0.748,0.0
pessimistic,250,load_aware,3,3,3,144,17,0.7587,5.0
pessimistic,250,load_aware,3,3,3,205,32,0.6189,0.0
pessimistic,250,load_aware,3,3,3,227,17,0.3524,5.0
pessimistic,250,load_aware,3,3,3,17,37,0.8004,0.0
pessimistic,250,load_aware,3,3,3,97,18,0.2344,0.0
pessimistic,250,load_aware,3,3,3,140,10,0.453,0.0
pessimistic,250,load_aware,3,3,3,202,34,0.9932,0.0
pessimistic,250,load_aware,3,3,3,23,18,0.458,0.0
pessimistic,250,load_aware,3,3,3,125,12,0.7411,0.0
pessimistic,250,load_aware,3,3,3,232,3,0.9793,0.0
pessimistic,250,load_aware,3,3,3,3,37,0.9215,0.0
pessimistic,250,load_aware,3,3,3,30,17,0.7587,5.0
pessimistic,250,load_aware,3,3,3,125,13,0.8796,0.0
pessimistic,250,load_aware,3,3,3,245,20,0.7136,0.0
pessimistic,250,load_aware,3,3,3,82,22,0.9742,0.0
pessimistic,250,load_aware,3,3,3,66,4,0.3083,0.0
pessimistic,250,load_aware,3,3,3,125,7,0.7675,0.0
pessimistic,250,load_aware,3,3,3,66,16,0.307,5.0
pessimistic,250,load_aware,3,3,3,82,22,0.9624,0.0
pessimistic,250,load_aware,3,3,3,21,5,0.8938,0.0
pessimistic,250,load_aware,3,3,3,66,10,0.4557,5.0
pessimistic,250,load_aware,3,3,3,124,27,0.3338,45.0
pessimistic,250,load_aware,3,3,3,228,6,0.691,0.0
pessimistic,250,load_aware,3,3,3,21,29,0.8903,0.0
pessimistic,250,load_aware,3,3,3,228,14,0.8682,0.0
pessimistic,250,load_aware,3,3,3,228,6,0.3028,0.0
pessimistic,250,load_aware,3,3,3,228,6,0.3029,0.0
pessimistic,250,load_aware,3,3,3,66,16,0.6811,0.0
pessimistic,250,load_aware,3,3,3,180,34,0.9932,0.0
pessimistic,250,load_aware,3,3,3,24,12,0.297,0.0
pessimistic,250,load_aware,3,3,3,196,4,0.1482,0.0
pessimistic,250,load_aware,3,3,3,184,27,0.3338,0.0
pessimistic,250,load_aware,3,3,3,184,27,0.3338,5.0
pessimistic,250,load_aware,3,3,3,217,34,0.9749,0.0
pessimistic,250,load_aware,3,3,3,29,26,0.516,0.0
pessimistic,250,load_aware,3,3,3,183,22,0.98,0.0
pessimistic,250,load_aware,3,3,3,184,27,0.3338,10.0
pessimistic,250,load_aware,3,3,3,59,27,0.3338,0.0
pessimistic,250,load_aware,3,3,3,17,7,0.8346,0.0
pessimistic,250,load_aware,3,3,3,34,25,0.7864,0.0
pessimistic,250,load_aware,3,3,3,217,20,0.9483,5.0
pessimistic,250,load_aware,3,3,3,217,31,0.8895,0.0
pessimistic,250,load_aware,3,3,3,15,34,0.9932,0.0
pessimistic,250,load_aware,3,3,3,119,23,0.9906,0.0
pessimistic,250,load_aware,3,3,3,155,38,0.7483,0.0
pessimistic,250,load_aware,3,3,3,17,3,0.5854,0.0
pessimistic,250,load_aware,3,3,3,34,25,0.9093,0.0
pessimistic,250,load_aware,3,3,3,62,17,0.7587,5.0
pessimistic,250,load_aware,3,3,3,155,21,0.653,0.0
pessimistic,250,load_aware,3,3,3,238,2,0.7113,0.0
pessimistic,250,load_aware,3,3,3,35,27,0.2339,0.0
pessimistic,250,load_aware,3,3,3,175,13,0.9731,0.0
pessimistic,250,load_aware,3,3,3,17,9,0.5791,0.0
pessimistic,250,load_aware,3,3,3,119,4,0.9417,5.0
pessimistic,250,load_aware,3,3,3,2,36,0.2168,0.0
pessimistic,250,load_aware,3,3,3,62,38,0.8268,0.0
pessimistic,250,load_aware,3,3,3,68,32,0.9416,0.0
pessimistic,250,load_aware,3,3,3,79,32,0.8634,0.0
pessimistic,250,load_aware,3,3,3,163,32,0.632,5.0
pessimistic,250,load_aware,3,3,3,105,11,0.7113,0.0
pessimistic,250,load_aware,3,3,3,108,13,0.853,5.0
pessimistic,250,load_aware,3,3,3,175,13,0.7242,5.0
pessimistic,250,load_aware,3,3,3,113,27,0.3338,0.0
pessimistic,250,load_aware,3,3,3,163,18,0.5696,0.0
pessimistic,250,load_aware,3,3,3,75,15,0.9535,5.0
pessimistic,250,load_aware,3,3,3,70,36,0.3648,5.0
pessimistic,250,load_aware,3,3,3,108,17,0.7679,0.0
pessimistic,250,load_aware,3,3,3,171,1,0.9805,0.0
pessimistic,250,load_aware,3,3,3,70,36,0.1655,0.0
pessimistic,250,load_aware,3,3,3,168,7,0.6807,0.0
pessimistic,250,load_aware,3,3,3,123,3,1.1501,0.0
pessimistic,250,load_aware,3,3,3,63,15,0.9765,0.0
pessimistic,250,load_aware,3,3,3,223,2,0.8999,0.0
pessimistic,250,load_aware,3,3,3,171,1,0.7989,0.0
pessimistic,250,load_aware,3,3,3,63,30,0.6321,0.0
pessimistic,250,load_aware,3,3,3,171,39,0.9634,5.0
pessimistic,250,load_aware,3,3,3,181,17,0.7587,0.0
pessimistic,250,load_aware,3,3,3,224,11,0.7113,0.0
pessimistic,250,load_aware,3,3,3,53,26,0.6324,0.0
pessimistic,250,load_aware,3,3,3,181,10,0.4557,0.0
pessimistic,250,load_aware,3,3,3,102,24,0.6279,0.0
pessimistic,250,load_aware,3,3,3,181,24,0.7278,0.0
pessimistic,250,load_aware,3,3,3,190,14,0.944,0.0
pessimistic,250,load_aware,3,3,3,102,18,0.458,0.0
pessimistic,250,load_aware,3,3,3,168,5,0.5322,0.0
pessimistic,250,load_aware,3,3,3,102,18,0.458,0.0
pessimistic,250,load_aware,3,3,3,130,13,0.8502,0.0
pessimistic,250,load_aware,3,3,3,168,5,0.5397,5.0
pessimistic,250,load_aware,3,3,3,10,1,0.7279,0.0
pessimistic,250,load_aware,3,3,3,122,15,0.8268,0.0
pessimistic,250,load_aware,3,3,3,201,35,0.5872,0.0
pessimistic,250,load_aware,3,3,3,25,19,0.7084,0.0
pessimistic,250,load_aware,3,3,3,54,34,0.525,0.0
pessimistic,250,load_aware,3,3,3,91,10,0.3599,0.0
pessimistic,250,load_aware,3,3,3,180,34,0.5537,0.0
pessimistic,250,load_aware,3,3,3,52,22,0.983,0.0
pessimistic,250,load_aware,3,3,3,130,13,0.8445,0.0
pessimistic,250,load_aware,3,3,3,212,17,0.7587,0.0
pessimistic,250,load_aware,3,3,3,13,29,0.8913,0.0
pessimistic,250,load_aware,3,3,3,91,13,0.8679,0.0
pessimistic,250,load_aware,3,3,3,88,17,0.7587,0.0
pessimistic,250,load_aware,3,3,3,136,17,0.7485,0.0
pessimistic,250,load_aware,3,3,3,212,17,0.6719,5.0
pessimistic,250,load_aware,3,3,3,91,9,0.9848,0.0
pessimistic,250,load_aware,3,3,3,111,9,0.3498,0.0
pessimistic,250,load_aware,3,3,3,94,15,0.8857,0.0
pessimistic,250,load_aware,3,3,3,166,24,0.9806,0.0
pessimistic,250,load_aware,3,3,3,204,10,0.4557,5.0
pessimistic,250,load_aware,3,3,3,217,35,0.2933,0.0
pessimistic,250,load_aware,3,3,3,221,10,0.4557,5.0
pessimistic,250,load_aware,3,3,3,91,31,0.9099,0.0
pessimistic,250,load_aware,3,3,3,117,18,0.458,5.0
pessimistic,250,load_aware,3,3,3,240,18,0.458,5.0
pessimistic,250,load_aware,3,3,3,117,34,0.9932,5.0
pessimistic,250,load_aware,3,3,3,184,36,0.2339,0.0
pessimistic,250,load_aware,3,3,3,150,34,0.5974,5.0
pessimistic,250,load_aware,3,3,3,149,16,0.3292,0.0
pessimistic,250,load_aware,3,3,3,26,39,0.2948,0.0
pessimistic,250,load_aware,3,3,3,117,34,0.1716,0.0
pessimistic,250,load_aware,3,3,3,149,16,0.6203,0.0
pessimistic,250,load_aware,3,3,3,121,19,0.7084,0.0
pessimistic,250,load_aware,3,3,3,193,35,0.599,0.0
pessimistic,250,load_aware,3,3,3,22,17,0.7587,0.0
pessimistic,250,load_aware,3,3,3,80,27,0.1527,0.0
pessimistic,250,load_aware,3,3,3,22,13,0.8479,0.0
pessimistic,250,load_aware,3,3,3,80,13,0.9827,0.0
pessimistic,250,load_aware,3,3,3,193,22,0.9854,0.0
pessimistic,250,load_aware,3,3,3,80,27,0.1527,0.0
pessimistic,250,load_aware,3,3,3,193,15,0.9752,0.0
pessimistic,250,load_aware,3,3,3,26,32,0.9601,0.0
pessimistic,250,load_aware,3,3,3,172,39,0.2948,0.0
pessimistic,250,load_aware,3,3,3,172,39,0.2948,0.0
pessimistic,250,load_aware,3,3,3,172,34,0.9701,0.0
pessimistic,250,load_aware,3,3,3,182,19,0.7039,0.0
pessimistic,250,load_aware,3,3,3,207,3,0.6746,0.0
pessimistic,250,load_aware,3,3,3,78,17,0.7587,0.0
pessimistic,250,load_aware,3,3,3,63,27,0.3338,0.0
pessimistic,250,load_aware,3,3,3,219,17,0.7587,0.0
pessimistic,250,load_aware,3,3,3,120,20,0.5485,0.0
pessimistic,250,load_aware,3,3,3,84,11,0.7113,0.0
pessimistic,250,load_aware,3,3,3,147,20,0.8386,0.0
pessimistic,250,load_aware,3,3,3,207,20,0.6314,0.0
pessimistic,250,load_aware,3,3,3,76,33,0.9131,0.0
pessimistic,250,load_aware,3,3,3,207,29,0.999,0.0
pessimistic,250,load_aware,3,3,3,215,12,0.7278,0.0
pessimistic,250,load_aware,3,3,3,161,37,0.9578,0.0
pessimistic,250,load_aware,3,3,3,249,17,0.7587,5.0
pessimistic,250,load_aware,3,3,3,5,15,0.6728,0.0
pessimistic,250,load_aware,3,3,3,40,15,0.9752,0.0
pessimistic,250,load_aware,3,3,3,84,5,0.593,0.0
pessimistic,250,load_aware,3,3,3,249,17,0.7587,5.0
pessimistic,250,load_aware,3,3,3,5,34,0.9932,55.0
pessimistic,250,load_aware,3,3,3,41,36,0.6736,5.0
pessimistic,250,load_aware,3,3,3,58,30,0.386,0.0
pessimistic,250,load_aware,3,3,3,100,30,0.9084,0.0
pessimistic,250,load_aware,3,3,3,58,18,0.4304,0.0
pessimistic,250,load_aware,3,3,3,110,10,0.4557,25.0
pessimistic,250,load_aware,3,3,3,207,33,0.6733,0.0
pessimistic,250,load_aware,3,3,3,76,36,0.1783,0.0
pessimistic,250,load_aware,3,3,3,92,24,0.9359,0.0
pessimistic,250,load_aware,3,3,3,147,0,0.9532,0.0
pessimistic,250,load_aware,3,3,3,161,38,0.8111,0.0
pessimistic,250,load_aware,3,3,3,20,17,0.7378,25.0
pessimistic,250,load_aware,3,3,3,58,36,0.4282,0.0
pessimistic,250,load_aware,3,3,3,86,18,0.4067,0.0
pessimistic,250,load_aware,3,3,3,207,13,0.8586,0.0
pessimistic,250,load_aware,3,3,3,58,34,0.9932,5.0
pessimistic,250,load_aware,3,3,3,174,37,0.8256,0.0
pessimistic,250,load_aware,3,3,3,5,18,0.5221,0.0
pessimistic,250,load_aware,3,3,3,86,13,0.9469,5.0
pessimistic,250,load_aware,3,3,3,32,10,0.4557,0.0
pessimistic,250,load_aware,3,3,3,69,10,0.4557,5.0
pessimistic,250,load_aware,3,3,3,32,11,0.7113,0.0
pessimistic,250,load_aware,3,3,3,86,26,0.5652,0.0
pessimistic,250,load_aware,3,3,3,81,3,0.4986,5.0
pessimistic,250,load_aware,3,3,3,106,15,0.9752,0.0
pessimistic,250,load_aware,3,3,3,7,27,0.3338,0.0
pessimistic,250,load_aware,3,3,3,69,37,0.4804,0.0
pessimistic,250,load_aware,3,3,3,88,31,0.7357,0.0
pessimistic,250,load_aware,3,3,3,69,37,0.6636,0.0
pessimistic,250,load_aware,3,3,3,69,34,0.5721,0.0
pessimistic,250,load_aware,3,3,3,124,11,0.7113,0.0
pessimistic,250,load_aware,3,3,3,47,10,0.4557,0.0
pessimistic,250,load_aware,3,3,3,112,7,0.2944,0.0
pessimistic,250,load_aware,3,3,3,120,35,0.3771,0.0
pessimistic,250,load_aware,3,3,3,112,16,0.6248,0.0
pessimistic,250,load_aware,3,3,3,124,15,0.9752,0.0
pessimistic,250,load_aware,3,3,3,25,9,0.2835,0.0
pessimistic,250,load_aware,3,3,3,57,37,0.1825,0.0
pessimistic,250,load_aware,3,3,3,67,36,0.1604,0.0
pessimistic,250,load_aware,3,3,3,60,36,0.8415,0.0
pessimistic,250,load_aware,3,3,3,67,36,0.1984,5.0
pessimistic,250,load_aware,3,3,3,47,7,0.9645,0.0
pessimistic,250,load_aware,3,3,3,60,4,0.3083,0.0
pessimistic,250,load_aware,3,3,3,93,33,0.6003,0.0
pessimistic,250,load_aware,3,3,3,27,3,0.7185,0.0
pessimistic,250,load_aware,3,3,3,57,36,0.257,0.0
pessimistic,250,load_aware,3,3,3,60,17,0.5198,0.0
pessimistic,250,load_aware,3,3,3,104,4,0.432,0.0
pessimistic,250,load_aware,3,3,3,36,27,0.3338,0.0
pessimistic,250,load_aware,3,3,3,60,17,0.6675,0.0
pessimistic,250,load_aware,3,3,3,43,24,0.6984,0.0
pessimistic,250,load_aware,3,3,3,138,27,0.3338,5.0
pessimistic,250,load_aware,3,3,3,143,4,0.3083,0.0
pessimistic,250,load_aware,3,3,3,72,33,0.8412,0.0
pessimistic,250,load_aware,3,3,3,143,4,0.3083,0.0
pessimistic,250,load_aware,3,3,3,222,6,0.7909,0.0
pessimistic,250,load_aware,3,3,3,72,10,0.4557,0.0
pessimistic,250,load_aware,3,3,3,98,19,0.7084,0.0
pessimistic,250,load_aware,3,3,3,138,5,0.9767,0.0
pessimistic,250,load_aware,3,3,3,0,15,0.9752,0.0
pessimistic,250,load_aware,3,3,3,72,10,0.4557,0.0
pessimistic,250,load_aware,3,3,3,101,7,0.4479,0.0
pessimistic,250,load_aware,3,3,3,45,11,0.5438,5.0
pessimistic,250,load_aware,3,3,3,101,22,0.5824,0.0
pessimistic,250,load_aware,3,3,3,127,30,0.3447,0.0
pessimistic,250,load_aware,3,3,3,130,27,0.3338,0.0
pessimistic,250,load_aware,3,3,3,142,30,0.3447,0.0
pessimistic,250,load_aware,3,3,3,115,13,0.9415,0.0
pessimistic,250,load_aware,3,3,3,127,30,0.3447,0.0
pessimistic,250,load_aware,3,3,3,142,3,0.5464,0.0
pessimistic,250,load_aware,3,3,3,195,30,0.2482,0.0
pessimistic,250,load_aware,3,3,3,221,15,0.9752,0.0
pessimistic,250,load_aware,3,3,3,0,15,0.95,0.0
pessimistic,250,load_aware,3,3,3,209,26,0.8298,0.0
pessimistic,250,load_aware,3,3,3,233,17,0.7587,0.0
pessimistic,250,load_aware,3,3,3,209,23,0.7135,0.0
pessimistic,250,load_aware,3,3,3,221,7,0.4619,0.0
pessimistic,250,load_aware,3,3,3,0,1,0.2939,0.0
pessimistic,250,load_aware,3,3,3,74,29,0.8504,0.0
pessimistic,250,load_aware,3,3,3,164,33,0.892,0.0
pessimistic,250,load_aware,3,3,3,90,18,0.458,0.0
pessimistic,250,load_aware,3,3,3,203,35,0.9457,0.0
pessimistic,250,load_aware,3,3,3,90,24,0.7278,0.0
pessimistic,250,load_aware,3,3,3,165,24,0.7278,5.0
pessimistic,250,load_aware,3,3,3,203,25,0.9849,0.0
pessimistic,250,load_aware,3,3,3,231,24,0.7278,0.0
pessimistic,250,load_aware,3,3,3,107,4,0.6583,0.0
pessimistic,250,load_aware,3,3,3,164,37,0.8829,0.0
pessimistic,250,load_aware,3,3,3,234,39,0.2948,5.0
pessimistic,250,load_aware,3,3,3,0,31,0.726,0.0
pessimistic,250,load_aware,3,3,3,0,10,0.4557,0.0
pessimistic,250,load_aware,3,3,3,114,35,0.3277,0.0
pessimistic,250,load_aware,3,3,3,203,31,0.8135,0.0
pessimistic,250,load_aware,3,3,3,38,27,0.3338,0.0
pessimistic,250,load_aware,3,3,3,165,32,0.9382,0.0
pessimistic,250,load_aware,3,3,3,38,17,0.7587,0.0
pessimistic,250,load_aware,3,3,3,165,26,0.9785,0.0
pessimistic,250,load_aware,3,3,3,165,4,0.153,0.0
pessimistic,250,load_aware,3,3,3,109,13,0.8522,5.0
pessimistic,250,load_aware,3,3,3,156,10,0.4557,65.0
pessimistic,250,load_aware,3,3,3,165,12,0.8848,0.0
pessimistic,250,load_aware,3,3,3,167,16,0.7742,0.0
pessimistic,250,load_aware,3,3,3,192,1,0.3548,0.0
pessimistic,250,load_aware,3,3,3,109,26,0.5652,0.0
pessimistic,250,load_aware,3,3,3,239,26,0.3972,0.0
pessimistic,250,load_aware,3,3,3,243,20,0.8413,0.0
pessimistic,250,load_aware,3,3,3,61,24,0.389,0.0
pessimistic,250,load_aware,3,3,3,243,15,0.4858,0.0
pessimistic,250,load_aware,3,3,3,85,29,0.785,0.0
pessimistic,250,load_aware,3,3,3,126,4,0.2641,0.0
pessimistic,250,load_aware,3,3,3,176,4,0.3083,0.0
pessimistic,250,load_aware,3,3,3,39,36,0.9452,0.0
pessimistic,250,load_aware,3,3,3,64,17,0.7587,0.0
pessimistic,250,load_aware,3,3,3,126,34,0.5038,5.0
pessimistic,250,load_aware,3,3,3,218,15,0.9752,0.0
pessimistic,250,load_aware,3,3,3,176,4,0.1248,0.0
pessimistic,250,load_aware,3,3,3,176,4,0.3526,0.0
pessimistic,250,load_aware,3,3,3,14,4,0.3083,5.0
pessimistic,250,load_aware,3,3,3,36,17,0.7587,5.0
pessimistic,250,load_aware,3,3,3,176,4,0.3083,0.0
pessimistic,250,load_aware,3,3,3,39,34,0.943,0.0
pessimistic,250,load_aware,3,3,3,126,36,0.2694,0.0
pessimistic,250,load_aware,3,3,3,158,5,0.8235,0.0
pessimistic,250,load_aware,3,3,3,18,17,0.7587,70.0
pessimistic,250,load_aware,3,3,3,236,13,0.8856,0.0
pessimistic,250,load_aware,3,3,3,236,17,0.6863,5.0
pessimistic,250,load_aware,3,3,3,36,13,0.9227,0.0
pessimistic,250,load_aware,3,3,3,197,19,0.7081,0.0
pessimistic,250,load_aware,3,3,3,199,15,0.7146,5.0
pessimistic,250,load_aware,3,3,3,49,39,0.2948,0.0
pessimistic,250,load_aware,3,3,3,54,39,0.2948,5.0
pessimistic,250,load_aware,3,3,3,199,15,0.9752,0.0
pessimistic,250,load_aware,3,3,3,54,30,0.3447,0.0
pessimistic,250,load_aware,3,3,3,145,11,0.7113,0.0
pessimistic,250,load_aware,3,3,3,33,10,0.4557,20.0
pessimistic,250,load_aware,3,3,3,227,33,0.6761,0.0
pessimistic,250,load_aware,3,3,3,197,34,0.8471,5.0
pessimistic,250,load_aware,3,3,3,54,16,0.8199,0.0
pessimistic,250,load_aware,3,3,3,125,2,0.5918,0.0
pessimistic,250,load_aware,3,3,3,145,3,0.6661,0.0
pessimistic,250,load_aware,3,3,3,178,29,0.8292,0.0
pessimistic,250,load_aware,3,3,3,199,2,0.5664,0.0
pessimistic,250,load_aware,3,3,3,36,21,0.5617,0.0
pessimistic,250,load_aware,3,3,3,145,3,0.6661,0.0
pessimistic,250,load_aware,3,3,3,36,14,0.5217,0.0
pessimistic,250,load_aware,3,3,3,18,7,0.9996,0.0
pessimistic,250,load_aware,3,3,3,187,38,0.9117,0.0
pessimistic,250,load_aware,3,3,3,200,10,0.4557,40.0
pessimistic,250,load_aware,3,3,3,106,29,0.7135,0.0
pessimistic,250,load_aware,3,3,3,11,33,0.9834,0.0
pessimistic,250,load_aware,3,3,3,56,23,0.7493,0.0
pessimistic,250,load_aware,3,3,3,229,15,0.9538,0.0
pessimistic,250,load_aware,3,3,3,87,17,0.7587,0.0
pessimistic,250,load_aware,3,3,3,182,17,0.7587,90.0
pessimistic,250,load_aware,3,3,3,87,30,0.156,0.0
pessimistic,250,load_aware,3,3,3,231,0,0.6839,0.0
pessimistic,250,load_aware,3,3,3,17,36,0.3067,0.0
pessimistic,250,load_aware,3,3,3,87,30,0.4467,5.0
pessimistic,250,load_aware,3,3,3,229,30,0.6321,0.0
pessimistic,250,load_aware,3,3,3,6,9,0.8828,0.0
pessimistic,250,load_aware,3,3,3,229,35,0.4331,0.0
pessimistic,250,load_aware,3,3,3,6,13,0.9172,0.0
pessimistic,250,load_aware,3,3,3,17,39,0.99,0.0
pessimistic,250,load_aware,3,3,3,248,22,0.9654,0.0
pessimistic,250,load_aware,3,3,3,244,24,0.7278,0.0
pessimistic,250,load_aware,3,3,3,228,27,0.3338,0.0
pessimistic,250,load_aware,3,3,3,103,2,0.8953,0.0
pessimistic,250,load_aware,3,3,3,132,18,0.458,0.0
pessimistic,250,load_aware,3,3,3,228,27,0.3338,0.0
pessimistic,250,load_aware,3,3,3,132,18,0.458,0.0
pessimistic,250,load_aware,3,3,3,132,18,0.458,0.0
pessimistic,250,load_aware,3,3,3,97,15,0.2866,0.0
pessimistic,250,load_aware,3,3,3,210,16,0.733,5.0
pessimistic,250,load_aware,3,3,3,31,36,0.2138,0.0
pessimistic,250,load_aware,3,3,3,15,20,0.6308,0.0
pessimistic,250,load_aware,3,3,3,228,27,0.4941,0.0
pessimistic,250,load_aware,3,3,3,31,36,0.2138,0.0
pessimistic,250,load_aware,3,3,3,31,36,0.2138,0.0
pessimistic,250,load_aware,3,3,3,134,15,0.9752,0.0
pessimistic,250,load_aware,3,3,3,148,13,0.9206,0.0
pessimistic,250,load_aware,3,3,3,152,35,0.3534,0.0
pessimistic,250,load_aware,3,3,3,198,39,0.2948,0.0
pessimistic,250,load_aware,3,3,3,29,30,0.3447,5.0
pessimistic,250,load_aware,3,3,3,68,10,0.4557,0.0
pessimistic,250,load_aware,3,3,3,85,10,0.4395,0.0
pessimistic,250,load_aware,3,3,3,79,4,0.3083,0.0
pessimistic,250,load_aware,3,3,3,148,13,0.8445,0.0
pessimistic,250,load_aware,3,3,3,247,5,0.3359,0.0
pessimistic,250,load_aware,3,3,3,71,2,0.7413,0.0
pessimistic,250,load_aware,3,3,3,125,17,0.7587,0.0
pessimistic,250,load_aware,3,3,3,129,11,0.7113,0.0
pessimistic,250,load_aware,3,3,3,247,34,0.3676,0.0
pessimistic,250,load_aware,3,3,3,68,5,0.3585,0.0
pessimistic,250,load_aware,3,3,3,194,16,0.3308,0.0
pessimistic,250,load_aware,3,3,3,247,34,0.5249,0.0
pessimistic,250,load_aware,3,3,3,178,19,0.7084,5.0
pessimistic,250,load_aware,3,3,3,194,17,0.7587,0.0
pessimistic,250,load_aware,3,3,3,119,15,0.9802,0.0
pessimistic,250,load_aware,3,3,3,129,3,0.6661,5.0
pessimistic,250,load_aware,3,3,3,96,11,0.7113,0.0
pessimistic,250,load_aware,3,3,3,241,11,0.7113,0.0
pessimistic,250,load_aware,3,3,3,37,18,0.458,0.0
pessimistic,250,load_aware,3,3,3,68,25,0.2638,0.0
pessimistic,250,load_aware,3,3,3,163,26,0.6907,0.0
pessimistic,250,load_aware,3,3,3,163,23,0.6991,0.0
pessimistic,250,load_aware,3,3,3,167,24,0.8774,0.0
pessimistic,250,load_aware,3,3,3,77,34,0.9932,0.0
pessimistic,250,load_aware,3,3,3,160,33,0.0089,0.0
pessimistic,250,load_aware,3,3,3,77,39,0.2948,0.0
pessimistic,250,load_aware,3,3,3,97,17,0.7587,5.0
pessimistic,250,load_aware,3,3,3,128,2,0.9852,0.0
pessimistic,250,load_aware,3,3,3,77,39,0.2948,0.0
pessimistic,250,load_aware,3,3,3,97,17,0.7587,0.0
pessimistic,250,load_aware,3,3,3,97,17,0.7587,0.0
pessimistic,250,load_aware,3,3,3,128,19,0.8993,0.0
pessimistic,250,load_aware,3,3,3,159,34,0.4442,5.0
pessimistic,250,load_aware,3,3,3,128,19,0.8993,0.0
pessimistic,250,load_aware,3,3,3,161,26,0.5457,0.0
pessimistic,250,load_aware,3,3,3,92,32,0.9207,0.0
pessimistic,250,load_aware,3,3,3,75,6,0.9802,0.0
pessimistic,250,load_aware,3,3,3,189,27,0.3338,0.0
pessimistic,250,load_aware,3,3,3,77,36,0.7832,0.0
pessimistic,250,load_aware,3,3,3,226,16,0.7457,0.0
pessimistic,250,load_aware,3,3,3,51,36,0.5467,0.0
pessimistic,250,load_aware,3,3,3,77,39,0.9705,0.0
pessimistic,250,load_aware,3,3,3,86,16,0.8377,0.0
pessimistic,250,load_aware,3,3,3,226,35,0.9487,0.0
pessimistic,250,load_aware,3,3,3,86,31,0.3463,0.0
pessimistic,250,load_aware,3,3,3,103,17,0.7587,5.0
pessimistic,250,load_aware,3,3,3,86,26,0.9071,0.0
pessimistic,250,load_aware,3,3,3,161,5,0.8949,0.0
pessimistic,250,load_aware,3,3,3,162,22,0.9764,0.0
pessimistic,250,load_aware,3,3,3,166,30,0.3447,0.0
pessimistic,250,load_aware,3,3,3,185,15,0.9752,5.0
pessimistic,250,load_aware,3,3,3,217,15,0.828,5.0
pessimistic,250,load_aware,3,3,3,86,16,0.5415,0.0
pessimistic,250,load_aware,3,3,3,49,27,0.3338,5.0
pessimistic,250,load_aware,3,3,3,162,3,0.4493,5.0
pessimistic,250,load_aware,3,3,3,169,5,0.499,0.0
pessimistic,250,load_aware,3,3,3,9,4,0.3159,0.0
pessimistic,250,load_aware,3,3,3,49,10,0.4557,0.0
pessimistic,250,load_aware,3,3,3,185,1,0.3119,0.0
pessimistic,250,load_aware,3,3,3,238,22,0.9649,0.0
pessimistic,250,load_aware,3,3,3,49,5,0.9998,0.0
pessimistic,250,load_aware,3,3,3,49,34,0.9775,5.0
pessimistic,250,load_aware,3,3,3,59,9,0.4779,0.0
pessimistic,250,load_aware,3,3,3,135,24,0.7278,0.0
pessimistic,250,load_aware,3,3,3,49,34,0.9932,0.0
pessimistic,250,load_aware,3,3,3,171,37,0.9964,0.0
pessimistic,250,load_aware,3,3,3,49,5,0.9362,0.0
pessimistic,250,load_aware,3,3,3,162,18,0.2385,0.0
pessimistic,250,load_aware,3,3,3,171,37,0.9964,0.0
pessimistic,250,load_aware,3,3,3,245,18,0.3964,0.0
pessimistic,250,load_aware,3,3,3,4,7,0.9568,0.0
pessimistic,250,load_aware,3,3,3,1,31,0.8399,0.0
pessimistic,250,load_aware,3,3,3,34,34,0.9193,0.0
pessimistic,250,load_aware,3,3,3,246,34,0.9932,5.0
pessimistic,250,load_aware,3,3,3,1,20,0.8384,0.0
pessimistic,250,load_aware,3,3,3,49,26,0.1701,0.0
pessimistic,250,load_aware,3,3,3,49,14,0.0956,0.0
pessimistic,250,load_aware,3,3,3,208,27,0.3338,0.0
pessimistic,250,load_aware,3,3,3,16,29,0.7262,0.0
pessimistic,250,load_aware,3,3,3,198,30,0.3447,0.0
pessimistic,250,load_aware,3,3,3,208,27,0.4396,0.0
pessimistic,250,load_aware,3,3,3,208,26,0.7312,0.0
pessimistic,250,load_aware,3,3,3,228,26,0.5095,0.0
pessimistic,250,load_aware,3,3,3,237,34,0.9932,0.0
pessimistic,250,load_aware,3,3,3,190,33,0.5838,0.0
pessimistic,250,load_aware,3,3,3,180,4,0.3083,0.0
pessimistic,250,load_aware,3,3,3,208,3,0.6825,0.0
pessimistic,250,load_aware,3,3,3,79,15,0.2647,0.0
pessimistic,250,load_aware,3,3,3,144,38,0.1091,0.0
pessimistic,250,load_aware,3,3,3,180,4,0.3083,5.0
pessimistic,250,load_aware,3,3,3,79,15,0.9752,0.0
pessimistic,250,load_aware,3,3,3,105,33,0.7351,5.0
pessimistic,250,load_aware,3,3,3,190,33,0.4728,0.0
pessimistic,250,load_aware,3,3,3,104,5,0.8988,0.0
pessimistic,250,load_aware,3,3,3,105,13,0.8586,0.0
pessimistic,250,load_aware,3,3,3,2,13,0.9104,0.0
pessimistic,250,load_aware,3,3,3,161,15,0.9752,0.0
pessimistic,250,load_aware,3,3,3,161,15,0.9752,0.0
pessimistic,250,load_aware,3,3,3,155,2,0.9682,0.0
pessimistic,250,load_aware,3,3,3,219,18,0.458,5.0
pessimistic,250,load_aware,3,3,3,62,34,0.9932,0.0
pessimistic,250,load_aware,3,3,3,2,10,0.465,0.0
pessimistic,250,load_aware,3,3,3,2,12,0.2932,0.0
pessimistic,250,load_aware,3,3,3,89,10,0.4178,0.0
pessimistic,250,load_aware,3,3,3,46,4,0.3083,0.0
pessimistic,250,load_aware,3,3,3,89,10,0.4557,0.0
pessimistic,250,load_aware,3,3,3,48,31,0.2709,0.0
pessimistic,250,load_aware,3,3,3,53,31,0.8179,0.0
pessimistic,250,load_aware,3,3,3,227,32,0.9829,0.0
pessimistic,250,load_aware,3,3,3,131,10,0.434,0.0
pessimistic,250,load_aware,3,3,3,93,16,0.248,0.0
pessimistic,250,load_aware,3,3,3,189,19,0.7084,5.0
pessimistic,250,load_aware,3,3,3,232,34,0.9932,0.0
pessimistic,250,load_aware,3,3,3,52,39,0.2948,0.0
pessimistic,250,load_aware,3,3,3,189,19,0.7029,0.0
pessimistic,250,load_aware,3,3,3,117,15,0.9752,0.0
pessimistic,250,load_aware,3,3,3,140,35,0.4297,0.0
pessimistic,250,load_aware,3,3,3,181,3,0.4378,0.0
pessimistic,250,load_aware,3,3,3,52,18,0.1848,0.0
pessimistic,250,load_aware,3,3,3,113,17,0.7587,5.0
pessimistic,250,load_aware,3,3,3,182,18,0.7839,0.0
pessimistic,250,load_aware,3,3,3,35,14,0.9826,0.0
pessimistic,250,load_aware,3,3,3,151,15,0.9752,0.0
pessimistic,250,load_aware,3,3,3,196,27,0.5424,0.0
pessimistic,250,load_aware,3,3,3,116,15,0.9752,5.0
pessimistic,250,load_aware,3,3,3,196,33,0.3163,0.0
pessimistic,250,load_aware,3,3,3,241,27,0.0351,0.0
pessimistic,250,load_aware,3,3,3,241,13,0.9429,0.0
pessimistic,250,load_aware,3,3,3,104,5,0.9605,0.0
pessimistic,250,load_aware,3,3,3,66,34,0.9932,5.0
pessimistic,250,load_aware,3,3,3,63,10,0.4557,0.0
pessimistic,250,load_aware,3,3,3,106,36,0.7324,0.0
pessimistic,250,load_aware,3,3,3,184,35,0.6477,0.0
pessimistic,250,load_aware,3,3,3,63,27,0.3338,0.0
pessimistic,250,load_aware,3,3,3,123,10,0.4557,0.0
pessimistic,250,load_aware,3,3,3,246,15,0.9752,60.0
pessimistic,250,load_aware,3,3,3,246,34,0.9932,5.0
pessimistic,250,load_aware,3,3,3,50,27,0.3338,0.0
pessimistic,250,load_aware,3,3,3,100,39,0.2948,0.0
pessimistic,250,load_aware,3,3,3,246,35,0.9439,0.0
pessimistic,250,load_aware,3,3,3,23,27,0.3338,5.0
pessimistic,250,load_aware,3,3,3,50,5,0.9767,0.0
pessimistic,250,load_aware,3,3,3,43,7,0.9902,0.0
pessimistic,250,load_aware,3,3,3,8,16,0.2986,0.0
pessimistic,250,load_aware,3,3,3,204,19,0.4137,0.0
pessimistic,250,load_aware,3,3,3,211,36,0.2207,0.0
pessimistic,250,load_aware,3,3,3,204,15,0.9752,5.0
pessimistic,250,load_aware,3,3,3,211,15,0.8149,0.0
pessimistic,250,load_aware,3,3,3,237,39,0.2948,0.0
pessimistic,250,load_aware,3,3,3,204,30,0.9493,0.0
pessimistic,250,load_aware,3,3,3,211,29,0.8478,0.0
pessimistic,250,load_aware,3,3,3,8,16,0.2899,0.0
pessimistic,250,load_aware,3,3,3,43,2,0.7789,0.0
pessimistic,250,load_aware,3,3,3,8,16,0.6682,0.0
pessimistic,250,load_aware,3,3,3,8,20,0.8333,0.0
pessimistic,250,load_aware,3,3,3,204,26,0.9761,0.0
pessimistic,250,load_aware,3,3,3,78,7,0.8861,0.0
pessimistic,250,load_aware,3,3,3,8,33,0.5794,0.0
pessimistic,250,load_aware,3,3,3,48,22,0.9713,0.0
pessimistic,250,load_aware,3,3,3,8,9,0.6495,0.0
pessimistic,250,load_aware,3,3,3,102,13,0.9391,0.0
pessimistic,250,load_aware,3,3,3,111,15,0.9752,0.0
pessimistic,250,load_aware,3,3,3,183,17,0.7587,0.0
pessimistic,250,load_aware,3,3,3,183,17,0.7587,0.0
pessimistic,250,load_aware,3,3,3,104,5,0.8453,0.0
pessimistic,250,load_aware,3,3,3,24,27,0.3338,0.0
pessimistic,250,load_aware,3,3,3,125,31,0.863,0.0
pessimistic,250,load_aware,3,3,3,148,35,0.6558,0.0
pessimistic,250,load_aware,3,3,3,200,4,0.2929,0.0
pessimistic,250,load_aware,3,3,3,240,4,0.2404,0.0
pessimistic,250,load_aware,3,3,3,240,38,0.9523,0.0
pessimistic,250,load_aware,3,3,3,154,13,0.6061,0.0
pessimistic,250,load_aware,3,3,3,199,10,0.4175,0.0
pessimistic,250,load_aware,3,3,3,32,2,0.7722,0.0
pessimistic,250,load_aware,3,3,3,249,18,0.458,0.0
pessimistic,250,load_aware,3,3,3,50,11,0.6337,0.0
pessimistic,250,load_aware,3,3,3,148,7,0.9255,0.0
pessimistic,250,load_aware,3,3,3,199,23,0.7998,0.0
pessimistic,250,load_aware,3,3,3,221,34,0.9932,0.0
pessimistic,250,load_aware,3,3,3,200,4,0.1248,0.0
pessimistic,250,load_aware,3,3,3,223,24,0.4128,0.0
pessimistic,250,load_aware,3,3,3,240,5,0.8971,0.0
pessimistic,250,load_aware,3,3,3,84,33,0.578,0.0
pessimistic,250,load_aware,3,3,3,154,10,0.683,0.0
pessimistic,250,load_aware,3,3,3,199,6,0.3772,0.0
pessimistic,250,load_aware,3,3,3,146,15,0.9752,0.0
pessimistic,250,load_aware,3,3,3,66,3,0.8052,0.0
pessimistic,250,load_aware,3,3,3,13,18,0.458,0.0
pessimistic,250,load_aware,3,3,3,200,13,0.8953,5.0
pessimistic,250,load_aware,3,3,3,58,4,0.3083,0.0
pessimistic,250,load_aware,3,3,3,199,36,0.1769,0.0
pessimistic,250,load_aware,3,3,3,199,36,0.176,0.0
pessimistic,250,load_aware,3,3,3,147,27,0.4542,0.0
pessimistic,250,load_aware,3,3,3,20,11,0.7113,0.0
pessimistic,250,load_aware,3,3,3,207,17,0.7587,0.0
pessimistic,250,load_aware,3,3,3,100,35,0.821,0.0
pessimistic,250,load_aware,3,3,3,115,17,0.7179,0.0
pessimistic,250,load_aware,3,3,3,207,17,0.7587,0.0
pessimistic,250,load_aware,3,3,3,127,13,0.8446,0.0
pessimistic,250,load_aware,3,3,3,30,15,0.7397,0.0
pessimistic,250,load_aware,3,3,3,100,31,0.7263,0.0
pessimistic,250,load_aware,3,3,3,122,8,0.6238,0.0
pessimistic,250,load_aware,3,3,3,207,26,0.7238,5.0
pessimistic,250,load_aware,3,3,3,22,34,0.9932,5.0
pessimistic,250,load_aware,3,3,3,142,39,0.2948,0.0
pessimistic,250,load_aware,3,3,3,142,39,0.2948,0.0
pessimistic,250,load_aware,3,3,3,218,35,0.288,0.0
pessimistic,250,load_aware,3,3,3,96,7,0.7696,0.0
pessimistic,250,load_aware,3,3,3,207,26,0.36,0.0
pessimistic,250,load_aware,3,3,3,215,3,0.4381,0.0
pessimistic,250,load_aware,3,3,3,157,36,0.8327,5.0
pessimistic,250,load_aware,3,3,3,239,15,0.9752,0.0
pessimistic,250,load_aware,3,3,3,25,34,0.9932,5.0
pessimistic,250,load_aware,3,3,3,27,4,0.3083,0.0
pessimistic,250,load_aware,3,3,3,207,20,0.9571,0.0
pessimistic,250,load_aware,3,3,3,7,34,0.7403,0.0
pessimistic,250,load_aware,3,3,3,25,34,0.5036,0.0
pessimistic,250,load_aware,3,3,3,27,4,0.3083,5.0
pessimistic,250,load_aware,3,3,3,38,4,0.8608,5.0
pessimistic,250,load_aware,3,3,3,90,17,0.346,0.0
pessimistic,250,load_aware,3,3,3,101,17,0.7587,5.0
pessimistic,250,load_aware,3,3,3,172,19,0.7084,0.0
pessimistic,250,load_aware,3,3,3,7,34,0.7403,5.0
pessimistic,250,load_aware,3,3,3,25,34,0.5036,5.0
pessimistic,250,load_aware,3,3,3,90,1,0.9028,0.0
pessimistic,250,load_aware,3,3,3,102,38,0.8479,0.0
pessimistic,250,load_aware,3,3,3,5,18,0.458,5.0
pessimistic,250,load_aware,3,3,3,94,15,0.9752,0.0
pessimistic,250,load_aware,3,3,3,136,18,0.458,5.0
pessimistic,250,load_aware,3,3,3,27,3,0.361,25.0
pessimistic,250,load_aware,3,3,3,76,3,0.5192,5.0
pessimistic,250,load_aware,3,3,3,10,37,0.6633,0.0
pessimistic,250,load_aware,3,3,3,38,34,0.9529,0.0
pessimistic,250,load_aware,3,3,3,74,33,0.7252,0.0
pessimistic,250,load_aware,3,3,3,5,35,0.928,5.0
pessimistic,250,load_aware,3,3,3,45,29,0.791,0.0
pessimistic,250,load_aware,3,3,3,74,20,0.9765,0.0
pessimistic,250,load_aware,3,3,3,72,15,0.9617,0.0
pessimistic,250,load_aware,3,3,3,18,13,0.6047,0.0
pessimistic,250,load_aware,3,3,3,82,36,0.5129,5.0
pessimistic,250,load_aware,3,3,3,10,37,0.3312,0.0
pessimistic,250,load_aware,3,3,3,5,29,0.718,0.0
pessimistic,250,load_aware,3,3,3,17,4,0.3083,0.0
pessimistic,250,load_aware,3,3,3,150,34,0.9932,10.0
pessimistic,250,load_aware,3,3,3,224,7,0.832,0.0
pessimistic,250,load_aware,3,3,3,224,7,0.832,0.0
pessimistic,250,load_aware,3,3,3,46,22,0.9881,0.0
pessimistic,250,load_aware,3,3,3,57,24,0.7278,0.0
pessimistic,250,load_aware,3,3,3,98,15,0.7482,0.0
pessimistic,250,load_aware,3,3,3,121,16,0.4267,0.0
pessimistic,250,load_aware,3,3,3,175,35,0.7665,0.0
pessimistic,250,load_aware,3,3,3,0,34,0.9932,40.0
pessimistic,250,load_aware,3,3,3,57,24,0.3703,5.0
pessimistic,250,load_aware,3,3,3,121,24,0.7278,5.0
pessimistic,250,load_aware,3,3,3,121,24,0.5126,5.0
pessimistic,250,load_aware,3,3,3,158,16,0.2935,0.0
pessimistic,250,load_aware,3,3,3,138,30,0.3447,0.0
pessimistic,250,load_aware,3,3,3,236,5,0.906,0.0
pessimistic,250,load_aware,3,3,3,175,31,0.5664,0.0
pessimistic,250,load_aware,3,3,3,190,39,0.2948,5.0
pessimistic,250,load_aware,3,3,3,212,10,0.4177,0.0
pessimistic,250,load_aware,3,3,3,97,30,0.2556,5.0
pessimistic,250,load_aware,3,3,3,110,17,0.7587,0.0
pessimistic,250,load_aware,3,3,3,51,2,0.9829,0.0
pessimistic,250,load_aware,3,3,3,80,34,0.9932,10.0
pessimistic,250,load_aware,3,3,3,110,19,0.7075,0.0
pessimistic,250,load_aware,3,3,3,70,4,0.3083,0.0
pessimistic,250,load_aware,3,3,3,110,19,0.7075,0.0
pessimistic,250,load_aware,3,3,3,76,11,0.7113,0.0
pessimistic,250,load_aware,3,3,3,163,35,0.3652,0.0
pessimistic,250,load_aware,3,3,3,51,6,0.0665,0.0
pessimistic,250,load_aware,3,3,3,70,17,0.5257,0.0
pessimistic,250,load_aware,3,3,3,124,2,0.9931,0.0
pessimistic,250,load_aware,3,3,3,163,15,0.9672,0.0
pessimistic,250,load_aware,3,3,3,51,9,0.9535,0.0
pessimistic,250,load_aware,3,3,3,70,38,0.911,5.0
pessimistic,250,load_aware,3,3,3,163,4,0.305,0.0
pessimistic,250,load_aware,3,3,3,40,19,0.7084,0.0
pessimistic,250,load_aware,3,3,3,110,35,0.2447,0.0
pessimistic,250,load_aware,3,3,3,142,23,0.9114,0.0
pessimistic,250,load_aware,3,3,3,115,27,0.9198,0.0
pessimistic,250,load_aware,3,3,3,142,13,0.8429,0.0
pessimistic,250,load_aware,3,3,3,187,36,0.4699,0.0
pessimistic,250,load_aware,3,3,3,22,16,0.9566,0.0
pessimistic,250,load_aware,3,3,3,152,10,0.4557,0.0
pessimistic,250,load_aware,3,3,3,22,32,0.6153,0.0
pessimistic,250,load_aware,3,3,3,22,13,0.9454,0.0
pessimistic,250,load_aware,3,3,3,60,6,0.7569,0.0
pessimistic,250,load_aware,3,3,3,87,18,0.458,0.0
pessimistic,250,load_aware,3,3,3,210,34,0.8134,0.0
pessimistic,250,load_aware,3,3,3,152,10,0.1833,5.0
pessimistic,250,load_aware,3,3,3,56,28,0.2615,0.0
pessimistic,250,load_aware,3,3,3,222,34,0.9932,0.0
pessimistic,250,load_aware,3,3,3,227,11,0.7113,0.0
pessimistic,250,load_aware,3,3,3,29,10,0.4229,5.0
pessimistic,250,load_aware,3,3,3,152,10,0.4172,0.0
pessimistic,250,load_aware,3,3,3,245,36,0.7299,0.0
pessimistic,250,load_aware,3,3,3,56,7,0.7411,0.0
pessimistic,250,load_aware,3,3,3,169,3,0.6529,0.0
pessimistic,250,load_aware,3,3,3,29,32,0.9285,0.0
pessimistic,250,load_aware,3,3,3,57,26,0.8903,0.0
pessimistic,250,load_aware,3,3,3,160,15,0.9716,5.0
pessimistic,250,load_aware,3,3,3,45,36,0.3665,5.0
pessimistic,250,load_aware,3,3,3,57,26,0.3722,0.0
pessimistic,250,load_aware,3,3,3,45,4,0.1513,0.0
pessimistic,250,load_aware,3,3,3,56,7,0.5856,0.0
pessimistic,250,load_aware,3,3,3,160,1,0.7489,0.0
pessimistic,250,load_aware,3,3,3,243,29,0.8004,0.0
pessimistic,250,load_aware,3,3,3,248,2,0.7526,0.0
pessimistic,250,load_aware,3,3,3,34,0,0.9912,0.0
pessimistic,250,load_aware,3,3,3,21,27,0.3338,0.0
pessimistic,250,load_aware,3,3,3,103,39,0.2948,0.0
pessimistic,250,load_aware,3,3,3,103,39,0.2948,0.0
pessimistic,250,load_aware,3,3,3,248,38,0.8797,0.0
pessimistic,250,load_aware,3,3,3,88,25,0.4096,0.0
pessimistic,250,load_aware,3,3,3,248,17,0.3617,0.0
pessimistic,250,load_aware,3,3,3,88,36,0.4318,5.0
pessimistic,250,load_aware,3,3,3,195,15,0.9752,0.0
pessimistic,250,load_aware,3,3,3,134,37,0.7778,0.0
pessimistic,250,load_aware,3,3,3,81,5,0.9206,0.0
pessimistic,250,load_aware,3,3,3,176,34,0.7931,0.0
pessimistic,250,load_aware,3,3,3,64,35,0.4853,0.0
pessimistic,250,load_aware,3,3,3,81,11,0.5944,0.0
pessimistic,250,load_aware,3,3,3,94,2,0.8553,0.0
pessimistic,250,load_aware,3,3,3,212,35,0.4272,0.0
pessimistic,250,load_aware,3,3,3,156,1,0.8699,0.0
pessimistic,250,load_aware,3,3,3,36,34,0.9932,0.0
pessimistic,250,load_aware,3,3,3,36,18,0.458,0.0
pessimistic,250,load_aware,3,3,3,107,22,0.9626,0.0
pessimistic,250,load_aware,3,3,3,192,18,0.458,0.0
pessimistic,250,load_aware,3,3,3,36,30,0.3447,0.0
pessimistic,250,load_aware,3,3,3,217,3,0.6097,5.0
pessimistic,250,load_aware,3,3,3,217,4,0.3083,0.0
pessimistic,250,load_aware,3,3,3,217,4,0.3083,0.0
pessimistic,250,load_aware,3,3,3,26,33,0.6132,0.0
pessimistic,250,load_aware,3,3,3,217,4,0.3083,0.0
pessimistic,250,load_aware,3,3,3,11,3,0.5595,5.0
pessimistic,250,load_aware,3,3,3,231,3,0.8579,5.0
pessimistic,250,load_aware,3,3,3,168,35,0.7505,0.0
pessimistic,250,load_aware,3,3,3,197,7,0.6754,0.0
pessimistic,250,load_aware,3,3,3,197,7,0.6754,0.0
pessimistic,250,load_aware,3,3,3,114,22,0.9877,0.0
pessimistic,250,load_aware,3,3,3,217,32,0.983,0.0
pessimistic,250,load_aware,3,3,3,67,4,0.1883,0.0
pessimistic,250,load_aware,3,3,3,180,34,0.9932,5.0
pessimistic,250,load_aware,3,3,3,208,16,0.6127,0.0
pessimistic,250,load_aware,3,3,3,217,32,0.9126,0.0
pessimistic,250,load_aware,3,3,3,67,4,0.1883,0.0
pessimistic,250,load_aware,3,3,3,208,10,0.4557,5.0
pessimistic,250,load_aware,3,3,3,203,17,0.7587,0.0
pessimistic,250,load_aware,3,3,3,6,26,0.7591,0.0
pessimistic,250,load_aware,3,3,3,203,17,0.7587,0.0
pessimistic,250,load_aware,3,3,3,151,39,0.2529,5.0
pessimistic,250,load_aware,3,3,3,16,38,0.9358,0.0
pessimistic,250,load_aware,3,3,3,93,37,0.7194,5.0
pessimistic,250,load_aware,3,3,3,180,35,0.9439,0.0
pessimistic,250,load_aware,3,3,3,16,38,0.9358,0.0
pessimistic,250,load_aware,3,3,3,69,10,0.2089,0.0
pessimistic,250,load_aware,3,3,3,172,16,0.4242,0.0
pessimistic,250,load_aware,3,3,3,181,10,0.4176,5.0
pessimistic,250,load_aware,3,3,3,16,36,0.1657,0.0
pessimistic,250,load_aware,3,3,3,203,27,0.0487,0.0
pessimistic,250,load_aware,3,3,3,180,2,0.6034,0.0
pessimistic,250,load_aware,3,3,3,203,27,0.3338,0.0
pessimistic,250,load_aware,3,3,3,85,17,0.7587,0.0
pessimistic,250,load_aware,3,3,3,120,5,0.908,0.0
pessimistic,250,load_aware,3,3,3,180,2,0.8918,0.0
pessimistic,250,load_aware,3,3,3,93,10,0.6359,0.0
pessimistic,250,load_aware,3,3,3,181,31,0.3084,0.0
pessimistic,250,load_aware,3,3,3,164,3,0.8713,0.0
pessimistic,250,load_aware,3,3,3,181,4,0.1841,0.0
pessimistic,250,load_aware,3,3,3,164,15,0.9752,0.0
pessimistic,250,load_aware,3,3,3,181,4,0.2602,5.0
pessimistic,250,load_aware,3,3,3,203,38,0.8073,0.0
pessimistic,250,load_aware,3,3,3,161,34,0.9932,0.0
pessimistic,250,load_aware,3,3,3,61,27,0.3338,0.0
pessimistic,250,load_aware,3,3,3,135,34,0.9932,0.0
pessimistic,250,load_aware,3,3,3,52,27,0.3338,0.0
pessimistic,250,load_aware,3,3,3,9,19,0.7084,0.0
pessimistic,250,load_aware,3,3,3,159,31,0.7264,0.0
pessimistic,250,load_aware,3,3,3,161,24,0.2642,0.0
pessimistic,250,load_aware,3,3,3,92,3,0.9357,0.0
pessimistic,250,load_aware,3,3,3,129,34,0.9932,0.0
pessimistic,250,load_aware,3,3,3,79,30,0.3447,0.0
pessimistic,250,load_aware,3,3,3,159,30,0.6985,0.0
pessimistic,250,load_aware,3,3,3,63,27,0.3338,0.0
pessimistic,250,load_aware,3,3,3,159,18,0.458,0.0
pessimistic,250,load_aware,3,3,3,182,27,0.3338,0.0
pessimistic,250,load_aware,3,3,3,200,24,0.7278,0.0
pessimistic,250,load_aware,3,3,3,219,0,0.2496,0.0
pessimistic,250,load_aware,3,3,3,86,39,0.2908,0.0
pessimistic,250,load_aware,3,3,3,226,30,0.3447,0.0
pessimistic,250,load_aware,3,3,3,167,13,0.9968,0.0
pessimistic,250,load_aware,3,3,3,31,13,0.9576,0.0
pessimistic,250,load_aware,3,3,3,167,32,0.7637,0.0
pessimistic,250,load_aware,3,3,3,198,32,0.8822,0.0
pessimistic,250,load_aware,3,3,3,219,37,0.7935,0.0
pessimistic,250,load_aware,3,3,3,113,10,0.4557,0.0
pessimistic,250,load_aware,3,3,3,145,15,0.9752,0.0
pessimistic,250,load_aware,3,3,3,144,3,0.471,0.0
pessimistic,250,load_aware,3,3,3,196,19,0.7084,0.0
pessimistic,250,load_aware,3,3,3,196,19,0.7084,0.0
pessimistic,250,load_aware,3,3,3,15,16,0.5538,0.0
pessimistic,250,load_aware,3,3,3,59,26,0.6611,5.0
pessimistic,250,load_aware,3,3,3,185,26,0.4867,0.0
pessimistic,250,load_aware,3,3,3,43,12,0.9411,0.0
pessimistic,250,load_aware,3,3,3,185,10,0.4557,0.0
pessimistic,250,load_aware,3,3,3,49,2,0.8053,0.0
pessimistic,250,load_aware,3,3,3,1,36,0.4601,0.0
pessimistic,250,load_aware,3,3,3,53,17,0.673,0.0
pessimistic,250,load_aware,3,3,3,106,34,0.9253,0.0
pessimistic,250,load_aware,3,3,3,106,29,0.719,0.0
pessimistic,250,load_aware,3,3,3,238,24,0.7728,5.0
pessimistic,250,load_aware,3,3,3,117,14,0.5266,0.0
pessimistic,250,load_aware,3,3,3,89,10,0.4557,0.0
pessimistic,250,load_aware,3,3,3,195,30,0.1084,0.0
pessimistic,250,load_aware,3,3,3,208,34,0.9932,5.0
pessimistic,250,load_aware,3,3,3,89,10,0.4172,0.0
pessimistic,250,load_aware,3,3,3,211,1,0.818,0.0
pessimistic,250,load_aware,3,3,3,104,26,0.3393,0.0
pessimistic,250,load_aware,3,3,3,68,11,0.3854,0.0
pessimistic,250,load_aware,3,3,3,94,3,0.7626,0.0
pessimistic,250,load_aware,3,3,3,171,15,0.9752,0.0
pessimistic,250,load_aware,3,3,3,68,11,0.4621,0.0
pessimistic,250,load_aware,3,3,3,89,11,0.5382,5.0
pessimistic,250,load_aware,3,3,3,195,30,0.2966,0.0
pessimistic,250,load_aware,3,3,3,61,31,0.9366,0.0
pessimistic,250,load_aware,3,3,3,104,7,0.994,0.0
pessimistic,250,load_aware,3,3,3,111,19,0.7084,0.0
pessimistic,250,load_aware,3,3,3,89,19,0.2803,5.0
pessimistic,250,load_aware,3,3,3,111,26,0.363,0.0
pessimistic,250,load_aware,3,3,3,32,38,0.3798,0.0
pessimistic,250,load_aware,3,3,3,75,33,0.8856,5.0
pessimistic,250,load_aware,3,3,3,75,27,0.3338,0.0
pessimistic,250,load_aware,3,3,3,78,2,0.8981,0.0
pessimistic,250,load_aware,3,3,3,123,2,0.5921,5.0
pessimistic,250,load_aware,3,3,3,128,27,0.3338,0.0
pessimistic,250,load_aware,3,3,3,78,39,0.6205,0.0
pessimistic,250,load_aware,3,3,3,129,22,0.9643,0.0
pessimistic,250,load_aware,3,3,3,166,11,0.7113,0.0
pessimistic,250,load_aware,3,3,3,78,39,0.6205,0.0
pessimistic,250,load_aware,3,3,3,129,15,0.4259,0.0
pessimistic,250,load_aware,3,3,3,162,27,0.3338,0.0
pessimistic,250,load_aware,3,3,3,164,27,0.3338,0.0
pessimistic,250,load_aware,3,3,3,182,34,0.9932,0.0
pessimistic,250,load_aware,3,3,3,126,11,0.7113,0.0
pessimistic,250,load_aware,3,3,3,246,16,0.3088,0.0
pessimistic,250,load_aware,3,3,3,48,15,0.9752,0.0
pessimistic,250,load_aware,3,3,3,164,29,0.8199,0.0
pessimistic,250,load_aware,3,3,3,48,15,0.9752,0.0
pessimistic,250,load_aware,3,3,3,129,15,0.8013,0.0
pessimistic,250,load_aware,3,3,3,164,15,0.9663,0.0
pessimistic,250,load_aware,3,3,3,18,34,0.932,0.0
pessimistic,250,load_aware,3,3,3,48,34,0.9932,0.0
pessimistic,250,load_aware,3,3,3,229,37,0.9801,0.0
pessimistic,250,load_aware,3,3,3,246,10,0.2232,0.0
pessimistic,250,load_aware,3,3,3,59,34,0.4308,0.0
pessimistic,250,load_aware,3,3,3,131,24,0.7278,0.0
pessimistic,250,load_aware,3,3,3,247,4,0.3083,0.0
pessimistic,250,load_aware,3,3,3,244,24,0.7278,0.0
pessimistic,250,load_aware,3,3,3,58,39,0.2948,0.0
pessimistic,250,load_aware,3,3,3,0,4,0.3083,0.0
pessimistic,250,load_aware,3,3,3,58,3,0.3852,0.0
pessimistic,250,load_aware,3,3,3,119,9,0.8468,0.0
pessimistic,250,load_aware,3,3,3,247,32,0.9413,0.0
pessimistic,250,load_aware,3,3,3,37,12,0.9099,0.0
pessimistic,250,load_aware,3,3,3,189,16,0.3495,0.0
pessimistic,250,load_aware,3,3,3,244,13,0.8656,0.0
pessimistic,250,load_aware,3,3,3,78,29,0.7709,0.0
pessimistic,250,load_aware,3,3,3,189,16,0.3507,0.0
pessimistic,250,load_aware,3,3,3,62,7,0.9391,0.0
pessimistic,250,load_aware,3,3,3,204,17,0.7587,0.0
pessimistic,250,load_aware,3,3,3,247,39,0.3032,0.0
pessimistic,250,load_aware,3,3,3,244,13,0.7242,0.0
pessimistic,250,load_aware,3,3,3,111,7,0.8217,0.0
pessimistic,250,load_aware,3,3,3,111,5,0.9135,0.0
pessimistic,250,load_aware,3,3,3,27,35,0.4913,0.0
pessimistic,250,load_aware,3,3,3,105,15,0.9752,0.0
pessimistic,250,load_aware,3,3,3,247,30,0.3741,0.0
pessimistic,250,load_aware,3,3,3,105,15,0.9752,0.0
pessimistic,250,load_aware,3,3,3,27,35,0.8658,0.0
pessimistic,250,load_aware,3,3,3,112,35,0.9752,0.0
pessimistic,250,load_aware,3,3,3,127,19,0.7084,0.0
pessimistic,250,load_aware,3,3,3,127,19,0.7084,0.0
pessimistic,250,load_aware,3,3,3,4,1,0.5213,0.0
pessimistic,250,load_aware,3,3,3,228,7,0.5863,0.0
pessimistic,250,load_aware,3,3,3,92,34,0.9932,5.0
pessimistic,250,load_aware,3,3,3,127,19,0.7029,0.0
pessimistic,250,load_aware,3,3,3,232,17,0.7587,0.0
pessimistic,250,load_aware,3,3,3,77,30,0.3447,0.0
pessimistic,250,load_aware,3,3,3,92,34,0.8905,5.0
pessimistic,250,load_aware,3,3,3,232,30,0.3447,0.0
pessimistic,250,load_aware,3,3,3,232,18,0.458,0.0
pessimistic,250,load_aware,3,3,3,84,14,0.3094,0.0
pessimistic,250,load_aware,3,3,3,229,27,0.3338,0.0
pessimistic,250,load_aware,3,3,3,249,26,0.6506,0.0
pessimistic,250,load_aware,3,3,3,38,34,0.9932,0.0
pessimistic,250,load_aware,3,3,3,249,17,0.7587,0.0
pessimistic,250,load_aware,3,3,3,249,30,0.2343,0.0
pessimistic,250,load_aware,3,3,3,2,15,0.9694,0.0
pessimistic,250,load_aware,3,3,3,14,29,0.9114,5.0
pessimistic,250,load_aware,3,3,3,155,22,0.9748,0.0
pessimistic,250,load_aware,3,3,3,155,15,0.9752,0.0
pessimistic,250,load_aware,3,3,3,249,30,0.3272,0.0
pessimistic,250,load_aware,3,3,3,5,17,0.7587,0.0
pessimistic,250,load_aware,3,3,3,67,36,0.8603,0.0
pessimistic,250,load_aware,3,3,3,97,34,0.8441,0.0
pessimistic,250,load_aware,3,3,3,14,3,0.5656,0.0
pessimistic,250,load_aware,3,3,3,17,26,0.4328,0.0
pessimistic,250,load_aware,3,3,3,97,34,0.8441,0.0
pessimistic,250,load_aware,3,3,3,14,34,0.9932,0.0
pessimistic,250,load_aware,3,3,3,58,29,0.9614,0.0
pessimistic,250,load_aware,3,3,3,147,2,0.7411,0.0
pessimistic,250,load_aware,3,3,3,182,34,0.9932,0.0
pessimistic,250,load_aware,3,3,3,122,5,0.8955,0.0
pessimistic,250,load_aware,3,3,3,227,13,0.974,0.0
pessimistic,250,load_aware,3,3,3,35,31,0.4577,0.0
pessimistic,250,load_aware,3,3,3,97,33,0.3964,0.0
pessimistic,250,load_aware,3,3,3,35,37,0.9926,0.0
pessimistic,250,load_aware,3,3,3,167,29,0.7198,0.0
pessimistic,250,load_aware,3,3,3,204,7,0.7293,0.0
pessimistic,250,load_aware,3,3,3,147,16,0.4229,0.0
pessimistic,250,load_aware,3,3,3,29,27,0.786,5.0
pessimistic,250,load_aware,3,3,3,66,27,0.1334,5.0
pessimistic,250,load_aware,3,3,3,29,29,0.0708,0.0
pessimistic,250,load_aware,3,3,3,66,27,0.0437,0.0
pessimistic,250,load_aware,3,3,3,221,2,0.3703,0.0
pessimistic,250,load_aware,3,3,3,147,12,0.946,0.0
pessimistic,250,load_aware,3,3,3,241,19,0.1404,0.0
pessimistic,250,load_aware,3,3,3,240,14,0.9941,0.0
pessimistic,250,load_aware,3,3,3,87,18,0.458,0.0
pessimistic,250,load_aware,3,3,3,240,3,0.6085,0.0
pessimistic,250,load_aware,3,3,3,90,39,0.2948,0.0
pessimistic,250,load_aware,3,3,3,247,5,0.8917,0.0
pessimistic,250,load_aware,3,3,3,87,3,0.6548,0.0
pessimistic,250,load_aware,3,3,3,163,18,0.458,0.0
pessimistic,250,load_aware,3,3,3,180,2,0.3501,0.0
pessimistic,250,load_aware,3,3,3,100,14,0.9803,0.0
pessimistic,250,load_aware,3,3,3,100,10,0.4557,0.0
pessimistic,250,load_aware,3,3,3,156,4,0.5817,0.0
pessimistic,250,load_aware,3,3,3,190,27,0.3338,0.0
pessimistic,250,load_aware,3,3,3,98,16,0.2906,0.0
pessimistic,250,load_aware,3,3,3,116,3,0.4434,0.0
pessimistic,250,load_aware,3,3,3,84,24,0.7278,0.0
pessimistic,250,load_aware,3,3,3,140,13,0.8632,0.0
pessimistic,250,load_aware,3,3,3,146,15,0.97,0.0
pessimistic,250,load_aware,3,3,3,140,32,0.948,0.0
pessimistic,250,load_aware,3,3,3,125,5,0.9167,0.0
pessimistic,250,load_aware,3,3,3,223,17,0.7587,0.0
pessimistic,250,load_aware,3,3,3,223,13,0.8721,0.0
pessimistic,250,load_aware,3,3,3,8,11,0.7113,0.0
pessimistic,250,load_aware,3,3,3,207,36,0.2351,0.0
pessimistic,250,load_aware,3,3,3,8,11,0.6447,5.0
pessimistic,250,load_aware,3,3,3,138,32,0.7575,0.0
pessimistic,250,load_aware,3,3,3,221,29,0.9499,0.0
pessimistic,250,load_aware,3,3,3,123,1,0.4301,0.0
pessimistic,250,load_aware,3,3,3,138,32,0.7575,0.0
pessimistic,250,load_aware,3,3,3,161,15,0.9573,0.0
pessimistic,250,load_aware,3,3,3,123,4,0.8182,0.0
pessimistic,250,load_aware,3,3,3,138,32,0.7575,0.0
pessimistic,250,load_aware,3,3,3,221,34,0.4331,0.0
pessimistic,250,load_aware,3,3,3,138,17,0.8698,5.0
pessimistic,250,load_aware,3,3,3,148,15,0.9752,0.0
pessimistic,250,load_aware,3,3,3,154,30,0.9571,0.0
pessimistic,250,load_aware,3,3,3,199,3,0.7349,5.0
pessimistic,250,load_aware,3,3,3,199,26,0.2491,5.0
pessimistic,250,load_aware,3,3,3,8,33,0.7601,0.0
pessimistic,250,load_aware,3,3,3,71,29,0.9674,0.0
pessimistic,250,load_aware,3,3,3,71,35,0.7295,5.0
pessimistic,250,load_aware,3,3,3,148,15,0.95,5.0
pessimistic,250,load_aware,3,3,3,157,39,0.2948,0.0
pessimistic,250,load_aware,3,3,3,167,17,0.7499,0.0
pessimistic,250,load_aware,3,3,3,232,6,0.9475,0.0
pessimistic,250,load_aware,3,3,3,63,11,0.7113,5.0
pessimistic,250,load_aware,3,3,3,63,5,0.8967,0.0
pessimistic,250,load_aware,3,3,3,245,34,0.9291,0.0
pessimistic,250,load_aware,3,3,3,8,10,0.5682,0.0
pessimistic,250,load_aware,3,3,3,245,34,0.9932,5.0
pessimistic,250,load_aware,3,3,3,8,32,0.7091,0.0
pessimistic,250,load_aware,3,3,3,16,18,0.458,0.0
pessimistic,250,load_aware,3,3,3,16,36,0.3904,5.0
pessimistic,250,load_aware,3,3,3,63,33,0.5972,0.0
pessimistic,250,load_aware,3,3,3,72,33,0.6021,0.0
pessimistic,250,load_aware,3,3,3,71,2,0.6034,0.0
pessimistic,250,load_aware,3,3,3,71,35,0.2841,0.0
pessimistic,250,load_aware,3,3,3,245,35,0.9439,0.0
pessimistic,250,load_aware,3,3,3,63,38,0.9915,0.0
pessimistic,250,load_aware,3,3,3,71,27,0.3338,0.0
pessimistic,250,load_aware,3,3,3,101,1,0.4295,0.0
pessimistic,250,load_aware,3,3,3,121,38,0.649,0.0
pessimistic,250,load_aware,3,3,3,58,18,0.458,0.0
pessimistic,250,load_aware,3,3,3,46,2,0.7996,0.0
pessimistic,250,load_aware,3,3,3,150,16,0.9531,5.0
pessimistic,250,load_aware,3,3,3,203,34,0.9932,0.0
pessimistic,250,load_aware,3,3,3,46,4,0.2092,0.0
pessimistic,250,load_aware,3,3,3,142,4,0.6711,0.0
pessimistic,250,load_aware,3,3,3,247,3,0.7188,0.0
pessimistic,250,load_aware,3,3,3,46,30,0.3447,0.0
pessimistic,250,load_aware,3,3,3,150,2,0.6658,0.0
pessimistic,250,load_aware,3,3,3,239,30,0.3447,0.0
pessimistic,250,load_aware,3,3,3,240,11,0.7113,0.0
pessimistic,250,load_aware,3,3,3,247,34,0.9932,0.0
pessimistic,250,load_aware,3,3,3,114,15,0.9522,0.0
pessimistic,250,load_aware,3,3,3,203,15,0.9752,5.0
pessimistic,250,load_aware,3,3,3,218,10,0.4557,0.0
pessimistic,250,load_aware,3,3,3,240,11,0.7113,0.0
pessimistic,250,load_aware,3,3,3,56,34,0.9932,0.0
pessimistic,250,load_aware,3,3,3,142,4,0.1248,0.0
pessimistic,250,load_aware,3,3,3,35,17,0.7587,0.0
pessimistic,250,load_aware,3,3,3,180,10,0.3435,0.0
pessimistic,250,load_aware,3,3,3,247,3,0.461,0.0
pessimistic,250,load_aware,3,3,3,7,2,0.6566,0.0
pessimistic,250,load_aware,3,3,3,34,19,0.7084,0.0
pessimistic,250,load_aware,3,3,3,210,13,0.8926,0.0
pessimistic,250,load_aware,3,3,3,34,10,0.4557,0.0
pessimistic,250,load_aware,3,3,3,180,32,0.9285,0.0
pessimistic,250,load_aware,3,3,3,236,19,0.5644,0.0
pessimistic,250,load_aware,3,3,3,30,10,0.4557,5.0
pessimistic,250,load_aware,3,3,3,51,34,0.4085,5.0
pessimistic,250,load_aware,3,3,3,50,17,0.7587,0.0
pessimistic,250,load_aware,3,3,3,158,18,0.458,0.0
pessimistic,250,load_aware,3,3,3,158,18,0.458,0.0
pessimistic,250,load_aware,3,3,3,180,12,0.8795,0.0
pessimistic,250,load_aware,3,3,3,79,7,0.716,0.0
pessimistic,250,load_aware,3,3,3,24,14,0.7794,0.0
pessimistic,250,load_aware,3,3,3,96,16,0.3417,0.0
pessimistic,250,load_aware,3,3,3,169,15,0.9773,0.0
pessimistic,250,load_aware,3,3,3,24,27,0.3338,0.0
pessimistic,250,load_aware,3,3,3,163,34,0.9932,5.0
pessimistic,250,load_aware,3,3,3,10,4,0.2801,5.0
pessimistic,250,load_aware,3,3,3,10,36,0.2431,0.0
pessimistic,250,load_aware,3,3,3,43,15,0.9752,0.0
pessimistic,250,load_aware,3,3,3,10,36,0.944,0.0
pessimistic,250,load_aware,3,3,3,79,7,0.6748,0.0
pessimistic,250,load_aware,3,3,3,163,16,0.7738,0.0
pessimistic,250,load_aware,3,3,3,79,7,0.6748,0.0
pessimistic,250,load_aware,3,3,3,162,23,0.7419,0.0
pessimistic,250,load_aware,3,3,3,77,34,0.9932,5.0
pessimistic,250,load_aware,3,3,3,138,10,0.4557,0.0
pessimistic,250,load_aware,3,3,3,144,28,0.7457,0.0
pessimistic,250,load_aware,3,3,3,74,9,0.3525,0.0
pessimistic,250,load_aware,3,3,3,144,28,0.869,5.0
pessimistic,250,load_aware,3,3,3,167,29,0.7628,0.0
pessimistic,250,load_aware,3,3,3,110,4,0.1251,0.0
pessimistic,250,load_aware,3,3,3,150,3,0.5834,0.0
pessimistic,250,load_aware,3,3,3,224,13,0.8636,0.0
pessimistic,250,load_aware,3,3,3,45,5,0.9167,0.0
pessimistic,250,load_aware,3,3,3,124,13,0.9961,5.0
pessimistic,250,load_aware,3,3,3,175,3,0.5482,0.0
pessimistic,250,load_aware,3,3,3,63,11,0.7113,0.0
pessimistic,250,load_aware,3,3,3,81,39,0.4222,0.0
pessimistic,250,load_aware,3,3,3,60,4,0.3083,0.0
pessimistic,250,load_aware,3,3,3,124,14,0.5217,0.0
pessimistic,250,load_aware,3,3,3,175,21,0.651,0.0
pessimistic,250,load_aware,3,3,3,147,18,0.458,0.0
pessimistic,250,load_aware,3,3,3,200,32,0.9761,0.0
pessimistic,250,load_aware,3,3,3,200,15,0.9501,0.0
pessimistic,250,load_aware,3,3,3,226,3,0.4532,0.0
pessimistic,250,load_aware,3,3,3,115,4,0.3083,5.0
pessimistic,250,load_aware,3,3,3,93,36,0.2352,0.0
pessimistic,250,load_aware,3,3,3,115,30,0.3447,0.0
pessimistic,250,load_aware,3,3,3,212,35,0.9809,0.0
pessimistic,250,load_aware,3,3,3,93,15,0.9752,5.0
pessimistic,250,load_aware,3,3,3,102,30,0.3447,5.0
pessimistic,250,load_aware,3,3,3,115,16,0.8149,0.0
pessimistic,250,load_aware,3,3,3,18,29,0.79,0.0
pessimistic,250,load_aware,3,3,3,82,27,0.8508,0.0
pessimistic,250,load_aware,3,3,3,115,16,0.8149,0.0
pessimistic,250,load_aware,3,3,3,20,11,0.2623,0.0
pessimistic,250,load_aware,3,3,3,231,4,0.3083,0.0
pessimistic,250,load_aware,3,3,3,82,27,0.0437,0.0
pessimistic,250,load_aware,3,3,3,76,17,0.7587,0.0
pessimistic,250,load_aware,3,3,3,23,7,0.8822,0.0
pessimistic,250,load_aware,3,3,3,25,32,0.7112,0.0
pessimistic,250,load_aware,3,3,3,36,15,0.9752,0.0
pessimistic,250,load_aware,3,3,3,76,17,0.7587,0.0
pessimistic,250,load_aware,3,3,3,245,13,0.9466,0.0
pessimistic,250,load_aware,3,3,3,23,5,0.9217,0.0
pessimistic,250,load_aware,3,3,3,57,1,0.9601,0.0
pessimistic,250,load_aware,3,3,3,245,13,0.8463,0.0
pessimistic,250,load_aware,3,3,3,36,27,0.3751,0.0
pessimistic,250,load_aware,3,3,3,88,36,0.7331,0.0
pessimistic,250,load_aware,3,3,3,103,32,0.9141,0.0
pessimistic,250,load_aware,3,3,3,215,18,0.458,0.0
pessimistic,250,load_aware,3,3,3,245,13,0.9701,0.0
pessimistic,250,load_aware,3,3,3,36,15,0.7768,0.0
pessimistic,250,load_aware,3,3,3,197,34,0.9932,0.0
pessimistic,250,load_aware,3,3,3,245,31,0.9222,0.0
pessimistic,250,load_aware,3,3,3,36,35,0.4331,0.0
pessimistic,250,load_aware,3,3,3,76,13,0.9227,0.0
pessimistic,250,load_aware,3,3,3,76,17,0.7587,5.0
pessimistic,250,load_aware,3,3,3,131,13,0.9273,0.0
pessimistic,250,load_aware,3,3,3,222,15,0.9653,0.0
pessimistic,250,load_aware,3,3,3,36,15,0.9752,0.0
pessimistic,250,load_aware,3,3,3,36,3,0.9401,0.0
pessimistic,250,load_aware,3,3,3,203,37,0.2183,0.0
pessimistic,250,load_aware,3,3,3,11,24,0.6769,0.0
pessimistic,250,load_aware,3,3,3,107,35,0.8606,0.0
pessimistic,250,load_aware,3,3,3,183,15,0.9752,0.0
pessimistic,250,load_aware,3,3,3,245,0,0.8379,0.0
pessimistic,250,load_aware,3,3,3,192,4,0.1712,0.0
pessimistic,250,load_aware,3,3,3,49,27,0.3338,0.0
pessimistic,250,load_aware,3,3,3,120,30,0.3812,0.0
pessimistic,250,load_aware,3,3,3,96,22,0.8915,0.0
pessimistic,250,load_aware,3,3,3,106,24,0.6338,0.0
pessimistic,250,load_aware,3,3,3,136,36,0.5521,0.0
pessimistic,250,load_aware,3,3,3,150,39,0.2948,0.0
pessimistic,250,load_aware,3,3,3,13,3,0.5104,0.0
pessimistic,250,load_aware,3,3,3,120,13,0.8164,0.0
pessimistic,250,load_aware,3,3,3,192,31,0.4453,0.0
pessimistic,250,load_aware,3,3,3,106,4,0.125,0.0
pessimistic,250,load_aware,3,3,3,52,26,0.4834,0.0
pessimistic,250,load_aware,3,3,3,79,2,0.876,0.0
pessimistic,250,load_aware,3,3,3,150,15,0.9525,5.0
pessimistic,250,load_aware,3,3,3,52,39,0.8305,5.0
pessimistic,250,load_aware,3,3,3,145,9,0.9471,0.0
pessimistic,250,load_aware,3,3,3,150,34,0.5303,0.0
pessimistic,250,load_aware,3,3,3,248,24,0.9091,5.0
pessimistic,250,load_aware,3,3,3,52,35,0.7819,0.0
pessimistic,250,load_aware,3,3,3,52,15,0.6754,0.0
pessimistic,250,load_aware,3,3,3,104,10,0.3202,0.0
pessimistic,250,load_aware,3,3,3,145,29,0.8454,0.0
pessimistic,250,load_aware,3,3,3,9,26,0.8692,0.0
pessimistic,250,load_aware,3,3,3,43,30,0.7177,5.0
pessimistic,250,load_aware,3,3,3,160,39,0.2948,5.0
pessimistic,250,load_aware,3,3,3,176,10,0.4557,0.0
pessimistic,250,load_aware,3,3,3,104,38,0.6461,0.0
pessimistic,250,load_aware,3,3,3,196,3,0.5226,0.0
pessimistic,250,load_aware,3,3,3,145,36,0.4572,0.0
pessimistic,250,load_aware,3,3,3,212,15,0.9752,0.0
pessimistic,250,load_aware,3,3,3,86,36,0.2843,135.0
pessimistic,250,load_aware,3,3,3,172,19,0.121,0.0
pessimistic,250,load_aware,3,3,3,212,36,0.202,0.0
pessimistic,250,load_aware,3,3,3,86,3,0.4672,5.0
pessimistic,250,load_aware,3,3,3,176,14,0.9486,0.0
pessimistic,250,load_aware,3,3,3,40,33,0.9348,0.0
pessimistic,250,load_aware,3,3,3,104,14,0.183,0.0
pessimistic,250,load_aware,3,3,3,176,14,0.0288,0.0
pessimistic,250,load_aware,3,3,3,187,18,0.458,0.0
pessimistic,250,load_aware,3,3,3,113,15,0.9752,0.0
pessimistic,250,load_aware,3,3,3,151,24,0.7278,0.0
pessimistic,250,load_aware,3,3,3,32,32,0.5925,0.0
pessimistic,250,load_aware,3,3,3,159,4,0.3083,0.0
pessimistic,250,load_aware,3,3,3,24,30,0.3447,0.0
pessimistic,250,load_aware,3,3,3,131,10,0.4557,0.0
pessimistic,250,load_aware,3,3,3,198,30,0.4223,0.0
pessimistic,250,load_aware,3,3,3,219,34,0.9932,0.0
pessimistic,250,load_aware,3,3,3,237,39,0.2948,0.0
pessimistic,250,load_aware,3,3,3,243,39,0.2948,0.0
pessimistic,250,load_aware,3,3,3,117,38,0.7157,0.0
pessimistic,250,load_aware,3,3,3,227,10,0.4557,0.0
pessimistic,250,load_aware,3,3,3,117,11,0.5319,0.0
pessimistic,250,load_aware,3,3,3,110,18,0.458,0.0
pessimistic,250,load_aware,3,3,3,38,29,0.668,0.0
pessimistic,250,load_aware,3,3,3,181,7,0.7506,0.0
pessimistic,250,load_aware,3,3,3,38,15,0.9696,0.0
pessimistic,250,load_aware,3,3,3,75,15,0.9752,0.0
pessimistic,250,load_aware,3,3,3,117,11,0.5614,0.0
pessimistic,250,load_aware,3,3,3,238,3,0.4125,0.0
pessimistic,250,load_aware,3,3,3,15,29,0.9042,0.0
pessimistic,250,load_aware,3,3,3,75,15,0.9752,5.0
pessimistic,250,load_aware,3,3,3,238,15,0.8533,5.0
pessimistic,250,load_aware,3,3,3,0,13,0.1069,0.0
pessimistic,250,load_aware,3,3,3,115,34,0.878,5.0
pessimistic,250,load_aware,3,3,3,110,32,0.7843,0.0
pessimistic,250,load_aware,3,3,3,68,15,0.9752,0.0
pessimistic,250,load_aware,3,3,3,110,18,0.458,0.0
pessimistic,250,load_aware,3,3,3,166,10,0.3494,0.0
pessimistic,250,load_aware,3,3,3,229,19,0.7084,0.0
pessimistic,250,load_aware,3,3,3,145,38,0.6483,0.0
pessimistic,250,load_aware,3,3,3,222,34,0.9932,0.0
pessimistic,250,load_aware,3,3,3,21,15,0.9752,25.0
pessimistic,250,load_aware,3,3,3,152,6,0.7071,0.0
pessimistic,250,load_aware,3,3,3,134,34,0.9932,0.0
pessimistic,250,load_aware,3,3,3,134,35,0.8477,0.0
pessimistic,250,load_aware,3,3,3,160,34,0.9932,0.0
pessimistic,250,load_aware,3,3,3,111,29,0.7964,0.0
pessimistic,250,load_aware,3,3,3,21,35,0.4331,0.0
pessimistic,250,load_aware,3,3,3,6,26,0.8886,0.0
pessimistic,250,load_aware,3,3,3,78,14,0.5409,0.0
pessimistic,250,load_aware,3,3,3,189,2,0.6687,0.0
pessimistic,250,load_aware,3,3,3,80,5,0.9253,0.0
pessimistic,250,load_aware,3,3,3,113,5,0.597,5.0
pessimistic,250,load_aware,3,3,3,27,31,0.97,0.0
pessimistic,250,load_aware,3,3,3,22,25,0.8886,0.0
pessimistic,250,load_aware,3,3,3,26,13,0.9891,0.0
pessimistic,250,load_aware,3,3,3,27,24,0.7144,0.0
pessimistic,250,load_aware,3,3,3,26,3,0.6055,0.0
pessimistic,250,load_aware,3,3,3,31,11,0.7113,0.0
pessimistic,250,load_aware,3,3,3,85,15,0.6677,0.0
pessimistic,250,load_aware,3,3,3,89,15,0.9632,5.0
pessimistic,250,load_aware,3,3,3,2,34,0.9932,0.0
pessimistic,250,load_aware,3,3,3,166,10,0.4557,0.0
pessimistic,250,load_aware,3,3,3,129,29,0.7202,0.0
pessimistic,250,load_aware,3,3,3,198,19,0.9598,0.0
pessimistic,250,load_aware,3,3,3,53,15,0.9551,0.0
pessimistic,250,load_aware,3,3,3,49,13,0.8041,0.0
pessimistic,250,load_aware,3,3,3,217,13,0.9983,0.0
pessimistic,250,load_aware,3,3,3,49,17,0.6394,0.0
pessimistic,250,load_aware,3,3,3,2,9,0.7679,0.0
pessimistic,250,load_aware,3,3,3,52,38,0.7449,5.0
pessimistic,250,load_aware,3,3,3,167,30,0.1446,0.0
pessimistic,250,load_aware,3,3,3,199,38,0.8745,0.0
pessimistic,250,load_aware,3,3,3,167,30,0.1446,0.0
pessimistic,250,load_aware,3,3,3,167,30,0.1446,0.0
pessimistic,250,load_aware,3,3,3,61,27,0.6825,5.0
pessimistic,250,load_aware,3,3,3,52,13,0.565,0.0
pessimistic,250,load_aware,3,3,3,190,24,0.9955,0.0
pessimistic,250,load_aware,3,3,3,127,17,0.7587,0.0
pessimistic,250,load_aware,3,3,3,167,30,0.3261,0.0
pessimistic,250,load_aware,3,3,3,128,33,0.8831,0.0
pessimistic,250,load_aware,3,3,3,167,4,0.2137,0.0
pessimistic,250,load_aware,3,3,3,135,10,0.4557,5.0
pessimistic,250,load_aware,3,3,3,161,34,0.9323,0.0
pessimistic,250,load_aware,3,3,3,135,2,0.9361,0.0
pessimistic,250,load_aware,3,3,3,135,8,0.8686,0.0
pessimistic,250,load_aware,3,3,3,155,10,0.4557,0.0
pessimistic,250,load_aware,3,3,3,241,4,0.1349,0.0
pessimistic,250,load_aware,3,3,3,100,11,0.6119,0.0
pessimistic,250,load_aware,3,3,3,17,19,0.7084,0.0
pessimistic,250,load_aware,3,3,3,111,19,0.7084,5.0
pessimistic,250,load_aware,3,3,3,155,19,0.527,0.0
pessimistic,250,load_aware,3,3,3,92,30,0.3447,0.0
pessimistic,250,load_aware,3,3,3,111,14,0.3563,0.0
pessimistic,250,load_aware,3,3,3,125,18,0.4182,5.0
pessimistic,250,load_aware,3,3,3,238,20,0.8627,0.0
pessimistic,250,load_aware,3,3,3,100,36,0.5937,0.0
pessimistic,250,load_aware,3,3,3,100,39,0.6361,0.0
pessimistic,250,load_aware,3,3,3,92,30,0.1084,0.0
pessimistic,250,load_aware,3,3,3,182,7,0.9722,0.0
pessimistic,250,load_aware,3,3,3,156,10,0.4557,0.0
pessimistic,250,load_aware,3,3,3,29,24,0.7278,0.0
pessimistic,250,load_aware,3,3,3,63,5,0.9117,0.0
pessimistic,250,load_aware,3,3,3,222,26,0.9447,0.0
pessimistic,250,load_aware,3,3,3,62,28,0.2979,0.0
pessimistic,250,load_aware,3,3,3,222,26,0.6313,0.0
pessimistic,250,load_aware,3,3,3,248,32,0.9351,0.0
pessimistic,250,load_aware,3,3,3,237,30,0.3447,0.0
pessimistic,250,load_aware,3,3,3,87,15,0.9752,0.0
pessimistic,250,load_aware,3,3,3,237,30,0.3275,0.0
pessimistic,250,load_aware,3,3,3,29,31,0.9529,0.0
pessimistic,250,load_aware,3,3,3,140,10,0.4509,0.0
pessimistic,250,load_aware,3,3,3,163,36,0.2746,5.0
pessimistic,250,load_aware,3,3,3,134,27,0.3338,5.0
pessimistic,250,load_aware,3,3,3,140,10,0.4557,0.0
pessimistic,250,load_aware,3,3,3,17,34,0.9932,0.0
pessimistic,250,load_aware,3,3,3,211,13,0.8674,0.0
pessimistic,250,load_aware,3,3,3,97,17,0.4865,0.0
pessimistic,250,load_aware,3,3,3,58,34,0.576,0.0
pessimistic,250,load_aware,3,3,3,171,2,0.9238,0.0
pessimistic,250,load_aware,3,3,3,72,24,0.5905,0.0
pessimistic,250,load_aware,3,3,3,171,24,0.7278,0.0
pessimistic,250,load_aware,3,3,3,13,39,0.2948,0.0
pessimistic,250,load_aware,3,3,3,37,17,0.7587,0.0
pessimistic,250,load_aware,3,3,3,48,19,0.7355,0.0
pessimistic,250,load_aware,3,3,3,59,19,0.7084,5.0
pessimistic,250,load_aware,3,3,3,37,5,0.8961,0.0
pessimistic,250,load_aware,3,3,3,111,3,0.9492,0.0
pessimistic,250,load_aware,3,3,3,111,18,0.124,0.0
pessimistic,250,load_aware,3,3,3,112,11,0.7113,5.0
pessimistic,250,load_aware,3,3,3,185,17,0.674,0.0
pessimistic,250,load_aware,3,3,3,185,2,0.5996,0.0
pessimistic,250,load_aware,3,3,3,4,14,0.0437,0.0
pessimistic,250,load_aware,3,3,3,196,4,0.746,0.0
pessimistic,250,load_aware,3,3,3,221,3,0.7901,0.0
pessimistic,250,load_aware,3,3,3,196,4,0.7609,0.0
pessimistic,250,load_aware,3,3,3,207,4,0.2867,0.0
pessimistic,250,load_aware,3,3,3,18,34,0.4842,0.0
pessimistic,250,load_aware,3,3,3,162,15,0.8926,0.0
pessimistic,250,load_aware,3,3,3,246,36,0.6539,0.0
pessimistic,250,load_aware,3,3,3,123,17,0.7587,0.0
pessimistic,250,load_aware,3,3,3,207,36,0.2299,0.0
pessimistic,250,load_aware,3,3,3,246,4,0.3083,0.0
pessimistic,250,load_aware,3,3,3,224,10,0.4557,0.0
pessimistic,250,load_aware,3,3,3,156,34,0.9932,0.0
pessimistic,250,load_aware,3,3,3,17,17,0.7587,0.0
pessimistic,250,load_aware,3,3,3,156,34,0.9932,0.0
pessimistic,250,load_aware,3,3,3,17,17,0.7587,0.0
pessimistic,250,load_aware,3,3,3,218,29,0.7055,0.0
pessimistic,250,load_aware,3,3,3,17,17,0.7587,0.0
pessimistic,250,load_aware,3,3,3,34,27,0.3516,0.0
pessimistic,250,load_aware,3,3,3,122,4,0.3083,0.0
pessimistic,250,load_aware,3,3,3,210,17,0.7587,5.0
pessimistic,250,load_aware,3,3,3,122,15,0.9752,0.0
pessimistic,250,load_aware,3,3,3,122,11,0.7113,0.0
pessimistic,250,load_aware,3,3,3,169,4,0.3083,0.0
pessimistic,250,load_aware,3,3,3,98,27,0.3338,0.0
pessimistic,250,load_aware,3,3,3,5,16,0.2901,0.0
pessimistic,250,load_aware,3,3,3,142,34,0.5271,0.0
pessimistic,250,load_aware,3,3,3,116,1,0.3617,0.0
pessimistic,250,load_aware,3,3,3,116,32,0.225,0.0
pessimistic,250,load_aware,3,3,3,66,15,0.9752,0.0
pessimistic,250,load_aware,3,3,3,66,18,0.4788,0.0
pessimistic,250,load_aware,3,3,3,244,10,0.4557,0.0
pessimistic,250,load_aware,3,3,3,93,31,0.8185,0.0
pessimistic,250,load_aware,3,3,3,93,4,0.3083,0.0
pessimistic,250,load_aware,3,3,3,102,31,0.8245,0.0
pessimistic,250,load_aware,3,3,3,105,39,0.2948,0.0
pessimistic,250,load_aware,3,3,3,223,19,0.7084,0.0
pessimistic,250,load_aware,3,3,3,51,36,0.5884,0.0
pessimistic,250,load_aware,3,3,3,93,1,0.9701,0.0
pessimistic,250,load_aware,3,3,3,249,7,0.8134,0.0
pessimistic,250,load_aware,3,3,3,51,36,0.5695,0.0
pessimistic,250,load_aware,3,3,3,90,33,0.9384,0.0
pessimistic,250,load_aware,3,3,3,36,15,0.9653,0.0
pessimistic,250,load_aware,3,3,3,90,33,0.4404,0.0
pessimistic,250,load_aware,3,3,3,90,33,0.5691,0.0
pessimistic,250,load_aware,3,3,3,120,29,0.9471,0.0
pessimistic,250,load_aware,3,3,3,240,4,0.3083,0.0
pessimistic,250,load_aware,3,3,3,120,35,0.3047,0.0
pessimistic,250,load_aware,3,3,3,32,17,0.7587,0.0
pessimistic,250,load_aware,3,3,3,43,29,0.7076,0.0
pessimistic,250,load_aware,3,3,3,90,25,0.0971,0.0
pessimistic,250,load_aware,3,3,3,160,11,0.7113,0.0
pessimistic,250,load_aware,3,3,3,36,34,0.7143,0.0
pessimistic,250,load_aware,3,3,3,36,33,0.9146,0.0
pessimistic,250,load_aware,3,3,3,18,17,0.7587,0.0
pessimistic,250,load_aware,3,3,3,119,19,0.7084,0.0
pessimistic,250,load_aware,3,3,3,180,17,0.7587,0.0
pessimistic,250,load_aware,3,3,3,18,11,0.7113,0.0
pessimistic,250,load_aware,3,3,3,154,34,0.6946,0.0
pessimistic,250,load_aware,3,3,3,160,36,0.5937,0.0
pessimistic,250,load_aware,3,3,3,200,18,0.458,0.0
pessimistic,250,load_aware,3,3,3,43,20,0.1518,0.0
pessimistic,250,load_aware,3,3,3,119,13,0.8181,0.0
pessimistic,250,load_aware,3,3,3,138,15,0.9752,0.0
pessimistic,250,load_aware,3,3,3,200,15,0.9752,0.0
pessimistic,250,load_aware,3,3,3,197,17,0.7587,0.0
pessimistic,250,load_aware,3,3,3,36,33,0.5229,0.0
pessimistic,250,load_aware,3,3,3,43,3,0.4516,0.0
pessimistic,250,load_aware,3,3,3,50,38,0.7181,0.0
pessimistic,250,load_aware,3,3,3,60,18,0.458,0.0
pessimistic,250,load_aware,3,3,3,212,33,0.6297,0.0
pessimistic,250,load_aware,3,3,3,196,39,0.2031,0.0
pessimistic,250,load_aware,3,3,3,158,10,0.4237,0.0
pessimistic,250,load_aware,3,3,3,148,14,0.9786,0.0
