scenario,nb_cars,method,seed,world_seed,grid_seed,demand_id,car_id,slot,nb_stations,search_retries,nb_offers,confirmed,abandoned,outcome,energy_requested_kwh,energy_delivered_kwh,slots_charged,confirm_attempts,first_offer_ms,last_offer_ms,selection_ms,confirmation_ms,total_ms
pessimistic,250,multistation,8,8,8,t00000-c00013,13,0,16,0,16,True,False,satisfied,18.1533,18.6,31,1,2066.405166988261,21258.4470420843,0.03366696182638407,0.027082976885139942,21258.50779202301
pessimistic,250,multistation,8,8,8,t00000-c00016,16,0,5,0,5,True,False,cancelled_late,15.8611,0.0,0,1,6661.8651249445975,11101.737707969733,10156.808750005439,0.00937492586672306,21258.55583290104
pessimistic,250,multistation,8,8,8,t00000-c00021,21,0,5,0,5,True,False,cancelled_late,21.9026,0.0,0,1,2066.307625034824,21258.349500014447,0.2150420332327485,0.00700005330145359,21258.57154210098
pessimistic,250,multistation,8,8,8,t00000-c00057,57,0,15,0,15,True,False,satisfied,27.0468,27.2,34,1,3233.0288339871913,20334.80004197918,923.7715830095112,0.0100000761449337,21258.581625064835
pessimistic,250,multistation,8,8,8,t00000-c00066,66,0,6,0,6,True,False,cancelled_late,21.2219,0.0,0,1,971.1609999649227,20846.931500011124,411.6374999284744,0.006958027370274067,21258.57595796697
pessimistic,250,multistation,8,8,8,t00000-c00067,67,0,3,0,3,True,False,no_show,25.1889,0.0,0,1,6096.0583329433575,17359.655041014776,3898.9087499212474,0.004959059879183769,21258.568749995902
pessimistic,250,multistation,8,8,8,t00000-c00068,68,0,3,0,3,True,False,no_show,20.1927,0.0,0,1,6096.02062497288,17359.617125010118,3898.9315000362694,0.004499917849898338,21258.553124964237
pessimistic,250,multistation,8,8,8,t00000-c00102,102,0,10,0,10,True,False,satisfied,18.2995,18.6,31,1,4017.5174579489976,19852.853332995437,1405.6848329491913,0.00600004568696022,21258.544165990315
pessimistic,250,multistation,8,8,8,t00000-c00106,106,0,5,0,5,True,False,satisfied,15.0633,15.6,26,1,6095.940958010033,17359.537833021022,3898.9870420191437,0.004958012141287327,21258.529833052307
pessimistic,250,multistation,8,8,8,t00000-c00118,118,0,14,0,14,True,False,satisfied,25.0618,25.2,42,1,2066.023709019646,21258.065624977462,0.4508340498432517,0.006541027687489986,21258.523000054993
pessimistic,250,multistation,8,8,8,t00000-c00120,120,0,10,0,10,True,False,cancelled_late,20.0568,0.0,0,1,970.9267499856651,20846.69729101006,411.81049996521324,0.005542067810893059,21258.513333043084
pessimistic,250,multistation,8,8,8,t00000-c00144,144,0,8,0,8,True,False,satisfied,27.0271,27.3,39,1,5520.2175410231575,20334.484125021845,924.0192079450935,0.005958019755780697,21258.509290986694
pessimistic,250,multistation,8,8,8,t00000-c00159,159,0,3,0,3,True,False,satisfied,9.3879,9.6,24,1,5520.179582992569,16074.546582996845,5183.942208997905,0.004458008334040642,21258.493250003085
pessimistic,250,multistation,8,8,8,t00000-c00182,182,0,4,0,4,True,False,satisfied,24.8662,25.2,36,1,8696.226959000342,17359.342042007484,3899.1317079635337,0.004583969712257385,21258.47833394073
pessimistic,250,multistation,8,8,8,t00000-c00190,190,0,5,0,5,True,False,satisfied,20.855,21.0,42,1,6095.706374966539,17359.304041950963,3899.1553749656305,0.004541012458503246,21258.463957929052
pessimistic,250,multistation,8,8,8,t00000-c00199,199,0,1,0,1,True,False,cancelled_early,26.4498,0.0,0,1,5520.0644170399755,5520.0644170399755,15738.378374953754,0.003958004526793957,21258.446749998257
pessimistic,250,multistation,8,8,8,t00000-c00208,208,0,6,0,6,True,False,no_show,21.3343,0.0,0,1,7626.577417016961,18047.102999989875,3211.3311670254916,0.004792003892362118,21258.43895901926
pessimistic,250,multistation,8,8,8,t00000-c00225,225,0,2,0,2,True,False,cancelled_late,20.3507,0.0,0,1,5519.987333100289,16074.353750096634,5184.06304193195,0.003958004526793957,21258.42075003311
pessimistic,250,multistation,8,8,8,t00000-c00236,236,0,7,0,7,True,False,no_show,23.2246,0.0,0,1,970.6158339977264,20846.386249992065,412.02287503983825,0.005209003575146198,21258.41433403548
pessimistic,250,multistation,8,8,8,t00001-c00199,199,1,1,0,1,True,False,cancelled_late,23.5673,0.0,0,1,60.10466709267348,60.10466709267348,170.4539170023054,0.014999997802078724,230.57358409278095
pessimistic,250,multistation,8,8,8,t00001-c00203,203,1,3,0,3,True,False,no_show,26.9312,0.0,0,1,110.54191703442484,230.47341709025204,0.12870796490460634,0.008167000487446785,230.6102920556441
pessimistic,250,multistation,8,8,8,t00002-c00035,35,2,4,0,4,True,False,cancelled_late,26.8298,0.0,0,1,343.9112500054762,1335.505541996099,277.5972500676289,0.01820793841034174,1613.1210000021383
pessimistic,250,multistation,8,8,8,t00002-c00058,58,2,14,0,14,True,False,no_show,18.407,0.0,0,1,65.18854096066207,1613.0317909410223,0.14120899140834808,0.012750038877129555,1613.1857499713078
pessimistic,250,multistation,8,8,8,t00002-c00164,164,2,6,0,6,True,False,satisfied,13.0096,13.5,27,1,35.17458401620388,1612.979416968301,0.19033299759030342,0.006375019438564777,1613.1761249853298
pessimistic,250,multistation,8,8,8,t00004-c00016,16,4,6,0,6,True,False,no_show,21.0147,0.0,0,1,755.0584999844432,2464.0712910331786,595.2111249789596,0.020209001377224922,3059.3026250135154
pessimistic,250,multistation,8,8,8,t00004-c00021,21,4,17,0,17,True,False,no_show,21.126,0.0,0,1,63.19516594521701,3059.212415944785,0.13070902787148952,0.014165998436510563,3059.357290971093
pessimistic,250,multistation,8,8,8,t00004-c00035,35,4,4,0,4,True,False,satisfied,22.423,22.4,56,1,361.7691659601405,2287.494457908906,771.8597920611501,0.007207971066236496,3059.3614579411224
pessimistic,250,multistation,8,8,8,t00004-c00066,66,4,6,0,6,True,False,cancelled_late,18.6488,0.0,0,1,626.6349999932572,2463.9389170333743,595.4132499173284,0.006541027687489986,3059.35870797839
pessimistic,250,multistation,8,8,8,t00004-c00173,173,4,4,0,4,True,False,cancelled_late,15.0145,0.0,0,1,859.0627080993727,2339.6052080206573,719.7546670213342,0.006332993507385254,3059.366208035499
pessimistic,250,multistation,8,8,8,t00005-c00066,66,5,4,0,4,True,False,no_show,19.0816,0.0,0,1,49.48204196989536,190.5417499365285,0.02616702113300562,0.019625062122941017,190.58754201978445
pessimistic,250,multistation,8,8,8,t00006-c00120,120,6,3,0,3,True,False,satisfied,24.0186,24.6,41,1,89.98175000306219,283.83774997200817,0.028542010113596916,0.0189170241355896,283.88520900625736
pessimistic,250,multistation,8,8,8,t00006-c00199,199,6,2,0,2,True,False,no_show,21.3437,0.0,0,1,51.78791703656316,236.5312499459833,47.378708026371896,0.008792034350335598,283.9187500067055
pessimistic,250,multistation,8,8,8,t00007-c00075,75,7,14,0,14,True,False,satisfied,20.3519,20.4,34,1,77.92154198978096,1267.5242919940501,0.031708041206002235,0.02316699828952551,1267.5791670335457
pessimistic,250,multistation,8,8,8,t00007-c00187,187,7,5,0,5,True,False,cancelled_early,16.5832,0.0,0,1,36.78516601212323,1210.359749966301,57.2590830270201,0.010041985660791397,1267.628874978982
pessimistic,250,multistation,8,8,8,t00007-c00225,225,7,3,0,3,True,False,satisfied,23.7678,24.0,60,1,344.01933301705867,973.0402909917757,294.59387506358325,0.006749993190169334,1267.6409160485491
pessimistic,250,multistation,8,8,8,t00008-c00046,46,8,13,0,13,True,False,no_show,19.3525,0.0,0,1,988.9127080095932,7619.999499991536,465.7932079862803,0.02716702874749899,8085.819875006564
pessimistic,250,multistation,8,8,8,t00008-c00094,94,8,5,0,5,True,False,satisfied,19.3248,19.5,39,1,46.656541991978884,7714.143083081581,371.70262495055795,0.009375042282044888,8085.855083074421
pessimistic,250,multistation,8,8,8,t00008-c00173,173,8,14,0,14,True,False,satisfied,14.7088,15.0,30,1,845.8047920139506,8085.643541999161,0.2043750137090683,0.010999967344105244,8085.858916980214
pessimistic,250,multistation,8,8,8,t00008-c00187,187,8,14,0,14,True,False,cancelled_late,16.2442,0.0,0,1,845.762541051954,8085.601166007109,0.24929200299084187,0.008167000487446785,8085.858625010587
pessimistic,250,multistation,8,8,8,t00008-c00217,217,8,17,0,17,True,False,no_show,24.1542,0.0,0,1,845.7189170876518,8085.55725007318,0.30695891473442316,0.008208095096051693,8085.87241708301
pessimistic,250,multistation,8,8,8,t00010-c00076,76,10,14,0,14,True,False,no_show,21.306,0.0,0,1,30.555207980796695,574.6616669930518,0.031374976970255375,0.023707980290055275,574.7167499503121
pessimistic,250,multistation,8,8,8,t00011-c00187,187,11,5,0,5,True,False,cancelled_late,18.4456,0.0,0,1,42.341458960436285,270.4651670064777,0.03416696563363075,0.019832979887723923,270.51916695199907
pessimistic,250,multistation,8,8,8,t00013-c00187,187,13,10,0,10,True,False,no_show,19.2669,0.0,0,1,46.86970799230039,589.4266660325229,0.03799994010478258,0.021459069103002548,589.4861250417307
pessimistic,250,multistation,8,8,8,t00015-c00048,48,15,3,0,3,True,False,cancelled_early,25.2711,0.0,0,1,87.96733303461224,382.0819170214236,0.022707972675561905,0.014333054423332214,382.1189580485225
pessimistic,250,multistation,8,8,8,t00015-c00185,185,15,3,0,3,True,False,cancelled_early,18.0192,0.0,0,1,87.90899999439716,382.02349992934614,0.13416609726846218,0.007416936568915844,382.1650829631835
pessimistic,250,multistation,8,8,8,t00016-c00048,48,16,1,0,1,True,False,no_show,27.816,0.0,0,1,647.871958091855,647.871958091855,695.7683329237625,0.013209064491093159,1343.6535000801086
pessimistic,250,multistation,8,8,8,t00016-c00074,74,16,6,0,6,True,False,cancelled_late,28.4449,0.0,0,1,58.45270794816315,1343.5724169248715,0.089791021309793,0.009958981536328793,1343.6721669277176
pessimistic,250,multistation,8,8,8,t00016-c00185,185,16,7,0,7,True,False,satisfied,15.7528,16.0,40,1,647.7612080052495,1235.709499916993,107.95808304101229,0.007209018804132938,1343.6747919768095
pessimistic,250,multistation,8,8,8,t00016-c00197,197,16,1,0,1,True,False,satisfied,23.976,24.5,35,1,647.7208340074867,647.7208340074867,695.9349999669939,0.004166038706898689,1343.6600000131875
pessimistic,250,multistation,8,8,8,t00017-c00070,70,17,5,0,5,True,False,cancelled_late,13.648,0.0,0,1,42.246334021911025,590.8147919690236,0.024000066332519054,0.019916915334761143,590.8587089506909
pessimistic,250,multistation,8,8,8,t00017-c00183,183,17,3,0,3,True,False,cancelled_late,12.6881,0.0,0,1,133.97879200056195,516.6237079538405,74.27737500984222,0.008459086529910564,590.9095420502126
pessimistic,250,multistation,8,8,8,t00017-c00200,200,17,3,0,3,True,False,no_show,18.9248,0.0,0,1,133.9403330348432,516.5848330361769,74.32174996938556,0.005334033630788326,590.9119170391932
pessimistic,250,multistation,8,8,8,t00018-c00074,74,18,8,0,8,True,False,cancelled_late,29.4033,0.0,0,1,66.58874999266118,679.3471249984577,0.025792047381401062,0.019875005818903446,679.392792051658
pessimistic,250,multistation,8,8,8,t00019-c00183,183,19,3,0,3,True,False,no_show,11.5027,0.0,0,1,22.052208078093827,80.83833300042897,0.03287510480731726,0.015374971553683281,80.88658307678998
pessimistic,250,multistation,8,8,8,t00020-c00044,44,20,10,0,10,True,False,satisfied,23.5714,24.0,48,1,192.39141698926687,2334.0462499763817,0.025667017325758934,0.020875013433396816,2334.092792007141
pessimistic,250,multistation,8,8,8,t00020-c00096,96,20,4,0,4,True,False,cancelled_early,14.936,0.0,0,1,821.202041930519,2058.8849999476224,275.2363330218941,0.007500057108700275,2334.128833026625
pessimistic,250,multistation,8,8,8,t00020-c00215,215,20,5,0,5,True,False,satisfied,28.3749,28.7,41,1,100.1319580245763,2280.2658749278635,53.86425007600337,0.006958027370274067,2334.137083031237
pessimistic,250,multistation,8,8,8,t00021-c00052,52,21,5,0,5,True,False,cancelled_early,21.3188,0.0,0,1,322.8750000707805,1100.9457079926506,255.24554203730077,0.01808302477002144,1356.2093330547214
pessimistic,250,multistation,8,8,8,t00021-c00096,96,21,3,0,3,True,False,satisfied,16.8601,1.2,2,1,249.67595795169473,924.4394999695942,431.8074999609962,0.007833004929125309,1356.2548329355195
pessimistic,250,multistation,8,8,8,t00021-c00161,161,21,15,0,15,True,False,satisfied,25.3113,25.6,32,1,39.1829579602927,1356.0742079280317,0.17566699534654617,0.011375057511031628,1356.2612499808893
pessimistic,250,multistation,8,8,8,t00021-c00175,175,21,3,0,3,True,False,satisfied,11.1272,11.2,28,1,249.5907909469679,924.3545000208542,431.890832958743,0.00500003807246685,1356.2503330176696
pessimistic,250,multistation,8,8,8,t00022-c00052,52,22,17,0,17,True,False,cancelled_late,19.6652,0.0,0,1,219.84641696326435,4711.1567499814555,0.03220804501324892,0.025916961021721363,4711.2148749874905
pessimistic,250,multistation,8,8,8,t00022-c00070,70,22,10,0,10,True,False,satisfied,19.9199,19.9739,50,1,46.29995895083994,4469.287791987881,241.99129198677838,0.010624993592500687,4711.289708968252
pessimistic,250,multistation,8,8,8,t00022-c00143,143,22,3,0,3,True,False,satisfied,22.0652,22.2,37,1,994.8958749882877,2255.879957927391,2455.400542006828,0.006083049811422825,4711.28658298403
pessimistic,250,multistation,8,8,8,t00022-c00202,202,22,14,0,14,True,False,cancelled_late,24.8598,0.0,0,1,219.70991604030132,4711.020375019871,0.2573749516159296,0.00758306123316288,4711.28533303272
pessimistic,250,multistation,8,8,8,t00023-c00162,162,23,3,0,3,True,False,satisfied,27.5321,28.0,56,1,64.55491599626839,270.9252079948783,0.032957992516458035,0.016417005099356174,270.9745829924941
pessimistic,250,multistation,8,8,8,t00025-c00074,74,25,19,0,19,True,False,satisfied,23.3271,23.4,39,1,85.69899993017316,1436.8797920178622,0.034082913771271706,0.023124972358345985,1436.9369999039918
pessimistic,250,multistation,8,8,8,t00025-c00112,112,25,5,0,5,True,False,no_show,14.733,0.0,0,1,37.35570900607854,1368.0205000564456,68.95025004632771,0.008458970114588737,1436.979209072888
pessimistic,250,multistation,8,8,8,t00026-c00177,177,26,6,0,6,True,False,no_show,18.0571,0.0,0,1,36.941500031389296,287.2723329346627,0.034250086173415184,0.017874990589916706,287.32445801142603
pessimistic,250,multistation,8,8,8,t00027-c00052,52,27,4,0,4,True,False,satisfied,24.2702,24.4,61,1,529.7490410739556,2291.427916032262,138.40620906557888,0.021415995433926582,2429.855541093275
pessimistic,250,multistation,8,8,8,t00027-c00153,153,27,13,0,13,True,False,cancelled_late,24.8818,0.0,0,1,39.6332920063287,2429.747582995333,0.14625000767409801,0.012542004697024822,2429.906375007704
pessimistic,250,multistation,8,8,8,t00027-c00202,202,27,3,0,3,True,False,no_show,26.3011,0.0,0,1,529.6390419825912,2204.3806669535115,225.53141706157476,0.006332993507385254,2429.9184170085937
pessimistic,250,multistation,8,8,8,t00028-c00054,54,28,5,0,5,True,False,no_show,21.668,0.0,0,1,60.57479197625071,593.3210829971358,115.32729200553149,0.020541949197649956,708.668916951865
pessimistic,250,multistation,8,8,8,t00028-c00195,195,28,6,0,6,True,False,cancelled_late,22.7382,0.0,0,1,121.11058295704424,708.5580410202965,0.1450419658794999,0.009375042282044888,708.7124580284581
pessimistic,250,multistation,8,8,8,t00029-c00153,153,29,6,0,6,True,False,cancelled_early,26.5354,0.0,0,1,42.45208401698619,878.9502090075985,0.03316602669656277,0.021333922632038593,879.0047089569271
pessimistic,250,multistation,8,8,8,t00029-c00195,195,29,9,0,9,True,False,satisfied,17.7128,18.0,45,1,168.25999994762242,803.4918329212815,75.56845899671316,0.01058308407664299,879.0708750020713
pessimistic,250,multistation,8,8,8,t00030-c00153,153,30,6,0,6,True,False,satisfied,25.9868,26.4,33,1,40.82154098432511,975.2949579851702,0.03441702574491501,0.020208070054650307,975.3495830809698
pessimistic,250,multistation,8,8,8,t00030-c00186,186,30,11,0,11,True,False,satisfied,18.1598,18.6,31,1,80.56158397812396,975.2449590014294,0.1475409371778369,0.011875061318278313,975.4043749999255
pessimistic,250,multistation,8,8,8,t00030-c00206,206,30,3,0,3,True,False,cancelled_early,14.2651,0.0,0,1,298.8293329253793,584.6031669061631,390.7905410742387,0.006249989382922649,975.3999579697847
pessimistic,250,multistation,8,8,8,t00031-c00146,146,31,3,0,3,True,False,cancelled_early,18.72,0.0,0,1,103.02220797166228,410.76437500305474,258.0230419989675,0.019458006136119366,668.8068750081584
pessimistic,250,multistation,8,8,8,t00031-c00147,147,31,10,0,10,True,False,cancelled_early,16.6404,0.0,0,1,42.329334071837366,668.7100840499625,0.14379096683114767,0.010624993592500687,668.8645000103861
pessimistic,250,multistation,8,8,8,t00031-c00206,206,31,3,0,3,True,False,satisfied,15.3521,16.0,20,1,119.62562496773899,435.55387505330145,233.30041696317494,0.006166053935885429,668.8604580704123
pessimistic,250,multistation,8,8,8,t00032-c00039,39,32,3,0,3,True,False,no_show,23.9137,0.0,0,1,218.7931250082329,1061.549499980174,0.023125088773667812,0.017707934603095055,1061.5903330035508
pessimistic,250,multistation,8,8,8,t00032-c00146,146,32,3,0,3,True,False,satisfied,28.9635,29.0,58,1,174.6171669801697,936.1433750018477,125.4709999775514,0.0077500008046627045,1061.6221249802038
pessimistic,250,multistation,8,8,8,t00032-c00147,147,32,7,0,7,True,False,satisfied,22.1348,22.5,45,1,138.97112500853837,980.3432089975104,81.27262501511723,0.0076249707490205765,1061.6234589833766
pessimistic,250,multistation,8,8,8,t00032-c00216,216,32,5,0,5,True,False,satisfied,11.1081,11.2,28,1,34.78566592093557,1061.4120829850435,0.19587494898587465,0.005917041562497616,1061.613874975592
pessimistic,250,multistation,8,8,8,t00034-c00170,170,34,10,0,10,True,False,no_show,23.5479,0.0,0,1,150.7319159572944,1034.607124980539,0.038958038203418255,0.021249987185001373,1034.6673330059275
pessimistic,250,multistation,8,8,8,t00035-c00122,122,35,6,0,6,True,False,satisfied,23.6845,24.0,60,1,145.7110421033576,708.3823330467567,0.03245903644710779,0.01650000922381878,708.4312920924276
pessimistic,250,multistation,8,8,8,t00035-c00155,155,35,3,0,3,True,False,cancelled_late,7.9675,0.0,0,1,207.12479203939438,708.3346250001341,0.12216705363243818,0.007207971066236496,708.4640000248328
pessimistic,250,multistation,8,8,8,t00036-c00058,58,36,3,0,3,True,False,cancelled_late,20.2847,0.0,0,1,18.703209003433585,114.64849999174476,0.021292013116180897,0.0149579718708992,114.68474997673184
pessimistic,250,multistation,8,8,8,t00037-c00004,4,37,9,0,9,True,False,satisfied,25.7692,26.0,52,1,28.532750089652836,1020.0960410293192,0.02291705459356308,0.02004194539040327,1020.1390000293031
pessimistic,250,multistation,8,8,8,t00037-c00086,86,37,3,0,3,True,False,cancelled_late,14.4429,0.0,0,1,47.87770798429847,527.6153750019148,492.5468750298023,0.007999944500625134,1020.1702499762177
pessimistic,250,multistation,8,8,8,t00037-c00157,157,37,4,0,4,True,False,satisfied,15.8189,16.1,23,1,47.82658303156495,527.5640829931945,492.6038340199739,0.00600004568696022,1020.1739170588553
pessimistic,250,multistation,8,8,8,t00038-c00016,16,38,11,0,11,True,False,no_show,24.2381,0.0,0,1,75.46545809600502,1262.9087910754606,0.02645899076014757,0.02487492747604847,1262.9601249936968
pessimistic,250,multistation,8,8,8,t00038-c00091,91,38,7,0,7,True,False,satisfied,20.6706,21.0,30,1,38.631791016086936,1262.8540000878274,0.13408297672867775,0.009124982170760632,1262.9972080467269
pessimistic,250,multistation,8,8,8,t00038-c00096,96,38,10,0,10,True,False,no_show,16.6134,0.0,0,1,251.48441700730473,1098.3627919340506,164.6288330666721,0.008624978363513947,1263.0002499790862
pessimistic,250,multistation,8,8,8,t00039-c00066,66,39,1,0,1,True,False,satisfied,23.4441,23.8,34,1,19.69416707288474,19.69416707288474,0.020458013750612736,0.01237494871020317,19.727000035345554
pessimistic,250,multistation,8,8,8,t00040-c00086,86,40,5,0,5,True,False,satisfied,18.8785,19.0,38,1,83.46258301753551,382.97224999405444,79.44333297200501,0.017291982658207417,462.43287494871765
pessimistic,250,multistation,8,8,8,t00040-c00155,155,40,8,0,8,True,False,satisfied,12.297,12.5,25,1,30.602083075791597,462.3334580101073,0.1300419680774212,0.010542105883359909,462.47404208406806
pessimistic,250,multistation,8,8,8,t00041-c00076,76,41,7,0,6,True,False,satisfied,20.7928,20.8,26,1,16.168832895345986,518.2108749868348,0.02545793540775776,0.0177919864654541,518.254124908708
pessimistic,250,multistation,8,8,8,t00041-c00204,204,41,4,0,3,True,False,cancelled_early,12.1144,0.0,0,1,232.3996250052005,419.5721249561757,98.70783297810704,0.0077500008046627045,518.2877079350874
pessimistic,250,multistation,8,8,8,t00041-c00205,205,41,3,0,3,True,False,no_show,22.6588,0.0,0,1,49.75754197221249,385.2307499619201,133.05770803708583,0.005833921022713184,518.2942919200286
pessimistic,250,multistation,8,8,8,t00042-c00183,183,42,5,0,5,True,False,cancelled_late,28.3366,0.0,0,1,61.89091596752405,840.9759158967063,36.16604208946228,0.018582912161946297,877.1605408983305
pessimistic,250,multistation,8,8,8,t00042-c00204,204,42,16,0,16,True,False,no_show,15.4049,0.0,0,1,89.48495797812939,877.0595829701051,0.1537500647827983,0.012249918654561043,877.2255829535425
pessimistic,250,multistation,8,8,8,t00043-c00058,58,43,3,0,3,True,False,satisfied,25.9982,23.4,39,1,34.074374940246344,170.4568329732865,25.63449996523559,0.016333069652318954,196.10766600817442
pessimistic,250,multistation,8,8,8,t00043-c00067,67,43,3,0,3,True,False,cancelled_late,24.6327,0.0,0,1,57.603207998909056,196.0217080777511,0.11083390563726425,0.0074160052463412285,196.1399579886347
pessimistic,250,multistation,8,8,8,t00044-c00067,67,44,3,0,3,True,False,cancelled_late,23.1936,0.0,0,1,120.03308301791549,297.85387497395277,98.1751250801608,0.016541918739676476,396.04554197285324
pessimistic,250,multistation,8,8,8,t00044-c00183,183,44,5,0,5,True,False,cancelled_early,24.2431,0.0,0,1,51.58199998550117,395.9486250532791,0.13679091352969408,0.009375042282044888,396.09479100909084
pessimistic,250,multistation,8,8,8,t00045-c00183,183,45,3,0,3,True,False,no_show,23.6682,0.0,0,1,39.569417014718056,159.26424995996058,0.033791991882026196,0.016208039596676826,159.31424999143928
pessimistic,250,multistation,8,8,8,t00046-c00239,239,46,3,0,3,True,False,cancelled_late,22.262,0.0,0,1,31.187125016003847,118.30216599628329,0.039624981582164764,0.014999997802078724,118.35679097566754
pessimistic,250,multistation,8,8,8,t00047-c00067,67,47,8,0,8,True,False,satisfied,22.502,23.2,29,1,189.14854188915342,874.5896249311045,132.8994589857757,0.021791085600852966,1007.510875002481
pessimistic,250,multistation,8,8,8,t00047-c00097,97,47,5,0,5,True,False,no_show,19.7606,0.0,0,1,66.22224999591708,1007.4129169806838,0.12304203119128942,0.008790986612439156,1007.5447499984875
pessimistic,250,multistation,8,8,8,t00047-c00219,219,47,3,0,3,True,False,cancelled_late,23.4464,0.0,0,1,294.21325004659593,874.4865410262719,133.04116704966873,0.005541951395571232,1007.5332500273362
pessimistic,250,multistation,8,8,8,t00048-c00045,45,48,5,0,5,True,False,cancelled_late,30.0097,0.0,0,1,373.38924990035594,2980.5567919975147,73.46641598269343,0.021541956812143326,3054.0447499370202
pessimistic,250,multistation,8,8,8,t00048-c00135,135,48,4,0,4,True,False,no_show,17.2393,0.0,0,1,983.3036250201985,2361.0561249079183,693.0401250720024,0.009707990102469921,3054.105957970023
pessimistic,250,multistation,8,8,8,t00048-c00149,149,48,4,0,4,True,False,no_show,19.8706,0.0,0,1,1164.1582500888035,1725.666250102222,1328.4300409723073,0.0076249707490205765,3054.1039160452783
pessimistic,250,multistation,8,8,8,t00048-c00203,203,48,5,0,5,True,False,no_show,32.6244,0.0,0,1,373.2482499908656,2980.415875092149,73.6737078987062,0.005917041562497616,3054.0955000324175
pessimistic,250,multistation,8,8,8,t00048-c00231,231,48,14,0,14,True,False,no_show,16.1868,0.0,0,1,425.11762504000217,3053.8185000186786,0.2673749113455415,0.009500072337687016,3054.095375002362
pessimistic,250,multistation,8,8,8,t00049-c00064,64,49,7,0,7,True,False,no_show,20.9142,0.0,0,1,110.23083399049938,847.5745840696618,107.69849992357194,0.023124972358345985,955.2962089655921
pessimistic,250,multistation,8,8,8,t00049-c00068,68,49,3,0,3,True,False,cancelled_early,25.1215,0.0,0,1,163.7439999030903,955.1946249557659,0.1408749958500266,0.008916947990655899,955.3444168996066
pessimistic,250,multistation,8,8,8,t00049-c00166,166,49,5,0,5,True,False,cancelled_early,24.7137,0.0,0,1,81.66350005194545,955.1444170065224,0.21050008945167065,0.0070409150794148445,955.3619580110535
pessimistic,250,multistation,8,8,8,t00050-c00068,68,50,3,0,3,True,False,satisfied,23.5837,24.0,40,1,188.05433297529817,502.0617500413209,87.2843749821186,0.01850002445280552,589.3646250478923
pessimistic,250,multistation,8,8,8,t00050-c00077,77,50,3,0,3,True,False,no_show,23.0367,0.0,0,1,161.6283330367878,466.3748750463128,123.01979097537696,0.00808399636298418,589.4027500180528
pessimistic,250,multistation,8,8,8,t00050-c00166,166,50,7,0,7,True,False,no_show,21.6346,0.0,0,1,45.90812500100583,589.2242919653654,0.16495806630700827,0.00837491825222969,589.3976249499246
pessimistic,250,multistation,8,8,8,t00052-c00109,109,52,5,0,5,True,False,no_show,15.6005,0.0,0,1,37.19495900440961,206.54333394486457,0.026916037313640118,0.016083940863609314,206.58633392304182
pessimistic,250,multistation,8,8,8,t00052-c00239,239,52,3,0,3,True,False,no_show,20.6445,0.0,0,1,16.786250052973628,183.20712505374104,23.403957951813936,0.008041970431804657,206.61912497598678
pessimistic,250,multistation,8,8,8,t00053-c00045,45,53,17,0,17,True,False,satisfied,27.838,28.0,70,1,535.9834580449387,5634.101958014071,0.031374976970255375,0.02862501423805952,5634.161958005279
pessimistic,250,multistation,8,8,8,t00053-c00046,46,53,3,0,3,True,False,cancelled_late,23.3845,0.0,0,1,1349.8382089892402,3475.7626249920577,2158.437917008996,0.008541974239051342,5634.209083975293
pessimistic,250,multistation,8,8,8,t00053-c00163,163,53,5,0,5,True,False,cancelled_late,16.0066,0.0,0,1,535.8807080192491,5474.2215409642085,159.99979199841619,0.008958042599260807,5634.230291005224
pessimistic,250,multistation,8,8,8,t00053-c00180,180,53,1,0,1,True,False,satisfied,19.7982,5.4,9,1,1349.7430419083685,1349.7430419083685,4284.484917065129,0.005958019755780697,5634.233916993253
pessimistic,250,multistation,8,8,8,t00053-c00219,219,53,10,0,10,True,False,cancelled_early,23.7116,0.0,0,1,535.79820797313,5474.139292025939,160.08699999656528,0.0067909713834524155,5634.233082993887
pessimistic,250,multistation,8,8,8,t00054-c00219,219,54,10,0,10,True,False,no_show,20.9805,0.0,0,1,30.674166046082973,379.5842910185456,0.04741700831800699,0.029374961741268635,379.6610829886049
pessimistic,250,multistation,8,8,8,t00054-c00249,249,54,3,1,3,True,False,satisfied,14.4667,14.5,29,1,402.08404196891934,483.32441702950746,0.040749902836978436,0.015416997484862804,483.3805839298293
pessimistic,250,multistation,8,8,8,t00056-c00031,31,56,4,0,4,True,False,no_show,22.3518,0.0,0,1,353.8878329563886,1018.5332909459248,86.78629202768207,0.01995800994336605,1105.3395409835503
pessimistic,250,multistation,8,8,8,t00056-c00051,51,56,7,0,7,True,False,cancelled_early,25.1919,0.0,0,1,41.987791075371206,1086.5848750108853,18.790791044011712,0.00933394767343998,1105.3850000025705
pessimistic,250,multistation,8,8,8,t00056-c00056,56,56,3,0,3,True,False,satisfied,8.425,9.1,13,1,58.34620795212686,1105.2023749798536,0.1888750120997429,0.0068749068304896355,1105.3981248987839
pessimistic,250,multistation,8,8,8,t00057-c00051,51,57,12,0,12,True,False,cancelled_late,22.7499,0.0,0,1,80.40383306797594,979.0635410463437,0.02745899837464094,0.02120796125382185,979.1122080059722
pessimistic,250,multistation,8,8,8,t00057-c00060,60,57,5,0,5,True,False,satisfied,19.7881,19.8,33,1,33.30291691236198,979.015416931361,0.1510829897597432,0.00808399636298418,979.1745839174837
pessimistic,250,multistation,8,8,8,t00057-c00145,145,57,2,0,2,True,False,cancelled_late,17.5966,0.0,0,1,288.1663331063464,627.005000016652,352.158333058469,0.005916925147175789,979.1692500002682
pessimistic,250,multistation,8,8,8,t00058-c00163,163,58,5,0,5,True,False,satisfied,17.8073,18.0,36,1,32.90854103397578,237.66945803072304,0.03612495493143797,0.023082946427166462,237.72866593208164
pessimistic,250,multistation,8,8,8,t00059-c00117,117,59,4,0,4,True,False,cancelled_late,20.4264,0.0,0,1,41.1937499884516,221.66466701310128,0.032041920349001884,0.01754099503159523,221.71424992848188
pessimistic,250,multistation,8,8,8,t00060-c00208,208,60,4,0,4,True,False,satisfied,28.4663,28.8,72,1,142.1586669748649,697.8204590268433,0.04470802377909422,0.028957962058484554,697.8941250126809
pessimistic,250,multistation,8,8,8,t00061-c00029,29,61,1,0,1,True,False,satisfied,23.8161,7.0,10,1,1826.056084013544,1826.056084013544,6219.650165992789,0.019208993762731552,8045.725459000096
pessimistic,250,multistation,8,8,8,t00061-c00046,46,61,5,0,5,True,False,no_show,28.481,0.0,0,1,579.1391670936719,5593.708708067425,2452.0562919788063,0.010750023648142815,8045.775750069879
pessimistic,250,multistation,8,8,8,t00061-c00110,110,61,20,0,20,True,False,satisfied,17.3328,17.6,44,1,307.6216659974307,8045.5876250052825,0.1866249367594719,0.013041077181696892,8045.787291019224
pessimistic,250,multistation,8,8,8,t00061-c00114,114,61,7,0,7,True,False,cancelled_early,26.8886,0.0,0,1,1825.9160000598058,7542.010084027424,503.7645830307156,0.007041962817311287,8045.781709020957
pessimistic,250,multistation,8,8,8,t00061-c00117,117,61,7,0,7,True,False,satisfied,21.0806,21.6,36,1,1795.9177499869838,5508.206708938815,2537.576457951218,0.006125075742602348,8045.789291965775
pessimistic,250,multistation,8,8,8,t00061-c00137,137,61,1,1,1,True,False,cancelled_late,21.4066,0.0,0,1,8300.623000017367,8300.623000017367,523.5253750579432,0.008207978680729866,8824.156583053991
pessimistic,250,multistation,8,8,8,t00061-c00187,187,61,1,0,1,True,False,no_show,25.4947,0.0,0,1,2158.420083927922,2158.420083927922,5887.308083008975,0.004500034265220165,8045.732666971162
pessimistic,250,multistation,8,8,8,t00061-c00230,230,61,10,0,10,True,False,cancelled_late,26.4827,0.0,0,1,33.42400002293289,7617.785666952841,427.9316670726985,0.0068749068304896355,8045.72420893237
pessimistic,250,multistation,8,8,8,t00061-c00241,241,61,14,0,14,True,False,satisfied,18.1006,18.6,31,1,307.3781670536846,8045.344084035605,0.37754105869680643,0.006833928637206554,8045.728459022939
pessimistic,250,multistation,8,8,8,t00062-c00114,114,62,10,0,10,True,False,no_show,19.8167,0.0,0,1,134.7977080149576,669.8781669838354,106.42041603568941,0.022417050786316395,776.3210000703111
pessimistic,250,multistation,8,8,8,t00062-c00235,235,62,5,0,5,True,False,cancelled_late,21.2714,0.0,0,1,42.69954201299697,776.1783340247348,0.2104579471051693,0.008624978363513947,776.3974169502035
pessimistic,250,multistation,8,8,8,t00063-c00051,51,63,4,0,4,True,False,cancelled_late,23.417,0.0,0,1,177.97295900527388,453.81283399183303,165.02387495711446,0.01937500201165676,618.8560839509591
pessimistic,250,multistation,8,8,8,t00063-c00145,145,63,5,0,5,True,False,no_show,22.3201,0.0,0,1,97.3797079641372,618.7527909642085,0.16004196368157864,0.009917072020471096,618.9227499999106
pessimistic,250,multistation,8,8,8,t00064-c00178,178,64,3,0,3,True,False,satisfied,25.8401,26.0,52,1,40.29887495562434,248.68862493894994,0.03629201091825962,0.02295803278684616,248.74787498265505
pessimistic,250,multistation,8,8,8,t00065-c00051,51,65,14,0,14,True,False,satisfied,21.6122,22.2,37,1,46.21479194611311,1046.4044170221314,0.028582988306879997,0.022916938178241253,1046.4559169486165
pessimistic,250,multistation,8,8,8,t00065-c00177,177,65,1,0,1,True,False,satisfied,24.0837,17.4,29,1,346.2275000056252,346.2275000056252,700.2644999884069,0.008333008736371994,1046.5003330027685
pessimistic,250,multistation,8,8,8,t00065-c00199,199,65,3,0,3,True,False,cancelled_late,22.9165,0.0,0,1,280.8447499992326,811.6697910008952,234.8214170197025,0.007166992872953415,1046.4983750134706
pessimistic,250,multistation,8,8,8,t00066-c00010,10,66,3,0,3,True,False,satisfied,29.3633,29.4,49,1,480.8910000137985,2508.4219169802964,215.75716708321124,0.02274999860674143,2724.2018340621144
pessimistic,250,multistation,8,8,8,t00066-c00021,21,66,7,0,7,True,False,satisfied,23.5221,23.6,59,1,430.54733297321945,2462.9962500184774,261.2511250190437,0.011457945220172405,2724.2588329827413
pessimistic,250,multistation,8,8,8,t00066-c00137,137,66,3,0,3,True,False,satisfied,20.8737,21.0,35,1,454.99304204713553,2338.960792054422,385.2893749717623,0.007207971066236496,2724.2573749972507
pessimistic,250,multistation,8,8,8,t00066-c00230,230,66,14,0,14,True,False,cancelled_late,28.0362,0.0,0,1,42.99991705920547,2724.0127089899033,0.24066597688943148,0.009709037840366364,2724.263084004633
pessimistic,250,multistation,8,8,8,t00066-c00235,235,66,4,0,4,True,False,satisfied,23.84,24.0,48,1,711.8632920319214,2050.761792110279,673.5049159033224,0.005749985575675964,2724.2724579991773
pessimistic,250,multistation,8,8,8,t00067-c00054,54,67,3,0,3,True,False,cancelled_late,21.3027,0.0,0,1,1114.1905409749597,4132.868457934819,452.985875075683,0.022666994482278824,4585.877000004984
pessimistic,250,multistation,8,8,8,t00067-c00095,95,67,3,0,3,True,False,satisfied,17.632,17.6,22,1,1114.136749994941,4132.814791984856,453.11804104130715,0.008584000170230865,4585.9414170263335
pessimistic,250,multistation,8,8,8,t00067-c00096,96,67,14,0,14,True,False,cancelled_early,21.5955,0.0,0,1,84.7219160059467,4585.730916005559,0.20766700617969036,0.011708005331456661,4585.95029101707
pessimistic,250,multistation,8,8,8,t00067-c00189,189,67,1,0,1,True,False,satisfied,23.3036,9.6,16,1,942.9932499770075,942.9932499770075,3642.945665982552,0.005125068128108978,4585.9440410276875
pessimistic,250,multistation,8,8,8,t00067-c00199,199,67,5,0,5,True,False,satisfied,29.8879,30.0,75,1,302.02041706070304,4132.680666982196,453.24870804324746,0.006041955202817917,4585.935416980647
pessimistic,250,multistation,8,8,8,t00067-c00200,200,67,6,0,6,True,False,cancelled_late,14.7425,0.0,0,1,1156.4119160175323,4196.695290971547,389.2227499745786,0.00600004568696022,4585.924040991813
pessimistic,250,multistation,8,8,8,t00067-c00209,209,67,5,0,5,True,False,cancelled_late,15.0676,0.0,0,1,1113.9238749165088,4132.602041005157,453.3113340148702,0.005832989700138569,4585.919208009727
pessimistic,250,multistation,8,8,8,t00067-c00227,227,67,3,0,2,True,False,satisfied,18.5402,18.6,31,1,1113.8814999721944,3826.378916040994,759.5228339778259,0.004415982402861118,4585.906166001223
pessimistic,250,multistation,8,8,8,t00067-c00230,230,67,14,0,14,True,False,satisfied,25.8598,26.4,33,1,84.46837496012449,4585.4774579638615,0.41516695637255907,0.007291091606020927,4585.89991601184
pessimistic,250,multistation,8,8,8,t00068-c00055,55,68,3,0,2,True,False,satisfied,13.4978,13.8,23,1,1304.8458750126883,1337.4771249946207,435.95662503503263,0.016583944670856,1773.4503339743242
pessimistic,250,multistation,8,8,8,t00068-c00088,88,68,5,0,5,True,False,satisfied,22.2022,22.8,38,1,48.43800002709031,1714.6343749482185,58.856750023551285,0.010458985343575478,1773.5015839571133
pessimistic,250,multistation,8,8,8,t00068-c00096,96,68,14,0,14,True,False,cancelled_late,20.3221,0.0,0,1,89.9708749493584,1773.3148329425603,0.18262502271682024,0.011041993275284767,1773.5084999585524
pessimistic,250,multistation,8,8,8,t00068-c00200,200,68,6,0,6,True,False,breakdown,25.4234,0.0,0,1,382.6969580259174,1557.1185830049217,216.39000007417053,0.00666698906570673,1773.515250068158
pessimistic,250,multistation,8,8,8,t00068-c00204,204,68,5,0,5,True,False,no_show,11.3982,0.0,0,1,48.30033308826387,1714.4967920612544,59.00208302773535,0.005541951395571232,1773.5044170403853
pessimistic,250,multistation,8,8,8,t00068-c00238,238,68,1,0,1,True,False,satisfied,18.1489,4.8,6,1,318.765249918215,318.765249918215,1454.7165000112727,0.004791072569787502,1773.4865410020575
pessimistic,250,multistation,8,8,8,t00069-c00099,99,69,2,0,2,True,False,cancelled_late,15.0798,0.0,0,1,19.249583943746984,275.8657499216497,0.026292051188647747,0.016249949112534523,275.9082919219509
pessimistic,250,multistation,8,8,8,t00069-c00112,112,69,4,0,4,True,False,cancelled_late,20.9,0.0,0,1,62.820833059959114,254.15375002194196,21.817208034917712,0.010457937605679035,275.98141599446535
pessimistic,250,multistation,8,8,8,t00069-c00116,116,69,1,0,1,True,False,satisfied,15.4607,4.8,12,1,19.15633410681039,19.15633410681039,256.8204998970032,0.005791080184280872,275.98262508399785
pessimistic,250,multistation,8,8,8,t00070-c00003,3,70,1,0,1,True,False,satisfied,19.0985,3.5,5,1,15.499708009883761,15.499708009883761,1301.2303749565035,0.016457983292639256,1316.74654094968
pessimistic,250,multistation,8,8,8,t00070-c00096,96,70,4,0,4,True,False,no_show,22.1861,0.0,0,1,133.35845794063061,1294.0970829222351,22.687792079523206,0.011082971468567848,1316.795957973227
pessimistic,250,multistation,8,8,8,t00070-c00099,99,70,2,0,1,True,False,cancelled_late,15.9024,0.0,0,1,1316.6144581045955,1316.6144581045955,0.1699579879641533,0.005541951395571232,1316.7899580439553
pessimistic,250,multistation,8,8,8,t00070-c00236,236,70,4,0,4,True,False,satisfied,32.76,32.8,82,1,133.26341705396771,1294.0021670656279,22.789665963500738,0.006124959327280521,1316.797957988456
pessimistic,250,multistation,8,8,8,t00071-c00016,16,71,1,0,1,True,False,cancelled_late,26.8469,0.0,0,1,68.00820794887841,68.00820794887841,379.4385000364855,0.015291967429220676,447.4619999527931
pessimistic,250,multistation,8,8,8,t00071-c00246,246,71,7,0,7,True,False,no_show,17.7526,0.0,0,1,52.59595799725503,447.3538330057636,0.14533300418406725,0.010624993592500687,447.50979100354016
pessimistic,250,multistation,8,8,8,t00072-c00018,18,72,8,0,8,True,False,no_show,23.1312,0.0,0,1,117.06774996127933,738.2589579792693,63.457292038947344,0.020582927390933037,801.7368329456076
pessimistic,250,multistation,8,8,8,t00072-c00030,30,72,6,0,6,True,False,cancelled_late,21.9032,0.0,0,1,31.23266703914851,801.6429590061307,0.12550002429634333,0.009207986295223236,801.7776670167223
pessimistic,250,multistation,8,8,8,t00072-c00136,136,72,3,0,3,True,False,satisfied,24.8069,25.2,36,1,170.95795890782028,690.0748749030754,111.71066702809185,0.006542075425386429,801.7920840065926
pessimistic,250,multistation,8,8,8,t00072-c00158,158,72,1,0,1,True,False,satisfied,24.2056,3.2,4,1,131.79116696119308,131.79116696119308,669.984000036493,0.004958012141287327,801.7801250098273
pessimistic,250,multistation,8,8,8,t00073-c00028,28,73,2,0,2,True,False,satisfied,21.9162,17.5,35,1,53.21824993006885,278.548292000778,269.9369170004502,0.015249941498041153,548.5004589427263
pessimistic,250,multistation,8,8,8,t00073-c00181,181,73,14,0,13,True,False,cancelled_early,19.3714,0.0,0,1,32.05241705290973,548.4020420117304,0.13041601050645113,0.011458992958068848,548.5439170151949
pessimistic,250,multistation,8,8,8,t00074-c00073,73,74,7,0,7,True,False,satisfied,20.2447,20.8,26,1,145.1898750383407,710.6452920706943,82.21091597806662,0.02562499139457941,792.8818330401555
pessimistic,250,multistation,8,8,8,t00074-c00099,99,74,3,0,2,True,False,satisfied,14.6341,14.7,21,1,530.3386660525575,637.0230000466108,155.89841594919562,0.008500064723193645,792.9299160605296
pessimistic,250,multistation,8,8,8,t00074-c00181,181,74,5,0,5,True,False,cancelled_early,15.6766,0.0,0,1,94.60075001697987,655.4081659996882,137.5123340403661,0.0073749106377363205,792.9278749506921
pessimistic,250,multistation,8,8,8,t00074-c00220,220,74,5,0,5,True,False,satisfied,27.5501,24.8,31,1,38.46312500536442,792.6794170634821,0.250374898314476,0.007500057108700275,792.9372920189053
pessimistic,250,multistation,8,8,8,t00074-c00248,248,74,1,0,1,True,False,cancelled_early,16.0368,0.0,0,1,188.82708402816206,188.82708402816206,604.0923330001533,0.004792003892362118,792.9242090322077
pessimistic,250,multistation,8,8,8,t00075-c00181,181,75,9,0,8,True,False,satisfied,22.0163,22.167,28,1,51.03187507484108,352.85579203628004,0.04199997056275606,0.02737506292760372,352.9251670697704
pessimistic,250,multistation,8,8,8,t00075-c00248,248,75,1,0,1,True,False,satisfied,19.3172,2.0,4,1,16.770916059613228,16.770916059613228,336.19070902932435,0.008750008419156075,352.97037509735674
pessimistic,250,multistation,8,8,8,t00076-c00030,30,76,6,0,6,True,False,cancelled_early,24.5176,0.0,0,1,33.98408298380673,1179.2776660295203,0.02316699828952551,0.017249956727027893,1179.3180829845369
pessimistic,250,multistation,8,8,8,t00076-c00112,112,76,4,0,4,True,False,cancelled_late,25.0934,0.0,0,1,208.03712494671345,702.763958950527,476.59704100806266,0.00900006853044033,1179.37000002712
pessimistic,250,multistation,8,8,8,t00076-c00188,188,76,4,0,4,True,False,cancelled_late,18.8028,0.0,0,1,207.98537496011704,702.7121249120682,476.651250035502,0.006124959327280521,1179.3694999068975
pessimistic,250,multistation,8,8,8,t00076-c00198,198,76,14,0,14,True,False,satisfied,12.3016,12.6,18,1,83.09654204640538,1179.122208035551,0.24370895698666573,0.00916607677936554,1179.375083069317
pessimistic,250,multistation,8,8,8,t00076-c00209,209,76,3,0,3,True,False,no_show,18.5247,0.0,0,1,124.52537496574223,903.0627500033006,276.2924999697134,0.005500041879713535,1179.3607500148937
pessimistic,250,multistation,8,8,8,t00077-c00030,30,77,3,0,3,True,False,cancelled_late,24.4952,0.0,0,1,28.289334033615887,733.1004169536754,0.021458021365106106,0.017291982658207417,733.1391669576988
pessimistic,250,multistation,8,8,8,t00077-c00188,188,77,4,0,4,True,False,satisfied,20.8245,21.0,30,1,71.38274994213134,659.3077499419451,73.89704103115946,0.010334071703255177,733.2151250448078
pessimistic,250,multistation,8,8,8,t00077-c00223,223,77,4,0,4,True,False,cancelled_late,27.2513,0.0,0,1,71.34008302818984,659.2652079416439,73.94445803947747,0.006292015314102173,733.2159579964355
pessimistic,250,multistation,8,8,8,t00078-c00112,112,78,3,0,3,True,False,no_show,21.1292,0.0,0,1,106.08004208188504,266.228917054832,99.72958301659673,0.018333899788558483,365.9768339712173
pessimistic,250,multistation,8,8,8,t00078-c00218,218,78,5,0,5,True,False,satisfied,16.4618,16.8,42,1,47.798541956581175,365.86645897477865,0.1448750263080001,0.010415911674499512,366.02174991276115
pessimistic,250,multistation,8,8,8,t00079-c00196,196,79,5,0,5,True,False,satisfied,19.0926,19.2,24,1,29.85729102510959,182.01141606550664,0.03779190592467785,0.020583043806254864,182.06979101523757
pessimistic,250,multistation,8,8,8,t00080-c00005,5,80,5,0,5,True,False,no_show,22.5369,0.0,0,1,38.37149997707456,726.2141250539571,0.019541941583156586,0.022707972675561905,726.2563749682158
pessimistic,250,multistation,8,8,8,t00080-c00121,121,80,1,0,1,True,False,cancelled_late,22.4046,0.0,0,1,267.7545000333339,267.7545000333339,458.52250000461936,0.008041970431804657,726.2850420083851
pessimistic,250,multistation,8,8,8,t00080-c00217,217,80,4,0,4,True,False,cancelled_late,28.8845,0.0,0,1,144.2330409772694,590.5906249536201,135.70062501821667,0.009541050530970097,726.3007910223678
pessimistic,250,multistation,8,8,8,t00081-c00050,50,81,3,0,3,True,False,no_show,24.2858,0.0,0,1,109.28374994546175,793.1897499365732,70.46020799316466,0.024792039766907692,863.6747499695048
pessimistic,250,multistation,8,8,8,t00081-c00148,148,81,4,0,4,True,False,satisfied,26.0649,26.4,33,1,131.63079193327576,647.8436249308288,215.87295806966722,0.01091696321964264,863.7274999637157
pessimistic,250,multistation,8,8,8,t00081-c00192,192,81,4,0,4,True,False,satisfied,25.4866,25.9,37,1,131.58724992536008,647.7999999187887,215.92466707807034,0.006707967258989811,863.731374964118
pessimistic,250,multistation,8,8,8,t00081-c00240,240,81,5,0,5,True,False,cancelled_late,24.115,0.0,0,1,35.12170794419944,863.4818750433624,0.2394999610260129,0.007707974873483181,863.7290829792619
pessimistic,250,multistation,8,8,8,t00082-c00014,14,82,5,0,5,True,False,satisfied,17.8281,8.8,11,1,111.77995800971985,855.3803750546649,635.3853750042617,0.020749983377754688,1490.7865000423044
pessimistic,250,multistation,8,8,8,t00082-c00083,83,82,5,0,5,True,False,no_show,25.8775,0.0,0,1,76.48837508168072,1150.3483750857413,340.474791941233,0.010499963536858559,1490.8336669905111
pessimistic,250,multistation,8,8,8,t00082-c00149,149,82,10,0,10,True,False,satisfied,15.4197,16.1,23,1,28.188333031721413,1490.6357909785584,0.18908397760242224,0.009875046089291573,1490.83475000225
pessimistic,250,multistation,8,8,8,t00082-c00223,223,82,6,0,6,True,False,satisfied,30.0104,30.5,61,1,111.62362492177635,1332.1568339597434,158.66499999538064,0.006375019438564777,1490.8282089745626
pessimistic,250,multistation,8,8,8,t00082-c00240,240,82,3,0,3,True,False,cancelled_late,23.7045,0.0,0,1,76.35029195807874,1150.210333056748,340.60179197695106,0.005041947588324547,1490.8171669812873
pessimistic,250,multistation,8,8,8,t00083-c00131,131,83,9,0,9,True,False,cancelled_late,20.806,0.0,0,1,352.9618749162182,1866.4785419823602,0.038041966035962105,0.02666597720235586,1866.5432499255985
pessimistic,250,multistation,8,8,8,t00083-c00133,133,83,3,0,3,True,False,cancelled_late,23.2774,0.0,0,1,695.0883750105277,1333.5225409828126,533.0809999722987,0.009416951797902584,1866.6129579069093
pessimistic,250,multistation,8,8,8,t00083-c00135,135,83,5,0,5,True,False,no_show,21.7428,0.0,0,1,675.6101669743657,1355.600917013362,511.0111249377951,0.007541966624557972,1866.6195839177817
pessimistic,250,multistation,8,8,8,t00083-c00201,201,83,1,0,1,True,False,satisfied,15.2283,3.6,6,1,695.0010410510004,695.0010410510004,1171.6021669562906,0.004625064320862293,1866.6078330716118
pessimistic,250,multistation,8,8,8,t00083-c00211,211,83,5,0,5,True,False,no_show,21.6672,0.0,0,1,352.78783401008695,1866.3044170243666,0.28954201843589544,0.005582929588854313,1866.5995419723913
pessimistic,250,multistation,8,8,8,t00084-c00030,30,84,14,0,14,True,False,satisfied,18.8253,19.2,24,1,25.169249973259866,1044.4250829750672,0.029916991479694843,0.024583074264228344,1044.4795830408111
pessimistic,250,multistation,8,8,8,t00084-c00133,133,84,3,0,2,True,False,satisfied,18.0935,17.6,22,1,731.5950419288129,846.4060419937596,198.1028749141842,0.0077500008046627045,1044.5166669087484
pessimistic,250,multistation,8,8,8,t00084-c00217,217,84,4,0,4,True,False,cancelled_early,29.2603,0.0,0,1,247.57124995812774,707.7473340323195,336.7592910071835,0.0072499969974160194,1044.5138750365004
pessimistic,250,multistation,8,8,8,t00085-c00109,109,85,7,0,7,True,False,cancelled_late,16.9514,0.0,0,1,701.0137499310076,2658.541249926202,293.5984160285443,0.019291997887194157,2952.1589579526335
pessimistic,250,multistation,8,8,8,t00085-c00217,217,85,14,0,14,True,False,breakdown,29.6274,0.0,0,1,180.60870794579387,2952.0493330201134,0.1557499635964632,0.0112500274553895,2952.2163330111653
pessimistic,250,multistation,8,8,8,t00086-c00054,54,86,8,0,8,True,False,cancelled_late,22.4303,0.0,0,1,86.4644170505926,724.9420830048621,64.53275005333126,0.019541941583156586,789.4943749997765
pessimistic,250,multistation,8,8,8,t00086-c00064,64,86,7,0,7,True,False,satisfied,22.3028,18.9,27,1,31.296374974772334,789.4004579866305,0.14062493573874235,0.00966701190918684,789.5507499342784
pessimistic,250,multistation,8,8,8,t00086-c00152,152,86,1,0,1,True,False,satisfied,22.355,15.0,25,1,113.47962496802211,113.47962496802211,676.0566669981927,0.00558304600417614,789.541875012219
pessimistic,250,multistation,8,8,8,t00086-c00219,219,86,3,0,3,True,False,cancelled_early,29.631,0.0,0,1,158.2124159904197,623.9876250037923,165.53758294321597,0.004917033948004246,789.5301249809563
pessimistic,250,multistation,8,8,8,t00087-c00131,131,87,6,0,6,True,False,no_show,20.9447,0.0,0,1,28.37016701232642,327.5939580053091,0.03204203676432371,0.018541933968663216,327.6445419760421
pessimistic,250,multistation,8,8,8,t00087-c00160,160,87,1,0,1,True,False,satisfied,23.2901,7.0,10,1,62.961083953268826,62.961083953268826,264.70237504690886,0.007082941010594368,327.6705419411883
pessimistic,250,multistation,8,8,8,t00087-c00219,219,87,3,0,3,True,False,no_show,25.7775,0.0,0,1,80.10750007815659,268.57775007374585,59.08199993427843,0.006375019438564777,327.66612502746284
pessimistic,250,multistation,8,8,8,t00088-c00109,109,88,7,0,7,True,False,cancelled_early,18.1772,0.0,0,1,44.42616703454405,307.96479200944304,0.031540985219180584,0.017459038645029068,308.01379203330725
pessimistic,250,multistation,8,8,8,t00089-c00048,48,89,6,0,6,True,False,cancelled_early,33.1147,0.0,0,1,123.19900002330542,2471.051083994098,0.02562499139457941,0.021041021682322025,2471.097750007175
pessimistic,250,multistation,8,8,8,t00089-c00109,109,89,12,0,12,True,False,cancelled_late,21.707,0.0,0,1,713.4801669744775,2179.37562498264,291.77445895038545,0.01225003506988287,2471.1623339680955
pessimistic,250,multistation,8,8,8,t00089-c00204,204,89,4,0,4,True,False,cancelled_late,21.4935,0.0,0,1,1068.3943750336766,1658.492958988063,812.6658330438659,0.005832989700138569,2471.164625021629
pessimistic,250,multistation,8,8,8,t00089-c00240,240,89,4,0,3,True,False,cancelled_early,23.1608,0.0,0,1,634.7334160236642,2127.864000038244,343.28954096417874,0.005417037755250931,2471.158958040178
pessimistic,250,multistation,8,8,8,t00090-c00026,26,90,1,0,1,True,False,no_show,24.4439,0.0,0,1,48.095916979946196,48.095916979946196,808.5580409970134,0.01650000922381878,856.6704579861835
pessimistic,250,multistation,8,8,8,t00090-c00048,48,90,3,0,3,True,False,satisfied,37.2915,36.8,92,1,138.3370419498533,856.5847090212628,0.10454095900058746,0.00825000461190939,856.6974999848753
pessimistic,250,multistation,8,8,8,t00090-c00204,204,90,4,0,4,True,False,cancelled_late,15.1089,0.0,0,1,157.20945806242526,219.47016706690192,637.2154579730704,0.00666698906570673,856.6922920290381
pessimistic,250,multistation,8,8,8,t00090-c00240,240,90,3,0,3,True,False,no_show,25.2315,0.0,0,1,138.23920802678913,856.4870830159634,0.20179199054837227,0.004875008016824722,856.6937500145286
pessimistic,250,multistation,8,8,8,t00091-c00109,109,91,17,0,17,True,False,no_show,13.9357,0.0,0,1,33.354165963828564,855.9410829329863,0.0362080754712224,0.021666986867785454,855.9989579953253
pessimistic,250,multistation,8,8,8,t00091-c00139,139,91,2,0,2,True,False,satisfied,26.7748,10.5,15,1,189.00775001384318,630.3129160078242,225.70795903448015,0.007833004929125309,856.0287080472335
pessimistic,250,multistation,8,8,8,t00091-c00204,204,91,4,0,4,True,False,cancelled_early,16.8556,0.0,0,1,226.2444579973817,545.5220830626786,310.50029199104756,0.006041955202817917,856.028417008929
pessimistic,250,multistation,8,8,8,t00092-c00054,54,92,10,0,10,True,False,satisfied,22.374,16.0,20,1,28.420833055861294,678.3552080160007,0.02975005190819502,0.02483394928276539,678.4097920171916
pessimistic,250,multistation,8,8,8,t00092-c00078,78,92,3,0,2,True,False,cancelled_late,13.5269,0.0,0,1,386.63595798425376,497.3219999810681,181.13337503746152,0.008582952432334423,678.4639579709619
pessimistic,250,multistation,8,8,8,t00092-c00121,121,92,1,0,1,True,False,cancelled_early,23.5664,0.0,0,1,186.1757499864325,186.1757499864325,492.2930409666151,0.00600004568696022,678.4747909987345
pessimistic,250,multistation,8,8,8,t00092-c00204,204,92,4,0,3,True,False,cancelled_late,18.5179,0.0,0,1,217.3017079476267,479.59608293604106,198.87008296791464,0.00600004568696022,678.4721659496427
pessimistic,250,multistation,8,8,8,t00092-c00239,239,92,3,0,3,True,False,satisfied,30.3197,30.8,44,1,69.70629200804979,479.5544589869678,198.90587497502565,0.005415990017354488,678.4657499520108
pessimistic,250,multistation,8,8,8,t00092-c00243,243,92,2,0,1,True,False,no_show,16.4456,0.0,0,1,479.51625008136034,479.51625008136034,198.92933301161975,0.004499917849898338,678.45008301083
pessimistic,250,multistation,8,8,8,t00093-c00011,11,93,5,0,5,True,False,cancelled_early,24.9443,0.0,0,1,1064.1925000818446,2529.878291999921,0.025916029699146748,0.02758402843028307,2529.9317920580506
pessimistic,250,multistation,8,8,8,t00093-c00019,19,93,5,0,5,True,False,no_show,25.2251,0.0,0,1,1064.1437500016764,2529.8300000140443,0.16195804346352816,0.008958973921835423,2530.0009170314297
pessimistic,250,multistation,8,8,8,t00093-c00078,78,93,8,0,8,True,False,no_show,21.2997,0.0,0,1,1064.0946250641719,2529.7808749601245,0.2097500255331397,0.007916009053587914,2529.998540994711
pessimistic,250,multistation,8,8,8,t00093-c00121,121,93,1,0,1,True,False,satisfied,18.8087,18.2,26,1,1321.0660420591012,1321.0660420591012,1208.912165951915,0.005334033630788326,2529.983542044647
pessimistic,250,multistation,8,8,8,t00094-c00011,11,94,5,0,5,True,False,satisfied,19.6685,20.0,40,1,521.9180829590186,1674.4567919522524,0.022707972675561905,0.029499991796910763,1674.5089999167249
pessimistic,250,multistation,8,8,8,t00094-c00077,77,94,5,0,5,True,False,satisfied,29.9299,30.0,50,1,521.8667079461738,1674.4053749134764,0.1473750453442335,0.009416951797902584,1674.5621669106185
pessimistic,250,multistation,8,8,8,t00095-c00039,39,95,3,0,3,True,False,cancelled_late,28.6397,0.0,0,1,27.76083303615451,203.63320806063712,0.023292028345167637,0.02145790494978428,203.67795799393207
pessimistic,250,multistation,8,8,8,t00095-c00138,138,95,1,0,1,True,False,cancelled_late,26.6066,0.0,0,1,70.31850004568696,70.31850004568696,133.40895902365446,0.008790986612439156,203.73625005595386
pessimistic,250,multistation,8,8,8,t00096-c00111,111,96,1,0,1,True,False,satisfied,16.1393,4.2,6,1,14.51341703068465,14.51341703068465,0.016583013348281384,0.011999974958598614,14.54200001899153
pessimistic,250,multistation,8,8,8,t00097-c00119,119,97,5,0,5,True,False,no_show,24.8387,0.0,0,1,130.4846660932526,2816.4966250769794,0.0350000336766243,0.028207898139953613,2816.559833008796
pessimistic,250,multistation,8,8,8,t00097-c00166,166,97,12,0,12,True,False,satisfied,26.344,26.4,44,1,260.3468750603497,2124.8346670763567,691.7754169553518,0.012040953151881695,2816.6221249848604
pessimistic,250,multistation,8,8,8,t00097-c00179,179,97,10,0,10,True,False,no_show,19.4649,0.0,0,1,130.3938339697197,2816.4059170521796,0.21600001491606236,0.00825000461190939,2816.6301670717075
pessimistic,250,multistation,8,8,8,t00098-c00016,16,98,3,0,3,True,False,cancelled_early,31.3866,0.0,0,1,327.19895895570517,1979.8746249871328,1411.8364590685815,0.019875005818903446,3391.730959061533
pessimistic,250,multistation,8,8,8,t00098-c00040,40,98,10,0,10,True,False,cancelled_early,23.5218,0.0,0,1,41.23970796354115,3334.679832914844,57.11437505669892,0.011584023013710976,3391.805791994557
pessimistic,250,multistation,8,8,8,t00098-c00043,43,98,2,0,2,True,False,satisfied,21.0701,10.0,20,1,327.10950006730855,1979.7850000904873,1412.0184159837663,0.005792011506855488,3391.8092080857605
pessimistic,250,multistation,8,8,8,t00098-c00183,183,98,8,0,8,True,False,satisfied,30.3271,27.0,45,1,327.05812505446374,3214.0742500778288,177.72404092829674,0.00708398874849081,3391.805374994874
pessimistic,250,multistation,8,8,8,t00098-c00204,204,98,11,0,11,True,False,no_show,19.8388,0.0,0,1,327.0130839664489,3214.0292919939384,177.75970802176744,0.00708398874849081,3391.7960840044543
pessimistic,250,multistation,8,8,8,t00098-c00231,231,98,1,1,1,True,False,satisfied,21.1324,12.4,31,1,4054.816458025016,4054.816458025016,1832.9756669700146,0.004792003892362118,5887.796916998923
pessimistic,250,multistation,8,8,8,t00098-c00234,234,98,14,0,14,True,False,satisfied,20.3773,20.4,34,1,82.29620894417167,3391.4204169996083,0.3212919691577554,0.007999944500625134,3391.7497089132667
pessimistic,250,multistation,8,8,8,t00099-c00016,16,99,5,0,5,True,False,breakdown,26.0397,0.0,0,1,218.93879096023738,1495.3955409582704,998.4438340179622,0.01820793841034174,2493.857582914643
pessimistic,250,multistation,8,8,8,t00099-c00040,40,99,5,0,5,True,False,satisfied,18.754,15.0,30,1,65.79837494064122,2419.789458042942,74.10087494645268,0.00966701190918684,2493.900000001304
pessimistic,250,multistation,8,8,8,t00099-c00114,114,99,18,0,18,True,False,satisfied,28.7935,29.4,42,1,65.74641703628004,2493.713542004116,0.1853749854490161,0.0113749410957098,2493.9102919306606
pessimistic,250,multistation,8,8,8,t00099-c00150,150,99,10,0,10,True,False,no_show,24.5476,0.0,0,1,347.7541250176728,1931.1384580796584,562.7604170003906,0.007416936568915844,2493.906292016618
pessimistic,250,multistation,8,8,8,t00100-c00025,25,100,5,0,5,True,False,satisfied,18.2226,18.4,46,1,64.29033307358623,573.3024580404162,0.023582950234413147,0.020959065295755863,573.3470000559464
pessimistic,250,multistation,8,8,8,t00100-c00101,101,100,5,0,5,True,False,cancelled_late,14.2561,0.0,0,1,64.23541693948209,573.247916996479,0.12687500566244125,0.007999944500625134,573.3827919466421
pessimistic,250,multistation,8,8,8,t00101-c00034,34,101,5,0,5,True,False,no_show,32.1411,0.0,0,1,51.767416996881366,756.8027919624001,0.023625092580914497,0.021082931198179722,756.8474999861792
pessimistic,250,multistation,8,8,8,t00101-c00039,39,101,4,0,4,True,False,satisfied,28.4909,28.5,57,1,142.05666701309383,471.48387506604195,285.38962500169873,0.008624978363513947,756.8821250461042
pessimistic,250,multistation,8,8,8,t00101-c00101,101,101,11,0,11,True,False,satisfied,13.1469,12.6,18,1,51.6701660817489,756.7057079868391,0.17204205505549908,0.00895792618393898,756.8867079680786
pessimistic,250,multistation,8,8,8,t00102-c00170,170,102,6,0,6,True,False,cancelled_late,25.2997,0.0,0,1,44.22249994240701,724.2405839497223,0.03674998879432678,0.024250010028481483,724.3015839485452
pessimistic,250,multistation,8,8,8,t00102-c00222,222,102,1,1,1,True,False,cancelled_late,18.6634,0.0,0,1,1061.9762500282377,1061.9762500282377,768.7340000411496,0.004375004209578037,1830.7146250735968
pessimistic,250,multistation,8,8,8,t00102-c00242,242,102,3,0,3,True,False,cancelled_late,23.6312,0.0,0,1,136.06145908124745,539.5361670525745,184.76325005758554,0.008666887879371643,724.3080839980394
pessimistic,250,multistation,8,8,8,t00103-c00138,138,103,1,0,1,True,False,satisfied,26.6553,14.0,35,1,317.36808305140585,317.36808305140585,786.8220000527799,0.020124949514865875,1104.2102080537006
pessimistic,250,multistation,8,8,8,t00103-c00170,170,103,5,0,5,True,False,breakdown,28.5812,0.0,0,1,107.99691604916006,1104.1105829644948,0.12566708028316498,0.009707990102469921,1104.2459580348805
pessimistic,250,multistation,8,8,8,t00103-c00203,203,103,6,0,6,True,False,satisfied,31.0127,30.8,44,1,107.95137495733798,1104.0650829672813,0.16458402387797832,0.006624963134527206,1104.2362919542938
pessimistic,250,multistation,8,8,8,t00104-c00202,202,104,1,0,1,True,False,cancelled_late,32.708,0.0,0,1,36.31662507541478,36.31662507541478,0.033624935895204544,0.012292061001062393,36.362542072311044
pessimistic,250,multistation,8,8,8,t00105-c00124,124,105,5,0,5,True,False,no_show,18.1085,0.0,0,1,94.02583295013756,901.0494579561055,74.22137504909188,0.016625039279460907,975.2874580444768
pessimistic,250,multistation,8,8,8,t00105-c00194,194,105,8,0,8,True,False,cancelled_late,21.0194,0.0,0,1,31.134124961681664,975.1884168945253,0.1307080965489149,0.009124982170760632,975.328249973245
pessimistic,250,multistation,8,8,8,t00106-c00053,53,106,6,0,6,True,False,no_show,19.2689,0.0,0,1,135.45991701539606,542.2675419831648,121.21916702017188,0.021415995433926582,663.5081249987707
pessimistic,250,multistation,8,8,8,t00106-c00063,63,106,5,0,5,True,False,no_show,14.9301,0.0,0,1,34.38666695728898,663.412292022258,0.11324998922646046,0.008999952115118504,663.5345419635996
pessimistic,250,multistation,8,8,8,t00106-c00105,105,106,5,0,5,True,False,no_show,20.5638,0.0,0,1,34.34337489306927,663.3688749279827,0.1526250271126628,0.005790963768959045,663.5272909188643
pessimistic,250,multistation,8,8,8,t00106-c00158,158,106,3,0,3,True,False,satisfied,15.4377,16.0,20,1,88.81741599179804,449.1464579477906,214.3623330630362,0.005375011824071407,663.5141660226509
pessimistic,250,multistation,8,8,8,t00107-c00007,7,107,3,0,3,True,False,cancelled_late,28.6119,0.0,0,1,83.15249998122454,1067.8832919802517,0.020417035557329655,0.01895800232887268,1067.9226670181379
pessimistic,250,multistation,8,8,8,t00107-c00031,31,107,3,0,3,True,False,cancelled_early,23.3432,0.0,0,1,83.10412499122322,1067.8349579684436,0.12874999083578587,0.0069999368861317635,1067.9707078961655
pessimistic,250,multistation,8,8,8,t00107-c00130,130,107,5,0,5,True,False,no_show,16.8554,0.0,0,1,83.05212494451553,1067.7832909859717,0.1812089467421174,0.006666057743132114,1067.971165990457
pessimistic,250,multistation,8,8,8,t00107-c00222,222,107,1,0,1,True,False,satisfied,20.8124,20.8496,30,1,113.10104199219495,113.10104199219495,954.8492910107598,0.004917033948004246,1067.9552500369027
pessimistic,250,multistation,8,8,8,t00108-c00007,7,108,3,0,3,True,False,cancelled_late,23.9728,0.0,0,1,150.2387080108747,746.4417919982225,0.020749983377754688,0.016915961168706417,746.4794579427689
pessimistic,250,multistation,8,8,8,t00108-c00031,31,108,3,0,3,True,False,cancelled_late,28.887,0.0,0,1,150.19112499430776,746.3945000199601,0.12487499043345451,0.006916932761669159,746.5262919431552
pessimistic,250,multistation,8,8,8,t00108-c00098,98,108,4,1,3,True,False,satisfied,19.1074,19.2,32,1,793.2352090720087,888.5007090866566,68.5888750012964,0.016999896615743637,957.1065839845687
pessimistic,250,multistation,8,8,8,t00108-c00242,242,108,5,0,5,True,False,satisfied,20.3595,20.5,41,1,150.09154204744846,746.2950829649344,0.1917920308187604,0.006458023563027382,746.4933330193162
pessimistic,250,multistation,8,8,8,t00109-c00194,194,109,7,0,6,True,False,no_show,11.2085,0.0,0,1,44.778291950933635,208.60520796850324,0.13095897156745195,0.008958042599260807,208.74512498266995
pessimistic,250,multistation,8,8,8,t00110-c00097,97,110,6,0,6,True,False,satisfied,26.1189,26.4,66,1,434.69633301720023,1518.1051249383017,182.2153750108555,0.022707972675561905,1700.3432079218328
pessimistic,250,multistation,8,8,8,t00110-c00191,191,110,4,0,4,True,False,satisfied,20.2792,20.3,29,1,434.63933398015797,1265.4678749386221,434.90041699260473,0.0077500008046627045,1700.3760419320315
pessimistic,250,multistation,8,8,8,t00110-c00205,205,110,5,0,5,True,False,satisfied,26.0146,25.2,63,1,65.95199997536838,1700.1888329396024,0.17291703261435032,0.006832997314631939,1700.3685829695314
pessimistic,250,multistation,8,8,8,t00111-c00085,85,111,3,0,2,True,False,satisfied,15.2103,15.5,31,1,32.979332958348095,56.5089579904452,0.02416700590401888,0.01795799471437931,56.551082991063595
pessimistic,250,multistation,8,8,8,t00112-c00023,23,112,4,0,4,True,False,no_show,20.5799,0.0,0,1,179.28349995054305,449.4856660021469,180.75570894870907,0.01954101026058197,630.2609159611166
pessimistic,250,multistation,8,8,8,t00112-c00104,104,112,1,0,1,True,False,no_show,24.9672,0.0,0,1,81.17383299395442,81.17383299395442,549.1214590147138,0.007707974873483181,630.3029999835417
pessimistic,250,multistation,8,8,8,t00112-c00226,226,112,3,0,3,True,False,cancelled_late,23.2266,0.0,0,1,112.3939580284059,533.7714159395546,96.51845903135836,0.006625079549849033,630.2965000504628
pessimistic,250,multistation,8,8,8,t00112-c00244,244,112,5,0,5,True,False,cancelled_late,26.067,0.0,0,1,30.222542001865804,630.0713749369606,0.23316708393394947,0.007999944500625134,630.3125419653952
pessimistic,250,multistation,8,8,8,t00113-c00007,7,113,5,0,5,True,False,cancelled_late,25.6369,0.0,0,1,217.6327909110114,1253.9452909259126,358.31479204352945,0.022541964426636696,1612.2826249338686
pessimistic,250,multistation,8,8,8,t00113-c00089,89,113,9,0,9,True,False,cancelled_late,16.0472,0.0,0,1,87.47499994933605,1342.220584047027,270.1219159644097,0.010874937288463116,1612.353374948725
pessimistic,250,multistation,8,8,8,t00113-c00174,174,113,11,0,11,True,False,satisfied,23.4868,24.0,40,1,28.770916047506034,1612.1288330759853,0.22716692183166742,0.0100000761449337,1612.366000073962
pessimistic,250,multistation,8,8,8,t00113-c00244,244,113,5,0,5,True,False,satisfied,25.3269,25.8,43,1,267.1775829512626,578.3894159831107,1033.9633340481669,0.0071659451350569725,1612.3599159764126
pessimistic,250,multistation,8,8,8,t00114-c00001,1,114,4,0,4,True,False,cancelled_early,31.5169,0.0,0,1,655.6900830473751,1168.7615420669317,625.0803329749033,0.019749975763261318,1793.8616250175983
pessimistic,250,multistation,8,8,8,t00114-c00022,22,114,3,0,2,True,False,no_show,14.0755,0.0,0,1,1182.75995797012,1427.2135000210255,366.7058749124408,0.008500064723193645,1793.9278749981895
pessimistic,250,multistation,8,8,8,t00114-c00096,96,114,13,0,13,True,False,satisfied,23.8855,24.0,40,1,50.6527500692755,1793.7195000704378,0.2020830288529396,0.011208001524209976,1793.932791100815
pessimistic,250,multistation,8,8,8,t00114-c00159,159,114,4,0,4,True,False,satisfied,21.3805,21.6,54,1,225.19437491428107,1518.053708015941,275.864916970022,0.006624963134527206,1793.9252499490976
pessimistic,250,multistation,8,8,8,t00115-c00001,1,115,4,0,4,True,False,cancelled_late,30.6367,0.0,0,1,87.56383403670043,470.962333958596,18.853708053939044,0.017542042769491673,489.8335840553045
pessimistic,250,multistation,8,8,8,t00115-c00089,89,115,5,0,5,True,False,cancelled_early,19.215,0.0,0,1,65.71187498047948,489.73962501622736,0.13433292042464018,0.008584000170230865,489.88254193682224
pessimistic,250,multistation,8,8,8,t00116-c00001,1,116,2,0,2,True,False,satisfied,24.0887,23.6,59,1,413.97737502120435,1380.59479102958,534.2789170099422,0.015249941498041153,1914.8889579810202
pessimistic,250,multistation,8,8,8,t00116-c00089,89,116,6,0,6,True,False,cancelled_late,21.1349,0.0,0,1,28.901707963086665,1846.3740419829264,68.54354101233184,0.009458977729082108,1914.9270419729874
pessimistic,250,multistation,8,8,8,t00116-c00211,211,116,19,0,19,True,False,cancelled_late,27.0691,0.0,0,1,77.61545898392797,1914.746041991748,0.1907499972730875,0.012332922779023647,1914.9491249118
pessimistic,250,multistation,8,8,8,t00116-c00214,214,116,5,0,5,True,False,satisfied,14.9994,15.2,38,1,189.32662496808916,1450.5197909893468,464.4212919520214,0.00600004568696022,1914.9470829870552
pessimistic,250,multistation,8,8,8,t00117-c00007,7,117,5,0,5,True,False,cancelled_late,25.2827,0.0,0,1,45.383541961200535,235.1611249614507,0.018332968465983868,0.015584053471684456,235.19504198338836
pessimistic,250,multistation,8,8,8,t00118-c00031,31,118,4,0,4,True,False,cancelled_early,30.0854,0.0,0,1,146.67679194826633,487.96012497041374,0.0201669754460454,0.01737498678267002,487.99766693264246
pessimistic,250,multistation,8,8,8,t00118-c00145,145,118,2,0,2,True,False,no_show,24.9621,0.0,0,1,162.63637505471706,436.410165973939,51.62270902656019,0.007333001121878624,488.04020800162107
pessimistic,250,multistation,8,8,8,t00118-c00176,176,118,3,0,2,True,False,no_show,19.9482,0.0,0,1,272.15545903891325,436.3664590055123,51.65799998212606,0.005500041879713535,488.02995902951807
pessimistic,250,multistation,8,8,8,t00119-c00031,31,119,3,0,3,True,False,breakdown,29.5124,0.0,0,1,24.155666935257614,107.58841701317579,0.019332976080477238,0.018541933968663216,107.62629192322493
pessimistic,250,multistation,8,8,8,t00119-c00131,131,119,4,1,2,True,False,cancelled_early,22.8651,0.0,0,1,593.1516669224948,1319.9484170181677,1611.7359579075128,0.006875023245811462,2931.6912499489263
pessimistic,250,multistation,8,8,8,t00119-c00226,226,119,0,4,0,False,True,abandoned,22.0179,0.0,0,0,,,,,
pessimistic,250,multistation,8,8,8,t00120-c00005,5,120,3,0,3,True,False,no_show,28.1497,0.0,0,1,464.3835419556126,1636.8119169492275,1185.1975000463426,0.021249987185001373,2822.030666982755
pessimistic,250,multistation,8,8,8,t00120-c00083,83,120,5,0,5,True,False,cancelled_early,31.179,0.0,0,1,103.69941603858024,2720.4916659975424,101.58045904245228,0.010415911674499512,2822.082540951669
pessimistic,250,multistation,8,8,8,t00120-c00168,168,120,13,0,11,True,False,cancelled_late,15.5581,0.0,0,1,317.5143339904025,2821.8554169870913,0.25625003036111593,0.009292038157582283,2822.12095905561
pessimistic,250,multistation,8,8,8,t00120-c00187,187,120,5,0,5,True,False,cancelled_early,28.7378,0.0,0,1,103.58054202515632,2720.37304204423,101.74012498464435,0.005458015948534012,2822.1186250448227
pessimistic,250,multistation,8,8,8,t00120-c00209,209,120,16,0,16,True,False,cancelled_late,17.7817,0.0,0,1,146.76545897964388,2821.7720839893445,0.3422499867156148,0.008790986612439156,2822.1231249626726
pessimistic,250,multistation,8,8,8,t00121-c00083,83,121,5,0,5,True,False,no_show,36.3947,0.0,0,1,314.62075002491474,2466.083375038579,858.0138329416513,0.018666964024305344,3324.1158749442548
pessimistic,250,multistation,8,8,8,t00121-c00089,89,121,6,0,6,True,False,satisfied,19.0689,19.2,32,1,78.13924993388355,3249.403042020276,74.74533293861896,0.009375042282044888,3324.157750001177
pessimistic,250,multistation,8,8,8,t00121-c00131,131,121,3,0,3,True,False,satisfied,24.4603,2.1,3,1,1087.3862919397652,2465.992374927737,858.1576669821516,0.00600004568696022,3324.1560419555753
pessimistic,250,multistation,8,8,8,t00121-c00135,135,121,5,0,5,True,False,no_show,22.2884,0.0,0,1,78.0570829520002,3249.320791917853,74.8208750737831,0.005665933713316917,3324.1473329253495
pessimistic,250,multistation,8,8,8,t00121-c00187,187,121,3,0,3,True,False,satisfied,30.5107,31.0,62,1,1087.3062500031665,2465.9123750170693,858.2179170334712,0.005249981768429279,3324.135542032309
pessimistic,250,multistation,8,8,8,t00121-c00211,211,121,17,0,17,True,False,cancelled_late,29.1907,0.0,0,1,129.96570800896734,3323.858250048943,0.27179194148629904,0.010207993909716606,3324.140249984339
pessimistic,250,multistation,8,8,8,t00121-c00229,229,121,3,0,1,True,False,no_show,24.2985,0.0,0,1,1106.199333909899,1106.199333909899,2217.9057910107076,0.004792003892362118,3324.109916924499
pessimistic,250,multistation,8,8,8,t00122-c00018,18,122,5,0,5,True,False,satisfied,31.7124,32.0,64,1,382.42112507577986,1344.201667001471,182.40562500432134,0.02037500962615013,1526.6276670154184
pessimistic,250,multistation,8,8,8,t00122-c00079,79,122,5,0,5,True,False,no_show,20.6479,0.0,0,1,382.3704160749912,1526.536290999502,0.12008403427898884,0.008582952432334423,1526.6649579862133
pessimistic,250,multistation,8,8,8,t00122-c00211,211,122,6,0,5,True,False,cancelled_late,22.5374,0.0,0,1,894.8911250336096,1431.6589169902727,94.99462496023625,0.0076249707490205765,1526.661166921258
pessimistic,250,multistation,8,8,8,t00122-c00247,247,122,4,0,4,True,False,no_show,22.7493,0.0,0,1,679.6495829476044,1198.0610409518704,328.57191702350974,0.006624963134527206,1526.6395829385146
pessimistic,250,multistation,8,8,8,t00123-c00168,168,123,3,0,3,True,False,no_show,18.0314,0.0,0,1,18.63458298612386,84.24945792648941,0.03291701432317495,0.016874982975423336,84.29924992378801
pessimistic,250,multistation,8,8,8,t00124-c00007,7,124,5,0,5,True,False,no_show,29.4081,0.0,0,1,282.7799170045182,897.6461669662967,244.28458302281797,0.019417027942836285,1141.9501670170575
pessimistic,250,multistation,8,8,8,t00124-c00123,123,124,5,0,4,True,False,cancelled_late,16.1083,0.0,0,1,527.6997920591384,973.2321250485256,168.7305000377819,0.008249888196587563,1141.970874974504
pessimistic,250,multistation,8,8,8,t00124-c00140,140,124,7,0,7,True,False,satisfied,24.407,24.4,61,1,50.57037505321205,1141.808458021842,0.1650420017540455,0.007958034984767437,1141.9814580585808
pessimistic,250,multistation,8,8,8,t00124-c00169,169,124,4,0,4,True,False,cancelled_early,19.3354,0.0,0,1,305.1776670617983,606.7710421048105,535.195916891098,0.006500049494206905,1141.9734590454027
pessimistic,250,multistation,8,8,8,t00124-c00219,219,124,1,0,1,True,False,satisfied,33.4802,8.8,11,1,244.24270796589553,244.24270796589553,897.7159999776632,0.004542060196399689,1141.963250003755
pessimistic,250,multistation,8,8,8,t00125-c00002,2,125,11,0,11,True,False,no_show,24.1152,0.0,0,1,350.3573329653591,2118.520374991931,123.02112497854978,0.02508307807147503,2241.5665830485523
pessimistic,250,multistation,8,8,8,t00125-c00080,80,125,7,0,7,True,False,no_show,13.5299,0.0,0,1,479.20520894695073,1427.957791951485,813.6521250708029,0.010832911357283592,2241.620749933645
pessimistic,250,multistation,8,8,8,t00125-c00169,169,125,11,0,11,True,False,satisfied,21.892,22.4,28,1,74.45345807354897,2175.079790991731,66.53704203199595,0.010167015716433525,2241.6270000394434
pessimistic,250,multistation,8,8,8,t00125-c00209,209,125,13,0,13,True,False,satisfied,18.6315,19.0,38,1,47.00870800297707,2241.372667020187,0.251457910053432,0.007625087164342403,2241.6317500174046
pessimistic,250,multistation,8,8,8,t00126-c00036,36,126,4,0,4,True,False,satisfied,19.7015,20.0,40,1,152.26574998814613,324.0557500394061,96.49166697636247,0.017000013031065464,420.56441702879965
pessimistic,250,multistation,8,8,8,t00126-c00049,49,126,4,1,3,True,False,cancelled_late,19.473,0.0,0,1,452.6671669445932,482.25170793011785,0.02091703936457634,0.01708301715552807,482.28970798663795
pessimistic,250,multistation,8,8,8,t00126-c00193,193,126,4,0,4,True,False,cancelled_late,27.3229,0.0,0,1,63.72437498066574,420.41187500581145,0.1467500114813447,0.009333016350865364,420.56795803364366
pessimistic,250,multistation,8,8,8,t00128-c00062,62,128,5,0,5,True,False,satisfied,26.9749,27.2,68,1,60.851957998238504,4349.864708026871,0.026957946829497814,0.027125002816319466,4349.918790976517
pessimistic,250,multistation,8,8,8,t00128-c00108,108,128,10,0,10,True,False,satisfied,15.9923,16.1,23,1,60.79633301123977,4349.809000035748,0.1514999894425273,0.011708005331456661,4349.972208030522
pessimistic,250,multistation,8,8,8,t00128-c00112,112,128,3,0,3,True,False,no_show,29.5961,0.0,0,1,1622.6501250639558,3449.23191703856,900.7315409835428,0.00700005330145359,4349.970458075404
pessimistic,250,multistation,8,8,8,t00128-c00128,128,128,3,0,3,True,False,cancelled_early,22.8695,0.0,0,1,1622.6103330263868,3449.1920829750597,900.7615830050781,0.005375011824071407,4349.959040991962
pessimistic,250,multistation,8,8,8,t00128-c00193,193,128,5,0,5,True,False,satisfied,22.0744,22.4,32,1,1622.5653330329806,3449.1475420072675,900.8122080704197,0.005958019755780697,4349.965708097443
pessimistic,250,multistation,8,8,8,t00128-c00211,211,128,4,0,4,True,False,cancelled_early,27.0842,0.0,0,1,539.2478329595178,3449.1085830377415,900.8422499755397,0.005375011824071407,4349.956208025105
pessimistic,250,multistation,8,8,8,t00128-c00240,240,128,8,0,8,True,False,cancelled_late,26.2372,0.0,0,1,60.584999970160425,4349.5977090206,0.35095796920359135,0.006417045369744301,4349.955084035173
pessimistic,250,multistation,8,8,8,t00128-c00246,246,128,1,0,1,True,False,satisfied,24.1386,7.6,19,1,596.279124962166,596.279124962166,3753.6612920230255,0.004292000085115433,4349.9447089852765
pessimistic,250,multistation,8,8,8,t00128-c00248,248,128,7,0,7,True,False,no_show,15.9172,0.0,0,1,576.1173750506714,3393.907667021267,956.0216249665245,0.006792019121348858,4349.936084006913
pessimistic,250,multistation,8,8,8,t00129-c00050,50,129,18,0,18,True,False,no_show,24.5838,0.0,0,1,95.51020804792643,1923.1076660798863,0.03270898014307022,0.026291003450751305,1923.16666606348
pessimistic,250,multistation,8,8,8,t00129-c00128,128,129,3,0,2,True,False,cancelled_late,17.7528,0.0,0,1,383.90620797872543,1198.783583007753,724.4117079535499,0.00900006853044033,1923.2042910298333
pessimistic,250,multistation,8,8,8,t00129-c00211,211,129,3,0,3,True,False,satisfied,23.8706,24.5,35,1,383.85720807127655,1287.7346670720726,635.4777079541236,0.006417045369744301,1923.218792071566
pessimistic,250,multistation,8,8,8,t00129-c00237,237,129,5,0,5,True,False,no_show,24.3738,0.0,0,1,43.93849999178201,1850.4876249935478,72.71608302835375,0.00666698906570673,1923.2103750109673
pessimistic,250,multistation,8,8,8,t00130-c00065,65,130,5,0,5,True,False,cancelled_early,28.3312,0.0,0,1,26.73266700003296,1101.0523750446737,47.6237079128623,0.02316699828952551,1148.6992499558255
pessimistic,250,multistation,8,8,8,t00130-c00141,141,130,20,0,20,True,False,cancelled_late,19.786,0.0,0,1,61.31725001614541,1148.5964169260114,0.16970804426819086,0.016457983292639256,1148.7825829535723
pessimistic,250,multistation,8,8,8,t00131-c00046,46,131,4,0,4,True,False,breakdown,32.4225,0.0,0,1,576.4884579693899,1497.5214579608291,1332.2432920103893,0.023541972041130066,2829.7882919432595
pessimistic,250,multistation,8,8,8,t00131-c00065,65,131,5,0,5,True,False,cancelled_early,27.7581,0.0,0,1,57.92037502396852,2829.686583019793,0.13845902867615223,0.009915907867252827,2829.8349579563364
pessimistic,250,multistation,8,8,8,t00131-c00092,92,131,5,0,5,True,False,no_show,22.6289,0.0,0,1,425.3108750563115,1799.1390409879386,1030.7061669882387,0.007917056791484356,2829.853125032969
pessimistic,250,multistation,8,8,8,t00131-c00115,115,131,5,0,5,True,False,satisfied,25.3614,25.8,43,1,57.83433304168284,2829.6003750292584,0.23704092018306255,0.005542067810893059,2829.8429580172524
pessimistic,250,multistation,8,8,8,t00131-c00128,128,131,5,0,3,True,False,satisfied,17.2274,16.1,23,1,172.98616701737046,2829.5626250328496,0.26504206471145153,0.0049578957259655,2829.832624993287
pessimistic,250,multistation,8,8,8,t00131-c00130,130,131,3,0,3,True,False,no_show,23.2363,0.0,0,1,509.7207080107182,1799.0223329979926,1030.7929170085117,0.005249981768429279,2829.820499988273
pessimistic,250,multistation,8,8,8,t00131-c00141,141,131,6,0,6,True,False,cancelled_late,24.6972,0.0,0,1,57.72195907775313,2829.4885840732604,0.3154999576508999,0.005749985575675964,2829.809834016487
pessimistic,250,multistation,8,8,8,t00131-c00243,243,131,1,0,1,True,False,satisfied,19.2073,0.5,1,1,438.9327079989016,438.9327079989016,2390.860832994804,0.004334026016294956,2829.7978750197217
pessimistic,250,multistation,8,8,8,t00132-c00032,32,132,3,0,3,True,False,no_show,21.0248,0.0,0,1,14.502624981105328,719.1112919244915,0.021583051420748234,0.01604191493242979,719.1489168908447
pessimistic,250,multistation,8,8,8,t00132-c00065,65,132,4,0,4,True,False,no_show,27.6498,0.0,0,1,141.12387492787093,660.3840839816257,58.801000006496906,0.010457937605679035,719.1955419257283
pessimistic,250,multistation,8,8,8,t00132-c00109,109,132,1,0,1,True,False,cancelled_early,17.1905,0.0,0,1,324.32083296589553,324.32083296589553,394.8637089924887,0.005915993824601173,719.1904579522088
pessimistic,250,multistation,8,8,8,t00132-c00129,129,132,4,0,4,True,False,no_show,18.1292,0.0,0,1,141.03870803955942,660.2989999810234,58.90075000934303,0.006917049176990986,719.2066670395434
pessimistic,250,multistation,8,8,8,t00133-c00109,109,133,3,0,3,True,False,cancelled_late,20.8008,0.0,0,1,16.937708016484976,93.58095796778798,0.028792070224881172,0.01708301715552807,93.62683305516839
pessimistic,250,multistation,8,8,8,t00133-c00131,131,133,3,0,3,True,False,no_show,21.7322,0.0,0,1,16.88691705930978,93.53029204066843,0.1384170027449727,0.0071249669417738914,93.67583401035517
pessimistic,250,multistation,8,8,8,t00134-c00087,87,134,10,0,10,True,False,satisfied,23.0701,23.4,39,1,31.55183303169906,1235.6676659546793,0.032542040571570396,0.022249994799494743,1235.7224579900503
pessimistic,250,multistation,8,8,8,t00134-c00204,204,134,5,0,5,True,False,cancelled_late,23.198,0.0,0,1,105.30495794955641,917.8743329830468,317.8843749919906,0.009541981853544712,1235.768249956891
pessimistic,250,multistation,8,8,8,t00134-c00213,213,134,4,0,4,True,False,no_show,22.4266,0.0,0,1,184.91612502839416,661.8425420019776,573.9321250002831,0.007042079232633114,1235.7817090814933
pessimistic,250,multistation,8,8,8,t00134-c00240,240,134,6,0,6,True,False,satisfied,21.2633,18.4,23,1,31.40516602434218,1235.521125025116,0.24395796936005354,0.006166985258460045,1235.7712499797344
pessimistic,250,multistation,8,8,8,t00135-c00167,167,135,7,0,7,True,False,cancelled_late,23.2162,0.0,0,1,15.632541035301983,205.93854098115116,0.03708398435264826,0.020041014067828655,205.99566597957164
pessimistic,250,multistation,8,8,8,t00136-c00006,6,136,17,0,17,True,False,cancelled_late,18.4461,0.0,0,1,69.35158395208418,1780.100749921985,0.027959002181887627,0.022833002731204033,1780.151541926898
pessimistic,250,multistation,8,8,8,t00136-c00141,141,136,6,0,6,True,False,cancelled_late,26.6936,0.0,0,1,330.4021670483053,1300.6082499632612,479.58466701675206,0.009624985978007317,1780.2025419659913
pessimistic,250,multistation,8,8,8,t00136-c00167,167,136,7,0,7,True,False,no_show,22.2637,0.0,0,1,18.42658396344632,1714.723958983086,65.4774159193039,0.00795908272266388,1780.2093339851126
pessimistic,250,multistation,8,8,8,t00137-c00081,81,137,5,0,5,True,False,satisfied,28.8483,28.8,36,1,20.117584033869207,353.228791966103,0.026416964828968048,0.021583051420748234,353.27679198235273
pessimistic,250,multistation,8,8,8,t00137-c00194,194,137,4,0,4,True,False,no_show,18.4236,0.0,0,1,72.85241596400738,208.78629095386714,144.53158399555832,0.009666080586612225,353.32754103001207
pessimistic,250,multistation,8,8,8,t00137-c00204,204,137,3,0,2,True,False,satisfied,15.575,16.0,20,1,51.75987503025681,284.65170902200043,68.66120803169906,0.006457907147705555,353.3193749608472
pessimistic,250,multistation,8,8,8,t00138-c00072,72,138,4,0,3,True,False,cancelled_early,18.2118,0.0,0,1,1190.832040971145,1336.2794159911573,96.31508402526379,0.020290957763791084,1432.6147909741849
pessimistic,250,multistation,8,8,8,t00138-c00132,132,138,7,0,7,True,False,satisfied,29.8069,30.0,50,1,320.9766249638051,1400.6316249724478,32.04729198478162,0.010417075827717781,1432.689334033057
pessimistic,250,multistation,8,8,8,t00138-c00141,141,138,3,0,3,True,False,no_show,28.9993,0.0,0,1,348.10308390296996,1432.4755419511348,0.20404194947332144,0.006458023563027382,1432.6860419241711
pessimistic,250,multistation,8,8,8,t00138-c00150,150,138,6,0,6,True,False,no_show,30.5868,0.0,0,1,320.8972089923918,1247.3838749574497,185.29000005219132,0.006166985258460045,1432.6800419948995
pessimistic,250,multistation,8,8,8,t00139-c00049,49,139,2,0,2,True,False,no_show,21.7191,0.0,0,1,346.18799993768334,1260.0257080048323,285.6959999771789,0.021209008991718292,1545.7429169910029
pessimistic,250,multistation,8,8,8,t00139-c00072,72,139,4,0,4,True,False,satisfied,24.0166,23.1,33,1,378.85441700927913,1105.5037090554833,440.27104100678116,0.009791925549507141,1545.784541987814
pessimistic,250,multistation,8,8,8,t00139-c00142,142,139,6,0,6,True,False,no_show,29.4848,0.0,0,1,74.66525002382696,1545.5974159995094,0.18208404071629047,0.008790986612439156,1545.7882910268381
pessimistic,250,multistation,8,8,8,t00139-c00180,180,139,6,0,6,True,False,satisfied,22.3099,22.2,37,1,378.761374973692,1347.316458937712,198.45700007863343,0.0065409112721681595,1545.7799999276176
pessimistic,250,multistation,8,8,8,t00140-c00078,78,140,1,0,1,True,False,satisfied,26.0036,23.4,39,1,274.25070898607373,274.25070898607373,569.5177910383791,0.015708967112004757,843.7842089915648
pessimistic,250,multistation,8,8,8,t00140-c00202,202,140,5,0,5,True,False,satisfied,33.8175,34.0,85,1,252.28825001977384,843.6863750685006,0.1277918927371502,0.01016608439385891,843.8243330456316
pessimistic,250,multistation,8,8,8,t00141-c00006,6,141,14,0,14,True,False,cancelled_late,19.2392,0.0,0,1,47.48020810075104,1109.8592500202358,0.02662499900907278,0.026041059754788876,1109.9119160789996
pessimistic,250,multistation,8,8,8,t00141-c00038,38,141,4,1,2,True,False,cancelled_early,19.3551,0.0,0,1,1247.3855830030516,1764.7553749848157,165.90329096652567,0.009334064088761806,1930.6680000154302
pessimistic,250,multistation,8,8,8,t00141-c00042,42,141,3,0,3,True,False,satisfied,22.664,23.0,46,1,289.4630830269307,861.8076660204679,248.12712497077882,0.010584015399217606,1109.945375006646
pessimistic,250,multistation,8,8,8,t00141-c00063,63,141,2,0,2,True,False,no_show,19.0946,0.0,0,1,269.8505000444129,784.6715000923723,325.2658329438418,0.007500057108700275,1109.9448330933228
pessimistic,250,multistation,8,8,8,t00141-c00238,238,141,3,0,2,True,False,satisfied,21.8073,21.6,27,1,703.4619170008227,861.7069999454543,248.2196670025587,0.006042071618139744,1109.9327090196311
pessimistic,250,multistation,8,8,8,t00142-c00022,22,142,3,0,1,True,False,no_show,15.5264,0.0,0,1,672.8832919616252,672.8832919616252,145.64566605258733,0.01604191493242979,818.544999929145
pessimistic,250,multistation,8,8,8,t00142-c00105,105,142,9,0,9,True,False,no_show,26.7542,0.0,0,1,40.02116702031344,818.4206249425188,0.19400008022785187,0.010457937605679035,818.6250829603523
pessimistic,250,multistation,8,8,8,t00142-c00123,123,142,4,0,4,True,False,cancelled_late,17.7256,0.0,0,1,54.872000007890165,688.8869579415768,129.7190000768751,0.006124959327280521,818.6120829777792
pessimistic,250,multistation,8,8,8,t00143-c00003,3,143,4,1,4,True,False,satisfied,19.9125,16.1,23,1,1524.425416951999,2252.1515419939533,366.5501249488443,0.017542042769491673,2618.719208985567
pessimistic,250,multistation,8,8,8,t00143-c00038,38,143,4,1,2,True,False,cancelled_early,20.5746,0.0,0,1,1891.6151670273393,1968.7438339460641,650.0517500098795,0.005749985575675964,2618.8013339415193
pessimistic,250,multistation,8,8,8,t00143-c00100,100,143,4,1,2,True,False,cancelled_early,23.3226,0.0,0,1,1891.5676249889657,1968.6963750282302,650.1036669360474,0.00558304600417614,2618.805625010282
pessimistic,250,multistation,8,8,8,t00143-c00124,124,143,3,0,3,True,False,no_show,25.78,0.0,0,1,156.78158297669142,789.2477080458775,612.4262500088662,0.019291997887194157,1401.693250052631
pessimistic,250,multistation,8,8,8,t00143-c00165,165,143,11,0,10,True,False,cancelled_late,23.0889,0.0,0,1,30.813249992206693,1360.0970420520753,41.63687501568347,0.011582975275814533,1401.7455000430346
pessimistic,250,multistation,8,8,8,t00143-c00184,184,143,7,0,7,True,False,satisfied,24.1021,24.8,31,1,121.97470804676414,763.8272499898449,637.9305000882596,0.009082956239581108,1401.766833034344
pessimistic,250,multistation,8,8,8,t00143-c00233,233,143,14,0,14,True,False,no_show,19.4928,0.0,0,1,84.62516602594405,1401.490250020288,0.2687909873202443,0.008833943866193295,1401.7678749514744
pessimistic,250,multistation,8,8,8,t00144-c00006,6,144,11,0,11,True,False,no_show,21.0137,0.0,0,1,104.70475000329316,1145.7315840525553,69.1274160053581,0.011124997399747372,1214.870125055313
pessimistic,250,multistation,8,8,8,t00144-c00134,134,144,5,0,5,True,False,cancelled_late,21.6521,0.0,0,1,39.280125056393445,1214.6240409929305,0.25858404114842415,0.006875023245811462,1214.8895000573248
pessimistic,250,multistation,8,8,8,t00145-c00038,38,145,4,1,3,True,False,cancelled_late,22.9267,0.0,0,1,266.61945797968656,1193.206875002943,254.1599579853937,0.007833004929125309,1447.3746659932658
pessimistic,250,multistation,8,8,8,t00145-c00100,100,145,1,0,1,True,False,no_show,28.304,0.0,0,1,19.038042053580284,19.038042053580284,0.036499928683042526,0.011708005331456661,19.086249987594783
pessimistic,250,multistation,8,8,8,t00146-c00008,8,146,3,0,3,True,False,no_show,22.1458,0.0,0,1,218.2266250019893,1208.616332965903,217.45433402247727,0.01950003206729889,1426.0901670204476
pessimistic,250,multistation,8,8,8,t00146-c00037,37,146,1,0,1,True,False,cancelled_early,25.6408,0.0,0,1,195.03491709474474,195.03491709474474,1231.095249997452,0.00829098280519247,1426.1384580750018
pessimistic,250,multistation,8,8,8,t00146-c00109,109,146,5,0,5,True,False,cancelled_late,19.1528,0.0,0,1,178.88962500728667,1380.6018750183284,45.56720796972513,0.007541966624557972,1426.1766249546781
pessimistic,250,multistation,8,8,8,t00146-c00113,113,146,3,0,3,True,False,cancelled_early,18.3461,0.0,0,1,218.06283295154572,1208.4524580277503,217.71591692231596,0.005458015948534012,1426.1738329660147
pessimistic,250,multistation,8,8,8,t00146-c00165,165,146,12,0,12,True,False,no_show,18.1785,0.0,0,1,33.09841698501259,1425.8407920133322,0.3262909594923258,0.008792034350335598,1426.175875007175
pessimistic,250,multistation,8,8,8,t00147-c00037,37,147,1,0,1,True,False,cancelled_early,29.9414,0.0,0,1,114.16187509894371,114.16187509894371,611.5820829290897,0.017042038962244987,725.7610000669956
pessimistic,250,multistation,8,8,8,t00147-c00106,106,147,4,1,4,True,False,satisfied,20.2497,20.4,34,1,855.9278330067173,1090.947375050746,107.0553750032559,0.010082963854074478,1198.0128330178559
pessimistic,250,multistation,8,8,8,t00147-c00113,113,147,5,0,5,True,False,no_show,18.5013,0.0,0,1,56.38745799660683,725.623375037685,0.15566591173410416,0.010334071703255177,725.7893750211224
pessimistic,250,multistation,8,8,8,t00147-c00212,212,147,5,0,5,True,False,no_show,22.1211,0.0,0,1,56.33599997963756,725.5722080590203,0.20395894534885883,0.006666057743132114,725.7828330621123
pessimistic,250,multistation,8,8,8,t00148-c00037,37,148,3,0,3,True,False,cancelled_early,23.9213,0.0,0,1,156.81791701354086,412.97199996188283,57.109792018309236,0.020458013750612736,470.1022499939427
pessimistic,250,multistation,8,8,8,t00148-c00123,123,148,4,0,4,True,False,satisfied,21.5314,21.5,43,1,114.20887499116361,412.8891669679433,57.295957929454744,0.007208087481558323,470.1923329848796
pessimistic,250,multistation,8,8,8,t00148-c00126,126,148,5,0,5,True,False,cancelled_late,21.2484,0.0,0,1,31.37566603254527,469.93362507782876,0.24404097348451614,0.010041985660791397,470.1877080369741
pessimistic,250,multistation,8,8,8,t00149-c00022,22,149,5,0,5,True,False,cancelled_late,18.6498,0.0,0,1,77.03599997330457,1499.0257079480216,0.02195802517235279,0.021666986867785454,1499.0693329600617
pessimistic,250,multistation,8,8,8,t00149-c00037,37,149,5,0,5,True,False,cancelled_early,26.3254,0.0,0,1,192.90966703556478,901.3928750064224,597.732083988376,0.009666080586612225,1499.134625075385
pessimistic,250,multistation,8,8,8,t00149-c00109,109,149,4,0,4,True,False,satisfied,23.5938,24.0,48,1,264.44037491455674,526.8861670047045,972.2425419604406,0.0071659451350569725,1499.13587491028
pessimistic,250,multistation,8,8,8,t00149-c00179,179,149,10,0,10,True,False,satisfied,29.7457,30.0,60,1,76.88820897601545,1498.877833946608,0.24545809719711542,0.007791910320520401,1499.1310839541256
pessimistic,250,multistation,8,8,8,t00150-c00037,37,150,5,0,5,True,False,no_show,21.4341,0.0,0,1,95.4429580597207,294.33983308263123,54.53879199922085,0.02274999860674143,348.9013750804588
pessimistic,250,multistation,8,8,8,t00150-c00053,53,150,1,0,1,True,False,cancelled_late,21.2329,0.0,0,1,114.03845809400082,114.03845809400082,234.8963749827817,0.008874922059476376,348.943707998842
pessimistic,250,multistation,8,8,8,t00150-c00107,107,150,5,0,5,True,False,cancelled_early,21.5785,0.0,0,1,29.3210840318352,348.7586670089513,0.19829196389764547,0.009041046723723412,348.9660000195727
pessimistic,250,multistation,8,8,8,t00151-c00038,38,151,3,0,3,True,False,satisfied,20.5053,8.0,10,1,56.07937497552484,484.4476659782231,63.50124999880791,0.019875005818903446,547.9687909828499
pessimistic,250,multistation,8,8,8,t00151-c00107,107,151,4,0,4,True,False,no_show,26.8035,0.0,0,1,112.49608302023262,418.95341605413705,129.05087496619672,0.009124982170760632,548.0134160025045
pessimistic,250,multistation,8,8,8,t00151-c00134,134,151,5,0,5,True,False,satisfied,21.1831,21.6,36,1,27.620334061793983,547.8287920122966,0.17337501049041748,0.007416936568915844,548.009583959356
pessimistic,250,multistation,8,8,8,t00151-c00221,221,151,4,0,4,True,False,no_show,21.9017,0.0,0,1,112.40450001787394,418.8618340995163,129.1319999145344,0.005625071935355663,547.999459085986
pessimistic,250,multistation,8,8,8,t00153-c00022,22,153,13,0,13,True,False,cancelled_early,22.3945,0.0,0,1,80.69283294025809,978.4019580110908,41.37250001076609,0.023124972358345985,1019.7975829942152
pessimistic,250,multistation,8,8,8,t00153-c00047,47,153,3,0,3,True,False,satisfied,17.3404,8.4,12,1,305.8984159724787,644.8747080285102,374.97862498275936,0.008541974239051342,1019.8618749855086
pessimistic,250,multistation,8,8,8,t00153-c00084,84,153,16,0,16,True,False,cancelled_late,17.7087,0.0,0,1,80.5959589779377,1019.6477089775726,0.21433306392282248,0.010582967661321163,1019.8726250091568
pessimistic,250,multistation,8,8,8,t00154-c00022,22,154,5,0,5,True,False,no_show,23.4225,0.0,0,1,171.14854196552187,681.0675000306219,552.5698750279844,0.02662499900907278,1233.6640000576153
pessimistic,250,multistation,8,8,8,t00154-c00126,126,154,11,0,10,True,False,cancelled_late,16.5726,0.0,0,1,24.747083080001175,1233.5520000196993,0.15170802362263203,0.011584023013710976,1233.7152920663357
pessimistic,250,multistation,8,8,8,t00154-c00171,171,154,3,0,3,True,False,no_show,23.0685,0.0,0,1,152.70625008270144,618.2335420744494,615.4888749588281,0.007083057425916195,1233.7295000907034
pessimistic,250,multistation,8,8,8,t00154-c00201,201,154,11,0,11,True,False,no_show,18.8727,0.0,0,1,44.69862510450184,1233.4605000214651,0.2574169775471091,0.008625094778835773,1233.726542093791
pessimistic,250,multistation,8,8,8,t00155-c00135,135,155,3,0,3,True,False,satisfied,26.9997,24.5,35,1,18.522582948207855,70.12299995403737,0.0297910301014781,0.01591700129210949,70.16870798543096
pessimistic,250,multistation,8,8,8,t00156-c00080,80,156,2,0,2,True,False,no_show,17.2674,0.0,0,1,202.36262492835522,495.37599994800985,402.5218329625204,0.01666706521064043,897.9144999757409
pessimistic,250,multistation,8,8,8,t00156-c00082,82,156,2,2,2,True,False,cancelled_early,24.1255,0.0,0,1,2129.7853329451755,2527.5782080134377,386.16970798466355,0.005916925147175789,2913.7538329232484
pessimistic,250,multistation,8,8,8,t00156-c00216,216,156,11,0,11,True,False,satisfied,21.4381,21.6,54,1,68.73083300888538,897.7692499756813,0.1396250445395708,0.012542004697024822,897.9214170249179
pessimistic,250,multistation,8,8,8,t00157-c00034,34,157,1,0,1,True,False,satisfied,31.7974,10.4,13,1,434.5871659461409,434.5871659461409,521.3099590037018,0.015166006051003933,955.9122909558937
pessimistic,250,multistation,8,8,8,t00157-c00061,61,157,6,0,6,True,False,cancelled_early,21.5608,0.0,0,1,355.49358290154487,955.8283749502152,0.12362503912299871,0.010874937288463116,955.9628749266267
pessimistic,250,multistation,8,8,8,t00157-c00125,125,157,5,0,5,True,False,satisfied,27.3407,28.0,35,1,355.41566694155335,872.7475829655305,83.19183404091746,0.0072909751906991005,955.9467079816386
pessimistic,250,multistation,8,8,8,t00157-c00228,228,157,4,0,4,True,False,cancelled_late,20.2754,0.0,0,1,481.8588749039918,793.487082934007,162.4449579976499,0.005959067493677139,955.9379999991506
pessimistic,250,multistation,8,8,8,t00158-c00012,12,158,4,0,4,True,False,satisfied,13.9953,13.8,23,1,271.893750061281,669.6865000994876,386.0022919252515,0.019417027942836285,1055.708209052682
pessimistic,250,multistation,8,8,8,t00158-c00061,61,158,3,0,3,True,False,cancelled_late,22.9886,0.0,0,1,71.43549993634224,968.4601249173284,87.28666708339006,0.009124982170760632,1055.7559169828892
pessimistic,250,multistation,8,8,8,t00158-c00084,84,158,5,0,5,True,False,satisfied,24.2689,24.5,35,1,71.36699999682605,968.3918339433149,87.38287503365427,0.006332993507385254,1055.7810419704765
pessimistic,250,multistation,8,8,8,t00158-c00228,228,158,4,0,4,True,False,satisfied,21.9701,22.4,32,1,271.72004198655486,669.5128750288859,386.2483330303803,0.005041947588324547,1055.7662500068545
pessimistic,250,multistation,8,8,8,t00158-c00229,229,158,6,0,6,True,False,cancelled_early,29.8043,0.0,0,1,17.070500063709915,1055.4552500834689,0.29512494802474976,0.005790963768959045,1055.7561659952626
pessimistic,250,multistation,8,8,8,t00159-c00082,82,159,4,0,4,True,False,satisfied,18.8685,19.2,48,1,450.0536669511348,841.8358749477193,1101.1494579724967,0.02558401320129633,1943.0109169334173
pessimistic,250,multistation,8,8,8,t00159-c00126,126,159,10,0,10,True,False,satisfied,22.8674,23.1,33,1,248.16054198890924,1942.9015829227865,0.15358405653387308,0.011499971151351929,1943.0666669504717
pessimistic,250,multistation,8,8,8,t00159-c00176,176,159,5,0,5,True,False,cancelled_early,21.9195,0.0,0,1,248.1151670217514,1942.8566669812426,0.20308303646743298,0.006917049176990986,1943.066667066887
pessimistic,250,multistation,8,8,8,t00159-c00224,224,159,10,0,10,True,False,cancelled_late,23.0815,0.0,0,1,313.38145793415606,1549.6845829766244,393.3894169749692,0.008707982487976551,1943.0827079340816
pessimistic,250,multistation,8,8,8,t00159-c00229,229,159,4,0,4,True,False,no_show,25.0079,0.0,0,1,449.8742080759257,841.6563749779016,1101.4200830832124,0.005082925781607628,1943.0815409868956
pessimistic,250,multistation,8,8,8,t00160-c00000,0,160,1,0,1,True,False,satisfied,18.4011,18.8,47,1,309.0073340572417,309.0073340572417,728.5691660363227,0.02474989742040634,1037.6012499909848
pessimistic,250,multistation,8,8,8,t00160-c00019,19,160,5,0,5,True,False,cancelled_early,33.5864,0.0,0,1,134.9659999832511,1037.5084169209003,0.14570809435099363,0.011291936971247196,1037.6654169522226
pessimistic,250,multistation,8,8,8,t00160-c00056,56,160,4,0,4,True,False,no_show,16.681,0.0,0,1,251.3126670382917,565.8330420264974,471.84324997942895,0.007625087164342403,1037.6839170930907
pessimistic,250,multistation,8,8,8,t00160-c00176,176,160,0,4,0,False,True,abandoned,26.9136,0.0,0,0,,,,,
pessimistic,250,multistation,8,8,8,t00161-c00019,19,161,5,0,5,True,False,satisfied,32.6788,32.8,82,1,123.69466701056808,786.4943750901148,0.01908291596919298,0.018750084564089775,786.532208090648
pessimistic,250,multistation,8,8,8,t00162-c00116,116,162,6,0,6,True,False,satisfied,15.9542,16.0,40,1,40.51749990321696,256.80366600863636,0.029999995604157448,0.020666979253292084,256.8543329834938
pessimistic,250,multistation,8,8,8,t00163-c00015,15,163,2,0,2,True,False,satisfied,21.2297,15.5,31,1,21.41341590322554,54.97258296236396,0.017874990589916706,0.017000013031065464,55.00745796598494
pessimistic,250,multistation,8,8,8,t00164-c00026,26,164,4,0,4,True,False,satisfied,33.3962,33.6,84,1,182.81916703563184,2071.6529169585556,434.77066699415445,0.02108304761350155,2506.4446670003235
pessimistic,250,multistation,8,8,8,t00164-c00061,61,164,5,0,5,True,False,no_show,25.5814,0.0,0,1,259.29733307566494,2185.2419580100104,321.2444999953732,0.010875053703784943,2506.4973330590874
pessimistic,250,multistation,8,8,8,t00164-c00119,119,164,6,0,6,True,False,breakdown,29.8346,0.0,0,1,347.7558339945972,2435.9387500444427,70.55279205087572,0.008457922376692295,2506.500000017695
pessimistic,250,multistation,8,8,8,t00164-c00168,168,164,4,0,4,True,False,satisfied,22.0531,17.4,29,1,182.6787079917267,2071.5124579146504,434.971334063448,0.005790963768959045,2506.4895829418674
pessimistic,250,multistation,8,8,8,t00164-c00247,247,164,6,0,6,True,False,cancelled_late,24.531,0.0,0,1,36.43637499772012,2506.180417025462,0.2639169106259942,0.007500057108700275,2506.4518339931965
pessimistic,250,multistation,8,8,8,t00164-c00248,248,164,3,0,3,True,False,satisfied,17.9321,18.0,36,1,259.0911249862984,2185.0360840326175,321.41641597263515,0.005417037755250931,2506.457917043008
pessimistic,250,multistation,8,8,8,t00165-c00032,32,165,3,0,3,True,False,satisfied,22.5431,23.1,33,1,571.3396249338984,1045.7530409330502,714.3115840153769,0.021166051737964153,1760.085791000165
pessimistic,250,multistation,8,8,8,t00165-c00071,71,165,14,0,14,True,False,satisfied,20.2853,20.0,25,1,133.50070896558464,1759.987875004299,0.14349992852658033,0.013459008187055588,1760.1448339410126
pessimistic,250,multistation,8,8,8,t00165-c00175,175,165,5,0,5,True,False,satisfied,17.5846,17.6,44,1,50.70708296261728,1645.8907920168713,114.2417499795556,0.0077500008046627045,1760.1402919972315
pessimistic,250,multistation,8,8,8,t00165-c00224,224,165,14,0,14,True,False,cancelled_early,27.7119,0.0,0,1,133.401958970353,1759.8884589970112,0.24337496142834425,0.007333001121878624,1760.1391669595614
pessimistic,250,multistation,8,8,8,t00166-c00127,127,166,3,0,3,True,False,satisfied,20.6193,18.0,36,1,21.4027080219239,161.4271670114249,29.331249999813735,0.018249964341521263,190.77666697558016
pessimistic,250,multistation,8,8,8,t00166-c00224,224,166,4,0,4,True,False,cancelled_late,21.5325,0.0,0,1,35.5847500031814,190.67079096566886,0.1287920167669654,0.008333008736371994,190.8079159911722
pessimistic,250,multistation,8,8,8,t00167-c00210,210,167,1,0,1,True,False,cancelled_early,26.0864,0.0,0,1,364.56408293452114,364.56408293452114,948.9300000714138,0.017291982658207417,1313.5113749885932
pessimistic,250,multistation,8,8,8,t00167-c00247,247,167,17,0,17,True,False,cancelled_late,30.9017,0.0,0,1,57.4092089664191,1313.4096669964492,0.16908289398998022,0.014875084161758423,1313.593624974601
pessimistic,250,multistation,8,8,8,t00168-c00210,210,168,11,1,11,True,False,cancelled_late,14.9955,0.0,0,1,975.6554999621585,1412.8039589850232,57.65124992467463,0.011416035704314709,1470.4666249454021
pessimistic,250,multistation,8,8,8,t00168-c00224,224,168,16,0,16,True,False,cancelled_late,23.8626,0.0,0,1,43.4592500096187,900.4524160409346,0.06362493149936199,0.024958979338407516,900.5409999517724
pessimistic,250,multistation,8,8,8,t00169-c00059,59,169,4,0,4,True,False,satisfied,18.9454,15.6,26,1,111.01304099429399,233.5077499737963,334.21954105142504,0.025208923034369946,567.7524999482557
pessimistic,250,multistation,8,8,8,t00169-c00090,90,169,5,0,5,True,False,no_show,18.2867,0.0,0,1,28.502499917522073,567.6504579605535,0.1508339773863554,0.011041061952710152,567.8123329998925
pessimistic,250,multistation,8,8,8,t00170-c00002,2,170,4,0,4,True,False,satisfied,35.1577,35.7,51,1,168.85333298705518,981.4001250779256,635.1723750121891,0.019915984012186527,1616.592416074127
pessimistic,250,multistation,8,8,8,t00170-c00014,14,170,11,0,11,True,False,cancelled_late,23.4093,0.0,0,1,39.77487504016608,1616.4996250299737,0.13645796570926905,0.01291697844862938,1616.6489999741316
pessimistic,250,multistation,8,8,8,t00170-c00130,130,170,3,0,3,True,False,breakdown,24.6093,0.0,0,1,128.2771669793874,1280.642707948573,336.0091249924153,0.006459071300923824,1616.6582920122892
pessimistic,250,multistation,8,8,8,t00170-c00151,151,170,6,0,6,True,False,cancelled_late,25.9026,0.0,0,1,272.1905830549076,1530.0833750516176,86.55833289958537,0.006708083674311638,1616.6484160348773
pessimistic,250,multistation,8,8,8,t00171-c00017,17,171,5,0,5,True,False,satisfied,27.4725,28.0,40,1,186.03250000160187,1274.9467919347808,0.025333021767437458,0.028875074349343777,1275.0010000308976
pessimistic,250,multistation,8,8,8,t00171-c00154,154,171,5,0,5,True,False,satisfied,23.6769,24.0,60,1,185.97270897589624,1274.8873749515042,0.1603750279173255,0.009916955605149269,1275.0576669350266
pessimistic,250,multistation,8,8,8,t00171-c00194,194,171,1,0,1,True,False,no_show,27.0321,0.0,0,1,291.8423330411315,291.8423330411315,983.2059589680284,0.005915993824601173,1275.0542080029845
pessimistic,250,multistation,8,8,8,t00172-c00023,23,172,5,0,5,True,False,satisfied,28.2545,28.0,70,1,88.71599996928126,1332.038666936569,0.022833002731204033,0.021792016923427582,1332.0832919562235
pessimistic,250,multistation,8,8,8,t00172-c00111,111,172,7,0,7,True,False,cancelled_early,15.415,0.0,0,1,185.52137503866106,852.6834580115974,479.44179200567305,0.011582975275814533,1332.1368329925463
pessimistic,250,multistation,8,8,8,t00172-c00164,164,172,6,0,6,True,False,satisfied,23.9724,23.5,47,1,232.59570798836648,1034.7247499739751,297.42308298591524,0.008292030543088913,1332.1561249904335
pessimistic,250,multistation,8,8,8,t00172-c00210,210,172,7,0,7,True,False,cancelled_early,26.4937,0.0,0,1,232.55120893009007,1122.794083901681,209.3499160837382,0.007292022928595543,1332.1512920083478
pessimistic,250,multistation,8,8,8,t00173-c00104,104,173,5,0,5,True,False,breakdown,26.4954,0.0,0,1,119.7732500731945,2984.486958011985,64.66191704384983,0.020875013433396816,3049.169750069268
pessimistic,250,multistation,8,8,8,t00173-c00111,111,173,4,0,4,True,False,cancelled_early,14.259,0.0,0,1,571.9553750241175,1042.9430410731584,2006.2641249969602,0.00925001222640276,3049.216416082345
pessimistic,250,multistation,8,8,8,t00173-c00207,207,173,5,0,5,True,False,satisfied,29.0219,29.0,58,1,119.67316607479006,2984.38725003507,64.83808299526572,0.006958027370274067,3049.232291057706
pessimistic,250,multistation,8,8,8,t00173-c00210,210,173,10,0,10,True,False,satisfied,21.7001,22.4,32,1,331.2727919546887,2270.2285420382395,778.995250002481,0.008874922059476376,3049.23266696278
pessimistic,250,multistation,8,8,8,t00173-c00224,224,173,3,0,3,True,False,cancelled_early,23.1292,0.0,0,1,639.4351669587195,1640.445875003934,1408.7677089264616,0.005083042196929455,3049.2186669725925
pessimistic,250,multistation,8,8,8,t00173-c00247,247,173,20,0,20,True,False,cancelled_late,25.8945,0.0,0,1,167.48049994930625,3048.894500010647,0.3221658989787102,0.010459101758897305,3049.2271250113845
pessimistic,250,multistation,8,8,8,t00174-c00005,5,174,5,0,5,True,False,breakdown,31.0395,0.0,0,1,52.419708925299346,595.2482919674367,0.02337503246963024,0.028416980057954788,595.3000839799643
pessimistic,250,multistation,8,8,8,t00174-c00111,111,174,5,0,5,True,False,no_show,14.7586,0.0,0,1,52.3602090543136,595.1887920964509,0.1462079817429185,0.009041978046298027,595.3440420562401
pessimistic,250,multistation,8,8,8,t00174-c00160,160,174,4,0,4,True,False,satisfied,21.8506,22.4,32,1,138.30570806749165,373.3863750239834,221.9453330617398,0.007166992872953415,595.3388750785962
pessimistic,250,multistation,8,8,8,t00174-c00224,224,174,1,0,1,True,False,no_show,24.0159,0.0,0,1,161.88079200219363,161.88079200219363,433.44287492800504,0.005415990017354488,595.329082920216
pessimistic,250,multistation,8,8,8,t00175-c00053,53,175,2,0,2,True,False,satisfied,25.5168,26.0,52,1,441.2839999422431,907.6933329924941,487.0933749480173,0.015167053788900375,1394.8018749943003
pessimistic,250,multistation,8,8,8,t00175-c00079,79,175,12,0,12,True,False,no_show,25.807,0.0,0,1,67.87433405406773,1394.7166670113802,0.11408294085413218,0.012917094863951206,1394.8436670470983
pessimistic,250,multistation,8,8,8,t00175-c00156,156,175,0,4,0,False,True,abandoned,19.4629,0.0,0,0,,,,,
pessimistic,250,multistation,8,8,8,t00175-c00243,243,175,5,0,5,True,False,cancelled_late,20.4383,0.0,0,1,124.12041705101728,1028.1529170461,366.6367910336703,0.0071249669417738914,1394.796833046712
pessimistic,250,multistation,8,8,8,t00176-c00007,7,176,14,0,14,True,False,cancelled_late,34.2078,0.0,0,1,65.10466593317688,1875.3498329315335,0.025541987270116806,0.02274999860674143,1875.3981249174103
pessimistic,250,multistation,8,8,8,t00176-c00145,145,176,3,0,3,True,False,cancelled_late,35.5381,0.0,0,1,401.1710420018062,1447.1810000250116,428.271709010005,0.008499948307871819,1875.4612089833245
pessimistic,250,multistation,8,8,8,t00176-c00151,151,176,6,0,6,True,False,cancelled_early,15.9314,0.0,0,1,483.2450420362875,1542.3591249855235,333.1002090126276,0.007708091288805008,1875.46704208944
pessimistic,250,multistation,8,8,8,t00177-c00151,151,177,6,0,6,True,False,satisfied,22.8533,23.2,58,1,62.43599997833371,601.6891250619665,0.03424996975809336,0.01958396751433611,601.7429589992389
pessimistic,250,multistation,8,8,8,t00177-c00167,167,177,1,0,1,True,False,satisfied,24.6872,7.2,9,1,14.577750000171363,14.577750000171363,587.1480830246583,0.006917049176990986,601.7327500740066
pessimistic,250,multistation,8,8,8,t00178-c00007,7,178,13,0,13,True,False,no_show,31.7881,0.0,0,1,152.03150000888854,4124.4990839622915,0.0285410787910223,0.0226249685510993,4124.550250009634
pessimistic,250,multistation,8,8,8,t00178-c00014,14,178,3,0,3,True,False,satisfied,23.8329,20.0,25,1,1099.9108330579475,3059.1764580458403,1065.418167039752,0.00929099041968584,4124.603916076012
pessimistic,250,multistation,8,8,8,t00178-c00049,49,178,5,0,5,True,False,no_show,28.2514,0.0,0,1,36.12275002524257,3926.650375011377,197.95187504496425,0.0074999406933784485,4124.609749997035
pessimistic,250,multistation,8,8,8,t00178-c00050,50,178,3,0,3,True,False,cancelled_late,32.3811,0.0,0,1,1099.8297920450568,3059.0954170329496,1065.500458003953,0.005417037755250931,4124.601292074658
pessimistic,250,multistation,8,8,8,t00178-c00103,103,178,4,1,3,True,False,cancelled_late,21.4371,0.0,0,1,4269.260540953837,4436.741499928758,169.25412497948855,0.020332983694970608,4606.015957891941
pessimistic,250,multistation,8,8,8,t00178-c00131,131,178,3,0,3,True,False,satisfied,26.682,25.9,37,1,1099.7496249619871,3059.015291975811,1065.557707916014,0.005500041879713535,4124.578499933705
pessimistic,250,multistation,8,8,8,t00178-c00172,172,178,4,0,4,True,False,satisfied,19.362,20.0,25,1,1148.983541992493,3058.9448329992592,1065.589708974585,0.006375019438564777,4124.540916993283
pessimistic,250,multistation,8,8,8,t00178-c00247,247,178,14,0,14,True,False,satisfied,26.1178,26.6,38,1,151.7054580617696,4124.1730420151725,0.35933300387114286,0.0076249707490205765,4124.539999989793
pessimistic,250,multistation,8,8,8,t00179-c00145,145,179,1,4,1,True,False,breakdown,36.8007,0.0,0,1,4700.607124948874,4700.607124948874,2210.313874995336,0.005625071935355663,6910.926625016145
pessimistic,250,multistation,8,8,8,t00179-c00243,243,179,8,0,8,True,False,no_show,19.1371,0.0,0,1,49.37266593333334,479.1070409119129,0.14558399561792612,0.009208102710545063,479.2618330102414
pessimistic,250,multistation,8,8,8,t00180-c00020,20,180,6,0,6,True,False,cancelled_early,31.7341,0.0,0,1,214.69854097813368,1756.0791249852628,0.022582942619919777,0.025124987587332726,1756.12683291547
pessimistic,250,multistation,8,8,8,t00180-c00150,150,180,5,0,5,True,False,breakdown,34.7858,0.0,0,1,214.60704202763736,1755.987541982904,0.15233305748552084,0.007707974873483181,1756.147583015263
pessimistic,250,multistation,8,8,8,t00181-c00020,20,181,5,0,5,True,False,cancelled_late,17.8563,0.0,0,1,119.1770420409739,800.6568750133738,160.90762498788536,0.01820910256356001,961.5827091038227
pessimistic,250,multistation,8,8,8,t00181-c00029,29,181,5,0,5,True,False,satisfied,20.8662,21.0,30,1,19.805166986770928,961.4982499042526,0.12912508100271225,0.008791917935013771,961.6361669031903
pessimistic,250,multistation,8,8,8,t00181-c00041,41,181,6,0,6,True,False,no_show,22.3935,0.0,0,1,250.6772499764338,911.140084033832,50.48687499947846,0.007207971066236496,961.6341670043766
pessimistic,250,multistation,8,8,8,t00181-c00233,233,181,3,0,3,True,False,cancelled_late,21.466,0.0,0,1,133.1120829563588,756.0752079589292,205.5067919427529,0.005500041879713535,961.5874999435619
pessimistic,250,multistation,8,8,8,t00182-c00103,103,182,11,0,10,True,False,cancelled_early,19.0403,0.0,0,1,79.45029193069786,1325.186583912,68.1505830725655,0.024916953407227993,1393.3620839379728
pessimistic,250,multistation,8,8,8,t00182-c00141,141,182,17,0,17,True,False,cancelled_early,27.1168,0.0,0,1,48.46154199913144,1393.2512090541422,0.18212490249425173,0.014416058547794819,1393.4477500151843
pessimistic,250,multistation,8,8,8,t00183-c00050,50,183,3,0,3,True,False,breakdown,34.9,0.0,0,1,601.8051248975098,2106.8752499995753,205.27249993756413,0.020000035874545574,2312.167749973014
pessimistic,250,multistation,8,8,8,t00183-c00065,65,183,3,0,3,True,False,satisfied,29.6559,30.0,50,1,601.755499956198,2106.826040893793,205.37587511353195,0.008833943866193295,2312.2107499511912
pessimistic,250,multistation,8,8,8,t00183-c00083,83,183,4,0,4,True,False,cancelled_late,41.5281,0.0,0,1,683.7642079917714,1030.979875009507,1281.2239580089226,0.008458970114588737,2312.212291988544
pessimistic,250,multistation,8,8,8,t00183-c00103,103,183,5,0,5,True,False,cancelled_early,25.364,0.0,0,1,42.98158304300159,2106.7405830835924,205.4790419060737,0.007291091606020927,2312.226916081272
pessimistic,250,multistation,8,8,8,t00183-c00141,141,183,6,0,6,True,False,satisfied,33.0323,33.6,48,1,101.93733405321836,2311.947250040248,0.27645903173834085,0.0071659451350569725,2312.2308750171214
pessimistic,250,multistation,8,8,8,t00184-c00083,83,184,4,0,4,True,False,cancelled_late,44.3636,0.0,0,1,239.05916698276997,623.6708340002224,57.339999941177666,0.018666032701730728,681.0294999741018
pessimistic,250,multistation,8,8,8,t00184-c00103,103,184,5,0,5,True,False,no_show,26.9531,0.0,0,1,19.829708035103977,653.4104159800336,27.668709051795304,0.009541050530970097,681.0886660823599
pessimistic,250,multistation,8,8,8,t00184-c00165,165,184,2,0,2,True,False,satisfied,21.8024,22.4,32,1,77.01449992600828,680.8790420182049,0.19191589672118425,0.006292015314102173,681.0772499302402
pessimistic,250,multistation,8,8,8,t00185-c00212,212,185,6,0,6,True,False,satisfied,26.7543,27.3,39,1,24.630958097986877,508.4706660127267,0.04525005351752043,0.027791946195065975,508.5437080124393
pessimistic,250,multistation,8,8,8,t00185-c00233,233,185,7,0,7,True,False,no_show,24.1198,0.0,0,1,93.29791704658419,420.61441694386303,87.97708305064589,0.011875061318278313,508.6033750558272
pessimistic,250,multistation,8,8,8,t00186-c00008,8,186,5,0,5,True,False,satisfied,22.8552,23.4,39,1,21.82629203889519,791.4425830822438,0.020499923266470432,0.02316699828952551,791.4862500037998
pessimistic,250,multistation,8,8,8,t00186-c00020,20,186,5,0,5,True,False,no_show,28.7369,0.0,0,1,151.78491594269872,700.0224579824135,91.50208299979568,0.010499963536858559,791.535040945746
pessimistic,250,multistation,8,8,8,t00186-c00092,92,186,1,0,1,True,False,no_show,29.5276,0.0,0,1,151.73216606490314,151.73216606490314,639.7841669386253,0.00600004568696022,791.5223330492154
pessimistic,250,multistation,8,8,8,t00187-c00063,63,187,2,0,2,True,False,cancelled_early,18.4679,0.0,0,1,102.16154099907726,204.43512499332428,18.71983299497515,0.01679209526628256,223.1717500835657
pessimistic,250,multistation,8,8,8,t00187-c00155,155,187,5,0,5,True,False,satisfied,14.1514,14.5,29,1,41.2845000391826,223.06854208000004,0.15779200475662947,0.010040937922894955,223.23637502267957
pessimistic,250,multistation,8,8,8,t00188-c00063,63,188,1,0,1,True,False,cancelled_early,24.7885,0.0,0,1,23.278209031559527,23.278209031559527,220.78920807689428,0.015832949429750443,244.08325005788356
pessimistic,250,multistation,8,8,8,t00188-c00221,221,188,4,0,4,True,False,cancelled_early,27.6586,0.0,0,1,67.08645797334611,243.97837498690933,0.1492080045863986,0.009541981853544712,244.13712497334927
pessimistic,250,multistation,8,8,8,t00189-c00063,63,189,3,0,3,True,False,satisfied,27.5063,27.9425,56,1,215.563541976735,2680.562916910276,256.7081250017509,0.022417050786316395,2937.293458962813
pessimistic,250,multistation,8,8,8,t00189-c00083,83,189,7,0,7,True,False,satisfied,38.5089,39.2,56,1,136.22504100203514,2635.2482500951737,302.07724997308105,0.01054094173014164,2937.336041009985
pessimistic,250,multistation,8,8,8,t00189-c00105,105,189,10,0,10,True,False,no_show,30.5806,0.0,0,1,17.094832961447537,2937.1499579865485,0.18012500368058681,0.009292038157582283,2937.3393750283867
pessimistic,250,multistation,8,8,8,t00189-c00221,221,189,4,0,4,True,False,cancelled_late,27.4905,0.0,0,1,655.9720420045778,2235.544666997157,701.7709580250084,0.005166977643966675,2937.3207919998094
pessimistic,250,multistation,8,8,8,t00189-c00232,232,189,5,0,4,True,False,satisfied,13.9624,14.0,28,1,655.9314590413123,2235.5040840338916,701.8137499690056,0.005541020072996616,2937.32337502297
pessimistic,250,multistation,8,8,8,t00190-c00006,6,190,4,0,4,True,False,satisfied,26.3939,26.0,52,1,120.67062500864267,533.2008330151439,602.7331670047715,0.028791953809559345,1135.962791973725
pessimistic,250,multistation,8,8,8,t00190-c00124,124,190,10,0,10,True,False,satisfied,32.0053,32.137,46,1,20.942082977853715,1135.8519999776036,0.16441603656858206,0.013167038559913635,1136.029583052732
pessimistic,250,multistation,8,8,8,t00190-c00201,201,190,6,0,6,True,False,cancelled_early,9.5791,0.0,0,1,120.56345806922764,813.8062501093373,322.21829192712903,0.00816606916487217,1136.0327081056312
pessimistic,250,multistation,8,8,8,t00191-c00022,22,191,4,0,4,True,False,satisfied,27.5729,28.0,35,1,332.4040831066668,1043.9003329956904,809.7152500413358,0.01858395989984274,1853.634166996926
pessimistic,250,multistation,8,8,8,t00191-c00069,69,191,6,0,6,True,False,no_show,25.2405,0.0,0,1,25.496624992229044,1853.537083021365,0.13391696847975254,0.010041054338216782,1853.681041044183
pessimistic,250,multistation,8,8,8,t00191-c00171,171,191,4,0,4,True,False,cancelled_early,23.6819,0.0,0,1,332.2944160318002,1043.7902910634875,809.8746669711545,0.00658305361866951,1853.6715410882607
pessimistic,250,multistation,8,8,8,t00191-c00201,201,191,13,0,13,True,False,satisfied,22.4834,22.8,38,1,25.397457997314632,1853.438040940091,0.23916701320558786,0.008916947990655899,1853.6861249012873
pessimistic,250,multistation,8,8,8,t00192-c00027,27,192,6,0,6,True,False,cancelled_early,21.5964,0.0,0,1,90.43920796830207,399.1730420384556,0.02279097680002451,0.0213750172406435,399.2172080324963
pessimistic,250,multistation,8,8,8,t00192-c00171,171,192,4,0,4,True,False,cancelled_late,26.4453,0.0,0,1,25.843083043582737,307.79729108326137,91.46087500266731,0.00808399636298418,399.26625008229166
pessimistic,250,multistation,8,8,8,t00193-c00027,27,193,6,0,6,True,False,no_show,19.4097,0.0,0,1,18.53379199746996,499.3225419893861,0.02462498378008604,0.02079200930893421,499.3679589824751
pessimistic,250,multistation,8,8,8,t00193-c00100,100,193,4,0,4,True,False,no_show,26.9631,0.0,0,1,121.7056669993326,311.55233399476856,187.84204102121294,0.008749892003834248,499.40312490798533
pessimistic,250,multistation,8,8,8,t00193-c00129,129,193,0,4,0,False,True,abandoned,22.9463,0.0,0,0,,,,,
pessimistic,250,multistation,8,8,8,t00193-c00221,221,193,5,0,5,True,False,cancelled_early,28.6799,0.0,0,1,18.380541005171835,499.16954105719924,0.175833934918046,0.006166053935885429,499.35154104605317
pessimistic,250,multistation,8,8,8,t00194-c00107,107,194,5,0,5,True,False,satisfied,28.4863,28.7,41,1,228.30629197414964,716.2287919782102,0.033541000448167324,0.02291705459356308,716.2852500332519
pessimistic,250,multistation,8,8,8,t00194-c00221,221,194,5,0,5,True,False,cancelled_late,25.3729,0.0,0,1,228.20970800239593,716.1320409504697,0.16070902347564697,0.008916016668081284,716.3016659906134
pessimistic,250,multistation,8,8,8,t00195-c00056,56,195,3,0,3,True,False,satisfied,17.789,18.2,26,1,19.646332948468626,86.92762500140816,0.025124987587332726,0.020582927390933037,86.97333291638643
pessimistic,250,multistation,8,8,8,t00196-c00112,112,196,5,0,5,True,False,satisfied,37.7332,38.0,76,1,57.92004195973277,618.3382919989526,0.031542032957077026,0.024165958166122437,618.3939999900758
pessimistic,250,multistation,8,8,8,t00197-c00090,90,197,3,0,3,True,False,satisfied,20.7647,21.0,30,1,197.97670806292444,502.1574159618467,201.10645901877433,0.02070807386189699,703.2845830544829
pessimistic,250,multistation,8,8,8,t00197-c00219,219,197,14,0,14,True,False,satisfied,21.9375,22.4,28,1,35.454166936688125,703.135084011592,0.1604999415576458,0.013916054740548134,703.3095000078902
pessimistic,250,multistation,8,8,8,t00198-c00080,80,198,5,0,5,True,False,cancelled_late,26.5351,0.0,0,1,42.31891699600965,3549.6245420072228,0.03204203676432371,0.026374938897788525,3549.682958982885
pessimistic,250,multistation,8,8,8,t00198-c00113,113,198,1,0,1,True,False,satisfied,25.6936,21.2,53,1,490.85308297071606,490.85308297071606,3058.8921670569107,0.008665956556797028,3549.7539159841835
pessimistic,250,multistation,8,8,8,t00198-c00171,171,198,5,0,5,True,False,satisfied,23.8604,24.0,30,1,42.22008294891566,3549.52616605442,0.22108398843556643,0.0069160014390945435,3549.754166044295
pessimistic,250,multistation,8,8,8,t00198-c00173,173,198,5,0,5,True,False,satisfied,21.6313,22.0,44,1,42.18133294489235,3549.4874579599127,0.2542920410633087,0.00595790334045887,3549.7477079043165
pessimistic,250,multistation,8,8,8,t00198-c00237,237,198,11,0,11,True,False,cancelled_early,33.09,0.0,0,1,116.12545792013407,3549.442832940258,0.29416708275675774,0.008999952115118504,3549.74599997513
pessimistic,250,multistation,8,8,8,t00199-c00237,237,199,11,0,11,True,False,satisfied,29.7429,30.0,75,1,38.46175002399832,1507.526958012022,0.04824995994567871,0.02858403604477644,1507.6037920080125
pessimistic,250,multistation,8,8,8,t00200-c00037,37,200,3,0,3,True,False,no_show,26.447,0.0,0,1,446.85933308210224,1407.394333044067,226.4500829624012,0.01725007314234972,1633.8616660796106
pessimistic,250,multistation,8,8,8,t00200-c00080,80,200,3,0,3,True,False,cancelled_late,22.4092,0.0,0,1,446.8037919141352,1407.3390419362113,226.55024996493012,0.009292038157582283,1633.898583939299
pessimistic,250,multistation,8,8,8,t00200-c00111,111,200,16,0,16,True,False,cancelled_late,14.2117,0.0,0,1,26.98029193561524,1633.7193748913705,0.19883399363607168,0.01300009898841381,1633.931208983995
pessimistic,250,multistation,8,8,8,t00200-c00221,221,200,5,0,5,True,False,no_show,25.2935,0.0,0,1,90.64549999311566,1407.2360419668257,226.68520803563297,0.006707967258989811,1633.9279579697177
pessimistic,250,multistation,8,8,8,t00201-c00033,33,201,3,0,3,True,False,cancelled_late,23.0376,0.0,0,1,36.22424998320639,128.1053749844432,0.0201669754460454,0.018666032701730728,128.14420799259096
pessimistic,250,multistation,8,8,8,t00203-c00111,111,203,8,0,8,True,False,cancelled_early,17.9494,0.0,0,1,256.45158300176263,1606.0407909099013,0.03041699528694153,0.01783308107405901,1606.0890409862623
pessimistic,250,multistation,8,8,8,t00203-c00213,213,203,13,0,13,True,False,no_show,23.8655,0.0,0,1,156.5377920633182,1605.9860000386834,0.14754198491573334,0.012165983207523823,1606.1457080068067
pessimistic,250,multistation,8,8,8,t00204-c00033,33,204,1,0,1,True,False,satisfied,28.0317,21.0,30,1,67.9123749723658,67.9123749723658,235.33012496773154,0.016458099707961082,303.2589580398053
pessimistic,250,multistation,8,8,8,t00204-c00111,111,204,4,0,3,True,False,no_show,16.6191,0.0,0,1,90.33479203935713,235.56004196871072,67.72575003560632,0.00937492586672306,303.29516693018377
pessimistic,250,multistation,8,8,8,t00204-c00229,229,204,5,0,5,True,False,satisfied,31.5989,32.0,40,1,27.22000004723668,303.1132500618696,0.16716693062335253,0.00858306884765625,303.28900006134063
pessimistic,250,multistation,8,8,8,t00205-c00080,80,205,3,0,3,True,False,breakdown,27.2196,0.0,0,1,700.4395830444992,1740.2052910765633,494.23633399419487,0.014290912076830864,2234.455915982835
pessimistic,250,multistation,8,8,8,t00205-c00185,185,205,14,0,14,True,False,satisfied,21.018,21.2,53,1,42.712709051556885,2234.35791709926,0.11108291801065207,0.012834090739488602,2234.48183410801
pessimistic,250,multistation,8,8,8,t00205-c00246,246,205,7,0,7,True,False,satisfied,22.1567,22.0,55,1,390.69691696204245,1686.1642090370879,548.3094999799505,0.008458038792014122,2234.4821670558304
pessimistic,250,multistation,8,8,8,t00206-c00189,189,206,3,0,3,True,False,no_show,21.321,0.0,0,1,60.87208306416869,216.62104199640453,47.07404098007828,0.018874998204410076,263.7139579746872
pessimistic,250,multistation,8,8,8,t00206-c00198,198,206,5,0,5,True,False,no_show,22.8642,0.0,0,1,16.757500008679926,263.6116249486804,0.12829096522182226,0.00925001222640276,263.7491659261286
pessimistic,250,multistation,8,8,8,t00207-c00024,24,207,4,0,4,True,False,cancelled_early,32.1733,0.0,0,1,306.68770894408226,901.405334006995,75.37658291403204,0.017042038962244987,976.7989589599892
pessimistic,250,multistation,8,8,8,t00207-c00245,245,207,6,0,6,True,False,satisfied,29.3571,29.4,42,1,30.89212509803474,976.6922499984503,0.14775001909583807,0.009707990102469921,976.8497080076486
pessimistic,250,multistation,8,8,8,t00208-c00024,24,208,7,0,7,True,False,satisfied,26.188,26.4,66,1,59.04845800250769,719.5485410047695,0.021417043171823025,0.02020795363932848,719.5901660015807
pessimistic,250,multistation,8,8,8,t00209-c00013,13,209,2,0,2,True,False,satisfied,17.9959,18.0,30,1,12.912333011627197,37.857291055843234,0.01679197885096073,0.013791956007480621,37.887874990701675
pessimistic,250,multistation,8,8,8,t00212-c00102,102,212,6,0,6,True,False,satisfied,18.1338,18.0,30,1,23.24608399067074,174.20433403458446,0.029291026294231415,0.020916922949254513,174.25454198382795
pessimistic,250,multistation,8,8,8,t00213-c00009,9,213,1,0,1,True,False,cancelled_late,32.2912,0.0,0,1,24.135207990184426,24.135207990184426,0.01637497916817665,0.012625008821487427,24.16420797817409
pessimistic,250,multistation,8,8,8,t00217-c00157,157,217,15,0,15,True,False,satisfied,17.0047,17.5,25,1,21.371333044953644,500.6533330306411,0.04000007174909115,0.021958956494927406,500.7152920588851
pessimistic,250,multistation,8,8,8,t00217-c00233,233,217,1,0,1,True,False,satisfied,31.1603,7.2,9,1,173.97879099007696,173.97879099007696,326.760167023167,0.0076249707490205765,500.746582983993
pessimistic,250,multistation,8,8,8,t00218-c00194,194,218,4,0,4,True,False,breakdown,32.8324,0.0,0,1,51.74625001382083,312.87012505345047,0.03829097840934992,0.01862493809312582,312.92704096995294
pessimistic,250,multistation,8,8,8,t00220-c00103,103,220,2,0,2,True,False,cancelled_early,31.0568,0.0,0,1,13.925374951213598,57.973749935626984,0.024084001779556274,0.013457960449159145,58.0112918978557
pessimistic,250,multistation,8,8,8,t00221-c00103,103,221,1,0,1,True,False,satisfied,24.9199,5.6,7,1,14.314042055048048,14.314042055048048,0.023875036276876926,0.013999990187585354,14.35191708151251
pessimistic,250,multistation,8,8,8,t00222-c00027,27,222,3,0,2,True,False,no_show,21.7523,0.0,0,1,44.880124973133206,82.73699996061623,0.018249964341521263,0.013416982255876064,82.76866690721363
pessimistic,250,multistation,8,8,8,t00222-c00249,249,222,1,0,1,True,False,cancelled_late,26.9074,0.0,0,1,20.735417027026415,20.735417027026415,62.04870797228068,0.007375027053058147,82.79150002636015
pessimistic,250,multistation,8,8,8,t00223-c00224,224,223,6,0,6,True,False,cancelled_late,34.3177,0.0,0,1,61.39720801729709,504.4108750298619,0.03825000021606684,0.020749983377754688,504.46987501345575
pessimistic,250,multistation,8,8,8,t00224-c00093,93,224,17,0,17,True,False,satisfied,25.9946,25.6,64,1,95.1504590921104,3273.8521670689806,0.03687501884996891,0.02474989742040634,3273.913791985251
pessimistic,250,multistation,8,8,8,t00224-c00142,142,224,4,0,4,True,False,satisfied,40.5586,40.8,102,1,757.5995839433745,1959.9356669932604,1314.009708003141,0.009499955922365189,3273.9548749523237
pessimistic,250,multistation,8,8,8,t00226-c00049,49,226,0,4,0,False,True,abandoned,29.933,0.0,0,0,,,,,
pessimistic,250,multistation,8,8,8,t00226-c00061,61,226,8,0,8,True,False,cancelled_late,29.4895,0.0,0,1,81.83333300985396,845.2720830682665,0.02845795825123787,0.022292020730674267,845.3228330472484
pessimistic,250,multistation,8,8,8,t00227-c00009,9,227,9,0,9,True,False,satisfied,33.3903,33.6,56,1,75.37083304487169,895.8793750498444,0.024374923668801785,0.02179096918553114,895.9255409426987
pessimistic,250,multistation,8,8,8,t00228-c00206,206,228,5,0,5,True,False,cancelled_early,10.6055,0.0,0,1,20.390666904859245,109.09299994818866,0.036917044781148434,0.018582912161946297,109.14849990513176
pessimistic,250,multistation,8,8,8,t00229-c00061,61,229,6,0,6,True,False,satisfied,24.1836,24.5,49,1,446.0245000664145,1368.3155829785392,120.82054209895432,0.023124972358345985,1489.1592500498518
pessimistic,250,multistation,8,8,8,t00229-c00206,206,229,7,0,7,True,False,satisfied,16.4996,16.8,21,1,238.82462491746992,1489.041915978305,0.1562919933348894,0.013082986697554588,1489.2112909583375
pessimistic,250,multistation,8,8,8,t00229-c00224,224,229,9,0,9,True,False,satisfied,31.1608,31.5,45,1,238.7817909475416,1488.9993329998106,0.21308299619704485,0.009499955922365189,1489.22191595193
pessimistic,250,multistation,8,8,8,t00230-c00243,243,230,6,0,6,True,False,cancelled_late,30.334,0.0,0,1,175.84070900920779,753.2933750189841,0.0439169816672802,0.020749983377754688,753.3580419840291
pessimistic,250,multistation,8,8,8,t00231-c00139,139,231,3,0,3,True,False,satisfied,26.9832,27.3,39,1,29.07266595866531,213.61687500029802,0.03204098902642727,0.019083963707089424,213.66799995303154
pessimistic,250,multistation,8,8,8,t00231-c00177,177,231,3,0,3,True,False,cancelled_early,21.4784,0.0,0,1,29.020499903708696,213.5649579577148,0.1365839270874858,0.008458038792014122,213.7099999235943
pessimistic,250,multistation,8,8,8,t00232-c00007,7,232,4,0,4,True,False,satisfied,32.8612,32.9,47,1,139.42283391952515,464.77099996991456,103.1205840408802,0.016290927305817604,567.9078749381006
pessimistic,250,multistation,8,8,8,t00232-c00177,177,232,11,0,11,True,False,cancelled_late,12.8466,0.0,0,1,37.06633299589157,567.8037499310449,0.14879100490361452,0.012917094863951206,567.9654580308124
pessimistic,250,multistation,8,8,8,t00233-c00079,79,233,1,0,1,True,False,cancelled_late,30.8171,0.0,0,1,49.78649993427098,49.78649993427098,0.025250017642974854,0.013582990504801273,49.825332942418754
pessimistic,250,multistation,8,8,8,t00234-c00076,76,234,4,0,4,True,False,no_show,22.0584,0.0,0,1,93.93195807933807,456.00179105531424,0.03087497316300869,0.020249979570508003,456.05291600804776
pessimistic,250,multistation,8,8,8,t00234-c00111,111,234,1,0,1,True,False,satisfied,20.4572,8.4,12,1,15.321292099542916,15.321292099542916,440.754291950725,0.007875030860304832,456.08345908112824
pessimistic,250,multistation,8,8,8,t00234-c00231,231,234,4,0,4,True,False,no_show,17.4599,0.0,0,1,93.82395795546472,455.8939170092344,0.17641601152718067,0.006208894774317741,456.0765419155359
pessimistic,250,multistation,8,8,8,t00235-c00041,41,235,1,0,1,True,False,cancelled_early,27.4077,0.0,0,1,60.19029102753848,60.19029102753848,0.021834042854607105,0.013874960131943226,60.22600003052503
pessimistic,250,multistation,8,8,8,t00236-c00041,41,236,3,0,3,True,False,no_show,26.7514,0.0,0,1,626.9084999803454,1755.6320829316974,0.027125002816319466,0.021209008991718292,1755.6804169435054
pessimistic,250,multistation,8,8,8,t00236-c00079,79,236,5,0,5,True,False,satisfied,34.8095,35.0,70,1,212.60395902208984,1755.5784590076655,0.13979105278849602,0.010416959412395954,1755.7286670198664
pessimistic,250,multistation,8,8,8,t00237-c00243,243,237,9,0,9,True,False,cancelled_late,29.717,0.0,0,1,124.69208391848952,952.6411249535158,0.047625042498111725,0.02345896791666746,952.7122089639306
pessimistic,250,multistation,8,8,8,t00238-c00177,177,238,7,0,7,True,False,cancelled_late,21.6757,0.0,0,1,70.28341700788587,579.9500839784741,0.038499943912029266,0.02154102548956871,580.0101249478757
pessimistic,250,multistation,8,8,8,t00238-c00204,204,238,5,0,5,True,False,satisfied,18.8696,19.1405,24,1,70.2299999538809,535.747249959968,44.31337502319366,0.008416012860834599,580.0690409960225
pessimistic,250,multistation,8,8,8,t00239-c00055,55,239,4,0,4,True,False,cancelled_late,21.3306,0.0,0,1,42.48670791275799,404.068166972138,0.026333029381930828,0.01720793079584837,404.11170793231577
pessimistic,250,multistation,8,8,8,t00239-c00177,177,239,4,0,4,True,False,cancelled_late,18.1842,0.0,0,1,42.4225419992581,404.00391700677574,0.14533300418406725,0.007292022928595543,404.1565420338884
pessimistic,250,multistation,8,8,8,t00240-c00054,54,240,5,0,5,True,False,satisfied,16.1899,16.8,21,1,100.82945798058063,674.573624972254,378.7233750335872,0.020832987502217293,1053.3178329933435
pessimistic,250,multistation,8,8,8,t00240-c00100,100,240,10,0,10,True,False,no_show,25.4217,0.0,0,1,27.937249979004264,1053.2179169822484,0.14283298514783382,0.01237494871020317,1053.3731249161065
pessimistic,250,multistation,8,8,8,t00240-c00186,186,240,11,0,11,True,False,satisfied,19.0011,19.2,32,1,138.55554105248302,997.9865830391645,55.380707955919206,0.009875046089291573,1053.377166041173
pessimistic,250,multistation,8,8,8,t00241-c00055,55,241,7,0,7,True,False,cancelled_early,26.4158,0.0,0,1,387.7627499168739,2028.253833996132,131.2557499622926,0.02174999099224806,2159.531333949417
pessimistic,250,multistation,8,8,8,t00241-c00105,105,241,5,0,5,True,False,satisfied,33.4794,32.8,41,1,35.594833083450794,2159.424125100486,0.15795789659023285,0.009375042282044888,2159.5914580393583
pessimistic,250,multistation,8,8,8,t00241-c00198,198,241,10,0,10,True,False,satisfied,31.3388,31.5,45,1,154.49174994137138,2085.0374590372667,74.54437494743615,0.008458038792014122,2159.590292023495
pessimistic,250,multistation,8,8,8,t00242-c00055,55,242,7,0,7,True,False,satisfied,20.4479,21.0,35,1,202.08441698923707,993.3258750243112,238.46145800780505,0.022083986550569534,1231.8094170186669
pessimistic,250,multistation,8,8,8,t00242-c00177,177,242,15,0,15,True,False,satisfied,16.0304,15.6,26,1,31.073875026777387,1231.6932079847902,0.16145803965628147,0.01366704236716032,1231.8683330668136
pessimistic,250,multistation,8,8,8,t00243-c00243,243,243,7,0,7,True,False,cancelled_early,28.2159,0.0,0,1,79.98912502080202,678.6238750210032,0.045791035518050194,0.021124957129359245,678.6907910136506
pessimistic,250,multistation,8,8,8,t00244-c00243,243,244,4,0,4,True,False,satisfied,27.9074,28.0,56,1,59.83729206491262,355.7582499925047,0.04670803900808096,0.02704199869185686,355.83200003020465
pessimistic,250,multistation,8,8,8,t00247-c00034,34,247,3,0,3,True,False,satisfied,28.6647,28.8,36,1,30.58754198718816,182.07220896147192,34.35525007080287,0.018499908037483692,216.44595894031227
pessimistic,250,multistation,8,8,8,t00247-c00068,68,247,3,0,3,True,False,satisfied,16.1489,16.2,27,1,53.89187508262694,216.3479580776766,0.13287493493407965,0.008500064723193645,216.48933307733387
pessimistic,250,multistation,8,8,8,t00248-c00069,69,248,8,0,8,True,False,satisfied,24.0059,24.5,49,1,53.83104202337563,791.99591698125,0.027582980692386627,0.02162496093660593,792.045124922879
pessimistic,250,multistation,8,8,8,t00248-c00101,101,248,3,0,3,True,False,cancelled_early,19.1032,0.0,0,1,139.81433305889368,497.17879202216864,294.9002910172567,0.008916947990655899,792.087999987416
pessimistic,250,multistation,8,8,8,t00249-c00099,99,249,5,0,5,True,False,cancelled_early,15.0583,0.0,0,1,151.59762499388307,701.2932089855894,52.48666601255536,0.017124926671385765,753.7969999248162
pessimistic,250,multistation,8,8,8,t00249-c00101,101,249,7,0,7,True,False,cancelled_late,21.8853,0.0,0,1,38.458207971416414,753.7017080467194,0.14404195826500654,0.009541050530970097,753.8552910555154
pessimistic,250,multistation,8,8,8,t00249-c00167,167,249,7,0,7,True,False,satisfied,22.4615,23.2,29,1,73.20233294740319,602.1847079973668,151.66420897003263,0.0077500008046627045,753.8566669682041
pessimistic,250,multistation,8,8,8,t00250-c00099,99,250,4,0,4,True,False,no_show,12.3726,0.0,0,1,131.0908329905942,259.38170799054205,200.04966703709215,0.01750001683831215,459.4488750444725
pessimistic,250,multistation,8,8,8,t00250-c00221,221,250,5,0,5,True,False,satisfied,22.9181,23.1,33,1,33.67249993607402,459.3420409364626,0.12800004333257675,0.009167008101940155,459.4792079878971
pessimistic,250,multistation,8,8,8,t00250-c00249,249,250,3,0,3,True,False,cancelled_late,23.4134,0.0,0,1,115.02462497446686,396.7754580080509,62.692832900211215,0.006542075425386429,459.4748329836875
pessimistic,250,multistation,8,8,8,t00251-c00075,75,251,1,0,1,True,False,satisfied,8.7105,6.0,10,1,253.8818750763312,253.8818750763312,553.7579579977319,0.015541911125183105,807.6553749851882
pessimistic,250,multistation,8,8,8,t00251-c00086,86,251,14,0,14,True,False,cancelled_early,19.1663,0.0,0,1,45.30558304395527,807.5712500140071,0.12395798694342375,0.014416989870369434,807.7096249908209
pessimistic,250,multistation,8,8,8,t00252-c00086,86,252,13,0,13,True,False,no_show,16.512,0.0,0,1,98.91662490554154,2669.466958963312,0.031957984901964664,0.02050003968179226,2669.519416987896
pessimistic,250,multistation,8,8,8,t00252-c00094,94,252,14,0,14,True,False,satisfied,21.2198,21.5,43,1,98.86599995661527,2669.416541000828,0.13229192700237036,0.00966701190918684,2669.5584999397397
pessimistic,250,multistation,8,8,8,t00252-c00190,190,252,4,0,4,True,False,satisfied,16.8885,17.0,34,1,1004.2509589111432,1552.7523749042302,1116.7827090248466,0.006500049494206905,2669.541583978571
pessimistic,250,multistation,8,8,8,t00253-c00038,38,253,5,0,5,True,False,no_show,12.9599,0.0,0,1,18.070332938805223,1638.9125830028206,50.14374991878867,0.021125073544681072,1689.077457995154
pessimistic,250,multistation,8,8,8,t00253-c00101,101,253,19,0,19,True,False,satisfied,21.1118,21.7,31,1,54.09166601020843,1688.9804160455242,0.13649999164044857,0.014125020243227482,1689.1310410574079
pessimistic,250,multistation,8,8,8,t00253-c00133,133,253,3,0,3,True,False,no_show,17.7534,0.0,0,1,363.9147919602692,1239.0612920280546,450.0616668956354,0.007208087481558323,1689.1301670111716
pessimistic,250,multistation,8,8,8,t00253-c00189,189,253,7,0,7,True,False,breakdown,31.2883,0.0,0,1,342.94391702860594,1213.197459001094,475.9157910011709,0.007292022928595543,1689.1205420251936
pessimistic,250,multistation,8,8,8,t00254-c00241,241,254,5,0,5,True,False,cancelled_late,13.1081,0.0,0,1,23.42400001361966,625.3679579822347,0.04083302337676287,0.01633400097489357,625.4251250065863
pessimistic,250,multistation,8,8,8,t00254-c00249,249,254,6,0,6,True,False,no_show,26.7265,0.0,0,1,103.36616693530232,557.4204169679433,68.04716598708183,0.010458985343575478,625.4780419403687
pessimistic,250,multistation,8,8,8,t00255-c00043,43,255,4,0,4,True,False,satisfied,20.7848,17.5,35,1,48.36237500421703,205.54733299650252,0.02483394928276539,0.016333069652318954,205.5885000154376
pessimistic,250,multistation,8,8,8,t00255-c00149,149,255,1,0,1,True,False,cancelled_late,18.533,0.0,0,1,23.80112500395626,23.80112500395626,181.80783395655453,0.007083057425916195,205.6160420179367
pessimistic,250,multistation,8,8,8,t00256-c00092,92,256,5,0,5,True,False,cancelled_early,34.5195,0.0,0,1,363.50691597908735,2162.849665968679,49.50204200576991,0.016750069335103035,2212.368458043784
pessimistic,250,multistation,8,8,8,t00256-c00144,144,256,14,0,14,True,False,satisfied,24.5675,25.2,36,1,44.42725004628301,2212.2702500782907,0.14483300037682056,0.010958989150822163,2212.4260420678183
pessimistic,250,multistation,8,8,8,t00257-c00067,67,257,3,0,3,True,False,no_show,24.6344,0.0,0,1,21.851583034731448,614.6406250772998,0.025415909476578236,0.0189170241355896,614.6849580109119
pessimistic,250,multistation,8,8,8,t00257-c00092,92,257,4,0,4,True,False,satisfied,35.7941,36.0,72,1,79.73470806609839,585.3566670557484,29.348290991038084,0.008958973921835423,614.7139170207083
pessimistic,250,multistation,8,8,8,t00258-c00021,21,258,6,0,6,True,False,no_show,18.7557,0.0,0,1,220.0427920324728,659.9447920452803,444.9403330218047,0.019832979887723923,1104.9049580469728
pessimistic,250,multistation,8,8,8,t00258-c00037,37,258,5,0,5,True,False,cancelled_early,37.9182,0.0,0,1,86.76070801448077,1104.812917066738,0.11395802721381187,0.009124982170760632,1104.9360000761226
pessimistic,250,multistation,8,8,8,t00258-c00064,64,258,3,0,3,True,False,cancelled_late,19.9001,0.0,0,1,268.0215830914676,927.4690410820767,177.47304192744195,0.006792019121348858,1104.94887502864
pessimistic,250,multistation,8,8,8,t00258-c00149,149,258,3,0,3,True,False,satisfied,21.4336,21.7,31,1,244.45545801427215,893.1319999974221,211.80833305697888,0.005958951078355312,1104.9462920054793
pessimistic,250,multistation,8,8,8,t00259-c00027,27,259,1,4,1,True,False,cancelled_late,28.5021,0.0,0,1,9693.215792067349,9693.215792067349,52.15704196598381,0.017874990589916706,9745.390709023923
pessimistic,250,multistation,8,8,8,t00259-c00037,37,259,5,0,5,True,False,cancelled_early,37.9139,0.0,0,1,87.7904579974711,550.7689579389989,0.02475001383572817,0.026709050871431828,550.8204170037061
pessimistic,250,multistation,8,8,8,t00260-c00020,20,260,20,0,20,True,False,cancelled_late,34.5465,0.0,0,1,257.3007079772651,5952.090415987186,0.03574998117983341,0.02883397974073887,5952.154999948107
pessimistic,250,multistation,8,8,8,t00260-c00037,37,260,12,0,12,True,False,cancelled_late,39.4722,0.0,0,1,257.2111670160666,5748.048958019353,204.1476669255644,0.011416967026889324,5952.208041911945
pessimistic,250,multistation,8,8,8,t00260-c00064,64,260,3,0,3,True,False,satisfied,19.3361,19.6,28,1,1782.251083990559,3580.5633750278503,2371.6426249593496,0.00708398874849081,5952.213083975948
pessimistic,250,multistation,8,8,8,t00261-c00020,20,261,1,0,1,True,False,cancelled_late,37.4139,0.0,0,1,559.1687500709668,559.1687500709668,1161.3686250057071,0.018333899788558483,1720.5557089764625
pessimistic,250,multistation,8,8,8,t00261-c00037,37,261,12,0,12,True,False,cancelled_late,36.8436,0.0,0,1,108.15266601275653,1720.4302080208436,0.15124992933124304,0.018332968465983868,1720.5997909186408
pessimistic,250,multistation,8,8,8,t00261-c00241,241,261,5,0,5,True,False,cancelled_late,8.4005,0.0,0,1,20.000459044240415,1720.3595000319183,0.22825004998594522,0.00708398874849081,1720.5948340706527
pessimistic,250,multistation,8,8,8,t00262-c00020,20,262,1,0,1,True,False,breakdown,24.756,0.0,0,1,259.7349170828238,259.7349170828238,272.7210409939289,0.01762493047863245,532.4735830072314
pessimistic,250,multistation,8,8,8,t00262-c00035,35,262,5,0,5,True,False,satisfied,16.8227,17.2,43,1,104.15679204743356,532.3518750956282,0.12741691898554564,0.011041993275284767,532.490334007889
pessimistic,250,multistation,8,8,8,t00262-c00233,233,262,2,0,2,True,False,cancelled_late,24.7205,0.0,0,1,138.45324993599206,474.35020899865776,58.132832986302674,0.007166992872953415,532.4902089778334
pessimistic,250,multistation,8,8,8,t00263-c00037,37,263,4,0,4,True,False,satisfied,35.1764,35.4,59,1,206.5391669748351,928.2203749753535,52.282500080764294,0.010124989785254002,980.513000045903
pessimistic,250,multistation,8,8,8,t00263-c00095,95,263,6,0,6,True,False,satisfied,21.139,21.6,27,1,29.832999920472503,980.3039589896798,0.1944579416885972,0.008125090971589088,980.50654202234
pessimistic,250,multistation,8,8,8,t00263-c00143,143,263,1,0,1,True,False,no_show,17.9558,0.0,0,1,131.3959159888327,131.3959159888327,849.0921669872478,0.005417037755250931,980.4935000138357
pessimistic,250,multistation,8,8,8,t00263-c00241,241,263,3,0,3,True,False,satisfied,14.9067,15.0,25,1,150.38620808627456,928.0678330687806,52.40375001449138,0.005582929588854313,980.4771660128608
pessimistic,250,multistation,8,8,8,t00267-c00182,182,267,5,0,5,True,False,cancelled_late,24.7385,0.0,0,1,216.67904208879918,2490.9774170955643,298.0269578984007,0.020875013433396816,2789.0252500073984
pessimistic,250,multistation,8,8,8,t00267-c00213,213,267,14,0,14,True,False,satisfied,32.4493,32.8,82,1,137.5884999288246,2788.9122079359367,0.1739170402288437,0.013208016753196716,2789.099332992919
pessimistic,250,multistation,8,8,8,t00268-c00091,91,268,4,0,4,True,False,cancelled_early,13.8022,0.0,0,1,16.03720895946026,98.24429196305573,0.028667040169239044,0.016749952919781208,98.28970895614475
pessimistic,250,multistation,8,8,8,t00269-c00091,91,269,4,0,4,True,False,no_show,25.7644,0.0,0,1,46.85645806603134,175.94750004354864,58.85441601276398,0.027499976567924023,234.82941603288054
pessimistic,250,multistation,8,8,8,t00269-c00233,233,269,3,0,3,True,False,cancelled_early,19.976,0.0,0,1,25.17191704828292,234.70454197376966,0.15833298675715923,0.010375049896538258,234.87325001042336
pessimistic,250,multistation,8,8,8,t00270-c00233,233,270,3,0,3,True,False,cancelled_late,22.6209,0.0,0,1,19.69491597265005,81.35454100556672,0.042291940189898014,0.018208054825663567,81.41504100058228
pessimistic,250,multistation,8,8,8,t00271-c00027,27,271,10,0,10,True,False,no_show,27.4226,0.0,0,1,308.4169579669833,3913.8718330068514,38.981374935247004,0.020875013433396816,3952.874082955532
pessimistic,250,multistation,8,8,8,t00271-c00066,66,271,12,0,12,True,False,cancelled_early,18.38,0.0,0,1,340.2924579568207,3952.7713330462575,0.14220899902284145,0.012082979083061218,3952.9256250243634
pessimistic,250,multistation,8,8,8,t00271-c00099,99,271,5,0,5,True,False,cancelled_early,17.1228,0.0,0,1,308.3158330991864,3913.7704169843346,39.166833041235805,0.006917049176990986,3952.9441670747474
pessimistic,250,multistation,8,8,8,t00271-c00195,195,271,5,0,5,True,False,no_show,22.0918,0.0,0,1,308.26475005596876,3913.7192079797387,39.21620803885162,0.005458947271108627,3952.9408749658614
pessimistic,250,multistation,8,8,8,t00272-c00066,66,272,12,0,12,True,False,satisfied,10.9633,11.2,16,1,48.87212498579174,449.8342090519145,0.02891593612730503,0.019708997569978237,449.8828339856118
pessimistic,250,multistation,8,8,8,t00272-c00099,99,272,5,0,5,True,False,satisfied,15.793,16.1,23,1,27.64391608070582,425.1402080990374,24.764624889940023,0.009042094461619854,449.91387508343905
pessimistic,250,multistation,8,8,8,t00273-c00163,163,273,7,0,7,True,False,satisfied,19.3512,19.5,39,1,42.66458295751363,397.11100002750754,0.03754091449081898,0.02079200930893421,397.1693329513073
pessimistic,250,multistation,8,8,8,t00273-c00233,233,273,2,0,2,True,False,cancelled_early,19.7722,0.0,0,1,68.13208293169737,351.40491696074605,45.7884999923408,0.007208087481558323,397.2006250405684
pessimistic,250,multistation,8,8,8,t00274-c00038,38,274,6,0,6,True,False,cancelled_early,19.9032,0.0,0,1,207.58879208005965,848.547000088729,77.73920800536871,0.0177919864654541,926.3040000805631
pessimistic,250,multistation,8,8,8,t00274-c00076,76,274,7,0,7,True,False,cancelled_early,20.9371,0.0,0,1,109.13741705007851,795.9778340300545,130.36704098340124,0.008833943866193295,926.3537089573219
pessimistic,250,multistation,8,8,8,t00274-c00103,103,274,1,0,1,True,False,no_show,27.1188,0.0,0,1,180.9824169613421,180.9824169613421,745.3626670176163,0.005499925464391708,926.3505839044228
pessimistic,250,multistation,8,8,8,t00274-c00182,182,274,5,0,5,True,False,no_show,24.8372,0.0,0,1,41.666083969175816,926.1169589590281,0.21358300000429153,0.007207971066236496,926.3377499300987
pessimistic,250,multistation,8,8,8,t00274-c00233,233,274,1,0,1,True,False,satisfied,20.2683,16.8,21,1,180.8883330086246,180.8883330086246,745.4266248969361,0.004417030140757561,926.3193749357015
pessimistic,250,multistation,8,8,8,t00275-c00038,38,275,6,0,6,True,False,cancelled_late,28.293,0.0,0,1,134.64720803312957,652.4719160515815,281.2835839577019,0.018874998204410076,933.7743750074878
pessimistic,250,multistation,8,8,8,t00275-c00058,58,275,10,0,10,True,False,no_show,22.1894,0.0,0,1,61.867124983109534,933.6795419221744,0.1336249988526106,0.01083302777260542,933.8239999487996
pessimistic,250,multistation,8,8,8,t00275-c00076,76,275,5,0,5,True,False,no_show,12.145,0.0,0,1,61.822624993510544,933.6349579971284,0.1733340322971344,0.0060409074649214745,933.8143329368904
pessimistic,250,multistation,8,8,8,t00277-c00030,30,277,16,0,16,True,False,no_show,17.4627,0.0,0,1,76.28620800096542,767.355415970087,0.027959002181887627,0.025290995836257935,767.4086659681052
pessimistic,250,multistation,8,8,8,t00277-c00152,152,277,5,0,5,True,False,cancelled_early,24.6071,0.0,0,1,76.23108301777393,735.8257080195472,31.60870901774615,0.008083065040409565,767.4425001023337
pessimistic,250,multistation,8,8,8,t00278-c00133,133,278,4,0,4,True,False,cancelled_early,19.1614,0.0,0,1,47.05204092897475,527.0513750147074,0.03545789513736963,0.01750001683831215,527.1043329266831
pessimistic,250,multistation,8,8,8,t00278-c00152,152,278,4,0,4,True,False,cancelled_late,22.0012,0.0,0,1,47.003415995277464,527.0028329687193,0.1462079817429185,0.007542083039879799,527.1565830335021
pessimistic,250,multistation,8,8,8,t00279-c00047,47,279,1,0,1,True,False,cancelled_late,17.7997,0.0,0,1,22.204500040970743,22.204500040970743,36.693708039820194,0.015208963304758072,58.913417044095695
pessimistic,250,multistation,8,8,8,t00279-c00133,133,279,2,0,2,True,False,satisfied,26.2322,25.6,32,1,22.143375012092292,58.81612503435463,0.12674997560679913,0.007500057108700275,58.95037506707013
pessimistic,250,multistation,8,8,8,t00280-c00100,100,280,5,0,5,True,False,breakdown,30.0688,0.0,0,1,46.37337499298155,253.03775002248585,0.025499961338937283,0.016749952919781208,253.07999993674457
pessimistic,250,multistation,8,8,8,t00281-c00038,38,281,7,0,7,True,False,no_show,23.0445,0.0,0,1,24.480291991494596,832.6657919678837,0.025458051823079586,0.01895800232887268,832.7102080220357
pessimistic,250,multistation,8,8,8,t00281-c00076,76,281,4,0,4,True,False,satisfied,25.4076,25.6,32,1,59.031750075519085,799.0399170666933,33.69441593531519,0.0072499969974160194,832.7415829990059
pessimistic,250,multistation,8,8,8,t00284-c00161,161,284,5,0,5,True,False,satisfied,23.6167,24.0,30,1,34.507125033997,200.81054198089987,0.03283307887613773,0.017832964658737183,200.86120802443475
pessimistic,250,multistation,8,8,8,t00285-c00152,152,285,12,0,12,True,False,cancelled_late,13.4165,0.0,0,1,94.46799999568611,592.6080000353977,0.03674998879432678,0.020290957763791084,592.6650409819558
pessimistic,250,multistation,8,8,8,t00285-c00158,158,285,5,0,5,True,False,cancelled_late,18.2528,0.0,0,1,47.258166945539415,460.77008394058794,131.92304107360542,0.008833943866193295,592.7019589580595
pessimistic,250,multistation,8,8,8,t00286-c00108,108,286,2,0,2,True,False,satisfied,17.8184,18.2,26,1,48.984959023073316,320.8203340182081,171.4336659060791,0.015875091776251793,492.26987501606345
pessimistic,250,multistation,8,8,8,t00286-c00118,118,286,11,0,11,True,False,cancelled_late,16.1015,0.0,0,1,30.97766707651317,492.1803750330582,0.11962500866502523,0.011541997082531452,492.3115420388058
pessimistic,250,multistation,8,8,8,t00287-c00070,70,287,10,0,10,True,False,cancelled_late,17.1408,0.0,0,1,52.37449996639043,981.0912499669939,0.030250055715441704,0.02462498378008604,981.1461250064895
pessimistic,250,multistation,8,8,8,t00287-c00117,117,287,3,0,3,True,False,no_show,20.1343,0.0,0,1,268.60070799011737,675.7167499745265,305.4826670559123,0.009082956239581108,981.2084999866784
pessimistic,250,multistation,8,8,8,t00287-c00158,158,287,3,0,3,True,False,satisfied,18.2786,18.4,23,1,268.5555419884622,675.6717080716044,305.52475003059953,0.005916925147175789,981.2023750273511
pessimistic,250,multistation,8,8,8,t00289-c00047,47,289,5,0,5,True,False,satisfied,18.0111,18.2,26,1,195.66841598134488,650.5452080164105,126.94087496493012,0.020542065612971783,777.5066250469536
pessimistic,250,multistation,8,8,8,t00289-c00060,60,289,7,0,7,True,False,cancelled_late,23.9519,0.0,0,1,66.24674994964153,777.4114579660818,0.12683297973126173,0.009875046089291573,777.5481659919024
pessimistic,250,multistation,8,8,8,t00289-c00214,214,289,1,0,1,True,False,satisfied,17.5991,17.6,44,1,238.85158309713006,238.85158309713006,538.7006669770926,0.005207955837249756,777.5574580300599
pessimistic,250,multistation,8,8,8,t00289-c00227,227,289,5,0,5,True,False,cancelled_late,10.5005,0.0,0,1,66.1529169883579,777.3174999747425,0.22487505339086056,0.005416921339929104,777.5477919494733
pessimistic,250,multistation,8,8,8,t00290-c00147,147,290,4,0,4,True,False,satisfied,21.0241,21.5,43,1,126.45949993748218,350.1560839358717,438.3973330259323,0.02095801755785942,788.5743749793619
pessimistic,250,multistation,8,8,8,t00290-c00197,197,290,12,0,12,True,False,cancelled_late,21.8762,0.0,0,1,36.39883396681398,788.4665840538219,0.15645800158381462,0.012332922779023647,788.6353749781847
pessimistic,250,multistation,8,8,8,t00291-c00067,67,291,10,0,10,True,False,satisfied,15.3031,16.0,20,1,62.353041023015976,1756.3763750949875,0.02904096618294716,0.021709012798964977,1756.4271250739694
pessimistic,250,multistation,8,8,8,t00291-c00118,118,291,4,0,4,True,False,cancelled_late,25.0323,0.0,0,1,364.2988330684602,1385.3775000898167,371.0807499010116,0.009500072337687016,1756.467750063166
pessimistic,250,multistation,8,8,8,t00291-c00152,152,291,10,0,10,True,False,cancelled_late,21.2823,0.0,0,1,333.1346670165658,1639.029874932021,117.44362500030547,0.009417068213224411,1756.4829170005396
pessimistic,250,multistation,8,8,8,t00291-c00227,227,291,5,0,5,True,False,satisfied,20.6174,21.0,35,1,62.19395902007818,1756.2173750484362,0.25233393535017967,0.006125075742602348,1756.475834059529
pessimistic,250,multistation,8,8,8,t00291-c00231,231,291,4,0,4,True,False,cancelled_late,19.5601,0.0,0,1,207.99199992325157,797.844749991782,958.6059999419376,0.00558304600417614,1756.4563329797238
pessimistic,250,multistation,8,8,8,t00292-c00060,60,292,5,0,5,True,False,cancelled_late,9.6922,0.0,0,1,22.253916948102415,951.593584031798,60.86245796177536,0.015749945305287838,1012.4717919388786
pessimistic,250,multistation,8,8,8,t00292-c00070,70,292,16,0,16,True,False,cancelled_late,14.5559,0.0,0,1,65.39070804137737,1012.3833750840276,0.14329096302390099,0.013499986380338669,1012.5401660334319
pessimistic,250,multistation,8,8,8,t00293-c00028,28,293,5,0,5,True,False,satisfied,25.7922,26.0,52,1,62.445207964628935,415.93662498053163,0.021415995433926582,0.018249964341521263,415.9762909403071
pessimistic,250,multistation,8,8,8,t00294-c00041,41,294,1,0,1,True,False,satisfied,23.7779,22.5,45,1,558.0851249396801,558.0851249396801,1810.9897919930518,0.01466704998165369,2369.0895839827135
pessimistic,250,multistation,8,8,8,t00294-c00070,70,294,17,0,17,True,False,satisfied,20.278,20.3501,51,1,104.52841606456786,2369.0063750837,0.1218749675899744,0.015208031982183456,2369.143458083272
pessimistic,250,multistation,8,8,8,t00294-c00152,152,294,9,0,9,True,False,satisfied,23.8911,24.0,40,1,557.985124993138,2048.593500046991,320.5413749674335,0.009082956239581108,2369.143957970664
pessimistic,250,multistation,8,8,8,t00294-c00218,218,294,5,0,5,True,False,cancelled_late,14.1075,0.0,0,1,38.25241595041007,2272.690707934089,96.43550007604063,0.006416928954422474,2369.132624939084
pessimistic,250,multistation,8,8,8,t00295-c00060,60,295,3,0,3,True,False,cancelled_late,21.8303,0.0,0,1,42.89949999656528,500.70395902730525,0.022290972992777824,0.015959027223289013,500.7422090275213
pessimistic,250,multistation,8,8,8,t00295-c00118,118,295,1,0,1,True,False,satisfied,15.3799,15.6,26,1,141.71866700053215,141.71866700053215,359.05920795630664,0.007084105163812637,500.7849590620026
pessimistic,250,multistation,8,8,8,t00295-c00197,197,295,3,0,3,True,False,satisfied,24.8623,25.2,36,1,141.66787499561906,446.424207999371,54.345082957297564,0.005749985575675964,500.77504094224423
pessimistic,250,multistation,8,8,8,t00296-c00110,110,296,3,0,3,True,False,satisfied,12.292,12.4,31,1,36.80829098448157,285.92479100916535,0.02829195000231266,0.01650000922381878,285.9695829683915
pessimistic,250,multistation,8,8,8,t00296-c00240,240,296,4,0,4,True,False,satisfied,24.9228,23.2,29,1,59.27979201078415,184.47441700845957,101.52024996932596,0.008292030543088913,286.0029590083286
pessimistic,250,multistation,8,8,8,t00297-c00086,86,297,4,0,4,True,False,satisfied,16.4586,16.5,33,1,167.84537502098829,361.51479196269065,296.926791081205,0.020749983377754688,658.4623330272734
pessimistic,250,multistation,8,8,8,t00297-c00231,231,297,5,0,5,True,False,satisfied,24.1352,22.0,55,1,70.02929202280939,658.353624981828,0.13137503992766142,0.008791917935013771,658.4937919396907
pessimistic,250,multistation,8,8,8,t00298-c00040,40,298,10,0,10,True,False,cancelled_late,22.5662,0.0,0,1,118.67550003807992,2221.6816660948098,75.61112497933209,0.02583395689725876,2297.318625031039
pessimistic,250,multistation,8,8,8,t00298-c00143,143,298,17,0,17,True,False,cancelled_early,25.575,0.0,0,1,118.61612496431917,2297.202874906361,0.18191710114479065,0.012249918654561043,2297.3970419261605
pessimistic,250,multistation,8,8,8,t00298-c00218,218,298,6,0,6,True,False,satisfied,17.3153,17.6,44,1,537.0254169683903,1533.3607079228386,764.0356670599431,0.008291914127767086,2297.4046668969095
pessimistic,250,multistation,8,8,8,t00299-c00040,40,299,3,2,3,True,False,no_show,21.7646,0.0,0,1,1481.1053340090439,1805.429209023714,561.8718329351395,0.01850002445280552,2367.3195419833064
pessimistic,250,multistation,8,8,8,t00299-c00143,143,299,17,0,17,True,False,cancelled_late,24.3937,0.0,0,1,66.19004206731915,1062.668584054336,0.044208019971847534,0.03041699528694153,1062.7432090695947
pessimistic,250,multistation,8,8,8,t00300-c00074,74,300,3,0,3,True,False,satisfied,17.432,18.0,30,1,40.64450005535036,307.2940830606967,0.027125002816319466,0.02616702113300562,307.34737508464605
pessimistic,250,multistation,8,8,8,t00300-c00188,188,300,4,0,4,True,False,cancelled_late,22.3653,0.0,0,1,65.49737509340048,207.6833340106532,99.69820803962648,0.010041985660791397,307.39158403594047
pessimistic,250,multistation,8,8,8,t00301-c00060,60,301,11,0,11,True,False,no_show,24.1358,0.0,0,1,157.87529107183218,993.2902080472559,0.13212498743087053,0.01183303538709879,993.4341660700738
pessimistic,250,multistation,8,8,8,t00302-c00030,30,302,7,0,7,True,False,satisfied,21.2946,21.6,27,1,31.70979197602719,568.9354999922216,0.02487492747604847,0.024084001779556274,568.9844589214772
pessimistic,250,multistation,8,8,8,t00302-c00143,143,302,5,0,5,True,False,cancelled_early,26.4544,0.0,0,1,160.2576250443235,512.9019169835374,56.12304201349616,0.010458054021000862,569.0354170510545
pessimistic,250,multistation,8,8,8,t00303-c00121,121,303,1,0,1,True,False,satisfied,20.7725,18.9,27,1,33.88008300680667,33.88008300680667,71.97587506379932,0.014249933883547783,105.87020800448954
pessimistic,250,multistation,8,8,8,t00303-c00143,143,303,3,0,3,True,False,satisfied,26.6871,17.4,29,1,33.827624982222915,105.77541694510728,0.12149999383836985,0.008042086847126484,105.90495902579278
pessimistic,250,multistation,8,8,8,t00304-c00188,188,304,9,0,9,True,False,cancelled_late,20.2548,0.0,0,1,26.22695895843208,366.1080839810893,0.041874940507113934,0.02070807386189699,366.1706669954583
pessimistic,250,multistation,8,8,8,t00305-c00196,196,305,3,0,3,True,False,satisfied,19.0647,19.2,24,1,27.80562499538064,98.54333300609142,0.03599992487579584,0.014582998119294643,98.5939159290865
pessimistic,250,multistation,8,8,8,t00306-c00188,188,306,7,0,7,True,False,no_show,20.738,0.0,0,1,25.808790931478143,298.6107909819111,0.040499959141016006,0.01858395989984274,298.669874900952
pessimistic,250,multistation,8,8,8,t00307-c00044,44,307,6,0,6,True,False,no_show,22.9039,0.0,0,1,21.978584001772106,349.8889999464154,0.024792039766907692,0.020458013750612736,349.93424999993294
pessimistic,250,multistation,8,8,8,t00309-c00073,73,309,6,0,6,True,False,cancelled_late,21.7671,0.0,0,1,47.65458300244063,236.82358302176,0.027249916456639767,0.017874990589916706,236.86870792880654
pessimistic,250,multistation,8,8,8,t00310-c00073,73,310,9,0,9,True,False,satisfied,26.8085,27.2,34,1,35.13595799449831,1642.1102499589324,54.81362505815923,0.02179096918553114,1696.9456659862772
pessimistic,250,multistation,8,8,8,t00310-c00128,128,310,5,0,5,True,False,satisfied,19.3576,19.6,28,1,309.84904104843736,674.286458059214,1022.6952920202166,0.010165967978537083,1696.9919160474092
pessimistic,250,multistation,8,8,8,t00310-c00137,137,310,14,0,14,True,False,cancelled_early,19.8933,0.0,0,1,73.71045800391585,1696.7922499170527,0.19816600251942873,0.010417075827717781,1697.0008329953998
pessimistic,250,multistation,8,8,8,t00311-c00091,91,311,5,0,5,True,False,cancelled_late,27.2122,0.0,0,1,39.348708000034094,1009.4837500946596,64.12529200315475,0.020499923266470432,1073.6295420210809
pessimistic,250,multistation,8,8,8,t00311-c00137,137,311,14,0,14,True,False,no_show,22.4451,0.0,0,1,84.22820910345763,1073.5271670855582,0.1728750066831708,0.014042016118764877,1073.71408410836
pessimistic,250,multistation,8,8,8,t00312-c00021,21,312,6,0,6,True,False,cancelled_late,24.0338,0.0,0,1,87.1056669857353,737.9972919588909,0.022124964743852615,0.02454104833304882,738.0439579719678
pessimistic,250,multistation,8,8,8,t00313-c00153,153,313,1,0,1,True,False,satisfied,25.8426,26.4,33,1,18.579166964627802,18.579166964627802,0.032540992833673954,0.013209064491093159,18.62491702195257
pessimistic,250,multistation,8,8,8,t00314-c00027,27,314,4,0,4,True,False,satisfied,32.8933,32.9,47,1,150.76566603966057,1187.0208330219612,61.51529203634709,0.014791032299399376,1248.5509160906076
pessimistic,250,multistation,8,8,8,t00314-c00057,57,314,5,0,5,True,False,cancelled_early,15.3934,0.0,0,1,34.20466696843505,1248.4659580513835,0.10483397636562586,0.008790986612439156,1248.5795830143616
pessimistic,250,multistation,8,8,8,t00314-c00091,91,314,5,0,5,True,False,satisfied,27.8357,28.0,40,1,150.67195799201727,1186.9272909825668,61.65404198691249,0.006500049494206905,1248.5878330189735
pessimistic,250,multistation,8,8,8,t00315-c00051,51,315,4,0,4,True,False,satisfied,21.2519,21.6,36,1,510.27824997436255,842.0566660352051,483.69229200761765,0.016832957044243813,1325.765790999867
pessimistic,250,multistation,8,8,8,t00315-c00057,57,315,3,0,3,True,False,no_show,30.013,0.0,0,1,473.25904108583927,1325.6767080165446,0.11670798994600773,0.008167000487446785,1325.801583006978
pessimistic,250,multistation,8,8,8,t00315-c00103,103,315,3,0,3,True,False,satisfied,26.095,24.8,31,1,473.2145000016317,1325.6320420186967,0.15400000847876072,0.005082925781607628,1325.791124952957
pessimistic,250,multistation,8,8,8,t00315-c00111,111,315,4,0,4,True,False,satisfied,17.3995,16.8,24,1,510.14695793855935,841.9254159089178,483.8525000959635,0.005208887159824371,1325.783124892041
pessimistic,250,multistation,8,8,8,t00315-c00182,182,315,5,0,5,True,False,satisfied,25.6816,25.9,37,1,65.77791704330593,1325.5478750215843,0.21712493617087603,0.005292007699608803,1325.7702919654548
pessimistic,250,multistation,8,8,8,t00316-c00225,225,316,16,0,16,True,False,cancelled_late,25.4259,0.0,0,1,92.57304191123694,2067.728125024587,0.04708394408226013,0.02179096918553114,2067.7969999378547
pessimistic,250,multistation,8,8,8,t00317-c00021,21,317,18,0,18,True,False,no_show,13.5854,0.0,0,1,39.56354199908674,947.8671670658514,0.029290909878909588,0.02150004729628563,947.9179580230266
pessimistic,250,multistation,8,8,8,t00318-c00085,85,318,4,0,4,True,False,no_show,20.2276,0.0,0,1,43.91737503465265,212.18749997206032,0.02637505531311035,0.014208955690264702,212.2280839830637
pessimistic,250,multistation,8,8,8,t00319-c00058,58,319,4,0,4,True,False,satisfied,28.8266,25.8,43,1,312.3157079098746,649.787624948658,802.6270000264049,0.020249979570508003,1452.4348749546334
pessimistic,250,multistation,8,8,8,t00319-c00098,98,319,13,0,13,True,False,no_show,18.9936,0.0,0,1,130.79041696619242,1452.3388339439407,0.13358297292143106,0.012417091056704521,1452.4848340079188
pessimistic,250,multistation,8,8,8,t00319-c00249,249,319,5,0,5,True,False,satisfied,32.5702,33.0,66,1,93.15916697960347,1399.294750066474,53.17437497433275,0.0069999368861317635,1452.476124977693
pessimistic,250,multistation,8,8,8,t00320-c00215,215,320,3,0,3,True,False,satisfied,25.2337,25.9,37,1,26.67212497908622,102.24375000689179,0.0387909822165966,0.014666933566331863,102.29720792267472
pessimistic,250,multistation,8,8,8,t00321-c00038,38,321,22,0,22,True,False,satisfied,29.1652,29.6,37,1,42.79837501235306,1301.0066660353914,0.04333397373557091,0.03875000402331352,1301.0887500131503
pessimistic,250,multistation,8,8,8,t00321-c00209,209,321,4,0,4,True,False,cancelled_late,13.6304,0.0,0,1,237.7939160214737,616.4409159682691,684.6925000427291,0.010875053703784943,1301.144291064702
pessimistic,250,multistation,8,8,8,t00322-c00225,225,322,11,0,11,True,False,no_show,21.9449,0.0,0,1,75.11712505947798,956.7352910526097,0.04820898175239563,0.02279097680002451,956.8062910111621
pessimistic,250,multistation,8,8,8,t00323-c00025,25,323,3,0,3,True,False,satisfied,20.6158,20.8,52,1,445.96470799297094,1392.0637499541044,128.31429101061076,0.020459061488509178,1520.3985000262037
pessimistic,250,multistation,8,8,8,t00323-c00122,122,323,6,0,6,True,False,satisfied,24.6794,24.8,62,1,445.90349995996803,1520.2935829292983,0.14187500346451998,0.01033395528793335,1520.4457918880507
pessimistic,250,multistation,8,8,8,t00324-c00096,96,324,4,0,4,True,False,cancelled_late,21.1944,0.0,0,1,696.8389579560608,960.1886249147356,1053.5762920044363,0.036375015042722225,2013.8012919342145
pessimistic,250,multistation,8,8,8,t00324-c00138,138,324,13,0,13,True,False,no_show,23.8293,0.0,0,1,135.21312503144145,2013.675875030458,0.1931249862536788,0.014625024050474167,2013.8836250407621
pessimistic,250,multistation,8,8,8,t00324-c00199,199,324,5,0,5,True,False,satisfied,16.1848,16.4,41,1,50.186124979518354,2013.6265410110354,0.24379196111112833,0.007458031177520752,2013.877791003324
pessimistic,250,multistation,8,8,8,t00326-c00096,96,326,1,0,1,True,False,satisfied,20.896,17.4,29,1,25.66899999510497,25.66899999510497,0.030499999411404133,0.01895800232887268,25.718457996845245
pessimistic,250,multistation,8,8,8,t00327-c00117,117,327,4,0,4,True,False,cancelled_early,19.6443,0.0,0,1,16.76633395254612,200.21187490783632,33.939999993890524,0.017959042452275753,234.16983394417912
pessimistic,250,multistation,8,8,8,t00327-c00168,168,327,3,0,3,True,False,cancelled_early,16.8956,0.0,0,1,39.052541949786246,234.06291694846004,0.14408293645828962,0.007792026735842228,234.21479191165417
pessimistic,250,multistation,8,8,8,t00328-c00117,117,328,1,0,1,True,False,cancelled_late,23.1825,0.0,0,1,25.17291600815952,25.17291600815952,145.83674992900342,0.013292068615555763,171.0229580057785
pessimistic,250,multistation,8,8,8,t00328-c00168,168,328,3,0,3,True,False,no_show,20.1618,0.0,0,1,54.53616695012897,170.93233298510313,0.12762495316565037,0.008124974556267262,171.06808291282505
pessimistic,250,multistation,8,8,8,t00330-c00004,4,330,1,0,1,True,False,no_show,19.4582,0.0,0,1,337.16991695109755,337.16991695109755,1128.946666023694,0.016125035472214222,1466.1327080102637
pessimistic,250,multistation,8,8,8,t00330-c00209,209,330,5,0,5,True,False,cancelled_late,17.5769,0.0,0,1,42.71037504076958,1413.604750065133,52.57354199420661,0.010707997716963291,1466.1890000570565
pessimistic,250,multistation,8,8,8,t00330-c00235,235,330,21,0,21,True,False,cancelled_late,18.5596,0.0,0,1,86.5521669620648,1465.997583931312,0.22058305330574512,0.014708028174936771,1466.2328750127926
pessimistic,250,multistation,8,8,8,t00333-c00011,11,333,4,0,4,True,False,cancelled_early,21.4387,0.0,0,1,49.89533394109458,278.46766693983227,0.023292028345167637,0.01920794602483511,278.5101669142023
pessimistic,250,multistation,8,8,8,t00334-c00011,11,334,8,0,8,True,False,no_show,21.4616,0.0,0,1,185.2357080206275,1339.2238329397514,76.2978340499103,0.02254103310406208,1415.5442080227658
pessimistic,250,multistation,8,8,8,t00334-c00075,75,334,5,0,5,True,False,satisfied,18.0987,18.0,30,1,141.23462501447648,1197.1220419509336,218.4531670063734,0.009541050530970097,1415.584750007838
pessimistic,250,multistation,8,8,8,t00334-c00209,209,334,5,0,5,True,False,no_show,17.2881,0.0,0,1,41.23829200398177,1415.3764999937266,0.19399996381253004,0.007958966307342052,1415.5784589238465
pessimistic,250,multistation,8,8,8,t00334-c00235,235,334,6,0,6,True,False,cancelled_early,19.9076,0.0,0,1,340.4310829937458,1290.3780000051484,125.18649990670383,0.006500049494206905,1415.5709999613464
pessimistic,250,multistation,8,8,8,t00335-c00234,234,335,3,0,3,True,False,satisfied,22.0458,22.2,37,1,15.222041984088719,541.7432920075953,145.85804101079702,0.020666979253292084,687.6219999976456
pessimistic,250,multistation,8,8,8,t00335-c00235,235,335,6,0,6,True,False,satisfied,26.5359,26.5,53,1,83.62666703760624,687.5120420008898,0.149125000461936,0.009958050213754177,687.6711250515655
pessimistic,250,multistation,8,8,8,t00336-c00012,12,336,9,0,9,True,False,satisfied,23.8008,23.4,39,1,103.17408398259431,600.7037920644507,0.02587493509054184,0.020583043806254864,600.7502500433475
pessimistic,250,multistation,8,8,8,t00336-c00117,117,336,3,0,3,True,False,satisfied,13.6074,13.8,23,1,165.41554091963917,428.6582909990102,172.12733393535018,0.008750008419156075,600.7943749427795
pessimistic,250,multistation,8,8,8,t00337-c00195,195,337,2,0,2,True,False,cancelled_late,27.0853,0.0,0,1,63.77333297859877,188.29708290286362,0.04233303479850292,0.029709073714911938,188.36912501137704
pessimistic,250,multistation,8,8,8,t00338-c00195,195,338,14,0,14,True,False,satisfied,28.4949,28.8,72,1,110.58408406097442,2121.7709589982405,0.048083020374178886,0.026667024940252304,2121.845709043555
pessimistic,250,multistation,8,8,8,t00339-c00120,120,339,1,0,1,True,False,no_show,23.0873,0.0,0,1,48.75545797403902,48.75545797403902,0.027292058803141117,0.01820793841034174,48.8009579712525
pessimistic,250,multistation,8,8,8,t00342-c00236,236,342,5,0,5,True,False,satisfied,20.5733,20.8,52,1,49.742290982976556,415.21799995098263,0.043665990233421326,0.019000028260052204,415.2806659694761
pessimistic,250,multistation,8,8,8,t00343-c00052,52,343,2,0,2,True,False,satisfied,16.8465,16.4,41,1,29.727832996286452,75.03637508489192,0.02129189670085907,0.015291036106646061,75.07295801769942
pessimistic,250,multistation,8,8,8,t00347-c00056,56,347,3,0,3,True,False,cancelled_early,15.5792,0.0,0,1,14.554082998074591,388.297124998644,129.03233303222805,0.01420790795236826,517.3436659388244
pessimistic,250,multistation,8,8,8,t00347-c00088,88,347,8,0,8,True,False,satisfied,22.3677,22.8,38,1,59.98658307362348,517.2557909972966,0.1180840190500021,0.010124989785254002,517.3840000061318
pessimistic,250,multistation,8,8,8,t00348-c00056,56,348,3,0,3,True,False,satisfied,17.9197,17.9824,26,1,112.6305409707129,277.3894160054624,94.78633396793157,0.01570803578943014,372.1914580091834
pessimistic,250,multistation,8,8,8,t00348-c00242,242,348,5,0,5,True,False,cancelled_early,20.5129,0.0,0,1,48.86212502606213,372.0830000238493,0.12329197488725185,0.008916016668081284,372.21520801540464
pessimistic,250,multistation,8,8,8,t00349-c00089,89,349,5,0,5,True,False,cancelled_early,22.021,0.0,0,1,87.29574992321432,584.3054580036551,0.026791938580572605,0.01708301715552807,584.3493329593912
pessimistic,250,multistation,8,8,8,t00349-c00188,188,349,3,1,3,True,False,cancelled_early,27.0999,0.0,0,1,718.8847500365227,784.392875037156,629.894582903944,0.006750109605491161,1414.2942080507055
pessimistic,250,multistation,8,8,8,t00349-c00242,242,349,5,0,5,True,False,satisfied,10.3526,10.0,20,1,87.18787506222725,584.1975000221282,0.14500005636364222,0.007791910320520401,584.3502919888124
pessimistic,250,multistation,8,8,8,t00350-c00089,89,350,3,0,3,True,False,satisfied,16.749,16.8,28,1,97.48400002717972,827.9811250977218,0.027791946195065975,0.018457998521625996,828.0273750424385
pessimistic,250,multistation,8,8,8,t00350-c00137,137,350,3,0,3,True,False,cancelled_late,30.1754,0.0,0,1,97.43550000712276,827.9320830479264,0.12287497520446777,0.006625079549849033,828.0615831026807
pessimistic,250,multistation,8,8,8,t00351-c00040,40,351,4,0,4,True,False,cancelled_late,29.1524,0.0,0,1,149.24325002357364,821.9006250146776,0.024916022084653378,0.020124949514865875,821.9456659862772
pessimistic,250,multistation,8,8,8,t00351-c00059,59,351,4,0,4,True,False,satisfied,10.4772,10.8,18,1,149.19416699558496,821.851541986689,0.1360829919576645,0.0076249707490205765,821.9952499493957
pessimistic,250,multistation,8,8,8,t00351-c00188,188,351,1,0,1,True,False,satisfied,27.3386,21.0,30,1,23.25925009790808,23.25925009790808,798.7177079776302,0.005207955837249756,821.9821660313755
pessimistic,250,multistation,8,8,8,t00352-c00211,211,352,5,0,5,True,False,no_show,21.2331,0.0,0,1,35.20045801997185,221.15104203112423,0.038499943912029266,0.020041014067828655,221.2095829891041
pessimistic,250,multistation,8,8,8,t00354-c00060,60,354,14,0,14,True,False,no_show,25.131,0.0,0,1,51.48862500209361,1095.8203329937533,0.03191700670868158,0.022707972675561905,1095.8749579731375
pessimistic,250,multistation,8,8,8,t00354-c00181,181,354,4,0,4,True,False,cancelled_late,18.2265,0.0,0,1,361.40283301938325,625.9772080229595,469.9224999640137,0.008042086847126484,1095.9077500738204
pessimistic,250,multistation,8,8,8,t00355-c00003,3,355,3,0,3,True,False,no_show,25.8202,0.0,0,1,863.7107500107959,2175.7108750753105,0.020916922949254513,0.021292013116180897,2175.753084011376
pessimistic,250,multistation,8,8,8,t00355-c00137,137,355,3,0,3,True,False,cancelled_early,16.1203,0.0,0,1,863.6416249210015,2175.6414578994736,0.1216670498251915,0.007292022928595543,2175.7704169722274
pessimistic,250,multistation,8,8,8,t00355-c00232,232,355,3,0,3,True,False,cancelled_late,22.7991,0.0,0,1,863.5856669861823,2175.5852919304743,0.18108298536390066,0.005332985892891884,2175.771707901731
pessimistic,250,multistation,8,8,8,t00356-c00015,15,356,5,0,5,True,False,no_show,13.1261,0.0,0,1,31.390791991725564,2580.3139170166105,128.19112499710172,0.0160830095410347,2708.5211250232533
pessimistic,250,multistation,8,8,8,t00356-c00040,40,356,16,0,16,True,False,cancelled_early,30.8155,0.0,0,1,116.88391608186066,2708.436958026141,0.11066708248108625,0.012707896530628204,2708.5603330051526
pessimistic,250,multistation,8,8,8,t00356-c00137,137,356,3,0,3,True,False,cancelled_early,22.1055,0.0,0,1,671.7678749701008,1933.404125040397,775.1597500173375,0.006624963134527206,2708.570500020869
pessimistic,250,multistation,8,8,8,t00356-c00181,181,356,4,0,4,True,False,cancelled_early,15.5773,0.0,0,1,751.9610830349848,1420.786458067596,1287.7873750403523,0.006207963451743126,2708.5800410714
pessimistic,250,multistation,8,8,8,t00356-c00183,183,356,4,0,4,True,False,cancelled_late,22.9257,0.0,0,1,751.9247500458732,1420.7500000484288,1287.8211250063032,0.004999921657145023,2708.576124976389
pessimistic,250,multistation,8,8,8,t00356-c00222,222,356,3,0,3,True,False,satisfied,18.907,19.6,28,1,641.0687089664862,1802.3093750234693,906.2546249479055,0.005375011824071407,2708.569374983199
pessimistic,250,multistation,8,8,8,t00357-c00040,40,357,14,0,14,True,False,breakdown,25.4468,0.0,0,1,255.5459999712184,6251.787209068425,0.028749927878379822,0.019208062440156937,6251.8351670587435
pessimistic,250,multistation,8,8,8,t00357-c00044,44,357,5,0,5,True,False,no_show,29.923,0.0,0,1,115.10925006587058,6097.339250030927,154.52179207932204,0.008541974239051342,6251.869584084488
pessimistic,250,multistation,8,8,8,t00357-c00116,116,357,4,0,4,True,False,satisfied,14.863,15.2,38,1,1370.8868749672547,5122.631666017696,1129.2192089604214,0.006500049494206905,6251.857375027612
pessimistic,250,multistation,8,8,8,t00357-c00137,137,357,4,0,4,True,False,satisfied,25.6607,25.8,43,1,1370.8457910688594,5122.590625076555,1129.253457998857,0.005207955837249756,6251.849291031249
pessimistic,250,multistation,8,8,8,t00357-c00169,169,357,17,0,17,True,False,satisfied,20.9472,21.6,27,1,255.3606249857694,6251.601874944754,0.23729202803224325,0.008500064723193645,6251.847667037509
pessimistic,250,multistation,8,8,8,t00357-c00181,181,357,5,0,5,True,False,satisfied,19.28,20.0,25,1,114.93200005497783,6097.162291989662,154.66724999714643,0.004708068445324898,6251.8342500552535
pessimistic,250,multistation,8,8,8,t00357-c00208,208,357,4,0,4,True,False,cancelled_early,19.7407,0.0,0,1,2412.5591659685597,3665.033333003521,2586.7828329792246,0.004750094376504421,6251.820916077122
pessimistic,250,multistation,8,8,8,t00357-c00220,220,357,2,0,2,True,False,cancelled_late,25.4305,0.0,0,1,2160.8296249760315,4884.858250035904,1366.9586669420823,0.004749977961182594,6251.821666955948
pessimistic,250,multistation,8,8,8,t00358-c00208,208,358,1,0,1,True,False,no_show,20.0677,0.0,0,1,143.21937505155802,143.21937505155802,250.71916601154953,0.016417005099356174,393.9549580682069
pessimistic,250,multistation,8,8,8,t00358-c00248,248,358,6,0,6,True,False,cancelled_late,19.7863,0.0,0,1,48.54391689877957,393.8534999033436,0.1228750916197896,0.01033395528793335,393.98670895025134
pessimistic,250,multistation,8,8,8,t00359-c00191,191,359,5,0,5,True,False,satisfied,24.1188,24.5,35,1,182.6284589478746,672.1864170394838,398.80704192910343,0.017750076949596405,1071.0112090455368
pessimistic,250,multistation,8,8,8,t00359-c00248,248,359,17,0,17,True,False,satisfied,16.7649,17.0,34,1,37.15362504590303,1070.9035000763834,0.14037499204277992,0.013708020560443401,1071.0575830889866
pessimistic,250,multistation,8,8,8,t00360-c00057,57,360,14,0,14,True,False,satisfied,33.1887,33.6,42,1,51.07637506444007,1800.8290000725538,0.031542032957077026,0.022416003048419952,1800.8829581085593
pessimistic,250,multistation,8,8,8,t00360-c00192,192,360,3,0,2,True,False,satisfied,16.0053,16.1,23,1,621.564875007607,1097.5133329629898,703.4027919871733,0.00866700429469347,1800.9247919544578
pessimistic,250,multistation,8,8,8,t00360-c00232,232,360,11,0,11,True,False,satisfied,25.3411,25.5,51,1,146.09733293764293,1727.9763750266284,72.94304191600531,0.00958307646214962,1800.9290000190958
pessimistic,250,multistation,8,8,8,t00361-c00098,98,361,1,0,1,True,False,satisfied,24.1703,4.2,7,1,179.76358300074935,179.76358300074935,758.2528330385685,0.01845892984420061,938.034874969162
pessimistic,250,multistation,8,8,8,t00361-c00183,183,361,7,0,7,True,False,cancelled_early,19.167,0.0,0,1,165.04954197444022,785.7994999503717,152.28345908690244,0.012874952517449856,938.0958339897916
pessimistic,250,multistation,8,8,8,t00361-c00205,205,361,6,0,6,True,False,satisfied,22.3503,22.4,56,1,74.37024998944253,937.8920419840142,0.21550001110881567,0.00858306884765625,938.1161250639707
pessimistic,250,multistation,8,8,8,t00362-c00183,183,362,6,0,6,True,False,cancelled_late,20.9586,0.0,0,1,33.280415926128626,326.3264159904793,0.040041981264948845,0.02037500962615013,326.3868329813704
pessimistic,250,multistation,8,8,8,t00363-c00021,21,363,11,0,11,True,False,satisfied,24.8179,25.2,63,1,68.09750001411885,1220.1165419537574,0.027999980375170708,0.02766610123217106,1220.1722080353647
pessimistic,250,multistation,8,8,8,t00364-c00010,10,364,4,0,4,True,False,no_show,28.9934,0.0,0,1,97.72841702215374,384.7041670233011,49.34883303940296,0.02729194238781929,434.0802920050919
pessimistic,250,multistation,8,8,8,t00364-c00136,136,364,1,0,1,True,False,cancelled_early,23.8236,0.0,0,1,21.184542099945247,21.184542099945247,412.9292919533327,0.008207978680729866,434.1220420319587
pessimistic,250,multistation,8,8,8,t00364-c00220,220,364,3,0,3,True,False,cancelled_early,24.3264,0.0,0,1,21.13725000526756,433.91999998129904,0.214375089854002,0.0071249669417738914,434.1415000380948
pessimistic,250,multistation,8,8,8,t00365-c00136,136,365,1,0,1,True,False,satisfied,27.7852,28.0,40,1,140.92999999411404,140.92999999411404,541.716624982655,0.015584053471684456,682.6622090302408
pessimistic,250,multistation,8,8,8,t00365-c00203,203,365,11,0,11,True,False,satisfied,25.7632,25.9,37,1,42.63095906935632,682.5582920573652,0.14629203360527754,0.012832926586270332,682.7174170175567
pessimistic,250,multistation,8,8,8,t00365-c00220,220,365,3,0,3,True,False,cancelled_late,18.9984,0.0,0,1,140.8294999273494,481.43466701731086,201.2730420101434,0.006124959327280521,682.7138339867815
pessimistic,250,multistation,8,8,8,t00366-c00078,78,366,7,0,7,True,False,no_show,17.5375,0.0,0,1,27.677792008034885,291.71066696289927,0.03116705920547247,0.021332991309463978,291.7631670134142
pessimistic,250,multistation,8,8,8,t00367-c00183,183,367,5,0,5,True,False,cancelled_late,20.7111,0.0,0,1,29.924375005066395,226.874333107844,0.03466696944087744,0.017124926671385765,226.92612500395626
pessimistic,250,multistation,8,8,8,t00368-c00166,166,368,7,0,7,True,False,no_show,19.7276,0.0,0,1,27.46454195585102,312.3560829553753,0.03862509038299322,0.02316699828952551,312.41787504404783
pessimistic,250,multistation,8,8,8,t00369-c00085,85,369,11,0,11,True,False,cancelled_late,23.4926,0.0,0,1,45.32704094890505,763.9813750283793,0.032082898542284966,0.022500054910779,764.0359579818323
pessimistic,250,multistation,8,8,8,t00370-c00220,220,370,5,0,5,True,False,cancelled_late,24.2116,0.0,0,1,54.35850005596876,243.01325005944818,0.04241697024554014,0.022000051103532314,243.07766708079726
pessimistic,250,multistation,8,8,8,t00371-c00178,178,371,5,0,5,True,False,satisfied,24.2041,24.5,49,1,90.51304205786437,690.529084065929,0.03783300053328276,0.020458013750612736,690.587375080213
pessimistic,250,multistation,8,8,8,t00371-c00183,183,371,4,0,4,True,False,satisfied,21.8438,22.2,37,1,187.9025000380352,482.7825410757214,207.83145900350064,0.009040930308401585,690.6230410095304
pessimistic,250,multistation,8,8,8,t00372-c00135,135,372,20,0,20,True,False,no_show,16.31,0.0,0,1,27.589666889980435,694.4708329392597,0.04254200030118227,0.022833002731204033,694.5362079422921
pessimistic,250,multistation,8,8,8,t00373-c00085,85,373,14,0,14,True,False,no_show,27.5392,0.0,0,1,73.69283307343721,1337.7478329930454,0.03145798109471798,0.021959072910249233,1337.8012500470504
pessimistic,250,multistation,8,8,8,t00374-c00077,77,374,7,0,7,True,False,no_show,20.366,0.0,0,1,21.235167048871517,289.91920803673565,0.02537504769861698,0.019416911527514458,289.9639999959618
pessimistic,250,multistation,8,8,8,t00375-c00168,168,375,4,0,4,True,False,cancelled_late,19.0279,0.0,0,1,33.09300006367266,189.56212501507252,0.03900006413459778,0.022082938812673092,189.6232080180198
pessimistic,250,multistation,8,8,8,t00376-c00168,168,376,4,0,4,True,False,no_show,18.7173,0.0,0,1,198.47833400126547,409.09916698001325,423.34383295383304,0.019167084246873856,832.4621670180932
pessimistic,250,multistation,8,8,8,t00376-c00220,220,376,12,0,12,True,False,cancelled_late,24.6502,0.0,0,1,49.35933405067772,832.3541251011193,0.14345895033329725,0.013082986697554588,832.5106670381501
pessimistic,250,multistation,8,8,8,t00376-c00238,238,376,6,0,6,True,False,cancelled_early,11.9497,0.0,0,1,13.85524997022003,783.8360830210149,48.686624970287085,0.008333008736371994,832.5310410000384
pessimistic,250,multistation,8,8,8,t00377-c00106,106,377,4,0,4,True,False,cancelled_early,18.344,0.0,0,1,277.0471670664847,605.4797919932753,513.9916670741513,0.018832972273230553,1119.4902920396999
pessimistic,250,multistation,8,8,8,t00377-c00155,155,377,3,0,3,True,False,no_show,19.1792,0.0,0,1,253.05412500165403,898.0146669782698,221.5293749468401,0.008833012543618679,1119.5528749376535
pessimistic,250,multistation,8,8,8,t00377-c00220,220,377,12,0,12,True,False,satisfied,25.442,25.6,32,1,51.595124998129904,1119.3386249942705,0.20708306692540646,0.010082963854074478,1119.55579102505
pessimistic,250,multistation,8,8,8,t00377-c00238,238,377,6,0,6,True,False,satisfied,15.7324,16.0,20,1,14.929042081348598,1067.2064170939848,52.336207940243185,0.00700005330145359,1119.5496250875294
pessimistic,250,multistation,8,8,8,t00378-c00106,106,378,4,0,4,True,False,satisfied,22.0217,22.2,37,1,36.10470797866583,232.91249992325902,0.03316602669656277,0.020959065295755863,232.96662501525134
pessimistic,250,multistation,8,8,8,t00380-c00193,193,380,5,0,5,True,False,no_show,21.4913,0.0,0,1,240.13725004624575,1157.1183339692652,249.50179108418524,0.021916930563747883,1406.6420419840142
pessimistic,250,multistation,8,8,8,t00380-c00209,209,380,5,0,5,True,False,cancelled_late,24.1917,0.0,0,1,41.87187505885959,1406.5217090537772,0.14124996960163116,0.010375049896538258,1406.6733340732753
pessimistic,250,multistation,8,8,8,t00380-c00230,230,380,10,0,10,True,False,no_show,31.32,0.0,0,1,240.03424996044487,1282.3293330147862,124.36012492980808,0.009584007784724236,1406.699041952379
pessimistic,250,multistation,8,8,8,t00381-c00127,127,381,22,0,22,True,False,satisfied,17.921,18.0,36,1,43.80337498150766,1854.2648330330849,0.0439999857917428,0.02562499139457941,1854.3344580102712
pessimistic,250,multistation,8,8,8,t00381-c00225,225,381,4,0,4,True,False,satisfied,28.4207,28.8,72,1,240.9829170210287,1445.1833750354126,409.18695903383195,0.009207986295223236,1854.3795420555398
pessimistic,250,multistation,8,8,8,t00382-c00011,11,382,1,0,1,True,False,satisfied,23.8978,21.5,43,1,37.81025006901473,37.81025006901473,0.02045789733529091,0.013917102478444576,37.844625068828464
pessimistic,250,multistation,8,8,8,t00383-c00097,97,383,3,0,3,True,False,no_show,17.4709,0.0,0,1,413.1190830375999,1560.5830000713468,511.0819999827072,0.02254103310406208,2071.687541087158
pessimistic,250,multistation,8,8,8,t00383-c00175,175,383,12,0,12,True,False,no_show,20.4562,0.0,0,1,112.22825001459569,1943.0925829801708,128.6365840351209,0.012040953151881695,2071.7412079684436
pessimistic,250,multistation,8,8,8,t00383-c00187,187,383,5,0,5,True,False,cancelled_late,18.6102,0.0,0,1,446.45362498704344,807.1254589594901,1264.6047080634162,0.007791910320520401,2071.7379589332268
pessimistic,250,multistation,8,8,8,t00383-c00209,209,383,5,0,5,True,False,cancelled_early,23.1466,0.0,0,1,44.50454097241163,2071.4885409688577,0.25616702623665333,0.0076249707490205765,2071.7523329658434
pessimistic,250,multistation,8,8,8,t00384-c00004,4,384,1,0,1,True,False,satisfied,28.6113,20.5,41,1,143.27683299779892,143.27683299779892,1018.5031670844182,0.017832964658737183,1161.797833046876
pessimistic,250,multistation,8,8,8,t00384-c00039,39,384,5,0,5,True,False,cancelled_late,26.1518,0.0,0,1,196.6800419613719,829.2983339633793,332.53441599663347,0.01091696321964264,1161.8436669232324
pessimistic,250,multistation,8,8,8,t00384-c00071,71,384,5,0,5,True,False,satisfied,21.5837,21.6,27,1,297.3104160046205,1052.5586659787223,109.29199995007366,0.0076669966802001,1161.8583329254761
pessimistic,250,multistation,8,8,8,t00384-c00146,146,384,2,0,2,True,False,satisfied,21.8226,22.0,44,1,143.12545908614993,996.2125840829685,165.62604100909084,0.005624955520033836,1161.8442500475794
pessimistic,250,multistation,8,8,8,t00384-c00209,209,384,5,0,5,True,False,no_show,22.4003,0.0,0,1,43.11983298975974,1161.56416607555,0.2615000121295452,0.006583984941244125,1161.8322500726208
pessimistic,250,multistation,8,8,8,t00386-c00039,39,386,7,0,7,True,False,no_show,12.4583,0.0,0,1,495.5995000200346,1177.2078330395743,308.9769169455394,0.02720800694078207,1486.2119579920545
pessimistic,250,multistation,8,8,8,t00386-c00120,120,386,5,0,5,True,False,satisfied,28.8794,29.4,49,1,162.80966601334512,1486.1022910336033,0.15133398119360209,0.00995793379843235,1486.2635829485953
pessimistic,250,multistation,8,8,8,t00386-c00187,187,386,9,0,9,True,False,satisfied,16.2183,16.5,33,1,162.76433307211846,1486.0566250281408,0.20762498024851084,0.00900006853044033,1486.2732500769198
pessimistic,250,multistation,8,8,8,t00388-c00036,36,388,3,0,3,True,False,satisfied,18.1287,18.5,37,1,49.66124997008592,161.52187495026737,0.020791077986359596,0.01650000922381878,161.55916603747755
pessimistic,250,multistation,8,8,8,t00389-c00001,1,389,11,0,11,True,False,cancelled_early,25.1905,0.0,0,1,105.58620793744922,1718.833375023678,52.745332941412926,0.01979200169444084,1771.5984999667853
pessimistic,250,multistation,8,8,8,t00389-c00180,180,389,14,0,14,True,False,satisfied,19.5936,19.8,33,1,37.02162497211248,1771.4882920263335,0.16604189295321703,0.012541073374450207,1771.6668749926612
pessimistic,250,multistation,8,8,8,t00390-c00001,1,390,14,0,14,True,False,cancelled_late,32.9012,0.0,0,1,141.82241703383625,3512.7815830055624,0.02716702874749899,0.025999965146183968,3512.834749999456
pessimistic,250,multistation,8,8,8,t00390-c00148,148,390,7,0,7,True,False,satisfied,23.5437,24.0,30,1,904.3499999679625,3212.0462079765275,300.84570799954236,0.00966701190918684,3512.901582987979
pessimistic,250,multistation,8,8,8,t00391-c00138,138,391,7,0,7,True,False,satisfied,27.6226,28.0,70,1,83.88008398469537,981.2679589958861,0.03687501884996891,0.024833017960190773,981.3296670326963
pessimistic,250,multistation,8,8,8,t00392-c00015,15,392,1,0,1,True,False,no_show,27.9633,0.0,0,1,27.584875002503395,27.584875002503395,0.01725007314234972,0.0126248924061656,27.61474996805191
pessimistic,250,multistation,8,8,8,t00393-c00001,1,393,18,0,18,True,False,cancelled_early,25.3098,0.0,0,1,45.98762502428144,1993.3437500149012,0.031000003218650818,0.028333044610917568,1993.4030830627307
pessimistic,250,multistation,8,8,8,t00394-c00001,1,394,6,0,6,True,False,no_show,23.9767,0.0,0,1,59.94979199022055,707.820791983977,0.021417043171823025,0.0226249685510993,707.8648339956999
pessimistic,250,multistation,8,8,8,t00395-c00000,0,395,3,0,3,True,False,no_show,19.6036,0.0,0,1,104.0818749461323,1148.7074579345062,0.018459046259522438,0.018832972273230553,1148.744749953039
pessimistic,250,multistation,8,8,8,t00395-c00066,66,395,4,0,3,True,False,satisfied,14.0011,14.7,21,1,219.5204159943387,1117.3376659862697,31.434000004082918,0.009709037840366364,1148.781375028193
pessimistic,250,multistation,8,8,8,t00395-c00082,82,395,3,0,3,True,False,satisfied,24.6479,24.8,62,1,45.31512502580881,1117.2928749583662,31.48166707251221,0.0069999368861317635,1148.7815419677645
pessimistic,250,multistation,8,8,8,t00395-c00211,211,395,2,0,2,True,False,no_show,28.3069,0.0,0,1,45.25995801668614,1117.2378329792991,31.523916986770928,0.005500041879713535,1148.7672500079498
pessimistic,250,multistation,8,8,8,t00396-c00134,134,396,3,0,3,True,False,satisfied,16.8486,17.4,29,1,105.45508307404816,334.33108299504966,126.45312503445894,0.019959057681262493,460.80416708718985
pessimistic,250,multistation,8,8,8,t00396-c00162,162,396,5,0,5,True,False,cancelled_late,24.673,0.0,0,1,30.91100009623915,460.7009160099551,0.12900005094707012,0.009624985978007317,460.8395410468802
pessimistic,250,multistation,8,8,8,t00398-c00045,45,398,3,0,3,True,False,cancelled_early,27.624,0.0,0,1,215.4556659515947,616.8901659548283,86.69187501072884,0.020209001377224922,703.6022499669343
pessimistic,250,multistation,8,8,8,t00398-c00114,114,398,6,0,6,True,False,satisfied,26.4236,26.6,38,1,23.579166969284415,703.5043330397457,0.15808397438377142,0.010457937605679035,703.6728749517351
pessimistic,250,multistation,8,8,8,t00399-c00003,3,399,2,0,2,True,False,no_show,27.8214,0.0,0,1,508.62691702786833,1266.3186250720173,694.4587499601766,0.015874975360929966,1960.793250007555
pessimistic,250,multistation,8,8,8,t00399-c00045,45,399,1,0,1,True,False,satisfied,25.7889,19.2,48,1,1370.7142079947516,1370.7142079947516,590.105792041868,0.0077909789979457855,1960.8277910156175
pessimistic,250,multistation,8,8,8,t00399-c00078,78,399,3,0,3,True,False,satisfied,16.0449,16.2,27,1,579.5907919527963,1370.6676249857992,590.1523750508204,0.0069999368861317635,1960.8269999735057
pessimistic,250,multistation,8,8,8,t00399-c00109,109,399,14,0,14,True,False,cancelled_late,15.0273,0.0,0,1,24.733791942708194,1869.4635829888284,91.35899995453656,0.011041993275284767,1960.8336249366403
pessimistic,250,multistation,8,8,8,t00399-c00162,162,399,14,0,14,True,False,cancelled_late,24.7487,0.0,0,1,87.01112493872643,1960.5589580023661,0.2824169350787997,0.009333016350865364,1960.8507079537958
pessimistic,250,multistation,8,8,8,t00401-c00123,123,401,3,0,3,True,False,no_show,16.7392,0.0,0,1,40.440125041641295,202.7292080456391,0.02845900598913431,0.015915953554213047,202.77358300518245
pessimistic,250,multistation,8,8,8,t00401-c00135,135,401,3,0,2,True,False,satisfied,18.9697,19.6,28,1,40.39020894560963,183.7076669326052,19.090792047791183,0.008375034667551517,202.80683401506394
pessimistic,250,multistation,8,8,8,t00402-c00162,162,402,5,0,5,True,False,satisfied,32.394,32.5,65,1,60.5183329898864,800.010957987979,0.03658398054540157,0.02129108179360628,800.0688330503181
pessimistic,250,multistation,8,8,8,t00402-c00221,221,402,5,0,5,True,False,satisfied,26.0036,26.6,38,1,159.42495793569833,604.8943329369649,195.2169999713078,0.010542105883359909,800.1218750141561
pessimistic,250,multistation,8,8,8,t00403-c00109,109,403,6,0,6,True,False,cancelled_early,14.2428,0.0,0,1,23.465042002499104,243.39429195970297,0.031125033274292946,0.02295803278684616,243.4483750257641
pessimistic,250,multistation,8,8,8,t00404-c00032,32,404,3,0,2,True,False,cancelled_late,20.9246,0.0,0,1,130.87125006131828,245.56641606613994,141.5510840015486,0.018166028894484043,387.135666096583
pessimistic,250,multistation,8,8,8,t00404-c00109,109,404,9,0,9,True,False,satisfied,13.279,13.0,26,1,22.830249974504113,387.0385829359293,0.15945802442729473,0.01237494871020317,387.2104159090668
pessimistic,250,multistation,8,8,8,t00405-c00032,32,405,8,0,7,True,False,no_show,18.5365,0.0,0,1,249.2682090960443,980.1204170798883,0.02529192715883255,0.021583051420748234,980.1672920584679
pessimistic,250,multistation,8,8,8,t00405-c00072,72,405,5,0,5,True,False,satisfied,22.4092,23.1,33,1,26.626207982189953,737.1236250037327,243.07654204312712,0.010416028089821339,980.2105830749497
pessimistic,250,multistation,8,8,8,t00405-c00098,98,405,7,0,7,True,False,satisfied,21.2002,21.6,36,1,68.00483400002122,923.9201670279726,56.286292034201324,0.008916016668081284,980.215375078842
pessimistic,250,multistation,8,8,8,t00406-c00172,172,406,6,0,6,True,False,no_show,20.4737,0.0,0,1,18.37720791809261,184.6556249074638,0.03704207483679056,0.018249964341521263,184.7109169466421
pessimistic,250,multistation,8,8,8,t00407-c00087,87,407,5,0,5,True,False,no_show,28.3325,0.0,0,1,115.09187496267259,370.61379093211144,0.028709066100418568,0.01908291596919298,370.66158291418105
pessimistic,250,multistation,8,8,8,t00407-c00171,171,407,1,0,1,True,False,cancelled_late,23.9388,0.0,0,1,127.65766691882163,127.65766691882163,243.02950000856072,0.0072499969974160194,370.69441692437977
pessimistic,250,multistation,8,8,8,t00408-c00060,60,408,5,0,5,True,False,breakdown,32.2238,0.0,0,1,39.961707894690335,398.9486249629408,0.02662499900907278,0.024458044208586216,398.99970800615847
pessimistic,250,multistation,8,8,8,t00409-c00077,77,409,14,0,14,True,False,satisfied,28.8237,29.4,49,1,61.71804200857878,1368.8869170146063,0.034207943826913834,0.0213750172406435,1368.9424999756739
pessimistic,250,multistation,8,8,8,t00409-c00131,131,409,1,0,1,True,False,no_show,17.617,0.0,0,1,452.4390830192715,452.4390830192715,916.5347079979256,0.008584000170230865,1368.9823750173673
pessimistic,250,multistation,8,8,8,t00409-c00165,165,409,7,0,7,True,False,satisfied,24.0485,23.8,34,1,393.98079202510417,1034.3926249770448,334.57891701254994,0.008458038792014122,1368.9800000283867
pessimistic,250,multistation,8,8,8,t00410-c00159,159,410,1,0,1,True,False,satisfied,20.811,12.4,31,1,35.67683300934732,35.67683300934732,288.54891704395413,0.020249979570508003,324.24600003287196
pessimistic,250,multistation,8,8,8,t00410-c00166,166,410,6,0,6,True,False,no_show,27.5594,0.0,0,1,35.625583957880735,324.14149993564934,0.1394590362906456,0.011458061635494232,324.2924170335755
pessimistic,250,multistation,8,8,8,t00412-c00174,174,412,5,0,5,True,False,satisfied,19.2203,19.8,33,1,56.59462499897927,225.49791692290455,0.03658304922282696,0.017083948478102684,225.55158392060548
pessimistic,250,multistation,8,8,8,t00412-c00228,228,412,1,0,1,True,False,no_show,21.9348,0.0,0,1,68.38558299932629,68.38558299932629,157.19258307944983,0.006875023245811462,225.58504110202193
pessimistic,250,multistation,8,8,8,t00413-c00247,247,413,4,0,4,True,False,satisfied,18.7753,18.9,27,1,41.617332957684994,169.38795801252127,0.04545797128230333,0.019208993762731552,169.4526249775663
pessimistic,250,multistation,8,8,8,t00414-c00013,13,414,1,0,1,True,False,cancelled_late,21.4991,0.0,0,1,49.621583078987896,49.621583078987896,824.5759169803932,0.01570803578943014,874.2132080951706
pessimistic,250,multistation,8,8,8,t00414-c00022,22,414,3,0,3,True,False,satisfied,16.3839,16.8,21,1,126.80975010152906,874.1293750936165,0.12420793063938618,0.00825000461190939,874.2618330288678
pessimistic,250,multistation,8,8,8,t00414-c00140,140,414,3,0,3,True,False,no_show,18.6327,0.0,0,1,126.75279204268008,874.0725839743391,0.1706660259515047,0.005417037755250931,874.2486670380458
pessimistic,250,multistation,8,8,8,t00414-c00157,157,414,5,0,4,True,False,cancelled_late,12.8252,0.0,0,1,37.27233305107802,841.255999985151,32.97441697213799,0.005915993824601173,874.2363329511136
pessimistic,250,multistation,8,8,8,t00415-c00014,14,415,18,0,18,True,False,no_show,21.1837,0.0,0,1,21.46937500219792,1286.2920420011505,0.029582995921373367,0.022332998923957348,1286.3439579959959
pessimistic,250,multistation,8,8,8,t00415-c00090,90,415,12,0,11,True,False,satisfied,20.456,21.0,30,1,313.93637508153915,1186.8797920178622,99.49395805597305,0.010791933164000511,1286.3845420069993
pessimistic,250,multistation,8,8,8,t00415-c00210,210,415,4,1,3,True,False,no_show,24.6326,0.0,0,1,1483.6505419807509,1762.2889169724658,55.11779198423028,0.005333102308213711,1817.4120420590043
pessimistic,250,multistation,8,8,8,t00416-c00126,126,416,3,0,3,True,False,no_show,24.1688,0.0,0,1,72.98987498506904,474.1224169265479,54.94554201141,0.018874998204410076,529.0868339361623
pessimistic,250,multistation,8,8,8,t00416-c00177,177,416,6,0,6,True,False,satisfied,16.4499,16.8,28,1,22.269041975960135,528.9831249974668,0.1260419376194477,0.009124982170760632,529.118291917257
pessimistic,250,multistation,8,8,8,t00416-c00184,184,416,4,0,4,True,False,satisfied,23.5753,24.0,30,1,136.15683396346867,349.1719999583438,179.93758397642523,0.0070410314947366714,529.1166249662638
pessimistic,250,multistation,8,8,8,t00417-c00208,208,417,4,0,4,True,False,satisfied,29.6658,30.0,75,1,150.37216700147837,784.659625031054,0.04233396612107754,0.019458006136119366,784.7214170033112
pessimistic,250,multistation,8,8,8,t00418-c00039,39,418,5,0,5,True,False,no_show,17.8452,0.0,0,1,49.44020800758153,453.8082079961896,0.024499953724443913,0.020042061805725098,453.85275001171976
pessimistic,250,multistation,8,8,8,t00418-c00168,168,418,4,0,4,True,False,cancelled_late,21.628,0.0,0,1,120.0399169465527,388.0687919445336,65.80620806198567,0.009082956239581108,453.88408296275884
pessimistic,250,multistation,8,8,8,t00419-c00155,155,419,4,0,4,True,False,satisfied,18.9303,19.0,38,1,15.357833006419241,128.8906669942662,0.03316602669656277,0.017749960534274578,128.94158298149705
pessimistic,250,multistation,8,8,8,t00420-c00044,44,420,1,0,1,True,False,satisfied,32.8609,17.0,34,1,79.43558297120035,79.43558297120035,303.68533299770206,0.014833989553153515,383.13574995845556
pessimistic,250,multistation,8,8,8,t00420-c00157,157,420,8,0,8,True,False,no_show,18.3046,0.0,0,1,22.838916047476232,383.0425830092281,0.11716701555997133,0.011165975593030453,383.1709160003811
pessimistic,250,multistation,8,8,8,t00420-c00206,206,420,3,0,3,True,False,satisfied,19.296,18.4,23,1,105.8427079115063,299.36183290556073,83.79295805934817,0.006124959327280521,383.1609159242362
pessimistic,250,multistation,8,8,8,t00422-c00168,168,422,4,0,4,True,False,satisfied,26.0931,26.4,44,1,143.09016696643084,514.483583974652,522.5719580193982,0.020832987502217293,1037.0763749815524
pessimistic,250,multistation,8,8,8,t00422-c00193,193,422,10,0,10,True,False,cancelled_late,31.9215,0.0,0,1,43.520000064745545,1036.9699590373784,0.15304097905755043,0.012499978765845299,1037.1354999952018
pessimistic,250,multistation,8,8,8,t00423-c00244,244,423,5,0,5,True,False,satisfied,29.6296,30.0,50,1,82.55987497977912,367.5484589766711,0.044791027903556824,0.01979200169444084,367.6130420062691
pessimistic,250,multistation,8,8,8,t00424-c00010,10,424,5,0,5,True,False,cancelled_late,35.246,0.0,0,1,114.80766604654491,983.0728330416605,0.022292020730674267,0.02345792017877102,983.1185829825699
pessimistic,250,multistation,8,8,8,t00424-c00179,179,424,5,0,5,True,False,cancelled_late,21.7934,0.0,0,1,114.73316606134176,982.9987500561401,0.15433295629918575,0.00866700429469347,983.161750016734
pessimistic,250,multistation,8,8,8,t00427-c00042,42,427,3,0,3,True,False,cancelled_early,28.1818,0.0,0,1,1109.133416088298,1758.1885000690818,210.50079097039998,0.022500054910779,1968.7117910943925
pessimistic,250,multistation,8,8,8,t00427-c00193,193,427,6,0,6,True,False,satisfied,28.1068,28.7,41,1,524.1483330028132,1968.6045410344377,0.1723339082673192,0.01025001984089613,1968.787124962546
pessimistic,250,multistation,8,8,8,t00427-c00230,230,427,5,0,5,True,False,cancelled_late,34.2398,0.0,0,1,524.1027500014752,1968.559040920809,0.219042063690722,0.006832997314631939,1968.7849159818143
pessimistic,250,multistation,8,8,8,t00427-c00239,239,427,5,0,5,True,False,no_show,23.5447,0.0,0,1,524.0621250122786,1758.0409579677507,210.73741698637605,0.005875015631318092,1968.784249969758
pessimistic,250,multistation,8,8,8,t00428-c00042,42,428,3,0,3,True,False,satisfied,30.5412,31.0,62,1,83.03862507455051,279.73675006069243,0.02383394166827202,0.01950003206729889,279.780084034428
pessimistic,250,multistation,8,8,8,t00430-c00010,10,430,6,0,6,True,False,cancelled_early,34.4361,0.0,0,1,66.54070795048028,616.1805409938097,0.02037500962615013,0.017249956727027893,616.2181659601629
pessimistic,250,multistation,8,8,8,t00430-c00171,171,430,3,0,3,True,False,no_show,26.9228,0.0,0,1,202.59170909412205,456.019000033848,160.2339999517426,0.008542090654373169,616.261542076245
pessimistic,250,multistation,8,8,8,t00431-c00010,10,431,6,0,6,True,False,no_show,22.45,0.0,0,1,35.97437508869916,676.1440410045907,0.021000043489038944,0.021875021047890186,676.1869160691276
pessimistic,250,multistation,8,8,8,t00431-c00179,179,431,5,0,5,True,False,cancelled_late,26.8108,0.0,0,1,198.01920803729445,592.5682910019532,83.6481669684872,0.009375042282044888,676.2258330127224
pessimistic,250,multistation,8,8,8,t00432-c00179,179,432,11,0,11,True,False,cancelled_early,19.0604,0.0,0,1,38.573666010051966,2266.8799579842016,0.041624996811151505,0.022541964426636696,2266.9441249454394
pessimistic,250,multistation,8,8,8,t00432-c00223,223,432,4,0,4,True,False,cancelled_late,23.3091,0.0,0,1,161.30920907016844,1819.4864171091467,447.5131669314578,0.009790994226932526,2267.0093750348315
pessimistic,250,multistation,8,8,8,t00432-c00230,230,432,5,0,5,True,False,cancelled_late,30.7777,0.0,0,1,161.2681249389425,1819.4450419396162,447.5656249560416,0.006458023563027382,2267.017124919221
pessimistic,250,multistation,8,8,8,t00433-c00179,179,433,3,0,3,True,False,satisfied,26.1503,26.0,52,1,48.55758405756205,415.44495907146484,0.04029099363833666,0.02570892684161663,415.5109589919448
pessimistic,250,multistation,8,8,8,t00433-c00230,230,433,4,0,4,True,False,no_show,25.6663,0.0,0,1,77.58162496611476,232.05408290959895,183.50029201246798,0.009707990102469921,415.5640829121694
pessimistic,250,multistation,8,8,8,t00434-c00084,84,434,3,0,3,True,False,satisfied,23.8524,24.4216,35,1,563.1657080957666,1952.9755000257865,216.38191596139222,0.019709113985300064,2169.377125101164
pessimistic,250,multistation,8,8,8,t00434-c00102,102,434,4,0,4,True,False,no_show,16.4707,0.0,0,1,223.4370419755578,978.3173339674249,1191.0909580765292,0.009707990102469921,2169.4180000340566
pessimistic,250,multistation,8,8,8,t00434-c00113,113,434,5,0,5,True,False,no_show,18.2406,0.0,0,1,48.39683300815523,2169.233874999918,0.17175008542835712,0.007999944500625134,2169.413625029847
pessimistic,250,multistation,8,8,8,t00434-c00190,190,434,6,0,6,True,False,satisfied,16.6208,17.0,34,1,223.34204195067286,2058.048459002748,111.34633293841034,0.006542075425386429,2169.401334016584
pessimistic,250,multistation,8,8,8,t00434-c00201,201,434,3,0,3,True,False,no_show,21.9544,0.0,0,1,172.47600003611296,1986.0779580194503,183.3057920448482,0.005582929588854313,2169.3893329938874
pessimistic,250,multistation,8,8,8,t00434-c00216,216,434,5,0,5,True,False,cancelled_late,13.4259,0.0,0,1,172.43650008458644,1986.0384589992464,183.33229108247906,0.005375011824071407,2169.3761250935495
pessimistic,250,multistation,8,8,8,t00434-c00241,241,434,1,0,1,True,False,satisfied,13.929,6.6,11,1,117.64266598038375,117.64266598038375,2051.716292044148,0.004749977961182594,2169.363708002493
pessimistic,250,multistation,8,8,8,t00435-c00067,67,435,4,0,4,True,False,no_show,17.2703,0.0,0,1,15.845624962821603,93.81283295806497,0.0278339721262455,0.02808310091495514,93.86875003110617
pessimistic,250,multistation,8,8,8,t00436-c00131,131,436,3,0,3,True,False,cancelled_early,20.1959,0.0,0,1,202.00462499633431,476.769041037187,401.6517089912668,0.01720793079584837,878.4379579592496
pessimistic,250,multistation,8,8,8,t00436-c00160,160,436,21,0,21,True,False,satisfied,17.6798,18.2,26,1,29.205000028014183,878.3350420417264,0.15958305448293686,0.016000005416572094,878.5106251016259
pessimistic,250,multistation,8,8,8,t00437-c00097,97,437,4,0,4,True,False,satisfied,21.9409,22.0,55,1,1281.9398749852553,3591.8036670191213,195.82575000822544,0.01908303238451481,3787.6485000597313
pessimistic,250,multistation,8,8,8,t00437-c00131,131,437,3,0,3,True,False,satisfied,25.8187,25.9,37,1,487.82000003848225,3591.7527499841526,195.93262497801334,0.008750008419156075,3787.694124970585
pessimistic,250,multistation,8,8,8,t00437-c00209,209,437,11,0,11,True,False,satisfied,28.8206,29.0,58,1,179.14741695858538,3787.497750017792,0.1908330013975501,0.010499963536858559,3787.6990829827264
pessimistic,250,multistation,8,8,8,t00437-c00216,216,437,5,0,5,True,False,cancelled_late,17.4192,0.0,0,1,60.4349160566926,3591.6605410166085,196.0249999538064,0.006625079549849033,3787.6921660499647
pessimistic,250,multistation,8,8,8,t00437-c00223,223,437,7,0,7,True,False,cancelled_early,24.4806,0.0,0,1,645.942792063579,3717.412458965555,70.28087507933378,0.006707967258989811,3787.7000420121476
pessimistic,250,multistation,8,8,8,t00438-c00006,6,438,5,0,5,True,False,no_show,22.7659,0.0,0,1,122.14137497358024,2492.8398750489578,63.359999912790954,0.016958103515207767,2556.216833065264
pessimistic,250,multistation,8,8,8,t00438-c00032,32,438,14,0,14,True,False,cancelled_early,26.5163,0.0,0,1,167.69754199776798,2556.128083029762,0.12370897457003593,0.012916047126054764,2556.264708051458
pessimistic,250,multistation,8,8,8,t00438-c00033,33,438,4,0,4,True,False,cancelled_early,21.4642,0.0,0,1,392.25645805709064,2063.8906670501456,492.3807909945026,0.006833928637206554,2556.2782919732854
pessimistic,250,multistation,8,8,8,t00438-c00164,164,438,6,0,6,True,False,no_show,18.5729,0.0,0,1,637.5602500047535,1606.7341250600293,949.532457976602,0.007166992872953415,2556.2737500295043
pessimistic,250,multistation,8,8,8,t00438-c00175,175,438,5,0,5,True,False,no_show,22.1869,0.0,0,1,121.9495419645682,2492.6479590358213,63.60999995376915,0.005332985892891884,2556.2632919754833
pessimistic,250,multistation,8,8,8,t00438-c00223,223,438,2,1,2,True,False,cancelled_early,27.2999,0.0,0,1,2626.955874962732,2912.339541944675,83.98837503045797,0.006624963134527206,2996.3345419382676
pessimistic,250,multistation,8,8,8,t00439-c00032,32,439,4,0,4,True,False,satisfied,22.1598,22.4,32,1,68.96816694643348,354.352124966681,83.824333967641,0.019791070371866226,438.19625000469387
pessimistic,250,multistation,8,8,8,t00439-c00033,33,439,4,0,4,True,False,no_show,27.4829,0.0,0,1,20.60866600368172,438.1074160337448,0.13154197949916124,0.009292038157582283,438.24825005140156
pessimistic,250,multistation,8,8,8,t00440-c00013,13,440,9,0,9,True,False,satisfied,19.9997,20.4,34,1,38.28750003594905,1104.7340839868411,0.025333021767437458,0.020125065930187702,1104.7795420745388
pessimistic,250,multistation,8,8,8,t00440-c00085,85,440,1,0,1,True,False,satisfied,34.6593,26.0,52,1,326.0929579846561,326.0929579846561,778.7167499773204,0.0077500008046627045,1104.8174579627812
pessimistic,250,multistation,8,8,8,t00440-c00223,223,440,4,0,4,True,False,no_show,28.986,0.0,0,1,109.41558401100338,995.4521670006216,109.35475002042949,0.006875023245811462,1104.8137920442969
pessimistic,250,multistation,8,8,8,t00441-c00029,29,441,3,0,3,True,False,cancelled_early,22.5715,0.0,0,1,21.16062503773719,228.69395895395428,0.02229108940809965,0.017291982658207417,228.7335420260206
pessimistic,250,multistation,8,8,8,t00441-c00081,81,441,4,0,4,True,False,no_show,26.8945,0.0,0,1,37.47054107952863,160.67525011021644,68.1030829437077,0.009916955605149269,228.7882500095293
pessimistic,250,multistation,8,8,8,t00442-c00029,29,442,4,0,4,True,False,satisfied,13.5038,14.0,20,1,566.3440830539912,1265.5631670495495,0.024041044525802135,0.01858395989984274,1265.6057920539752
pessimistic,250,multistation,8,8,8,t00442-c00063,63,442,5,0,5,True,False,satisfied,15.1206,15.5,31,1,566.2912919651717,1265.5103330034763,0.1318750437349081,0.00925001222640276,1265.6514580594376
pessimistic,250,multistation,8,8,8,t00442-c00216,216,442,3,0,3,True,False,cancelled_early,24.0768,0.0,0,1,566.2329170154408,1265.4522500233725,0.18562504556030035,0.005999929271638393,1265.6438749982044
pessimistic,250,multistation,8,8,8,t00443-c00110,110,443,1,0,1,True,False,satisfied,15.0368,15.2,38,1,66.89170806203038,66.89170806203038,414.860500022769,0.017083948478102684,481.76929203327745
pessimistic,250,multistation,8,8,8,t00443-c00172,172,443,5,0,5,True,False,cancelled_early,20.7538,0.0,0,1,34.33891700115055,481.670374982059,0.13212498743087053,0.010124989785254002,481.8126249592751
pessimistic,250,multistation,8,8,8,t00443-c00216,216,443,3,0,3,True,False,cancelled_late,25.5806,0.0,0,1,173.56091598048806,481.6248749848455,0.1912500010803342,0.005915993824601173,481.82204097975045
pessimistic,250,multistation,8,8,8,t00444-c00172,172,444,5,0,5,True,False,satisfied,24.419,24.8,31,1,36.94395802449435,423.55429101735353,0.03687501884996891,0.01804193016141653,423.6092079663649
pessimistic,250,multistation,8,8,8,t00444-c00211,211,444,3,0,3,True,False,satisfied,30.5252,29.4,42,1,143.94545799586922,423.5013750148937,0.13950001448392868,0.008041039109230042,423.64891606848687
pessimistic,250,multistation,8,8,8,t00445-c00086,86,445,5,0,5,True,False,cancelled_late,13.6133,0.0,0,1,28.03670905996114,168.2274170452729,0.026708003133535385,0.020709005184471607,168.2748340535909
pessimistic,250,multistation,8,8,8,t00446-c00023,23,446,4,0,4,True,False,no_show,23.6098,0.0,0,1,384.63525008410215,1629.74495801609,437.3045420506969,0.01862493809312582,2067.06812500488
pessimistic,250,multistation,8,8,8,t00446-c00086,86,446,5,0,5,True,False,satisfied,19.5588,19.5,39,1,45.25424994062632,2066.971124964766,0.13179099187254906,0.010167015716433525,2067.113082972355
pessimistic,250,multistation,8,8,8,t00446-c00123,123,446,7,0,7,True,False,cancelled_late,26.5658,0.0,0,1,250.45337493065745,1908.1198750063777,158.99112494662404,0.009333016350865364,2067.1203329693526
pessimistic,250,multistation,8,8,8,t00446-c00204,204,446,11,0,11,True,False,satisfied,16.9439,17.6,22,1,283.9412080356851,1974.5409999741241,92.58900000713766,0.010124989785254002,2067.140124971047
pessimistic,250,multistation,8,8,8,t00446-c00216,216,446,4,0,4,True,False,cancelled_late,18.648,0.0,0,1,177.80529195442796,1809.0888749575242,258.0394169781357,0.005708076059818268,2067.1340000117198
pessimistic,250,multistation,8,8,8,t00448-c00068,68,448,5,0,5,True,False,satisfied,13.2613,13.8,23,1,22.05620799213648,129.89191606175154,0.022916938178241253,0.018583028577268124,129.93341602850705
pessimistic,250,multistation,8,8,8,t00449-c00000,0,449,12,0,12,True,False,no_show,29.1063,0.0,0,1,113.38100000284612,1887.9341250285506,0.024124979972839355,0.022541964426636696,1887.98079197295
pessimistic,250,multistation,8,8,8,t00450-c00003,3,450,4,0,4,True,False,breakdown,30.3988,0.0,0,1,623.5249590827152,1604.1302920784801,772.2661669831723,0.025290995836257935,2376.4217500574887
pessimistic,250,multistation,8,8,8,t00450-c00014,14,450,1,0,1,True,False,satisfied,21.6043,20.0,25,1,623.4743749955669,623.4743749955669,1752.9774580616504,0.0069999368861317635,2376.4588329941034
pessimistic,250,multistation,8,8,8,t00450-c00115,115,450,12,0,12,True,False,cancelled_late,22.9575,0.0,0,1,130.4124160669744,2376.267333049327,0.1865830272436142,0.010416959412395954,2376.464333035983
pessimistic,250,multistation,8,8,8,t00450-c00216,216,450,11,0,11,True,False,satisfied,24.2587,24.4,61,1,83.43583298847079,2376.2162079801783,0.25029201060533524,0.008041039109230042,2376.474541029893
pessimistic,250,multistation,8,8,8,t00451-c00115,115,451,12,0,12,True,False,no_show,22.7741,0.0,0,1,140.4092920711264,2286.257417057641,66.64179102517664,0.023124972358345985,2352.922333055176
pessimistic,250,multistation,8,8,8,t00451-c00123,123,451,15,0,15,True,False,satisfied,19.9067,20.0,40,1,45.989583944901824,2352.8138749534264,0.14154193922877312,0.012333039194345474,2352.9677499318495
pessimistic,250,multistation,8,8,8,t00452-c00008,8,452,5,0,5,True,False,satisfied,20.9525,21.0,35,1,72.82925001345575,376.1833750177175,0.022833002731204033,0.017457990907132626,376.2236660113558
pessimistic,250,multistation,8,8,8,t00452-c00229,229,452,5,0,5,True,False,cancelled_late,22.123,0.0,0,1,47.266250010579824,376.10991706606,0.13587495777755976,0.008582952432334423,376.2543749762699
pessimistic,250,multistation,8,8,8,t00454-c00117,117,454,4,0,4,True,False,satisfied,16.0329,16.2,27,1,211.48025000002235,415.34179099835455,141.3503340445459,0.01579092349857092,556.707915966399
pessimistic,250,multistation,8,8,8,t00454-c00210,210,454,1,0,1,True,False,cancelled_late,24.6691,0.0,0,1,191.94633304141462,191.94633304141462,364.7844579536468,0.006834045052528381,556.7376250401139
pessimistic,250,multistation,8,8,8,t00454-c00242,242,454,7,0,7,True,False,cancelled_early,20.2807,0.0,0,1,49.70508301630616,556.5619580447674,0.179499969817698,0.008167000487446785,556.7496250150725
pessimistic,250,multistation,8,8,8,t00455-c00001,1,455,3,0,3,True,False,no_show,28.4903,0.0,0,1,376.3939579948783,1358.4311250597239,76.97229203768075,0.01920794602483511,1435.4226250434294
pessimistic,250,multistation,8,8,8,t00455-c00053,53,455,5,0,5,True,False,no_show,11.3592,0.0,0,1,376.3429999817163,1358.3802910288796,77.06658402457833,0.008499948307871819,1435.4553750017658
pessimistic,250,multistation,8,8,8,t00455-c00228,228,455,1,0,1,True,False,cancelled_late,29.2822,0.0,0,1,185.8865839894861,185.8865839894861,1249.5519160293043,0.005583977326750755,1435.4440839961171
pessimistic,250,multistation,8,8,8,t00455-c00242,242,455,7,0,7,True,False,no_show,21.6253,0.0,0,1,50.8129169465974,1435.233416967094,0.2168749924749136,0.008207978680729866,1435.4584999382496
pessimistic,250,multistation,8,8,8,t00456-c00015,15,456,3,0,3,True,False,cancelled_early,30.135,0.0,0,1,103.89937495347112,395.3827499644831,61.655875062569976,0.019875005818903446,457.05850003287196
pessimistic,250,multistation,8,8,8,t00456-c00212,212,456,5,0,5,True,False,satisfied,25.4246,25.8393,37,1,31.116958940401673,456.94983389694244,0.16545807011425495,0.010333023965358734,457.12562499102205
pessimistic,250,multistation,8,8,8,t00457-c00015,15,457,1,0,1,True,False,satisfied,30.1937,19.5,39,1,81.37054194230586,81.37054194230586,1118.9833750249818,0.034958007745444775,1200.388874975033
pessimistic,250,multistation,8,8,8,t00457-c00048,48,457,3,0,3,True,False,cancelled_early,28.0463,0.0,0,1,172.2814169479534,1200.2757919253781,0.15758303925395012,0.011833966709673405,1200.4452089313418
pessimistic,250,multistation,8,8,8,t00457-c00154,154,457,3,0,3,True,False,cancelled_late,26.0936,0.0,0,1,81.26537501811981,1075.9069999912754,124.5471250731498,0.007874914444983006,1200.4619999788702
pessimistic,250,multistation,8,8,8,t00457-c00157,157,457,3,0,3,True,False,cancelled_late,22.3321,0.0,0,1,187.9009169060737,993.7389999395236,206.71858300920576,0.006709014996886253,1200.4642919637263
pessimistic,250,multistation,8,8,8,t00457-c00229,229,457,3,0,3,True,False,satisfied,28.153,28.511,36,1,172.144667012617,1200.1391249941662,0.3120000474154949,0.00500003807246685,1200.4561250796542
pessimistic,250,multistation,8,8,8,t00458-c00048,48,458,3,0,3,True,False,cancelled_late,25.7801,0.0,0,1,112.97095799818635,414.01262499857694,0.023208092898130417,0.018208986148238182,414.0540420776233
pessimistic,250,multistation,8,8,8,t00458-c00166,166,458,1,0,1,True,False,satisfied,32.0319,12.6,21,1,45.49904202576727,45.49904202576727,368.61283297184855,0.008292030543088913,414.1201670281589
pessimistic,250,multistation,8,8,8,t00458-c00202,202,458,3,0,3,True,False,satisfied,26.758,17.6,44,1,45.45620898716152,358.9262090390548,55.186750018037856,0.006832997314631939,414.1197920544073
pessimistic,250,multistation,8,8,8,t00459-c00018,18,459,10,0,10,True,False,satisfied,22.3087,22.0,44,1,38.18725002929568,695.136999944225,0.02791709266602993,0.024582957848906517,695.1894999947399
pessimistic,250,multistation,8,8,8,t00459-c00154,154,459,3,0,3,True,False,satisfied,18.8846,19.2,48,1,96.81920800358057,428.98904194589704,266.24025008641183,0.009165960364043713,695.2384579926729
pessimistic,250,multistation,8,8,8,t00460-c00099,99,460,5,0,5,True,False,no_show,15.6429,0.0,0,1,20.263665937818587,121.58383300993592,0.02762500662356615,0.016749952919781208,121.62820796947926
pessimistic,250,multistation,8,8,8,t00461-c00105,105,461,14,0,14,True,False,satisfied,17.8972,18.4,23,1,24.969374993816018,403.3871249994263,0.03862509038299322,0.033208983950316906,403.4589590737596
pessimistic,250,multistation,8,8,8,t00462-c00039,39,462,5,0,5,True,False,breakdown,36.3611,0.0,0,1,89.94049998000264,1496.3492080569267,73.9789999788627,0.01679197885096073,1570.3450000146404
pessimistic,250,multistation,8,8,8,t00462-c00112,112,462,1,0,1,True,False,no_show,16.5408,0.0,0,1,566.185540985316,566.185540985316,1004.1658750269562,0.0074999406933784485,1570.3589159529656
pessimistic,250,multistation,8,8,8,t00462-c00126,126,462,13,0,13,True,False,satisfied,30.6712,30.8,44,1,141.23412501066923,1570.1956670964137,0.15366694424301386,0.010999967344105244,1570.3603340080008
pessimistic,250,multistation,8,8,8,t00463-c00035,35,463,4,1,3,True,False,cancelled_late,11.2435,0.0,0,1,339.4231660058722,988.8480000663549,165.58862500824034,0.022999942302703857,1154.459625016898
pessimistic,250,multistation,8,8,8,t00463-c00048,48,463,3,0,3,True,False,no_show,17.7943,0.0,0,1,48.59445907641202,155.4727500770241,0.0367090106010437,0.017040991224348545,155.5265000788495
pessimistic,250,multistation,8,8,8,t00464-c00041,41,464,5,0,5,True,False,satisfied,26.5385,27.0,54,1,15.225333045236766,996.8863329850137,0.1622500130906701,0.009458977729082108,997.0580419758335
pessimistic,250,multistation,8,8,8,t00464-c00054,54,464,3,0,3,True,False,no_show,16.1331,0.0,0,1,168.1553750531748,858.5527089890093,138.4908331092447,0.006582937203347683,997.0501250354573
pessimistic,250,multistation,8,8,8,t00464-c00061,61,464,3,0,3,True,False,satisfied,23.6545,23.0,46,1,168.11316704843193,858.5107080871239,138.52020900230855,0.00537489540874958,997.0362919848412
pessimistic,250,multistation,8,8,8,t00464-c00143,143,464,2,0,1,True,False,cancelled_late,22.5542,0.0,0,1,831.181334098801,831.181334098801,165.83249997347593,0.00429095234721899,997.0181250246242
pessimistic,250,multistation,8,8,8,t00464-c00157,157,464,3,0,1,True,False,no_show,10.0867,0.0,0,1,713.9840420568362,713.9840420568362,283.02158298902214,0.004207948222756386,997.0098329940811
pessimistic,250,multistation,8,8,8,t00465-c00143,143,465,1,0,1,True,False,cancelled_late,15.4703,0.0,0,1,12.761291000060737,12.761291000060737,0.01708406489342451,0.011582975275814533,12.789958040229976
pessimistic,250,multistation,8,8,8,t00466-c00125,125,466,7,0,7,True,False,satisfied,26.1541,25.6,32,1,65.75783400330693,813.2695420645177,0.03483297768980265,0.0237500062212348,813.3281250484288
pessimistic,250,multistation,8,8,8,t00466-c00210,210,466,10,0,10,True,False,satisfied,29.4094,30.1,43,1,50.94412504695356,813.2147500291467,0.15716697089374065,0.01029099803417921,813.3822079980746
pessimistic,250,multistation,8,8,8,t00468-c00087,87,468,3,0,3,True,False,cancelled_late,34.6332,0.0,0,1,117.29824997019023,903.6665000021458,213.02212495356798,0.017542042769491673,1116.7061669984832
pessimistic,250,multistation,8,8,8,t00468-c00118,118,468,4,0,4,True,False,satisfied,24.7983,24.6,41,1,151.2690840754658,382.7532089781016,734.0168750379235,0.009750016033649445,1116.7798340320587
pessimistic,250,multistation,8,8,8,t00468-c00143,143,468,9,0,9,True,False,no_show,23.8136,0.0,0,1,48.859833041206,1116.567499935627,0.21170801483094692,0.009750016033649445,1116.7889579664916
pessimistic,250,multistation,8,8,8,t00468-c00239,239,468,1,0,1,True,False,satisfied,28.4656,13.3,19,1,62.51870794221759,62.51870794221759,1054.2560419999063,0.005417037755250931,1116.7801669798791
pessimistic,250,multistation,8,8,8,t00469-c00035,35,469,7,0,7,True,False,cancelled_early,24.0256,0.0,0,1,18.788250046782196,548.2598750386387,0.022707972675561905,0.01933402381837368,548.3019170351326
pessimistic,250,multistation,8,8,8,t00470-c00035,35,470,3,0,3,True,False,cancelled_late,25.6284,0.0,0,1,145.6143750110641,487.6134579535574,57.30391701217741,0.018625054508447647,544.9360000202432
pessimistic,250,multistation,8,8,8,t00470-c00043,43,470,5,0,5,True,False,cancelled_early,17.7902,0.0,0,1,120.91424991376698,504.5643749181181,40.4162909835577,0.009167008101940155,544.9898329097778
pessimistic,250,multistation,8,8,8,t00470-c00067,67,470,5,0,5,True,False,satisfied,24.5607,24.8,31,1,28.110458981245756,544.8044169461355,0.17904199194163084,0.007875030860304832,544.9913339689374
pessimistic,250,multistation,8,8,8,t00471-c00043,43,471,6,0,5,True,False,satisfied,21.0195,21.5,43,1,112.89433401543647,302.53270897082984,0.020832987502217293,0.014625024050474167,302.56816698238254
pessimistic,250,multistation,8,8,8,t00471-c00062,62,471,1,0,1,True,False,no_show,27.2033,0.0,0,1,62.228625058196485,62.228625058196485,240.35199999343604,0.007166992872953415,302.5877920445055
pessimistic,250,multistation,8,8,8,t00471-c00140,140,471,1,0,1,True,False,satisfied,27.6132,14.4,36,1,62.181167071685195,62.181167071685195,240.39016698952764,0.004915986210107803,302.57625004742295
pessimistic,250,multistation,8,8,8,t00473-c00233,233,473,16,0,16,True,False,satisfied,19.8754,20.0,25,1,22.690917016007006,510.2308749919757,0.04770804662257433,0.021999934688210487,510.3005829732865
pessimistic,250,multistation,8,8,8,t00474-c00171,171,474,14,0,14,True,False,satisfied,20.9051,21.6,27,1,30.996166984550655,556.1425420455635,0.040207989513874054,0.022500054910779,556.2052500899881
pessimistic,250,multistation,8,8,8,t00475-c00017,17,475,12,0,12,True,False,satisfied,21.6151,21.7,31,1,188.34862497169524,3986.139624961652,129.44583396892995,0.022458028979599476,4115.607916959561
pessimistic,250,multistation,8,8,8,t00475-c00035,35,475,14,0,14,True,False,no_show,24.8369,0.0,0,1,188.29700001515448,4115.50620791968,0.13450009282678366,0.011541997082531452,4115.652250009589
pessimistic,250,multistation,8,8,8,t00475-c00087,87,475,12,0,12,True,False,no_show,30.323,0.0,0,1,58.51479200646281,3986.0363750485703,129.60566696710885,0.009207986295223236,4115.651250001974
pessimistic,250,multistation,8,8,8,t00475-c00102,102,475,4,1,3,True,False,no_show,19.5415,0.0,0,1,4139.419374987483,4172.0356669975445,0.026082969270646572,0.014999997802078724,4172.076749964617
pessimistic,250,multistation,8,8,8,t00475-c00201,201,475,10,0,10,True,False,no_show,26.0882,0.0,0,1,446.5289160143584,3387.8657500026748,727.7358749415725,0.00758306123316288,4115.6092080054805
pessimistic,250,multistation,8,8,8,t00477-c00228,228,477,6,0,6,True,False,satisfied,30.1896,30.8,44,1,51.422375021502376,409.9243339151144,0.04425004590302706,0.017625046893954277,409.9862090079114
pessimistic,250,multistation,8,8,8,t00478-c00010,10,478,3,0,3,True,False,cancelled_late,33.8691,0.0,0,1,14.850166975520551,245.9437499055639,78.5635830834508,0.015249941498041153,324.5225829305127
pessimistic,250,multistation,8,8,8,t00478-c00219,219,478,4,1,3,True,False,missed,13.8103,0.0,0,1,796.788917039521,1519.524542032741,760.6515829684213,0.00966701190918684,2280.1857920130715
pessimistic,250,multistation,8,8,8,t00478-c00230,230,478,1,1,1,True,False,cancelled_late,38.6917,0.0,0,1,717.5649589626119,717.5649589626119,1562.609332962893,0.006125075742602348,2280.1804170012474
pessimistic,250,multistation,8,8,8,t00478-c00243,243,478,5,0,5,True,False,satisfied,17.5253,18.0,36,1,56.06229207478464,324.33395902626216,0.13570801820605993,0.009041978046298027,324.4787090225145
pessimistic,250,multistation,8,8,8,t00479-c00019,19,479,21,0,21,True,False,satisfied,20.9712,21.2,53,1,69.38583392184228,1953.706458909437,0.03237510100007057,0.025082961656153202,1953.7639169720933
pessimistic,250,multistation,8,8,8,t00480-c00055,55,480,13,0,13,True,False,cancelled_late,21.2932,0.0,0,1,93.97395804990083,1057.3510410031304,0.03062502946704626,0.022792024537920952,1057.4044580571353
pessimistic,250,multistation,8,8,8,t00480-c00059,59,480,4,0,3,True,False,cancelled_early,24.3007,0.0,0,1,472.45316603221,828.156957984902,229.29720801766962,0.008709030225872993,1057.4628750327975
pessimistic,250,multistation,8,8,8,t00480-c00064,64,480,9,0,9,True,False,cancelled_late,13.1714,0.0,0,1,18.612415995448828,999.4264160050079,58.038791990838945,0.008582952432334423,1057.4737909482792
pessimistic,250,multistation,8,8,8,t00480-c00108,108,480,3,0,3,True,False,cancelled_early,19.04,0.0,0,1,220.31504206825048,888.918042066507,168.54416602291167,0.005958951078355312,1057.468167040497
pessimistic,250,multistation,8,8,8,t00481-c00059,59,481,11,0,11,True,False,no_show,20.0396,0.0,0,1,71.15558302029967,1147.458792082034,0.030166003853082657,0.022209016606211662,1147.5111671024933
pessimistic,250,multistation,8,8,8,t00481-c00064,64,481,3,0,3,True,False,cancelled_late,23.937,0.0,0,1,156.87666600570083,1015.5692080734298,131.97945803403854,0.00825000461190939,1147.5569161120802
pessimistic,250,multistation,8,8,8,t00481-c00108,108,481,3,0,3,True,False,cancelled_early,21.0792,0.0,0,1,156.83133294805884,1015.5236249556765,132.04512500669807,0.006832997314631939,1147.5755829596892
pessimistic,250,multistation,8,8,8,t00482-c00055,55,482,12,0,12,True,False,satisfied,24.2231,24.6,41,1,71.01874996442348,867.7747090114281,0.03191595897078514,0.0237500062212348,867.8303749766201
pessimistic,250,multistation,8,8,8,t00482-c00108,108,482,3,0,3,True,False,cancelled_late,19.1467,0.0,0,1,206.4435409847647,830.0158750498667,37.85541595425457,0.00908400397747755,867.8803750080988
pessimistic,250,multistation,8,8,8,t00483-c00108,108,483,5,0,5,True,False,cancelled_early,17.1153,0.0,0,1,139.69504204578698,1087.1770420344546,0.030749943107366562,0.020333100110292435,1087.2281250776723
pessimistic,250,multistation,8,8,8,t00483-c00132,132,483,1,0,1,True,False,cancelled_early,22.6905,0.0,0,1,601.9760830095038,601.9760830095038,485.3134589502588,0.007625087164342403,1087.297167046927
pessimistic,250,multistation,8,8,8,t00483-c00173,173,483,6,0,6,True,False,satisfied,11.5858,12.0,24,1,139.5950000733137,1087.0768750319257,0.22004195488989353,0.0076669966802001,1087.3045839834958
pessimistic,250,multistation,8,8,8,t00483-c00219,219,483,10,0,10,True,False,no_show,23.5975,0.0,0,1,412.6967079937458,934.6785000525415,152.61720796115696,0.00908400397747755,1087.304792017676
pessimistic,250,multistation,8,8,8,t00484-c00010,10,484,13,0,13,True,False,satisfied,37.1903,37.2,62,1,86.34070900734514,2767.1594589482993,0.02566608600318432,0.022416934370994568,2767.2075419686735
pessimistic,250,multistation,8,8,8,t00484-c00081,81,484,1,0,1,True,False,satisfied,33.3642,16.8,21,1,545.8495829952881,545.8495829952881,2221.3822919875383,0.0077500008046627045,2767.239624983631
pessimistic,250,multistation,8,8,8,t00484-c00108,108,484,7,0,7,True,False,satisfied,24.416,24.5,35,1,529.650375014171,2468.1030409410596,299.1299170535058,0.007333001121878624,2767.2402909956872
pessimistic,250,multistation,8,8,8,t00484-c00132,132,484,1,0,1,True,False,satisfied,26.7503,21.6,36,1,1006.4342909026891,1006.4342909026891,1760.7908340869471,0.005124951712787151,2767.230249941349
pessimistic,250,multistation,8,8,8,t00484-c00230,230,484,2,0,2,True,False,breakdown,34.7786,0.0,0,1,545.7146669505164,2298.926959047094,468.2832909747958,0.005749985575675964,2767.2160000074655
pessimistic,250,multistation,8,8,8,t00485-c00164,164,485,5,0,5,True,False,cancelled_late,13.8907,0.0,0,1,30.50979203544557,192.46304198168218,0.03291701432317495,0.01825008075684309,192.5142090767622
pessimistic,250,multistation,8,8,8,t00486-c00053,53,486,5,0,5,True,False,satisfied,19.5,19.5,39,1,114.1020420473069,912.6794169424102,0.02554105594754219,0.018666964024305344,912.723624962382
pessimistic,250,multistation,8,8,8,t00486-c00151,151,486,3,0,3,True,False,satisfied,28.8736,28.8,72,1,114.04295905958861,912.6205000793561,0.12641691137105227,0.00700005330145359,912.7539170440286
pessimistic,250,multistation,8,8,8,t00487-c00064,64,487,5,0,5,True,False,cancelled_late,23.8981,0.0,0,1,490.1500840205699,1193.7739999266341,516.6684170253575,0.026708003133535385,1710.4691249551252
pessimistic,250,multistation,8,8,8,t00487-c00095,95,487,13,0,13,True,False,cancelled_late,20.2597,0.0,0,1,119.36783406417817,1710.3605000302196,0.17320900224149227,0.01329102087765932,1710.5470000533387
pessimistic,250,multistation,8,8,8,t00487-c00157,157,487,10,0,10,True,False,satisfied,22.3216,21.0,30,1,119.32216596323997,1710.3144580032676,0.23812497965991497,0.007958034984767437,1710.5605410179123
pessimistic,250,multistation,8,8,8,t00488-c00113,113,488,10,0,10,True,False,breakdown,23.3151,0.0,0,1,75.66283293999732,1218.7734169419855,0.03316602669656277,0.02145895268768072,1218.8280419213697
pessimistic,250,multistation,8,8,8,t00488-c00124,124,488,5,0,5,True,False,no_show,20.0877,0.0,0,1,172.9542090324685,396.51241700630635,822.353458032012,0.01008401159197092,1218.8759590499103
pessimistic,250,multistation,8,8,8,t00489-c00033,33,489,8,0,8,True,False,cancelled_late,27.6012,0.0,0,1,150.4440000280738,755.6573330657557,165.01270898152143,0.020832987502217293,920.6908750347793
pessimistic,250,multistation,8,8,8,t00489-c00054,54,489,3,0,3,True,False,no_show,18.7566,0.0,0,1,102.561250096187,665.2994580799714,255.441291956231,0.008792034350335598,920.7495420705527
pessimistic,250,multistation,8,8,8,t00489-c00095,95,489,10,0,10,True,False,no_show,21.9077,0.0,0,1,28.2717909431085,920.5409999703988,0.19958300981670618,0.010292045772075653,920.7508750259876
pessimistic,250,multistation,8,8,8,t00489-c00111,111,489,3,0,3,True,False,satisfied,11.1238,11.2,16,1,102.46941703371704,665.2078330516815,255.5237920023501,0.00500003807246685,920.7366250921041
pessimistic,250,multistation,8,8,8,t00490-c00141,141,490,14,0,14,True,False,satisfied,14.458,14.7,21,1,23.4632920473814,364.2342920647934,0.03937492147088051,0.02395804040133953,364.2976250266656
pessimistic,250,multistation,8,8,8,t00491-c00006,6,491,1,0,1,True,False,cancelled_early,25.5547,0.0,0,1,282.8539579641074,282.8539579641074,2234.5259999856353,0.021875021047890186,2517.4018329707906
pessimistic,250,multistation,8,8,8,t00491-c00033,33,491,6,0,6,True,False,satisfied,33.8009,34.3,49,1,488.71495807543397,2389.33362509124,128.12649994157255,0.011750031262636185,2517.471875064075
pessimistic,250,multistation,8,8,8,t00491-c00164,164,491,5,0,5,True,False,satisfied,26.6767,27.0,54,1,71.07879198156297,2517.2475419240072,0.21312502212822437,0.008207978680729866,2517.468874924816
pessimistic,250,multistation,8,8,8,t00491-c00186,186,491,6,0,6,True,False,satisfied,16.1433,16.2,27,1,488.61179198138416,2389.2304999753833,128.22254200000316,0.005917041562497616,2517.458959016949
pessimistic,250,multistation,8,8,8,t00491-c00237,237,491,6,0,6,True,False,satisfied,20.8846,21.2,53,1,268.9552919473499,2199.0371668944135,318.4040420455858,0.007500057108700275,2517.448708997108
pessimistic,250,multistation,8,8,8,t00492-c00006,6,492,1,0,1,True,False,cancelled_early,24.3876,0.0,0,1,120.4435839317739,120.4435839317739,135.8227910241112,0.017834012396633625,256.28420896828175
pessimistic,250,multistation,8,8,8,t00492-c00099,99,492,8,0,8,True,False,cancelled_late,15.6445,0.0,0,1,24.823375046253204,256.1869591008872,0.14145788736641407,0.012042000889778137,256.3404589891434
pessimistic,250,multistation,8,8,8,t00492-c00185,185,492,1,0,1,True,False,no_show,20.0234,0.0,0,1,120.32720900606364,120.32720900606364,136.0042499145493,0.005666050128638744,256.33712497074157
pessimistic,250,multistation,8,8,8,t00493-c00006,6,493,5,0,5,True,False,cancelled_early,24.3588,0.0,0,1,445.18804096151143,798.7336249789223,609.5229580532759,0.020124949514865875,1408.2767079817131
pessimistic,250,multistation,8,8,8,t00493-c00047,47,493,7,0,6,True,False,no_show,21.4102,0.0,0,1,719.7618329664692,1163.4974159533158,244.83745906036347,0.010124989785254002,1408.3450000034645
pessimistic,250,multistation,8,8,8,t00493-c00064,64,493,4,0,4,True,False,satisfied,20.1172,20.3,29,1,350.7744580274448,1033.9165410259739,374.41783398389816,0.0072909751906991005,1408.3416659850627
pessimistic,250,multistation,8,8,8,t00493-c00065,65,493,5,0,5,True,False,no_show,23.1615,0.0,0,1,185.45724998693913,1408.0983750754967,0.22954191081225872,0.007500057108700275,1408.3354170434177
pessimistic,250,multistation,8,8,8,t00493-c00099,99,493,6,0,6,True,False,satisfied,16.3259,16.8,24,1,185.41512498632073,1408.0559579888359,0.2615000121295452,0.005792011506855488,1408.3232500124723
pessimistic,250,multistation,8,8,8,t00494-c00006,6,494,4,0,4,True,False,cancelled_late,21.3874,0.0,0,1,503.4660840174183,692.0679589966312,458.0467080231756,0.021832995116710663,1150.1365000149235
pessimistic,250,multistation,8,8,8,t00494-c00115,115,494,5,0,5,True,False,satisfied,30.9817,31.2,52,1,266.2995409918949,1150.033124955371,0.16220798715949059,0.010208110325038433,1150.2055410528556
pessimistic,250,multistation,8,8,8,t00494-c00167,167,494,5,0,5,True,False,cancelled_late,18.1314,0.0,0,1,266.2535000126809,1149.987499928102,0.21091708913445473,0.006749993190169334,1150.2051670104265
pessimistic,250,multistation,8,8,8,t00495-c00006,6,495,4,0,4,True,False,cancelled_late,25.6912,0.0,0,1,88.38762494269758,318.4802499599755,0.023583066649734974,0.020875013433396816,318.5247080400586
pessimistic,250,multistation,8,8,8,t00496-c00069,69,496,1,0,1,True,False,no_show,19.9636,0.0,0,1,61.51449994649738,61.51449994649738,350.9968330617994,0.01762493047863245,412.5289579387754
pessimistic,250,multistation,8,8,8,t00496-c00167,167,496,10,0,10,True,False,no_show,24.2101,0.0,0,1,29.181957943364978,412.42374991998076,0.14091702178120613,0.014082994312047958,412.578749936074
pessimistic,250,multistation,8,8,8,t00497-c00101,101,497,4,1,3,True,False,no_show,18.8765,0.0,0,1,195.6534159835428,363.23158303275704,0.02845795825123787,0.0189170241355896,363.27895801514387
pessimistic,250,multistation,8,8,8,t00498-c00107,107,498,3,0,3,True,False,cancelled_early,25.3525,0.0,0,1,183.80033399444073,320.78966696280986,30.707666999660432,0.00825000461190939,351.5055839670822
pessimistic,250,multistation,8,8,8,t00498-c00175,175,498,1,0,1,True,False,breakdown,27.9231,0.0,0,1,29.209999949671328,29.209999949671328,322.29629100766033,0.00608398113399744,351.51237493846565
pessimistic,250,multistation,8,8,8,t00499-c00026,26,499,5,0,5,True,False,cancelled_late,21.7947,0.0,0,1,67.22045794595033,511.4297909894958,0.020000035874545574,0.01979200169444084,511.4695830270648
pessimistic,250,multistation,8,8,8,t00499-c00107,107,499,2,0,2,True,False,cancelled_early,22.6454,0.0,0,1,157.13816706556827,335.9056250192225,175.60833296738565,0.008875038474798203,511.52283302508295
pessimistic,250,multistation,8,8,8,t00499-c00149,149,499,3,0,3,True,False,cancelled_late,19.9839,0.0,0,1,130.72945806197822,354.8590410500765,156.6583749372512,0.006459071300923824,511.5238750586286
pessimistic,250,multistation,8,8,8,t00500-c00026,26,500,6,0,6,True,False,no_show,18.9857,0.0,0,1,60.70312496740371,417.04137495253235,14.897749992087483,0.016125035472214222,431.95524998009205
pessimistic,250,multistation,8,8,8,t00500-c00107,107,500,2,0,2,True,False,satisfied,16.7346,15.4,22,1,171.4767919620499,431.8592919735238,0.1152080949395895,0.0076669966802001,431.9821670651436
pessimistic,250,multistation,8,8,8,t00501-c00006,6,501,7,0,7,True,False,satisfied,23.522,24.0,48,1,60.76216697692871,493.14358294941485,0.02291705459356308,0.020582927390933037,493.18708293139935
pessimistic,250,multistation,8,8,8,t00502-c00149,149,502,3,0,2,True,False,cancelled_late,22.0935,0.0,0,1,379.7573749907315,547.0639578998089,140.5055420473218,0.01595797948539257,687.5854579266161
pessimistic,250,multistation,8,8,8,t00502-c00242,242,502,5,0,5,True,False,satisfied,27.0372,27.5,55,1,66.95537501946092,687.4805840197951,0.15066599007695913,0.009792041964828968,687.6410420518368
pessimistic,250,multistation,8,8,8,t00502-c00246,246,502,3,0,3,True,False,no_show,19.2081,0.0,0,1,133.6695000063628,546.9619169598445,140.6651249853894,0.005916110239923,687.6329580554739
pessimistic,250,multistation,8,8,8,t00503-c00223,223,503,1,0,1,True,False,satisfied,34.8697,16.0,32,1,23.174957954324782,23.174957954324782,52.51579207833856,0.013666925951838493,75.70441695861518
pessimistic,250,multistation,8,8,8,t00503-c00231,231,503,3,0,2,True,False,cancelled_late,18.7034,0.0,0,1,41.67466703802347,75.60300000477582,0.12270896695554256,0.007375027053058147,75.73308399878442
pessimistic,250,multistation,8,8,8,t00504-c00158,158,504,4,1,3,True,False,satisfied,20.6295,20.0,25,1,184.61070803459734,411.8948749965057,116.43649998586625,0.006125075742602348,528.3375000581145
pessimistic,250,multistation,8,8,8,t00505-c00007,7,505,5,0,5,True,False,no_show,28.1585,0.0,0,1,42.595624923706055,516.9229590101168,0.017832964658737183,0.017749960534274578,516.9585419353098
pessimistic,250,multistation,8,8,8,t00505-c00149,149,505,7,0,7,True,False,no_show,18.2273,0.0,0,1,102.01429203152657,429.56454202067107,87.41779194679111,0.010124989785254002,516.9924589572474
pessimistic,250,multistation,8,8,8,t00508-c00030,30,508,14,0,14,True,False,satisfied,21.5323,21.6,27,1,29.577332898043096,1298.0191669194028,0.02766598481684923,0.0253340695053339,1298.072166973725
pessimistic,250,multistation,8,8,8,t00508-c00112,112,508,11,0,11,True,False,no_show,27.7696,0.0,0,1,101.35633300524205,1257.7688749879599,40.34520802088082,0.012416974641382694,1298.126499983482
pessimistic,250,multistation,8,8,8,t00509-c00023,23,509,1,0,1,True,False,cancelled_early,31.7677,0.0,0,1,843.6613340163603,843.6613340163603,2516.1634579999372,0.0176670728251338,3359.8424590891227
pessimistic,250,multistation,8,8,8,t00509-c00076,76,509,13,0,13,True,False,satisfied,24.3233,24.8,31,1,199.11337492521852,3359.751374926418,0.14887505676597357,0.014042016118764877,3359.914291999303
pessimistic,250,multistation,8,8,8,t00509-c00094,94,509,4,0,4,True,False,satisfied,20.26,20.5,41,1,980.6890409672633,2679.9581249943003,679.9451659899205,0.006417045369744301,3359.9097080295905
pessimistic,250,multistation,8,8,8,t00509-c00231,231,509,14,0,14,True,False,satisfied,18.1162,18.4,46,1,57.31120891869068,3359.64979196433,0.24662504438310862,0.008167000487446785,3359.9045840092003
pessimistic,250,multistation,8,8,8,t00510-c00023,23,510,1,0,1,True,False,breakdown,27.6615,0.0,0,1,23.757540970109403,23.757540970109403,0.020125065930187702,0.01333397813141346,23.791000014171004
pessimistic,250,multistation,8,8,8,t00513-c00048,48,513,5,0,5,True,False,cancelled_early,31.1513,0.0,0,1,123.60008398536593,1093.719125026837,0.02470891922712326,0.022625084966421127,1093.7664590310305
pessimistic,250,multistation,8,8,8,t00513-c00214,214,513,3,0,3,True,False,cancelled_early,16.3897,0.0,0,1,254.887624992989,835.8094999566674,258.00529203843325,0.00829098280519247,1093.8230829779059
pessimistic,250,multistation,8,8,8,t00513-c00227,227,513,6,0,6,True,False,cancelled_late,18.5593,0.0,0,1,244.25237497780472,579.6784170670435,514.1416249098256,0.007916009053587914,1093.8279579859227
pessimistic,250,multistation,8,8,8,t00514-c00048,48,514,15,0,15,True,False,satisfied,35.7988,36.0,90,1,157.71141706500202,3261.487332987599,0.031667063012719154,0.02475001383572817,3261.5437500644475
pessimistic,250,multistation,8,8,8,t00514-c00214,214,514,3,0,2,True,False,satisfied,12.204,12.4,31,1,1581.4012499758974,2080.3747919853777,1181.2006250256673,0.008917064405977726,3261.584334075451
pessimistic,250,multistation,8,8,8,t00515-c00102,102,515,1,0,1,True,False,cancelled_late,25.9499,0.0,0,1,10.616709012538195,10.616709012538195,0.020000035874545574,0.011915923096239567,10.64862497150898
pessimistic,250,multistation,8,8,8,t00518-c00059,59,518,5,0,5,True,False,no_show,21.4367,0.0,0,1,136.7010420653969,1721.3174169883132,290.4218750772998,0.0213750172406435,2011.7606670828536
pessimistic,250,multistation,8,8,8,t00518-c00074,74,518,14,0,14,True,False,cancelled_late,27.5448,0.0,0,1,57.28512501809746,2011.664416990243,0.1442920183762908,0.013249926269054413,2011.8219589348882
pessimistic,250,multistation,8,8,8,t00518-c00124,124,518,3,0,3,True,False,satisfied,17.7198,18.2,26,1,598.405750002712,1721.2247080169618,290.6084170099348,0.006207963451743126,2011.8393329903483
pessimistic,250,multistation,8,8,8,t00519-c00074,74,519,14,0,14,True,False,cancelled_late,29.2534,0.0,0,1,68.24841699562967,1330.9761669952422,0.3161249915137887,0.09300000965595245,1331.385291996412
pessimistic,250,multistation,8,8,8,t00520-c00143,143,520,5,0,5,True,False,satisfied,25.783,25.8,43,1,112.3300000326708,643.7915830174461,0.03241701051592827,0.016291975043714046,643.8402920030057
pessimistic,250,multistation,8,8,8,t00520-c00218,218,520,4,1,3,True,False,satisfied,16.1762,16.0,40,1,915.0655419798568,1202.6974170003086,260.78591705299914,0.0077909789979457855,1463.4911250323057
pessimistic,250,multistation,8,8,8,t00520-c00227,227,520,7,0,7,True,False,no_show,17.4931,0.0,0,1,248.0643750168383,546.9394590472803,96.73029091209173,0.010958989150822163,643.6807089485228
pessimistic,250,multistation,8,8,8,t00521-c00074,74,521,13,0,13,True,False,cancelled_early,22.5777,0.0,0,1,43.507207999937236,817.8254999220371,0.030708033591508865,0.021332991309463978,817.8775409469381
pessimistic,250,multistation,8,8,8,t00521-c00163,163,521,4,1,3,True,False,no_show,17.106,0.0,0,1,1066.6031249566004,1339.1310420120135,240.36929092835635,0.007459078915417194,1579.5077920192853
pessimistic,250,multistation,8,8,8,t00522-c00074,74,522,13,0,13,True,False,satisfied,21.4514,21.6,36,1,38.97425008472055,759.6607080195099,0.03129197284579277,0.021042069420218468,759.7130420617759
pessimistic,250,multistation,8,8,8,t00523-c00095,95,523,6,0,6,True,False,cancelled_early,25.6236,0.0,0,1,26.958208065479994,277.93258300516754,0.031542032957077026,0.027499976567924023,277.99162501469254
pessimistic,250,multistation,8,8,8,t00523-c00219,219,523,4,1,3,True,False,satisfied,25.7894,26.4,33,1,644.9074579868466,997.2348749870434,154.9542909488082,0.00666698906570673,1152.1958329249173
pessimistic,250,multistation,8,8,8,t00524-c00089,89,524,4,0,4,True,False,satisfied,20.2532,20.4,34,1,301.6355000436306,597.2677919780836,274.9589580344036,0.0189170241355896,872.2456670366228
pessimistic,250,multistation,8,8,8,t00524-c00095,95,524,5,0,5,True,False,cancelled_early,28.8105,0.0,0,1,98.20512495934963,760.5719580315053,111.70466698240489,0.009333016350865364,872.2859580302611
pessimistic,250,multistation,8,8,8,t00524-c00245,245,524,5,0,5,True,False,cancelled_early,31.5193,0.0,0,1,98.1166249839589,872.0621250104159,0.22533396258950233,0.006541027687489986,872.2940000006929
pessimistic,250,multistation,8,8,8,t00525-c00054,54,525,4,0,4,True,False,breakdown,22.5719,0.0,0,1,111.44745908677578,385.2515839971602,473.07662502862513,0.020332983694970608,858.3485420094803
pessimistic,250,multistation,8,8,8,t00525-c00095,95,525,12,0,11,True,False,satisfied,20.9621,21.6,27,1,160.05495900753886,858.25004207436,0.12683297973126173,0.011124997399747372,858.388000051491
pessimistic,250,multistation,8,8,8,t00525-c00245,245,525,5,0,5,True,False,no_show,30.3282,0.0,0,1,41.16587503813207,816.3989590248093,41.976707987487316,0.008167000487446785,858.3838340127841
pessimistic,250,multistation,8,8,8,t00526-c00199,199,526,5,0,5,True,False,cancelled_late,19.5977,0.0,0,1,46.91483301576227,352.4511660216376,0.03666698466986418,0.01770805101841688,352.5055410573259
pessimistic,250,multistation,8,8,8,t00527-c00000,0,527,10,0,10,True,False,breakdown,39.2036,0.0,0,1,413.69191696867347,4222.114208969288,0.023833010345697403,0.024541979655623436,4222.162583959289
pessimistic,250,multistation,8,8,8,t00527-c00083,83,527,6,0,6,True,False,cancelled_early,31.7649,0.0,0,1,1271.7834160430357,4091.7873750440776,130.40783302858472,0.009416951797902584,4222.20462502446
pessimistic,250,multistation,8,8,8,t00527-c00139,139,527,4,0,4,True,False,no_show,20.5759,0.0,0,1,1271.7368750600144,3498.9469579886645,723.2695830753073,0.006709014996886253,4222.223250078969
pessimistic,250,multistation,8,8,8,t00527-c00201,201,527,6,0,6,True,False,satisfied,31.6832,31.8,53,1,132.72208406124264,3981.740584014915,240.46795803587884,0.006916932761669159,4222.215458983555
pessimistic,250,multistation,8,8,8,t00528-c00024,24,528,1,0,1,True,False,no_show,26.7797,0.0,0,1,187.46166594792157,187.46166594792157,353.4782089991495,0.016000005416572094,540.9558749524876
pessimistic,250,multistation,8,8,8,t00528-c00083,83,528,6,0,6,True,False,cancelled_late,33.5269,0.0,0,1,40.6819999916479,540.8661660039797,0.11191703379154205,0.010291929356753826,540.988374967128
pessimistic,250,multistation,8,8,8,t00529-c00075,75,529,5,0,5,True,False,cancelled_late,20.6807,0.0,0,1,29.938832973130047,1070.2943749492988,0.026458059437572956,0.018999911844730377,1070.339832920581
pessimistic,250,multistation,8,8,8,t00529-c00133,133,529,4,0,4,True,False,satisfied,20.2586,20.8,26,1,194.26645897328854,873.6869589192793,196.7084159841761,0.009709037840366364,1070.4050839412957
pessimistic,250,multistation,8,8,8,t00529-c00199,199,529,7,0,7,True,False,no_show,21.0772,0.0,0,1,127.62525002472103,998.3985000289977,71.99845800641924,0.008416944183409214,1070.4053749796003
pessimistic,250,multistation,8,8,8,t00530-c00047,47,530,5,0,5,True,False,cancelled_early,26.5704,0.0,0,1,36.65437502786517,1307.8056670492515,103.66016696207225,0.02295803278684616,1411.4887920441106
pessimistic,250,multistation,8,8,8,t00530-c00103,103,530,3,0,2,True,False,cancelled_early,24.3436,0.0,0,1,184.52404194977134,739.2054999945685,672.3372499691322,0.008999952115118504,1411.551749915816
pessimistic,250,multistation,8,8,8,t00530-c00207,207,530,12,0,12,True,False,cancelled_late,27.2361,0.0,0,1,97.00579196214676,1411.3338750321418,0.2204589545726776,0.010958057828247547,1411.5652920445427
pessimistic,250,multistation,8,8,8,t00531-c00047,47,531,5,0,5,True,False,breakdown,26.4133,0.0,0,1,35.28008295688778,494.61504200007766,0.02274999860674143,0.01850002445280552,494.6562920231372
pessimistic,250,multistation,8,8,8,t00531-c00103,103,531,3,0,2,True,False,no_show,20.4307,0.0,0,1,146.9303750200197,339.8913750424981,154.79433292057365,0.008209026418626308,494.6939169894904
pessimistic,250,multistation,8,8,8,t00531-c00196,196,531,3,0,3,True,False,satisfied,13.0213,13.6,17,1,98.24091696646065,358.9218750130385,135.75458305422217,0.0068749068304896355,494.6833329740912
pessimistic,250,multistation,8,8,8,t00531-c00241,241,531,6,0,6,True,False,no_show,16.1219,0.0,0,1,84.02766706421971,413.2192500401288,81.4533339580521,0.007333001121878624,494.6799169993028
pessimistic,250,multistation,8,8,8,t00532-c00083,83,532,6,0,6,True,False,no_show,29.6411,0.0,0,1,48.65999997127801,376.95558404084295,0.027374946512281895,0.016166013665497303,376.99912500102073
pessimistic,250,multistation,8,8,8,t00533-c00002,2,533,1,0,1,True,False,cancelled_late,22.4591,0.0,0,1,12.957624974660575,12.957624974660575,0.022583059035241604,0.021541956812143326,13.00174999050796
pessimistic,250,multistation,8,8,8,t00534-c00075,75,534,10,0,10,True,False,cancelled_late,20.7633,0.0,0,1,30.690166051499546,1027.3693330818787,0.030207913368940353,0.021792016923427582,1027.421333012171
pessimistic,250,multistation,8,8,8,t00534-c00207,207,534,6,0,6,True,False,satisfied,28.8128,29.0,58,1,135.19416598137468,822.4148750305176,205.05420793779194,0.009958050213754177,1027.4790410185233
pessimistic,250,multistation,8,8,8,t00535-c00001,1,535,5,0,5,True,False,cancelled_early,42.9966,0.0,0,1,202.51945895142853,1540.4893339145929,0.019166036508977413,0.027416972443461418,1540.5359169235453
pessimistic,250,multistation,8,8,8,t00535-c00167,167,535,4,0,4,True,False,satisfied,25.9058,26.4,33,1,471.61691705696285,819.8292920133099,720.7530420273542,0.010791001841425896,1540.5931250425056
pessimistic,250,multistation,8,8,8,t00536-c00001,1,536,4,0,4,True,False,satisfied,41.1217,41.2,103,1,718.2015419239178,2098.346999962814,513.7993750395253,0.022958964109420776,2612.169333966449
pessimistic,250,multistation,8,8,8,t00536-c00079,79,536,15,0,15,True,False,cancelled_late,26.201,0.0,0,1,86.02208399679512,2612.064874963835,0.15216704923659563,0.013666925951838493,2612.2307089390233
pessimistic,250,multistation,8,8,8,t00536-c00144,144,536,6,0,6,True,False,cancelled_late,12.8846,0.0,0,1,17.801084090024233,2511.8720000609756,100.36899999249727,0.00866700429469347,2612.2496670577675
pessimistic,250,multistation,8,8,8,t00537-c00065,65,537,5,0,5,True,False,satisfied,30.5794,30.6,51,1,66.72220909968019,1805.8098750188947,0.024292035959661007,0.018874998204410076,1805.8530420530587
pessimistic,250,multistation,8,8,8,t00537-c00079,79,537,11,0,11,True,False,satisfied,22.3386,22.5,45,1,200.3172910772264,1674.2045830469579,131.6785829840228,0.011958996765315533,1805.895125027746
pessimistic,250,multistation,8,8,8,t00537-c00087,87,537,6,0,6,True,False,cancelled_late,36.1981,0.0,0,1,536.297291982919,1642.6349580287933,163.24766702018678,0.006792019121348858,1805.8894170681015
pessimistic,250,multistation,8,8,8,t00538-c00101,101,538,14,0,14,True,False,satisfied,25.7745,25.9,37,1,83.57095799874514,845.6136250169948,0.035375007428228855,0.02037500962615013,845.6693750340492
pessimistic,250,multistation,8,8,8,t00538-c00144,144,538,5,0,5,True,False,satisfied,22.339,21.7,31,1,26.328333071433008,786.0202080337331,59.6790419658646,0.00929099041968584,845.7085409900174
pessimistic,250,multistation,8,8,8,t00539-c00075,75,539,11,0,11,True,False,cancelled_late,22.9471,0.0,0,1,37.23695897497237,622.3657919326797,0.03233295865356922,0.025292043574154377,622.4234169349074
pessimistic,250,multistation,8,8,8,t00541-c00087,87,541,7,0,7,True,False,breakdown,42.3741,0.0,0,1,141.77845895756036,1115.6700419960544,268.7334169168025,0.01825008075684309,1384.4217089936137
pessimistic,250,multistation,8,8,8,t00541-c00149,149,541,14,0,14,True,False,satisfied,22.9995,23.1,33,1,36.33916599210352,1384.3177910894156,0.13412500265985727,0.011833966709673405,1384.463750058785
pessimistic,250,multistation,8,8,8,t00542-c00070,70,542,8,0,8,True,False,satisfied,18.7873,18.8,47,1,66.85041694436222,818.5395000036806,52.742374944500625,0.020542065612971783,871.3024170137942
pessimistic,250,multistation,8,8,8,t00542-c00161,161,542,10,0,10,True,False,satisfied,25.6286,26.4,33,1,30.22445901297033,871.1941670626402,0.1373329432681203,0.011334079317748547,871.3428340852261
pessimistic,250,multistation,8,8,8,t00543-c00075,75,543,6,0,6,True,False,satisfied,8.761,9.0,15,1,17.360957921482623,126.28958292771131,0.025292043574154377,0.01770805101841688,126.33258302230388
pessimistic,250,multistation,8,8,8,t00544-c00035,35,544,5,0,5,True,False,cancelled_early,27.2008,0.0,0,1,96.23891592491418,603.6549579584971,0.02108304761350155,0.018749968148767948,603.6947909742594
pessimistic,250,multistation,8,8,8,t00545-c00035,35,545,5,0,5,True,False,cancelled_early,34.0503,0.0,0,1,135.78745897393674,1078.6656249547377,0.02233404666185379,0.021332991309463978,1078.709291992709
pessimistic,250,multistation,8,8,8,t00545-c00102,102,545,6,0,6,True,False,cancelled_early,16.614,0.0,0,1,261.4813750842586,560.040874988772,518.7122500501573,0.009582960046827793,1078.762707998976
pessimistic,250,multistation,8,8,8,t00546-c00035,35,546,5,0,5,True,False,no_show,26.4068,0.0,0,1,530.2321659401059,3830.1531249890104,0.025165965780615807,0.024709035642445087,3830.2029999904335
pessimistic,250,multistation,8,8,8,t00546-c00062,62,546,3,0,3,True,False,satisfied,36.291,36.4,91,1,1493.5267081018537,2941.0588750615716,889.1730000032112,0.008999952115118504,3830.240875016898
pessimistic,250,multistation,8,8,8,t00546-c00069,69,546,2,0,2,True,False,cancelled_early,19.1606,0.0,0,1,1538.6802919674665,1842.9470000555739,1987.2866669902578,0.006292015314102173,3830.239959061146
pessimistic,250,multistation,8,8,8,t00546-c00102,102,546,5,0,5,True,False,cancelled_late,24.1486,0.0,0,1,530.0944580230862,3830.0154160242528,0.22504199296236038,0.006207963451743126,3830.246665980667
pessimistic,250,multistation,8,8,8,t00546-c00121,121,546,5,0,5,True,False,cancelled_late,24.4306,0.0,0,1,530.0534999696538,3829.9742909148335,0.26291701942682266,0.005625071935355663,3830.2428330061957
pessimistic,250,multistation,8,8,8,t00547-c00069,69,547,1,0,1,True,False,cancelled_late,30.887,0.0,0,1,45.17016699537635,45.17016699537635,0.024124979972839355,0.011999974958598614,45.20629195030779
pessimistic,250,multistation,8,8,8,t00548-c00069,69,548,3,0,3,True,False,satisfied,32.4852,32.5,65,1,474.8239169130102,1041.6949579957873,300.22016703151166,0.017332960851490498,1341.9324579881504
pessimistic,250,multistation,8,8,8,t00548-c00078,78,548,5,0,5,True,False,no_show,16.0693,0.0,0,1,24.58454098086804,1341.840666020289,0.13229204341769218,0.009874929673969746,1341.9828329933807
pessimistic,250,multistation,8,8,8,t00548-c00128,128,548,3,0,3,True,False,satisfied,19.2141,19.6,28,1,395.28350008185953,949.3913340847939,392.5767079927027,0.006416928954422474,1341.974459006451
pessimistic,250,multistation,8,8,8,t00548-c00224,224,548,12,0,12,True,False,satisfied,26.614,27.3,39,1,67.36412504687905,1341.7380419559777,0.22083299700170755,0.008458038792014122,1341.9673329917714
pessimistic,250,multistation,8,8,8,t00550-c00007,7,550,12,0,12,True,False,satisfied,27.1655,26.6,38,1,158.20325003005564,1916.5146669838578,0.027416041120886803,0.02358399797230959,1916.565667022951
pessimistic,250,multistation,8,8,8,t00550-c00026,26,550,3,0,3,True,False,no_show,27.1257,0.0,0,1,265.49749996047467,1591.65508300066,324.94862494058907,0.008417060598731041,1916.6121250018477
pessimistic,250,multistation,8,8,8,t00550-c00044,44,550,4,0,4,True,False,satisfied,19.6042,20.0,40,1,422.9719169670716,1155.9084579348564,760.6911670882255,0.006457907147705555,1916.6060829302296
pessimistic,250,multistation,8,8,8,t00550-c00056,56,550,13,0,13,True,False,cancelled_late,13.4742,0.0,0,1,29.16154102422297,1916.3754159817472,0.22233405616134405,0.0077909789979457855,1916.6055410169065
pessimistic,250,multistation,8,8,8,t00551-c00037,37,551,4,0,4,True,False,cancelled_late,26.4985,0.0,0,1,225.7499999832362,438.7506250059232,155.24562494829297,0.02129108179360628,594.0175410360098
pessimistic,250,multistation,8,8,8,t00551-c00147,147,551,6,0,6,True,False,no_show,21.4523,0.0,0,1,38.64183300174773,593.9112920314074,0.15333294868469238,0.009707990102469921,594.0743329701945
pessimistic,250,multistation,8,8,8,t00552-c00037,37,552,4,0,4,True,False,satisfied,27.664,27.6,46,1,558.5159580223262,823.0339580914006,1347.8062499780208,0.028959009796380997,2170.8691670792177
pessimistic,250,multistation,8,8,8,t00552-c00121,121,552,5,0,5,True,False,satisfied,21.6521,21.7,31,1,277.9855419648811,2170.7540419884026,0.16437494195997715,0.010665971785783768,2170.9290829021484
pessimistic,250,multistation,8,8,8,t00552-c00166,166,552,9,0,9,True,False,no_show,23.9169,0.0,0,1,277.94025000184774,2170.7089169649407,0.21700002253055573,0.008582952432334423,2170.9344999399036
pessimistic,250,multistation,8,8,8,t00552-c00227,227,552,5,0,5,True,False,cancelled_late,20.8969,0.0,0,1,277.89516595657915,2170.663957949728,0.2532079815864563,0.006500049494206905,2170.9236659808084
pessimistic,250,multistation,8,8,8,t00553-c00056,56,553,4,0,4,True,False,no_show,16.6243,0.0,0,1,219.66616599820554,330.46504098456353,320.0165000744164,0.02270890399813652,650.5042499629781
pessimistic,250,multistation,8,8,8,t00553-c00102,102,553,6,0,6,True,False,breakdown,25.2611,0.0,0,1,51.23941705096513,650.4005000460893,0.1385000068694353,0.01066701952368021,650.5496670724824
pessimistic,250,multistation,8,8,8,t00553-c00227,227,553,4,0,4,True,False,satisfied,20.4756,21.0,35,1,166.16287489887327,550.3893749555573,100.14404100365937,0.007041962817311287,650.540457922034
pessimistic,250,multistation,8,8,8,t00554-c00188,188,554,3,0,3,True,False,cancelled_late,21.5666,0.0,0,1,29.402291984297335,107.636583968997,0.03433309029787779,0.015666941180825233,107.6865840004757
pessimistic,250,multistation,8,8,8,t00555-c00002,2,555,7,0,7,True,False,cancelled_early,22.46,0.0,0,1,156.93433303385973,515.0817079702392,63.76366701442748,0.018916092813014984,578.8642910774797
pessimistic,250,multistation,8,8,8,t00555-c00192,192,555,7,0,7,True,False,cancelled_early,22.3242,0.0,0,1,34.14666699245572,578.7558750016615,0.15420897398144007,0.010165967978537083,578.9202499436215
pessimistic,250,multistation,8,8,8,t00556-c00002,2,556,7,0,7,True,False,cancelled_early,22.7346,0.0,0,1,36.90416691824794,1214.0266669448465,35.918832989409566,0.022249994799494743,1249.9677499290556
pessimistic,250,multistation,8,8,8,t00556-c00066,66,556,18,0,18,True,False,satisfied,17.1433,17.5,25,1,62.795500038191676,1249.8672500951216,0.16862491611391306,0.016166013665497303,1250.052041024901
pessimistic,250,multistation,8,8,8,t00556-c00192,192,556,5,0,5,True,False,satisfied,23.0217,23.1,33,1,152.42966706864536,985.6318749953061,264.4147080136463,0.007834052667021751,1250.0544170616195
pessimistic,250,multistation,8,8,8,t00557-c00002,2,557,7,0,7,True,False,cancelled_early,29.742,0.0,0,1,50.5217919126153,916.5396669413894,0.021290965378284454,0.02150004729628563,916.582457954064
pessimistic,250,multistation,8,8,8,t00557-c00181,181,557,6,0,6,True,False,no_show,14.688,0.0,0,1,173.4639999922365,818.114582914859,98.52041711565107,0.010124989785254002,916.6451250202954
pessimistic,250,multistation,8,8,8,t00557-c00185,185,557,4,0,4,True,False,cancelled_late,19.6344,0.0,0,1,173.42133400961757,592.3011669656262,324.331916985102,0.006875023245811462,916.639958973974
pessimistic,250,multistation,8,8,8,t00557-c00238,238,557,1,0,1,True,False,satisfied,21.7533,21.6,27,1,115.33862503711134,115.33862503711134,801.2932919664308,0.005332985892891884,916.6372499894351
pessimistic,250,multistation,8,8,8,t00558-c00002,2,558,4,0,4,True,False,satisfied,24.1689,24.5,35,1,400.9579170960933,553.0107500962913,386.8727919179946,0.01879199407994747,939.9023340083659
pessimistic,250,multistation,8,8,8,t00558-c00103,103,558,5,0,5,True,False,satisfied,28.8064,29.6,37,1,40.526416967622936,939.7997499909252,0.13279193080961704,0.009666080586612225,939.9422080023214
pessimistic,250,multistation,8,8,8,t00558-c00163,163,558,3,0,3,True,False,cancelled_early,23.3853,0.0,0,1,372.70545901264995,862.7356250071898,77.19120907131582,0.006875023245811462,939.9337091017514
pessimistic,250,multistation,8,8,8,t00558-c00248,248,558,4,0,4,True,False,cancelled_early,16.9655,0.0,0,1,372.6545829558745,862.6846669940278,77.24583300296217,0.006332993507385254,939.9368329904974
pessimistic,250,multistation,8,8,8,t00559-c00052,52,559,6,0,6,True,False,cancelled_late,16.8714,0.0,0,1,67.43779103271663,447.2066250164062,0.023833010345697403,0.0189170241355896,447.24937505088747
pessimistic,250,multistation,8,8,8,t00559-c00163,163,559,1,0,1,True,False,cancelled_early,15.3784,0.0,0,1,15.686917002312839,15.686917002312839,431.6010409966111,0.006791902706027031,447.29474990163
pessimistic,250,multistation,8,8,8,t00559-c00248,248,559,3,0,3,True,False,no_show,7.1375,0.0,0,1,30.734375002793968,347.5655830698088,99.71912496257573,0.006541959010064602,447.2912499913946
pessimistic,250,multistation,8,8,8,t00560-c00163,163,560,4,0,4,True,False,cancelled_late,21.9816,0.0,0,1,109.63374993298203,251.81049993261695,70.27212507091463,0.017332960851490498,322.09995796438307
pessimistic,250,multistation,8,8,8,t00560-c00188,188,560,4,0,4,True,False,cancelled_early,20.0157,0.0,0,1,47.825333080254495,321.9930410850793,0.14691695105284452,0.007999944500625134,322.1479579806328
pessimistic,250,multistation,8,8,8,t00561-c00116,116,561,1,0,1,True,False,cancelled_late,11.1017,0.0,0,1,124.08195901662111,124.08195901662111,828.4692500019446,0.021875021047890186,952.5730840396136
pessimistic,250,multistation,8,8,8,t00561-c00185,185,561,6,0,6,True,False,cancelled_early,28.3763,0.0,0,1,124.02820796705782,952.4680830072612,0.1801669131964445,0.012208009138703346,952.6604579295963
pessimistic,250,multistation,8,8,8,t00561-c00188,188,561,7,0,7,True,False,satisfied,22.1415,22.4,32,1,33.941500005312264,732.6805830234662,219.98749999329448,0.009875046089291573,952.6779580628499
pessimistic,250,multistation,8,8,8,t00562-c00052,52,562,7,0,7,True,False,no_show,18.0223,0.0,0,1,47.683791955932975,858.3686669589952,612.3836250044405,0.025833025574684143,1470.7781249890104
pessimistic,250,multistation,8,8,8,t00562-c00163,163,562,1,0,1,True,False,satisfied,21.9931,12.0,24,1,143.0703749647364,143.0703749647364,1327.7328329859301,0.007375027053058147,1470.8105829777196
pessimistic,250,multistation,8,8,8,t00562-c00185,185,562,9,0,9,True,False,satisfied,24.5413,24.8,62,1,143.02620897069573,1470.6147919641808,0.19070797134190798,0.00908400397747755,1470.8145839395002
pessimistic,250,multistation,8,8,8,t00563-c00059,59,563,5,0,5,True,False,no_show,28.7389,0.0,0,1,58.379792026244104,606.3692079624161,0.026792054995894432,0.02720800694078207,606.4232080243528
pessimistic,250,multistation,8,8,8,t00563-c00246,246,563,3,0,3,True,False,breakdown,29.6499,0.0,0,1,180.74325006455183,491.2862920900807,115.17304100561887,0.008916947990655899,606.4682500436902
pessimistic,250,multistation,8,8,8,t00564-c00182,182,564,3,0,3,True,False,satisfied,27.6179,28.0,40,1,47.6702080341056,143.12891697045416,0.03758305683732033,0.018832972273230553,143.1853329995647
pessimistic,250,multistation,8,8,8,t00565-c00112,112,565,1,0,1,True,False,satisfied,34.3038,34.5,69,1,72.45916698593646,72.45916698593646,0.030166003853082657,0.01791701652109623,72.50725000631064
pessimistic,250,multistation,8,8,8,t00566-c00092,92,566,3,0,3,True,False,cancelled_late,10.8008,0.0,0,1,12.272833031602204,48.59291610773653,0.029041897505521774,0.025583081878721714,48.64754108712077
pessimistic,250,multistation,8,8,8,t00567-c00096,96,567,5,0,5,True,False,no_show,20.0102,0.0,0,1,94.18241702951491,1229.4114589458331,0.03220804501324892,0.02316699828952551,1229.466833989136
pessimistic,250,multistation,8,8,8,t00567-c00109,109,567,4,0,4,True,False,satisfied,15.5685,16.0,32,1,363.95641695708036,633.5624170023948,595.9297500085086,0.008707982487976551,1229.5008749933913
pessimistic,250,multistation,8,8,8,t00567-c00139,139,567,10,0,10,True,False,no_show,30.2324,0.0,0,1,94.0794589696452,1229.308999958448,0.18370896577835083,0.008624978363513947,1229.50133390259
pessimistic,250,multistation,8,8,8,t00569-c00051,51,569,20,0,20,True,False,cancelled_early,25.9698,0.0,0,1,51.05295800603926,1474.0637500071898,0.03545801155269146,0.024124979972839355,1474.1233329987153
pessimistic,250,multistation,8,8,8,t00569-c00241,241,569,3,0,3,True,False,no_show,20.7633,0.0,0,1,118.65204200148582,855.5756249697879,618.6032500118017,0.008167000487446785,1474.187041982077
pessimistic,250,multistation,8,8,8,t00570-c00051,51,570,6,0,6,True,False,satisfied,23.7767,24.0,40,1,37.323250086046755,376.1932500638068,0.028665992431342602,0.025999965146183968,376.2479160213843
pessimistic,250,multistation,8,8,8,t00571-c00058,58,571,5,0,5,True,False,satisfied,23.6923,24.0,40,1,45.33104202710092,258.41329200193286,0.02466607838869095,0.021249987185001373,258.45920806750655
pessimistic,250,multistation,8,8,8,t00572-c00092,92,572,6,0,6,True,False,cancelled_late,12.9168,0.0,0,1,23.877749918028712,191.67645799461752,0.032041920349001884,0.021125073544681072,191.7296249885112
pessimistic,250,multistation,8,8,8,t00573-c00092,92,573,13,0,13,True,False,no_show,18.6842,0.0,0,1,42.282207985408604,2502.2621660027653,0.03487500362098217,0.023333937861025333,2502.3203749442473
pessimistic,250,multistation,8,8,8,t00573-c00116,116,573,9,0,9,True,False,satisfied,13.2811,13.6,34,1,244.20545797329396,2442.5667920149863,59.790165978483856,0.011124997399747372,2502.36808299087
pessimistic,250,multistation,8,8,8,t00573-c00152,152,573,4,0,4,True,False,satisfied,24.7466,25.2,42,1,394.9022500310093,1761.125540942885,741.2359589943662,0.006541027687489986,2502.3680409649387
pessimistic,250,multistation,8,8,8,t00573-c00153,153,573,4,0,3,True,False,cancelled_late,21.1843,0.0,0,1,668.358749942854,1761.0883340239525,741.2672499194741,0.005415990017354488,2502.360999933444
pessimistic,250,multistation,8,8,8,t00573-c00213,213,573,3,0,3,True,False,satisfied,22.4917,22.8,57,1,315.95695798750967,2185.9335410408676,316.4264999795705,0.006249989382922649,2502.366291009821
pessimistic,250,multistation,8,8,8,t00573-c00222,222,573,1,0,1,True,False,cancelled_late,18.9378,0.0,0,1,691.6192920180038,691.6192920180038,1810.7298329705372,0.004875008016824722,2502.353999996558
pessimistic,250,multistation,8,8,8,t00574-c00153,153,574,4,0,4,True,False,no_show,24.1862,0.0,0,1,24.71054100897163,148.365999921225,0.0350000336766243,0.015791039913892746,148.41679099481553
pessimistic,250,multistation,8,8,8,t00575-c00222,222,575,1,0,1,True,False,satisfied,19.1578,19.6,28,1,15.90479095466435,15.90479095466435,0.02750009298324585,0.011249911040067673,15.943540958687663
pessimistic,250,multistation,8,8,8,t00576-c00021,21,576,5,0,5,True,False,satisfied,15.3386,15.6,39,1,58.862000005319715,572.1525410190225,0.022541964426636696,0.015375087969005108,572.1904580714181
pessimistic,250,multistation,8,8,8,t00576-c00240,240,576,3,0,3,True,False,satisfied,20.2546,20.8,26,1,58.79575002472848,572.0862080343068,0.12841704301536083,0.007416936568915844,572.222042013891
pessimistic,250,multistation,8,8,8,t00577-c00239,239,577,5,0,5,True,False,satisfied,22.3449,22.4,32,1,33.59529096633196,191.3907079724595,0.04058296326547861,0.018291990272700787,191.44958292599767
pessimistic,250,multistation,8,8,8,t00578-c00187,187,578,5,0,5,True,False,satisfied,15.08,15.5,31,1,105.38349999114871,298.4185829991475,119.15500008035451,0.01695798709988594,417.5905410666019
pessimistic,250,multistation,8,8,8,t00578-c00245,245,578,3,0,3,True,False,no_show,38.1846,0.0,0,1,82.51262502744794,417.47700003907084,0.13704097364097834,0.008458970114588737,417.6224999828264
pessimistic,250,multistation,8,8,8,t00578-c00248,248,578,1,0,1,True,False,cancelled_early,19.9213,0.0,0,1,21.260667010210454,21.260667010210454,396.3437909260392,0.005375011824071407,417.60983294807374
pessimistic,250,multistation,8,8,8,t00579-c00248,248,579,1,0,1,True,False,satisfied,19.8019,20.0,40,1,21.454500034451485,21.454500034451485,0.0367090106010437,0.012125005014240742,21.50333405006677
pessimistic,250,multistation,8,8,8,t00580-c00091,91,580,1,0,1,True,False,satisfied,29.7703,14.7,21,1,13.478584005497396,13.478584005497396,0.01950003206729889,0.010332907550036907,13.508416945114732
pessimistic,250,multistation,8,8,8,t00581-c00181,181,581,4,1,3,True,False,no_show,14.3211,0.0,0,1,286.4889580523595,602.313540992327,605.2150420146063,0.016125035472214222,1207.5447080424055
pessimistic,250,multistation,8,8,8,t00582-c00197,197,582,18,0,18,True,False,no_show,27.9267,0.0,0,1,46.73279100097716,1197.0674160402268,0.12995896395295858,0.013999990187585354,1197.2113749943674
pessimistic,250,multistation,8,8,8,t00584-c00078,78,584,5,0,5,True,False,satisfied,19.3929,19.8,33,1,77.7280000038445,197.31824996415526,0.023875036276876926,0.01591700129210949,197.35804200172424
pessimistic,250,multistation,8,8,8,t00588-c00025,25,588,4,0,4,True,False,satisfied,22.3105,22.4,56,1,537.5745000783354,1228.8558341097087,871.9385409494862,0.019834027625620365,2100.8142090868205
pessimistic,250,multistation,8,8,8,t00588-c00083,83,588,6,0,6,True,False,no_show,38.7763,0.0,0,1,120.11233298107982,1918.3698750566691,182.48454190324992,0.01100008375942707,2100.8654170436785
pessimistic,250,multistation,8,8,8,t00588-c00198,198,588,12,0,12,True,False,no_show,21.8912,0.0,0,1,120.06104202009737,2100.665666977875,0.19429204985499382,0.009582960046827793,2100.8695419877768
pessimistic,250,multistation,8,8,8,t00589-c00027,27,589,3,0,3,True,False,satisfied,22.0481,21.7,31,1,108.77158399671316,324.8110000276938,301.31820891983807,0.020458013750612736,626.1496669612825
pessimistic,250,multistation,8,8,8,t00589-c00056,56,589,3,0,3,True,False,no_show,12.4378,0.0,0,1,108.72141702566296,324.7609999962151,301.42770800739527,0.009292038157582283,626.198000041768
pessimistic,250,multistation,8,8,8,t00589-c00155,155,589,9,0,9,True,False,no_show,19.2087,0.0,0,1,13.901249971240759,626.0017500026152,0.18850003834813833,0.009499955922365189,626.1997499968857
pessimistic,250,multistation,8,8,8,t00591-c00093,93,591,5,0,5,True,False,no_show,30.7698,0.0,0,1,120.80766598228365,799.1444580256939,0.02587493509054184,0.019167084246873856,799.1895000450313
pessimistic,250,multistation,8,8,8,t00592-c00199,199,592,6,0,6,True,False,cancelled_early,25.0431,0.0,0,1,88.93154200632125,706.9080830551684,0.03837491385638714,0.01908408012241125,706.9655420491472
pessimistic,250,multistation,8,8,8,t00593-c00199,199,593,12,0,12,True,False,cancelled_early,22.1271,0.0,0,1,73.92524997703731,1277.8002920094877,0.04341593012213707,0.022834050469100475,1277.866541990079
pessimistic,250,multistation,8,8,8,t00594-c00135,135,594,4,1,3,True,False,cancelled_late,13.1283,0.0,0,1,801.0421249782667,829.2053329059854,0.030125025659799576,0.014750054106116295,829.2502079857513
pessimistic,250,multistation,8,8,8,t00594-c00166,166,594,1,0,1,True,False,no_show,21.6981,0.0,0,1,17.32295798137784,17.32295798137784,752.5238330708817,0.015708967112004757,769.8625000193715
pessimistic,250,multistation,8,8,8,t00594-c00199,199,594,6,0,6,True,False,no_show,25.3575,0.0,0,1,106.1188749736175,769.7527919663116,0.13112497981637716,0.010499963536858559,769.8944169096649
pessimistic,250,multistation,8,8,8,t00596-c00038,38,596,3,0,3,True,False,satisfied,15.8904,16.0,20,1,18.064333009533584,56.646040990017354,0.020083971321582794,0.015958095900714397,56.68208305723965
pessimistic,250,multistation,8,8,8,t00596-c00073,73,596,0,4,0,False,True,abandoned,25.3684,0.0,0,0,,,,,
pessimistic,250,multistation,8,8,8,t00597-c00169,169,597,1,0,1,True,False,satisfied,18.5035,19.2,24,1,95.69429198745638,95.69429198745638,182.11112497374415,0.015583005733788013,277.8209999669343
pessimistic,250,multistation,8,8,8,t00597-c00177,177,597,5,0,5,True,False,satisfied,21.9023,20.4,34,1,42.51525003928691,277.7248329948634,0.12470805086195469,0.01033395528793335,277.8598750010133
pessimistic,250,multistation,8,8,8,t00600-c00147,147,600,11,0,11,True,False,satisfied,22.5895,23.0,46,1,55.45470805373043,735.3375409729779,0.038375030271708965,0.021292013116180897,735.3972080163658
pessimistic,250,multistation,8,8,8,t00601-c00004,4,601,2,0,2,True,False,cancelled_early,13.4162,0.0,0,1,18.56583298649639,270.89991595130414,82.39624998532236,0.014833989553153515,353.31099992617965
pessimistic,250,multistation,8,8,8,t00601-c00034,34,601,6,0,6,True,False,no_show,29.8843,0.0,0,1,18.51545798126608,353.22737495880574,0.12245797552168369,0.008833012543618679,353.35866594687104
pessimistic,250,multistation,8,8,8,t00601-c00135,135,601,3,0,2,True,False,cancelled_late,10.6621,0.0,0,1,114.53783302567899,270.7964170258492,82.54424994811416,0.00558304600417614,353.34625001996756
pessimistic,250,multistation,8,8,8,t00602-c00004,4,602,1,0,1,True,False,satisfied,26.6752,15.0,30,1,84.95095907710493,84.95095907710493,392.7121659507975,0.014999997802078724,477.6781250257045
pessimistic,250,multistation,8,8,8,t00602-c00134,134,602,9,0,9,True,False,cancelled_late,20.7561,0.0,0,1,38.34466706030071,477.58020809851587,0.12387498281896114,0.012042000889778137,477.7161250822246
pessimistic,250,multistation,8,8,8,t00602-c00135,135,602,2,0,1,True,False,cancelled_late,13.5158,0.0,0,1,291.42508294899017,291.42508294899017,186.29075004719198,0.005541951395571232,477.7213749475777
pessimistic,250,multistation,8,8,8,t00603-c00135,135,603,4,0,4,True,False,satisfied,15.8086,16.1,23,1,34.01862503960729,120.73795800097287,0.03004202153533697,0.016832957044243813,120.78483297955245
pessimistic,250,multistation,8,8,8,t00603-c00159,159,603,1,0,1,True,False,no_show,16.1783,0.0,0,1,47.21050010994077,47.21050010994077,73.59849999193102,0.006832997314631939,120.81583309918642
pessimistic,250,multistation,8,8,8,t00604-c00012,12,604,6,0,6,True,False,satisfied,17.786,18.0,30,1,28.168790973722935,268.0644158972427,151.4949999982491,0.01650000922381878,419.57591590471566
pessimistic,250,multistation,8,8,8,t00604-c00215,215,604,3,0,3,True,False,cancelled_late,32.6334,0.0,0,1,63.12774994876236,419.4658750202507,0.1263340236619115,0.0077500008046627045,419.59995904471725
pessimistic,250,multistation,8,8,8,t00605-c00134,134,605,10,0,10,True,False,no_show,23.0,0.0,0,1,44.401666964404285,583.106999984011,0.037624966353178024,0.027333036996424198,583.1719579873607
pessimistic,250,multistation,8,8,8,t00606-c00024,24,606,4,0,4,True,False,satisfied,37.7232,38.0,95,1,215.75320896226913,991.3749169791117,0.02329191192984581,0.016166013665497303,991.4143749047071
pessimistic,250,multistation,8,8,8,t00608-c00011,11,608,5,0,5,True,False,cancelled_late,24.5856,0.0,0,1,61.02091702632606,573.8135420251638,83.84045795537531,0.016417005099356174,657.6704169856384
pessimistic,250,multistation,8,8,8,t00608-c00036,36,608,6,0,6,True,False,satisfied,19.4183,19.5,39,1,221.4473329950124,657.5811250368133,0.11749996338039637,0.009333016350865364,657.7079580165446
pessimistic,250,multistation,8,8,8,t00609-c00052,52,609,4,0,4,True,False,cancelled_late,27.628,0.0,0,1,185.5884159449488,651.014665956609,635.2838340681046,0.017249956727027893,1286.3157499814406
pessimistic,250,multistation,8,8,8,t00609-c00181,181,609,3,0,3,True,False,no_show,11.0662,0.0,0,1,109.83854194637388,984.4924589851871,301.8632910680026,0.009166891686618328,1286.3649169448763
pessimistic,250,multistation,8,8,8,t00609-c00215,215,609,10,0,10,True,False,satisfied,30.3435,30.1,43,1,50.891583086922765,1286.1655410379171,0.19079202320426702,0.010791933164000511,1286.3671249942854
pessimistic,250,multistation,8,8,8,t00609-c00234,234,609,3,0,3,True,False,no_show,23.8508,0.0,0,1,97.45354193728417,967.4154999665916,318.9353330526501,0.006416928954422474,1286.357249948196
pessimistic,250,multistation,8,8,8,t00611-c00052,52,611,7,0,7,True,False,cancelled_late,22.428,0.0,0,1,72.65600003302097,649.4165000040084,0.02579099964350462,0.01566705759614706,649.4579580612481
pessimistic,250,multistation,8,8,8,t00612-c00011,11,612,3,0,3,True,False,cancelled_late,25.1895,0.0,0,1,473.12800004146993,1412.384207942523,99.37762503977865,0.01525005791336298,1511.777083040215
pessimistic,250,multistation,8,8,8,t00612-c00028,28,612,13,0,13,True,False,cancelled_late,18.7449,0.0,0,1,195.297333993949,1511.6963339969516,0.13112497981637716,0.012082979083061218,1511.839541955851
pessimistic,250,multistation,8,8,8,t00612-c00236,236,612,4,0,4,True,False,satisfied,23.6477,24.0,60,1,136.44100003875792,1412.273709080182,99.55795796122402,0.005917041562497616,1511.8375840829685
pessimistic,250,multistation,8,8,8,t00613-c00011,11,613,1,0,1,True,False,no_show,26.406,0.0,0,1,81.74791594501585,81.74791594501585,1163.6945840436965,0.021041021682322025,1245.4635410103947
pessimistic,250,multistation,8,8,8,t00613-c00028,28,613,4,0,4,True,False,cancelled_early,25.7582,0.0,0,1,145.01354203093797,1031.4897920470685,214.00949999224395,0.010458054021000862,1245.5097500933334
pessimistic,250,multistation,8,8,8,t00613-c00096,96,613,5,0,5,True,False,no_show,19.1065,0.0,0,1,34.82183290179819,1245.3241249313578,0.19091705325990915,0.00829098280519247,1245.523332967423
pessimistic,250,multistation,8,8,8,t00613-c00241,241,613,6,0,6,True,False,satisfied,24.6657,24.0,40,1,144.90658300928771,1177.7998749166727,67.70595803391188,0.006917049176990986,1245.5127499997616
pessimistic,250,multistation,8,8,8,t00614-c00028,28,614,14,0,14,True,False,cancelled_early,26.2717,0.0,0,1,66.91162497736514,1478.3298328984529,0.02758402843028307,0.022458028979599476,1478.3798749558628
pessimistic,250,multistation,8,8,8,t00614-c00249,249,614,4,0,4,True,False,satisfied,25.0437,25.0,50,1,440.9958750475198,1112.3291660333052,366.0891669569537,0.008750008419156075,1478.427082998678
pessimistic,250,multistation,8,8,8,t00615-c00028,28,615,5,0,5,True,False,no_show,24.0605,0.0,0,1,60.70812500547618,460.01745807006955,0.02116698306053877,0.01791701652109623,460.0565420696512
pessimistic,250,multistation,8,8,8,t00615-c00180,180,615,3,0,3,True,False,no_show,18.3538,0.0,0,1,118.34045790601522,337.9507919307798,122.1224160399288,0.008458970114588737,460.0816669408232
pessimistic,250,multistation,8,8,8,t00616-c00052,52,616,7,0,7,True,False,satisfied,22.4162,22.8,57,1,36.776416935026646,878.229207941331,0.028292066417634487,0.025124987587332726,878.2826249953359
pessimistic,250,multistation,8,8,8,t00616-c00056,56,616,1,0,1,True,False,cancelled_late,20.8739,0.0,0,1,36.72924998681992,36.72924998681992,841.5942499414086,0.008292030543088913,878.3317919587716
pessimistic,250,multistation,8,8,8,t00616-c00139,139,616,2,0,2,True,False,cancelled_early,30.085,0.0,0,1,36.67766693979502,609.3359169317409,268.9998330315575,0.006417045369744301,878.3421670086682
pessimistic,250,multistation,8,8,8,t00617-c00059,59,617,3,2,3,True,False,cancelled_early,32.7732,0.0,0,1,688.0139580462128,931.2561250990257,43.28124993480742,0.019249971956014633,974.5566250057891
pessimistic,250,multistation,8,8,8,t00617-c00081,81,617,5,0,5,True,False,no_show,19.3368,0.0,0,1,27.502042008563876,156.93058294709772,0.028542010113596916,0.022332998923957348,156.98145795613527
pessimistic,250,multistation,8,8,8,t00617-c00139,139,617,1,0,1,True,False,satisfied,24.3409,14.0,20,1,57.494624983519316,57.494624983519316,99.53100001439452,0.008333008736371994,157.0339580066502
pessimistic,250,multistation,8,8,8,t00618-c00068,68,618,5,0,5,True,False,cancelled_early,13.8556,0.0,0,1,26.15599997807294,431.1047919327393,0.024708104319870472,0.018749968148767948,431.14825000520796
pessimistic,250,multistation,8,8,8,t00618-c00153,153,618,8,0,8,True,False,satisfied,24.6972,24.0,30,1,72.40641699172556,384.3517500208691,46.84537497814745,0.011792057193815708,431.20891705621034
pessimistic,250,multistation,8,8,8,t00619-c00068,68,619,5,0,5,True,False,cancelled_late,13.2062,0.0,0,1,24.532875046133995,382.3726660339162,0.1337919384241104,0.010041985660791397,382.5164999580011
pessimistic,250,multistation,8,8,8,t00620-c00035,35,620,1,0,1,True,False,breakdown,34.4631,0.0,0,1,196.81124994531274,196.81124994531274,142.93454203289002,0.015166006051003933,339.76095798425376
pessimistic,250,multistation,8,8,8,t00620-c00059,59,620,4,0,4,True,False,cancelled_early,33.2247,0.0,0,1,72.29791709687561,339.6745000500232,0.12191699352115393,0.009958050213754177,339.8063750937581
pessimistic,250,multistation,8,8,8,t00620-c00127,127,620,1,0,1,True,False,no_show,21.7065,0.0,0,1,196.71350007411093,196.71350007411093,143.0997089482844,0.005749985575675964,339.818959007971
pessimistic,250,multistation,8,8,8,t00621-c00026,26,621,1,0,1,True,False,satisfied,33.4264,18.0,45,1,125.27695903554559,125.27695903554559,394.1270000068471,0.017666025087237358,519.4216250674799
pessimistic,250,multistation,8,8,8,t00621-c00029,29,621,4,0,4,True,False,cancelled_late,21.3984,0.0,0,1,153.60900002997369,308.7794999592006,210.68283403292298,0.010791001841425896,519.473124993965
pessimistic,250,multistation,8,8,8,t00621-c00059,59,621,5,0,5,True,False,breakdown,29.1975,0.0,0,1,62.33729200903326,519.2896249936894,0.1919999485835433,0.008792034350335598,519.4904169766232
pessimistic,250,multistation,8,8,8,t00622-c00071,71,622,10,0,10,True,False,cancelled_late,14.3694,0.0,0,1,27.33704203274101,259.89208300597966,0.02887495793402195,0.021249987185001373,259.9422079510987
pessimistic,250,multistation,8,8,8,t00622-c00168,168,622,1,0,1,True,False,satisfied,9.7571,10.2,17,1,126.84304197318852,126.84304197318852,133.14179109875113,0.0074999406933784485,259.992333012633
pessimistic,250,multistation,8,8,8,t00622-c00206,206,622,1,3,1,True,False,satisfied,18.0959,17.6,22,1,5919.670665985905,5919.670665985905,0.037209014408290386,0.017124926671385765,5919.724999926984
pessimistic,250,multistation,8,8,8,t00623-c00068,68,623,5,0,5,True,False,satisfied,14.3822,14.4,24,1,308.63558396231383,3871.769209043123,395.2575409784913,0.018417020328342915,4267.0451670419425
pessimistic,250,multistation,8,8,8,t00623-c00092,92,623,4,0,4,True,False,satisfied,25.1091,25.5,51,1,308.5854999953881,3871.7190839815885,395.3634580830112,0.008207978680729866,4267.09075004328
pessimistic,250,multistation,8,8,8,t00623-c00106,106,623,17,0,17,True,False,satisfied,22.6124,22.6792,38,1,44.85745797865093,4266.904916032217,0.1837499439716339,0.011499971151351929,4267.10016594734
pessimistic,250,multistation,8,8,8,t00624-c00029,29,624,7,0,7,True,False,satisfied,21.2788,21.7,31,1,31.53445792850107,1282.5018329313025,86.1890830565244,0.022916938178241253,1368.7138329260051
pessimistic,250,multistation,8,8,8,t00624-c00140,140,624,13,0,13,True,False,satisfied,19.5217,19.6,49,1,90.92287498060614,1368.60358400736,0.15812506899237633,0.013332930393517017,1368.775042006746
pessimistic,250,multistation,8,8,8,t00626-c00071,71,626,5,0,5,True,False,cancelled_late,21.5641,0.0,0,1,29.26295797806233,150.98816703539342,0.025499961338937283,0.018874998204410076,151.03254199493676
pessimistic,250,multistation,8,8,8,t00627-c00009,9,627,16,0,16,True,False,satisfied,34.2976,34.8,58,1,92.69895788747817,2192.52516690176,0.02820801455527544,0.02575002145022154,2192.5791249377653
pessimistic,250,multistation,8,8,8,t00627-c00111,111,627,5,0,5,True,False,satisfied,11.5783,11.9,17,1,16.04808308184147,2079.825666034594,112.78450000099838,0.011124997399747372,2192.6212910329923
pessimistic,250,multistation,8,8,8,t00627-c00183,183,627,5,0,5,True,False,satisfied,24.4608,24.6,41,1,502.8633330948651,1352.1719999844208,840.442750020884,0.00866700429469347,2192.6234170095995
pessimistic,250,multistation,8,8,8,t00628-c00198,198,628,3,0,3,True,False,satisfied,30.33,30.8,44,1,12.470083078369498,93.6516250949353,0.03616593312472105,0.015459023416042328,93.70325005147606
pessimistic,250,multistation,8,8,8,t00629-c00015,15,629,7,0,7,True,False,satisfied,21.5208,19.5,39,1,48.042249982245266,1415.3705419739708,42.38120804075152,0.01908303238451481,1457.7708330471069
pessimistic,250,multistation,8,8,8,t00629-c00071,71,629,13,0,13,True,False,satisfied,21.7334,22.4,28,1,78.30454199574888,1457.6692080590874,0.14654197730123997,0.01395796425640583,1457.829708000645
pessimistic,250,multistation,8,8,8,t00629-c00088,88,629,9,0,9,True,False,cancelled_late,19.0063,0.0,0,1,264.338375069201,1312.4592090025544,145.3642500564456,0.007833004929125309,1457.8312920639291
pessimistic,250,multistation,8,8,8,t00629-c00190,190,629,3,0,3,True,False,satisfied,19.7316,20.0,40,1,308.6809159722179,1214.5228330045938,243.30658302642405,0.006834045052528381,1457.8362500760704
pessimistic,250,multistation,8,8,8,t00630-c00197,197,630,5,0,5,True,False,satisfied,34.0178,34.3,49,1,52.14029201306403,305.5198750225827,0.03945804201066494,0.02245896030217409,305.58179202489555
pessimistic,250,multistation,8,8,8,t00631-c00142,142,631,5,0,5,True,False,cancelled_early,32.9112,0.0,0,1,116.19574995711446,791.869374923408,0.03245903644710779,0.025833025574684143,791.9276669854298
pessimistic,250,multistation,8,8,8,t00632-c00142,142,632,6,0,6,True,False,cancelled_late,29.3564,0.0,0,1,96.14633303135633,900.1014579553157,0.03750005271285772,0.030082999728620052,900.1690410077572
pessimistic,250,multistation,8,8,8,t00632-c00181,181,632,3,0,3,True,False,cancelled_late,26.4578,0.0,0,1,164.86466699279845,665.7894169911742,234.4391249353066,0.00900006853044033,900.2375419950113
pessimistic,250,multistation,8,8,8,t00633-c00137,137,633,5,0,5,True,False,cancelled_early,19.0557,0.0,0,1,17.05274998676032,165.7697909977287,0.0315000070258975,0.020209001377224922,165.82150000613183
pessimistic,250,multistation,8,8,8,t00634-c00088,88,634,11,0,11,True,False,no_show,23.7577,0.0,0,1,136.1095830798149,915.6284159980714,0.03404205199331045,0.021249987185001373,915.6837080372497
pessimistic,250,multistation,8,8,8,t00634-c00137,137,634,5,0,5,True,False,satisfied,21.9335,22.2,37,1,27.383790933527052,850.2414999529719,65.47825003508478,0.011124997399747372,915.7308749854565
pessimistic,250,multistation,8,8,8,t00635-c00155,155,635,1,0,1,True,False,cancelled_late,23.6247,0.0,0,1,12.497249990701675,12.497249990701675,461.6958750411868,0.013791956007480621,474.20691698789597
pessimistic,250,multistation,8,8,8,t00635-c00245,245,635,4,0,4,True,False,cancelled_early,43.715,0.0,0,1,105.12458300217986,474.09733303356916,0.14320900663733482,0.009207986295223236,474.2497500265017
pessimistic,250,multistation,8,8,8,t00636-c00022,22,636,5,0,5,True,False,satisfied,18.0608,14.4,18,1,18.69954203721136,788.3318330859765,0.02204196061939001,0.01837499439716339,788.3722500409931
pessimistic,250,multistation,8,8,8,t00636-c00195,195,636,5,0,5,True,False,cancelled_early,17.6887,0.0,0,1,18.632292049005628,788.2650420069695,0.1283750170841813,0.007916009053587914,788.4013330331072
pessimistic,250,multistation,8,8,8,t00636-c00205,205,636,1,0,1,True,False,cancelled_late,18.8796,0.0,0,1,51.9529590383172,51.9529590383172,736.447750008665,0.005582929588854313,788.4062919765711
pessimistic,250,multistation,8,8,8,t00636-c00245,245,636,4,0,4,True,False,cancelled_late,41.9296,0.0,0,1,129.17337496764958,514.571041916497,273.825415992178,0.006583984941244125,788.4030418936163
pessimistic,250,multistation,8,8,8,t00637-c00195,195,637,5,0,5,True,False,cancelled_late,18.4637,0.0,0,1,16.166500048711896,256.5130000002682,0.03825000021606684,0.016625039279460907,256.56787503976375
pessimistic,250,multistation,8,8,8,t00638-c00142,142,638,18,0,18,True,False,satisfied,31.0031,31.2,78,1,83.52049998939037,3023.472125059925,0.047291978262364864,0.02779101487249136,3023.54720805306
pessimistic,250,multistation,8,8,8,t00638-c00181,181,638,9,0,9,True,False,cancelled_late,22.0544,0.0,0,1,296.46724998019636,2577.6820830069482,445.8906250074506,0.009916955605149269,3023.582624970004
pessimistic,250,multistation,8,8,8,t00639-c00063,63,639,14,0,14,True,False,no_show,11.3969,0.0,0,1,111.19170801248401,2633.8353329338133,0.03183400258421898,0.02266606315970421,2633.8898329995573
pessimistic,250,multistation,8,8,8,t00639-c00146,146,639,3,0,3,True,False,cancelled_late,26.1101,0.0,0,1,648.1615410884842,1895.3993750037625,738.5117500089109,0.00825000461190939,2633.9193750172853
pessimistic,250,multistation,8,8,8,t00639-c00195,195,639,17,0,17,True,False,cancelled_late,24.4247,0.0,0,1,111.08658404555172,2633.730584057048,0.20241597667336464,0.010124989785254002,2633.9431250235066
pessimistic,250,multistation,8,8,8,t00640-c00122,122,640,4,0,4,True,False,cancelled_late,23.6132,0.0,0,1,53.357250057160854,379.2542910668999,0.035624951124191284,0.02050003968179226,379.3104160577059
pessimistic,250,multistation,8,8,8,t00641-c00090,90,641,4,0,4,True,False,no_show,22.8652,0.0,0,1,8.96441692020744,314.60970791522413,97.96904202084988,0.018542050383985043,412.597291986458
pessimistic,250,multistation,8,8,8,t00641-c00146,146,641,3,0,3,True,False,no_show,28.6443,0.0,0,1,86.0684160143137,412.4981659697369,0.11654198169708252,0.0072499969974160194,412.6219579484314
pessimistic,250,multistation,8,8,8,t00642-c00075,75,642,3,0,2,True,False,cancelled_early,12.4433,0.0,0,1,518.7529160175472,986.1413330072537,522.3349999869242,0.018583028577268124,1508.4949160227552
pessimistic,250,multistation,8,8,8,t00642-c00166,166,642,5,0,5,True,False,satisfied,32.709,33.0,55,1,228.35862496867776,1052.012374973856,456.52587502263486,0.009709037840366364,1508.5479590343311
pessimistic,250,multistation,8,8,8,t00642-c00223,223,642,10,0,10,True,False,no_show,29.8655,0.0,0,1,54.6349169453606,1508.3441250026226,0.19666703883558512,0.010167015716433525,1508.5509590571746
pessimistic,250,multistation,8,8,8,t00643-c00075,75,643,4,1,3,True,False,satisfied,17.7378,18.0,30,1,2527.95637503732,3514.128667069599,486.962707946077,0.007459078915417194,4001.0988340945914
pessimistic,250,multistation,8,8,8,t00643-c00122,122,643,19,0,19,True,False,cancelled_early,24.0179,0.0,0,1,83.8903330732137,2166.8566659791395,0.05025009158998728,0.024084001779556274,2166.931000072509
pessimistic,250,multistation,8,8,8,t00643-c00245,245,643,3,0,3,True,False,satisfied,39.0238,39.2,56,1,412.24591596983373,1440.685790963471,726.2817090377212,0.007458031177520752,2166.9749580323696
pessimistic,250,multistation,8,8,8,t00644-c00034,34,644,11,0,11,True,False,satisfied,33.4027,33.6,42,1,237.30670800432563,1672.1794169861823,160.0958330091089,0.024458044208586216,1832.2997080394998
pessimistic,250,multistation,8,8,8,t00644-c00085,85,644,5,0,5,True,False,satisfied,20.0671,20.5,41,1,187.7549160271883,1386.5802080836147,445.7606669748202,0.0074160052463412285,1832.3482910636812
pessimistic,250,multistation,8,8,8,t00644-c00122,122,644,6,0,6,True,False,satisfied,23.229,23.6,59,1,52.47833393514156,1832.1229999419302,0.21008402109146118,0.0074999406933784485,1832.340583903715
pessimistic,250,multistation,8,8,8,t00645-c00081,81,645,11,0,11,True,False,satisfied,27.9056,28.0,35,1,114.4911659648642,1477.1674158982933,116.52908404357731,0.02337503246963024,1593.7198749743402
pessimistic,250,multistation,8,8,8,t00645-c00181,181,645,21,0,21,True,False,satisfied,25.6415,26.4,33,1,35.0550829898566,1593.6014999169856,0.16075000166893005,0.013541080988943577,1593.7757909996435
pessimistic,250,multistation,8,8,8,t00645-c00204,204,645,4,1,3,True,False,no_show,15.253,0.0,0,1,2313.4412090294063,3098.9112090319395,316.9441249920055,0.006249989382922649,3415.861584013328
pessimistic,250,multistation,8,8,8,t00646-c00157,157,646,14,0,14,True,False,no_show,13.8069,0.0,0,1,190.4580839909613,1820.2367089688778,0.042625004425644875,0.022916006855666637,1820.302249980159
pessimistic,250,multistation,8,8,8,t00646-c00195,195,646,13,0,13,True,False,no_show,18.5132,0.0,0,1,190.40741701610386,1820.185957942158,0.1495840260758996,0.009333016350865364,1820.3448749845847
pessimistic,250,multistation,8,8,8,t00647-c00014,14,647,3,0,2,True,False,satisfied,21.6858,22.4,28,1,386.7783750174567,551.6140840481967,529.227291001007,0.014541903510689735,1080.8559169527143
pessimistic,250,multistation,8,8,8,t00647-c00056,56,647,2,0,2,True,False,cancelled_late,20.1372,0.0,0,1,237.78916604351252,551.5600410290062,529.3159170541912,0.0071249669417738914,1080.8830830501392
pessimistic,250,multistation,8,8,8,t00647-c00173,173,647,18,0,18,True,False,satisfied,19.1785,19.5,39,1,33.637250075116754,1080.710000009276,0.17633300740271807,0.012208009138703346,1080.8985410258174
pessimistic,250,multistation,8,8,8,t00649-c00045,45,649,3,0,3,True,False,satisfied,28.6914,28.8,72,1,118.54766705073416,689.0849580522627,57.558749918825924,0.01725007314234972,746.6609580442309
pessimistic,250,multistation,8,8,8,t00649-c00056,56,649,8,0,8,True,False,cancelled_late,21.7987,0.0,0,1,23.59074994456023,746.5728749521077,0.12170802801847458,0.011292053386569023,746.7058750335127
pessimistic,250,multistation,8,8,8,t00649-c00096,96,649,1,0,1,True,False,satisfied,24.2607,23.4,39,1,39.275707909837365,39.275707909837365,707.433000090532,0.005749985575675964,746.714457985945
pessimistic,250,multistation,8,8,8,t00650-c00097,97,650,4,0,4,True,False,satisfied,19.2352,19.2,48,1,192.89729197043926,474.9586669495329,31.771708047017455,0.01816696021705866,506.74854195676744
pessimistic,250,multistation,8,8,8,t00650-c00110,110,650,4,0,4,True,False,cancelled_late,17.9357,0.0,0,1,110.26670795399696,506.6527919843793,0.1225409796461463,0.008292030543088913,506.7836249945685
pessimistic,250,multistation,8,8,8,t00651-c00159,159,651,5,0,5,True,False,satisfied,24.1679,24.0,60,1,41.07554105576128,463.33166607655585,0.034208991564810276,0.018583028577268124,463.3844580966979
pessimistic,250,multistation,8,8,8,t00652-c00235,235,652,3,0,3,True,False,cancelled_late,20.6662,0.0,0,1,54.16795902419835,257.0411250926554,166.49679199326783,0.018457998521625996,423.5563750844449
pessimistic,250,multistation,8,8,8,t00652-c00247,247,652,10,0,10,True,False,satisfied,19.9515,20.3,29,1,20.891707972623408,423.44345804303885,0.17958402168005705,0.013332930393517017,423.6363749951124
pessimistic,250,multistation,8,8,8,t00653-c00056,56,653,14,0,14,True,False,cancelled_early,22.3878,0.0,0,1,30.011875089257956,641.5154580026865,0.029959017410874367,0.021041021682322025,641.5664580417797
pessimistic,250,multistation,8,8,8,t00653-c00235,235,653,1,0,1,True,False,no_show,25.3039,0.0,0,1,164.19687494635582,164.19687494635582,477.3978340672329,0.0071659451350569725,641.6018749587238
pessimistic,250,multistation,8,8,8,t00654-c00056,56,654,3,0,2,True,False,satisfied,20.2133,20.3,29,1,309.041167027317,897.9912919458002,191.79837498813868,0.019208062440156937,1089.808874996379
pessimistic,250,multistation,8,8,8,t00654-c00099,99,654,3,0,3,True,False,cancelled_late,15.859,0.0,0,1,58.26316704042256,935.2886249544099,154.55916710197926,0.010332907550036907,1089.8581249639392
pessimistic,250,multistation,8,8,8,t00654-c00110,110,654,4,0,4,True,False,satisfied,16.7789,16.8,42,1,12.74524990003556,897.8891249280423,191.9790409738198,0.010500079952180386,1089.8786659818143
pessimistic,250,multistation,8,8,8,t00654-c00141,141,654,3,0,3,True,False,satisfied,26.797,27.3,39,1,58.17016598302871,935.1959580089897,154.67187494505197,0.007417052984237671,1089.875250007026
pessimistic,250,multistation,8,8,8,t00654-c00186,186,654,8,0,7,True,False,cancelled_early,19.1778,0.0,0,1,308.8435420067981,1089.5674590719864,0.29674998950213194,0.007833004929125309,1089.8720420664176
pessimistic,250,multistation,8,8,8,t00655-c00186,186,655,3,0,2,True,False,satisfied,14.7033,15.0,25,1,21.654209005646408,35.01662507187575,0.0355839729309082,0.014457968063652515,35.06666701287031
pessimistic,250,multistation,8,8,8,t00656-c00099,99,656,3,0,3,True,False,no_show,15.7808,0.0,0,1,19.938541925512254,199.44433390628546,0.024875043891370296,0.015625031664967537,199.4848339818418
pessimistic,250,multistation,8,8,8,t00656-c00174,174,656,4,0,4,True,False,cancelled_early,17.8306,0.0,0,1,44.160916935652494,146.97474997956306,52.525624982081354,0.009750016033649445,199.51012497767806
pessimistic,250,multistation,8,8,8,t00657-c00083,83,657,3,0,3,True,False,breakdown,42.8863,0.0,0,1,22.19762490130961,404.40324996598065,25.17095801886171,0.01879199407994747,429.5929999789223
pessimistic,250,multistation,8,8,8,t00657-c00134,134,657,3,0,3,True,False,no_show,28.0558,0.0,0,1,63.645791029557586,429.49158302508295,0.13820803724229336,0.009167008101940155,429.6389580704272
pessimistic,250,multistation,8,8,8,t00657-c00174,174,657,4,0,4,True,False,no_show,18.2851,0.0,0,1,88.64750002976507,258.1882079830393,171.44049995113164,0.007542083039879799,429.63625001721084
pessimistic,250,multistation,8,8,8,t00657-c00203,203,657,1,0,1,True,False,cancelled_late,24.9061,0.0,0,1,22.055207984521985,22.055207984521985,407.56279206834733,0.004624947905540466,429.62262500077486
pessimistic,250,multistation,8,8,8,t00658-c00155,155,658,6,0,6,True,False,satisfied,20.6854,21.0,42,1,40.248833945952356,369.93645899929106,0.04016596358269453,0.022124964743852615,369.9987499276176
pessimistic,250,multistation,8,8,8,t00659-c00057,57,659,4,0,4,True,False,satisfied,24.9775,25.6,32,1,33.52554200682789,151.6455829842016,18.889417056925595,0.018874998204410076,170.55387503933161
pessimistic,250,multistation,8,8,8,t00659-c00180,180,659,2,0,2,True,False,cancelled_late,22.7798,0.0,0,1,11.315457988530397,170.443500042893,0.14195800758898258,0.008041970431804657,170.59350002091378
pessimistic,250,multistation,8,8,8,t00660-c00098,98,660,2,0,2,True,False,satisfied,25.0609,25.2,42,1,315.73237490374595,503.6781670060009,0.02587493509054184,0.015042023733258247,503.7190839648247
pessimistic,250,multistation,8,8,8,t00660-c00234,234,660,3,0,3,True,False,satisfied,25.3819,25.8,43,1,315.66666602157056,479.54533295705914,24.19795806054026,0.008167000487446785,503.75145801808685
pessimistic,250,multistation,8,8,8,t00661-c00072,72,661,3,0,3,True,False,no_show,21.2573,0.0,0,1,123.95945796743035,271.3944170391187,0.026332912966609,0.016542035154998302,271.4372919872403
pessimistic,250,multistation,8,8,8,t00661-c00191,191,661,5,0,5,True,False,cancelled_late,24.4424,0.0,0,1,27.81024994328618,271.33583405520767,0.13941596262156963,0.009791925549507141,271.48504194337875
pessimistic,250,multistation,8,8,8,t00662-c00123,123,662,4,0,4,True,False,cancelled_early,16.5203,0.0,0,1,29.00187496561557,171.4553750352934,0.03391597419977188,0.01758395228534937,171.50687496177852
pessimistic,250,multistation,8,8,8,t00663-c00123,123,663,6,0,6,True,False,cancelled_late,20.5647,0.0,0,1,185.4276250815019,659.8190830554813,128.23399994522333,0.01937500201165676,788.0724580027163
pessimistic,250,multistation,8,8,8,t00663-c00160,160,663,14,0,14,True,False,cancelled_early,17.6527,0.0,0,1,22.151042008772492,787.9675420699641,0.1587499864399433,0.012666918337345123,788.1389589747414
pessimistic,250,multistation,8,8,8,t00664-c00117,117,664,5,0,5,True,False,cancelled_late,18.9232,0.0,0,1,57.51387495547533,577.0180419785902,0.03224995452910662,0.02174999099224806,577.0720419241115
pessimistic,250,multistation,8,8,8,t00664-c00136,136,664,1,0,1,True,False,cancelled_late,23.1926,0.0,0,1,174.99312502332032,174.99312502332032,402.13287505321205,0.008207978680729866,577.1342080552131
pessimistic,250,multistation,8,8,8,t00664-c00160,160,664,5,0,5,True,False,satisfied,19.3627,19.6,28,1,57.4192920466885,576.9231249578297,0.21175004076212645,0.006792019121348858,577.1416670177132
pessimistic,250,multistation,8,8,8,t00665-c00180,180,665,9,0,9,True,False,satisfied,20.8885,21.0,35,1,73.1830419972539,390.2443749830127,0.039624981582164764,0.021916930563747883,390.3059168951586
pessimistic,250,multistation,8,8,8,t00666-c00123,123,666,13,0,13,True,False,no_show,23.2302,0.0,0,1,79.05054092407227,1400.6384579697624,0.0363329891115427,0.02274999860674143,1400.6975409574807
pessimistic,250,multistation,8,8,8,t00666-c00220,220,666,9,0,9,True,False,satisfied,28.6051,28.8,36,1,28.644624981097877,1319.3622920662165,81.37533289846033,0.012125005014240742,1400.749749969691
pessimistic,250,multistation,8,8,8,t00667-c00191,191,667,5,0,5,True,False,cancelled_early,17.9103,0.0,0,1,50.22416706196964,399.38358298968524,0.036792014725506306,0.016291975043714046,399.43666697945446
pessimistic,250,multistation,8,8,8,t00667-c00204,204,667,5,0,5,True,False,cancelled_early,10.116,0.0,0,1,114.88583299797028,229.30141689721495,170.18175008706748,0.008916016668081284,399.4920830009505
pessimistic,250,multistation,8,8,8,t00667-c00205,205,667,3,0,3,True,False,satisfied,25.6853,25.6,64,1,88.67916604503989,385.5009580729529,13.984541990794241,0.0074160052463412285,399.4929160689935
pessimistic,250,multistation,8,8,8,t00668-c00032,32,668,1,0,1,True,False,satisfied,18.3313,18.9,27,1,125.77899999450892,125.77899999450892,498.93462494947016,0.015500001609325409,624.7291249455884
pessimistic,250,multistation,8,8,8,t00668-c00157,157,668,7,0,7,True,False,satisfied,14.4451,14.7,21,1,21.74320793710649,603.4620410064235,21.307667018845677,0.012666918337345123,624.7823749436066
pessimistic,250,multistation,8,8,8,t00668-c00191,191,668,3,0,3,True,False,cancelled_early,20.0087,0.0,0,1,138.08299996890128,624.5896250475198,0.1847919775173068,0.0071659451350569725,624.7815829701722
pessimistic,250,multistation,8,8,8,t00668-c00199,199,668,1,0,1,True,False,breakdown,34.6583,0.0,0,1,125.63579191919416,125.63579191919416,499.14729106239974,0.005041947588324547,624.7881249291822
pessimistic,250,multistation,8,8,8,t00668-c00204,204,668,4,0,4,True,False,satisfied,15.2985,16.0,20,1,166.29008296877146,526.3497079722583,98.42379204928875,0.005916925147175789,624.7794169466943
pessimistic,250,multistation,8,8,8,t00669-c00191,191,669,1,0,1,True,False,no_show,26.725,0.0,0,1,14.450874994508922,14.450874994508922,209.93095799349248,0.021583051420748234,224.40341603942215
pessimistic,250,multistation,8,8,8,t00669-c00214,214,669,6,0,6,True,False,satisfied,17.1167,17.2,43,1,14.399459003470838,224.29454198572785,0.148500083014369,0.012625008821487427,224.4556670775637
pessimistic,250,multistation,8,8,8,t00670-c00117,117,670,10,0,10,True,False,no_show,21.5426,0.0,0,1,102.14525007177144,958.7362500606105,0.03774999640882015,0.024541979655623436,958.7985420366749
pessimistic,250,multistation,8,8,8,t00670-c00127,127,670,5,0,5,True,False,cancelled_late,24.4919,0.0,0,1,102.09320893045515,958.6845419835299,0.14899997040629387,0.008916947990655899,958.8424589019269
pessimistic,250,multistation,8,8,8,t00671-c00063,63,671,14,0,14,True,False,satisfied,18.1759,18.5,37,1,28.29233300872147,1004.9400830175728,0.03470899537205696,0.022707972675561905,1004.9974999856204
pessimistic,250,multistation,8,8,8,t00671-c00138,138,671,6,0,6,True,False,no_show,13.6893,0.0,0,1,203.24258401524276,792.1033339807764,212.93004101607949,0.01025001984089613,1005.0436250166968
pessimistic,250,multistation,8,8,8,t00671-c00163,163,671,3,0,3,True,False,no_show,17.2274,0.0,0,1,171.0744999581948,719.858416938223,285.1721659535542,0.007125083357095718,1005.0377079751343
pessimistic,250,multistation,8,8,8,t00671-c00184,184,671,1,0,1,True,False,no_show,24.881,0.0,0,1,155.9947089990601,155.9947089990601,849.0235410863534,0.005209003575146198,1005.0234590889886
pessimistic,250,multistation,8,8,8,t00672-c00028,28,672,5,0,5,True,False,satisfied,34.4845,34.0,68,1,79.34604201000184,727.7544169919565,0.02466596197336912,0.02633407711982727,727.8054170310497
pessimistic,250,multistation,8,8,8,t00672-c00154,154,672,4,0,4,True,False,cancelled_late,22.7496,0.0,0,1,176.24829104170203,548.8051660358906,179.04274992179126,0.010624993592500687,727.8585409512743
pessimistic,250,multistation,8,8,8,t00673-c00107,107,673,2,0,2,True,False,no_show,19.0632,0.0,0,1,10.119125014171004,27.062624925747514,0.025833025574684143,0.013584038242697716,27.102041989564896
pessimistic,250,multistation,8,8,8,t00675-c00232,232,675,18,0,18,True,False,satisfied,23.7145,24.0,48,1,54.22687507234514,1314.5727920345962,0.05308305844664574,0.024374923668801785,1314.6502500167117
pessimistic,250,multistation,8,8,8,t00676-c00243,243,676,3,0,3,True,False,no_show,16.3888,0.0,0,1,20.03366604913026,111.8883331073448,0.04058296326547861,0.01679197885096073,111.94570804946125
pessimistic,250,multistation,8,8,8,t00677-c00105,105,677,3,0,3,True,False,no_show,22.9605,0.0,0,1,84.72300006542355,427.7755409711972,288.99037500377744,0.019708997569978237,716.7856249725446
pessimistic,250,multistation,8,8,8,t00677-c00127,127,677,10,0,10,True,False,satisfied,23.1895,21.5,43,1,44.452750007621944,716.6868329513818,0.12974999845027924,0.012167030945420265,716.8287499807775
pessimistic,250,multistation,8,8,8,t00677-c00211,211,677,1,0,1,True,False,satisfied,18.2088,18.2,26,1,97.5251670461148,97.5251670461148,619.2909999517724,0.005542067810893059,716.8217090656981
pessimistic,250,multistation,8,8,8,t00678-c00148,148,678,6,0,6,True,False,cancelled_late,10.7958,0.0,0,1,11.505707981996238,112.11533297318965,0.03566697705537081,0.01708301715552807,112.16808296740055
pessimistic,250,multistation,8,8,8,t00679-c00011,11,679,5,0,5,True,False,satisfied,31.2394,31.5,63,1,367.15787497814745,1708.17050000187,1161.914415890351,0.01720909494906664,2870.10212498717
pessimistic,250,multistation,8,8,8,t00679-c00120,120,679,5,0,5,True,False,satisfied,23.1539,23.4,39,1,383.6503749480471,1934.272416983731,935.8567500021309,0.009207986295223236,2870.138374972157
pessimistic,250,multistation,8,8,8,t00679-c00154,154,679,15,0,15,True,False,no_show,27.0235,0.0,0,1,133.7671249639243,2869.963041972369,0.17500005196779966,0.010707997716963291,2870.1487500220537
pessimistic,250,multistation,8,8,8,t00679-c00171,171,679,5,2,5,True,False,no_show,18.6907,0.0,0,1,3559.439582983032,4219.1351250512525,0.12237497139722109,0.007958034984767437,4219.2654580576345
pessimistic,250,multistation,8,8,8,t00679-c00193,193,679,6,0,6,True,False,cancelled_late,28.2167,0.0,0,1,36.992291919887066,2724.828041973524,145.2658330090344,0.007416936568915844,2870.101291919127
pessimistic,250,multistation,8,8,8,t00680-c00093,93,680,3,0,3,True,False,cancelled_early,36.7719,0.0,0,1,111.40320904087275,541.4019590243697,0.02579099964350462,0.020000035874545574,541.4477500598878
pessimistic,250,multistation,8,8,8,t00681-c00093,93,681,3,0,3,True,False,satisfied,40.3157,40.4,101,1,144.40020907204598,804.0954590542242,0.027415924705564976,0.014709075912833214,804.1375840548426
pessimistic,250,multistation,8,8,8,t00683-c00225,225,683,3,0,3,True,False,cancelled_late,17.4275,0.0,0,1,25.38987493608147,97.22920903004706,0.03912497777491808,0.01750001683831215,97.28583402466029
pessimistic,250,multistation,8,8,8,t00684-c00099,99,684,10,0,10,True,False,satisfied,17.346,17.5,25,1,23.86091707739979,287.60529204737395,0.0350000336766243,0.024374923668801785,287.6646670047194
pessimistic,250,multistation,8,8,8,t00685-c00053,53,685,5,0,5,True,False,satisfied,20.237,20.5,41,1,115.63562497030944,1270.5730829620734,0.023958971723914146,0.01970806624740362,1270.6167500000447
pessimistic,250,multistation,8,8,8,t00685-c00148,148,685,3,0,3,True,False,cancelled_early,27.3423,0.0,0,1,176.5457090223208,811.5203339839354,459.11987498402596,0.007833004929125309,1270.6480419728905
pessimistic,250,multistation,8,8,8,t00685-c00193,193,685,5,0,5,True,False,cancelled_early,25.9412,0.0,0,1,115.52770808339119,1270.4652500106022,0.18154201097786427,0.006707967258989811,1270.653499988839
pessimistic,250,multistation,8,8,8,t00686-c00148,148,686,3,0,3,True,False,no_show,26.6385,0.0,0,1,215.94575000926852,968.818457913585,511.50570809841156,0.018708989955484867,1480.342875001952
pessimistic,250,multistation,8,8,8,t00686-c00193,193,686,6,0,6,True,False,satisfied,25.6539,25.9,37,1,190.17262500710785,993.7548750312999,486.61341599654406,0.009208917617797852,1480.3774999454618
pessimistic,250,multistation,8,8,8,t00686-c00203,203,686,3,0,3,True,False,cancelled_late,24.9382,0.0,0,1,215.8526669954881,968.7253750162199,511.64129201788455,0.006166053935885429,1480.3728330880404
pessimistic,250,multistation,8,8,8,t00686-c00225,225,686,10,0,10,True,False,satisfied,24.6687,24.8,62,1,56.87908304389566,1480.1557080354542,0.22054195869714022,0.010041985660791397,1480.386291979812
pessimistic,250,multistation,8,8,8,t00687-c00088,88,687,7,0,7,True,False,no_show,19.4558,0.0,0,1,28.5799999255687,1582.139041973278,58.524166932329535,0.017625046893954277,1640.6808339525014
pessimistic,250,multistation,8,8,8,t00687-c00090,90,687,17,0,17,True,False,cancelled_late,26.2415,0.0,0,1,69.53570898622274,1640.586042078212,0.12974999845027924,0.013291952200233936,1640.7290840288624
pessimistic,250,multistation,8,8,8,t00688-c00090,90,688,5,0,5,True,False,no_show,26.3376,0.0,0,1,127.36916705034673,424.69308304134756,453.0587919289246,0.017333077266812325,877.769208047539
pessimistic,250,multistation,8,8,8,t00688-c00136,136,688,3,0,3,True,False,satisfied,27.1173,27.3,39,1,70.39416604675353,654.3112499639392,223.47929107490927,0.007958966307342052,877.7985000051558
pessimistic,250,multistation,8,8,8,t00688-c00191,191,688,9,0,9,True,False,no_show,28.7114,0.0,0,1,30.81433300394565,877.6205000467598,0.17100002150982618,0.009082956239581108,877.8005830245093
pessimistic,250,multistation,8,8,8,t00689-c00174,174,689,3,0,3,True,False,satisfied,27.2738,24.6,41,1,70.72070799767971,467.82929194159806,0.03550003748387098,0.016791047528386116,467.8815830266103
pessimistic,250,multistation,8,8,8,t00689-c00203,203,689,7,0,7,True,False,no_show,23.8141,0.0,0,1,38.6387089965865,431.8559169769287,36.048042005859315,0.010874937288463116,467.9148339200765
pessimistic,250,multistation,8,8,8,t00691-c00017,17,691,5,0,5,True,False,cancelled_late,28.0345,0.0,0,1,41.1589170107618,240.57300004642457,0.022124964743852615,0.019542057998478413,240.6146670691669
pessimistic,250,multistation,8,8,8,t00692-c00018,18,692,10,0,10,True,False,satisfied,27.0686,27.0,54,1,294.08149991650134,1758.0438749864697,0.026999972760677338,0.02575002145022154,1758.0966249806806
pessimistic,250,multistation,8,8,8,t00692-c00196,196,692,5,0,5,True,False,cancelled_early,21.4034,0.0,0,1,294.0121670253575,1757.9745830735192,0.16079191118478775,0.009083072654902935,1758.1444580573589
pessimistic,250,multistation,8,8,8,t00693-c00196,196,693,5,0,5,True,False,satisfied,23.4778,24.0,30,1,30.197957996279,146.32091601379216,0.03733392804861069,0.018915976397693157,146.37716591823846
pessimistic,250,multistation,8,8,8,t00694-c00017,17,694,6,0,6,True,False,cancelled_late,25.05,0.0,0,1,21.35754202026874,220.03420896362513,0.022000051103532314,0.021415995433926582,220.0776250101626
pessimistic,250,multistation,8,8,8,t00695-c00017,17,695,6,0,6,True,False,cancelled_early,28.373,0.0,0,1,32.91504201479256,1533.7945830542594,126.4354590093717,0.029082992114126682,1660.2591250557452
pessimistic,250,multistation,8,8,8,t00695-c00114,114,695,4,0,4,True,False,cancelled_late,15.4113,0.0,0,1,235.5805829865858,372.68554198089987,1287.6309580169618,0.009624985978007317,1660.3261249838397
pessimistic,250,multistation,8,8,8,t00695-c00202,202,695,12,0,12,True,False,satisfied,24.6029,24.8,62,1,117.62220796663314,1660.0844579515979,0.2401249948889017,0.011041993275284767,1660.335624939762
pessimistic,250,multistation,8,8,8,t00696-c00013,13,696,7,0,7,True,False,cancelled_early,21.6327,0.0,0,1,98.1646659784019,1870.843582903035,0.023417058400809765,0.02108304761350155,1870.8880830090493
pessimistic,250,multistation,8,8,8,t00696-c00017,17,696,6,0,6,True,False,satisfied,21.8849,22.4,32,1,98.11629098840058,1870.7953329430893,0.14224997721612453,0.008417060598731041,1870.9459999809042
pessimistic,250,multistation,8,8,8,t00696-c00086,86,696,10,0,10,True,False,cancelled_early,18.5454,0.0,0,1,98.06729096453637,1870.7462910097092,0.19129191059619188,0.008207978680729866,1870.9457908989862
pessimistic,250,multistation,8,8,8,t00697-c00013,13,697,5,0,5,True,False,cancelled_early,22.1521,0.0,0,1,28.702583047561347,596.4857920771465,0.019999919459223747,0.020000035874545574,596.5257920324802
pessimistic,250,multistation,8,8,8,t00697-c00086,86,697,6,0,6,True,False,no_show,17.5515,0.0,0,1,92.88370795547962,431.1843749601394,165.38687504362315,0.009499955922365189,596.5807499596849
pessimistic,250,multistation,8,8,8,t00697-c00165,165,697,3,0,3,True,False,satisfied,16.2853,16.8,24,1,116.23345897533,521.4321250095963,75.1335839740932,0.006875023245811462,596.5725840069354
pessimistic,250,multistation,8,8,8,t00698-c00013,13,698,5,0,5,True,False,cancelled_late,22.4246,0.0,0,1,29.30962503887713,205.38195897825062,0.01995800994336605,0.018042046576738358,205.41995903477073
pessimistic,250,multistation,8,8,8,t00699-c00178,178,699,4,0,4,True,False,satisfied,21.5002,22.0,44,1,60.41316699702293,295.4391670646146,0.03954197745770216,0.022833002731204033,295.5015420448035
pessimistic,250,multistation,8,8,8,t00700-c00209,209,700,6,0,6,True,False,no_show,14.9986,0.0,0,1,20.404500071890652,200.05041698459536,0.03954209387302399,0.021332991309463978,200.11129206977785
pessimistic,250,multistation,8,8,8,t00701-c00114,114,701,13,0,13,True,False,cancelled_late,19.9586,0.0,0,1,31.065958086401224,485.90737499762326,0.03616709727793932,0.022540916688740253,485.96608301158994
pessimistic,250,multistation,8,8,8,t00702-c00013,13,702,8,0,8,True,False,no_show,20.0098,0.0,0,1,35.97220894880593,389.41179192624986,0.023542088456451893,0.020290957763791084,389.4556249724701
pessimistic,250,multistation,8,8,8,t00703-c00072,72,703,1,0,1,True,False,no_show,29.4065,0.0,0,1,52.88870900403708,52.88870900403708,421.302790986374,0.013708951883018017,474.2052089422941
pessimistic,250,multistation,8,8,8,t00703-c00172,172,703,7,0,7,True,False,cancelled_early,18.1142,0.0,0,1,23.7937499769032,404.80354195460677,69.41870809532702,0.010749907232820988,474.2329999571666
pessimistic,250,multistation,8,8,8,t00703-c00195,195,703,3,0,3,True,False,breakdown,23.5539,0.0,0,1,129.7323750331998,474.058874999173,0.1739590661600232,0.006332993507385254,474.2391670588404
pessimistic,250,multistation,8,8,8,t00704-c00077,77,704,14,0,14,True,False,satisfied,26.2134,26.4,44,1,36.151416948996484,1058.3189169410616,0.03283307887613773,0.02162496093660593,1058.3733749808744
pessimistic,250,multistation,8,8,8,t00704-c00172,172,704,7,0,7,True,False,no_show,21.5233,0.0,0,1,65.58029097504914,624.7865000041202,433.623707969673,0.010083080269396305,1058.4202910540625
pessimistic,250,multistation,8,8,8,t00706-c00114,114,706,4,0,4,True,False,cancelled_early,26.9785,0.0,0,1,18.72687495779246,210.5272919870913,0.03075005952268839,0.01579092349857092,210.57383297011256
pessimistic,250,multistation,8,8,8,t00707-c00114,114,707,4,0,4,True,False,satisfied,26.5168,26.6,38,1,25.372999953106046,226.41200001817197,0.0315000070258975,0.017832964658737183,226.4613329898566
pessimistic,250,multistation,8,8,8,t00711-c00117,117,711,5,0,5,True,False,cancelled_late,25.3652,0.0,0,1,49.80079201050103,621.0763750132173,0.03350002225488424,0.025958986952900887,621.1358340224251
pessimistic,250,multistation,8,8,8,t00711-c00163,163,711,4,0,4,True,False,satisfied,22.657,23.0,46,1,128.12787503935397,456.72820904292166,164.45691604167223,0.008584000170230865,621.1937090847641
pessimistic,250,multistation,8,8,8,t00712-c00124,124,712,3,0,3,True,False,satisfied,9.0585,9.1,13,1,331.8973750574514,1080.8760840445757,342.51049999147654,0.016249949112534523,1423.4028339851648
pessimistic,250,multistation,8,8,8,t00712-c00146,146,712,6,0,6,True,False,cancelled_early,33.4785,0.0,0,1,163.95779105369002,933.3708749618381,490.05791603121907,0.009417068213224411,1423.4382080612704
pessimistic,250,multistation,8,8,8,t00712-c00218,218,712,10,0,10,True,False,cancelled_early,16.5258,0.0,0,1,32.009542104788125,1423.2497500488535,0.19004195928573608,0.01083302777260542,1423.4506250359118
pessimistic,250,multistation,8,8,8,t00713-c00105,105,713,4,0,4,True,False,no_show,21.104,0.0,0,1,207.59804104454815,2225.79662501812,899.6150409802794,0.018834020011126995,3125.4305000184104
pessimistic,250,multistation,8,8,8,t00713-c00146,146,713,8,0,8,True,False,satisfied,30.9503,31.0,62,1,207.55000005010515,2781.1286660144106,344.3331670714542,0.009082956239581108,3125.4709160421044
pessimistic,250,multistation,8,8,8,t00713-c00184,184,713,6,0,6,True,False,cancelled_early,29.5993,0.0,0,1,207.50400004908442,2781.0832500690594,344.3794589256868,0.006375019438564777,3125.469084014185
pessimistic,250,multistation,8,8,8,t00713-c00218,218,713,10,0,10,True,False,cancelled_early,19.0884,0.0,0,1,43.26587496325374,3125.24487497285,0.2280420158058405,0.009333016350865364,3125.482250005007
pessimistic,250,multistation,8,8,8,t00714-c00019,19,714,5,0,5,True,False,cancelled_late,19.1631,0.0,0,1,1322.5362499943003,8737.320124986582,499.325541080907,0.023541972041130066,9236.66920803953
pessimistic,250,multistation,8,8,8,t00714-c00082,82,714,5,0,5,True,False,cancelled_late,25.7263,0.0,0,1,2190.0427079526708,8737.266291980632,499.4642080273479,0.008707982487976551,9236.739207990468
pessimistic,250,multistation,8,8,8,t00714-c00107,107,714,3,0,3,True,False,satisfied,23.8932,24.5,35,1,2189.9999589659274,8737.22349992022,499.5132921030745,0.006207963451743126,9236.742999986745
pessimistic,250,multistation,8,8,8,t00714-c00134,134,714,5,0,5,True,False,satisfied,30.0496,30.6,51,1,245.88425003457814,9236.482459004037,0.2479159738868475,0.007417052984237671,9236.737792030908
pessimistic,250,multistation,8,8,8,t00714-c00184,184,714,1,0,1,True,False,no_show,28.8005,0.0,0,1,1351.4912079554051,1351.4912079554051,7885.226917103864,0.004292000085115433,9236.722417059354
pessimistic,250,multistation,8,8,8,t00714-c00208,208,714,5,0,5,True,False,satisfied,19.9603,20.0,50,1,245.80337502993643,9236.401416012086,0.3034999826923013,0.00508397351950407,9236.709999968298
pessimistic,250,multistation,8,8,8,t00714-c00218,218,714,5,0,5,True,False,satisfied,15.876,16.0,40,1,245.7666660193354,9236.364749958739,0.32883300445973873,0.005042064003646374,9236.698625027202
pessimistic,250,multistation,8,8,8,t00714-c00223,223,714,6,0,6,True,False,breakdown,30.4729,0.0,0,1,2257.844957988709,8904.634915990755,332.04687491524965,0.006334041245281696,9236.68812494725
pessimistic,250,multistation,8,8,8,t00714-c00235,235,714,5,0,5,True,False,satisfied,20.0464,20.5,41,1,2189.7636669455096,8736.987207899801,499.68320899643004,0.004708068445324898,9236.675124964677
pessimistic,250,multistation,8,8,8,t00716-c00233,233,716,5,0,5,True,False,cancelled_early,27.7078,0.0,0,1,54.79191697668284,200.67620801273733,0.04124990664422512,0.015833997167646885,200.7332919165492
pessimistic,250,multistation,8,8,8,t00717-c00019,19,717,3,0,3,True,False,cancelled_late,23.007,0.0,0,1,626.4597920235246,1463.0550830624998,591.2077919347212,0.021292013116180897,2054.284167010337
pessimistic,250,multistation,8,8,8,t00717-c00117,117,717,5,0,5,True,False,satisfied,20.2445,20.4,34,1,354.3326670769602,2054.180125007406,0.14308304525911808,0.009624985978007317,2054.332833038643
pessimistic,250,multistation,8,8,8,t00717-c00171,171,717,10,0,10,True,False,no_show,23.275,0.0,0,1,354.2857920983806,2054.1330421110615,0.19366596825420856,0.009041978046298027,2054.335750057362
pessimistic,250,multistation,8,8,8,t00717-c00233,233,717,6,0,6,True,False,no_show,23.8783,0.0,0,1,354.23950001131743,2054.086833028123,0.2322919899597764,0.006291083991527557,2054.325416102074
pessimistic,250,multistation,8,8,8,t00718-c00019,19,718,3,0,3,True,False,satisfied,14.7695,14.8,37,1,646.1222090292722,2285.889249993488,170.75775004923344,0.01745892222970724,2456.6644589649513
pessimistic,250,multistation,8,8,8,t00718-c00082,82,718,8,0,8,True,False,no_show,23.1122,0.0,0,1,199.17933398392051,2386.1791669623926,70.5272500636056,0.011582975275814533,2456.718000001274
pessimistic,250,multistation,8,8,8,t00718-c00084,84,718,7,0,7,True,False,no_show,24.4373,0.0,0,1,28.52320799138397,2456.5286659635603,0.180334085598588,0.009749899618327618,2456.7187499487773
pessimistic,250,multistation,8,8,8,t00718-c00123,123,718,3,0,3,True,False,satisfied,23.0693,23.5,47,1,302.7040410088375,1876.3322080485523,580.3675829665735,0.006334041245281696,2456.706125056371
pessimistic,250,multistation,8,8,8,t00718-c00138,138,718,4,0,4,True,False,cancelled_early,25.4672,0.0,0,1,645.9422920597717,2285.709041985683,170.98341707605869,0.005165929906070232,2456.697624991648
pessimistic,250,multistation,8,8,8,t00719-c00138,138,719,13,0,13,True,False,cancelled_late,27.5266,0.0,0,1,100.43650004081428,1671.2406249716878,0.03774999640882015,0.024292035959661007,1671.3026670040563
pessimistic,250,multistation,8,8,8,t00720-c00138,138,720,10,0,10,True,False,cancelled_late,18.1572,0.0,0,1,130.76466706115752,838.7784169754013,0.036917044781148434,0.019832979887723923,838.8351670000702
pessimistic,250,multistation,8,8,8,t00720-c00243,243,720,5,0,5,True,False,no_show,13.0492,0.0,0,1,130.70283306296915,838.7167080072686,0.15512504614889622,0.008209026418626308,838.8800420798361
pessimistic,250,multistation,8,8,8,t00721-c00088,88,721,4,0,4,True,False,cancelled_early,27.6538,0.0,0,1,159.89083296153694,737.7201250055805,541.0714579047635,0.021792016923427582,1278.8133749272674
pessimistic,250,multistation,8,8,8,t00721-c00138,138,721,10,0,10,True,False,cancelled_late,25.1827,0.0,0,1,70.77404099982232,1278.7057500099763,0.1559159718453884,0.011917087249457836,1278.8735830690712
pessimistic,250,multistation,8,8,8,t00722-c00088,88,722,4,0,4,True,False,satisfied,30.8504,31.2,52,1,40.21958296652883,234.7242080140859,0.028916983865201473,0.01820793841034174,234.77133293636143
pessimistic,250,multistation,8,8,8,t00723-c00231,231,723,4,0,4,True,False,no_show,13.4107,0.0,0,1,70.16795896925032,164.06729200389236,0.04670803900808096,0.0177919864654541,164.1317920293659
pessimistic,250,multistation,8,8,8,t00724-c00043,43,724,1,0,1,True,False,satisfied,15.9625,15.5,31,1,21.960375015623868,21.960375015623868,0.018749968148767948,0.012916047126054764,21.99204103089869
pessimistic,250,multistation,8,8,8,t00725-c00138,138,725,10,0,10,True,False,satisfied,29.9373,30.0,75,1,97.9251250391826,1935.2636249968782,0.039041973650455475,0.0285410787910223,1935.3312080493197
pessimistic,250,multistation,8,8,8,t00725-c00203,203,725,6,0,6,True,False,cancelled_late,30.6004,0.0,0,1,210.16766596585512,1695.8487080410123,239.524208009243,0.010666903108358383,1935.3835829533637
pessimistic,250,multistation,8,8,8,t00725-c00227,227,725,3,0,3,True,False,cancelled_early,22.3682,0.0,0,1,210.12445900123566,1056.0435419902205,879.3489579111338,0.006875023245811462,1935.3993749246001
pessimistic,250,multistation,8,8,8,t00726-c00008,8,726,3,0,3,True,False,satisfied,18.6555,19.2,32,1,29.266833094879985,249.80408302508295,57.06987506709993,0.025707995519042015,306.8996660877019
pessimistic,250,multistation,8,8,8,t00726-c00227,227,726,6,0,6,True,False,no_show,16.8855,0.0,0,1,59.273208025842905,306.7695000208914,0.15466695185750723,0.010333023965358734,306.9344999967143
pessimistic,250,multistation,8,8,8,t00727-c00203,203,727,1,0,1,True,False,satisfied,32.4132,32.2,46,1,473.7625829875469,473.7625829875469,454.9104580655694,0.017749960534274578,928.6907910136506
pessimistic,250,multistation,8,8,8,t00727-c00237,237,727,7,0,7,True,False,cancelled_late,22.1659,0.0,0,1,26.23595902696252,928.5871669417247,0.1496670302003622,0.012333039194345474,928.7491670111194
pessimistic,250,multistation,8,8,8,t00728-c00148,148,728,3,0,3,True,False,cancelled_late,26.9991,0.0,0,1,527.4665000615641,1343.1583340279758,889.0507910400629,0.021999934688210487,2232.231125002727
pessimistic,250,multistation,8,8,8,t00728-c00237,237,728,18,0,18,True,False,no_show,25.3409,0.0,0,1,89.04133399482816,2232.112209079787,0.1890829298645258,0.01708301715552807,2232.318375026807
pessimistic,250,multistation,8,8,8,t00729-c00139,139,729,14,0,14,True,False,cancelled_late,18.2183,0.0,0,1,28.013958944939077,832.8995839692652,0.04112499300390482,0.023916014470160007,832.9646249767393
pessimistic,250,multistation,8,8,8,t00729-c00221,221,729,8,0,8,True,False,cancelled_early,23.4605,0.0,0,1,162.95504104346037,687.116916058585,145.91066702269018,0.011874944902956486,833.0394580261782
pessimistic,250,multistation,8,8,8,t00730-c00139,139,730,4,0,4,True,False,cancelled_early,24.5837,0.0,0,1,135.13091707136482,311.1127499723807,192.96562508679926,0.019124941900372505,504.09750000108033
pessimistic,250,multistation,8,8,8,t00730-c00158,158,730,5,0,5,True,False,cancelled_early,19.3666,0.0,0,1,46.94891697727144,451.9196250475943,52.235292037948966,0.00995793379843235,504.1648750193417
pessimistic,250,multistation,8,8,8,t00730-c00221,221,730,5,0,5,True,False,satisfied,23.325,23.8,34,1,63.68558399844915,503.9384589763358,0.22050004918128252,0.0069160014390945435,504.1658750269562
pessimistic,250,multistation,8,8,8,t00731-c00067,67,731,3,0,3,True,False,no_show,18.0767,0.0,0,1,15.573707991279662,291.6340830270201,0.02491706982254982,0.015707919374108315,291.67470801621675
pessimistic,250,multistation,8,8,8,t00731-c00139,139,731,4,0,4,True,False,cancelled_late,27.237,0.0,0,1,65.48283295705914,218.87954091653228,72.81458401121199,0.009500072337687016,291.70362500008196
pessimistic,250,multistation,8,8,8,t00731-c00158,158,731,3,0,3,True,False,cancelled_early,10.9966,0.0,0,1,15.473791980184615,291.534416959621,0.1715420512482524,0.005624955520033836,291.7115839663893
pessimistic,250,multistation,8,8,8,t00732-c00006,6,732,1,0,1,True,False,cancelled_late,12.7931,0.0,0,1,40.25625006761402,40.25625006761402,207.6842919923365,0.01708301715552807,247.95762507710606
pessimistic,250,multistation,8,8,8,t00732-c00148,148,732,2,2,2,True,False,cancelled_late,27.4155,0.0,0,1,355.8720420114696,378.3026250312105,0.031374976970255375,0.01833401620388031,378.3523340243846
pessimistic,250,multistation,8,8,8,t00732-c00158,158,732,8,0,8,True,False,cancelled_late,22.3398,0.0,0,1,27.028458076529205,247.80829204246402,0.15524995978921652,0.01229101326316595,247.9758330155164
pessimistic,250,multistation,8,8,8,t00733-c00131,131,733,3,0,3,True,False,satisfied,20.4884,21.0,30,1,26.747375028207898,71.89816702157259,0.027832924388349056,0.014625024050474167,71.94062497001141
pessimistic,250,multistation,8,8,8,t00735-c00139,139,735,7,0,7,True,False,cancelled_early,16.713,0.0,0,1,24.745917064137757,202.19633297529072,0.0365840969607234,0.02020795363932848,202.25312502589077
pessimistic,250,multistation,8,8,8,t00736-c00139,139,736,11,0,11,True,False,satisfied,25.1004,25.2,36,1,55.20154198165983,566.4876669179648,0.04133302718400955,0.02916704397648573,566.5581669891253
pessimistic,250,multistation,8,8,8,t00737-c00061,61,737,4,0,4,True,False,satisfied,21.9952,22.0,44,1,144.62320797611028,327.01949996408075,42.96304099261761,0.017167069017887115,369.99970802571625
pessimistic,250,multistation,8,8,8,t00737-c00064,64,737,4,0,4,True,False,no_show,23.026,0.0,0,1,68.11154203023762,369.9083330575377,0.12912496458739042,0.009500072337687016,370.04695809446275
pessimistic,250,multistation,8,8,8,t00738-c00148,148,738,3,0,3,True,False,satisfied,27.8602,28.0,35,1,29.359207954257727,91.86366596259177,0.030333991162478924,0.01908303238451481,91.91308298613876
pessimistic,250,multistation,8,8,8,t00739-c00090,90,739,2,0,2,True,False,breakdown,29.6711,0.0,0,1,146.84075000695884,304.3993329629302,161.53020900674164,0.02662499900907278,465.9561669686809
pessimistic,250,multistation,8,8,8,t00739-c00158,158,739,12,0,12,True,False,satisfied,21.6453,22.4,28,1,28.786333976313472,465.8417919417843,0.15916710253804922,0.015915953554213047,466.0168749978766
pessimistic,250,multistation,8,8,8,t00740-c00191,191,740,2,0,2,True,False,satisfied,30.6151,30.8,44,1,37.44629095308483,87.13329094462097,0.033208983950316906,0.014791032299399376,87.18129096087068
pessimistic,250,multistation,8,8,8,t00741-c00086,86,741,7,0,7,True,False,satisfied,20.1938,20.0,40,1,68.8674160046503,509.2780829872936,0.029666931368410587,0.01937500201165676,509.32712492067367
pessimistic,250,multistation,8,8,8,t00741-c00172,172,741,5,0,5,True,False,satisfied,24.6834,24.8,31,1,20.385625073686242,439.0487080672756,70.31504192855209,0.010375049896538258,509.3741250457242
pessimistic,250,multistation,8,8,8,t00742-c00209,209,742,5,0,5,True,False,satisfied,15.238,14.5,29,1,30.061834026128054,174.86604198347777,0.03854196984320879,0.017457990907132626,174.9220419442281
pessimistic,250,multistation,8,8,8,t00743-c00006,6,743,7,0,7,True,False,cancelled_early,17.0933,0.0,0,1,201.97420800104737,845.2727500116453,161.78779199253768,0.02637505531311035,1007.086917059496
pessimistic,250,multistation,8,8,8,t00743-c00013,13,743,5,0,5,True,False,satisfied,25.519,25.8,43,1,76.98191702365875,1006.9907499710098,0.15820807311683893,0.010833959095180035,1007.1597920032218
pessimistic,250,multistation,8,8,8,t00743-c00095,95,743,5,0,5,True,False,cancelled_late,20.5428,0.0,0,1,76.93191699218005,1006.9407919654623,0.21179101895540953,0.0073339324444532394,1007.1599169168621
pessimistic,250,multistation,8,8,8,t00744-c00006,6,744,11,0,11,True,False,satisfied,15.1896,15.5,31,1,23.26641697436571,699.2707499302924,0.0262079993262887,0.024042092263698578,699.3210000218824
pessimistic,250,multistation,8,8,8,t00744-c00132,132,744,4,0,4,True,False,satisfied,26.8331,27.0,45,1,107.90462500881404,399.84158298466355,299.5166670298204,0.010582967661321163,699.3688329821452
pessimistic,250,multistation,8,8,8,t00746-c00095,95,746,6,0,6,True,False,cancelled_late,23.5507,0.0,0,1,29.711332987062633,184.9170420318842,0.028249924071133137,0.01770805101841688,184.96300000697374
pessimistic,250,multistation,8,8,8,t00747-c00095,95,747,5,0,5,True,False,no_show,24.6961,0.0,0,1,58.977290987968445,172.59287496563047,0.02766598481684923,0.017125043086707592,172.63766599353403
pessimistic,250,multistation,8,8,8,t00748-c00118,118,748,19,0,19,True,False,no_show,30.3991,0.0,0,1,61.90745800267905,1633.5915829986334,0.04329206421971321,0.02687494270503521,1633.6617500055581
pessimistic,250,multistation,8,8,8,t00749-c00094,94,749,3,0,3,True,False,no_show,16.9179,0.0,0,1,79.63104196824133,254.64437494520098,28.7158340215683,0.017415964975953102,283.37762493174523
pessimistic,250,multistation,8,8,8,t00749-c00105,105,749,1,0,1,True,False,cancelled_late,26.1633,0.0,0,1,29.078333056531847,29.078333056531847,254.32900001760572,0.008167000487446785,283.415500074625
pessimistic,250,multistation,8,8,8,t00749-c00233,233,749,3,0,3,True,False,satisfied,24.5929,23.2,29,1,58.04904201067984,283.2204590085894,0.20016601774841547,0.006958958692848682,283.42758398503065
pessimistic,250,multistation,8,8,8,t00751-c00072,72,751,4,0,4,True,False,cancelled_late,36.86,0.0,0,1,121.69025000184774,446.48349995259196,287.2170830378309,0.019916915334761143,733.7204999057576
pessimistic,250,multistation,8,8,8,t00751-c00244,244,751,10,0,10,True,False,no_show,18.1626,0.0,0,1,30.690249986946583,733.6124170105904,0.17941603437066078,0.012874952517449856,733.8047079974785
pessimistic,250,multistation,8,8,8,t00752-c00154,154,752,2,1,2,True,False,cancelled_late,37.8068,0.0,0,1,969.9797090142965,1554.3153750477359,717.163166962564,0.008499948307871819,2271.4870419586077
pessimistic,250,multistation,8,8,8,t00753-c00072,72,753,5,0,5,True,False,satisfied,33.5796,33.6,48,1,119.13341702893376,2269.796875072643,0.028791953809559345,0.03004097379744053,2269.85570800025
pessimistic,250,multistation,8,8,8,t00753-c00168,168,753,3,0,3,True,False,no_show,18.3267,0.0,0,1,262.5860000262037,1367.2772500431165,902.6524169603363,0.006749993190169334,2269.936416996643
pessimistic,250,multistation,8,8,8,t00753-c00184,184,753,6,0,6,True,False,satisfied,32.9286,33.2674,42,1,119.00520895142108,2269.6689589647576,0.2503329887986183,0.00658305361866951,2269.925875007175
pessimistic,250,multistation,8,8,8,t00754-c00125,125,754,6,0,6,True,False,cancelled_early,23.9771,0.0,0,1,360.29741598758847,1375.5695410072803,75.88208396919072,0.024458044208586216,1451.4760830206797
pessimistic,250,multistation,8,8,8,t00754-c00179,179,754,11,0,11,True,False,no_show,22.7297,0.0,0,1,107.88424999918789,1451.3628339627758,0.1866660313680768,0.01325004268437624,1451.5627500368282
pessimistic,250,multistation,8,8,8,t00755-c00105,105,755,3,0,3,True,False,no_show,26.0534,0.0,0,1,23.17800000309944,427.4829589994624,51.73945799469948,0.016583013348281384,479.2390000075102
pessimistic,250,multistation,8,8,8,t00755-c00125,125,755,6,0,6,True,False,satisfied,26.0041,26.4,33,1,49.03783404733986,479.13833404891193,0.12112490367144346,0.009625102393329144,479.2690840549767
pessimistic,250,multistation,8,8,8,t00757-c00111,111,757,17,0,17,True,False,satisfied,17.28,17.5,25,1,58.87224990874529,2098.5871659358963,0.038375030271708965,0.023124972358345985,2098.6486659385264
pessimistic,250,multistation,8,8,8,t00757-c00243,243,757,18,0,18,True,False,breakdown,24.9776,0.0,0,1,58.81291697733104,2098.5282090259716,0.1628749305382371,0.012625008821487427,2098.7037089653313
pessimistic,250,multistation,8,8,8,t00759-c00055,55,759,4,0,4,True,False,no_show,23.7312,0.0,0,1,62.628041952848434,242.2654579859227,0.02416700590401888,0.014416989870369434,242.30404198169708
pessimistic,250,multistation,8,8,8,t00760-c00126,126,760,1,0,1,True,False,cancelled_early,21.4793,0.0,0,1,58.5665829712525,58.5665829712525,419.00041699409485,0.01570803578943014,477.5827080011368
pessimistic,250,multistation,8,8,8,t00760-c00171,171,760,6,0,6,True,False,cancelled_late,26.5204,0.0,0,1,24.911665939725935,288.09633292257786,189.52845805324614,0.011416967026889324,477.6362079428509
pessimistic,250,multistation,8,8,8,t00760-c00210,210,760,5,0,5,True,False,satisfied,25.3477,25.9,37,1,58.469458017498255,477.44158294517547,0.19058305770158768,0.006749993190169334,477.6389159960672
pessimistic,250,multistation,8,8,8,t00761-c00026,26,761,7,0,7,True,False,satisfied,15.0661,15.2,38,1,644.6900420123711,3851.5092079760507,932.550958939828,0.018874998204410076,4784.079041914083
pessimistic,250,multistation,8,8,8,t00761-c00084,84,761,11,0,11,True,False,satisfied,23.9022,24.5,35,1,282.1785840205848,4511.2213749671355,272.89004204794765,0.010999967344105244,4784.122416982427
pessimistic,250,multistation,8,8,8,t00761-c00126,126,761,6,0,6,True,False,cancelled_late,22.1254,0.0,0,1,737.3567499453202,3851.4054169645533,932.7065829420462,0.00658305361866951,4784.118582960218
pessimistic,250,multistation,8,8,8,t00761-c00154,154,761,10,0,10,True,False,breakdown,32.5956,0.0,0,1,132.28454103227705,4783.88837503735,0.23208290804177523,0.009083072654902935,4784.129541018046
pessimistic,250,multistation,8,8,8,t00761-c00171,171,761,6,0,6,True,False,cancelled_late,27.303,0.0,0,1,307.04537499696016,2543.476332910359,2240.6362920301035,0.006332993507385254,4784.11895793397
pessimistic,250,multistation,8,8,8,t00762-c00187,187,762,5,0,5,True,False,satisfied,21.7184,22.0,44,1,49.59774995222688,268.6680000042543,0.03891694359481335,0.018583028577268124,268.72549997642636
pessimistic,250,multistation,8,8,8,t00763-c00133,133,763,4,0,4,True,False,no_show,21.814,0.0,0,1,68.02079104818404,535.3480000048876,0.0350830378010869,0.017457990907132626,535.4005410335958
pessimistic,250,multistation,8,8,8,t00763-c00227,227,763,4,0,4,True,False,no_show,22.4796,0.0,0,1,67.963375011459,535.2908750064671,0.125208985991776,0.007500057108700275,535.4235840495676
pessimistic,250,multistation,8,8,8,t00764-c00171,171,764,7,0,7,True,False,satisfied,32.6159,32.8,41,1,35.08658392820507,400.24799993261695,0.040041981264948845,0.01837499439716339,400.30641690827906
pessimistic,250,multistation,8,8,8,t00765-c00116,116,765,16,0,16,True,False,satisfied,15.0096,15.2,38,1,77.98337505664676,2002.783542033285,0.03999995533376932,0.025792047381401062,2002.849334036
pessimistic,250,multistation,8,8,8,t00765-c00242,242,765,14,0,14,True,False,no_show,24.4089,0.0,0,1,77.92275003157556,2002.7228329563513,0.16000005416572094,0.010582967661321163,2002.8934159781784
pessimistic,250,multistation,8,8,8,t00766-c00126,126,766,3,0,3,True,False,cancelled_late,21.7581,0.0,0,1,66.26579188741744,243.17579192575067,0.0315000070258975,0.01916696783155203,243.22645890060812
pessimistic,250,multistation,8,8,8,t00766-c00128,128,766,3,0,3,True,False,satisfied,16.6112,16.8,24,1,66.21829106006771,243.12808306422085,0.1360829919576645,0.0076669966802001,243.2718330528587
pessimistic,250,multistation,8,8,8,t00768-c00041,41,768,7,0,7,True,False,no_show,21.8891,0.0,0,1,49.50587498024106,909.8179589491338,0.025000073947012424,0.022458028979599476,909.8654170520604
pessimistic,250,multistation,8,8,8,t00768-c00067,67,768,1,0,1,True,False,no_show,27.1613,0.0,0,1,278.2261250540614,278.2261250540614,631.6583750303835,0.006833928637206554,909.8913340130821
pessimistic,250,multistation,8,8,8,t00768-c00126,126,768,6,0,6,True,False,satisfied,25.3767,25.2,36,1,278.18274998571724,813.2381250616163,96.64254100061953,0.007209018804132938,909.88787508104
pessimistic,250,multistation,8,8,8,t00768-c00231,231,768,4,0,4,True,False,satisfied,14.0617,14.4,36,1,290.73949996382,564.6647500107065,345.2155409613624,0.006249989382922649,909.8865409614518
pessimistic,250,multistation,8,8,8,t00769-c00066,66,769,12,0,12,True,False,satisfied,20.2724,20.3,29,1,20.59616695623845,433.7661250028759,0.02916704397648573,0.020124949514865875,433.8154169963673
pessimistic,250,multistation,8,8,8,t00771-c00089,89,771,3,0,3,True,False,no_show,16.5624,0.0,0,1,14.299290953204036,52.81575000844896,0.02591591328382492,0.01608405727893114,52.857749979011714
pessimistic,250,multistation,8,8,8,t00773-c00030,30,773,18,0,18,True,False,no_show,20.3848,0.0,0,1,19.15241696406156,678.3392500365153,0.030749943107366562,0.02195802517235279,678.391958004795
pessimistic,250,multistation,8,8,8,t00773-c00229,229,773,3,0,3,True,False,satisfied,24.0552,24.8,31,1,156.2430839985609,467.1325839590281,211.27695799805224,0.008333008736371994,678.4178749658167
pessimistic,250,multistation,8,8,8,t00774-c00064,64,774,1,0,1,True,False,cancelled_early,23.1848,0.0,0,1,90.12516599614173,90.12516599614173,315.0294589577243,0.015415949746966362,405.17004090361297
pessimistic,250,multistation,8,8,8,t00774-c00143,143,774,9,0,9,True,False,satisfied,21.3499,21.6,36,1,38.975958013907075,405.07579199038446,0.1377500593662262,0.01129100564867258,405.22483305539936
pessimistic,250,multistation,8,8,8,t00775-c00021,21,775,6,0,6,True,False,satisfied,17.2902,17.6,44,1,230.94187502283603,1878.786624991335,75.5837089382112,0.02354104071855545,1954.3938749702647
pessimistic,250,multistation,8,8,8,t00775-c00064,64,775,6,0,6,True,False,no_show,27.7358,0.0,0,1,145.59645799454302,1878.7323329597712,75.70829207543284,0.010332907550036907,1954.450957942754
pessimistic,250,multistation,8,8,8,t00775-c00070,70,775,7,0,7,True,False,cancelled_late,14.7665,0.0,0,1,27.57399994879961,1954.246874898672,0.19745808094739914,0.009458977729082108,1954.4537919573486
pessimistic,250,multistation,8,8,8,t00777-c00007,7,777,14,0,14,True,False,satisfied,27.3943,28.0,40,1,71.66024995967746,1397.588458028622,0.028166919946670532,0.023583066649734974,1397.6402080152184
pessimistic,250,multistation,8,8,8,t00777-c00070,70,777,7,0,7,True,False,no_show,18.312,0.0,0,1,37.14708297047764,1334.7068330040202,62.97166703734547,0.010167015716433525,1397.688667057082
pessimistic,250,multistation,8,8,8,t00777-c00201,201,777,1,0,1,True,False,satisfied,16.2298,16.8,28,1,488.95074997562915,488.95074997562915,908.7238750653341,0.005749985575675964,1397.680375026539
pessimistic,250,multistation,8,8,8,t00779-c00082,82,779,1,0,1,True,False,cancelled_late,27.2659,0.0,0,1,112.6970830373466,112.6970830373466,149.4242090266198,0.014457968063652515,262.13575003203005
pessimistic,250,multistation,8,8,8,t00779-c00109,109,779,5,0,5,True,False,no_show,14.5574,0.0,0,1,55.47229200601578,262.04595796298236,0.13041705824434757,0.009916955605149269,262.18629197683185
pessimistic,250,multistation,8,8,8,t00780-c00091,91,780,6,0,6,True,False,cancelled_late,21.747,0.0,0,1,32.212042016908526,234.96345803141594,0.029250048100948334,0.01879199407994747,235.01150007359684
pessimistic,250,multistation,8,8,8,t00782-c00095,95,782,4,0,4,True,False,no_show,25.6175,0.0,0,1,201.7897079931572,364.32341707404703,514.9019159143791,0.01937500201165676,879.2447079904377
pessimistic,250,multistation,8,8,8,t00782-c00108,108,782,5,0,5,True,False,cancelled_late,21.566,0.0,0,1,178.65550005808473,879.1451670695096,0.1296659465879202,0.009375042282044888,879.2842080583796
pessimistic,250,multistation,8,8,8,t00782-c00167,167,782,3,0,3,True,False,satisfied,23.8432,24.0,30,1,178.61233302392066,879.1015410097316,0.19370904192328453,0.00595790334045887,879.3012079549953
pessimistic,250,multistation,8,8,8,t00784-c00149,149,784,3,0,3,True,False,satisfied,19.1,19.6,28,1,22.314207977615297,184.19220799114555,0.03295892383903265,0.017333077266812325,184.2424999922514
pessimistic,250,multistation,8,8,8,t00784-c00219,219,784,4,0,4,True,False,cancelled_late,12.3016,0.0,0,1,37.554832990281284,108.42425003647804,75.850083027035,0.009791925549507141,184.28412498906255
pessimistic,250,multistation,8,8,8,t00786-c00094,94,786,13,0,13,True,False,satisfied,18.9023,18.0,36,1,153.03525002673268,1267.8872080286965,0.03487488720566034,0.02183311153203249,1267.9439160274342
pessimistic,250,multistation,8,8,8,t00786-c00144,144,786,5,0,5,True,False,satisfied,17.91,18.2,26,1,14.747292036190629,811.650958028622,456.33470895700157,0.009624985978007317,1267.9952919716015
pessimistic,250,multistation,8,8,8,t00786-c00228,228,786,1,0,1,True,False,no_show,27.852,0.0,0,1,542.4199589760974,542.4199589760974,725.5667080171406,0.005541951395571232,1267.9922089446336
pessimistic,250,multistation,8,8,8,t00787-c00082,82,787,3,0,3,True,False,cancelled_early,25.3265,0.0,0,1,138.19366705138236,394.61929199751467,22.230083006434143,0.016625039279460907,416.86600004322827
pessimistic,250,multistation,8,8,8,t00787-c00091,91,787,4,0,4,True,False,satisfied,26.0398,25.9,37,1,69.15183295495808,416.7748329928145,0.12979202438145876,0.00837491825222969,416.91299993544817
pessimistic,250,multistation,8,8,8,t00788-c00038,38,788,5,0,5,True,False,satisfied,24.7835,24.8,31,1,29.3512080097571,1661.277125007473,0.021165935322642326,0.020209001377224922,1661.3184999441728
pessimistic,250,multistation,8,8,8,t00788-c00082,82,788,4,0,4,True,False,satisfied,28.218,28.4,71,1,307.6361669227481,1555.3986669983715,105.95783300232142,0.009541981853544712,1661.3660419825464
pessimistic,250,multistation,8,8,8,t00788-c00168,168,788,4,0,4,True,False,cancelled_late,19.3213,0.0,0,1,307.5855829520151,1555.347624933347,106.0078750597313,0.006415997631847858,1661.3619159907103
pessimistic,250,multistation,8,8,8,t00788-c00248,248,788,4,0,4,True,False,no_show,15.6011,0.0,0,1,307.53866699524224,1555.3002080414444,106.06141702737659,0.005999929271638393,1661.3676249980927
pessimistic,250,multistation,8,8,8,t00789-c00108,108,789,9,0,9,True,False,satisfied,13.5691,14.0,20,1,20.090999896638095,618.0713749490678,0.03404205199331045,0.020832987502217293,618.1262499885634
pessimistic,250,multistation,8,8,8,t00789-c00216,216,789,4,0,4,True,False,no_show,24.7986,0.0,0,1,106.88054200727493,534.1167919104919,84.04200000222772,0.00925001222640276,618.168041924946
pessimistic,250,multistation,8,8,8,t00790-c00219,219,790,8,0,8,True,False,cancelled_late,21.8958,0.0,0,1,21.23837498947978,532.5351249193773,0.04270800855010748,0.020167091861367226,532.5980000197887
pessimistic,250,multistation,8,8,8,t00790-c00244,244,790,4,0,4,True,False,satisfied,27.5016,27.6,46,1,71.84787502046674,313.0671250401065,219.58874992560595,0.009999959729611874,532.665874925442
pessimistic,250,multistation,8,8,8,t00791-c00076,76,791,5,0,5,True,False,cancelled_late,8.7147,0.0,0,1,9.774624952115119,158.29529194161296,0.023417058400809765,0.015666009858250618,158.33437500987202
pessimistic,250,multistation,8,8,8,t00791-c00135,135,791,4,0,4,True,False,cancelled_early,11.9615,0.0,0,1,39.42729195114225,137.56870897486806,20.798624958842993,0.008041039109230042,158.37537497282028
pessimistic,250,multistation,8,8,8,t00791-c00238,238,791,3,0,3,True,False,satisfied,10.3693,10.4,13,1,39.37320795375854,112.0702080661431,46.292916988022625,0.005624955520033836,158.36875000968575
pessimistic,250,multistation,8,8,8,t00792-c00044,44,792,3,0,3,True,False,satisfied,23.209,23.5,47,1,119.58695901557803,601.7684589605778,131.9497909862548,0.020167091861367226,733.738417038694
pessimistic,250,multistation,8,8,8,t00792-c00076,76,792,5,0,5,True,False,satisfied,22.768,23.2,29,1,28.39200000744313,733.6440000217408,0.1407089876011014,0.011208001524209976,733.7959170108661
pessimistic,250,multistation,8,8,8,t00792-c00101,101,792,7,0,7,True,False,no_show,22.2148,0.0,0,1,84.03462497517467,635.7600829796866,98.03091699723154,0.009624985978007317,733.8006249628961
pessimistic,250,multistation,8,8,8,t00792-c00133,133,792,3,0,3,True,False,satisfied,13.4678,13.6,17,1,164.33237493038177,680.0879159709439,53.697208990342915,0.006875023245811462,733.7919999845326
pessimistic,250,multistation,8,8,8,t00792-c00135,135,792,4,0,4,True,False,no_show,16.535,0.0,0,1,164.29566603619605,680.0509579479694,53.72850003186613,0.005707959644496441,733.7851659394801
pessimistic,250,multistation,8,8,8,t00793-c00004,4,793,3,0,3,True,False,satisfied,20.7814,14.0,28,1,39.93612504564226,160.27624998241663,0.020209001377224922,0.01808302477002144,160.31454200856388
pessimistic,250,multistation,8,8,8,t00794-c00074,74,794,13,0,13,True,False,cancelled_late,22.9652,0.0,0,1,123.60441696364433,845.0426670024171,0.03170792479068041,0.02316699828952551,845.0975419254974
pessimistic,250,multistation,8,8,8,t00794-c00078,78,794,1,0,1,True,False,no_show,15.4987,0.0,0,1,263.50129197817296,263.50129197817296,581.6467079566792,0.007917056791484356,845.1559169916436
pessimistic,250,multistation,8,8,8,t00794-c00219,219,794,4,0,4,True,False,cancelled_late,25.3426,0.0,0,1,64.54754096921533,759.9225000012666,85.21808299701661,0.007417052984237671,845.1480000512674
pessimistic,250,multistation,8,8,8,t00795-c00074,74,795,4,0,4,True,False,cancelled_late,28.2857,0.0,0,1,395.73812508024275,1155.0816660746932,199.69391694758087,0.02308306284248829,1354.7986660851166
pessimistic,250,multistation,8,8,8,t00795-c00105,105,795,5,0,5,True,False,cancelled_late,29.2075,0.0,0,1,333.12258298974484,1286.8346669711173,68.02158302161843,0.010499963536858559,1354.8667499562725
pessimistic,250,multistation,8,8,8,t00795-c00212,212,795,7,0,7,True,False,cancelled_late,23.2077,0.0,0,1,31.19920799508691,1354.64270808734,0.22129190620034933,0.008207978680729866,1354.872207972221
pessimistic,250,multistation,8,8,8,t00796-c00105,105,796,5,0,5,True,False,cancelled_late,28.792,0.0,0,1,57.05341603606939,232.228416018188,0.03162503708153963,0.018749968148767948,232.2787910234183
pessimistic,250,multistation,8,8,8,t00797-c00168,168,797,1,1,1,True,False,no_show,21.2391,0.0,0,1,506.06070808134973,506.06070808134973,335.2932919515297,0.005375011824071407,841.3593750447035
pessimistic,250,multistation,8,8,8,t00798-c00079,79,798,4,0,4,True,False,satisfied,21.7091,22.0,44,1,165.9502499969676,565.3347499901429,274.40658409614116,0.020582927390933037,839.761917013675
pessimistic,250,multistation,8,8,8,t00798-c00105,105,798,3,0,3,True,False,breakdown,31.3585,0.0,0,1,120.63683301676065,751.8106249626726,87.98695798031986,0.009541981853544712,839.807124924846
pessimistic,250,multistation,8,8,8,t00798-c00164,164,798,6,0,6,True,False,cancelled_late,19.991,0.0,0,1,32.86425000987947,839.6243749884889,0.17500005196779966,0.009040930308401585,839.808415970765
pessimistic,250,multistation,8,8,8,t00799-c00219,219,799,3,0,3,True,False,no_show,27.9153,0.0,0,1,33.61141600180417,113.96241607144475,0.041874940507113934,0.019083963707089424,114.02337497565895
pessimistic,250,multistation,8,8,8,t00800-c00212,212,800,6,0,6,True,False,cancelled_late,22.8951,0.0,0,1,70.83008298650384,1426.8825409235433,0.04025001544505358,0.017750076949596405,1426.940541015938
pessimistic,250,multistation,8,8,8,t00800-c00237,237,800,4,0,4,True,False,cancelled_late,27.6227,0.0,0,1,70.77837502583861,1364.6734170615673,62.30462493840605,0.008582952432334423,1426.9866249524057
pessimistic,250,multistation,8,8,8,t00801-c00179,179,801,4,0,4,True,False,satisfied,28.9774,29.0,58,1,31.669541029259562,292.4534580670297,0.037082936614751816,0.01733400858938694,292.50787501223385
pessimistic,250,multistation,8,8,8,t00802-c00089,89,802,5,0,5,True,False,satisfied,24.5621,24.6,41,1,88.72112503740937,896.8150829896331,73.34845804143697,0.023792032152414322,970.1873330632225
pessimistic,250,multistation,8,8,8,t00802-c00121,121,802,3,0,3,True,False,no_show,19.3181,0.0,0,1,299.81058300472796,896.7654160223901,73.46470898482949,0.008833012543618679,970.2389580197632
pessimistic,250,multistation,8,8,8,t00802-c00169,169,802,1,0,1,True,False,cancelled_late,25.1215,0.0,0,1,109.40191603731364,109.40191603731364,860.8252089470625,0.006500049494206905,970.2336250338703
pessimistic,250,multistation,8,8,8,t00802-c00212,212,802,6,0,6,True,False,cancelled_late,24.5268,0.0,0,1,314.89429099019617,969.993207952939,0.24783308617770672,0.008999952115118504,970.2500409912318
pessimistic,250,multistation,8,8,8,t00803-c00012,12,803,5,0,5,True,False,cancelled_late,21.7971,0.0,0,1,28.745208051986992,227.95525006949902,0.019541941583156586,0.01825008075684309,227.99304209183902
pessimistic,250,multistation,8,8,8,t00805-c00022,22,805,4,0,4,True,False,satisfied,18.5961,19.0712,24,1,333.39362498372793,2442.8340420126915,528.2594159943983,0.02058397512882948,2971.1140419822186
pessimistic,250,multistation,8,8,8,t00805-c00074,74,805,3,0,3,True,False,no_show,14.891,0.0,0,1,607.2163330391049,2076.446167076938,894.7048749541864,0.009082956239581108,2971.160124987364
pessimistic,250,multistation,8,8,8,t00805-c00164,164,805,3,0,3,True,False,cancelled_early,15.9944,0.0,0,1,741.484709084034,2442.731042043306,528.4167079953477,0.005875015631318092,2971.153625054285
pessimistic,250,multistation,8,8,8,t00805-c00169,169,805,5,0,5,True,False,satisfied,25.3171,25.6,32,1,333.2484170095995,2442.690124968067,528.4637500299141,0.005958951078355312,2971.1598339490592
pessimistic,250,multistation,8,8,8,t00805-c00212,212,805,6,0,6,True,False,cancelled_late,22.2427,0.0,0,1,32.00358396861702,2970.880209002644,0.26233296375721693,0.007500057108700275,2971.1500420235097
pessimistic,250,multistation,8,8,8,t00805-c00237,237,805,7,0,7,True,False,cancelled_late,29.182,0.0,0,1,607.0402499753982,2906.43337497022,64.70866699237376,0.0069160014390945435,2971.148957964033
pessimistic,250,multistation,8,8,8,t00806-c00055,55,806,5,0,5,True,False,satisfied,31.5043,31.8,53,1,48.23841608595103,428.48479107487947,0.02475001383572817,0.02283393405377865,428.532375022769
pessimistic,250,multistation,8,8,8,t00806-c00164,164,806,1,0,1,True,False,cancelled_early,24.8399,0.0,0,1,141.5219580521807,141.5219580521807,287.0477079413831,0.008375034667551517,428.5780410282314
pessimistic,250,multistation,8,8,8,t00807-c00164,164,807,3,0,3,True,False,satisfied,13.7117,14.0,28,1,74.72383393906057,214.78045894764364,49.873416079208255,0.020374893210828304,264.6742499200627
pessimistic,250,multistation,8,8,8,t00807-c00212,212,807,6,0,6,True,False,satisfied,18.8732,18.9,27,1,29.034208972007036,264.562709024176,0.1514999894425273,0.011333031579852104,264.7255420451984
pessimistic,250,multistation,8,8,8,t00808-c00067,67,808,3,0,3,True,False,cancelled_late,27.0745,0.0,0,1,15.034708078019321,85.03279101569206,0.024541979655623436,0.01625006552785635,85.07358306087554
pessimistic,250,multistation,8,8,8,t00809-c00030,30,809,10,0,10,True,False,no_show,28.3251,0.0,0,1,30.787625000812113,1889.1114589059725,0.02920802216976881,0.025417073629796505,1889.166084001772
pessimistic,250,multistation,8,8,8,t00809-c00118,118,809,4,0,4,True,False,no_show,37.3534,0.0,0,1,171.22216697316617,1508.8266249513254,380.37941709626466,0.010457937605679035,1889.2164999851957
pessimistic,250,multistation,8,8,8,t00809-c00222,222,809,4,0,4,True,False,no_show,19.1544,0.0,0,1,171.1689590010792,1508.773333975114,380.43133297469467,0.006749993190169334,1889.2114169429988
pessimistic,250,multistation,8,8,8,t00810-c00012,12,810,11,0,11,True,False,no_show,21.734,0.0,0,1,227.60404204018414,2006.890167016536,0.023417058400809765,0.019165920093655586,2006.9327499950305
pessimistic,250,multistation,8,8,8,t00810-c00042,42,810,6,0,6,True,False,satisfied,25.1183,25.5,51,1,341.6130000259727,1876.2369999894872,130.72545803152025,0.010584015399217606,2006.9730420364067
pessimistic,250,multistation,8,8,8,t00810-c00206,206,810,4,0,4,True,False,no_show,18.4392,0.0,0,1,304.77679206524044,1696.5100830420852,310.4499999899417,0.006875023245811462,2006.9669580552727
pessimistic,250,multistation,8,8,8,t00810-c00237,237,810,4,0,4,True,False,cancelled_late,27.9801,0.0,0,1,188.3245409699157,1696.4652499882504,310.4829579824582,0.006042071618139744,2006.9542500423267
pessimistic,250,multistation,8,8,8,t00811-c00068,68,811,18,0,18,True,False,satisfied,18.6799,19.2,32,1,27.311749989166856,719.0116660203785,0.032791984267532825,0.021042069420218468,719.0655000740662
pessimistic,250,multistation,8,8,8,t00812-c00067,67,812,3,0,3,True,False,satisfied,30.7532,31.2,39,1,41.41970910131931,414.5321670221165,0.025417073629796505,0.014749937690794468,414.5723340334371
pessimistic,250,multistation,8,8,8,t00812-c00185,185,812,3,0,3,True,False,cancelled_late,16.6722,0.0,0,1,41.36033297982067,414.4726659869775,0.12545904610306025,0.0068749068304896355,414.60499993991107
pessimistic,250,multistation,8,8,8,t00813-c00185,185,813,1,0,1,True,False,cancelled_late,16.4454,0.0,0,1,32.66250004526228,32.66250004526228,0.029582995921373367,0.01166702713817358,32.703750068321824
pessimistic,250,multistation,8,8,8,t00815-c00109,109,815,3,0,3,True,False,no_show,23.0509,0.0,0,1,490.88445806410164,1750.9309171000496,536.3722499459982,0.016791047528386116,2287.319958093576
pessimistic,250,multistation,8,8,8,t00815-c00185,185,815,4,0,4,True,False,satisfied,19.8186,20.0,50,1,639.0743749216199,1343.98833301384,943.3590839616954,0.009082956239581108,2287.356499931775
pessimistic,250,multistation,8,8,8,t00815-c00227,227,815,19,0,19,True,False,cancelled_late,26.2295,0.0,0,1,47.65395901631564,2287.1797919506207,0.17970800399780273,0.012625008821487427,2287.37212496344
pessimistic,250,multistation,8,8,8,t00815-c00237,237,815,4,0,4,True,False,cancelled_late,27.6693,0.0,0,1,233.313333010301,1897.7681250544265,389.6062079584226,0.007292022928595543,2287.3816250357777
pessimistic,250,multistation,8,8,8,t00816-c00227,227,816,14,0,14,True,False,cancelled_late,18.8646,0.0,0,1,33.3539160201326,615.1118330890313,0.049582915380597115,0.022959080524742603,615.1843750849366
pessimistic,250,multistation,8,8,8,t00817-c00010,10,817,3,0,3,True,False,cancelled_early,28.1624,0.0,0,1,497.77241598349065,2091.317749931477,410.4339580517262,0.02316699828952551,2501.7748749814928
pessimistic,250,multistation,8,8,8,t00817-c00115,115,817,5,0,5,True,False,no_show,25.2257,0.0,0,1,83.04987498559058,2091.257832944393,410.5597500456497,0.009124982170760632,2501.8267079722136
pessimistic,250,multistation,8,8,8,t00817-c00227,227,817,4,0,4,True,False,satisfied,24.8815,25.2,42,1,525.6805410608649,868.8540409784764,1632.9572499962524,0.007459078915417194,2501.818750053644
pessimistic,250,multistation,8,8,8,t00817-c00237,237,817,8,0,8,True,False,satisfied,32.0575,32.4,81,1,214.23704200424254,2501.5697500202805,0.2377500059083104,0.007459078915417194,2501.814959105104
pessimistic,250,multistation,8,8,8,t00817-c00240,240,817,1,0,1,True,False,no_show,22.554,0.0,0,1,235.95170793123543,235.95170793123543,2265.8422499662265,0.004833098500967026,2501.798790995963
pessimistic,250,multistation,8,8,8,t00818-c00010,10,818,3,0,3,True,False,cancelled_late,30.7203,0.0,0,1,40.10837501846254,203.12862494029105,0.018625054508447647,0.016417005099356174,203.16366699989885
pessimistic,250,multistation,8,8,8,t00819-c00157,157,819,1,0,1,True,False,cancelled_late,12.0354,0.0,0,1,9.116541012190282,9.116541012190282,0.015083933249115944,0.009708106517791748,9.14133305195719
pessimistic,250,multistation,8,8,8,t00820-c00064,64,820,12,0,12,True,False,cancelled_late,22.2343,0.0,0,1,32.13387494906783,414.24112499225885,0.030959025025367737,0.0226249685510993,414.2947089858353
pessimistic,250,multistation,8,8,8,t00821-c00010,10,821,3,0,3,True,False,cancelled_early,27.7234,0.0,0,1,136.369000072591,517.6650000503287,189.95929195079952,0.017750076949596405,707.6420420780778
pessimistic,250,multistation,8,8,8,t00821-c00051,51,821,11,0,11,True,False,satisfied,19.0979,19.2,32,1,33.50883396342397,707.5492920121178,0.13595796190202236,0.01266703475266695,707.6979170087725
pessimistic,250,multistation,8,8,8,t00821-c00056,56,821,4,0,4,True,False,no_show,17.1891,0.0,0,1,146.6995000373572,262.8247910179198,444.8627500096336,0.007416936568915844,707.6949579641223
pessimistic,250,multistation,8,8,8,t00822-c00010,10,822,3,0,3,True,False,satisfied,26.3679,26.4,44,1,478.1621670117602,1267.8854999830946,381.540208007209,0.0213750172406435,1649.4470830075443
pessimistic,250,multistation,8,8,8,t00822-c00041,41,822,5,0,5,True,False,cancelled_late,25.3451,0.0,0,1,312.81191704329103,1649.3520000949502,0.13141694944351912,0.010165967978537083,1649.4935830123723
pessimistic,250,multistation,8,8,8,t00822-c00095,95,822,6,0,6,True,False,satisfied,34.021,34.4,43,1,312.76224995963275,1649.3021249771118,0.1965840347111225,0.0069158850237727165,1649.5056248968467
pessimistic,250,multistation,8,8,8,t00822-c00124,124,822,6,0,6,True,False,cancelled_late,20.6932,0.0,0,1,524.5032499078661,1362.7634999575093,286.7260000202805,0.007333001121878624,1649.4968329789117
pessimistic,250,multistation,8,8,8,t00822-c00192,192,822,5,0,5,True,False,satisfied,26.7566,26.6,38,1,502.43687501642853,1307.0780420675874,342.40633295848966,0.007041962817311287,1649.4914169888943
pessimistic,250,multistation,8,8,8,t00823-c00064,64,823,18,0,18,True,False,cancelled_early,27.3699,0.0,0,1,19.298915984109044,2814.1956250183284,0.03566604573279619,0.02745899837464094,2814.258750062436
pessimistic,250,multistation,8,8,8,t00823-c00065,65,823,15,0,15,True,False,satisfied,27.6376,28.2,47,1,127.34775000717491,2814.147000084631,0.1748749054968357,0.011167023330926895,2814.333042013459
pessimistic,250,multistation,8,8,8,t00823-c00177,177,823,3,0,3,True,False,cancelled_late,8.5023,0.0,0,1,656.7066248971969,1515.554124955088,1298.763458034955,0.006833928637206554,2814.32441691868
pessimistic,250,multistation,8,8,8,t00824-c00064,64,824,8,0,8,True,False,breakdown,33.7632,0.0,0,1,59.26241597626358,560.1818329887465,0.02795807085931301,0.020083971321582794,560.2298750309274
pessimistic,250,multistation,8,8,8,t00825-c00135,135,825,4,0,4,True,False,no_show,16.0267,0.0,0,1,205.22158301901072,1826.9217920023948,407.48229098971933,0.018542050383985043,2234.422625042498
pessimistic,250,multistation,8,8,8,t00825-c00153,153,825,4,0,4,True,False,cancelled_late,18.7966,0.0,0,1,205.16879193019122,1767.6087499130517,466.8463340494782,0.008665956556797028,2234.4637499190867
pessimistic,250,multistation,8,8,8,t00825-c00177,177,825,18,0,18,True,False,no_show,16.6134,0.0,0,1,26.584208011627197,2234.2714170226827,0.21083292085677385,0.012375065125524998,2234.494625008665
pessimistic,250,multistation,8,8,8,t00825-c00242,242,825,6,0,6,True,False,satisfied,33.008,33.5,67,1,205.07237501442432,2070.8065000362694,163.6694169137627,0.005666050128638744,2234.4815830001608
pessimistic,250,multistation,8,8,8,t00826-c00147,147,826,12,0,12,True,False,no_show,19.9432,0.0,0,1,17.148041049949825,820.4528749920428,0.04058307968080044,0.025667017325758934,820.5191250890493
pessimistic,250,multistation,8,8,8,t00826-c00157,157,826,8,0,8,True,False,no_show,17.8511,0.0,0,1,135.70020801853389,576.0563749354333,244.505750015378,0.01183303538709879,820.5739579861984
pessimistic,250,multistation,8,8,8,t00827-c00041,41,827,13,0,13,True,False,no_show,27.3876,0.0,0,1,70.19820797722787,5572.558957966976,0.030542025342583656,0.02150004729628563,5572.611000039615
pessimistic,250,multistation,8,8,8,t00827-c00070,70,827,4,0,4,True,False,satisfied,19.7492,20.0,50,1,3034.367249929346,5330.456624971703,242.1843339689076,0.009666080586612225,5572.650625021197
pessimistic,250,multistation,8,8,8,t00827-c00101,101,827,3,0,3,True,False,no_show,25.6286,0.0,0,1,1300.8102920139208,4220.227999961935,1352.4125000694767,0.006916932761669159,5572.647416964173
pessimistic,250,multistation,8,8,8,t00827-c00124,124,827,7,0,7,True,False,satisfied,18.0193,18.2,26,1,1181.48545792792,5260.92274999246,311.7113329935819,0.006333924829959869,5572.640416910872
pessimistic,250,multistation,8,8,8,t00827-c00153,153,827,4,0,4,True,False,satisfied,18.7477,19.2,24,1,1197.2879170207307,4386.151000042446,1186.473042005673,0.006541959010064602,5572.630584007129
pessimistic,250,multistation,8,8,8,t00827-c00248,248,827,7,0,7,True,False,cancelled_early,21.958,0.0,0,1,1181.3880829140544,5260.825583012775,311.7832919815555,0.006082933396100998,5572.614957927726
pessimistic,250,multistation,8,8,8,t00828-c00002,2,828,11,0,11,True,False,cancelled_late,22.8012,0.0,0,1,89.5813750103116,2259.274334064685,80.82862489391118,0.021333107724785805,2340.124292066321
pessimistic,250,multistation,8,8,8,t00828-c00248,248,828,14,0,14,True,False,satisfied,23.5002,24.0,48,1,54.35450002551079,2339.995500049554,0.1692919759079814,0.01254095695912838,2340.177332982421
pessimistic,250,multistation,8,8,8,t00830-c00099,99,830,3,0,3,True,False,cancelled_late,16.1663,0.0,0,1,21.44679194316268,341.44799993373454,108.0456250347197,0.01762493047863245,449.5112498989329
pessimistic,250,multistation,8,8,8,t00830-c00151,151,830,6,0,6,True,False,cancelled_early,18.3979,0.0,0,1,48.6982079455629,449.4112909305841,0.14204205945134163,0.010457937605679035,449.5637909276411
pessimistic,250,multistation,8,8,8,t00831-c00151,151,831,6,0,6,True,False,cancelled_late,22.9389,0.0,0,1,74.4665830861777,631.2159160152078,0.03558408934623003,0.01820793841034174,631.2697080429643
pessimistic,250,multistation,8,8,8,t00831-c00161,161,831,3,0,3,True,False,cancelled_late,26.8922,0.0,0,1,25.521625066176057,473.956166068092,157.35112491529435,0.007417052984237671,631.3147080363706
pessimistic,250,multistation,8,8,8,t00833-c00002,2,833,5,0,5,True,False,cancelled_early,29.4007,0.0,0,1,71.106499992311,671.567291021347,0.0201669754460454,0.018832972273230553,671.6062909690663
pessimistic,250,multistation,8,8,8,t00833-c00078,78,833,5,0,5,True,False,cancelled_late,19.4799,0.0,0,1,71.05108408723027,671.5119170257822,0.1308330101892352,0.007541966624557972,671.650292002596
pessimistic,250,multistation,8,8,8,t00833-c00204,204,833,1,0,1,True,False,cancelled_early,12.2289,0.0,0,1,171.79204104468226,171.79204104468226,499.8499999055639,0.005417037755250931,671.6474579880014
pessimistic,250,multistation,8,8,8,t00834-c00002,2,834,5,0,5,True,False,satisfied,22.502,23.1,33,1,26.049708016216755,1063.146875007078,0.018457998521625996,0.019291997887194157,1063.1846250034869
pessimistic,250,multistation,8,8,8,t00834-c00151,151,834,6,0,6,True,False,no_show,24.025,0.0,0,1,123.86737507767975,998.6191249918193,64.5910840248689,0.010750023648142815,1063.2209590403363
pessimistic,250,multistation,8,8,8,t00834-c00204,204,834,4,0,4,True,False,cancelled_late,17.4738,0.0,0,1,123.82050009910017,786.8297090753913,276.37679094914347,0.006459071300923824,1063.2129590958357
pessimistic,250,multistation,8,8,8,t00835-c00228,228,835,1,0,1,True,False,cancelled_late,25.483,0.0,0,1,29.682333930395544,29.682333930395544,0.03724999260157347,0.01258309930562973,29.732167022302747
pessimistic,250,multistation,8,8,8,t00836-c00074,74,836,4,0,4,True,False,satisfied,28.0184,25.8,43,1,68.93483293242753,306.51512497570366,114.81325002387166,0.016208039596676826,421.344583039172
pessimistic,250,multistation,8,8,8,t00836-c00099,99,836,9,0,8,True,False,satisfied,7.0701,7.7,11,1,13.491541962139308,421.25116696115583,0.1265000319108367,0.010457937605679035,421.38812493067235
pessimistic,250,multistation,8,8,8,t00836-c00239,239,836,3,0,3,True,False,cancelled_late,25.4456,0.0,0,1,27.018249966204166,365.0538750225678,56.32225004956126,0.0063749030232429504,421.3824999751523
pessimistic,250,multistation,8,8,8,t00837-c00096,96,837,1,0,1,True,False,cancelled_early,16.1377,0.0,0,1,85.16599994618446,85.16599994618446,330.0962500507012,0.01420790795236826,415.276457904838
pessimistic,250,multistation,8,8,8,t00837-c00204,204,837,7,0,7,True,False,no_show,18.493,0.0,0,1,75.48266602680087,370.79470802564174,44.52354204840958,0.011332915164530277,415.32958298921585
pessimistic,250,multistation,8,8,8,t00837-c00219,219,837,5,0,5,True,False,cancelled_late,27.2115,0.0,0,1,52.660291898064315,415.13254190795124,0.18316600471735,0.007500057108700275,415.3232079697773
pessimistic,250,multistation,8,8,8,t00838-c00096,96,838,1,0,1,True,False,no_show,20.7793,0.0,0,1,89.3914169864729,89.3914169864729,24.2464579641819,0.013750046491622925,113.65162499714643
pessimistic,250,multistation,8,8,8,t00838-c00161,161,838,2,0,2,True,False,satisfied,25.5469,25.6,32,1,89.33466696180403,113.55670797638595,0.10987499263137579,0.007709022611379623,113.6742919916287
pessimistic,250,multistation,8,8,8,t00839-c00186,186,839,14,0,14,True,False,no_show,17.5367,0.0,0,1,30.175041989423335,2755.0550419837236,0.044332933612167835,0.023958971723914146,2755.1233338890597
pessimistic,250,multistation,8,8,8,t00839-c00222,222,839,3,0,3,True,False,cancelled_early,19.427,0.0,0,1,938.1653339369223,2380.6008339161053,374.5587500743568,0.008082948625087738,2755.167666939087
pessimistic,250,multistation,8,8,8,t00839-c00228,228,839,7,0,7,True,False,cancelled_late,27.9492,0.0,0,1,938.1260829977691,2712.6619999762625,42.51929104793817,0.0074999406933784485,2755.188790964894
pessimistic,250,multistation,8,8,8,t00839-c00239,239,839,10,0,10,True,False,cancelled_late,22.9605,0.0,0,1,335.9902920201421,2628.1428339425474,127.04554107040167,0.006958958692848682,2755.195333971642
pessimistic,250,multistation,8,8,8,t00840-c00078,78,840,10,0,10,True,False,cancelled_early,20.0146,0.0,0,1,29.84058391302824,797.8112089913338,0.029415939934551716,0.019417027942836285,797.8600419592112
pessimistic,250,multistation,8,8,8,t00840-c00112,112,840,6,0,6,True,False,no_show,20.4143,0.0,0,1,98.31733291503042,417.9502909537405,379.95504203718156,0.010582967661321163,797.9159159585834
pessimistic,250,multistation,8,8,8,t00840-c00222,222,840,3,0,3,True,False,cancelled_late,23.7438,0.0,0,1,116.47062504198402,607.1055000647902,190.79162494745106,0.006249989382922649,797.9033750016242
pessimistic,250,multistation,8,8,8,t00841-c00078,78,841,10,0,10,True,False,cancelled_late,22.6002,0.0,0,1,51.03758291807026,1130.3733329987153,0.0315419165417552,0.021875021047890186,1130.426749936305
pessimistic,250,multistation,8,8,8,t00841-c00206,206,841,10,0,10,True,False,satisfied,18.0345,18.4,23,1,50.97583297174424,1130.3113750182092,0.16125000547617674,0.008707982487976551,1130.4813330061734
pessimistic,250,multistation,8,8,8,t00841-c00222,222,841,3,0,3,True,False,no_show,17.2071,0.0,0,1,132.51066696830094,767.6144170109183,362.85329097881913,0.006375019438564777,1130.474083009176
pessimistic,250,multistation,8,8,8,t00842-c00110,110,842,3,0,3,True,False,cancelled_late,13.9517,0.0,0,1,198.77779192756861,493.3033329434693,281.5042920410633,0.027666916139423847,774.835291900672
pessimistic,250,multistation,8,8,8,t00842-c00219,219,842,11,0,11,True,False,cancelled_late,27.4513,0.0,0,1,59.47650002781302,774.7110830387101,0.19399996381253004,0.012291944585740566,774.9173749471083
pessimistic,250,multistation,8,8,8,t00842-c00239,239,842,5,0,5,True,False,no_show,21.7062,0.0,0,1,59.4361670082435,774.6714999666438,0.2477080561220646,0.006749993190169334,774.925958015956
pessimistic,250,multistation,8,8,8,t00844-c00078,78,844,10,0,10,True,False,satisfied,14.2724,14.4,24,1,20.486790919676423,1953.2150409650058,46.55133397318423,0.022416003048419952,1999.7887909412384
pessimistic,250,multistation,8,8,8,t00844-c00110,110,844,20,0,20,True,False,satisfied,13.0247,13.2,33,1,53.60591702628881,1999.683125060983,0.16616692300885916,0.014999997802078724,1999.864291981794
pessimistic,250,multistation,8,8,8,t00844-c00121,121,844,1,0,1,True,False,cancelled_early,28.6286,0.0,0,1,240.67487497814,240.67487497814,1759.1791249578819,0.006042071618139744,1999.86004200764
pessimistic,250,multistation,8,8,8,t00844-c00188,188,844,5,0,5,True,False,cancelled_early,20.7054,0.0,0,1,259.9493330344558,549.5839159702882,1450.2836670726538,0.00825000461190939,1999.875833047554
pessimistic,250,multistation,8,8,8,t00845-c00121,121,845,1,0,1,True,False,cancelled_late,23.5862,0.0,0,1,64.50066599063575,64.50066599063575,119.16012491565198,0.013416982255876064,183.6742078885436
pessimistic,250,multistation,8,8,8,t00845-c00188,188,845,1,0,1,True,False,satisfied,23.4356,14.0,20,1,64.44520794320852,64.44520794320852,119.26041694823653,0.006042071618139744,183.71166696306318
pessimistic,250,multistation,8,8,8,t00845-c00241,241,845,5,0,5,True,False,cancelled_late,13.6703,0.0,0,1,33.192708040587604,183.5281669627875,0.16825005877763033,0.0085409265011549,183.7049579480663
pessimistic,250,multistation,8,8,8,t00846-c00168,168,846,4,0,4,True,False,breakdown,29.8955,0.0,0,1,109.50858402065933,459.4307499937713,155.54324991535395,0.020459061488509178,614.9944589706138
pessimistic,250,multistation,8,8,8,t00846-c00219,219,846,6,0,6,True,False,satisfied,27.9041,28.0,35,1,32.27179206442088,614.8851669859141,0.13375002890825272,0.009375042282044888,615.0282920571044
pessimistic,250,multistation,8,8,8,t00846-c00228,228,846,3,0,3,True,False,satisfied,26.9536,27.3,39,1,66.56283303163946,545.435042004101,69.5850410265848,0.006624963134527206,615.0267079938203
pessimistic,250,multistation,8,8,8,t00848-c00155,155,848,5,0,5,True,False,no_show,15.7461,0.0,0,1,88.91149994451553,336.9114160304889,44.201708980835974,0.021915999241173267,381.13504101056606
pessimistic,250,multistation,8,8,8,t00848-c00241,241,848,5,0,5,True,False,satisfied,13.8761,14.4,24,1,16.123584005981684,381.0228749644011,0.13587507419288158,0.009416951797902584,381.1681669903919
pessimistic,250,multistation,8,8,8,t00849-c00056,56,849,1,0,1,True,False,satisfied,19.7495,11.2,16,1,11.451125028543174,11.451125028543174,0.010541989468038082,0.009124982170760632,11.470792000181973
pessimistic,250,multistation,8,8,8,t00850-c00092,92,850,3,0,3,True,False,satisfied,21.0636,21.0,42,1,37.717332947067916,197.0506669022143,0.026583089493215084,0.01562491524964571,197.09287490695715
pessimistic,250,multistation,8,8,8,t00852-c00030,30,852,3,0,3,True,False,satisfied,24.6339,24.0,30,1,77.49791711103171,384.87337506376207,62.16995895374566,0.015791039913892746,447.0591250574216
pessimistic,250,multistation,8,8,8,t00852-c00135,135,852,5,0,5,True,False,no_show,22.8579,0.0,0,1,24.124416988343,446.9666249351576,0.11787505354732275,0.00933394767343998,447.09383393637836
pessimistic,250,multistation,8,8,8,t00852-c00240,240,852,4,0,4,True,False,satisfied,25.9024,21.6,27,1,92.73925004526973,251.84141704812646,195.23995800409466,0.0069999368861317635,447.08837498910725
pessimistic,250,multistation,8,8,8,t00853-c00029,29,853,4,0,4,True,False,no_show,23.8448,0.0,0,1,14.79404210112989,95.29741702135652,0.021249987185001373,0.015208031982183456,95.33387504052371
pessimistic,250,multistation,8,8,8,t00853-c00075,75,853,1,0,1,True,False,satisfied,21.3252,4.2,7,1,14.741500024683774,14.741500024683774,80.60804102569818,0.006291898898780346,95.35583294928074
pessimistic,250,multistation,8,8,8,t00854-c00033,33,854,20,0,20,True,False,cancelled_late,28.3558,0.0,0,1,44.556249980814755,1200.2281669992954,0.034041935577988625,0.02350006252527237,1200.2857089973986
pessimistic,250,multistation,8,8,8,t00855-c00216,216,855,4,0,4,True,False,no_show,26.2879,0.0,0,1,60.462582972832024,489.1344580100849,0.04091695882380009,0.018874998204410076,489.19424996711314
pessimistic,250,multistation,8,8,8,t00856-c00036,36,856,5,0,5,True,False,satisfied,18.8775,19.0,38,1,135.0472499616444,502.02349992468953,75.41729207150638,0.016249949112534523,577.4570419453084
pessimistic,250,multistation,8,8,8,t00856-c00177,177,856,5,0,5,True,False,cancelled_early,22.5879,0.0,0,1,25.227208039723337,577.3495830362663,0.12858305126428604,0.009124982170760632,577.4872910697013
pessimistic,250,multistation,8,8,8,t00856-c00181,181,856,4,0,4,True,False,cancelled_late,14.1257,0.0,0,1,176.5807920601219,501.913791988045,75.57279209140688,0.0071249669417738914,577.4937090463936
pessimistic,250,multistation,8,8,8,t00857-c00121,121,857,6,0,6,True,False,cancelled_late,27.1567,0.0,0,1,706.895750015974,2254.624249995686,394.100375007838,0.020415987819433212,2648.7450409913436
pessimistic,250,multistation,8,8,8,t00857-c00177,177,857,4,0,4,True,False,cancelled_late,24.8586,0.0,0,1,807.1455829776824,2254.5728749828413,394.2322500515729,0.00866700429469347,2648.813792038709
pessimistic,250,multistation,8,8,8,t00857-c00213,213,857,16,0,16,True,False,satisfied,17.52,17.6,44,1,49.09045901149511,2648.5945420572534,0.22987497504800558,0.012416974641382694,2648.836834006943
pessimistic,250,multistation,8,8,8,t00860-c00012,12,860,5,0,5,True,False,cancelled_early,30.0023,0.0,0,1,182.35695897601545,2030.8943340787664,0.021999934688210487,0.01929106656461954,2030.9356250800192
pessimistic,250,multistation,8,8,8,t00860-c00027,27,860,4,0,4,True,False,satisfied,25.9176,26.6,38,1,825.6372920004651,1221.6905419481918,809.3063330743462,0.010124989785254002,2031.0070000123233
pessimistic,250,multistation,8,8,8,t00860-c00033,33,860,6,0,6,True,False,cancelled_early,15.9036,0.0,0,1,182.25987500045449,2030.7972920127213,0.19916694145649672,0.0070410314947366714,2031.0034999856725
pessimistic,250,multistation,8,8,8,t00860-c00162,162,860,5,0,5,True,False,cancelled_late,25.7055,0.0,0,1,621.4595000492409,1853.5984579939395,177.39970795810223,0.006834045052528381,2031.0049999970943
pessimistic,250,multistation,8,8,8,t00860-c00224,224,860,5,0,5,True,False,no_show,25.7663,0.0,0,1,810.0709170103073,1853.5542499739677,177.4401250295341,0.006083049811422825,2031.0004580533132
pessimistic,250,multistation,8,8,8,t00861-c00012,12,861,13,0,13,True,False,satisfied,14.593,15.0,25,1,333.3161249756813,1290.5477080494165,0.024582957848906517,0.022249994799494743,1290.594541002065
pessimistic,250,multistation,8,8,8,t00861-c00033,33,861,5,0,5,True,False,satisfied,28.5148,28.7,41,1,37.62941702734679,1259.9775419803336,30.64550005365163,0.009916024282574654,1290.6329580582678
pessimistic,250,multistation,8,8,8,t00861-c00162,162,861,5,0,5,True,False,satisfied,24.8959,25.0,50,1,303.29658405389637,1150.8780419826508,139.74091701675206,0.007833004929125309,1290.626792004332
pessimistic,250,multistation,8,8,8,t00861-c00177,177,861,4,0,4,True,False,satisfied,14.3235,14.4,24,1,404.95929098688066,1058.9484160300344,231.66541696991771,0.006832997314631939,1290.6206659972668
pessimistic,250,multistation,8,8,8,t00862-c00103,103,862,5,0,5,True,False,no_show,25.7911,0.0,0,1,33.460750011727214,173.4179169870913,0.026957946829497814,0.016750069335103035,173.4616250032559
pessimistic,250,multistation,8,8,8,t00863-c00063,63,863,5,0,5,True,False,satisfied,12.321,12.0,24,1,37.27354109287262,525.2141250530258,0.0274579506367445,0.020292005501687527,525.2618750091642
pessimistic,250,multistation,8,8,8,t00863-c00121,121,863,6,0,6,True,False,no_show,17.607,0.0,0,1,37.22020797431469,525.1609170809388,0.13349996879696846,0.008874922059476376,525.3032919717953
pessimistic,250,multistation,8,8,8,t00863-c00157,157,863,3,0,3,True,False,satisfied,18.7435,18.2,26,1,185.54070801474154,427.0880420226604,98.20204100105911,0.007500057108700275,525.2975830808282
pessimistic,250,multistation,8,8,8,t00863-c00181,181,863,1,0,1,True,False,satisfied,14.9691,15.2,19,1,205.49249998293817,205.49249998293817,319.7875421028584,0.0049578957259655,525.2849999815226
pessimistic,250,multistation,8,8,8,t00865-c00058,58,865,12,0,12,True,False,no_show,21.2381,0.0,0,1,45.751500059850514,1047.103084041737,0.028291018679738045,0.019124941900372505,1047.1505000023171
pessimistic,250,multistation,8,8,8,t00865-c00182,182,865,10,0,10,True,False,satisfied,19.1326,19.6,28,1,151.0347919538617,1000.7638749666512,46.41262500081211,0.009958981536328793,1047.1864589489996
pessimistic,250,multistation,8,8,8,t00868-c00101,101,868,3,0,3,True,False,no_show,29.887,0.0,0,1,85.08250000886619,1083.75920902472,51.2114999582991,0.01925008837133646,1134.9899590713903
pessimistic,250,multistation,8,8,8,t00868-c00109,109,868,4,0,4,True,False,cancelled_late,21.151,0.0,0,1,121.12741696182638,1083.7098750052974,51.30504199769348,0.009791925549507141,1135.0247089285403
pessimistic,250,multistation,8,8,8,t00868-c00147,147,868,5,0,5,True,False,satisfied,13.9583,13.5,27,1,17.165958997793496,1134.8465839400887,0.1879159826785326,0.00895909033715725,1135.0434590131044
pessimistic,250,multistation,8,8,8,t00869-c00071,71,869,7,0,7,True,False,satisfied,19.4048,20.0,25,1,23.768708924762905,197.62295891996473,0.030916067771613598,0.022124964743852615,197.6759999524802
pessimistic,250,multistation,8,8,8,t00871-c00109,109,871,4,0,4,True,False,no_show,23.2457,0.0,0,1,74.09112504683435,367.6118750590831,0.031458912417292595,0.021332991309463978,367.66466696280986
pessimistic,250,multistation,8,8,8,t00871-c00204,204,871,5,0,5,True,False,cancelled_late,22.4814,0.0,0,1,32.10479102563113,286.3524160347879,81.35087497066706,0.010958989150822163,367.7142499946058
pessimistic,250,multistation,8,8,8,t00872-c00015,15,872,1,0,1,True,False,satisfied,22.8207,21.5,43,1,217.37150009721518,217.37150009721518,235.04208389203995,0.016000005416572094,452.4295839946717
pessimistic,250,multistation,8,8,8,t00872-c00115,115,872,1,0,1,True,False,breakdown,33.5405,0.0,0,1,217.3089999705553,217.3089999705553,235.14137498568743,0.006792019121348858,452.4571669753641
pessimistic,250,multistation,8,8,8,t00872-c00231,231,872,6,0,6,True,False,no_show,16.8394,0.0,0,1,38.714167079888284,452.27287500165403,0.16645900905132294,0.009333016350865364,452.4486670270562
pessimistic,250,multistation,8,8,8,t00873-c00204,204,873,8,0,8,True,False,satisfied,22.5186,22.8015,29,1,28.094208100810647,284.8138330737129,0.04137493669986725,0.020625069737434387,284.8758330801502
pessimistic,250,multistation,8,8,8,t00874-c00152,152,874,17,0,17,True,False,satisfied,13.3865,13.8,23,1,22.17574999667704,785.4944999562576,0.04333304241299629,0.0238749198615551,785.5617079185322
pessimistic,250,multistation,8,8,8,t00874-c00180,180,874,9,0,9,True,False,satisfied,19.062,19.2,32,1,62.10062501486391,734.2635000823066,51.3402089709416,0.011457945220172405,785.6151669984683
pessimistic,250,multistation,8,8,8,t00874-c00190,190,874,1,0,1,True,False,cancelled_early,18.8699,0.0,0,1,197.2725410014391,197.2725410014391,588.3302920265123,0.005707959644496441,785.6085409875959
pessimistic,250,multistation,8,8,8,t00875-c00190,190,875,1,0,1,True,False,satisfied,20.2806,16.5,33,1,17.68583303783089,17.68583303783089,222.8270840132609,0.014791032299399376,240.5277080833912
pessimistic,250,multistation,8,8,8,t00875-c00209,209,875,6,0,6,True,False,cancelled_late,15.5806,0.0,0,1,47.71399998571724,240.42874993756413,0.12920796871185303,0.01008401159197092,240.56804191786796
pessimistic,250,multistation,8,8,8,t00877-c00096,96,877,1,0,1,True,False,cancelled_late,19.9522,0.0,0,1,14.648583019152284,14.648583019152284,619.8860419681296,0.015083001926541328,634.5497079892084
pessimistic,250,multistation,8,8,8,t00877-c00097,97,877,11,0,11,True,False,no_show,16.7293,0.0,0,1,14.600291033275425,634.4612910179421,0.14387501869350672,0.012959004379808903,634.6181250410154
pessimistic,250,multistation,8,8,8,t00878-c00052,52,878,5,0,5,True,False,satisfied,19.7216,20.0,50,1,56.975541985593736,627.1882919827476,0.024374923668801785,0.02295803278684616,627.2356249392033
pessimistic,250,multistation,8,8,8,t00878-c00209,209,878,6,0,6,True,False,no_show,16.8003,0.0,0,1,145.36516601219773,509.9725000327453,117.30741593055427,0.011499971151351929,627.2914159344509
pessimistic,250,multistation,8,8,8,t00879-c00085,85,879,1,0,1,True,False,no_show,10.5316,0.0,0,1,518.5555830830708,518.5555830830708,871.8740839976817,0.015083001926541328,1390.444750082679
pessimistic,250,multistation,8,8,8,t00879-c00140,140,879,12,0,12,True,False,satisfied,24.1559,24.4,61,1,77.9334579128772,1390.3486249037087,0.13695808593183756,0.01420790795236826,1390.499790897593
pessimistic,250,multistation,8,8,8,t00879-c00222,222,879,3,0,3,True,False,no_show,22.5921,0.0,0,1,518.4454589616507,901.6637919703498,488.8282079482451,0.006917049176990986,1390.498916967772
pessimistic,250,multistation,8,8,8,t00881-c00186,186,881,1,0,1,True,False,cancelled_late,21.804,0.0,0,1,7.979665999300778,7.979665999300778,0.02033403143286705,0.009916024282574654,8.00991605501622
pessimistic,250,multistation,8,8,8,t00882-c00032,32,882,4,0,4,True,False,no_show,24.0239,0.0,0,1,149.68254102859646,543.6092079617083,112.91424999944866,0.01795799471437931,656.5414159558713
pessimistic,250,multistation,8,8,8,t00882-c00096,96,882,6,0,6,True,False,no_show,12.9055,0.0,0,1,165.59058299753815,381.39345799572766,275.17379203345627,0.01037493348121643,656.5776249626651
pessimistic,250,multistation,8,8,8,t00882-c00118,118,882,5,0,5,True,False,breakdown,29.1308,0.0,0,1,51.56995903234929,656.4050840679556,0.15949993394315243,0.0074160052463412285,656.5720000071451
pessimistic,250,multistation,8,8,8,t00884-c00211,211,884,3,0,3,True,False,no_show,19.6902,0.0,0,1,43.1982500012964,120.7129170652479,0.03574998117983341,0.015457975678145885,120.76412502210587
pessimistic,250,multistation,8,8,8,t00884-c00239,239,884,1,0,1,True,False,no_show,30.6185,0.0,0,1,14.052957994863391,14.052957994863391,106.72950011212379,0.006541959010064602,120.78900006599724
pessimistic,250,multistation,8,8,8,t00887-c00112,112,887,7,0,7,True,False,cancelled_late,23.0728,0.0,0,1,53.75325004570186,851.7099170712754,0.029999995604157448,0.018000020645558834,851.7579170875251
pessimistic,250,multistation,8,8,8,t00887-c00173,173,887,5,0,5,True,False,no_show,17.3857,0.0,0,1,350.08562495931983,742.5477920332924,109.25233294256032,0.008958042599260807,851.8090830184519
pessimistic,250,multistation,8,8,8,t00888-c00037,37,888,5,0,5,True,False,cancelled_early,29.1646,0.0,0,1,537.2146249283105,2975.275708013214,68.84624995291233,0.017666956409811974,3044.1396249225363
pessimistic,250,multistation,8,8,8,t00888-c00106,106,888,5,0,5,True,False,satisfied,14.7358,15.0,25,1,537.1597079792991,2975.22108303383,68.96387494634837,0.008792034350335598,3044.1937500145286
pessimistic,250,multistation,8,8,8,t00888-c00165,165,888,5,0,5,True,False,satisfied,21.8084,22.4,32,1,537.111165933311,2975.1727499533445,69.01225005276501,0.0069999368861317635,3044.1919999429956
pessimistic,250,multistation,8,8,8,t00888-c00236,236,888,18,0,18,True,False,cancelled_late,17.1042,0.0,0,1,584.9031660472974,3043.9428749959916,0.24708302225917578,0.015042023733258247,3044.205000041984
pessimistic,250,multistation,8,8,8,t00889-c00025,25,889,4,0,4,True,False,cancelled_late,20.6982,0.0,0,1,490.33504200633615,2374.7757500968874,1783.4112499840558,0.02316699828952551,4158.210167079233
pessimistic,250,multistation,8,8,8,t00889-c00037,37,889,5,0,5,True,False,no_show,25.1253,0.0,0,1,30.7069169357419,4062.4527919571847,95.82016698550433,0.012791017070412636,4158.285749959759
pessimistic,250,multistation,8,8,8,t00889-c00041,41,889,6,0,6,True,False,satisfied,34.2224,34.5,69,1,879.6574159059674,3776.5044579282403,381.77624996751547,0.009750016033649445,4158.290457911789
pessimistic,250,multistation,8,8,8,t00889-c00236,236,889,15,0,15,True,False,satisfied,21.1257,21.2,53,1,95.80670902505517,4158.003084012307,0.2762500662356615,0.0113749410957098,4158.290709019639
pessimistic,250,multistation,8,8,8,t00890-c00029,29,890,5,0,5,True,False,cancelled_early,21.0114,0.0,0,1,20.88745904620737,228.60491706524044,0.022833002731204033,0.024166889488697052,228.65191695746034
pessimistic,250,multistation,8,8,8,t00890-c00160,160,890,3,0,3,True,False,cancelled_late,24.9951,0.0,0,1,52.13524994906038,169.1990839317441,59.506291057914495,0.008958973921835423,228.71433396358043
pessimistic,250,multistation,8,8,8,t00891-c00025,25,891,3,0,3,True,False,cancelled_late,19.8622,0.0,0,1,82.09733304101974,547.0660000573844,80.12695796787739,0.016583013348281384,627.20954103861
pessimistic,250,multistation,8,8,8,t00891-c00029,29,891,5,0,5,True,False,satisfied,26.9395,27.3,39,1,25.222499971278012,627.1237919572741,0.13466703239828348,0.011165975593030453,627.2696249652654
pessimistic,250,multistation,8,8,8,t00891-c00207,207,891,3,0,3,True,False,cancelled_early,13.0081,0.0,0,1,81.9870000705123,546.9557080650702,80.30133391730487,0.006415997631847858,627.2634579800069
pessimistic,250,multistation,8,8,8,t00892-c00155,155,892,13,0,13,True,False,no_show,20.5146,0.0,0,1,216.43920801579952,3100.3328330116346,0.04066701512783766,0.02379098441451788,3100.397291011177
pessimistic,250,multistation,8,8,8,t00892-c00207,207,892,14,0,14,True,False,satisfied,22.6874,23.0,46,1,51.598249934613705,3100.275333970785,0.1514999894425273,0.010458054021000862,3100.4372920142487
pessimistic,250,multistation,8,8,8,t00893-c00001,1,893,2,0,2,True,False,no_show,26.6178,0.0,0,1,133.2449170295149,432.69812501966953,118.79766697529703,0.018333084881305695,551.5141250798479
pessimistic,250,multistation,8,8,8,t00893-c00112,112,893,6,0,6,True,False,satisfied,24.2185,24.5,49,1,54.492374998517334,551.4168329536915,0.13720907736569643,0.011208001524209976,551.5652500325814
pessimistic,250,multistation,8,8,8,t00893-c00160,160,893,1,0,1,True,False,satisfied,17.7924,18.2,26,1,146.93270798306912,146.93270798306912,404.62445898447186,0.005832989700138569,551.5629999572411
pessimistic,250,multistation,8,8,8,t00894-c00069,69,894,3,0,3,True,False,satisfied,25.7664,26.0,52,1,85.32999991439283,537.5062499660999,0.03129197284579277,0.038665952160954475,537.5762078911066
pessimistic,250,multistation,8,8,8,t00894-c00247,247,894,7,0,7,True,False,no_show,25.4155,0.0,0,1,32.8409579815343,481.9067920325324,55.71337498258799,0.013457960449159145,537.6336249755695
pessimistic,250,multistation,8,8,8,t00895-c00159,159,895,3,0,3,True,False,satisfied,21.0861,21.2,53,1,41.71387501992285,270.5755000934005,0.03229198046028614,0.016457983292639256,270.6242500571534
pessimistic,250,multistation,8,8,8,t00897-c00127,127,897,14,0,14,True,False,satisfied,21.0962,21.0,42,1,46.24679090920836,789.2434579553083,0.038624973967671394,0.02675002906471491,789.3088329583406
pessimistic,250,multistation,8,8,8,t00898-c00025,25,898,1,0,1,True,False,satisfied,20.5553,20.8,52,1,31.117791077122092,31.117791077122092,0.02062495332211256,0.017208978533744812,31.15562500897795
pessimistic,250,multistation,8,8,8,t00898-c00135,135,898,3,4,3,True,False,satisfied,20.9595,21.0,30,1,1269.1575000062585,1342.0187919400632,0.031291041523218155,0.01704192254692316,1342.0671249041334
pessimistic,250,multistation,8,8,8,t00899-c00186,186,899,3,0,3,True,False,cancelled_early,21.8488,0.0,0,1,12.138582998886704,66.94200006313622,0.03629201091825962,0.01595797948539257,66.99425005353987
pessimistic,250,multistation,8,8,8,t00900-c00103,103,900,5,0,5,True,False,cancelled_late,27.7303,0.0,0,1,23.781790980137885,462.52574992831796,0.030250055715441704,0.02008303999900818,462.5760830240324
pessimistic,250,multistation,8,8,8,t00900-c00121,121,900,3,0,3,True,False,cancelled_early,28.4148,0.0,0,1,70.20279089920223,392.4858329119161,70.1432500500232,0.008624978363513947,462.6377079403028
pessimistic,250,multistation,8,8,8,t00900-c00186,186,900,4,0,4,True,False,cancelled_late,20.0335,0.0,0,1,119.5389999775216,313.26237495522946,149.3391660042107,0.007709022611379623,462.60924998205155
pessimistic,250,multistation,8,8,8,t00901-c00121,121,901,3,0,3,True,False,satisfied,21.2658,21.0,30,1,115.98820809740573,535.4885410051793,145.00629203394055,0.018417020328342915,680.5132500594482
pessimistic,250,multistation,8,8,8,t00901-c00151,151,901,3,0,3,True,False,satisfied,31.2442,31.6,79,1,105.57420901022851,680.3739590104669,0.1427909592166543,0.009584007784724236,680.5263339774683
pessimistic,250,multistation,8,8,8,t00904-c00058,58,904,1,0,1,True,False,satisfied,28.444,21.0,35,1,23.292917059734464,23.292917059734464,0.02295803278684616,0.014416989870369434,23.33029208239168
pessimistic,250,multistation,8,8,8,t00905-c00103,103,905,3,0,3,True,False,no_show,29.3294,0.0,0,1,34.29208404850215,126.64783408399671,0.02891593612730503,0.018417020328342915,126.69516704045236
pessimistic,250,multistation,8,8,8,t00907-c00048,48,907,1,0,1,True,False,satisfied,24.5277,21.6,54,1,42.70583298057318,42.70583298057318,179.64624997694045,0.01733400858938694,222.36941696610302
pessimistic,250,multistation,8,8,8,t00907-c00186,186,907,4,0,4,True,False,satisfied,20.1994,20.4,34,1,85.10208292864263,222.1952909603715,0.1484589884057641,0.011582975275814533,222.35533292405307
pessimistic,250,multistation,8,8,8,t00908-c00214,214,908,16,0,16,True,False,satisfied,18.0703,18.4,46,1,52.13829199783504,1127.673624898307,0.04825007636100054,0.023082946427166462,1127.7449579210952
pessimistic,250,multistation,8,8,8,t00909-c00043,43,909,3,0,3,True,False,cancelled_early,20.353,0.0,0,1,23.58329202979803,441.34508399292827,0.023000058718025684,0.016582896932959557,441.38466694857925
pessimistic,250,multistation,8,8,8,t00909-c00224,224,909,4,0,4,True,False,cancelled_early,31.5901,0.0,0,1,94.9963330058381,337.49545796308666,103.92716701608151,0.00925001222640276,441.4318749913946
pessimistic,250,multistation,8,8,8,t00910-c00043,43,910,3,0,3,True,False,satisfied,16.1802,16.5,33,1,31.50441707111895,109.27137499675155,0.021792016923427582,0.016125035472214222,109.30929204914719
pessimistic,250,multistation,8,8,8,t00910-c00224,224,910,1,0,1,True,False,cancelled_early,28.8841,0.0,0,1,12.627625023014843,12.627625023014843,96.70591703616083,0.007207971066236496,109.3407500302419
pessimistic,250,multistation,8,8,8,t00911-c00085,85,911,2,0,2,True,False,satisfied,23.4592,23.5,47,1,32.851000083610415,217.9220000980422,25.648082955740392,0.015457975678145885,243.58554102946073
pessimistic,250,multistation,8,8,8,t00911-c00224,224,911,3,0,3,True,False,cancelled_early,26.6698,0.0,0,1,56.1019170563668,243.47937502898276,0.1367080258205533,0.009041978046298027,243.6251250328496
pessimistic,250,multistation,8,8,8,t00911-c00238,238,911,4,0,4,True,False,satisfied,15.8914,16.0,20,1,32.74299995973706,217.8138749441132,25.817916030064225,0.0076669966802001,243.63945797085762
pessimistic,250,multistation,8,8,8,t00911-c00249,249,911,1,0,1,True,False,cancelled_late,23.4442,0.0,0,1,32.70212502684444,32.70212502684444,210.91970906127244,0.0049578957259655,243.62679198384285
pessimistic,250,multistation,8,8,8,t00912-c00224,224,912,3,0,3,True,False,no_show,31.4952,0.0,0,1,29.471916961483657,165.40204198099673,0.041958061046898365,0.020124949514865875,165.4641249915585
pessimistic,250,multistation,8,8,8,t00913-c00014,14,913,6,0,6,True,False,satisfied,20.6592,19.2,24,1,14.845500001683831,135.06862497888505,0.02274999860674143,0.020709005184471607,135.11208398267627
pessimistic,250,multistation,8,8,8,t00914-c00222,222,914,19,0,19,True,False,satisfied,27.6543,28.0,40,1,81.13120903726667,1339.3220419529825,0.053750001825392246,0.026541994884610176,1339.4023339496925
pessimistic,250,multistation,8,8,8,t00914-c00234,234,914,5,0,5,True,False,cancelled_late,26.164,0.0,0,1,38.06983295362443,1277.2318749921396,62.209832947701216,0.01008401159197092,1339.4517919514328
pessimistic,250,multistation,8,8,8,t00915-c00096,96,915,5,0,5,True,False,satisfied,25.7732,25.8,43,1,130.64416602719575,1069.1672910470515,0.030208961106836796,0.0213750172406435,1069.218875025399
pessimistic,250,multistation,8,8,8,t00915-c00137,137,915,5,0,5,True,False,cancelled_late,19.7471,0.0,0,1,130.5892919190228,1069.112499943003,0.1449170522391796,0.008999952115118504,1069.2664169473574
pessimistic,250,multistation,8,8,8,t00918-c00032,32,918,11,0,11,True,False,satisfied,28.1746,28.7,41,1,974.7381249908358,2723.0329589219764,208.96399999037385,0.023707980290055275,2932.0206668926403
pessimistic,250,multistation,8,8,8,t00918-c00086,86,918,3,0,3,True,False,satisfied,15.3935,15.5,31,1,1078.882041038014,2117.470750003122,814.5887500140816,0.008582952432334423,2932.0680829696357
pessimistic,250,multistation,8,8,8,t00918-c00117,117,918,3,0,3,True,False,cancelled_late,12.1925,0.0,0,1,1078.8375838892534,2117.426208918914,814.6300000371411,0.005832989700138569,2932.0620419457555
pessimistic,250,multistation,8,8,8,t00918-c00133,133,918,7,0,7,True,False,no_show,16.2113,0.0,0,1,386.00220798980445,2931.8207500036806,0.24391699116677046,0.008333008736371994,2932.0730000035837
pessimistic,250,multistation,8,8,8,t00918-c00137,137,918,9,0,9,True,False,no_show,16.7358,0.0,0,1,385.96362492535263,2931.7820409778506,0.2760420320555568,0.0063749030232429504,2932.0644579129294
pessimistic,250,multistation,8,8,8,t00918-c00231,231,918,10,0,10,True,False,satisfied,18.3693,18.4,46,1,385.9180419240147,2931.7362080328166,0.3125419607385993,0.006958027370274067,2932.0557080209255
pessimistic,250,multistation,8,8,8,t00919-c00209,209,919,4,0,4,True,False,no_show,22.5956,0.0,0,1,70.6217079423368,315.10391598567367,0.04133395850658417,0.017166021279990673,315.16241596546024
pessimistic,250,multistation,8,8,8,t00920-c00234,234,920,6,0,6,True,False,cancelled_early,26.7557,0.0,0,1,43.21487504057586,430.07537501398474,0.04449998959898949,0.022833002731204033,430.14270800631493
pessimistic,250,multistation,8,8,8,t00921-c00101,101,921,17,0,17,True,False,breakdown,32.0388,0.0,0,1,87.66616601496935,1517.148291110061,0.03724999260157347,0.024916953407227993,1517.21045805607
pessimistic,250,multistation,8,8,8,t00921-c00234,234,921,6,0,6,True,False,no_show,23.3428,0.0,0,1,34.042582963593304,1438.595167011954,78.64583295304328,0.010625110007822514,1517.251625075005
pessimistic,250,multistation,8,8,8,t00922-c00019,19,922,10,0,10,True,False,no_show,25.5369,0.0,0,1,86.35620900895447,1498.6763750202954,0.026250025257468224,0.021709012798964977,1498.7243340583518
pessimistic,250,multistation,8,8,8,t00922-c00117,117,922,3,0,3,True,False,no_show,15.2544,0.0,0,1,145.33141697756946,969.3039999110624,529.4431250076741,0.00800006091594696,1498.7551249796525
pessimistic,250,multistation,8,8,8,t00923-c00218,218,923,6,0,6,True,False,satisfied,11.5146,11.6,29,1,29.510124935768545,230.57495790999383,0.04412501584738493,0.019625062122941017,230.63870798796415
pessimistic,250,multistation,8,8,8,t00925-c00097,97,925,3,0,3,True,False,satisfied,23.5727,23.6,59,1,263.86149995960295,934.9574580555782,0.029041897505521774,0.017750076949596405,935.0042500300333
pessimistic,250,multistation,8,8,8,t00925-c00109,109,925,5,0,5,True,False,cancelled_late,28.9802,0.0,0,1,151.31108299829066,934.9097909871489,0.14000001829117537,0.009792041964828968,935.0595830474049
pessimistic,250,multistation,8,8,8,t00926-c00211,211,926,1,0,1,True,False,no_show,29.4366,0.0,0,1,238.3684579981491,238.3684579981491,471.4029999449849,0.0177919864654541,709.7892499295995
pessimistic,250,multistation,8,8,8,t00926-c00216,216,926,4,0,4,True,False,cancelled_early,31.7728,0.0,0,1,220.64145898912102,709.6795840188861,0.1336249988526106,0.009458046406507492,709.8226670641452
pessimistic,250,multistation,8,8,8,t00927-c00109,109,927,5,0,5,True,False,breakdown,32.2638,0.0,0,1,645.5951660173014,3391.069208038971,0.03187498077750206,0.023124972358345985,3391.1242079921067
pessimistic,250,multistation,8,8,8,t00927-c00122,122,927,5,0,5,True,False,no_show,21.1415,0.0,0,1,645.5470419023186,3391.021249932237,0.13708299957215786,0.008584000170230865,3391.1669169319794
pessimistic,250,multistation,8,8,8,t00927-c00216,216,927,6,0,6,True,False,cancelled_early,30.671,0.0,0,1,645.4962500138208,3390.970457927324,0.18508406355977058,0.007833004929125309,3391.163374995813
pessimistic,250,multistation,8,8,8,t00928-c00216,216,928,5,0,5,True,False,cancelled_early,35.7597,0.0,0,1,146.24283299781382,987.3806670075282,0.038624973967671394,0.01883308868855238,987.4381250701845
pessimistic,250,multistation,8,8,8,t00929-c00062,62,929,6,0,6,True,False,no_show,28.7844,0.0,0,1,92.08425006363541,1236.7940000258386,0.026875059120357037,0.023416941985487938,1236.8442920269445
pessimistic,250,multistation,8,8,8,t00929-c00216,216,929,3,0,3,True,False,cancelled_late,32.1023,0.0,0,1,224.2578329751268,1018.2616669917479,218.61562493722886,0.00958307646214962,1236.886875005439
pessimistic,250,multistation,8,8,8,t00930-c00183,183,930,4,0,4,True,False,satisfied,25.0588,25.2,42,1,37.84941602498293,243.997416109778,0.0403339508920908,0.020915991626679897,244.05866605229676
pessimistic,250,multistation,8,8,8,t00931-c00166,166,931,3,0,3,True,False,satisfied,10.8659,11.4,19,1,8.703334024176002,50.3604169934988,0.03250001464039087,0.015457975678145885,50.40837498381734
pessimistic,250,multistation,8,8,8,t00932-c00099,99,932,3,0,3,True,False,satisfied,17.6067,18.0003,26,1,130.26345905382186,680.6470419978723,0.028667040169239044,0.01562491524964571,680.6913339532912
pessimistic,250,multistation,8,8,8,t00932-c00163,163,932,1,0,1,True,False,satisfied,19.4834,15.5,31,1,108.40270796325058,108.40270796325058,572.3181250505149,0.007166992872953415,680.7280000066385
pessimistic,250,multistation,8,8,8,t00932-c00247,247,932,3,0,3,True,False,cancelled_late,24.3098,0.0,0,1,130.1596249686554,680.5426250211895,0.17358292825520039,0.005500041879713535,680.7217079913244
pessimistic,250,multistation,8,8,8,t00932-c00249,249,932,5,0,5,True,False,satisfied,21.6618,22.0,44,1,96.04041604325175,680.5054999422282,0.21854101214557886,0.006459071300923824,680.7305000256747
pessimistic,250,multistation,8,8,8,t00933-c00173,173,933,13,0,13,True,False,cancelled_late,22.4464,0.0,0,1,49.71316596493125,2588.453375035897,0.04441593773663044,0.024542096070945263,2588.5223330697045
pessimistic,250,multistation,8,8,8,t00933-c00235,235,933,8,0,8,True,False,cancelled_late,21.8787,0.0,0,1,445.3294579870999,2464.178125024773,124.4132500141859,0.010332907550036907,2588.601707946509
pessimistic,250,multistation,8,8,8,t00934-c00075,75,934,1,0,1,True,False,satisfied,18.928,14.4,24,1,379.88141598179936,379.88141598179936,2002.3447499843314,0.016584061086177826,2382.242750027217
pessimistic,250,multistation,8,8,8,t00934-c00174,174,934,20,0,20,True,False,satisfied,24.1511,24.0,40,1,45.56812497321516,2382.13858299423,0.14545803423970938,0.016541918739676476,2382.3005829472095
pessimistic,250,multistation,8,8,8,t00934-c00216,216,934,8,0,8,True,False,satisfied,30.9319,31.2,78,1,182.40816704928875,2046.45350005012,335.83662495948374,0.008624978363513947,2382.2987499879673
pessimistic,250,multistation,8,8,8,t00936-c00123,123,936,1,0,1,True,False,cancelled_early,21.0469,0.0,0,1,134.50054090935737,134.50054090935737,840.2575000654906,0.01750001683831215,974.7755409916863
pessimistic,250,multistation,8,8,8,t00936-c00235,235,936,11,0,11,True,False,cancelled_early,25.4728,0.0,0,1,123.56508302036673,974.6747920289636,0.16879092436283827,0.013792072422802448,974.8573750257492
pessimistic,250,multistation,8,8,8,t00937-c00123,123,937,1,0,1,True,False,cancelled_late,13.9768,0.0,0,1,51.968583022244275,51.968583022244275,691.6327920043841,0.014749937690794468,743.6161249643192
pessimistic,250,multistation,8,8,8,t00937-c00215,215,937,4,0,4,True,False,cancelled_early,27.332,0.0,0,1,62.20320798456669,743.5057079419494,0.1616249792277813,0.010209041647613049,743.6775419628248
pessimistic,250,multistation,8,8,8,t00937-c00235,235,937,7,0,7,True,False,cancelled_early,25.3734,0.0,0,1,44.9627919588238,717.6607080036774,26.018499978818,0.009458977729082108,743.6886669602245
pessimistic,250,multistation,8,8,8,t00938-c00037,37,938,1,0,1,True,False,cancelled_late,32.0232,0.0,0,1,3908.023916068487,3908.023916068487,270.12341702356935,0.015500001609325409,4178.1628330936655
pessimistic,250,multistation,8,8,8,t00938-c00155,155,938,14,0,14,True,False,breakdown,28.858,0.0,0,1,108.99704205803573,4178.060250007547,0.15733297914266586,0.014375080354511738,4178.231958067045
pessimistic,250,multistation,8,8,8,t00938-c00173,173,938,5,0,5,True,False,satisfied,23.4693,23.5,47,1,34.91100005339831,4090.802291990258,87.4170419992879,0.007916009053587914,4178.227249998599
pessimistic,250,multistation,8,8,8,t00938-c00215,215,938,4,0,4,True,False,satisfied,22.1878,22.4,32,1,796.4175000088289,3907.8653330216184,270.34516690764576,0.006500049494206905,4178.216999978758
pessimistic,250,multistation,8,8,8,t00938-c00235,235,938,7,0,7,True,False,cancelled_early,21.0218,0.0,0,1,785.1472920738161,3765.919042052701,412.2839999618009,0.006541027687489986,4178.2095830421895
pessimistic,250,multistation,8,8,8,t00939-c00235,235,939,10,0,10,True,False,cancelled_late,25.9122,0.0,0,1,38.20529207587242,793.2155840098858,0.04587508738040924,0.02274999860674143,793.2842090958729
pessimistic,250,multistation,8,8,8,t00941-c00133,133,941,12,0,12,True,False,no_show,23.6553,0.0,0,1,54.031040985137224,1234.8707909695804,0.0378340482711792,0.02279097680002451,1234.9314159946516
pessimistic,250,multistation,8,8,8,t00941-c00247,247,941,10,0,10,True,False,no_show,24.9378,0.0,0,1,24.489874951541424,1234.8108330043033,0.1597090158611536,0.010582967661321163,1234.9811249878258
pessimistic,250,multistation,8,8,8,t00942-c00120,120,942,6,0,6,True,False,cancelled_late,19.0089,0.0,0,1,22.23549992777407,200.78379195183516,0.030499999411404133,0.020292005501687527,200.83458395674825
pessimistic,250,multistation,8,8,8,t00943-c00103,103,943,21,0,21,True,False,breakdown,27.7881,0.0,0,1,58.751708013005555,1221.93983301986,0.04045804962515831,0.024791923351585865,1222.0050829928368
pessimistic,250,multistation,8,8,8,t00943-c00164,164,943,5,0,5,True,False,no_show,22.4818,0.0,0,1,22.059082984924316,1184.4762499677017,37.56091697141528,0.009916024282574654,1222.0470829633996
pessimistic,250,multistation,8,8,8,t00943-c00239,239,943,1,0,1,True,False,cancelled_late,32.0382,0.0,0,1,291.77470796275884,291.77470796275884,930.2547500701621,0.005832989700138569,1222.035291022621
pessimistic,250,multistation,8,8,8,t00944-c00235,235,944,10,0,10,True,False,cancelled_late,23.3009,0.0,0,1,25.2746669575572,634.2119999462739,0.04591699689626694,0.024208100512623787,634.2821250436828
pessimistic,250,multistation,8,8,8,t00945-c00037,37,945,3,0,3,True,False,cancelled_late,26.9653,0.0,0,1,31.384582980535924,232.7072499319911,0.02070807386189699,0.015749945305287838,232.74370795115829
pessimistic,250,multistation,8,8,8,t00945-c00098,98,945,4,0,3,True,False,cancelled_late,18.3407,0.0,0,1,56.60520796664059,179.98441599775106,52.79687501024455,0.0077500008046627045,232.78904100880027
pessimistic,250,multistation,8,8,8,t00946-c00081,81,946,1,1,1,True,False,cancelled_late,18.2539,0.0,0,1,623.1106659397483,623.1106659397483,99.01704208459705,0.015707919374108315,722.1434159437194
pessimistic,250,multistation,8,8,8,t00946-c00098,98,946,7,0,7,True,False,cancelled_late,24.5611,0.0,0,1,13.299707905389369,358.09766594320536,0.029999995604157448,0.018291990272700787,358.1459579290822
pessimistic,250,multistation,8,8,8,t00947-c00198,198,947,6,0,6,True,False,cancelled_early,24.7482,0.0,0,1,34.92362494580448,362.18066699802876,0.1356659922748804,0.010208925232291222,362.3265419155359
pessimistic,250,multistation,8,8,8,t00948-c00081,81,948,6,0,6,True,False,cancelled_late,23.1654,0.0,0,1,34.49120803270489,286.81920806411654,0.02762500662356615,0.018416903913021088,286.8652499746531
pessimistic,250,multistation,8,8,8,t00948-c00198,198,948,3,0,3,True,False,satisfied,22.9468,23.1,33,1,10.562084033153951,235.47895904630423,51.42541590612382,0.007583992555737495,286.9119589449838
pessimistic,250,multistation,8,8,8,t00949-c00057,57,949,3,0,3,True,False,satisfied,25.8936,25.6,32,1,48.44329203478992,183.90904203988612,139.46279196534306,0.01641607377678156,323.38825007900596
pessimistic,250,multistation,8,8,8,t00949-c00120,120,949,8,0,8,True,False,cancelled_early,17.9559,0.0,0,1,20.205541979521513,323.2956249266863,0.12370909098535776,0.01095794141292572,323.43029195908457
pessimistic,250,multistation,8,8,8,t00950-c00026,26,950,3,0,3,True,False,satisfied,18.4987,18.8,47,1,738.8999159447849,2734.7163329832256,760.2531249867752,0.014416989870369434,3494.983874959871
pessimistic,250,multistation,8,8,8,t00950-c00116,116,950,10,0,10,True,False,satisfied,17.7968,18.0,45,1,569.824208971113,3282.799042062834,212.20999991055578,0.011958065442740917,3495.0210000388324
pessimistic,250,multistation,8,8,8,t00950-c00120,120,950,6,0,6,True,False,cancelled_late,23.2455,0.0,0,1,281.82595898397267,3494.8451669188216,0.16250007320195436,0.007541966624557972,3495.015208958648
pessimistic,250,multistation,8,8,8,t00950-c00141,141,950,6,0,6,True,False,satisfied,28.0199,28.7,41,1,897.6898749824613,2818.2794579770416,676.7321670195088,0.00658305361866951,3495.018208050169
pessimistic,250,multistation,8,8,8,t00950-c00235,235,950,10,0,10,True,False,no_show,24.0964,0.0,0,1,281.73233300913125,3494.751250022091,0.24974998086690903,0.006958027370274067,3495.007958030328
pessimistic,250,multistation,8,8,8,t00951-c00008,8,951,4,0,4,True,False,no_show,19.147,0.0,0,1,99.1474170004949,544.3522500572726,54.41270803567022,0.020666979253292084,598.7856250721961
pessimistic,250,multistation,8,8,8,t00951-c00037,37,951,3,0,3,True,False,no_show,23.2041,0.0,0,1,16.160500003024936,544.3007500143722,54.51766692567617,0.008666072972118855,598.8270830130205
pessimistic,250,multistation,8,8,8,t00951-c00081,81,951,6,0,6,True,False,cancelled_late,22.536,0.0,0,1,44.660957995802164,598.641415941529,0.17016706988215446,0.008458038792014122,598.8200410502031
pessimistic,250,multistation,8,8,8,t00952-c00081,81,952,6,0,6,True,False,no_show,28.563,0.0,0,1,86.81741706095636,1125.7252501090989,62.62324994895607,0.02616702113300562,1188.374667079188
pessimistic,250,multistation,8,8,8,t00952-c00098,98,952,9,0,9,True,False,cancelled_late,19.5487,0.0,0,1,23.541417089290917,1188.2679590489715,0.14745804946869612,0.010499963536858559,1188.425917061977
pessimistic,250,multistation,8,8,8,t00952-c00137,137,952,3,0,3,True,False,no_show,22.7645,0.0,0,1,57.52129096072167,890.5434579355642,297.89166699629277,0.0072909751906991005,1188.4424159070477
pessimistic,250,multistation,8,8,8,t00952-c00232,232,952,2,0,2,True,False,cancelled_early,23.6474,0.0,0,1,23.44287501182407,851.4964160276577,336.9239589665085,0.005083042196929455,1188.4254580363631
pessimistic,250,multistation,8,8,8,t00953-c00232,232,953,4,0,4,True,False,satisfied,24.6326,25.0,50,1,86.81133401114494,309.5757090486586,0.04562491085380316,0.01908303238451481,309.6404169918969
pessimistic,250,multistation,8,8,8,t00954-c00098,98,954,7,0,7,True,False,cancelled_late,18.288,0.0,0,1,29.107333975844085,277.8099999995902,15.196584048680961,0.019415980204939842,293.0260000284761
pessimistic,250,multistation,8,8,8,t00954-c00120,120,954,3,0,3,True,False,no_show,17.53,0.0,0,1,41.83616698719561,292.92141704354435,0.16262498684227467,0.009041046723723412,293.09308307711035
pessimistic,250,multistation,8,8,8,t00955-c00017,17,955,10,0,10,True,False,satisfied,28.6189,28.7,41,1,72.2234999993816,487.7914999378845,0.06633403245359659,0.022332998923957348,487.88016696926206
pessimistic,250,multistation,8,8,8,t00956-c00098,98,956,14,0,14,True,False,cancelled_late,25.3956,0.0,0,1,48.75483305659145,879.2764999670908,0.036667101085186005,0.02587493509054184,879.3390420032665
pessimistic,250,multistation,8,8,8,t00957-c00111,111,957,5,0,5,True,False,satisfied,17.6873,18.2,26,1,17.570125055499375,125.63150003552437,0.030415947549045086,0.018292106688022614,125.68020808976144
pessimistic,250,multistation,8,8,8,t00959-c00011,11,959,5,0,5,True,False,satisfied,18.6241,19.0,38,1,97.92016597930342,668.5942909680307,0.020083971321582794,0.020208070054650307,668.6345830094069
pessimistic,250,multistation,8,8,8,t00959-c00117,117,959,4,0,4,True,False,satisfied,21.2979,21.6,36,1,66.51733408216387,613.3793750777841,55.30266696587205,0.010041985660791397,668.6920840293169
pessimistic,250,multistation,8,8,8,t00960-c00098,98,960,7,0,7,True,False,satisfied,26.1184,25.8,43,1,24.19741591438651,509.4780409708619,0.031125033274292946,0.021584099158644676,509.53075010329485
pessimistic,250,multistation,8,8,8,t00960-c00108,108,960,4,0,4,True,False,cancelled_early,19.6547,0.0,0,1,44.44941598922014,316.5491661056876,193.00916697829962,0.008791917935013771,509.56712500192225
pessimistic,250,multistation,8,8,8,t00961-c00108,108,961,1,0,1,True,False,cancelled_late,20.5243,0.0,0,1,11.502167209982872,11.502167209982872,0.025582965463399887,0.01337495632469654,11.541125131770968
pessimistic,250,multistation,8,8,8,t00962-c00001,1,962,14,0,14,True,False,breakdown,36.1152,0.0,0,1,159.0282500255853,4863.715457962826,0.02645794302225113,0.024541979655623436,4863.766457885504
pessimistic,250,multistation,8,8,8,t00962-c00123,123,962,6,0,6,True,False,no_show,19.7458,0.0,0,1,1784.9411249626428,2745.5639578402042,2118.236083071679,0.009875046089291573,4863.809915957972
pessimistic,250,multistation,8,8,8,t00962-c00158,158,962,10,0,10,True,False,satisfied,21.6666,22.4,28,1,969.5459171198308,3996.7220830731094,867.0825839508325,0.00837491825222969,4863.813041942194
pessimistic,250,multistation,8,8,8,t00964-c00239,239,964,2,0,2,True,False,satisfied,34.6565,35.0,50,1,41.628000093623996,95.78312514349818,0.04037492908537388,0.01616613008081913,95.83966620266438
pessimistic,250,multistation,8,8,8,t00966-c00078,78,966,3,0,3,True,False,cancelled_late,10.7061,0.0,0,1,15.86483302526176,40.870041120797396,0.02329191192984581,0.01591700129210949,40.90925003401935
pessimistic,250,multistation,8,8,8,t00967-c00006,6,967,4,0,4,True,False,satisfied,20.9725,21.0,42,1,65.21387514658272,200.84800012409687,0.01879199407994747,0.0160830095410347,200.88287512771785
pessimistic,250,multistation,8,8,8,t00967-c00053,53,967,1,0,1,True,False,satisfied,17.9123,8.5,17,1,65.1584998704493,65.1584998704493,135.7367499731481,0.006458954885601997,200.901708798483
pessimistic,250,multistation,8,8,8,t00967-c00061,61,967,1,0,1,True,False,no_show,23.0308,0.0,0,1,65.11516706086695,65.11516706086695,135.7696249615401,0.004875008016824722,200.88966703042388
pessimistic,250,multistation,8,8,8,t00970-c00056,56,970,4,0,4,True,False,no_show,11.998,0.0,0,1,108.10224991291761,280.8972499333322,124.71604207530618,0.01733284443616867,405.63062485307455
pessimistic,250,multistation,8,8,8,t00970-c00224,224,970,5,0,5,True,False,cancelled_late,35.9596,0.0,0,1,46.749375062063336,405.5310420226306,0.12837490066885948,0.009417068213224411,405.66883399151266
pessimistic,250,multistation,8,8,8,t00971-c00021,21,971,3,0,3,True,False,cancelled_late,19.8891,0.0,0,1,270.0192090123892,728.0535839963704,290.7032079529017,0.019416911527514458,1018.7762088607997
pessimistic,250,multistation,8,8,8,t00971-c00108,108,971,8,0,8,True,False,cancelled_early,19.8954,0.0,0,1,219.60770804435015,829.8507500439882,188.97504196502268,0.011333031579852104,1018.8371250405908
pessimistic,250,multistation,8,8,8,t00971-c00128,128,971,5,0,5,True,False,no_show,18.419,0.0,0,1,98.19033299572766,1018.6309171840549,0.20541599951684475,0.007958849892020226,1018.8442920334637
pessimistic,250,multistation,8,8,8,t00971-c00224,224,971,5,0,5,True,False,cancelled_late,34.879,0.0,0,1,98.13858312554657,1018.5788329690695,0.2451671753078699,0.005582813173532486,1018.8295829575509
pessimistic,250,multistation,8,8,8,t00972-c00021,21,972,5,0,5,True,False,satisfied,18.7575,18.8,47,1,45.613166177645326,1227.2936659865081,0.022042077034711838,0.02037500962615013,1227.336083073169
pessimistic,250,multistation,8,8,8,t00972-c00078,78,972,5,0,5,True,False,satisfied,20.1012,20.4,34,1,148.62887491472065,1119.8660000227392,107.5014160014689,0.009916955605149269,1227.3773329798132
pessimistic,250,multistation,8,8,8,t00972-c00108,108,972,6,0,6,True,False,satisfied,17.9894,18.2,26,1,174.7382499743253,982.4426670093089,244.92379208095372,0.008665956556797028,1227.3751250468194
pessimistic,250,multistation,8,8,8,t00972-c00133,133,972,1,0,1,True,False,satisfied,23.9091,24.0,30,1,186.98741612024605,186.98741612024605,1040.3681669849902,0.005417037755250931,1227.3610001429915
pessimistic,250,multistation,8,8,8,t00972-c00234,234,972,4,0,4,True,False,satisfied,29.3675,29.4,49,1,408.95129181444645,982.3464998044074,244.99425012618303,0.005834037438035011,1227.3465839680284
pessimistic,250,multistation,8,8,8,t00973-c00012,12,973,3,0,3,True,False,satisfied,17.7902,18.0,30,1,98.64729107357562,2238.7996250763535,68.19237489253283,0.016707926988601685,2307.008707895875
pessimistic,250,multistation,8,8,8,t00973-c00034,34,973,1,0,1,True,False,satisfied,29.7021,12.0,15,1,78.33145814947784,78.33145814947784,2228.706124937162,0.007667113095521927,2307.045250199735
pessimistic,250,multistation,8,8,8,t00973-c00107,107,973,1,1,1,True,False,cancelled_early,24.0765,0.0,0,1,2366.4192920550704,2366.4192920550704,620.2306249178946,0.014707911759614944,2986.6646248847246
pessimistic,250,multistation,8,8,8,t00973-c00172,172,973,5,0,5,True,False,cancelled_late,17.1419,0.0,0,1,12.025582836940885,2306.821750011295,0.16729184426367283,0.008499948307871819,2306.9975418038666
pessimistic,250,multistation,8,8,8,t00973-c00205,205,973,4,0,4,True,False,no_show,20.3033,0.0,0,1,468.4933749958873,2100.0836251769215,206.91487495787442,0.008041970431804657,2307.0065421052277
pessimistic,250,multistation,8,8,8,t00973-c00208,208,973,8,0,8,True,False,no_show,17.8595,0.0,0,1,70.37474983371794,2270.600083982572,36.39499982818961,0.008207978680729866,2307.0032917894423
pessimistic,250,multistation,8,8,8,t00973-c00209,209,973,4,0,4,True,False,cancelled_early,29.2167,0.0,0,1,468.4192498680204,2100.0093340408057,206.97704097256064,0.005458947271108627,2306.9918339606375
pessimistic,250,multistation,8,8,8,t00974-c00134,134,974,1,0,1,True,False,cancelled_early,20.3058,0.0,0,1,57.544375071302056,57.544375071302056,620.3411249443889,0.006708083674311638,677.8922080993652
pessimistic,250,multistation,8,8,8,t00974-c00209,209,974,4,0,4,True,False,breakdown,24.5147,0.0,0,1,109.92325004190207,328.86316697113216,349.01904105208814,0.008250121027231216,677.8904581442475
pessimistic,250,multistation,8,8,8,t00974-c00224,224,974,10,0,10,True,False,breakdown,25.1406,0.0,0,1,25.54837497882545,677.6507499162108,0.22604106925427914,0.00970880500972271,677.8864997904748
pessimistic,250,multistation,8,8,8,t00975-c00107,107,975,1,0,1,True,False,cancelled_late,19.9475,0.0,0,1,10.571416933089495,10.571416933089495,0.013417098671197891,0.008041039109230042,10.592875070869923
pessimistic,250,multistation,8,8,8,t00975-c00134,134,975,1,0,1,True,False,no_show,22.2343,0.0,0,1,10.521624935790896,10.521624935790896,0.06787502206861973,0.005207955837249756,10.594707913696766
pessimistic,250,multistation,8,8,8,t00976-c00172,172,976,17,0,17,True,False,cancelled_late,24.5562,0.0,0,1,22.42741617374122,1878.557125106454,0.04291604273021221,0.02370891161262989,1878.6237500607967
pessimistic,250,multistation,8,8,8,t00976-c00193,193,976,19,0,19,True,False,no_show,25.9925,0.0,0,1,98.2719580642879,1878.5093750339001,0.16950001008808613,0.012165866792201996,1878.6910409107804
pessimistic,250,multistation,8,8,8,t00977-c00004,4,977,13,0,13,True,False,cancelled_early,22.1179,0.0,0,1,154.11387500353158,2557.6106251683086,72.50124984420836,0.01970818266272545,2630.1315831951797
pessimistic,250,multistation,8,8,8,t00977-c00131,131,977,2,0,1,True,False,cancelled_early,19.8704,0.0,0,1,1399.1564579773694,1399.1564579773694,1231.0038339346647,0.006749993190169334,2630.1670419052243
pessimistic,250,multistation,8,8,8,t00977-c00172,172,977,17,0,17,True,False,no_show,19.4017,0.0,0,1,21.746791899204254,2629.978667013347,0.19424990750849247,0.0113749410957098,2630.1842918619514
pessimistic,250,multistation,8,8,8,t00978-c00004,4,978,8,0,8,True,False,satisfied,21.7432,22.0,44,1,10.242083109915257,523.9830000791699,0.023290980607271194,0.02329191192984581,524.029582971707
pessimistic,250,multistation,8,8,8,t00978-c00131,131,978,4,0,4,True,False,no_show,19.6686,0.0,0,1,20.36204212345183,207.72566716186702,316.3467498961836,0.01058308407664299,524.0830001421273
pessimistic,250,multistation,8,8,8,t00978-c00136,136,978,1,0,1,True,False,cancelled_late,22.4826,0.0,0,1,10.14087488874793,10.14087488874793,513.9320830348879,0.006458023563027382,524.0794159471989
pessimistic,250,multistation,8,8,8,t00979-c00220,220,979,3,0,2,True,False,cancelled_late,17.3537,0.0,0,1,15.505958814173937,35.80316691659391,0.035499921068549156,0.014082994312047958,35.852749831974506
pessimistic,250,multistation,8,8,8,t00981-c00201,201,981,6,0,6,True,False,satisfied,15.1002,15.6,26,1,14.443957945331931,194.09962510690093,0.03816583193838596,0.01937500201165676,194.15716594085097
pessimistic,250,multistation,8,8,8,t00982-c00211,211,982,1,0,1,True,False,satisfied,35.8876,35.7,51,1,90.28283297084272,90.28283297084272,33.20950013585389,0.013709068298339844,123.50604217499495
pessimistic,250,multistation,8,8,8,t00982-c00220,220,982,3,0,2,True,False,cancelled_late,16.3999,0.0,0,1,103.08587504550815,123.40679205954075,0.12058299034833908,0.008041970431804657,123.53541702032089
pessimistic,250,multistation,8,8,8,t00984-c00139,139,984,3,0,3,True,False,no_show,22.1833,0.0,0,1,13.455000007525086,177.04408382996917,0.03237510100007057,0.015457859262824059,177.09191679023206
pessimistic,250,multistation,8,8,8,t00984-c00247,247,984,4,0,4,True,False,breakdown,29.9257,0.0,0,1,13.4016671217978,176.99112510308623,0.12629199773073196,0.007165828719735146,177.1245829295367
pessimistic,250,multistation,8,8,8,t00985-c00144,144,985,3,0,2,True,False,cancelled_late,19.9131,0.0,0,1,62.843749998137355,106.33754101581872,41.36608401313424,0.015333062037825584,147.71895809099078
pessimistic,250,multistation,8,8,8,t00985-c00196,196,985,5,0,5,True,False,no_show,19.6171,0.0,0,1,13.642125064507127,147.61908305808902,0.1444169320166111,0.010292045772075653,147.7737920358777
pessimistic,250,multistation,8,8,8,t00986-c00120,120,986,5,0,5,True,False,cancelled_early,25.0269,0.0,0,1,87.38441579043865,471.24462481588125,0.032250070944428444,0.018750084564089775,471.29562497138977
pessimistic,250,multistation,8,8,8,t00986-c00197,197,986,1,0,1,True,False,cancelled_late,28.7916,0.0,0,1,99.30245880968869,99.30245880968869,372.04416608437896,0.008209142833948135,471.3548340369016
pessimistic,250,multistation,8,8,8,t00986-c00245,245,986,4,0,4,True,False,cancelled_late,28.6912,0.0,0,1,155.74054210446775,343.81741704419255,127.53558298572898,0.00795908272266388,471.3609591126442
pessimistic,250,multistation,8,8,8,t00987-c00120,120,987,4,0,4,True,False,no_show,21.6904,0.0,0,1,71.35833287611604,568.9359579700977,163.578457897529,0.01679197885096073,732.5312078464776
pessimistic,250,multistation,8,8,8,t00987-c00144,144,987,12,0,12,True,False,satisfied,21.8187,22.4,32,1,100.28750007040799,732.4312920682132,0.13149995356798172,0.011249911040067673,732.5740419328213
pessimistic,250,multistation,8,8,8,t00987-c00147,147,987,3,0,3,True,False,cancelled_late,18.7928,0.0,0,1,110.32187496311963,473.4050000552088,259.1595828998834,0.00700005330145359,732.5715830083936
pessimistic,250,multistation,8,8,8,t00988-c00122,122,988,6,0,6,True,False,cancelled_early,25.7781,0.0,0,1,434.44845802150667,1581.3752498943359,468.7563329935074,0.02054218202829361,2050.1521250698715
pessimistic,250,multistation,8,8,8,t00988-c00178,178,988,11,0,11,True,False,satisfied,30.879,31.0,62,1,67.08295806311071,2050.044958014041,0.1499168574810028,0.01200009137392044,2050.206874962896
pessimistic,250,multistation,8,8,8,t00988-c00220,220,988,7,0,7,True,False,no_show,17.331,0.0,0,1,297.81474987976253,1399.405875010416,650.7909998763353,0.0074999406933784485,2050.2043748274446
pessimistic,250,multistation,8,8,8,t00989-c00088,88,989,1,0,1,True,False,satisfied,21.1354,9.6,16,1,502.37741600722075,502.37741600722075,2001.7194589599967,0.015415949746966362,2504.1122909169644
pessimistic,250,multistation,8,8,8,t00989-c00122,122,989,8,0,8,True,False,satisfied,27.081,27.2,68,1,88.36937486194074,2504.022042034194,0.12374995276331902,0.011874828487634659,2504.157666815445
pessimistic,250,multistation,8,8,8,t00989-c00225,225,989,11,0,11,True,False,no_show,22.3481,0.0,0,1,447.9895420372486,2307.198249967769,196.95220817811787,0.01033395528793335,2504.1607921011746
pessimistic,250,multistation,8,8,8,t00989-c00245,245,989,7,0,7,True,False,no_show,27.1415,0.0,0,1,489.897791063413,1588.1497501395643,915.9966248553246,0.00816606916487217,2504.154541064054
pessimistic,250,multistation,8,8,8,t00991-c00147,147,991,4,0,4,True,False,satisfied,20.1566,20.5,41,1,9.863750077784061,113.45045897178352,0.0336251687258482,0.015999889001250267,113.50008402951062
pessimistic,250,multistation,8,8,8,t00992-c00008,8,992,7,0,7,True,False,satisfied,22.1071,22.2,37,1,37.194957956671715,1971.3360827881843,153.9707921911031,0.02287491224706173,2125.3297498915344
pessimistic,250,multistation,8,8,8,t00992-c00019,19,992,4,0,4,True,False,cancelled_late,31.9504,0.0,0,1,88.16208294592798,1934.2097081243992,191.1459998227656,0.008667120710015297,2125.364375067875
pessimistic,250,multistation,8,8,8,t00992-c00037,37,992,7,0,7,True,False,cancelled_late,34.6117,0.0,0,1,187.27699993178248,2125.1886668615043,0.1810421235859394,0.0074999406933784485,2125.3772089257836
pessimistic,250,multistation,8,8,8,t00994-c00019,19,994,1,1,1,True,False,satisfied,31.3042,25.6,64,1,297.8909998200834,297.8909998200834,175.96008419059217,0.011625001206994057,473.86270901188254
pessimistic,250,multistation,8,8,8,t00994-c00056,56,994,6,0,6,True,False,cancelled_late,17.8858,0.0,0,1,46.452583046630025,203.28179094940424,0.03041699528694153,0.032041920349001884,203.34424986504018
pessimistic,250,multistation,8,8,8,t00994-c00164,164,994,1,0,1,True,False,no_show,27.9389,0.0,0,1,33.301624935120344,33.301624935120344,170.11387506499887,0.00954093411564827,203.42504093423486
pessimistic,250,multistation,8,8,8,t00995-c00056,56,995,8,0,8,True,False,no_show,16.0528,0.0,0,1,17.613250063732266,268.58408306725323,0.10408414527773857,0.012499978765845299,268.7006671912968
pessimistic,250,multistation,8,8,8,t00996-c00037,37,996,7,0,7,True,False,satisfied,31.8399,31.2,52,1,66.911666886881,1237.296124920249,67.48849991708994,0.022750115022063255,1304.807374952361
pessimistic,250,multistation,8,8,8,t00996-c00081,81,996,6,0,6,True,False,satisfied,26.8497,26.4,33,1,196.55166589654982,1304.7005000989884,0.14624977484345436,0.009666197001934052,1304.8564160708338
pessimistic,250,multistation,8,8,8,t00999-c00206,206,999,14,0,14,True,False,satisfied,8.2006,8.8,11,1,11.86129217967391,193.07354209013283,0.04345807246863842,0.01987488940358162,193.13687505200505
pessimistic,250,multistation,8,8,8,t01000-c00107,107,1000,3,0,3,True,False,satisfied,26.2587,26.6,38,1,216.5648329537362,534.3396249227226,178.89487510547042,0.022249994799494743,713.2567500229925
pessimistic,250,multistation,8,8,8,t01000-c00221,221,1000,14,0,14,True,False,satisfied,23.9829,24.5,35,1,35.98674992099404,713.141875108704,0.15833298675715923,0.015624798834323883,713.3158328942955
pessimistic,250,multistation,8,8,8,t01000-c00235,235,1000,1,0,1,True,False,cancelled_early,29.8581,0.0,0,1,216.4618750102818,216.4618750102818,496.8435000628233,0.005749985575675964,713.3111250586808
pessimistic,250,multistation,8,8,8,t01001-c00013,13,1001,4,0,4,True,False,no_show,18.8346,0.0,0,1,43.15216699615121,172.82199999317527,0.02008303999900818,0.017167069017887115,172.85925010219216
pessimistic,250,multistation,8,8,8,t01001-c00235,235,1001,1,0,1,True,False,satisfied,28.2345,14.5,29,1,13.26641603372991,13.26641603372991,159.59599986672401,0.00700005330145359,172.86941595375538
pessimistic,250,multistation,8,8,8,t01003-c00123,123,1003,1,0,1,True,False,satisfied,21.5907,9.5,19,1,153.6755000706762,153.6755000706762,506.0354999732226,0.019083963707089424,659.7300840076059
pessimistic,250,multistation,8,8,8,t01003-c00137,137,1003,4,0,4,True,False,no_show,18.4783,0.0,0,1,172.2491248510778,368.709750007838,291.06449987739325,0.011125113815069199,659.7853749990463
pessimistic,250,multistation,8,8,8,t01003-c00202,202,1003,5,0,5,True,False,cancelled_early,24.551,0.0,0,1,62.892082845792174,659.5869997981936,0.18733320757746696,0.008541857823729515,659.7828748635948
pessimistic,250,multistation,8,8,8,t01004-c00128,128,1004,7,0,7,True,False,cancelled_late,19.2668,0.0,0,1,22.00754196383059,682.1661668363959,0.03491714596748352,0.022290972992777824,682.2233749553561
pessimistic,250,multistation,8,8,8,t01004-c00172,172,1004,4,0,4,True,False,satisfied,22.8765,23.2,29,1,55.407708045095205,631.0384580865502,51.23529187403619,0.009292038157582283,682.283041998744
pessimistic,250,multistation,8,8,8,t01004-c00202,202,1004,4,0,4,True,False,satisfied,24.1407,24.0,60,1,101.22987488284707,474.41891697235405,207.85241690464318,0.00758306123316288,682.2789169382304
pessimistic,250,multistation,8,8,8,t01005-c00062,62,1005,5,0,5,True,False,breakdown,28.9658,0.0,0,1,331.4446248114109,1511.1074168235064,0.028458191081881523,0.021999934688210487,1511.1578749492764
pessimistic,250,multistation,8,8,8,t01005-c00114,114,1005,6,0,6,True,False,cancelled_early,25.1837,0.0,0,1,503.9483748842031,1236.2764158751816,274.9230000190437,0.01191697083413601,1511.2113328650594
pessimistic,250,multistation,8,8,8,t01005-c00128,128,1005,7,0,7,True,False,satisfied,22.339,22.4,32,1,331.3490829896182,1511.0118328593671,0.2183341421186924,0.00895792618393898,1511.2391249276698
pessimistic,250,multistation,8,8,8,t01006-c00114,114,1006,6,0,6,True,False,satisfied,19.9354,20.3,29,1,14.256125083193183,177.68274992704391,0.03083399496972561,0.016291160136461258,177.7298750821501
pessimistic,250,multistation,8,8,8,t01007-c00094,94,1007,5,0,5,True,False,cancelled_late,13.0513,0.0,0,1,22.41633296944201,186.93699990399182,0.026708003133535385,0.016208970919251442,186.9799168780446
pessimistic,250,multistation,8,8,8,t01007-c00136,136,1007,2,0,2,True,False,satisfied,24.4687,24.5,35,1,53.21179097518325,140.88245783932507,46.13475012592971,0.007333001121878624,187.02454096637666
pessimistic,250,multistation,8,8,8,t01008-c00094,94,1008,17,0,17,True,False,satisfied,14.9471,15.0,30,1,28.95650011487305,648.5903752036393,0.037041958421468735,0.0249580480158329,648.6523752100766
pessimistic,250,multistation,8,8,8,t01008-c00197,197,1008,3,0,3,True,False,cancelled_late,26.7834,0.0,0,1,212.612709030509,406.04495885781944,242.64445807784796,0.00858306884765625,648.698000004515
pessimistic,250,multistation,8,8,8,t01011-c00197,197,1011,4,0,4,True,False,cancelled_early,13.0065,0.0,0,1,29.29420885629952,85.66908398643136,0.03541586920619011,0.015125144273042679,85.7196249999106
pessimistic,250,multistation,8,8,8,t01012-c00197,197,1012,4,0,4,True,False,cancelled_early,22.6007,0.0,0,1,61.331541975960135,535.1670000236481,21.53770881704986,0.021625077351927757,556.7263339180499
pessimistic,250,multistation,8,8,8,t01012-c00233,233,1012,11,0,11,True,False,satisfied,24.9933,25.6,32,1,106.21291701681912,556.6138329450041,0.17287512309849262,0.013167038559913635,556.7998751066625
pessimistic,250,multistation,8,8,8,t01013-c00063,63,1013,5,0,5,True,False,satisfied,13.9773,13.5,27,1,1040.4869171325117,1623.220375040546,166.2775829900056,0.02037500962615013,1789.5183330401778
pessimistic,250,multistation,8,8,8,t01013-c00131,131,1013,6,0,6,True,False,satisfied,26.0324,26.6,38,1,291.02454194799066,1789.4126249011606,0.1428341493010521,0.010249903425574303,1789.5657089538872
pessimistic,250,multistation,8,8,8,t01013-c00149,149,1013,5,0,5,True,False,cancelled_late,18.0696,0.0,0,1,290.9813330043107,1623.1195000000298,166.43616696819663,0.006332993507385254,1789.5619999617338
pessimistic,250,multistation,8,8,8,t01013-c00197,197,1013,5,0,5,True,False,cancelled_late,24.3124,0.0,0,1,290.93520785681903,1789.3227078020573,0.23754197172820568,0.00658305361866951,1789.5668328274041
pessimistic,250,multistation,8,8,8,t01016-c00110,110,1016,6,0,6,True,False,cancelled_late,14.8616,0.0,0,1,37.16312488541007,261.30995783023536,0.03337510861456394,0.019083963707089424,261.362416902557
pessimistic,250,multistation,8,8,8,t01017-c00045,45,1017,5,0,5,True,False,satisfied,25.6656,26.0,65,1,164.125083014369,1428.436040878296,0.02537504769861698,0.017709098756313324,1428.4791250247508
pessimistic,250,multistation,8,8,8,t01017-c00110,110,1017,6,0,6,True,False,cancelled_late,14.7547,0.0,0,1,200.12579206377268,689.6231251303107,738.8837088365108,0.009916024282574654,1428.516749991104
pessimistic,250,multistation,8,8,8,t01017-c00220,220,1017,5,0,5,True,False,cancelled_late,24.8616,0.0,0,1,328.43904197216034,1428.3234579488635,0.19095907919108868,0.0065409112721681595,1428.5209579393268
pessimistic,250,multistation,8,8,8,t01018-c00196,196,1018,4,0,4,True,False,cancelled_late,26.6686,0.0,0,1,63.97462519817054,225.90937511995435,71.5399170294404,0.017582904547452927,297.4668750539422
pessimistic,250,multistation,8,8,8,t01018-c00197,197,1018,5,0,5,True,False,cancelled_late,16.625,0.0,0,1,24.49016598984599,297.36541607417166,0.14287489466369152,0.009417068213224411,297.5177080370486
pessimistic,250,multistation,8,8,8,t01019-c00143,143,1019,1,0,1,True,False,cancelled_late,18.5658,0.0,0,1,72.70983303897083,72.70983303897083,309.7483341116458,0.015999889001250267,382.4741670396179
pessimistic,250,multistation,8,8,8,t01019-c00149,149,1019,5,0,5,True,False,cancelled_early,22.9618,0.0,0,1,32.96237508766353,382.3802089318633,0.13916613534092903,0.010458985343575478,382.5298340525478
pessimistic,250,multistation,8,8,8,t01019-c00196,196,1019,4,0,4,True,False,cancelled_late,27.8991,0.0,0,1,97.13095799088478,270.51370800472796,112.0089169126004,0.007875030860304832,382.53049994818866
pessimistic,250,multistation,8,8,8,t01020-c00134,134,1020,6,0,6,True,False,satisfied,26.5324,27.0,45,1,99.25012500025332,620.3174160327762,39.76983390748501,0.017208047211170197,660.1044579874724
pessimistic,250,multistation,8,8,8,t01020-c00139,139,1020,3,0,3,True,False,cancelled_early,24.7956,0.0,0,1,68.87645903043449,519.0814591478556,141.05079090222716,0.008041970431804657,660.1402920205146
pessimistic,250,multistation,8,8,8,t01020-c00149,149,1020,5,0,5,True,False,satisfied,17.3918,17.5,25,1,23.38675013743341,659.9661251530051,0.1759999431669712,0.0077500008046627045,660.1498750969768
pessimistic,250,multistation,8,8,8,t01021-c00022,22,1021,4,0,4,True,False,no_show,15.0025,0.0,0,1,1279.7044171020389,1955.1011670846492,898.0954999569803,0.023416941985487938,2853.220083983615
pessimistic,250,multistation,8,8,8,t01021-c00061,61,1021,5,0,5,True,False,satisfied,30.0612,30.0,60,1,568.9680001232773,2853.118166094646,0.13950001448392868,0.01037493348121643,2853.268041042611
pessimistic,250,multistation,8,8,8,t01021-c00110,110,1021,4,0,4,True,False,no_show,6.8759,0.0,0,1,1279.603875009343,1955.0010000821203,898.2624160125852,0.006583984941244125,2853.2700000796467
pessimistic,250,multistation,8,8,8,t01021-c00139,139,1021,5,0,5,True,False,cancelled_late,26.0496,0.0,0,1,568.8784578815103,2853.0285409651697,0.2258338499814272,0.006083166226744652,2853.260457981378
pessimistic,250,multistation,8,8,8,t01021-c00193,193,1021,3,0,3,True,False,cancelled_late,30.9268,0.0,0,1,1239.905416034162,2437.9319578874856,415.327750146389,0.005749985575675964,2853.2654580194503
pessimistic,250,multistation,8,8,8,t01021-c00197,197,1021,5,0,5,True,False,cancelled_late,31.7411,0.0,0,1,568.7939580529928,2852.9438751284033,0.3127078525722027,0.005332985892891884,2853.2619159668684
pessimistic,250,multistation,8,8,8,t01022-c00028,28,1022,3,0,3,True,False,cancelled_early,21.8552,0.0,0,1,11.179500026628375,77.0650829654187,0.021875137463212013,0.01870887354016304,77.10566697642207
pessimistic,250,multistation,8,8,8,t01023-c00028,28,1023,7,0,7,True,False,no_show,25.3649,0.0,0,1,123.09224996715784,1025.7362080737948,77.21912488341331,0.023999949917197227,1102.9793329071254
pessimistic,250,multistation,8,8,8,t01023-c00135,135,1023,5,0,5,True,False,satisfied,13.5685,13.3,19,1,107.59658413007855,671.8165420461446,431.1914169229567,0.010624993592500687,1103.0185839626938
pessimistic,250,multistation,8,8,8,t01023-c00157,157,1023,4,0,4,True,False,no_show,12.7777,0.0,0,1,151.3592500705272,343.5586669947952,759.4533329829574,0.008333008736371994,1103.020332986489
pessimistic,250,multistation,8,8,8,t01023-c00220,220,1023,11,0,11,True,False,satisfied,29.9205,30.4,38,1,46.69600003398955,1102.773583959788,0.23245788179337978,0.009207986295223236,1103.0152498278767
pessimistic,250,multistation,8,8,8,t01024-c00018,18,1024,6,0,6,True,False,cancelled_early,20.6283,0.0,0,1,43.00329112447798,434.6863329410553,0.021792016923427582,0.019875122234225273,434.72800008021295
pessimistic,250,multistation,8,8,8,t01024-c00191,191,1024,4,0,4,True,False,no_show,23.3992,0.0,0,1,168.72620908543468,328.14708398655057,106.62012500688434,0.009250128641724586,434.77645912207663
pessimistic,250,multistation,8,8,8,t01025-c00009,9,1025,4,0,4,True,False,satisfied,26.8639,23.4,39,1,299.5891661848873,912.3532911762595,656.5860838163644,0.018833205103874207,1568.9582081977278
pessimistic,250,multistation,8,8,8,t01025-c00018,18,1025,3,0,3,True,False,no_show,24.6228,0.0,0,1,189.0838339459151,1264.5570419263095,304.4422920793295,0.009832903742790222,1569.0091669093817
pessimistic,250,multistation,8,8,8,t01025-c00084,84,1025,17,0,17,True,False,no_show,20.8556,0.0,0,1,26.88179211691022,1568.8218749128282,0.18554204143583775,0.01254095695912838,1569.0199579112232
pessimistic,250,multistation,8,8,8,t01025-c00146,146,1025,4,0,4,True,False,cancelled_early,27.2561,0.0,0,1,299.44562492892146,912.2091659810394,656.793124973774,0.006166985258460045,1569.0084579400718
pessimistic,250,multistation,8,8,8,t01025-c00212,212,1025,1,0,1,True,False,satisfied,24.7841,9.1,13,1,153.4124999307096,153.4124999307096,1415.5941249337047,0.005291076377034187,1569.0119159407914
pessimistic,250,multistation,8,8,8,t01026-c00070,70,1026,2,0,2,True,False,no_show,14.4092,0.0,0,1,728.8830000907183,1770.0875420123339,578.5666250158101,0.014791032299399376,2348.6689580604434
pessimistic,250,multistation,8,8,8,t01026-c00120,120,1026,5,0,5,True,False,cancelled_early,24.9498,0.0,0,1,368.9014168921858,2312.547749839723,36.14725009538233,0.010167015716433525,2348.705166950822
pessimistic,250,multistation,8,8,8,t01026-c00146,146,1026,4,0,4,True,False,cancelled_late,22.6397,0.0,0,1,810.9298751223832,1566.9557091314346,781.7593750078231,0.00795791856944561,2348.723042057827
pessimistic,250,multistation,8,8,8,t01026-c00177,177,1026,14,0,14,True,False,no_show,15.6122,0.0,0,1,395.0506660621613,2348.4853750560433,0.2361659426242113,0.010750023648142815,2348.7322910223156
pessimistic,250,multistation,8,8,8,t01026-c00196,196,1026,0,4,0,False,True,abandoned,20.7755,0.0,0,0,,,,,
pessimistic,250,multistation,8,8,8,t01026-c00197,197,1026,8,0,8,True,False,no_show,23.5018,0.0,0,1,368.72737505473197,2312.373915920034,36.300084087997675,0.0070410314947366714,2348.6810410395265
pessimistic,250,multistation,8,8,8,t01027-c00120,120,1027,5,0,5,True,False,satisfied,18.3188,18.0,30,1,923.3145830221474,4410.707833012566,0.03383285365998745,0.019875122234225273,4410.76154098846
pessimistic,250,multistation,8,8,8,t01027-c00139,139,1027,5,0,5,True,False,no_show,23.8621,0.0,0,1,923.2661668211222,4410.659749992192,0.14562485739588737,0.008792150765657425,4410.814167000353
pessimistic,250,multistation,8,8,8,t01027-c00142,142,1027,8,0,8,True,False,satisfied,26.6139,26.8,67,1,923.2239581178874,4410.617500077933,0.18749991431832314,0.007917173206806183,4410.812917165458
pessimistic,250,multistation,8,8,8,t01027-c00193,193,1027,16,0,16,True,False,cancelled_late,27.0942,0.0,0,1,962.9425830207765,3981.737707974389,429.0716671384871,0.011124880984425545,4410.820499993861
pessimistic,250,multistation,8,8,8,t01027-c00208,208,1027,3,0,3,True,False,satisfied,29.1751,29.2,73,1,1589.8289589677006,3495.365792186931,915.4234998859465,0.006207963451743126,4410.795500036329
pessimistic,250,multistation,8,8,8,t01028-c00148,148,1028,6,0,6,True,False,no_show,29.3003,0.0,0,1,17.927541863173246,974.7461669612676,63.978082966059446,0.017875107005238533,1038.7421250343323
pessimistic,250,multistation,8,8,8,t01028-c00187,187,1028,14,0,14,True,False,no_show,20.2156,0.0,0,1,61.61708291620016,1038.6368329636753,0.13299984857439995,0.013875076547265053,1038.783707888797
pessimistic,250,multistation,8,8,8,t01029-c00056,56,1029,15,0,15,True,False,cancelled_late,19.3614,0.0,0,1,25.973166106268764,477.12829103693366,0.028792070224881172,0.020832987502217293,477.17791609466076
pessimistic,250,multistation,8,8,8,t01031-c00146,146,1031,12,0,12,True,False,satisfied,25.538,26.0,52,1,111.41999997198582,2878.3909999765456,0.03829202614724636,0.023333122953772545,2878.4526251256466
pessimistic,250,multistation,8,8,8,t01031-c00205,205,1031,11,0,11,True,False,satisfied,27.3717,27.6,69,1,51.47533304989338,2790.737458039075,87.7614167984575,0.011250143870711327,2878.5101249814034
pessimistic,250,multistation,8,8,8,t01032-c00193,193,1032,5,0,5,True,False,no_show,27.0389,0.0,0,1,42.6382499281317,269.50954203493893,0.039082951843738556,0.019666971638798714,269.56829195842147
pessimistic,250,multistation,8,8,8,t01033-c00077,77,1033,4,0,4,True,False,satisfied,12.1141,12.6,21,1,6.968416040763259,51.13274999894202,0.023791100829839706,0.015249941498041153,51.1717910412699
pessimistic,250,multistation,8,8,8,t01035-c00066,66,1035,1,0,1,True,False,satisfied,15.8267,7.0,10,1,7.822625106200576,7.822625106200576,0.020042061805725098,0.011124880984425545,7.8537920489907265
pessimistic,250,multistation,8,8,8,t01036-c00056,56,1036,5,0,5,True,False,satisfied,20.7858,21.0,30,1,70.92233304865658,234.49483304284513,176.56916682608426,0.01912517473101616,411.0831250436604
pessimistic,250,multistation,8,8,8,t01036-c00152,152,1036,5,0,5,True,False,cancelled_early,23.2429,0.0,0,1,14.182999962940812,410.9785840846598,0.13029086403548717,0.009292038157582283,411.1181669868529
pessimistic,250,multistation,8,8,8,t01036-c00241,241,1036,3,0,3,True,False,no_show,11.5834,0.0,0,1,84.17154103517532,343.75245799310505,67.36520794220269,0.007542083039879799,411.1252080183476
pessimistic,250,multistation,8,8,8,t01037-c00013,13,1037,4,0,4,True,False,cancelled_early,25.3698,0.0,0,1,485.4719159193337,1455.2106659393758,229.48208404704928,0.016707926988601685,1684.7094579134136
pessimistic,250,multistation,8,8,8,t01037-c00024,24,1037,11,0,11,True,False,satisfied,26.7238,26.8,67,1,189.87720902077854,1615.8179589547217,68.93970794044435,0.012292061001062393,1684.769958956167
pessimistic,250,multistation,8,8,8,t01037-c00152,152,1037,5,0,5,True,False,no_show,23.9749,0.0,0,1,15.300249913707376,1684.561749920249,0.19470811821520329,0.008124858140945435,1684.7645828966051
pessimistic,250,multistation,8,8,8,t01038-c00013,13,1038,1,0,1,True,False,cancelled_late,25.1105,0.0,0,1,14.167584013193846,14.167584013193846,26.90645819529891,0.012791948392987251,41.08683415688574
pessimistic,250,multistation,8,8,8,t01038-c00210,210,1038,1,0,1,True,False,no_show,27.7572,0.0,0,1,40.97920889034867,40.97920889034867,0.12916605919599533,0.006375135853886604,41.114750085398555
pessimistic,250,multistation,8,8,8,t01039-c00124,124,1039,4,0,4,True,False,satisfied,21.2306,21.7,31,1,55.52158295176923,157.4224999640137,0.031125033274292946,0.01758313737809658,157.47120813466609
pessimistic,250,multistation,8,8,8,t01040-c00137,137,1040,4,0,4,True,False,cancelled_late,31.4675,0.0,0,1,45.71295902132988,338.9188339933753,0.031916191801428795,0.017416896298527718,338.96816708147526
pessimistic,250,multistation,8,8,8,t01042-c00022,22,1042,5,0,5,True,False,cancelled_late,19.0777,0.0,0,1,9.734957944601774,2244.126291014254,78.15991691313684,0.018625054508447647,2322.3048329818994
pessimistic,250,multistation,8,8,8,t01042-c00121,121,1042,19,0,19,True,False,cancelled_late,18.7706,0.0,0,1,63.04354197345674,2322.2072499338537,0.15637511387467384,0.01733284443616867,2322.3809578921646
pessimistic,250,multistation,8,8,8,t01042-c00125,125,1042,14,0,14,True,False,satisfied,21.9407,22.4,28,1,63.002208014950156,2322.1660000272095,0.218832865357399,0.00795908272266388,2322.3927919752896
pessimistic,250,multistation,8,8,8,t01042-c00227,227,1042,5,0,5,True,False,cancelled_early,21.0286,0.0,0,1,928.4726248588413,2083.417583955452,238.96174994297326,0.005915993824601173,2322.3852498922497
pessimistic,250,multistation,8,8,8,t01042-c00245,245,1042,1,0,1,True,False,satisfied,34.9401,16.1,23,1,409.17304204776883,409.17304204776883,1913.199291098863,0.004791887477040291,2322.3771250341088
pessimistic,250,multistation,8,8,8,t01043-c00121,121,1043,2,0,2,True,False,cancelled_early,23.889,0.0,0,1,110.53391615860164,238.80362510681152,125.49629108980298,0.015374971553683281,364.3152911681682
pessimistic,250,multistation,8,8,8,t01043-c00157,157,1043,11,0,11,True,False,cancelled_early,17.339,0.0,0,1,21.679332945495844,364.2218748573214,0.14004111289978027,0.01337495632469654,364.37529092654586
pessimistic,250,multistation,8,8,8,t01043-c00227,227,1043,1,0,1,True,False,no_show,20.8566,0.0,0,1,82.62949995696545,82.62949995696545,281.73416713252664,0.005749985575675964,364.36941707506776
pessimistic,250,multistation,8,8,8,t01044-c00121,121,1044,1,0,1,True,False,cancelled_early,24.4889,0.0,0,1,267.8032910916954,267.8032910916954,1742.5723751075566,0.013833865523338318,2010.3895000647753
pessimistic,250,multistation,8,8,8,t01044-c00137,137,1044,12,0,12,True,False,satisfied,33.3782,33.6,56,1,155.6776249781251,1968.3406250551343,42.11370809935033,0.01433398574590683,2010.4686671402305
pessimistic,250,multistation,8,8,8,t01044-c00143,143,1044,9,0,9,True,False,cancelled_early,17.7523,0.0,0,1,155.63595900312066,1968.2990838773549,42.165958089753985,0.007541850209236145,2010.472583817318
pessimistic,250,multistation,8,8,8,t01044-c00157,157,1044,13,0,13,True,False,cancelled_late,17.5637,0.0,0,1,25.387665955349803,2010.2144579868764,0.2579579595476389,0.010584015399217606,2010.4829999618232
pessimistic,250,multistation,8,8,8,t01045-c00121,121,1045,4,0,4,True,False,satisfied,19.8306,20.3,29,1,26.920042000710964,134.3950000591576,57.23645887337625,0.018582912161946297,191.6500418446958
pessimistic,250,multistation,8,8,8,t01045-c00143,143,1045,3,0,3,True,False,cancelled_early,23.4769,0.0,0,1,6.971250055357814,191.55120896175504,0.14529097825288773,0.011209165677428246,191.70770910568535
pessimistic,250,multistation,8,8,8,t01046-c00022,22,1046,5,0,5,True,False,cancelled_late,19.24,0.0,0,1,10.482666781172156,110.51162495277822,0.018999911844730377,0.016541918739676476,110.54716678336263
pessimistic,250,multistation,8,8,8,t01046-c00143,143,1046,1,0,1,True,False,satisfied,20.8331,3.6,6,1,36.55541595071554,36.55541595071554,74.02837509289384,0.007041962817311287,110.59083300642669
pessimistic,250,multistation,8,8,8,t01047-c00082,82,1047,4,0,4,True,False,cancelled_early,24.3709,0.0,0,1,1224.8697499744594,2344.057417009026,1176.0634579695761,0.017667189240455627,3520.1385421678424
pessimistic,250,multistation,8,8,8,t01047-c00110,110,1047,14,0,14,True,False,satisfied,18.8419,19.2,48,1,89.11112509667873,3520.042249932885,0.16000005416572094,0.013875076547265053,3520.216125063598
pessimistic,250,multistation,8,8,8,t01047-c00157,157,1047,14,0,13,True,False,cancelled_early,19.2962,0.0,0,1,89.06345907598734,3438.9462920371443,81.2672080937773,0.008458970114588737,3520.221959101036
pessimistic,250,multistation,8,8,8,t01048-c00022,22,1048,5,0,5,True,False,no_show,15.7227,0.0,0,1,63.87879094108939,1782.0349999237806,214.58108304068446,0.016875099390745163,1996.6329580638558
pessimistic,250,multistation,8,8,8,t01048-c00082,82,1048,7,0,7,True,False,satisfied,25.9104,25.9929,65,1,182.0962498895824,1962.163208052516,34.494874998927116,0.01095794141292572,1996.669040992856
pessimistic,250,multistation,8,8,8,t01048-c00157,157,1048,5,0,5,True,False,no_show,15.9509,0.0,0,1,12.558708898723125,1996.4836668223143,0.17404207028448582,0.007916009053587914,1996.6656249016523
pessimistic,250,multistation,8,8,8,t01048-c00181,181,1048,4,0,4,True,False,satisfied,16.1877,16.8,21,1,181.9993748795241,1689.6134580019861,307.03337490558624,0.005166977643966675,1996.6519998852164
pessimistic,250,multistation,8,8,8,t01049-c00188,188,1049,3,0,3,True,False,cancelled_early,24.482,0.0,0,1,22.675625048577785,112.20141593366861,0.03587501123547554,0.016249949112534523,112.25354089401662
pessimistic,250,multistation,8,8,8,t01050-c00153,153,1050,4,1,3,True,False,satisfied,23.2163,24.0,30,1,498.57000005431473,828.7538748700172,167.26008313708007,0.007666880264878273,996.0216248873621
pessimistic,250,multistation,8,8,8,t01050-c00188,188,1050,3,0,3,True,False,satisfied,23.3675,23.8,34,1,30.879750149324536,144.4871670100838,0.04891608841717243,0.016666948795318604,144.55275004729629
pessimistic,250,multistation,8,8,8,t01051-c00093,93,1051,3,0,3,True,False,cancelled_late,28.0794,0.0,0,1,301.1362499091774,849.7264999896288,0.026792054995894432,0.014625024050474167,849.7679170686752
pessimistic,250,multistation,8,8,8,t01051-c00203,203,1051,5,0,5,True,False,cancelled_late,21.2595,0.0,0,1,301.0490839369595,849.6388338971883,0.17741601914167404,0.006834045052528381,849.8230839613825
pessimistic,250,multistation,8,8,8,t01052-c00013,13,1052,10,0,10,True,False,cancelled_late,16.7831,0.0,0,1,49.20816607773304,295.19712505862117,0.024124979972839355,0.021707965061068535,295.2429580036551
pessimistic,250,multistation,8,8,8,t01053-c00184,184,1053,5,0,5,True,False,no_show,22.4424,0.0,0,1,18.547582905739546,250.45612500980496,0.034207943826913834,0.01633400097489357,250.50666695460677
pessimistic,250,multistation,8,8,8,t01053-c00240,240,1053,4,0,4,True,False,cancelled_late,22.5268,0.0,0,1,60.184957925230265,160.26266594417393,90.2675420511514,0.008416827768087387,250.53862482309341
pessimistic,250,multistation,8,8,8,t01055-c00072,72,1055,4,0,4,True,False,satisfied,18.3188,18.9,27,1,194.54616610892117,680.4199160542339,444.4147089961916,0.016916077584028244,1124.8515411280096
pessimistic,250,multistation,8,8,8,t01055-c00093,93,1055,9,0,9,True,False,no_show,24.8252,0.0,0,1,147.01375016011298,1124.758959049359,0.12266612611711025,0.009584007784724236,1124.8912091832608
pessimistic,250,multistation,8,8,8,t01055-c00229,229,1055,5,0,5,True,False,cancelled_late,26.4454,0.0,0,1,64.48637484572828,710.2867499925196,414.5919589791447,0.0073749106377363205,1124.886083882302
pessimistic,250,multistation,8,8,8,t01056-c00068,68,1056,3,0,3,True,False,no_show,18.7759,0.0,0,1,433.2252498716116,1149.6564580593258,0.029624905437231064,0.021541956812143326,1149.7076249215752
pessimistic,250,multistation,8,8,8,t01056-c00089,89,1056,3,0,3,True,False,cancelled_late,19.9713,0.0,0,1,433.17754101008177,1149.608832783997,0.13425014913082123,0.00837491825222969,1149.75145785138
pessimistic,250,multistation,8,8,8,t01056-c00203,203,1056,5,0,5,True,False,no_show,25.0191,0.0,0,1,58.287333929911256,1149.555667070672,0.20645791664719582,0.007458962500095367,1149.7695839498192
pessimistic,250,multistation,8,8,8,t01057-c00013,13,1057,5,0,5,True,False,satisfied,26.3974,26.4,44,1,115.36287516355515,907.920208061114,78.99449998512864,0.022707972675561905,986.9374160189182
pessimistic,250,multistation,8,8,8,t01057-c00038,38,1057,10,0,10,True,False,cancelled_early,22.7149,0.0,0,1,40.679749799892306,986.8377088569105,0.14512497000396252,0.011625001206994057,986.9944588281214
pessimistic,250,multistation,8,8,8,t01058-c00038,38,1058,15,0,15,True,False,cancelled_early,19.8077,0.0,0,1,56.09204201027751,1401.4021251350641,0.03137486055493355,0.02291705459356308,1401.4564170502126
pessimistic,250,multistation,8,8,8,t01058-c00089,89,1058,6,0,6,True,False,satisfied,19.7037,19.8,33,1,56.03287508711219,1370.3673342242837,31.13312483765185,0.009458046406507492,1401.509917108342
pessimistic,250,multistation,8,8,8,t01058-c00225,225,1058,1,0,1,True,False,satisfied,29.3885,28.8,72,1,275.28733387589455,275.28733387589455,1126.2061661109328,0.006083864718675613,1401.499583851546
pessimistic,250,multistation,8,8,8,t01058-c00240,240,1058,4,0,4,True,False,cancelled_late,20.8831,0.0,0,1,327.02133315615356,471.10962495207787,930.3761250339448,0.006917165592312813,1401.492667151615
pessimistic,250,multistation,8,8,8,t01058-c00241,241,1058,3,0,3,True,False,satisfied,16.0977,16.2,27,1,298.5097081400454,861.4507080055773,540.0321669876575,0.005875015631318092,1401.4887500088662
pessimistic,250,multistation,8,8,8,t01059-c00038,38,1059,5,0,5,True,False,satisfied,20.9758,21.6,27,1,19.040666054934263,1286.833415972069,59.95041714049876,0.01716683618724346,1346.800999948755
pessimistic,250,multistation,8,8,8,t01059-c00126,126,1059,19,0,19,True,False,satisfied,27.6672,28.0,40,1,59.85670816153288,1346.7024161946028,0.14154193922877312,0.015832949429750443,1346.8597910832614
pessimistic,250,multistation,8,8,8,t01059-c00229,229,1059,5,0,5,True,False,satisfied,27.6682,28.0,35,1,146.44874981604517,965.6493340153247,381.1979158781469,0.007292022928595543,1346.8545419164002
pessimistic,250,multistation,8,8,8,t01060-c00044,44,1060,4,0,4,True,False,satisfied,20.5766,21.0,42,1,425.75299995951355,2568.9597078599036,790.3954579960555,0.017750076949596405,3359.3729159329087
pessimistic,250,multistation,8,8,8,t01060-c00051,51,1060,21,0,21,True,False,no_show,25.186,0.0,0,1,62.59345798753202,3359.281708020717,0.15074992552399635,0.016875099390745163,3359.4493330456316
pessimistic,250,multistation,8,8,8,t01060-c00079,79,1060,4,0,4,True,False,cancelled_late,21.1293,0.0,0,1,425.6574159953743,2568.865415873006,790.5739170964807,0.006791902706027031,3359.4461248721927
pessimistic,250,multistation,8,8,8,t01060-c00084,84,1060,6,0,6,True,False,satisfied,20.408,21.0,30,1,17.752625048160553,3292.783790966496,66.66995910927653,0.008207978680729866,3359.461958054453
pessimistic,250,multistation,8,8,8,t01062-c00191,191,1062,8,0,8,True,False,satisfied,25.8324,25.2,36,1,48.36108279414475,894.9170408304781,0.04283408634364605,0.02333289012312889,894.9832078069448
pessimistic,250,multistation,8,8,8,t01062-c00218,218,1062,7,0,7,True,False,satisfied,19.5221,19.6,49,1,48.30866609700024,894.8649580124766,0.1602501142770052,0.010082963854074478,895.0352910906076
pessimistic,250,multistation,8,8,8,t01063-c00177,177,1063,4,0,4,True,False,satisfied,21.2614,21.6,36,1,47.87412495352328,567.3700419720262,174.6392920613289,0.019124941900372505,742.0284589752555
pessimistic,250,multistation,8,8,8,t01063-c00197,197,1063,1,0,1,True,False,satisfied,33.5264,25.2,36,1,19.655541982501745,19.655541982501745,722.408875124529,0.008165836334228516,742.072582943365
pessimistic,250,multistation,8,8,8,t01063-c00244,244,1063,7,0,7,True,False,cancelled_late,29.4888,0.0,0,1,216.38562506996095,741.8737499974668,0.18991599790751934,0.008542090654373169,742.0722080860287
pessimistic,250,multistation,8,8,8,t01064-c00139,139,1064,14,0,14,True,False,no_show,31.2832,0.0,0,1,104.04870798811316,5015.443374868482,0.041708117350935936,0.025792047381401062,5015.510875033215
pessimistic,250,multistation,8,8,8,t01064-c00164,164,1064,11,0,11,True,False,cancelled_late,30.0616,0.0,0,1,151.1119999922812,4716.095917159691,299.4534580502659,0.012207776308059692,5015.561582986265
pessimistic,250,multistation,8,8,8,t01064-c00240,240,1064,12,0,12,True,False,satisfied,18.8844,19.2,24,1,898.5222498886287,5015.341958031058,0.235249986872077,0.009832903742790222,5015.587040921673
pessimistic,250,multistation,8,8,8,t01064-c00244,244,1064,19,0,19,True,False,satisfied,23.84,24.0,40,1,103.90708316117525,5015.3030410874635,0.28295908123254776,0.009707873687148094,5015.595708042383
pessimistic,250,multistation,8,8,8,t01065-c00079,79,1065,7,0,7,True,False,satisfied,21.5188,22.0,44,1,321.32058311253786,1410.188667010516,517.856040969491,0.020083971321582794,1928.0647919513285
pessimistic,250,multistation,8,8,8,t01065-c00106,106,1065,4,0,4,True,False,cancelled_late,21.8503,0.0,0,1,472.6450832094997,1019.3609581328928,908.7330000475049,0.007958849892020226,1928.1019170302898
pessimistic,250,multistation,8,8,8,t01065-c00164,164,1065,11,0,11,True,False,cancelled_late,31.3537,0.0,0,1,49.11504196934402,1927.9126671608537,0.19362499006092548,0.011040829122066498,1928.1173329800367
pessimistic,250,multistation,8,8,8,t01065-c00167,167,1065,3,0,3,True,False,cancelled_early,18.8377,0.0,0,1,336.19566704146564,1430.0194999668747,498.087250161916,0.005916925147175789,1928.112667053938
pessimistic,250,multistation,8,8,8,t01066-c00070,70,1066,3,0,3,True,False,cancelled_late,19.1084,0.0,0,1,15.654416056349874,154.54704104922712,20.76137508265674,0.0167088583111763,175.32512499019504
pessimistic,250,multistation,8,8,8,t01066-c00167,167,1066,3,0,3,True,False,cancelled_late,20.4795,0.0,0,1,31.907958909869194,175.22508394904435,0.14054100029170513,0.007958849892020226,175.37358379922807
pessimistic,250,multistation,8,8,8,t01067-c00030,30,1067,14,0,14,True,False,no_show,19.5616,0.0,0,1,9.869750123471022,3199.551083147526,37.40720800124109,0.022499822080135345,3236.980790970847
pessimistic,250,multistation,8,8,8,t01067-c00076,76,1067,17,0,17,True,False,cancelled_late,21.9865,0.0,0,1,457.8169579617679,3236.87170795165,0.13945810496807098,0.013958895578980446,3237.025124952197
pessimistic,250,multistation,8,8,8,t01067-c00164,164,1067,13,0,13,True,False,satisfied,34.985,35.0,70,1,457.7630420681089,3199.439875083044,37.59587509557605,0.009041978046298027,3237.0447921566665
pessimistic,250,multistation,8,8,8,t01068-c00148,148,1068,1,0,1,True,False,cancelled_late,28.7853,0.0,0,1,8.748374879360199,8.748374879360199,72.69049994647503,0.014042016118764877,81.45291684195399
pessimistic,250,multistation,8,8,8,t01068-c00166,166,1068,3,0,3,True,False,no_show,18.2393,0.0,0,1,27.40091714076698,81.36183302849531,0.12974999845027924,0.008499948307871819,81.50008297525346
pessimistic,250,multistation,8,8,8,t01069-c00106,106,1069,5,0,5,True,False,satisfied,17.2303,16.2,27,1,12.31020805425942,729.3865419924259,0.031166011467576027,0.01979200169444084,729.4375000055879
pessimistic,250,multistation,8,8,8,t01069-c00138,138,1069,4,0,4,True,False,satisfied,23.6194,24.0,60,1,143.47470784559846,440.31629199162126,289.15020800195634,0.009082956239581108,729.4755829498172
pessimistic,250,multistation,8,8,8,t01069-c00160,160,1069,9,0,9,True,False,satisfied,18.4759,18.9,27,1,32.99779095686972,678.5424158442765,50.92470906674862,0.009375158697366714,729.4765000697225
pessimistic,250,multistation,8,8,8,t01071-c00167,167,1071,4,0,4,True,False,no_show,18.0098,0.0,0,1,31.30124998278916,88.223917176947,0.034624943509697914,0.015832949429750443,88.27437506988645
pessimistic,250,multistation,8,8,8,t01072-c00076,76,1072,6,0,6,True,False,satisfied,26.0393,26.3051,33,1,23.409540997818112,242.43579106405377,0.0264591071754694,0.018707942217588425,242.48095811344683
pessimistic,250,multistation,8,8,8,t01073-c00070,70,1073,1,0,1,True,False,satisfied,20.4788,20.8,52,1,59.704416897147894,59.704416897147894,0.023041153326630592,0.014749821275472641,59.74220787175
pessimistic,250,multistation,8,8,8,t01074-c00185,185,1074,4,0,4,True,False,no_show,15.1091,0.0,0,1,36.68954106979072,151.32129099220037,0.03570900298655033,0.017249956727027893,151.37424995191395
pessimistic,250,multistation,8,8,8,t01075-c00193,193,1075,6,0,6,True,False,satisfied,34.592,35.0,50,1,105.16116698272526,465.40129208005965,0.039708102121949196,0.019041821360588074,465.4600420035422
pessimistic,250,multistation,8,8,8,t01076-c00091,91,1076,3,0,3,True,False,cancelled_late,28.182,0.0,0,1,34.101874800398946,153.9504579268396,0.026999972760677338,0.015666941180825233,153.9931248407811
pessimistic,250,multistation,8,8,8,t01076-c00095,95,1076,1,0,1,True,False,no_show,19.3299,0.0,0,1,6.837374996393919,6.837374996393919,147.19037502072752,0.0067909713834524155,154.0345409885049
pessimistic,250,multistation,8,8,8,t01077-c00187,187,1077,5,0,5,True,False,cancelled_early,21.4155,0.0,0,1,21.978917066007853,246.91645801067352,0.035167206078767776,0.01887488178908825,246.97050009854138
pessimistic,250,multistation,8,8,8,t01078-c00022,22,1078,2,0,1,True,False,cancelled_late,19.2075,0.0,0,1,1151.8695841077715,1151.8695841077715,572.5980829447508,0.016167061403393745,1724.4838341139257
pessimistic,250,multistation,8,8,8,t01078-c00187,187,1078,5,0,5,True,False,cancelled_late,21.3443,0.0,0,1,76.29758398979902,1644.2215000279248,80.31899994239211,0.011292053386569023,1724.5517920237035
pessimistic,250,multistation,8,8,8,t01078-c00213,213,1078,16,0,16,True,False,satisfied,19.4903,19.6,49,1,76.25041715800762,1724.3313749786466,0.2255421131849289,0.011791940778493881,1724.56870903261
pessimistic,250,multistation,8,8,8,t01079-c00190,190,1079,3,0,3,True,False,satisfied,21.614,22.0,44,1,27.75229187682271,158.70666690170765,0.03658304922282696,0.015625031664967537,158.75887498259544
pessimistic,250,multistation,8,8,8,t01080-c00148,148,1080,7,0,7,True,False,satisfied,31.2705,32.0,40,1,16.557791968807578,285.4504999704659,0.03774999640882015,0.023458153009414673,285.51170811988413
pessimistic,250,multistation,8,8,8,t01081-c00091,91,1081,1,0,1,True,False,no_show,22.1029,0.0,0,1,90.95750004053116,90.95750004053116,196.67662493884563,0.016291160136461258,287.65041613951325
pessimistic,250,multistation,8,8,8,t01081-c00157,157,1081,3,0,3,True,False,satisfied,11.8268,7.7,11,1,69.04345797374845,204.2772078420967,83.394082961604,0.009084120392799377,287.6803749240935
pessimistic,250,multistation,8,8,8,t01081-c00210,210,1081,5,0,5,True,False,cancelled_early,28.219,0.0,0,1,31.78125014528632,287.497625220567,0.1688338816165924,0.00816606916487217,287.67462517134845
pessimistic,250,multistation,8,8,8,t01082-c00022,22,1082,3,0,3,True,False,satisfied,24.2904,24.7086,31,1,264.88145906478167,829.8002921510488,198.50183301605284,0.017958926036953926,1028.3200840931386
pessimistic,250,multistation,8,8,8,t01082-c00210,210,1082,14,0,14,True,False,satisfied,31.1193,31.5,45,1,48.17029112018645,1028.2065831124783,0.16170786693692207,0.01650000922381878,1028.384790988639
pessimistic,250,multistation,8,8,8,t01082-c00248,248,1082,3,0,3,True,False,satisfied,19.7307,20.0,40,1,297.597749857232,910.5774168856442,117.79654095880687,0.007292022928595543,1028.3812498673797
pessimistic,250,multistation,8,8,8,t01083-c00152,152,1083,3,0,3,True,False,cancelled_late,27.1044,0.0,0,1,35.71550012566149,156.4502080436796,0.033125048503279686,0.01829187385737896,156.50162496604025
pessimistic,250,multistation,8,8,8,t01084-c00074,74,1084,3,0,3,True,False,satisfied,23.8498,22.8,38,1,156.5959588624537,430.493124993518,260.06449991837144,0.01750001683831215,690.5751249287277
pessimistic,250,multistation,8,8,8,t01084-c00187,187,1084,10,0,10,True,False,no_show,21.4715,0.0,0,1,28.074582805857062,690.4714580159634,0.14608283527195454,0.013709068298339844,690.6312499195337
pessimistic,250,multistation,8,8,8,t01085-c00028,28,1085,13,0,13,True,False,satisfied,35.0398,35.5,71,1,167.47650015167892,3028.0818331521004,0.03216695040464401,0.029708025977015495,3028.143708128482
pessimistic,250,multistation,8,8,8,t01085-c00143,143,1085,11,0,11,True,False,satisfied,18.9867,19.2,32,1,319.82329208403826,3028.0175420921296,0.17445790581405163,0.011082971468567848,3028.203082969412
pessimistic,250,multistation,8,8,8,t01087-c00018,18,1087,10,0,10,True,False,satisfied,26.7101,27.0,54,1,387.4806249514222,2233.561832923442,0.027584144845604897,0.022833002731204033,2233.612250071019
pessimistic,250,multistation,8,8,8,t01087-c00036,36,1087,5,0,5,True,False,satisfied,20.4799,20.5,41,1,387.4299169983715,2233.511332888156,0.13929209671914577,0.008541857823729515,2233.659166842699
pessimistic,250,multistation,8,8,8,t01088-c00238,238,1088,7,0,7,True,False,cancelled_late,21.2095,0.0,0,1,9.991375030949712,167.483540950343,0.04329206421971321,0.018666964024305344,167.54549997858703
pessimistic,250,multistation,8,8,8,t01089-c00152,152,1089,3,0,3,True,False,satisfied,26.4041,27.0,45,1,48.323791939765215,186.4648750051856,0.029667047783732414,0.017124926671385765,186.51166697964072
pessimistic,250,multistation,8,8,8,t01090-c00002,2,1090,4,0,4,True,False,no_show,27.9439,0.0,0,1,36.27091599628329,181.26129102893174,0.022499822080135345,0.01854216679930687,181.30233301781118
pessimistic,250,multistation,8,8,8,t01091-c00007,7,1091,1,0,1,True,False,satisfied,26.6005,25.9,37,1,27.204500045627356,27.204500045627356,0.018249964341521263,0.013584038242697716,27.236334048211575
pessimistic,250,multistation,8,8,8,t01091-c00184,184,1091,1,0,1,True,False,no_show,24.0624,0.0,0,1,27.134957956150174,27.134957956150174,0.10408414527773857,0.005915993824601173,27.244958095252514
pessimistic,250,multistation,8,8,8,t01091-c00227,227,1091,1,2,1,True,False,cancelled_early,27.7133,0.0,0,1,46.069541946053505,46.069541946053505,157.27658313699067,0.0072498805820941925,203.35337496362627
pessimistic,250,multistation,8,8,8,t01093-c00068,68,1093,4,0,4,True,False,cancelled_early,18.6058,0.0,0,1,33.945583971217275,145.23224998265505,28.017292032018304,0.016167061403393745,173.26570907607675
pessimistic,250,multistation,8,8,8,t01093-c00238,238,1093,3,0,2,True,False,no_show,16.1468,0.0,0,1,164.35649991035461,173.13820798881352,0.1860419288277626,0.005666166543960571,173.32991608418524
pessimistic,250,multistation,8,8,8,t01094-c00068,68,1094,5,0,5,True,False,no_show,21.3569,0.0,0,1,52.01433296315372,250.8798751514405,0.025957822799682617,0.01837499439716339,250.92420796863735
pessimistic,250,multistation,8,8,8,t01094-c00227,227,1094,1,0,1,True,False,satisfied,26.8511,15.6,26,1,14.833624940365553,14.833624940365553,236.11329216510057,0.0074158888310194016,250.95433299429715
pessimistic,250,multistation,8,8,8,t01096-c00030,30,1096,16,0,16,True,False,cancelled_early,29.0934,0.0,0,1,70.20741701126099,990.665249992162,0.028625130653381348,0.02395804040133953,990.7178331632167
pessimistic,250,multistation,8,8,8,t01096-c00180,180,1096,5,0,5,True,False,satisfied,20.0702,20.4,34,1,31.677624909207225,936.3597079645842,54.414874874055386,0.009458046406507492,990.7840408850461
pessimistic,250,multistation,8,8,8,t01097-c00030,30,1097,11,0,11,True,False,satisfied,28.6224,27.2,34,1,106.64620785973966,749.5960409287363,28.776834020391107,0.01950003206729889,778.3923749811947
pessimistic,250,multistation,8,8,8,t01097-c00167,167,1097,1,0,1,True,False,no_show,24.3941,0.0,0,1,115.502999862656,115.502999862656,662.9222920164466,0.007708091288805008,778.4329999703914
pessimistic,250,multistation,8,8,8,t01097-c00171,171,1097,16,0,16,True,False,cancelled_late,18.309,0.0,0,1,16.58187503926456,778.23720802553,0.1943749375641346,0.012459000572562218,778.4440419636667
pessimistic,250,multistation,8,8,8,t01098-c00071,71,1098,3,0,3,True,False,satisfied,22.9028,23.2,29,1,569.7967910673469,1092.0961662195623,114.50333381071687,0.018291175365447998,1206.6177912056446
pessimistic,250,multistation,8,8,8,t01098-c00132,132,1098,5,0,5,True,False,satisfied,21.2629,21.6,36,1,604.215957922861,1158.8359579909593,47.81779204495251,0.009916955605149269,1206.663666991517
pessimistic,250,multistation,8,8,8,t01098-c00169,169,1098,3,0,3,True,False,satisfied,16.3994,16.8,21,1,569.6960422210395,1091.9947081711143,114.65908400714397,0.006499933078885078,1206.6602921113372
pessimistic,250,multistation,8,8,8,t01098-c00171,171,1098,6,0,6,True,False,satisfied,24.7156,24.8,31,1,26.617083000019193,1206.434541149065,0.21479185670614243,0.007708091288805008,1206.6570410970598
pessimistic,250,multistation,8,8,8,t01099-c00043,43,1099,3,0,3,True,False,no_show,16.698,0.0,0,1,24.770583026111126,302.1622500382364,0.021292129531502724,0.01708301715552807,302.2006251849234
pessimistic,250,multistation,8,8,8,t01099-c00053,53,1099,4,0,4,True,False,satisfied,18.2163,18.5,37,1,71.89912511967123,229.00766716338694,73.21745785884559,0.008458970114588737,302.2335839923471
pessimistic,250,multistation,8,8,8,t01101-c00204,204,1101,3,0,2,True,False,satisfied,9.0864,9.6,12,1,107.57295903749764,144.02908412739635,71.80520799010992,0.015374971553683281,215.84966708905995
pessimistic,250,multistation,8,8,8,t01101-c00206,206,1101,14,0,14,True,False,cancelled_late,8.9476,0.0,0,1,12.398499995470047,215.74641694314778,0.13900012709200382,0.015582889318466187,215.90099995955825
pessimistic,250,multistation,8,8,8,t01102-c00092,92,1102,13,0,13,True,False,satisfied,23.6954,24.0,48,1,52.068708930164576,1015.3188749682158,0.03516697324812412,0.022999942302703857,1015.3770418837667
pessimistic,250,multistation,8,8,8,t01102-c00166,166,1102,3,0,3,True,False,satisfied,22.3744,22.8,38,1,330.54120908491313,628.2825840171427,387.12054095230997,0.008417060598731041,1015.4115420300514
pessimistic,250,multistation,8,8,8,t01103-c00182,182,1103,3,0,3,True,False,cancelled_early,23.0002,0.0,0,1,14.661833876743913,86.8477919138968,0.03333296626806259,0.015167053788900375,86.89629193395376
pessimistic,250,multistation,8,8,8,t01104-c00051,51,1104,4,0,4,True,False,satisfied,26.5828,27.0,45,1,222.60004188865423,1339.4255840685219,96.78804082795978,0.015667174011468887,1436.229292070493
pessimistic,250,multistation,8,8,8,t01104-c00182,182,1104,3,0,3,True,False,cancelled_late,25.7702,0.0,0,1,53.30229178071022,1400.8904588408768,35.364083014428616,0.008167000487446785,1436.2627088557929
pessimistic,250,multistation,8,8,8,t01104-c00186,186,1104,3,0,3,True,False,cancelled_early,18.4532,0.0,0,1,222.4957919679582,1339.3213341478258,96.94424993358552,0.005875015631318092,1436.2714590970427
pessimistic,250,multistation,8,8,8,t01104-c00206,206,1104,5,0,5,True,False,no_show,19.4715,0.0,0,1,20.940209040418267,1436.0438340809196,0.2182498574256897,0.007291091606020927,1436.2693750299513
pessimistic,250,multistation,8,8,8,t01105-c00186,186,1105,7,0,7,True,False,satisfied,18.9246,19.2,32,1,29.241708107292652,270.24462493136525,0.04079216159880161,0.0199158675968647,270.3053329605609
pessimistic,250,multistation,8,8,8,t01105-c00203,203,1105,1,0,1,True,False,cancelled_early,28.3657,0.0,0,1,39.97575002722442,39.97575002722442,230.35833286121488,0.006917165592312813,270.3410000540316
pessimistic,250,multistation,8,8,8,t01106-c00015,15,1106,3,0,3,True,False,cancelled_late,28.307,0.0,0,1,51.42933293245733,247.693374985829,0.02187490463256836,0.01758313737809658,247.73283302783966
pessimistic,250,multistation,8,8,8,t01106-c00203,203,1106,1,0,1,True,False,cancelled_late,28.397,0.0,0,1,10.182250058278441,10.182250058278441,237.60245903395116,0.008082948625087738,247.7927920408547
pessimistic,250,multistation,8,8,8,t01107-c00067,67,1107,7,0,7,True,False,satisfied,21.9661,22.4,28,1,25.628958828747272,210.21849988028407,0.02683396451175213,0.02208305522799492,210.26741690002382
pessimistic,250,multistation,8,8,8,t01108-c00163,163,1108,3,0,3,True,False,cancelled_late,13.929,0.0,0,1,8.862042101100087,58.46229218877852,0.034082913771271706,0.01833401620388031,58.51470911875367
pessimistic,250,multistation,8,8,8,t01109-c00075,75,1109,12,0,12,True,False,no_show,17.2748,0.0,0,1,35.54516704753041,817.4594170413911,0.03270781598985195,0.02170819789171219,817.5138330552727
pessimistic,250,multistation,8,8,8,t01109-c00163,163,1109,3,0,3,True,False,cancelled_early,15.9508,0.0,0,1,126.71700003556907,708.0309160519391,109.50824990868568,0.008417060598731041,817.5475830212235
pessimistic,250,multistation,8,8,8,t01109-c00179,179,1109,4,0,4,True,False,no_show,23.0241,0.0,0,1,153.7844999693334,623.2561250217259,194.30016609840095,0.006624963134527206,817.5629160832614
pessimistic,250,multistation,8,8,8,t01110-c00015,15,1110,10,0,10,True,False,satisfied,24.8011,25.0,50,1,48.89766708947718,841.505958000198,0.024792039766907692,0.022416934370994568,841.5531669743359
pessimistic,250,multistation,8,8,8,t01110-c00163,163,1110,3,0,3,True,False,satisfied,16.4816,16.5,33,1,121.07891589403152,499.48012502864003,342.10716583766043,0.009417068213224411,841.5967079345137
pessimistic,250,multistation,8,8,8,t01111-c00034,34,1111,9,0,9,True,False,cancelled_late,25.1147,0.0,0,1,24.769334122538567,671.4804999064654,0.02637505531311035,0.019958941265940666,671.5268339030445
pessimistic,250,multistation,8,8,8,t01111-c00182,182,1111,10,0,10,True,False,satisfied,21.9219,22.4,32,1,68.4349169023335,615.2934590354562,56.274875067174435,0.011165859177708626,671.5794999618083
pessimistic,250,multistation,8,8,8,t01112-c00034,34,1112,3,0,3,True,False,satisfied,31.2056,32.0,40,1,38.937208941206336,399.85724980942905,0.022042077034711838,0.017333077266812325,399.8966249637306
pessimistic,250,multistation,8,8,8,t01112-c00086,86,1112,4,0,4,True,False,no_show,16.5888,0.0,0,1,56.776707991957664,349.3647910654545,50.57104188017547,0.010083196684718132,399.9459161423147
pessimistic,250,multistation,8,8,8,t01112-c00095,95,1112,6,0,6,True,False,no_show,16.8088,0.0,0,1,20.69895900785923,349.3240422103554,50.63424981199205,0.007333001121878624,399.96562502346933
pessimistic,250,multistation,8,8,8,t01113-c00139,139,1113,1,0,1,True,False,no_show,28.4929,0.0,0,1,14.165916945785284,14.165916945785284,0.021333107724785805,0.01237494871020317,14.199625002220273
pessimistic,250,multistation,8,8,8,t01114-c00052,52,1114,5,0,5,True,False,no_show,24.1001,0.0,0,1,193.50591604597867,1531.8540409207344,63.31983394920826,0.017791055142879486,1595.1916659250855
pessimistic,250,multistation,8,8,8,t01114-c00058,58,1114,3,0,3,True,False,cancelled_early,22.8106,0.0,0,1,193.4595829807222,1531.8075420800596,63.41549986973405,0.00816606916487217,1595.2312080189586
pessimistic,250,multistation,8,8,8,t01114-c00185,185,1114,5,0,5,True,False,cancelled_late,22.8971,0.0,0,1,193.40654090046883,1531.754749827087,63.48616606555879,0.006709014996886253,1595.2476249076426
pessimistic,250,multistation,8,8,8,t01114-c00231,231,1114,5,0,5,True,False,satisfied,13.4587,11.6,29,1,29.73904088139534,1595.0035830028355,0.23779179900884628,0.007125083357095718,1595.2484998852015
pessimistic,250,multistation,8,8,8,t01115-c00058,58,1115,3,0,3,True,False,satisfied,19.7362,19.2,32,1,9.75149986334145,68.33133287727833,0.02108304761350155,0.016292091459035873,68.36870801635087
pessimistic,250,multistation,8,8,8,t01117-c00185,185,1117,3,0,3,True,False,cancelled_late,19.7388,0.0,0,1,25.861707981675863,200.6984578911215,28.02470908500254,0.017249956727027893,228.74041693285108
pessimistic,250,multistation,8,8,8,t01117-c00219,219,1117,3,0,3,True,False,satisfied,26.6074,27.2,34,1,42.51404199749231,228.63754210993648,0.16533304005861282,0.008750008419156075,228.81162515841424
pessimistic,250,multistation,8,8,8,t01118-c00042,42,1118,5,0,5,True,False,cancelled_early,31.2573,0.0,0,1,69.75366594269872,513.9267079066485,0.029166927561163902,0.022290972992777824,513.9781658072025
pessimistic,250,multistation,8,8,8,t01118-c00236,236,1118,1,0,1,True,False,satisfied,19.6759,16.0,40,1,255.26095903478563,255.26095903478563,258.77079111523926,0.00837491825222969,514.0401250682771
pessimistic,250,multistation,8,8,8,t01119-c00042,42,1119,15,0,15,True,False,satisfied,24.6655,25.0,50,1,55.081167025491595,1196.2627079337835,0.030542025342583656,0.02308306284248829,1196.3163330219686
pessimistic,250,multistation,8,8,8,t01120-c00010,10,1120,5,0,5,True,False,satisfied,29.96,30.0,50,1,109.10329106263816,323.5930830705911,0.020707957446575165,0.018541933968663216,323.63233296200633
pessimistic,250,multistation,8,8,8,t01121-c00091,91,1121,5,0,5,True,False,cancelled_late,30.9959,0.0,0,1,43.07299992069602,288.8754578307271,0.029999995604157448,0.024042092263698578,288.92949991859496
pessimistic,250,multistation,8,8,8,t01123-c00093,93,1123,4,0,4,True,False,satisfied,23.9318,24.0,60,1,178.26295807026327,1474.2495000828058,52.63562500476837,0.0202918890863657,1526.9054169766605
pessimistic,250,multistation,8,8,8,t01123-c00185,185,1123,7,0,7,True,False,satisfied,18.681,18.8,47,1,52.53045889548957,1526.7957500182092,0.14649983495473862,0.010125106200575829,1526.9523749593645
pessimistic,250,multistation,8,8,8,t01124-c00088,88,1124,4,0,4,True,False,satisfied,23.9169,24.0,40,1,157.96662494540215,663.7549588922411,72.49499997124076,0.018041115254163742,736.267999978736
pessimistic,250,multistation,8,8,8,t01124-c00203,203,1124,6,0,6,True,False,satisfied,25.0635,25.2,36,1,70.98612491972744,663.6912920512259,72.61595781892538,0.0100000761449337,736.3172499462962
pessimistic,250,multistation,8,8,8,t01124-c00238,238,1124,5,0,5,True,False,no_show,20.71,0.0,0,1,20.632458152249455,736.1106250900775,0.1975828781723976,0.00804220326244831,736.3162501715124
pessimistic,250,multistation,8,8,8,t01125-c00091,91,1125,16,0,16,True,False,cancelled_late,23.1541,0.0,0,1,33.52783294394612,1133.3092919085175,0.036291079595685005,0.02420879900455475,1133.3697917871177
pessimistic,250,multistation,8,8,8,t01125-c00123,123,1125,3,0,3,True,False,cancelled_late,19.2076,0.0,0,1,208.20166589692235,988.9259578194469,144.500375026837,0.009167008101940155,1133.4354998543859
pessimistic,250,multistation,8,8,8,t01125-c00228,228,1125,4,0,4,True,False,cancelled_early,24.8143,0.0,0,1,261.5150841884315,773.7357500009239,359.69591699540615,0.006792135536670685,1133.4384591318667
pessimistic,250,multistation,8,8,8,t01126-c00228,228,1126,4,0,4,True,False,cancelled_early,25.3948,0.0,0,1,28.308667009696364,146.94304205477238,0.04491605795919895,0.021209008991718292,147.0091671217233
pessimistic,250,multistation,8,8,8,t01127-c00228,228,1127,4,0,4,True,False,satisfied,20.9805,21.0,30,1,15.206584008410573,94.51279207132757,0.043042004108428955,0.017082784324884415,94.57291685976088
pessimistic,250,multistation,8,8,8,t01128-c00184,184,1128,4,0,4,True,False,cancelled_late,27.9138,0.0,0,1,120.1560830231756,678.9863749872893,0.03895792178809643,0.018584076315164566,679.0439169853926
pessimistic,250,multistation,8,8,8,t01128-c00187,187,1128,4,0,4,True,False,cancelled_late,29.802,0.0,0,1,120.10850012302399,678.9387091994286,0.1434579025954008,0.007082941010594368,679.0892500430346
pessimistic,250,multistation,8,8,8,t01129-c00091,91,1129,4,0,4,True,False,no_show,32.7145,0.0,0,1,24.15924984961748,194.30999993346632,0.029542017728090286,0.017666956409811974,194.35720890760422
pessimistic,250,multistation,8,8,8,t01131-c00002,2,1131,3,0,3,True,False,satisfied,31.1617,31.5,45,1,63.51599982008338,234.61345885880291,16.35470800101757,0.01591700129210949,250.9840838611126
pessimistic,250,multistation,8,8,8,t01131-c00222,222,1131,5,0,5,True,False,cancelled_late,20.1431,0.0,0,1,37.44408278726041,250.88070798665285,0.12895790860056877,0.008834060281515121,251.01849995553493
pessimistic,250,multistation,8,8,8,t01132-c00123,123,1132,3,0,3,True,False,cancelled_early,20.8205,0.0,0,1,16.842707991600037,147.46466698125005,18.057500012218952,0.015500001609325409,165.53766699507833
pessimistic,250,multistation,8,8,8,t01132-c00157,157,1132,3,0,3,True,False,cancelled_late,15.1574,0.0,0,1,32.70941600203514,165.43970815837383,0.13016699813306332,0.0076659489423036575,165.5775411054492
pessimistic,250,multistation,8,8,8,t01133-c00014,14,1133,5,0,5,True,False,satisfied,24.8763,24.8,31,1,23.251333041116595,1263.218125095591,0.020791077986359596,0.017416896298527718,1263.2563330698758
pessimistic,250,multistation,8,8,8,t01133-c00123,123,1133,5,0,5,True,False,no_show,22.412,0.0,0,1,242.80662485398352,1208.3732499741018,54.91079203784466,0.009167008101940155,1263.2932090200484
pessimistic,250,multistation,8,8,8,t01133-c00206,206,1133,6,0,6,True,False,no_show,22.3534,0.0,0,1,242.75795789435506,1208.3246249239892,54.95745805092156,0.0070838723331689835,1263.289166847244
pessimistic,250,multistation,8,8,8,t01134-c00184,184,1134,3,0,3,True,False,satisfied,32.1395,32.8,41,1,10.004250099882483,82.63341709971428,0.03470783121883869,0.01554214395582676,82.68366707488894
pessimistic,250,multistation,8,8,8,t01135-c00187,187,1135,7,0,7,True,False,breakdown,27.5864,0.0,0,1,94.29112519137561,592.5835419911891,22.58975012227893,0.019208062440156937,615.1925001759082
pessimistic,250,multistation,8,8,8,t01135-c00222,222,1135,5,0,5,True,False,satisfied,10.7168,11.2,16,1,10.761833982542157,615.0836669839919,0.12800004333257675,0.00937492586672306,615.2210419531912
pessimistic,250,multistation,8,8,8,t01138-c00157,157,1138,7,0,7,True,False,no_show,16.7725,0.0,0,1,234.634208958596,1993.3587501291186,320.3211668878794,0.019167084246873856,2313.699084101245
pessimistic,250,multistation,8,8,8,t01138-c00161,161,1138,3,0,3,True,False,no_show,23.8437,0.0,0,1,708.5284171625972,1993.3114170562476,320.4200000036508,0.008292030543088913,2313.7397090904415
pessimistic,250,multistation,8,8,8,t01138-c00167,167,1138,14,0,14,True,False,satisfied,25.6225,26.4,33,1,73.97054089233279,2313.5547500569373,0.1818749587982893,0.013208016753196716,2313.749833032489
pessimistic,250,multistation,8,8,8,t01138-c00192,192,1138,6,0,6,True,False,no_show,21.2879,0.0,0,1,234.50416699051857,1993.2298748753965,320.51087520085275,0.006416812539100647,2313.7471668887883
pessimistic,250,multistation,8,8,8,t01138-c00214,214,1138,9,0,9,True,False,satisfied,17.7037,18.0,45,1,43.55875006876886,2269.9167910031974,43.81733410991728,0.009165843948721886,2313.7432909570634
pessimistic,250,multistation,8,8,8,t01139-c00068,68,1139,4,0,4,True,False,breakdown,26.6078,0.0,0,1,17.397624906152487,255.02758286893368,57.92345805093646,0.01850002445280552,312.96954094432294
pessimistic,250,multistation,8,8,8,t01139-c00112,112,1139,5,0,5,True,False,no_show,15.5009,0.0,0,1,42.555083986371756,312.8688340075314,0.11537503451108932,0.008458038792014122,312.9926670808345
pessimistic,250,multistation,8,8,8,t01140-c00043,43,1140,4,0,4,True,False,cancelled_early,23.6933,0.0,0,1,83.86308304034173,282.7366660349071,0.02574990503489971,0.016709091141819954,282.7791250310838
pessimistic,250,multistation,8,8,8,t01141-c00043,43,1141,4,0,4,True,False,satisfied,20.4176,20.5,41,1,68.20770795457065,186.0944170039147,71.4411661028862,0.015999889001250267,257.55158299580216
pessimistic,250,multistation,8,8,8,t01141-c00099,99,1141,5,0,5,True,False,no_show,16.8172,0.0,0,1,17.486582975834608,257.4589578434825,0.1139170490205288,0.009333016350865364,257.5822079088539
pessimistic,250,multistation,8,8,8,t01144-c00075,75,1144,6,0,6,True,False,no_show,23.6657,0.0,0,1,37.54995786584914,333.87370803393424,0.025041867047548294,0.017249956727027893,333.9159998577088
pessimistic,250,multistation,8,8,8,t01145-c00095,95,1145,17,0,17,True,False,satisfied,28.0455,28.8,36,1,35.07362515665591,967.9386250209063,0.03616698086261749,0.022707972675561905,967.9974999744445
pessimistic,250,multistation,8,8,8,t01145-c00242,242,1145,3,0,3,True,False,no_show,20.7636,0.0,0,1,246.31066690199077,609.4597920309752,358.5593330208212,0.008208910003304482,968.0273339617997
pessimistic,250,multistation,8,8,8,t01147-c00055,55,1147,1,0,1,True,False,cancelled_early,26.921,0.0,0,1,33.33479096181691,33.33479096181691,0.022541964426636696,0.012458069249987602,33.36979099549353
pessimistic,250,multistation,8,8,8,t01148-c00055,55,1148,4,0,4,True,False,satisfied,20.7894,21.0,35,1,210.12416714802384,940.1425831019878,362.1075840201229,0.018832972273230553,1302.269000094384
pessimistic,250,multistation,8,8,8,t01148-c00086,86,1148,3,0,3,True,False,no_show,14.609,0.0,0,1,71.95529201999307,1112.5759999267757,189.73237508907914,0.008666887879371643,1302.3170419037342
pessimistic,250,multistation,8,8,8,t01148-c00096,96,1148,10,0,10,True,False,cancelled_early,19.2579,0.0,0,1,30.498542124405503,1302.126833004877,0.1812500413507223,0.010624993592500687,1302.3187080398202
pessimistic,250,multistation,8,8,8,t01148-c00127,127,1148,4,0,4,True,False,cancelled_early,21.3433,0.0,0,1,209.9827090278268,940.0011249817908,362.3187090270221,0.006083166226744652,1302.3259171750396
pessimistic,250,multistation,8,8,8,t01149-c00096,96,1149,5,0,5,True,False,satisfied,18.5834,18.6,31,1,29.51962500810623,183.20908304303885,0.02833292819559574,0.01837499439716339,183.2557909656316
pessimistic,250,multistation,8,8,8,t01149-c00127,127,1149,1,0,1,True,False,satisfied,18.8761,17.0,34,1,69.50204214081168,69.50204214081168,113.78324986435473,0.007125083357095718,183.2924170885235
pessimistic,250,multistation,8,8,8,t01150-c00212,212,1150,3,0,3,True,False,cancelled_late,18.5535,0.0,0,1,25.50191688351333,99.29595910944045,0.041040824726223946,0.021124957129359245,99.35812489129603
pessimistic,250,multistation,8,8,8,t01151-c00085,85,1151,5,0,5,True,False,cancelled_late,21.3552,0.0,0,1,131.7478339187801,415.7819589599967,55.88791589252651,0.019459053874015808,471.6893339063972
pessimistic,250,multistation,8,8,8,t01151-c00201,201,1151,5,0,5,True,False,satisfied,18.2198,18.6,31,1,20.620999857783318,471.57487482763827,0.15641702339053154,0.009665964171290398,471.7409578152001
pessimistic,250,multistation,8,8,8,t01152-c00025,25,1152,1,0,1,True,False,no_show,21.1817,0.0,0,1,19.18904110789299,19.18904110789299,149.91862489841878,0.013750046491622925,169.1214160528034
pessimistic,250,multistation,8,8,8,t01152-c00065,65,1152,3,0,3,True,False,cancelled_late,25.5229,0.0,0,1,45.05762504413724,169.0379590727389,0.10454095900058746,0.009084120392799377,169.15158415213227
pessimistic,250,multistation,8,8,8,t01153-c00097,97,1153,4,0,4,True,False,satisfied,15.7611,16.0,40,1,50.71237497031689,206.70350012369454,119.37587498687208,0.02079200930893421,326.10016711987555
pessimistic,250,multistation,8,8,8,t01153-c00235,235,1153,3,0,3,True,False,cancelled_early,19.8849,0.0,0,1,28.416207991540432,325.9853331837803,0.14241691678762436,0.008249888196587563,326.1359999887645
pessimistic,250,multistation,8,8,8,t01154-c00066,66,1154,6,0,6,True,False,no_show,19.1337,0.0,0,1,399.36358318664134,1460.1968750357628,0.027750153094530106,0.016832957044243813,1460.2414581459016
pessimistic,250,multistation,8,8,8,t01154-c00085,85,1154,5,0,5,True,False,no_show,20.4756,0.0,0,1,78.88708310201764,1413.802833063528,46.464208979159594,0.01016608439385891,1460.2772081270814
pessimistic,250,multistation,8,8,8,t01154-c00235,235,1154,3,0,3,True,False,no_show,25.5032,0.0,0,1,386.8550839833915,1413.7401669286191,46.51562497019768,0.006125075742602348,1460.2619169745594
pessimistic,250,multistation,8,8,8,t01155-c00159,159,1155,14,0,14,True,False,cancelled_late,15.9338,0.0,0,1,31.350416829809546,1067.9755418095738,0.041291117668151855,0.022209016606211662,1068.0390419438481
pessimistic,250,multistation,8,8,8,t01155-c00212,212,1155,9,0,9,True,False,no_show,21.495,0.0,0,1,59.21908305026591,1007.3658330366015,60.72316714562476,0.010874820873141289,1068.0998750030994
pessimistic,250,multistation,8,8,8,t01156-c00027,27,1156,10,0,10,True,False,satisfied,23.4104,23.8,34,1,80.61712491326034,1319.4528329186141,0.028583919629454613,0.023250002413988113,1319.5046668406576
pessimistic,250,multistation,8,8,8,t01156-c00065,65,1156,9,0,9,True,False,satisfied,25.8215,26.4,44,1,235.3900419548154,1139.4468748476356,180.08604203350842,0.010791001841425896,1319.5437078829855
pessimistic,250,multistation,8,8,8,t01156-c00207,207,1156,5,0,5,True,False,satisfied,21.8865,22.0,44,1,80.50133311189711,1319.3376660346985,0.18733390606939793,0.005833106115460396,1319.5308330468833
pessimistic,250,multistation,8,8,8,t01158-c00162,162,1158,3,0,3,True,False,cancelled_late,30.7362,0.0,0,1,46.66387499310076,260.7025830075145,0.0341248232871294,0.016375211998820305,260.7530830428004
pessimistic,250,multistation,8,8,8,t01160-c00139,139,1160,2,2,2,True,False,satisfied,40.9801,39.2,56,1,2011.9429579935968,2165.6312909908593,0.16583409160375595,0.005082925781607628,2165.8022080082446
pessimistic,250,multistation,8,8,8,t01160-c00159,159,1160,4,0,4,True,False,cancelled_late,18.9058,0.0,0,1,261.1769170034677,930.8442079927772,629.0972919669002,0.02033286727964878,1559.961832826957
pessimistic,250,multistation,8,8,8,t01160-c00162,162,1160,3,0,3,True,False,cancelled_early,28.9891,0.0,0,1,199.18416696600616,1321.4638330973685,238.5526248253882,0.009292038157582283,1560.0257499609143
pessimistic,250,multistation,8,8,8,t01160-c00165,165,1160,6,0,6,True,False,satisfied,22.7455,23.1,33,1,148.58508296310902,1380.8569579850882,179.1684168856591,0.008250121027231216,1560.0336249917746
pessimistic,250,multistation,8,8,8,t01160-c00179,179,1160,6,0,6,True,False,satisfied,31.9757,32.0,64,1,61.881083995103836,1559.7845420707017,0.23808307014405727,0.007791910320520401,1560.0304170511663
pessimistic,250,multistation,8,8,8,t01161-c00162,162,1161,3,0,3,True,False,cancelled_late,31.5581,0.0,0,1,66.46749982610345,344.80158402584493,0.03204098902642727,0.01570885069668293,344.84933386556804
pessimistic,250,multistation,8,8,8,t01162-c00108,108,1162,3,0,3,True,False,cancelled_late,23.7572,0.0,0,1,103.65975019522011,257.34837516210973,0.028499867767095566,0.015584053471684456,257.3924590833485
pessimistic,250,multistation,8,8,8,t01162-c00135,135,1162,3,0,3,True,False,no_show,9.4014,0.0,0,1,6.088291993364692,178.25787491165102,79.17516701854765,0.007458031177520752,257.4404999613762
pessimistic,250,multistation,8,8,8,t01163-c00173,173,1163,11,0,11,True,False,cancelled_early,22.0112,0.0,0,1,17.60245906189084,824.5833748951554,0.03933417610824108,0.019790837541222572,824.6424999088049
pessimistic,250,multistation,8,8,8,t01163-c00238,238,1163,6,0,6,True,False,no_show,23.0581,0.0,0,1,152.26020803675056,326.8617079593241,497.82570800743997,0.009709037840366364,824.6971250046045
pessimistic,250,multistation,8,8,8,t01164-c00120,120,1164,3,0,3,True,False,no_show,24.0099,0.0,0,1,121.52824993245304,377.65116710215807,209.13679082877934,0.01612515188753605,586.804083082825
pessimistic,250,multistation,8,8,8,t01164-c00173,173,1164,11,0,11,True,False,cancelled_late,17.5023,0.0,0,1,17.276874976232648,586.7059580050409,0.12812507338821888,0.013749813660979271,586.8478328920901
pessimistic,250,multistation,8,8,8,t01165-c00108,108,1165,4,0,4,True,False,satisfied,19.5893,19.6,28,1,45.02237495034933,273.0704590212554,0.02850010059773922,0.01654098741710186,273.1155001092702
pessimistic,250,multistation,8,8,8,t01165-c00159,159,1165,7,0,7,True,False,cancelled_late,8.8305,0.0,0,1,65.03387494012713,263.73016694560647,9.411375038325787,0.010791933164000511,273.15233391709626
pessimistic,250,multistation,8,8,8,t01166-c00117,117,1166,2,0,2,True,False,cancelled_late,15.9337,0.0,0,1,138.62787489779294,343.37512496858835,0.028792070224881172,0.014457851648330688,343.41837489046156
pessimistic,250,multistation,8,8,8,t01166-c00159,159,1166,3,0,3,True,False,cancelled_late,20.6598,0.0,0,1,31.257458962500095,343.3248749934137,0.1330000814050436,0.007417052984237671,343.46529212780297
pessimistic,250,multistation,8,8,8,t01167-c00048,48,1167,5,0,5,True,False,no_show,22.3699,0.0,0,1,36.05133295059204,482.79933305457234,0.02195802517235279,0.016750069335103035,482.8380411490798
pessimistic,250,multistation,8,8,8,t01167-c00117,117,1167,3,0,3,True,False,satisfied,17.861,18.0,30,1,121.62454193457961,344.243667088449,138.6159579269588,0.008333008736371994,482.8679580241442
pessimistic,250,multistation,8,8,8,t01167-c00206,206,1167,1,0,1,True,False,no_show,20.2354,0.0,0,1,107.91716701351106,107.91716701351106,374.94104192592204,0.005375128239393234,482.8635840676725
pessimistic,250,multistation,8,8,8,t01168-c00162,162,1168,4,0,4,True,False,cancelled_early,23.5702,0.0,0,1,162.02325001358986,659.8966252058744,189.16008295491338,0.01737498678267002,849.0740831475705
pessimistic,250,multistation,8,8,8,t01168-c00173,173,1168,14,0,14,True,False,no_show,16.7291,0.0,0,1,27.111792005598545,848.9761250093579,0.15074992552399635,0.014250166714191437,849.1411251015961
pessimistic,250,multistation,8,8,8,t01169-c00099,99,1169,4,0,4,True,False,satisfied,15.7189,16.1,23,1,33.41520810499787,128.28354095108807,176.1241250205785,0.01900014467537403,304.42666611634195
pessimistic,250,multistation,8,8,8,t01169-c00162,162,1169,7,0,7,True,False,no_show,16.4575,0.0,0,1,17.317417077720165,304.3237500824034,0.12487499043345451,0.009292038157582283,304.45791711099446
pessimistic,250,multistation,8,8,8,t01170-c00012,12,1170,10,0,10,True,False,no_show,24.2783,0.0,0,1,46.2244579102844,769.7012920398265,0.023165950551629066,0.020625069737434387,769.7450830601156
pessimistic,250,multistation,8,8,8,t01170-c00094,94,1170,6,0,6,True,False,satisfied,16.328,16.5,33,1,46.16954200901091,523.714582901448,246.04962510056794,0.009249895811080933,769.773457897827
pessimistic,250,multistation,8,8,8,t01170-c00159,159,1170,1,0,1,True,False,cancelled_early,21.1582,0.0,0,1,208.95724999718368,208.95724999718368,560.8045000117272,0.005790963768959045,769.7675409726799
pessimistic,250,multistation,8,8,8,t01171-c00159,159,1171,1,0,1,True,False,no_show,10.2059,0.0,0,1,18.394334008917212,18.394334008917212,0.016249949112534523,0.009790994226932526,18.42037495225668
pessimistic,250,multistation,8,8,8,t01172-c00026,26,1172,13,0,13,True,False,satisfied,18.2376,18.4,46,1,45.421583112329245,822.6882920134813,0.02766610123217106,0.019541941583156586,822.7355000562966
pessimistic,250,multistation,8,8,8,t01176-c00157,157,1176,6,0,6,True,False,no_show,16.1674,0.0,0,1,17.229082994163036,169.53304200433195,0.035833101719617844,0.01708301715552807,169.5859581232071
pessimistic,250,multistation,8,8,8,t01177-c00161,161,1177,5,0,5,True,False,satisfied,28.083,28.8,36,1,24.122499860823154,190.6407498754561,0.03258301876485348,0.016584061086177826,190.68991695530713
pessimistic,250,multistation,8,8,8,t01178-c00111,111,1178,7,0,7,True,False,satisfied,13.4938,14.0,20,1,17.318374942988157,271.6896249912679,36.04129212908447,0.020207837224006653,307.7511249575764
pessimistic,250,multistation,8,8,8,t01178-c00192,192,1178,3,0,3,True,False,satisfied,28.7008,29.4,42,1,51.40708293765783,307.6408749911934,0.14979182742536068,0.009416136890649796,307.8000829555094
pessimistic,250,multistation,8,8,8,t01180-c00077,77,1180,4,0,4,True,False,cancelled_late,19.584,0.0,0,1,310.74520805850625,876.6852500848472,0.03241607919335365,0.021499814465641975,876.7391659785062
pessimistic,250,multistation,8,8,8,t01180-c00140,140,1180,4,0,4,True,False,cancelled_late,24.3053,0.0,0,1,310.6937080156058,876.6339579597116,0.16891700215637684,0.00900006853044033,876.8118750303984
pessimistic,250,multistation,8,8,8,t01183-c00052,52,1183,9,0,9,True,False,no_show,27.4007,0.0,0,1,220.40912508964539,1486.9580420199782,64.68183291144669,0.01991703175008297,1551.659791963175
pessimistic,250,multistation,8,8,8,t01183-c00086,86,1183,5,0,5,True,False,no_show,21.2541,0.0,0,1,131.33029104210436,999.364374903962,552.3269579280168,0.009667128324508667,1551.7009999603033
pessimistic,250,multistation,8,8,8,t01183-c00112,112,1183,5,0,5,True,False,satisfied,17.3443,17.5,35,1,13.387167127802968,1551.5107919927686,0.17545814625918865,0.0076249707490205765,1551.6938751097769
pessimistic,250,multistation,8,8,8,t01184-c00077,77,1184,2,0,2,True,False,cancelled_late,15.6272,0.0,0,1,88.60354102216661,674.6322498656809,67.68270814791322,0.015666941180825233,742.330624954775
pessimistic,250,multistation,8,8,8,t01184-c00140,140,1184,7,0,7,True,False,cancelled_early,21.6642,0.0,0,1,67.9568329360336,742.2326661180705,0.14095893129706383,0.01054094173014164,742.3841659910977
pessimistic,250,multistation,8,8,8,t01185-c00140,140,1185,7,0,7,True,False,cancelled_late,24.1346,0.0,0,1,74.86166711896658,620.8834589924663,0.03379117697477341,0.018041813746094704,620.9352919831872
pessimistic,250,multistation,8,8,8,t01186-c00116,116,1186,6,0,6,True,False,satisfied,18.3506,18.4,46,1,399.51816690154374,1325.8084589615464,578.8555000908673,0.019124941900372505,1904.683083994314
pessimistic,250,multistation,8,8,8,t01186-c00237,237,1186,14,0,14,True,False,satisfied,24.7008,24.8,62,1,55.806915974244475,1904.570708051324,0.158791895955801,0.01600012183189392,1904.7455000691116
pessimistic,250,multistation,8,8,8,t01187-c00123,123,1187,7,0,7,True,False,satisfied,24.7302,25.0,50,1,42.46850009076297,715.0879171676934,0.033542048186063766,0.019207829609513283,715.140667045489
pessimistic,250,multistation,8,8,8,t01187-c00135,135,1187,5,0,5,True,False,satisfied,14.7333,15.4,22,1,42.416500160470605,715.0361251551658,0.1416248269379139,0.00858306884765625,715.1863330509514
pessimistic,250,multistation,8,8,8,t01188-c00066,66,1188,5,0,5,True,False,cancelled_early,23.9339,0.0,0,1,78.43029103241861,1176.5712080523372,105.91058293357491,0.01979200169444084,1282.5015829876065
pessimistic,250,multistation,8,8,8,t01188-c00091,91,1188,7,0,7,True,False,no_show,39.6895,0.0,0,1,78.38062499649823,1282.4047920294106,0.15379092656075954,0.009499955922365189,1282.5680829118937
pessimistic,250,multistation,8,8,8,t01188-c00216,216,1188,4,0,4,True,False,cancelled_late,23.4682,0.0,0,1,622.6539160124958,1152.999916113913,129.5544169843197,0.007207971066236496,1282.561541069299
pessimistic,250,multistation,8,8,8,t01189-c00066,66,1189,5,0,5,True,False,satisfied,23.6045,23.8,34,1,5.129624856635928,152.01950003392994,0.02674991264939308,0.017292099073529243,152.06354204565287
pessimistic,250,multistation,8,8,8,t01190-c00077,77,1190,6,0,6,True,False,no_show,21.4784,0.0,0,1,36.39174997806549,314.30120789445937,0.030708033591508865,0.01829187385737896,314.35020780190825
pessimistic,250,multistation,8,8,8,t01190-c00140,140,1190,2,1,2,True,False,cancelled_late,21.9873,0.0,0,1,411.55362501740456,467.3750828951597,0.031708041206002235,0.014999881386756897,467.4217908177525
pessimistic,250,multistation,8,8,8,t01192-c00140,140,1192,3,0,3,True,False,cancelled_late,22.962,0.0,0,1,441.09970913268626,826.9044591579586,0.031665898859500885,0.015084166079759598,826.9512092228979
pessimistic,250,multistation,8,8,8,t01192-c00216,216,1192,4,0,4,True,False,cancelled_early,22.0471,0.0,0,1,441.0423750523478,826.8472501076758,0.15645893290638924,0.00895792618393898,827.0126669667661
pessimistic,250,multistation,8,8,8,t01192-c00242,242,1192,1,0,1,True,False,satisfied,24.982,25.0,50,1,440.9988750703633,440.9988750703633,386.0113329719752,0.005667097866535187,827.015875140205
pessimistic,250,multistation,8,8,8,t01193-c00216,216,1193,4,0,4,True,False,cancelled_early,20.4069,0.0,0,1,18.82433402352035,165.4908750206232,0.039041973650455475,0.016541918739676476,165.54645891301334
pessimistic,250,multistation,8,8,8,t01194-c00063,63,1194,3,0,3,True,False,satisfied,13.7056,14.0,28,1,389.31479188613594,1276.2341250199825,730.5683749727905,0.020958948880434036,2006.8234589416534
pessimistic,250,multistation,8,8,8,t01194-c00133,133,1194,14,0,14,True,False,cancelled_late,17.46,0.0,0,1,85.18058294430375,1915.8656660001725,91.00074996240437,0.014999881386756897,2006.8814158439636
pessimistic,250,multistation,8,8,8,t01194-c00212,212,1194,4,0,4,True,False,cancelled_late,28.8809,0.0,0,1,475.76895798556507,795.9199999459088,1210.9685828909278,0.007292022928595543,2006.8958748597652
pessimistic,250,multistation,8,8,8,t01194-c00216,216,1194,15,0,15,True,False,satisfied,20.4426,20.8,52,1,85.09125001728535,2006.6312500275671,0.26637502014636993,0.010499963536858559,2006.9081250112504
pessimistic,250,multistation,8,8,8,t01194-c00238,238,1194,3,0,3,True,False,cancelled_early,29.6562,0.0,0,1,424.16170914657414,1330.6000421289355,676.2936250306666,0.0062498729676008224,2006.8999170325696
pessimistic,250,multistation,8,8,8,t01195-c00140,140,1195,7,0,7,True,False,satisfied,20.7132,20.8,52,1,31.55516693368554,624.4204579852521,0.03312481567263603,0.020084204152226448,624.473667005077
pessimistic,250,multistation,8,8,8,t01195-c00238,238,1195,3,0,3,True,False,cancelled_late,29.2686,0.0,0,1,71.10762502998114,402.13637496344745,222.37570909783244,0.011290889233350754,624.5233749505132
pessimistic,250,multistation,8,8,8,t01197-c00075,75,1197,5,0,5,True,False,breakdown,28.1388,0.0,0,1,86.68749989010394,392.26545789279044,0.026292167603969574,0.017999904230237007,392.30974996462464
pessimistic,250,multistation,8,8,8,t01197-c00206,206,1197,1,0,1,True,False,satisfied,24.5448,24.8,31,1,168.46841690130532,168.46841690130532,223.86341611854732,0.0070838723331689835,392.3389168921858
pessimistic,250,multistation,8,8,8,t01198-c00041,41,1198,5,0,5,True,False,satisfied,22.7625,23.0,46,1,156.35487507097423,646.0947501473129,148.75787496566772,0.016999896615743637,794.8696250095963
pessimistic,250,multistation,8,8,8,t01198-c00133,133,1198,15,0,15,True,False,satisfied,17.1063,17.6,22,1,18.37133290246129,794.770082924515,0.14520809054374695,0.01391698606312275,794.9292080011219
pessimistic,250,multistation,8,8,8,t01199-c00249,249,1199,3,0,3,True,False,satisfied,21.3788,21.5,43,1,32.763584051281214,188.09020891785622,0.04291604273021221,0.016083940863609314,188.14920890145004
pessimistic,250,multistation,8,8,8,t01200-c00021,21,1200,3,0,3,True,False,satisfied,14.0676,14.4,36,1,61.610582983121276,601.4662501402199,0.021166866645216942,0.017415964975953102,601.5048329718411
pessimistic,250,multistation,8,8,8,t01200-c00159,159,1200,4,0,4,True,False,no_show,20.8195,0.0,0,1,139.1890828963369,442.6619168370962,158.87720813043416,0.009832903742790222,601.5489578712732
pessimistic,250,multistation,8,8,8,t01200-c00245,245,1200,3,0,3,True,False,cancelled_late,31.3055,0.0,0,1,25.535417022183537,570.8605421241373,30.67349991761148,0.007082941010594368,601.5411249827594
pessimistic,250,multistation,8,8,8,t01201-c00212,212,1201,5,0,5,True,False,no_show,25.2102,0.0,0,1,9.621917037293315,357.23854205571115,0.040999846532940865,0.02391706220805645,357.30345896445215
pessimistic,250,multistation,8,8,8,t01201-c00238,238,1201,7,0,7,True,False,breakdown,26.1049,0.0,0,1,49.3580000475049,302.67041688784957,54.670375073328614,0.01158309169113636,357.3523750528693
pessimistic,250,multistation,8,8,8,t01202-c00215,215,1202,1,0,1,True,False,satisfied,25.3682,25.9,37,1,11.109375162050128,11.109375162050128,0.02891593612730503,0.021625077351927757,11.15991617552936
pessimistic,250,multistation,8,8,8,t01203-c00029,29,1203,17,0,17,True,False,no_show,18.3996,0.0,0,1,23.015290964394808,670.1398328877985,0.031333183869719505,0.025333836674690247,670.196499908343
pessimistic,250,multistation,8,8,8,t01203-c00056,56,1203,1,0,1,True,False,cancelled_early,17.0882,0.0,0,1,142.7535831462592,142.7535831462592,527.4786669760942,0.008874805644154549,670.2411249279976
pessimistic,250,multistation,8,8,8,t01203-c00157,157,1203,4,0,4,True,False,satisfied,20.3743,21.0,30,1,163.6619169730693,374.94633300229907,295.3098339494318,0.007666181772947311,670.2638331335038
pessimistic,250,multistation,8,8,8,t01204-c00056,56,1204,3,0,3,True,False,no_show,14.712,0.0,0,1,18.514999886974692,59.760832926258445,0.021416926756501198,0.01595797948539257,59.79820783250034
pessimistic,250,multistation,8,8,8,t01205-c00011,11,1205,10,0,10,True,False,cancelled_early,21.5813,0.0,0,1,13.555417070165277,1026.9857079256326,0.026667024940252304,0.024167122319340706,1027.0365420728922
pessimistic,250,multistation,8,8,8,t01205-c00245,245,1205,11,0,11,True,False,no_show,24.9142,0.0,0,1,121.53679202310741,777.0830828230828,250.0179170165211,0.014499993994832039,1027.1154998335987
pessimistic,250,multistation,8,8,8,t01206-c00008,8,1206,19,0,19,True,False,cancelled_late,18.9181,0.0,0,1,42.65383305028081,1116.5408750530332,0.032916897907853127,0.025290995836257935,1116.5990829467773
pessimistic,250,multistation,8,8,8,t01206-c00011,11,1206,10,0,10,True,False,no_show,12.4932,0.0,0,1,12.89045880548656,1073.6966249532998,42.96187497675419,0.011124880984425545,1116.6696248110384
pessimistic,250,multistation,8,8,8,t01208-c00025,25,1208,1,0,1,True,False,cancelled_early,23.4523,0.0,0,1,157.49999997206032,157.49999997206032,661.684124963358,0.013042008504271507,819.1971669439226
pessimistic,250,multistation,8,8,8,t01208-c00078,78,1208,20,0,20,True,False,cancelled_late,14.7521,0.0,0,1,20.432458957657218,819.1167500335723,0.13700011186301708,0.018583843484520912,819.2723339889199
pessimistic,250,multistation,8,8,8,t01208-c00085,85,1208,3,0,3,True,False,satisfied,26.3707,26.5,53,1,205.99345909431577,548.7179590854794,270.5528330989182,0.006416812539100647,819.2772089969367
pessimistic,250,multistation,8,8,8,t01209-c00025,25,1209,1,0,1,True,False,cancelled_early,24.8786,0.0,0,1,232.99454082734883,232.99454082734883,453.9691670797765,0.013875076547265053,686.9775829836726
pessimistic,250,multistation,8,8,8,t01209-c00120,120,1209,11,0,11,True,False,satisfied,26.9889,27.0,45,1,39.84270803630352,686.8850418832153,0.14520809054374695,0.014082994312047958,687.0443329680711
pessimistic,250,multistation,8,8,8,t01210-c00025,25,1210,3,0,3,True,False,breakdown,24.8578,0.0,0,1,84.02416715398431,320.8575421012938,0.021792016923427582,0.016415957361459732,320.8957500755787
pessimistic,250,multistation,8,8,8,t01211-c00078,78,1211,7,0,7,True,False,no_show,9.9687,0.0,0,1,6.6414999309927225,486.7902498226613,0.027333153411746025,0.0174578744918108,486.83504085056484
pessimistic,250,multistation,8,8,8,t01211-c00173,173,1211,3,0,3,True,False,no_show,22.4768,0.0,0,1,64.6204580552876,466.9891248922795,19.863750087097287,0.008499948307871819,486.86137492768466
pessimistic,250,multistation,8,8,8,t01211-c00183,183,1211,4,0,4,True,False,cancelled_late,23.3863,0.0,0,1,96.61345882341266,313.9096249360591,172.93612495996058,0.006875023245811462,486.8526249192655
pessimistic,250,multistation,8,8,8,t01212-c00008,8,1212,4,0,4,True,False,satisfied,17.8649,18.0,30,1,243.97333292290568,722.2239580005407,320.5647498834878,0.020584091544151306,1042.8092919755727
pessimistic,250,multistation,8,8,8,t01212-c00033,33,1212,18,0,18,True,False,satisfied,27.0255,27.3,39,1,37.64212504029274,1042.718332959339,0.13954192399978638,0.016458099707961082,1042.8743329830468
pessimistic,250,multistation,8,8,8,t01215-c00114,114,1215,4,0,4,True,False,satisfied,27.4931,28.0,40,1,216.57458296976984,543.1635829154402,294.52595906332135,0.01974985934793949,837.7092918381095
pessimistic,250,multistation,8,8,8,t01215-c00162,162,1215,5,0,5,True,False,no_show,30.7741,0.0,0,1,44.857292203232646,837.6077089924365,0.14216615818440914,0.010249903425574303,837.7601250540465
pessimistic,250,multistation,8,8,8,t01215-c00183,183,1215,3,0,3,True,False,cancelled_late,24.8379,0.0,0,1,169.1038329154253,692.0548749621958,145.69408306851983,0.007458031177520752,837.7564160618931
pessimistic,250,multistation,8,8,8,t01217-c00183,183,1217,13,0,13,True,False,no_show,23.6298,0.0,0,1,38.64645794965327,677.8897908516228,0.04200008697807789,0.020999927073717117,677.9527908656746
pessimistic,250,multistation,8,8,8,t01218-c00012,12,1218,5,0,5,True,False,satisfied,26.8108,27.0,45,1,80.15324990265071,1107.3337499983609,0.019750092178583145,0.015582889318466187,1107.369082979858
pessimistic,250,multistation,8,8,8,t01218-c00069,69,1218,3,0,3,True,False,satisfied,24.8611,25.0,50,1,189.50499990023673,1048.8672908395529,58.530000038444996,0.008250121027231216,1107.405540999025
pessimistic,250,multistation,8,8,8,t01218-c00235,235,1218,6,0,6,True,False,cancelled_early,29.7277,0.0,0,1,154.30183289572597,867.5092079211026,239.88545895554125,0.007791211828589439,1107.4024580884725
pessimistic,250,multistation,8,8,8,t01219-c00235,235,1219,13,0,13,True,False,cancelled_late,19.1129,0.0,0,1,39.51491694897413,667.2908749897033,0.04824995994567871,0.02787495031952858,667.3669998999685
pessimistic,250,multistation,8,8,8,t01221-c00032,32,1221,1,0,1,True,False,satisfied,13.5147,13.3,19,1,364.889542106539,364.889542106539,941.0617079120129,0.016875099390745163,1305.9681251179427
pessimistic,250,multistation,8,8,8,t01221-c00158,158,1221,5,0,5,True,False,cancelled_early,17.6236,0.0,0,1,380.7487089652568,937.4176249839365,368.59300010837615,0.011416850611567497,1306.0220419429243
pessimistic,250,multistation,8,8,8,t01221-c00235,235,1221,13,0,13,True,False,satisfied,27.2242,27.5,55,1,67.09700007922947,1305.8238751254976,0.21437485702335835,0.013084150850772858,1306.0513341333717
pessimistic,250,multistation,8,8,8,t01222-c00158,158,1222,10,0,10,True,False,satisfied,18.1707,18.4,23,1,7.721958914771676,232.37504181452096,0.039624981582164764,0.020875129848718643,232.43554192595184
pessimistic,250,multistation,8,8,8,t01225-c00147,147,1225,1,0,1,True,False,cancelled_early,22.576,0.0,0,1,23.557667154818773,23.557667154818773,0.03158301115036011,0.01574982888996601,23.6049999948591
pessimistic,250,multistation,8,8,8,t01226-c00147,147,1226,4,0,4,True,False,cancelled_late,19.4338,0.0,0,1,34.31791695766151,228.86850009672344,0.03470899537205696,0.016625039279460907,228.91983413137496
pessimistic,250,multistation,8,8,8,t01227-c00056,56,1227,5,0,5,True,False,cancelled_early,19.318,0.0,0,1,17.61729083955288,144.02149990200996,0.02554105594754219,0.020833918824791908,144.0678748767823
pessimistic,250,multistation,8,8,8,t01228-c00056,56,1228,5,0,5,True,False,satisfied,15.8934,16.1,23,1,13.289666967466474,252.97804200090468,0.024957815185189247,0.018875114619731903,253.0218749307096
pessimistic,250,multistation,8,8,8,t01228-c00128,128,1228,4,0,4,True,False,no_show,20.7245,0.0,0,1,46.96754110045731,195.0844160746783,57.972999988123775,0.009249895811080933,253.06666595861316
pessimistic,250,multistation,8,8,8,t01229-c00037,37,1229,3,0,3,True,False,satisfied,28.827,28.2,47,1,22.29991601780057,300.23454083129764,0.021834159269928932,0.01708301715552807,300.2734580077231
pessimistic,250,multistation,8,8,8,t01229-c00198,198,1229,4,0,4,True,False,cancelled_early,26.5671,0.0,0,1,37.54625003784895,258.65408405661583,41.651915991678834,0.00900006853044033,300.3150001168251
pessimistic,250,multistation,8,8,8,t01230-c00151,151,1230,14,0,14,True,False,cancelled_late,23.4163,0.0,0,1,72.17416702769697,1355.2868750412017,0.040082959458231926,0.0238749198615551,1355.3508329205215
pessimistic,250,multistation,8,8,8,t01230-c00198,198,1230,1,0,1,True,False,satisfied,26.8424,20.3,29,1,482.173667056486,482.173667056486,873.2275408692658,0.007209135219454765,1355.4084170609713
pessimistic,250,multistation,8,8,8,t01232-c00048,48,1232,6,0,6,True,False,breakdown,35.8846,0.0,0,1,625.218375120312,3058.000500081107,741.8016248848289,0.021916115656495094,3799.8240410815924
pessimistic,250,multistation,8,8,8,t01232-c00147,147,1232,7,0,7,True,False,satisfied,22.6516,23.0,46,1,389.5924158859998,2728.9144159294665,1070.949667133391,0.010791933164000511,3799.8748749960214
pessimistic,250,multistation,8,8,8,t01232-c00151,151,1232,13,0,13,True,False,cancelled_late,14.2857,0.0,0,1,113.74625004827976,3799.6772080659866,0.19845785573124886,0.0113749410957098,3799.8870408628136
pessimistic,250,multistation,8,8,8,t01232-c00204,204,1232,15,0,15,True,False,no_show,18.2777,0.0,0,1,113.70262503623962,3799.6335409116,0.2645421773195267,0.01091696321964264,3799.909000052139
pessimistic,250,multistation,8,8,8,t01232-c00227,227,1232,5,0,5,True,False,satisfied,19.0292,19.2,32,1,25.905375136062503,3699.85558395274,100.0392499845475,0.006458023563027382,3799.9012919608504
pessimistic,250,multistation,8,8,8,t01235-c00239,239,1235,4,0,4,True,False,satisfied,23.4822,23.8,34,1,16.002333955839276,147.9113339446485,0.044833170250058174,0.016416888684034348,147.9725840035826
pessimistic,250,multistation,8,8,8,t01236-c00078,78,1236,5,0,5,True,False,satisfied,23.3067,23.4,39,1,36.17812506854534,296.36758309789,0.02687494270503521,0.019416911527514458,296.41387495212257
pessimistic,250,multistation,8,8,8,t01236-c00241,241,1236,4,0,4,True,False,satisfied,10.6328,1.8,3,1,80.4235830437392,166.59404197707772,129.86295809969306,0.009999843314290047,296.4669999200851
pessimistic,250,multistation,8,8,8,t01237-c00077,77,1237,5,0,5,True,False,cancelled_late,25.0598,0.0,0,1,42.27083292789757,3320.9597908426076,170.6019591074437,0.021208077669143677,3491.5829580277205
pessimistic,250,multistation,8,8,8,t01237-c00151,151,1237,21,0,21,True,False,no_show,30.1526,0.0,0,1,152.91137504391372,3491.472833091393,0.17966702580451965,0.01845788210630417,3491.670957999304
pessimistic,250,multistation,8,8,8,t01238-c00029,29,1238,3,0,3,True,False,no_show,24.3394,0.0,0,1,18.95708288066089,572.5733749568462,31.70449985191226,0.01658312976360321,604.2944579385221
pessimistic,250,multistation,8,8,8,t01238-c00081,81,1238,5,0,5,True,False,satisfied,20.5063,20.8,26,1,32.98412496224046,604.2001249734312,0.11737504974007607,0.009542098268866539,604.3270421214402
pessimistic,250,multistation,8,8,8,t01238-c00086,86,1238,4,0,4,True,False,cancelled_early,30.1004,0.0,0,1,74.91687498986721,438.06479196064174,166.2537909578532,0.0077500008046627045,604.3263329192996
pessimistic,250,multistation,8,8,8,t01239-c00086,86,1239,4,0,4,True,False,satisfied,29.2898,29.5,59,1,97.62445790693164,1350.1882499549538,83.41874997131526,0.01850002445280552,1433.6254999507219
pessimistic,250,multistation,8,8,8,t01239-c00149,149,1239,3,0,3,True,False,cancelled_early,21.1037,0.0,0,1,25.415249867364764,1433.5221669171005,0.14058290980756283,0.00895909033715725,1433.6717089172453
pessimistic,250,multistation,8,8,8,t01239-c00174,174,1239,4,0,4,True,False,satisfied,21.0699,21.6,36,1,97.52412489615381,1350.087916944176,83.59895809553564,0.006624963134527206,1433.6935000028461
pessimistic,250,multistation,8,8,8,t01240-c00149,149,1240,5,0,5,True,False,no_show,21.0596,0.0,0,1,26.361542055383325,153.67216686718166,0.03345799632370472,0.017709098756313324,153.72333396226168
pessimistic,250,multistation,8,8,8,t01242-c00006,6,1242,3,0,3,True,False,satisfied,15.5347,14.5,29,1,23.902042070403695,660.599583061412,0.0191668514162302,0.01658312976360321,660.6353330425918
pessimistic,250,multistation,8,8,8,t01242-c00212,212,1242,3,0,3,True,False,cancelled_late,30.1867,0.0,0,1,53.857707884162664,623.3705419581383,37.30241605080664,0.008458970114588737,660.6814169790596
pessimistic,250,multistation,8,8,8,t01243-c00011,11,1243,5,0,5,True,False,cancelled_late,30.9313,0.0,0,1,146.81395911611617,1630.7439170777798,0.022500054910779,0.022624852135777473,1630.7890419848263
pessimistic,250,multistation,8,8,8,t01243-c00077,77,1243,10,0,10,True,False,cancelled_late,26.3345,0.0,0,1,146.75733307376504,1630.6874169968069,0.16712513752281666,0.011415919288992882,1630.8659580536187
pessimistic,250,multistation,8,8,8,t01245-c00004,4,1245,21,0,21,True,False,no_show,19.2157,0.0,0,1,37.52945805899799,1017.5038750749081,0.03204098902642727,0.025041867047548294,1017.5609579309821
pessimistic,250,multistation,8,8,8,t01246-c00245,245,1246,5,0,5,True,False,satisfied,33.1964,33.6,48,1,50.254167057573795,280.32812499441206,0.04320894367992878,0.020415987819433212,280.3917499259114
pessimistic,250,multistation,8,8,8,t01247-c00212,212,1247,3,0,3,True,False,satisfied,27.3063,28.0,40,1,22.583625046536326,83.08008313179016,0.03841705620288849,0.01687486656010151,83.13537505455315
pessimistic,250,multistation,8,8,8,t01248-c00011,11,1248,10,0,10,True,False,no_show,23.6581,0.0,0,1,52.86816693842411,642.3781670164317,0.02545793540775776,0.02208305522799492,642.4257080070674
pessimistic,250,multistation,8,8,8,t01249-c00077,77,1249,6,0,6,True,False,cancelled_late,28.7711,0.0,0,1,49.48012507520616,357.62591613456607,0.027542002499103546,0.018625054508447647,357.6720831915736
pessimistic,250,multistation,8,8,8,t01250-c00098,98,1250,2,0,2,True,False,satisfied,21.1365,21.6,36,1,59.26058301702142,135.34579193219543,51.135458052158356,0.01587485894560814,186.4971248432994
pessimistic,250,multistation,8,8,8,t01250-c00121,121,1250,5,0,5,True,False,satisfied,21.592,21.7,31,1,17.56841689348221,186.40158302150667,0.1289169304072857,0.01058308407664299,186.5410830359906
pessimistic,250,multistation,8,8,8,t01251-c00057,57,1251,3,0,3,True,False,cancelled_late,27.6333,0.0,0,1,122.41683388128877,399.0997918881476,113.19637508131564,0.016582896932959557,512.3127498663962
pessimistic,250,multistation,8,8,8,t01251-c00077,77,1251,6,0,6,True,False,cancelled_late,29.4972,0.0,0,1,53.84916719049215,512.2207091189921,0.14124996960163116,0.01054094173014164,512.3725000303239
pessimistic,250,multistation,8,8,8,t01252-c00072,72,1252,5,0,5,True,False,cancelled_late,24.3484,0.0,0,1,149.39812500961125,908.4891669917852,0.026875175535678864,0.019665807485580444,908.5357079748064
pessimistic,250,multistation,8,8,8,t01252-c00122,122,1252,6,0,6,True,False,cancelled_late,23.4122,0.0,0,1,149.34258302673697,908.4337500389665,0.15395809896290302,0.009167008101940155,908.5968751460314
pessimistic,250,multistation,8,8,8,t01253-c00057,57,1253,3,0,3,True,False,cancelled_late,27.2806,0.0,0,1,29.824665980413556,134.15475003421307,0.020707957446575165,0.015832949429750443,134.1912909410894
pessimistic,250,multistation,8,8,8,t01254-c00091,91,1254,2,0,2,True,False,cancelled_early,43.1637,0.0,0,1,116.03350006043911,205.89662506245077,0.03054109402000904,0.02570892684161663,205.9528750833124
pessimistic,250,multistation,8,8,8,t01254-c00172,172,1254,1,0,1,True,False,cancelled_early,25.3301,0.0,0,1,13.902541948482394,13.902541948482394,192.1079580206424,0.009207986295223236,206.01970795542002
pessimistic,250,multistation,8,8,8,t01255-c00072,72,1255,16,0,16,True,False,satisfied,21.553,21.7,31,1,20.704958820715547,1702.694833977148,0.033708056434988976,0.02345792017877102,1702.7519999537617
pessimistic,250,multistation,8,8,8,t01255-c00091,91,1255,7,0,7,True,False,satisfied,46.5663,46.9,67,1,295.8749160170555,1397.47970784083,305.31591712497175,0.010499963536858559,1702.8061249293387
pessimistic,250,multistation,8,8,8,t01255-c00122,122,1255,3,0,3,True,False,no_show,22.3768,0.0,0,1,360.05929205566645,1480.2671670913696,222.52929210662842,0.006707850843667984,1702.8031670488417
pessimistic,250,multistation,8,8,8,t01255-c00172,172,1255,4,1,3,True,False,satisfied,11.0352,11.2,14,1,1737.2928340919316,1818.8295841682702,18.24666582979262,0.007542083039879799,1837.0837920811027
pessimistic,250,multistation,8,8,8,t01256-c00106,106,1256,5,0,5,True,False,cancelled_early,14.3495,0.0,0,1,19.369209185242653,132.6546249911189,0.030667055398225784,0.018625054508447647,132.70391710102558
pessimistic,250,multistation,8,8,8,t01257-c00077,77,1257,5,0,5,True,False,satisfied,27.6012,28.2,47,1,51.473667146638036,459.42574995569885,0.026458175852894783,0.018833903595805168,459.47104203514755
pessimistic,250,multistation,8,8,8,t01257-c00106,106,1257,5,0,5,True,False,no_show,17.3207,0.0,0,1,124.96741581708193,354.57987478002906,104.93545816279948,0.010416842997074127,459.5257497858256
pessimistic,250,multistation,8,8,8,t01258-c00017,17,1258,3,0,3,True,False,satisfied,26.0177,26.6,38,1,32.89287490770221,125.77733304351568,0.020541949197649956,0.018791062757372856,125.8166660554707
pessimistic,250,multistation,8,8,8,t01259-c00144,144,1259,2,0,2,True,False,cancelled_early,19.2956,0.0,0,1,22.799249971285462,46.73375003039837,0.028125010430812836,0.014582881703972816,46.776457922533154
pessimistic,250,multistation,8,8,8,t01259-c00204,204,1259,1,0,1,True,False,satisfied,18.5093,12.8,16,1,22.745458176359534,22.745458176359534,24.067083839327097,0.006666174158453941,46.819208189845085
pessimistic,250,multistation,8,8,8,t01260-c00057,57,1260,9,0,9,True,False,no_show,16.6668,0.0,0,1,27.551958104595542,573.9430410321802,0.027250032871961594,0.020833918824791908,573.991124983877
pessimistic,250,multistation,8,8,8,t01260-c00144,144,1260,1,0,1,True,False,satisfied,17.4465,10.5,15,1,49.74154196679592,49.74154196679592,524.2798749823123,0.0071660615503787994,574.0285830106586
pessimistic,250,multistation,8,8,8,t01260-c00173,173,1260,3,0,3,True,False,satisfied,31.1045,31.0,62,1,155.9063750319183,561.8301250506192,12.192416936159134,0.00658305361866951,574.029125040397
pessimistic,250,multistation,8,8,8,t01261-c00084,84,1261,1,0,1,True,False,satisfied,20.9948,11.9,17,1,9.972375119104981,9.972375119104981,330.1066670101136,0.01337495632469654,340.0924170855433
pessimistic,250,multistation,8,8,8,t01261-c00159,159,1261,3,0,3,True,False,breakdown,26.4891,0.0,0,1,129.2785000987351,339.996375143528,0.1130418386310339,0.008541159331798553,340.1179581414908
pessimistic,250,multistation,8,8,8,t01264-c00052,52,1264,4,0,4,True,False,cancelled_early,34.4809,0.0,0,1,285.33333307132125,1598.6748330760747,47.99925000406802,0.018124934285879135,1646.6922080144286
pessimistic,250,multistation,8,8,8,t01264-c00183,183,1264,10,0,10,True,False,cancelled_late,30.5408,0.0,0,1,368.5782910324633,1646.5923751238734,0.16704085282981396,0.01333397813141346,1646.7727499548346
pessimistic,250,multistation,8,8,8,t01264-c00222,222,1264,3,0,2,True,False,no_show,15.4258,0.0,0,1,709.7864160314202,1442.968500079587,203.80291598848999,0.006250105798244476,1646.7776661738753
pessimistic,250,multistation,8,8,8,t01265-c00052,52,1265,4,0,4,True,False,breakdown,35.276,0.0,0,1,340.1731248013675,4613.137749955058,273.69958395138383,0.016165897250175476,4886.853499803692
pessimistic,250,multistation,8,8,8,t01265-c00128,128,1265,4,0,4,True,False,satisfied,24.3705,24.5,35,1,2341.369624948129,3752.7097079437226,1134.1691669076681,0.00900006853044033,4886.887874919921
pessimistic,250,multistation,8,8,8,t01265-c00183,183,1265,10,0,10,True,False,cancelled_late,29.5327,0.0,0,1,640.2380838990211,4841.180833987892,45.70462508127093,0.009999843314290047,4886.895458912477
pessimistic,250,multistation,8,8,8,t01265-c00234,234,1265,14,0,14,True,False,cancelled_late,20.9743,0.0,0,1,26.160083012655377,4886.664583114907,0.24162488989531994,0.009875046089291573,4886.916083050892
pessimistic,250,multistation,8,8,8,t01266-c00019,19,1266,5,0,5,True,False,satisfied,22.0212,22.4,56,1,66.87912507914007,690.6677079387009,0.020541949197649956,0.01991703175008297,690.7081669196486
pessimistic,250,multistation,8,8,8,t01266-c00232,232,1266,4,0,4,True,False,satisfied,24.9541,25.0,50,1,169.20995921827853,552.9476250521839,137.783583952114,0.009708106517791748,690.7409171108156
pessimistic,250,multistation,8,8,8,t01266-c00241,241,1266,4,0,4,True,False,satisfied,14.307,14.4,24,1,183.82624979130924,361.44762486219406,329.2788751423359,0.0077087897807359695,690.7342087943107
pessimistic,250,multistation,8,8,8,t01267-c00181,181,1267,3,0,3,True,False,cancelled_late,16.6795,0.0,0,1,8.75741709023714,255.83854201249778,0.03087497316300869,0.014666002243757248,255.88408298790455
pessimistic,250,multistation,8,8,8,t01267-c00234,234,1267,4,0,4,True,False,no_show,27.4816,0.0,0,1,41.82179179042578,222.77758386917412,33.14154106192291,0.00837491825222969,255.92749984934926
pessimistic,250,multistation,8,8,8,t01269-c00181,181,1269,6,0,6,True,False,satisfied,14.3631,14.4,18,1,11.034750146791339,109.54700014553964,0.03441586159169674,0.016666948795318604,109.59808295592666
pessimistic,250,multistation,8,8,8,t01270-c00131,131,1270,3,0,3,True,False,cancelled_late,19.4719,0.0,0,1,79.66349995695055,400.485249934718,200.32545807771385,0.015666941180825233,600.8263749536127
pessimistic,250,multistation,8,8,8,t01270-c00183,183,1270,10,0,10,True,False,satisfied,24.0508,24.6,41,1,40.484084049239755,600.7264999207109,0.14450005255639553,0.010542105883359909,600.8815420791507
pessimistic,250,multistation,8,8,8,t01272-c00141,141,1272,3,0,3,True,False,satisfied,27.7469,28.0,40,1,24.937459034845233,81.71537518501282,0.029458897188305855,0.016458099707961082,81.76129218190908
pessimistic,250,multistation,8,8,8,t01273-c00110,110,1273,3,0,3,True,False,cancelled_late,14.2133,0.0,0,1,16.90279203467071,93.8485418446362,0.026416033506393433,0.014499993994832039,93.88945787213743
pessimistic,250,multistation,8,8,8,t01274-c00110,110,1274,3,0,3,True,False,cancelled_late,15.8812,0.0,0,1,20.2935840934515,260.6338339392096,41.66983300819993,0.014833174645900726,302.3185001220554
pessimistic,250,multistation,8,8,8,t01274-c00131,131,1274,4,0,4,True,False,cancelled_early,22.9301,0.0,0,1,40.26216710917652,302.22645914182067,0.12783287093043327,0.008207978680729866,302.36249999143183
pessimistic,250,multistation,8,8,8,t01275-c00131,131,1275,3,0,3,True,False,no_show,13.7052,0.0,0,1,128.73862497508526,301.9295840058476,66.33604085072875,0.016459031030535698,368.28208388760686
pessimistic,250,multistation,8,8,8,t01275-c00160,160,1275,6,0,6,True,False,no_show,23.7027,0.0,0,1,20.58320795185864,368.18491597659886,0.12420886196196079,0.010416144505143166,368.31954098306596
pessimistic,250,multistation,8,8,8,t01275-c00169,169,1275,3,0,3,True,False,cancelled_late,11.2203,0.0,0,1,116.2702499423176,306.3191659748554,61.987374909222126,0.006459187716245651,368.3130000717938
pessimistic,250,multistation,8,8,8,t01276-c00169,169,1276,1,0,1,True,False,satisfied,24.6216,23.2,29,1,19.970875000581145,19.970875000581145,0.028959009796380997,0.011125113815069199,20.010959124192595
pessimistic,250,multistation,8,8,8,t01277-c00110,110,1277,4,0,4,True,False,cancelled_late,14.3931,0.0,0,1,63.89295891858637,167.03112493269145,0.027125002816319466,0.014709075912833214,167.0729590114206
pessimistic,250,multistation,8,8,8,t01278-c00149,149,1278,4,0,4,True,False,cancelled_late,22.7651,0.0,0,1,15.419874805957079,86.60724991932511,0.03195786848664284,0.01558312214910984,86.65479090996087
pessimistic,250,multistation,8,8,8,t01279-c00211,211,1279,4,0,4,True,False,satisfied,11.5812,11.9,17,1,7.185666123405099,57.36895790323615,0.03879214636981487,0.01645786687731743,57.42420791648328
pessimistic,250,multistation,8,8,8,t01280-c00089,89,1280,9,0,9,True,False,cancelled_late,21.3062,0.0,0,1,34.02783302590251,338.7495831120759,0.031542032957077026,0.0191668514162302,338.80029199644923
pessimistic,250,multistation,8,8,8,t01281-c00089,89,1281,4,0,4,True,False,no_show,16.6695,0.0,0,1,44.65279192663729,417.56712505593896,0.026166904717683792,0.014707911759614944,417.60799987241626
pessimistic,250,multistation,8,8,8,t01281-c00231,231,1281,3,0,3,True,False,cancelled_early,17.3358,0.0,0,1,225.457375170663,417.49999998137355,0.12075016275048256,0.007166992872953415,417.627917136997
pessimistic,250,multistation,8,8,8,t01282-c00070,70,1282,5,0,5,True,False,satisfied,14.0088,14.4,36,1,61.05904094874859,1235.9885829500854,0.02591707743704319,0.01795799471437931,1236.0324580222368
pessimistic,250,multistation,8,8,8,t01282-c00149,149,1282,7,0,7,True,False,cancelled_late,16.1797,0.0,0,1,217.5528339575976,1051.7043340951204,184.36249997466803,0.010082963854074478,1236.0769170336425
pessimistic,250,multistation,8,8,8,t01282-c00231,231,1282,5,0,5,True,False,satisfied,17.1222,17.2,43,1,60.955499997362494,1235.8850829768926,0.19158306531608105,0.0061248429119586945,1236.0827908851206
pessimistic,250,multistation,8,8,8,t01283-c00110,110,1283,4,0,4,True,False,satisfied,14.127,14.4,36,1,63.63595905713737,166.25291691161692,0.02595805563032627,0.01591700129210949,166.29479196853936
pessimistic,250,multistation,8,8,8,t01284-c00013,13,1284,12,0,12,True,False,cancelled_early,20.4727,0.0,0,1,33.10141619294882,1218.630125047639,0.02654106356203556,0.021083978936076164,1218.6777500901371
pessimistic,250,multistation,8,8,8,t01284-c00029,29,1284,2,0,2,True,False,satisfied,28.4041,26.6,38,1,169.36516598798335,1024.0228748880327,194.69375000335276,0.007375143468379974,1218.7240000348538
pessimistic,250,multistation,8,8,8,t01284-c00162,162,1284,4,0,4,True,False,satisfied,38.9893,39.0,78,1,267.8867920767516,861.8561250623316,356.85016703791916,0.007207971066236496,1218.713500071317
pessimistic,250,multistation,8,8,8,t01285-c00013,13,1285,12,0,12,True,False,cancelled_late,21.8761,0.0,0,1,33.74266694299877,514.9914580397308,0.024541979655623436,0.019832979887723923,515.0358329992741
pessimistic,250,multistation,8,8,8,t01286-c00004,4,1286,10,0,10,True,False,satisfied,16.9504,17.0,34,1,20.491416100412607,372.024541022256,0.022541964426636696,0.019750092178583145,372.06683307886124
pessimistic,250,multistation,8,8,8,t01288-c00022,22,1288,1,0,1,True,False,satisfied,16.4233,16.8,21,1,37.998625077307224,37.998625077307224,819.8269170243293,0.015249941498041153,857.8407920431346
pessimistic,250,multistation,8,8,8,t01288-c00057,57,1288,4,0,4,True,False,satisfied,27.6809,28.0,35,1,97.34870796091855,831.573958043009,26.29849989898503,0.010417075827717781,857.8828750178218
pessimistic,250,multistation,8,8,8,t01288-c00149,149,1288,7,0,7,True,False,no_show,21.4086,0.0,0,1,26.5452079474926,857.7077919617295,0.16887509264051914,0.007874798029661179,857.8845418523997
pessimistic,250,multistation,8,8,8,t01289-c00240,240,1289,1,0,1,True,False,satisfied,22.7471,23.2,29,1,12.108208145946264,12.108208145946264,0.034624943509697914,0.011666910722851753,12.154500000178814
pessimistic,250,multistation,8,8,8,t01291-c00013,13,1291,12,0,12,True,False,cancelled_early,22.6466,0.0,0,1,51.4921669382602,572.6000000722706,0.029499875381588936,0.024541979655623436,572.6540419273078
pessimistic,250,multistation,8,8,8,t01292-c00013,13,1292,5,0,5,True,False,no_show,19.0348,0.0,0,1,19.75116692483425,263.1488339975476,0.020124949514865875,0.01708301715552807,263.186041964218
pessimistic,250,multistation,8,8,8,t01292-c00124,124,1292,4,0,4,True,False,satisfied,17.2313,17.5,25,1,65.08100009523332,208.36479193530977,54.83187502250075,0.008458038792014122,263.20512499660254
pessimistic,250,multistation,8,8,8,t01293-c00125,125,1293,3,0,3,True,False,satisfied,22.9901,23.2,29,1,75.3896669484675,192.5421671476215,78.63716594874859,0.017999904230237007,271.19733300060034
pessimistic,250,multistation,8,8,8,t01293-c00136,136,1293,5,0,5,True,False,cancelled_late,27.4672,0.0,0,1,27.209291933104396,271.1017499677837,0.12341700494289398,0.009707873687148094,271.23487484641373
pessimistic,250,multistation,8,8,8,t01295-c00163,163,1295,5,0,5,True,False,satisfied,14.1451,14.5,29,1,23.544791154563427,141.4042911492288,0.03308383747935295,0.016041100025177002,141.45341608673334
pessimistic,250,multistation,8,8,8,t01296-c00222,222,1296,5,0,5,True,False,cancelled_early,17.7233,0.0,0,1,21.347417030483484,117.85037512890995,0.03866688348352909,0.01600012183189392,117.90504213422537
pessimistic,250,multistation,8,8,8,t01297-c00136,136,1297,18,0,18,True,False,satisfied,23.8971,24.5,35,1,55.31629198230803,974.1349590476602,0.041999854147434235,0.025791116058826447,974.2027500178665
pessimistic,250,multistation,8,8,8,t01297-c00221,221,1297,2,0,2,True,False,cancelled_late,24.1444,0.0,0,1,229.3061250820756,650.3818749915808,323.8450000062585,0.0070838723331689835,974.2339588701725
pessimistic,250,multistation,8,8,8,t01297-c00222,222,1297,5,0,5,True,False,satisfied,20.4796,21.0,30,1,22.526416927576065,926.8976668827236,47.34120797365904,0.0077500008046627045,974.2466248571873
pessimistic,250,multistation,8,8,8,t01298-c00106,106,1298,4,0,4,True,False,no_show,26.437,0.0,0,1,107.73787484504282,818.5672089457512,691.2141249049455,0.021832995116710663,1509.8031668458134
pessimistic,250,multistation,8,8,8,t01298-c00191,191,1298,4,0,4,True,False,satisfied,23.2831,23.8,34,1,107.68229188397527,818.5114578809589,691.3242500741035,0.009292038157582283,1509.84499999322
pessimistic,250,multistation,8,8,8,t01298-c00202,202,1298,10,0,10,True,False,satisfied,22.9702,23.2,58,1,32.6431670691818,1509.6518339123577,0.19229110330343246,0.011167023330926895,1509.855292038992
pessimistic,250,multistation,8,8,8,t01299-c00218,218,1299,13,0,13,True,False,cancelled_late,19.5845,0.0,0,1,111.90212517976761,970.8859170787036,0.04758313298225403,0.025333836674690247,970.9588340483606
pessimistic,250,multistation,8,8,8,t01300-c00131,131,1300,3,0,3,True,False,no_show,25.3095,0.0,0,1,149.4870421011001,521.3892501778901,284.9946250207722,0.018999911844730377,806.402875110507
pessimistic,250,multistation,8,8,8,t01300-c00221,221,1300,16,0,16,True,False,cancelled_late,25.5025,0.0,0,1,34.21074990183115,806.2892088200897,0.15674997121095657,0.015666009858250618,806.4616248011589
pessimistic,250,multistation,8,8,8,t01301-c00205,205,1301,14,0,14,True,False,satisfied,18.7471,18.8,47,1,52.65445914119482,1211.7664590477943,0.04545808769762516,0.022499822080135345,1211.834416957572
pessimistic,250,multistation,8,8,8,t01301-c00218,218,1301,5,0,5,True,False,satisfied,13.7591,14.0,35,1,309.1185830999166,924.0090830717236,287.85429196432233,0.008833128958940506,1211.8722081650048
pessimistic,250,multistation,8,8,8,t01303-c00221,221,1303,4,0,4,True,False,no_show,22.3763,0.0,0,1,11.594332987442613,65.03637507557869,0.041291117668151855,0.015208963304758072,65.0928751565516
pessimistic,250,multistation,8,8,8,t01307-c00011,11,1307,1,0,1,True,False,cancelled_late,26.7062,0.0,0,1,73.4792910516262,73.4792910516262,193.4898339677602,0.013415934517979622,266.9825409539044
pessimistic,250,multistation,8,8,8,t01307-c00038,38,1307,3,0,3,True,False,no_show,23.9533,0.0,0,1,73.43058404512703,226.9478749949485,40.078958962112665,0.008750008419156075,267.0355839654803
pessimistic,250,multistation,8,8,8,t01307-c00233,233,1307,6,0,6,True,False,cancelled_early,19.5407,0.0,0,1,85.06937487982213,266.8472910299897,0.1788339577615261,0.007832888513803482,267.03395787626505
pessimistic,250,multistation,8,8,8,t01308-c00188,188,1308,4,0,4,True,False,no_show,18.8221,0.0,0,1,123.7605419009924,402.23945886828005,110.11266591958702,0.017250189557671547,512.3693749774247
pessimistic,250,multistation,8,8,8,t01308-c00233,233,1308,13,0,13,True,False,no_show,21.9744,0.0,0,1,33.10333285480738,512.2643748763949,0.13787508942186832,0.012292061001062393,512.4145420268178
pessimistic,250,multistation,8,8,8,t01311-c00153,153,1311,4,0,4,True,False,satisfied,21.8795,22.4,28,1,12.805750127881765,92.99366595223546,0.03283401019871235,0.0160830095410347,93.04258297197521
pessimistic,250,multistation,8,8,8,t01312-c00053,53,1312,6,0,6,True,False,no_show,17.2989,0.0,0,1,28.513208962976933,357.94970905408263,0.02583279274404049,0.01741712912917137,357.99295897595584
pessimistic,250,multistation,8,8,8,t01312-c00177,177,1312,3,0,3,True,False,satisfied,19.5046,18.6,31,1,86.97958313859999,295.9657080937177,62.04504193738103,0.008750008419156075,358.0195000395179
pessimistic,250,multistation,8,8,8,t01313-c00011,11,1313,2,0,2,True,False,cancelled_late,33.2093,0.0,0,1,146.81525016203523,390.47025004401803,39.250625064596534,0.01591700129210949,429.7367921099067
pessimistic,250,multistation,8,8,8,t01313-c00166,166,1313,5,0,5,True,False,no_show,22.8697,0.0,0,1,76.08991698361933,429.63383393362164,0.13391603715717793,0.009292038157582283,429.7770420089364
pessimistic,250,multistation,8,8,8,t01315-c00061,61,1315,7,0,7,True,False,no_show,19.7924,0.0,0,1,406.3362081069499,946.9711249694228,215.47216712497175,0.02045789733529091,1162.4637499917299
pessimistic,250,multistation,8,8,8,t01315-c00089,89,1315,1,0,1,True,False,no_show,21.7113,0.0,0,1,423.19483403116465,423.19483403116465,739.2979159485549,0.007292022928595543,1162.5000420026481
pessimistic,250,multistation,8,8,8,t01315-c00160,160,1315,13,0,13,True,False,cancelled_early,27.2184,0.0,0,1,38.10041700489819,1162.3211249243468,0.1732921227812767,0.011333031579852104,1162.505750078708
pessimistic,250,multistation,8,8,8,t01316-c00011,11,1316,3,0,3,True,False,cancelled_late,37.8047,0.0,0,1,178.485875017941,513.0472080782056,164.72333390265703,0.016458099707961082,677.7870000805706
pessimistic,250,multistation,8,8,8,t01316-c00160,160,1316,11,0,11,True,False,cancelled_early,22.5859,0.0,0,1,27.13850000873208,677.6854591444135,0.14166603796184063,0.013499986380338669,677.8406251687557
pessimistic,250,multistation,8,8,8,t01317-c00134,134,1317,5,0,5,True,False,cancelled_early,22.5312,0.0,0,1,139.2948750872165,598.7596670165658,208.3232922013849,0.016124919056892395,807.0990841370076
pessimistic,250,multistation,8,8,8,t01317-c00160,160,1317,12,0,12,True,False,cancelled_early,27.1687,0.0,0,1,36.084082908928394,807.0004160981625,0.14045881107449532,0.01316610723733902,807.1540410164744
pessimistic,250,multistation,8,8,8,t01318-c00036,36,1318,1,0,1,True,False,no_show,22.1866,0.0,0,1,158.43145782127976,158.43145782127976,449.1943339817226,0.016250181943178177,607.6420419849455
pessimistic,250,multistation,8,8,8,t01318-c00134,134,1318,5,0,5,True,False,cancelled_late,17.9589,0.0,0,1,77.41637504659593,446.0876251105219,161.57645895145833,0.009875046089291573,607.6739591080695
pessimistic,250,multistation,8,8,8,t01318-c00160,160,1318,11,0,11,True,False,no_show,22.8347,0.0,0,1,26.512084063142538,607.499459059909,0.18287496641278267,0.010750023648142815,607.6930840499699
pessimistic,250,multistation,8,8,8,t01319-c00011,11,1319,3,0,3,True,False,satisfied,33.8082,34.0,68,1,57.95074999332428,213.04087503813207,0.019290950149297714,0.01900014467537403,213.07916613295674
pessimistic,250,multistation,8,8,8,t01320-c00122,122,1320,5,0,5,True,False,breakdown,28.4451,0.0,0,1,338.83491693995893,1318.9874170348048,281.5770828165114,0.022249994799494743,1600.5867498461157
pessimistic,250,multistation,8,8,8,t01320-c00151,151,1320,5,0,5,True,False,satisfied,33.5658,33.6,84,1,118.90570819377899,1600.4822910763323,0.13845902867615223,0.011415919288992882,1600.6321660242975
pessimistic,250,multistation,8,8,8,t01321-c00134,134,1321,8,0,8,True,False,no_show,17.8285,0.0,0,1,20.69095801562071,244.99904201366007,0.034207943826913834,0.019625062122941017,245.05287501960993
pessimistic,250,multistation,8,8,8,t01323-c00186,186,1323,3,0,3,True,False,satisfied,15.4811,15.6,26,1,15.0907919742167,65.76220807619393,0.04187505692243576,0.03383401781320572,65.83791715092957
pessimistic,250,multistation,8,8,8,t01324-c00236,236,1324,1,0,1,True,False,satisfied,18.2775,18.4,46,1,17.119957832619548,17.119957832619548,0.03795907832682133,0.012208009138703346,17.170124920085073
pessimistic,250,multistation,8,8,8,t01325-c00234,234,1325,1,0,1,True,False,breakdown,27.258,0.0,0,1,5.890249973163009,5.890249973163009,0.023792032152414322,0.010333023965358734,5.924375029280782
pessimistic,250,multistation,8,8,8,t01327-c00009,9,1327,4,0,4,True,False,satisfied,32.4865,33.0,55,1,94.42591713741422,409.57041713409126,0.021541956812143326,0.01650000922381878,409.6084591001272
pessimistic,250,multistation,8,8,8,t01328-c00013,13,1328,4,1,3,True,False,satisfied,20.3091,20.4,34,1,1826.5180001035333,2294.058083090931,176.31616699509323,0.01754099503159523,2470.391791081056
pessimistic,250,multistation,8,8,8,t01328-c00044,44,1328,1,0,1,True,False,cancelled_early,24.7857,0.0,0,1,71.28300005570054,71.28300005570054,1215.2245419565588,0.015417113900184631,1286.5229591261595
pessimistic,250,multistation,8,8,8,t01328-c00079,79,1328,1,0,1,True,False,no_show,22.1369,0.0,0,1,555.3886250127107,555.3886250127107,731.1852499842644,0.007582828402519226,1286.5814578253776
pessimistic,250,multistation,8,8,8,t01328-c00107,107,1328,5,0,5,True,False,satisfied,26.5019,26.6,38,1,27.679332997649908,1286.3827908877283,0.189624959602952,0.009084120392799377,1286.581499967724
pessimistic,250,multistation,8,8,8,t01328-c00149,149,1328,6,0,6,True,False,satisfied,25.9305,26.6,38,1,336.5580828394741,1215.4974578879774,71.07087504118681,0.007875030860304832,1286.5762079600245
pessimistic,250,multistation,8,8,8,t01328-c00244,244,1328,4,0,4,True,False,satisfied,28.533,28.8,48,1,336.5075830370188,1092.358292080462,194.19633294455707,0.005332985892891884,1286.559958010912
pessimistic,250,multistation,8,8,8,t01329-c00044,44,1329,1,0,1,True,False,satisfied,21.2175,8.5,17,1,233.00333297811449,233.00333297811449,949.1673752199858,0.008167000487446785,1182.1788751985878
pessimistic,250,multistation,8,8,8,t01329-c00112,112,1329,4,0,4,True,False,satisfied,20.5444,20.5,41,1,337.48704101890326,862.6855409238487,319.47979191318154,0.007667113095521927,1182.1729999501258
pessimistic,250,multistation,8,8,8,t01329-c00180,180,1329,6,0,6,True,False,cancelled_late,19.6056,0.0,0,1,337.4394590500742,1061.5185839124024,120.64270814880729,0.0076249707490205765,1182.1689170319587
pessimistic,250,multistation,8,8,8,t01329-c00185,185,1329,6,0,6,True,False,no_show,20.5305,0.0,0,1,49.343042075634,1181.9039171095937,0.2692919224500656,0.007832888513803482,1182.1810419205576
pessimistic,250,multistation,8,8,8,t01330-c00043,43,1330,1,0,1,True,False,no_show,19.0795,0.0,0,1,4.04741708189249,4.04741708189249,0.009708106517791748,0.008791917935013771,4.065917106345296
pessimistic,250,multistation,8,8,8,t01332-c00180,180,1332,3,0,2,True,False,cancelled_late,20.0271,0.0,0,1,29.99291685409844,50.71333283558488,0.03358419053256512,0.014790799468755722,50.7617078255862
pessimistic,250,multistation,8,8,8,t01332-c00213,213,1332,4,1,3,True,False,cancelled_early,9.5069,0.0,0,1,128.91183304600418,202.8602499049157,21.613541059195995,0.008792150765657425,224.48258311487734
pessimistic,250,multistation,8,8,8,t01333-c00099,99,1333,5,0,5,True,False,satisfied,17.563,17.9249,26,1,39.61979108862579,172.0051250886172,0.028082868084311485,0.017625046893954277,172.05083300359547
pessimistic,250,multistation,8,8,8,t01334-c00213,213,1334,1,0,1,True,False,cancelled_early,18.9731,0.0,0,1,5.634082946926355,5.634082946926355,0.01591700129210949,0.009125098586082458,5.659125046804547
pessimistic,250,multistation,8,8,8,t01335-c00180,180,1335,3,0,2,True,False,cancelled_early,15.5926,0.0,0,1,150.067042093724,371.0337500087917,145.75387514196336,0.017999904230237007,516.8056250549853
pessimistic,250,multistation,8,8,8,t01335-c00197,197,1335,4,0,4,True,False,no_show,22.9916,0.0,0,1,109.25958305597305,251.38941616751254,265.47370897606015,0.01037493348121643,516.8735000770539
pessimistic,250,multistation,8,8,8,t01335-c00213,213,1335,1,0,1,True,False,no_show,18.6715,0.0,0,1,94.72104092128575,94.72104092128575,422.1377500798553,0.005959067493677139,516.8647500686347
pessimistic,250,multistation,8,8,8,t01335-c00220,220,1335,11,0,11,True,False,no_show,23.2585,0.0,0,1,25.799999944865704,516.6149160359055,0.23620901629328728,0.01154094934463501,516.8626660015434
pessimistic,250,multistation,8,8,8,t01336-c00180,180,1336,5,0,5,True,False,cancelled_early,21.0974,0.0,0,1,29.513917164877057,198.27029202133417,0.039291102439165115,0.01979200169444084,198.32937512546778
pessimistic,250,multistation,8,8,8,t01337-c00137,137,1337,5,0,5,True,False,no_show,24.5654,0.0,0,1,61.10716704279184,705.1816249731928,0.03441702574491501,0.020832987502217293,705.23687498644
pessimistic,250,multistation,8,8,8,t01337-c00180,180,1337,3,0,3,True,False,cancelled_late,16.8024,0.0,0,1,148.58812489546835,564.9308748543262,140.33816708251834,0.008875038474798203,705.2779169753194
pessimistic,250,multistation,8,8,8,t01337-c00248,248,1337,5,0,5,True,False,no_show,12.3639,0.0,0,1,61.00474996492267,705.0784998573363,0.20637502893805504,0.0065409112721681595,705.2914157975465
pessimistic,250,multistation,8,8,8,t01338-c00067,67,1338,3,0,3,True,False,satisfied,19.0174,19.2,24,1,131.73250015825033,527.1642911247909,117.24508390761912,0.01654098741710186,644.4259160198271
pessimistic,250,multistation,8,8,8,t01338-c00180,180,1338,3,0,3,True,False,no_show,22.3791,0.0,0,1,115.07937498390675,499.63141698390245,144.8298329487443,0.009041978046298027,644.470291910693
pessimistic,250,multistation,8,8,8,t01338-c00208,208,1338,5,0,5,True,False,satisfied,20.6591,20.8,52,1,52.5928339920938,644.2789169959724,0.18045795150101185,0.009208917617797852,644.4685838650912
pessimistic,250,multistation,8,8,8,t01338-c00221,221,1338,4,0,4,True,False,satisfied,26.3024,26.6,38,1,155.49970814026892,356.8440000526607,287.6093329396099,0.006917165592312813,644.4602501578629
pessimistic,250,multistation,8,8,8,t01339-c00146,146,1339,5,0,5,True,False,no_show,28.9461,0.0,0,1,61.222583055496216,386.49441697634757,0.03333296626806259,0.024250010028481483,386.5519999526441
pessimistic,250,multistation,8,8,8,t01341-c00038,38,1341,4,0,4,True,False,satisfied,22.0313,22.4,28,1,30.703334137797356,121.5183341410011,71.68024987913668,0.015666009858250618,193.21425002999604
pessimistic,250,multistation,8,8,8,t01341-c00131,131,1341,3,0,3,True,False,cancelled_late,22.1974,0.0,0,1,23.988958215340972,193.11775011010468,0.12537511065602303,0.008207978680729866,193.25133319944143
pessimistic,250,multistation,8,8,8,t01344-c00143,143,1344,1,0,1,True,False,satisfied,23.8498,6.6,11,1,4.646499874070287,4.646499874070287,365.8610840793699,0.018999911844730377,370.5265838652849
pessimistic,250,multistation,8,8,8,t01344-c00188,188,1344,3,0,3,True,False,no_show,23.586,0.0,0,1,98.09116693213582,370.4246669076383,0.1435831654816866,0.009791925549507141,370.5780419986695
pessimistic,250,multistation,8,8,8,t01344-c00190,190,1344,5,0,5,True,False,satisfied,19.4236,19.5,39,1,98.05029211565852,370.38412503898144,0.18616695888340473,0.0076249707490205765,370.57791696861386
pessimistic,250,multistation,8,8,8,t01345-c00045,45,1345,1,0,1,True,False,cancelled_late,24.6064,0.0,0,1,44.463499914854765,44.463499914854765,0.019582919776439667,0.01354212872684002,44.496624963358045
pessimistic,250,multistation,8,8,8,t01346-c00233,233,1346,4,0,4,True,False,cancelled_late,29.9076,0.0,0,1,64.26795804873109,177.4300830438733,0.0389590859413147,0.017790822312235832,177.48683295212686
pessimistic,250,multistation,8,8,8,t01347-c00096,96,1347,3,0,3,True,False,no_show,18.3357,0.0,0,1,1194.0290411002934,2762.5820410903543,0.031499890610575676,0.023209024220705032,2762.6367500051856
pessimistic,250,multistation,8,8,8,t01347-c00097,97,1347,1,0,1,True,False,cancelled_late,21.3728,0.0,0,1,159.1878328472376,159.1878328472376,2603.484667139128,0.007458031177520752,2762.679958017543
pessimistic,250,multistation,8,8,8,t01347-c00106,106,1347,3,0,3,True,False,satisfied,25.8319,24.6,41,1,1193.9418339170516,2762.4947919975966,0.1962499227374792,0.006207963451743126,2762.697249883786
pessimistic,250,multistation,8,8,8,t01347-c00131,131,1347,2,1,2,True,False,cancelled_late,26.5776,0.0,0,1,3202.7229168452322,3503.5075419582427,274.9053330626339,0.005582813173532486,3778.41845783405
pessimistic,250,multistation,8,8,8,t01347-c00135,135,1347,5,0,5,True,False,no_show,13.3024,0.0,0,1,146.0881670936942,2762.412500102073,0.23087509907782078,0.006082933396100998,2762.649458134547
pessimistic,250,multistation,8,8,8,t01347-c00233,233,1347,5,0,5,True,False,satisfied,28.5361,28.8,36,1,146.0401660297066,2762.364458059892,0.267416937276721,0.00558304600417614,2762.637458043173
pessimistic,250,multistation,8,8,8,t01348-c00058,58,1348,6,0,6,True,False,no_show,18.8708,0.0,0,1,110.95595778897405,739.3534579314291,274.75787489674985,0.017208047211170197,1014.1285408753902
pessimistic,250,multistation,8,8,8,t01348-c00126,126,1348,16,0,16,True,False,no_show,24.5874,0.0,0,1,30.73104191571474,1014.0274588484317,0.13087503612041473,0.015666009858250618,1014.1739998944104
pessimistic,250,multistation,8,8,8,t01349-c00131,131,1349,3,0,3,True,False,breakdown,30.6722,0.0,0,1,39.320750162005424,161.13150003366172,0.03233412280678749,0.01933285966515541,161.18316701613367
pessimistic,250,multistation,8,8,8,t01350-c00111,111,1350,2,0,1,True,False,no_show,14.2748,0.0,0,1,16.20733388699591,16.20733388699591,0.016832957044243813,0.012499978765845299,16.236666822806
pessimistic,250,multistation,8,8,8,t01352-c00045,45,1352,1,0,1,True,False,cancelled_early,25.4686,0.0,0,1,92.95529103837907,92.95529103837907,351.3273748103529,0.01491699367761612,444.2975828424096
pessimistic,250,multistation,8,8,8,t01352-c00134,134,1352,8,0,8,True,False,cancelled_early,25.5535,0.0,0,1,43.95762481726706,444.2090829834342,0.13958290219306946,0.011750031262636185,444.3604159168899
pessimistic,250,multistation,8,8,8,t01353-c00045,45,1353,1,0,1,True,False,satisfied,22.7769,10.0,25,1,68.2893751654774,68.2893751654774,326.9001659937203,0.01237494871020317,395.2019161079079
pessimistic,250,multistation,8,8,8,t01353-c00132,132,1353,3,0,3,True,False,cancelled_early,27.3566,0.0,0,1,111.80916614830494,311.35583319701254,83.86633289046586,0.008458970114588737,395.230625057593
pessimistic,250,multistation,8,8,8,t01353-c00134,134,1353,5,0,5,True,False,cancelled_late,24.7691,0.0,0,1,39.99145817942917,395.07420803420246,0.15845801681280136,0.008250121027231216,395.2409161720425
pessimistic,250,multistation,8,8,8,t01354-c00132,132,1354,1,0,1,True,False,satisfied,27.5547,27.6,46,1,325.18983306363225,325.18983306363225,990.2126670349389,0.015083001926541328,1315.4175831004977
pessimistic,250,multistation,8,8,8,t01354-c00134,134,1354,5,0,5,True,False,cancelled_early,25.0681,0.0,0,1,68.18704190663993,1315.3283749707043,0.11816690675914288,0.009624985978007317,1315.4561668634415
pessimistic,250,multistation,8,8,8,t01354-c00142,142,1354,7,0,7,True,False,satisfied,26.2633,26.4,66,1,209.12762498483062,1177.3257500026375,138.136041816324,0.008667120710015297,1315.4704589396715
pessimistic,250,multistation,8,8,8,t01354-c00167,167,1354,6,0,6,True,False,satisfied,19.9204,20.0,25,1,68.10366688296199,1315.2448330074549,0.2102090511471033,0.00595790334045887,1315.4609999619424
pessimistic,250,multistation,8,8,8,t01355-c00074,74,1355,5,0,5,True,False,cancelled_early,16.9385,0.0,0,1,394.73574981093407,1288.1161668337882,88.1420411169529,0.01633400097489357,1376.274541951716
pessimistic,250,multistation,8,8,8,t01355-c00093,93,1355,4,0,4,True,False,satisfied,31.5585,30.4,76,1,530.2492501214147,1171.3993749581277,204.92037502117455,0.008125090971589088,1376.3278750702739
pessimistic,250,multistation,8,8,8,t01355-c00134,134,1355,7,0,7,True,False,satisfied,25.3885,25.8,43,1,43.104249984025955,1376.1397080961615,0.1784579362720251,0.007417052984237671,1376.3255830854177
pessimistic,250,multistation,8,8,8,t01356-c00074,74,1356,13,0,13,True,False,satisfied,23.2303,22.2,37,1,94.8779999744147,1428.3197089098394,50.312249921262264,0.02437504008412361,1478.6563338711858
pessimistic,250,multistation,8,8,8,t01356-c00089,89,1356,18,0,18,True,False,cancelled_late,21.3064,0.0,0,1,34.30095920339227,1478.5482920706272,0.1498749479651451,0.016208039596676826,1478.714375058189
pessimistic,250,multistation,8,8,8,t01357-c00053,53,1357,4,0,4,True,False,no_show,23.8418,0.0,0,1,62.82254192046821,943.0399998091161,0.027125002816319466,0.019042054191231728,943.0861668661237
pessimistic,250,multistation,8,8,8,t01357-c00225,225,1357,5,0,5,True,False,no_show,18.3163,0.0,0,1,62.72924994118512,942.9472079500556,0.13125012628734112,0.008249888196587563,943.0867079645395
pessimistic,250,multistation,8,8,8,t01359-c00018,18,1359,3,0,3,True,False,satisfied,20.4426,20.0,40,1,296.7249169014394,763.3151249028742,289.69737491570413,0.016417121514678,1053.028916940093
pessimistic,250,multistation,8,8,8,t01359-c00160,160,1359,5,0,5,True,False,cancelled_early,33.0144,0.0,0,1,134.72704216837883,1052.931958111003,0.12449990026652813,0.009250128641724586,1053.0657081399113
pessimistic,250,multistation,8,8,8,t01359-c00164,164,1359,5,0,5,True,False,cancelled_late,22.2662,0.0,0,1,134.68416687101126,1052.8893340379,0.17820787616074085,0.006207963451743126,1053.0737498775125
pessimistic,250,multistation,8,8,8,t01360-c00127,127,1360,1,0,1,True,False,satisfied,18.6451,4.5,9,1,128.23437503539026,128.23437503539026,475.63612507656217,0.013874843716621399,603.884374955669
pessimistic,250,multistation,8,8,8,t01360-c00160,160,1360,6,0,6,True,False,no_show,34.1478,0.0,0,1,56.659374851733446,603.7865418475121,0.12091617099940777,0.010499963536858559,603.9179579820484
pessimistic,250,multistation,8,8,8,t01360-c00164,164,1360,5,0,5,True,False,satisfied,13.8993,14.0,28,1,56.61879200488329,603.7460421212018,0.16016699373722076,0.006458023563027382,603.912667138502
pessimistic,250,multistation,8,8,8,t01362-c00082,82,1362,15,0,15,True,False,no_show,23.7848,0.0,0,1,54.97141694650054,2798.862833995372,0.034499913454055786,0.02158316783607006,2798.918917076662
pessimistic,250,multistation,8,8,8,t01362-c00089,89,1362,14,0,14,True,False,cancelled_late,28.0639,0.0,0,1,197.7492910809815,2798.815415939316,0.13154209591448307,0.010875053703784943,2798.9578330889344
pessimistic,250,multistation,8,8,8,t01364-c00061,61,1364,1,0,1,True,False,satisfied,22.8736,8.5,17,1,6.155167007818818,6.155167007818818,0.011249911040067673,0.008916016668081284,6.175332935526967
pessimistic,250,multistation,8,8,8,t01365-c00051,51,1365,5,0,4,True,False,cancelled_late,11.779,0.0,0,1,10.317916981875896,353.7946669384837,0.02054101787507534,0.015208963304758072,353.83041691966355
pessimistic,250,multistation,8,8,8,t01365-c00166,166,1365,6,0,6,True,False,cancelled_late,22.4663,0.0,0,1,26.713375002145767,326.7379589378834,27.142582926899195,0.010792165994644165,353.8913340307772
pessimistic,250,multistation,8,8,8,t01367-c00036,36,1367,1,0,1,True,False,cancelled_late,16.4123,0.0,0,1,3.286333056166768,3.286333056166768,0.00700005330145359,0.007458031177520752,3.3007911406457424
pessimistic,250,multistation,8,8,8,t01368-c00056,56,1368,4,1,3,True,False,cancelled_early,16.3181,0.0,0,1,1158.3380000665784,1581.3017501495779,243.97125001996756,0.007707858458161354,1825.2807080280036
pessimistic,250,multistation,8,8,8,t01368-c00089,89,1368,14,0,14,True,False,no_show,24.9572,0.0,0,1,63.68837505578995,1089.7291249129921,0.04554213955998421,0.021540792658925056,1089.796207845211
pessimistic,250,multistation,8,8,8,t01368-c00152,152,1368,6,0,6,True,False,cancelled_late,20.4874,0.0,0,1,21.046832902356982,1028.234832920134,61.58441700972617,0.009458046406507492,1089.8287079762667
pessimistic,250,multistation,8,8,8,t01368-c00178,178,1368,3,0,3,True,False,no_show,28.3789,0.0,0,1,268.71604193001986,878.503292100504,211.33162500336766,0.006332993507385254,1089.841250097379
pessimistic,250,multistation,8,8,8,t01369-c00051,51,1369,10,0,10,True,False,no_show,21.3863,0.0,0,1,25.41083307005465,733.7237501051277,0.028207898139953613,0.020124949514865875,733.7720829527825
pessimistic,250,multistation,8,8,8,t01369-c00152,152,1369,2,0,2,True,False,cancelled_late,25.336,0.0,0,1,154.08929181285203,532.6388338580728,201.1778331361711,0.006749993190169334,733.823416987434
pessimistic,250,multistation,8,8,8,t01369-c00166,166,1369,3,0,3,True,False,cancelled_late,29.6378,0.0,0,1,46.92770796827972,489.7422499489039,244.07325009815395,0.005499925464391708,733.8209999725223
pessimistic,250,multistation,8,8,8,t01369-c00171,171,1369,3,0,2,True,False,cancelled_late,26.1902,0.0,0,1,66.73891609534621,489.70325011759996,244.10466593690217,0.004749977961182594,733.8126660324633
pessimistic,250,multistation,8,8,8,t01370-c00056,56,1370,1,0,1,True,False,satisfied,14.6712,7.7,11,1,4.573500016704202,4.573500016704202,0.01058308407664299,0.00837491825222969,4.592458019033074
pessimistic,250,multistation,8,8,8,t01371-c00076,76,1371,6,0,6,True,False,no_show,22.3404,0.0,0,1,15.823542140424252,981.5664170309901,62.285666121169925,0.017208978533744812,1043.8692921306938
pessimistic,250,multistation,8,8,8,t01371-c00166,166,1371,12,0,12,True,False,satisfied,25.0262,25.2,42,1,105.93979200348258,1043.7711670529097,0.12987502850592136,0.012042000889778137,1043.9130840823054
pessimistic,250,multistation,8,8,8,t01371-c00201,201,1371,4,0,4,True,False,satisfied,17.1942,17.4,29,1,124.4274580385536,593.5567079577595,450.3479590639472,0.006749993190169334,1043.9114170148969
pessimistic,250,multistation,8,8,8,t01371-c00210,210,1371,4,1,4,True,False,satisfied,21.8842,21.7,31,1,1052.8083748649806,1177.769540809095,0.13654213398694992,0.007207971066236496,1177.913290914148
pessimistic,250,multistation,8,8,8,t01372-c00097,97,1372,2,0,2,True,False,cancelled_late,12.046,0.0,0,1,7.393208099529147,132.3542499449104,0.02654106356203556,0.01291697844862938,132.39370798692107
pessimistic,250,multistation,8,8,8,t01373-c00097,97,1373,2,0,2,True,False,cancelled_early,15.7403,0.0,0,1,8.237167028710246,322.0179171767086,34.79224978946149,0.014042016118764877,356.82420898228884
pessimistic,250,multistation,8,8,8,t01373-c00193,193,1373,4,0,4,True,False,cancelled_early,24.159,0.0,0,1,47.578458208590746,199.5320830028504,157.3355000000447,0.009500188753008842,356.8770831916481
pessimistic,250,multistation,8,8,8,t01373-c00214,214,1373,5,0,5,True,False,cancelled_early,13.8432,0.0,0,1,34.98741704970598,356.68550012633204,0.18645799718797207,0.007292022928595543,356.8792501464486
pessimistic,250,multistation,8,8,8,t01374-c00094,94,1374,18,0,18,True,False,satisfied,22.3577,22.0,44,1,65.1735421270132,1873.0552080087364,0.03433413803577423,0.02087489701807499,1873.1104170437902
pessimistic,250,multistation,8,8,8,t01374-c00097,97,1374,1,0,1,True,False,no_show,16.332,0.0,0,1,310.66033407114446,310.66033407114446,1562.465500086546,0.006875023245811462,1873.1327091809362
pessimistic,250,multistation,8,8,8,t01374-c00135,135,1374,4,0,4,True,False,satisfied,15.1797,15.4,22,1,350.55974987335503,1102.4272500071675,770.693332888186,0.006709014996886253,1873.1272919103503
pessimistic,250,multistation,8,8,8,t01374-c00193,193,1374,4,0,4,True,False,satisfied,26.7036,27.3,39,1,350.51804105751216,1102.3854159284383,770.7292090635747,0.005707843229174614,1873.1203328352422
pessimistic,250,multistation,8,8,8,t01374-c00203,203,1374,7,0,7,True,False,no_show,17.5363,0.0,0,1,18.849791958928108,1803.802208043635,69.30362503044307,0.007709022611379623,1873.1135420966893
pessimistic,250,multistation,8,8,8,t01374-c00214,214,1374,3,0,3,True,False,cancelled_early,10.2685,0.0,0,1,327.07479200325906,1399.0522499661893,474.04274996370077,0.005542067810893059,1873.100541997701
pessimistic,250,multistation,8,8,8,t01374-c00248,248,1374,1,0,1,True,False,satisfied,20.8075,10.5,21,1,310.4569581337273,310.4569581337273,1562.6362499315292,0.004166970029473305,1873.097375035286
pessimistic,250,multistation,8,8,8,t01375-c00152,152,1375,22,0,22,True,False,cancelled_late,17.8472,0.0,0,1,63.0883330013603,1341.9126661028713,0.048416899517178535,0.025292159989476204,1341.986375162378
pessimistic,250,multistation,8,8,8,t01375-c00214,214,1375,6,0,6,True,False,cancelled_late,16.9438,0.0,0,1,39.53962493687868,1307.7138329390436,34.31787504814565,0.010167015716433525,1342.0418750029057
pessimistic,250,multistation,8,8,8,t01375-c00229,229,1375,4,0,4,True,False,no_show,22.8181,0.0,0,1,270.8444169256836,838.0575838964432,503.98116605356336,0.006499933078885078,1342.0452498830855
pessimistic,250,multistation,8,8,8,t01376-c00111,111,1376,3,0,3,True,False,no_show,15.6442,0.0,0,1,20.700957858935,149.51695781201124,0.02808310091495514,0.015750061720609665,149.5607909746468
pessimistic,250,multistation,8,8,8,t01376-c00182,182,1376,4,0,4,True,False,cancelled_early,25.7486,0.0,0,1,5.8395410887897015,129.14908304810524,20.429041935130954,0.008875038474798203,149.587000021711
pessimistic,250,multistation,8,8,8,t01377-c00063,63,1377,4,0,4,True,False,cancelled_early,12.6806,0.0,0,1,21.472332999110222,161.06025013141334,0.02291705459356308,0.01491582952439785,161.0980830155313
pessimistic,250,multistation,8,8,8,t01377-c00182,182,1377,3,0,3,True,False,cancelled_late,27.1867,0.0,0,1,4.422125173732638,143.55929102748632,17.57533405907452,0.0076659489423036575,161.14229103550315
pessimistic,250,multistation,8,8,8,t01378-c00063,63,1378,4,0,4,True,False,satisfied,15.2277,15.5,31,1,334.2588748782873,740.4077909886837,51.282166969031096,0.017208047211170197,791.707166004926
pessimistic,250,multistation,8,8,8,t01378-c00220,220,1378,7,0,7,True,False,satisfied,29.7487,29.6,37,1,35.07462493143976,791.6002089623362,0.13808300718665123,0.009082956239581108,791.7473749257624
pessimistic,250,multistation,8,8,8,t01379-c00032,32,1379,5,0,5,True,False,satisfied,24.334,24.5,35,1,35.847249906510115,269.5072079077363,0.021666986867785454,0.019582919776439667,269.5484578143805
pessimistic,250,multistation,8,8,8,t01379-c00171,171,1379,1,0,1,True,False,satisfied,25.1946,22.4,28,1,79.34441696852446,79.34441696852446,190.22350013256073,0.006624963134527206,269.5745420642197
pessimistic,250,multistation,8,8,8,t01379-c00182,182,1379,4,0,3,True,False,no_show,20.675,0.0,0,1,89.25441699102521,237.41175001487136,32.14829205535352,0.0063749030232429504,269.5664169732481
pessimistic,250,multistation,8,8,8,t01379-c00197,197,1379,2,0,2,True,False,cancelled_late,29.506,0.0,0,1,7.712582824751735,237.37195786088705,32.17575000599027,0.005166977643966675,269.5528748445213
pessimistic,250,multistation,8,8,8,t01380-c00152,152,1380,8,0,8,True,False,no_show,25.4805,0.0,0,1,13.828541850671172,425.5930418148637,0.035750214010477066,0.018082791939377785,425.64687482081354
pessimistic,250,multistation,8,8,8,t01381-c00024,24,1381,8,0,8,True,False,no_show,33.0752,0.0,0,1,10.48195781186223,467.8038328420371,0.022875145077705383,0.01708301715552807,467.8437910042703
pessimistic,250,multistation,8,8,8,t01382-c00043,43,1382,6,0,6,True,False,no_show,21.743,0.0,0,1,157.49229211360216,901.7381251323968,443.7118750065565,0.017999904230237007,1345.4680000431836
pessimistic,250,multistation,8,8,8,t01382-c00071,71,1382,10,0,10,True,False,no_show,18.3141,0.0,0,1,45.85708398371935,1345.372708979994,0.12445799075067043,0.01158309169113636,1345.5087500624359
pessimistic,250,multistation,8,8,8,t01382-c00144,144,1382,8,0,8,True,False,no_show,21.8134,0.0,0,1,45.80629081465304,1345.3219158109277,0.17079198732972145,0.006792135536670685,1345.4994999337941
pessimistic,250,multistation,8,8,8,t01382-c00197,197,1382,1,0,1,True,False,satisfied,31.8632,13.3,19,1,164.38345820643008,164.38345820643008,1181.0948338825256,0.00500003807246685,1345.483292127028
pessimistic,250,multistation,8,8,8,t01382-c00214,214,1382,6,0,6,True,False,satisfied,13.8888,14.0,35,1,126.28516694530845,1102.5581250432879,242.91341681964695,0.006291083991527557,1345.4778329469264
pessimistic,250,multistation,8,8,8,t01384-c00188,188,1384,3,0,3,True,False,satisfied,19.0568,19.6,28,1,64.91791596636176,202.0473328884691,59.916292084380984,0.018999911844730377,261.9826248846948
pessimistic,250,multistation,8,8,8,t01384-c00228,228,1384,5,0,5,True,False,no_show,27.2442,0.0,0,1,24.360665818676353,261.8758329190314,0.14316709712147713,0.00937492586672306,262.0283749420196
pessimistic,250,multistation,8,8,8,t01385-c00058,58,1385,5,0,5,True,False,satisfied,23.491,24.0,40,1,92.18987519852817,892.1405831351876,0.02408307045698166,0.01637497916817665,892.1810411848128
pessimistic,250,multistation,8,8,8,t01385-c00079,79,1385,1,0,1,True,False,no_show,30.2567,0.0,0,1,152.49558305367827,152.49558305367827,739.7132080513984,0.006709014996886253,892.2155001200736
pessimistic,250,multistation,8,8,8,t01385-c00092,92,1385,5,0,5,True,False,no_show,21.0911,0.0,0,1,92.09987497888505,892.0507919974625,0.1517909113317728,0.006667105481028557,892.2092500142753
pessimistic,250,multistation,8,8,8,t01386-c00055,55,1386,4,0,4,True,False,cancelled_late,27.1081,0.0,0,1,27.30645891278982,191.3904999382794,0.02450007013976574,0.015083933249115944,191.43008394166827
pessimistic,250,multistation,8,8,8,t01386-c00137,137,1386,1,0,1,True,False,satisfied,25.8986,7.2,12,1,5.238084122538567,5.238084122538567,186.22879101894796,0.006834045052528381,191.47370918653905
pessimistic,250,multistation,8,8,8,t01387-c00030,30,1387,4,0,4,True,False,satisfied,20.7671,20.8,26,1,50.422915956005454,305.1632500719279,195.41666586883366,0.015875091776251793,500.5957910325378
pessimistic,250,multistation,8,8,8,t01387-c00096,96,1387,6,0,6,True,False,satisfied,23.303,23.4,39,1,50.36808387376368,500.5021670367569,0.11470797471702099,0.00837491825222969,500.6252499297261
pessimistic,250,multistation,8,8,8,t01387-c00126,126,1387,3,0,3,True,False,cancelled_late,32.4759,0.0,0,1,39.36454188078642,426.44879198633134,74.1645828820765,0.006292015314102173,500.61966688372195
pessimistic,250,multistation,8,8,8,t01389-c00157,157,1389,3,0,3,True,False,satisfied,12.7009,13.3,19,1,90.65945819020271,333.02804199047387,302.9740829952061,0.016833189874887466,636.0189581755549
pessimistic,250,multistation,8,8,8,t01389-c00180,180,1389,11,0,11,True,False,no_show,28.2923,0.0,0,1,39.80350005440414,635.9207502100617,0.13229181058704853,0.011916039511561394,636.0649580601603
pessimistic,250,multistation,8,8,8,t01390-c00055,55,1390,7,0,7,True,False,satisfied,26.0641,26.4,44,1,72.0327920280397,526.2614579405636,199.21520887874067,0.022833002731204033,725.4994998220354
pessimistic,250,multistation,8,8,8,t01390-c00126,126,1390,10,0,10,True,False,cancelled_late,32.9306,0.0,0,1,24.06595810316503,725.390583043918,0.1544589176774025,0.013791024684906006,725.5588329862803
pessimistic,250,multistation,8,8,8,t01390-c00185,185,1390,1,0,1,True,False,no_show,23.2726,0.0,0,1,75.97883301787078,75.97883301787078,649.5826251339167,0.006666872650384903,725.5681250244379
pessimistic,250,multistation,8,8,8,t01391-c00133,133,1391,4,0,4,True,False,no_show,22.065,0.0,0,1,7.67812505364418,74.19187505729496,0.03141607157886028,0.016625039279460907,74.23991616815329
pessimistic,250,multistation,8,8,8,t01392-c00204,204,1392,5,0,5,True,False,no_show,17.3295,0.0,0,1,10.247666854411364,68.7593340408057,0.03933301195502281,0.016624806448817253,68.81529185920954
pessimistic,250,multistation,8,8,8,t01393-c00036,36,1393,6,0,6,True,False,no_show,20.8493,0.0,0,1,24.62779195047915,192.51695787534118,0.02391706220805645,0.01829187385737896,192.5591668114066
pessimistic,250,multistation,8,8,8,t01395-c00126,126,1395,10,0,10,True,False,cancelled_late,26.3625,0.0,0,1,21.936082979664207,329.8183330334723,0.03433390520513058,0.02233288250863552,329.87499982118607
pessimistic,250,multistation,8,8,8,t01397-c00117,117,1397,2,0,2,True,False,cancelled_early,16.8412,0.0,0,1,4.684375133365393,14.857875183224678,0.022707972675561905,0.01233397051692009,14.89291712641716
pessimistic,250,multistation,8,8,8,t01397-c00213,213,1397,1,0,1,True,False,satisfied,23.3796,2.8,7,1,4.62412484921515,4.62412484921515,10.289708152413368,0.006083864718675613,14.919916866347194
pessimistic,250,multistation,8,8,8,t01398-c00117,117,1398,7,0,7,True,False,satisfied,18.2833,18.6,31,1,15.628207940608263,203.65724992007017,0.032167183235287666,0.020207837224006653,203.70962494052947
pessimistic,250,multistation,8,8,8,t01398-c00172,172,1398,1,0,1,True,False,satisfied,24.3675,4.0,5,1,18.218541983515024,18.218541983515024,185.52812514826655,0.008041970431804657,203.75470910221338
pessimistic,250,multistation,8,8,8,t01399-c00108,108,1399,4,0,4,True,False,cancelled_late,16.8907,0.0,0,1,23.49475002847612,175.42245890945196,0.03179116174578667,0.01633400097489357,175.47058407217264
pessimistic,250,multistation,8,8,8,t01399-c00146,146,1399,4,0,4,True,False,satisfied,26.6469,17.5,35,1,23.442457895725965,175.37037492729723,0.14983303844928741,0.0077500008046627045,175.52795796655118
pessimistic,250,multistation,8,8,8,t01400-c00126,126,1400,10,0,10,True,False,satisfied,28.6421,26.6,38,1,23.074791068211198,354.3647909536958,0.03754207864403725,0.024750130251049995,354.42708316259086
pessimistic,250,multistation,8,8,8,t01401-c00021,21,1401,3,0,3,True,False,satisfied,15.8497,14.0,35,1,178.73558402061462,499.69462491571903,205.11191710829735,0.016416888684034348,704.8229589127004
pessimistic,250,multistation,8,8,8,t01401-c00042,42,1401,14,0,14,True,False,satisfied,27.0924,16.0,32,1,23.424666840583086,704.7369999345392,0.13124989345669746,0.015042023733258247,704.8832918517292
pessimistic,250,multistation,8,8,8,t01401-c00148,148,1401,5,0,5,True,False,satisfied,24.9121,24.8,31,1,77.12570787407458,581.9669580087066,122.90458288043737,0.0073339324444532394,704.8788748215884
pessimistic,250,multistation,8,8,8,t01401-c00206,206,1401,3,0,3,True,False,cancelled_late,18.4138,0.0,0,1,248.28908313065767,581.9225830491632,122.93999991379678,0.005458947271108627,704.8680419102311
pessimistic,250,multistation,8,8,8,t01403-c00076,76,1403,3,0,3,True,False,satisfied,27.0304,27.2,34,1,15.551666961982846,149.2558338213712,0.023916130885481834,0.015124911442399025,149.29487486369908
pessimistic,250,multistation,8,8,8,t01403-c00108,108,1403,4,0,4,True,False,no_show,23.8052,0.0,0,1,27.137833880260587,89.94304202497005,59.381666826084256,0.00900006853044033,149.33370891958475
pessimistic,250,multistation,8,8,8,t01404-c00084,84,1404,3,0,3,True,False,cancelled_late,18.5556,0.0,0,1,16.032541869208217,69.17691696435213,0.02374988980591297,0.014208024367690086,69.21487487852573
pessimistic,250,multistation,8,8,8,t01405-c00015,15,1405,3,0,3,True,False,cancelled_late,29.1353,0.0,0,1,78.97191704250872,225.18866695463657,0.02079200930893421,0.016791047528386116,225.2262500114739
pessimistic,250,multistation,8,8,8,t01405-c00206,206,1405,3,0,3,True,False,cancelled_late,17.0247,0.0,0,1,78.90616706572473,225.12245899997652,0.1481659710407257,0.007791910320520401,225.27841688133776
pessimistic,250,multistation,8,8,8,t01405-c00229,229,1405,3,0,3,True,False,no_show,22.4414,0.0,0,1,78.8648328743875,225.08125007152557,0.1930419821292162,0.005499925464391708,225.27979197911918
pessimistic,250,multistation,8,8,8,t01406-c00026,26,1406,5,0,5,True,False,no_show,19.8855,0.0,0,1,22.674083011224866,81.68641687370837,0.020124949514865875,0.01800013706088066,81.72454196028411
pessimistic,250,multistation,8,8,8,t01407-c00015,15,1407,4,0,4,True,False,cancelled_late,21.0053,0.0,0,1,92.67525002360344,287.9120418801904,47.67800006084144,0.01570815220475197,335.60575009323657
pessimistic,250,multistation,8,8,8,t01407-c00027,27,1407,8,0,8,True,False,no_show,19.9677,0.0,0,1,15.597666148096323,335.52229101769626,0.12845895253121853,0.010958174243569374,335.66170814447105
pessimistic,250,multistation,8,8,8,t01407-c00084,84,1407,4,0,4,True,False,cancelled_late,24.3886,0.0,0,1,92.57987514138222,287.8152502235025,47.830333933234215,0.005915993824601173,335.65150015056133
pessimistic,250,multistation,8,8,8,t01407-c00225,225,1407,4,0,4,True,False,cancelled_late,29.3589,0.0,0,1,133.6663339752704,208.6150839459151,127.02112505212426,0.006458023563027382,335.6426670216024
pessimistic,250,multistation,8,8,8,t01410-c00071,71,1410,3,0,3,True,False,cancelled_early,23.9867,0.0,0,1,10.066708084195852,24.698041146621108,0.0177919864654541,0.013292068615555763,24.729125201702118
pessimistic,250,multistation,8,8,8,t01411-c00007,7,1411,6,0,6,True,False,cancelled_early,29.4682,0.0,0,1,34.15787499397993,235.37895805202425,45.59904197230935,0.01654215157032013,280.9945421759039
pessimistic,250,multistation,8,8,8,t01411-c00053,53,1411,3,0,3,True,False,cancelled_late,28.5979,0.0,0,1,27.54962514154613,197.02225015498698,84.01341689750552,0.008207978680729866,281.04387503117323
pessimistic,250,multistation,8,8,8,t01411-c00071,71,1411,5,0,5,True,False,cancelled_late,26.1299,0.0,0,1,7.163583068177104,280.86258308030665,0.17704186029732227,0.007417052984237671,281.0470419935882
pessimistic,250,multistation,8,8,8,t01411-c00206,206,1411,11,0,11,True,False,no_show,10.7141,0.0,0,1,17.548542004078627,262.9737500101328,18.064749892801046,0.0086252111941576,281.047125114128
pessimistic,250,multistation,8,8,8,t01412-c00007,7,1412,6,0,6,True,False,no_show,28.0282,0.0,0,1,230.03270896151662,672.09054203704,45.97558290697634,0.018958933651447296,718.0850838776678
pessimistic,250,multistation,8,8,8,t01412-c00084,84,1412,3,0,3,True,False,cancelled_late,17.1316,0.0,0,1,198.1623750180006,642.3667499329895,75.7571670692414,0.009333016350865364,718.1332500185817
pessimistic,250,multistation,8,8,8,t01412-c00111,111,1412,2,0,2,True,False,no_show,23.0052,0.0,0,1,261.7906660307199,599.2493331432343,118.89666691422462,0.006749993190169334,718.152750050649
pessimistic,250,multistation,8,8,8,t01412-c00160,160,1412,10,0,10,True,False,satisfied,31.8426,14.7,21,1,70.14641701243818,694.6778749115765,23.467167047783732,0.009125098586082458,718.1541670579463
pessimistic,250,multistation,8,8,8,t01412-c00225,225,1412,14,0,14,True,False,cancelled_late,23.519,0.0,0,1,16.360666835680604,717.8601250052452,0.28687482699751854,0.009750016033649445,718.1567498482764
pessimistic,250,multistation,8,8,8,t01413-c00015,15,1413,3,0,2,True,False,cancelled_early,27.7244,0.0,0,1,38.80645916797221,44.60195917636156,0.01454097218811512,0.01091696321964264,44.62741711176932
pessimistic,250,multistation,8,8,8,t01413-c00084,84,1413,4,1,3,True,False,cancelled_late,17.2682,0.0,0,1,77.85762497223914,125.09512505494058,6.163917016237974,0.014165882021188736,131.27320795319974
pessimistic,250,multistation,8,8,8,t01413-c00203,203,1413,4,1,3,True,False,no_show,31.3607,0.0,0,1,77.80279102735221,125.03958283923566,6.30508316680789,0.005166977643966675,131.34983298368752
pessimistic,250,multistation,8,8,8,t01413-c00225,225,1413,4,0,4,True,False,no_show,26.7516,0.0,0,1,9.861542144790292,32.28854201734066,12.292583007365465,0.008417060598731041,44.589542085304856
pessimistic,250,multistation,8,8,8,t01414-c00015,15,1414,4,1,3,True,False,cancelled_early,22.1323,0.0,0,1,130.81108313053846,193.63075005821884,25.72400006465614,0.007457798346877098,219.36220792122185
pessimistic,250,multistation,8,8,8,t01414-c00165,165,1414,5,0,5,True,False,satisfied,20.1863,9.8,14,1,7.584999781101942,84.9893749691546,0.13691699132323265,0.009333016350865364,85.1356249768287
pessimistic,250,multistation,8,8,8,t01415-c00006,6,1415,5,0,5,True,False,satisfied,18.3637,11.0,22,1,23.95583293400705,114.62645791471004,17.91641698218882,0.016167061403393745,132.55904195830226
pessimistic,250,multistation,8,8,8,t01415-c00184,184,1415,5,0,5,True,False,cancelled_late,25.5699,0.0,0,1,7.457125000655651,132.42725003510714,0.16616703942418098,0.008165836334228516,132.60158291086555
pessimistic,250,multistation,8,8,8,t01415-c00211,211,1415,4,1,3,True,False,cancelled_early,21.9469,0.0,0,1,150.50954092293978,172.7692079730332,0.13162498362362385,0.006666872650384903,172.9074998293072
pessimistic,250,multistation,8,8,8,t01416-c00015,15,1416,4,1,3,True,False,no_show,27.6149,0.0,0,1,75.57587511837482,170.2344580553472,42.359250131994486,0.016541918739676476,212.61025010608137
pessimistic,250,multistation,8,8,8,t01416-c00123,123,1416,4,0,4,True,False,cancelled_early,22.1099,0.0,0,1,6.704540923237801,31.745041022077203,7.00737489387393,0.014375196769833565,38.766791112720966
pessimistic,250,multistation,8,8,8,t01417-c00051,51,1417,7,0,6,True,False,satisfied,25.3239,12.0,20,1,79.48070880956948,172.09545895457268,0.12512505054473877,0.009874813258647919,172.23045881837606
pessimistic,250,multistation,8,8,8,t01417-c00071,71,1417,4,0,4,True,False,satisfied,23.8872,12.0,15,1,14.144292101264,99.97733309864998,72.24508398212492,0.00837491825222969,172.23079199902713
pessimistic,250,multistation,8,8,8,t01417-c00123,123,1417,4,0,4,True,False,cancelled_late,20.5911,0.0,0,1,14.09999979659915,99.93366687558591,72.28404097259045,0.005542067810893059,172.22324991598725
pessimistic,250,multistation,8,8,8,t01417-c00182,182,1417,4,1,3,True,False,cancelled_late,30.8607,0.0,0,1,181.7586252000183,195.84758300334215,0.09970809333026409,0.006125075742602348,195.95341617241502
pessimistic,250,multistation,8,8,8,t01417-c00211,211,1417,4,0,4,True,False,cancelled_late,16.3701,0.0,0,1,14.01829207316041,99.85195798799396,72.34316715039313,0.006832880899310112,172.2019580192864
pessimistic,250,multistation,8,8,8,t01418-c00084,84,1418,3,0,2,True,False,satisfied,21.9826,14.0,20,1,16.94574998691678,22.14645897038281,0.019291182979941368,0.012166798114776611,22.177916951477528
pessimistic,250,multistation,8,8,8,t01419-c00008,8,1419,3,0,3,True,False,no_show,21.366,0.0,0,1,34.90395797416568,207.3723329231143,0.016666948795318604,0.013958197087049484,207.40295806899667
pessimistic,250,multistation,8,8,8,t01419-c00053,53,1419,7,0,7,True,False,satisfied,28.731,8.5,17,1,5.321749951690435,207.3193748947233,0.11037499643862247,0.01020822674036026,207.43995811790228
pessimistic,250,multistation,8,8,8,t01419-c00089,89,1419,7,0,7,True,False,cancelled_early,26.6942,0.0,0,1,17.653041053563356,193.10991605743766,14.32479196228087,0.009041978046298027,207.44374999776483
pessimistic,250,multistation,8,8,8,t01419-c00123,123,1419,4,0,4,True,False,cancelled_late,7.1399,0.0,0,1,42.13070799596608,150.72533302009106,56.718874955549836,0.005791895091533661,207.44999987073243
pessimistic,250,multistation,8,8,8,t01419-c00144,144,1419,4,1,2,True,False,no_show,26.6681,0.0,0,1,229.331917129457,245.5817919690162,17.461542040109634,0.005624955520033836,263.04895896464586
pessimistic,250,multistation,8,8,8,t01419-c00184,184,1419,4,0,4,True,False,satisfied,25.8934,12.8,16,1,42.05049993470311,150.64533287659287,56.76408298313618,0.005250098183751106,207.4146659579128
pessimistic,250,multistation,8,8,8,t01420-c00089,89,1420,5,0,5,True,False,satisfied,29.6269,6.0,10,1,4.609334049746394,53.75083419494331,0.02237502485513687,0.014666002243757248,53.7878752220422
pessimistic,250,multistation,8,8,8,t01420-c00123,123,1420,4,0,4,True,False,cancelled_late,17.9882,0.0,0,1,12.99266703426838,33.92091696150601,19.887875067070127,0.00795791856944561,53.81674994714558
pessimistic,250,multistation,8,8,8,t01421-c00138,138,1421,5,0,5,True,False,no_show,23.9867,0.0,0,1,3.6816669162362814,23.98162498138845,0.020958948880434036,0.011415919288992882,24.013999849557877
pessimistic,250,multistation,8,8,8,t01421-c00204,204,1421,4,1,3,True,False,satisfied,18.4234,4.0,5,1,51.72362504526973,87.24050014279783,19.179041031748056,0.0059998128563165665,106.4255409874022
pessimistic,250,multistation,8,8,8,t01422-c00014,14,1422,3,0,3,True,False,cancelled_late,22.737,0.0,0,1,10.876124957576394,68.38683295063674,12.392875039950013,0.01937500201165676,80.79908299259841
pessimistic,250,multistation,8,8,8,t01422-c00139,139,1422,4,0,3,True,False,cancelled_early,24.7428,0.0,0,1,17.808832926675677,39.49599992483854,41.36354103684425,0.009834067896008492,80.8693750295788
pessimistic,250,multistation,8,8,8,t01422-c00182,182,1422,3,0,2,True,False,satisfied,31.118,2.1,3,1,42.67891705967486,61.721958918496966,19.144750200212002,0.006707850843667984,80.87341696955264
pessimistic,250,multistation,8,8,8,t01422-c00211,211,1422,9,0,7,True,False,cancelled_late,23.5679,0.0,0,1,2.7084581088274717,80.58570814318955,0.2761669456958771,0.006499933078885078,80.86837502196431
pessimistic,250,multistation,8,8,8,t01423-c00097,97,1423,4,1,3,True,False,cancelled_early,26.5821,0.0,0,1,40.53633310832083,57.29025020264089,11.544749839231372,0.007250113412737846,68.842250155285
pessimistic,250,multistation,8,8,8,t01423-c00139,139,1423,4,0,3,True,False,cancelled_late,22.603,0.0,0,1,9.432374965399504,22.295499918982387,0.0391670037060976,0.013082986697554588,22.34774990938604
pessimistic,250,multistation,8,8,8,t01424-c00014,14,1424,5,0,5,True,False,satisfied,20.4249,10.4,13,1,5.397292086854577,44.825749937444925,0.016667181625962257,0.014874851331114769,44.857291970402
pessimistic,250,multistation,8,8,8,t01425-c00097,97,1425,4,1,1,True,False,satisfied,17.0418,1.2,3,1,18.9000410027802,18.9000410027802,19.449458923190832,0.011916039511561394,38.36141596548259
pessimistic,250,multistation,8,8,8,t01425-c00116,116,1425,3,0,3,True,False,satisfied,16.2175,2.4,6,1,5.079542053863406,12.532667024061084,0.021707965061068535,0.010082963854074478,12.564457952976227
pessimistic,250,multistation,8,8,8,t01426-c00139,139,1426,5,1,2,True,False,satisfied,26.7827,2.1,3,1,38.10762497596443,52.74816695600748,6.768832914531231,0.010834075510501862,59.52783394604921
pessimistic,250,multistation,8,8,8,t01426-c00181,181,1426,5,0,4,True,False,satisfied,21.7164,8.8,11,1,10.400542058050632,24.24845821224153,0.11237477883696556,0.008500181138515472,24.36933317221701
pessimistic,250,multistation,8,8,8,t01427-c00178,178,1427,5,0,5,True,False,cancelled_early,34.4955,0.0,0,1,3.991208039224148,33.518833108246326,0.10149995796382427,0.008292030543088913,33.62862509675324
pessimistic,250,multistation,8,8,8,t01428-c00133,133,1428,8,0,7,True,False,no_show,21.5188,0.0,0,1,15.519042033702135,66.15987489931285,7.1193750482052565,0.015541911125183105,73.2947918586433
pessimistic,250,multistation,8,8,8,t01428-c00152,152,1428,40,4,0,False,True,abandoned,27.8046,0.0,0,0,,,,,
pessimistic,250,multistation,8,8,8,t01428-c00178,178,1428,6,0,6,True,False,cancelled_early,32.6688,0.0,0,1,3.827416803687811,73.15562479197979,0.12645917013287544,0.009290874004364014,73.29137483611703
pessimistic,250,multistation,8,8,8,t01429-c00043,43,1429,3,0,1,True,False,cancelled_late,31.0125,0.0,0,1,27.540958020836115,27.540958020836115,9.564457926899195,0.013875076547265053,37.119291024282575
pessimistic,250,multistation,8,8,8,t01429-c00178,178,1429,40,4,0,False,True,abandoned,29.7433,0.0,0,0,,,,,
pessimistic,250,multistation,8,8,8,t01429-c00211,211,1429,40,4,0,False,True,abandoned,22.4787,0.0,0,0,,,,,
pessimistic,250,multistation,8,8,8,t01430-c00123,123,1430,40,4,0,False,True,abandoned,22.645,0.0,0,0,,,,,
pessimistic,250,multistation,8,8,8,t01431-c00092,92,1431,8,0,5,True,False,satisfied,25.4746,2.5,5,1,28.645625105127692,92.6643752027303,4.737415816634893,0.013709068298339844,97.41550008766353
pessimistic,250,multistation,8,8,8,t01432-c00043,43,1432,40,4,0,False,True,abandoned,26.1774,0.0,0,0,,,,,
pessimistic,250,multistation,8,8,8,t01432-c00082,82,1432,40,4,0,False,True,abandoned,32.1873,0.0,0,0,,,,,
pessimistic,250,multistation,8,8,8,t01432-c00228,228,1432,10,0,9,True,False,satisfied,30.9593,4.2,6,1,13.710750034078956,117.24116699770093,5.437375046312809,0.02554105594754219,122.70408309996128
pessimistic,250,multistation,8,8,8,t01433-c00182,182,1433,40,4,0,False,True,abandoned,29.6386,0.0,0,0,,,,,
pessimistic,250,multistation,8,8,8,t01434-c00088,88,1434,40,4,0,False,True,abandoned,18.3397,0.0,0,0,,,,,
pessimistic,250,multistation,8,8,8,t01436-c00085,85,1436,39,3,0,False,False,in_progress,24.8875,0.0,0,0,,,,,
pessimistic,250,multistation,8,8,8,t01436-c00095,95,1436,36,3,0,False,False,in_progress,11.3381,0.0,0,0,,,,,
pessimistic,250,multistation,8,8,8,t01436-c00206,206,1436,40,3,0,False,False,in_progress,20.6303,0.0,0,0,,,,,
pessimistic,250,multistation,8,8,8,t01437-c00002,2,1437,33,2,0,False,False,in_progress,22.4771,0.0,0,0,,,,,
pessimistic,250,multistation,8,8,8,t01437-c00158,158,1437,16,0,15,True,False,cancelled_late,23.2244,0.0,0,1,4.838417051360011,98.62137492746115,0.055625103414058685,0.0202918890863657,98.69729191996157
pessimistic,250,multistation,8,8,8,t01438-c00061,61,1438,3,1,0,False,False,in_progress,22.5072,0.0,0,0,,,,,
pessimistic,250,multistation,8,8,8,t01438-c00143,143,1438,14,1,0,False,False,in_progress,20.4677,0.0,0,0,,,,,
pessimistic,250,multistation,8,8,8,t01438-c00158,158,1438,21,1,0,False,False,in_progress,22.0465,0.0,0,0,,,,,
