scenario,nb_cars,method,seed,world_seed,grid_seed,demand_id,car_id,slot,nb_stations,search_retries,nb_offers,confirmed,abandoned,outcome,energy_requested_kwh,energy_delivered_kwh,slots_charged,confirm_attempts,first_offer_ms,last_offer_ms,selection_ms,confirmation_ms,total_ms
optimistic,150,bramev,4,4,4,t00000-c00019,19,0,14,0,13,True,False,satisfied,20.0917,20.5,41,1,7919.187500141561,129095.07045801729,5593.89525000006,0.022625084966421127,134688.98833310232
optimistic,150,bramev,4,4,4,t00000-c00021,21,0,9,0,9,True,False,satisfied,18.8052,18.4,23,1,7919.133249903098,134485.7219159603,203.30416690558195,0.010542105883359909,134689.03662497178
optimistic,150,bramev,4,4,4,t00000-c00024,24,0,8,0,8,True,False,satisfied,28.7526,28.8,72,1,1981.213000137359,123292.12333308533,11396.905124885961,0.009083189070224762,134689.03754116036
optimistic,150,bramev,4,4,4,t00000-c00025,25,0,17,0,17,True,False,no_show,17.0357,0.0,0,1,2018.451875075698,132376.8718750216,2312.1592081151903,0.010499963536858559,134689.04158310033
optimistic,150,bramev,4,4,4,t00000-c00029,29,0,5,0,5,True,False,satisfied,31.3161,31.5,45,1,62296.067791990936,134485.5975417886,203.426375053823,0.00558304600417614,134689.02949988842
optimistic,150,bramev,4,4,4,t00000-c00033,33,0,6,0,6,True,False,satisfied,19.6747,20.0,50,1,10957.134958123788,129511.02429092862,5177.989500109106,0.005250098183751106,134689.0190411359
optimistic,150,bramev,4,4,4,t00000-c00044,44,0,8,0,8,True,False,satisfied,21.9176,22.0,55,1,7918.932375032455,134485.52208417095,203.48320784978569,0.005332985892891884,134689.01062500663
optimistic,150,bramev,4,4,4,t00000-c00048,48,0,15,0,15,True,False,satisfied,19.2998,19.6,49,1,1981.0187090188265,129094.77700013667,5594.223666936159,0.006667105481028557,134689.0073341783
optimistic,150,bramev,4,4,4,t00000-c00055,55,0,9,0,9,True,False,no_show,26.8786,0.0,0,1,7918.856708100066,134485.44674995355,203.54445814155042,0.005458015948534012,134688.99666611105
optimistic,150,bramev,4,4,4,t00000-c00062,62,0,5,0,5,True,False,satisfied,18.9629,19.6,28,1,7918.819833081216,128264.54120804556,6424.43716712296,0.00500003807246685,134688.9833752066
optimistic,150,bramev,4,4,4,t00000-c00066,66,0,16,0,16,True,False,satisfied,13.5556,13.8,23,1,8940.933417063206,134485.37041712552,203.60099989920855,0.006541144102811813,134688.97795816883
optimistic,150,bramev,4,4,4,t00000-c00073,73,0,7,0,7,True,False,satisfied,23.0031,23.4,39,1,8940.893332939595,134688.48616583273,0.4716250114142895,0.005417037755250931,134688.9632078819
optimistic,150,bramev,4,4,4,t00000-c00086,86,0,7,0,7,True,False,satisfied,21.8829,22.0,55,1,1980.824708007276,120884.48654185049,13804.460083134472,0.005124835297465324,134688.95174982026
optimistic,150,bramev,4,4,4,t00000-c00096,96,0,8,0,4,True,False,no_show,20.96,0.0,0,1,72647.50437485054,134485.25495897047,203.67920794524252,0.004332978278398514,134688.938499894
optimistic,150,bramev,4,4,4,t00000-c00097,97,0,7,0,7,True,False,cancelled_late,18.9387,0.0,0,1,1980.751165887341,120884.41287493333,13804.50779106468,0.004834029823541641,134688.92550002784
optimistic,150,bramev,4,4,4,t00000-c00101,101,0,8,0,8,True,False,satisfied,27.8281,27.5,55,1,7918.590791989118,134485.18141685054,203.74370808713138,0.005707843229174614,134688.9308327809
optimistic,150,bramev,4,4,4,t00000-c00106,106,0,8,0,8,True,False,satisfied,22.2338,22.5,45,1,7918.555000098422,134485.14512507245,203.77066708169878,0.005207955837249756,134688.92100011
optimistic,150,bramev,4,4,4,t00000-c00111,111,0,7,0,7,True,False,cancelled_early,20.0259,0.0,0,1,2921.0020839236677,132339.73091701046,2349.172541871667,0.005041016265749931,134688.9084998984
optimistic,150,bramev,4,4,4,t00000-c00120,120,0,7,0,6,True,False,satisfied,22.8022,23.2,29,1,1980.603582924232,120884.26533294842,13804.633375024423,0.004916917532682419,134688.90362489037
optimistic,150,bramev,4,4,4,t00000-c00121,121,0,4,0,4,True,False,satisfied,24.5462,24.6,41,1,10956.605250015855,134688.18958406337,0.6947501096874475,0.004458008334040642,134688.8887921814
optimistic,150,bramev,4,4,4,t00000-c00137,137,0,14,0,13,True,False,satisfied,14.7433,15.2,19,1,8940.55866706185,129094.28679198027,5594.589082989842,0.005959067493677139,134688.8818340376
optimistic,150,bramev,4,4,4,t00000-c00144,144,0,3,0,3,True,False,cancelled_late,14.3558,0.0,0,1,1980.4920831229538,113880.86099992506,20808.000958058983,0.004125060513615608,134688.86608304456
optimistic,150,bramev,4,4,4,t00000-c00146,146,0,4,0,4,True,False,satisfied,21.8279,22.0,44,1,2920.8162089344114,110142.43908389471,24546.412625117227,0.00458303838968277,134688.85629205033
optimistic,150,bramev,4,4,4,t00001-c00097,97,1,5,0,5,True,False,no_show,24.6339,0.0,0,1,51.742207957431674,954.0096668060869,94.34687509201467,0.018415972590446472,1048.374957870692
optimistic,150,bramev,4,4,4,t00001-c00111,111,1,6,0,6,True,False,no_show,25.5532,0.0,0,1,302.2777079604566,1048.2793329283595,0.12045796029269695,0.008750008419156075,1048.4085408970714
optimistic,150,bramev,4,4,4,t00003-c00009,9,3,2,0,2,True,False,satisfied,17.7655,18.0,30,1,123.01554204896092,476.58075019717216,259.73733281716704,0.0175421591848135,736.335625173524
optimistic,150,bramev,4,4,4,t00003-c00104,104,3,4,0,4,True,False,satisfied,19.4673,19.5,39,1,214.34608288109303,736.244540894404,0.11899997480213642,0.008750008419156075,736.3722908776253
optimistic,150,bramev,4,4,4,t00003-c00144,144,3,4,0,4,True,False,satisfied,26.7647,27.3,39,1,74.65325016528368,569.7830831632018,166.57437500543892,0.0068338122218847275,736.3642919808626
optimistic,150,bramev,4,4,4,t00005-c00034,34,5,8,0,8,True,False,satisfied,16.816,1.8,3,1,74.8532919678837,582.9248749651015,0.025499844923615456,0.018458114936947823,582.968832924962
optimistic,150,bramev,4,4,4,t00005-c00092,92,5,6,0,6,True,False,cancelled_early,13.7165,0.0,0,1,74.80320916511118,582.8746671322733,0.12016692198812962,0.00816606916487217,583.0030001234263
optimistic,150,bramev,4,4,4,t00006-c00092,92,6,2,0,2,True,False,satisfied,21.0046,21.4519,27,1,40.94770806841552,77.98158307559788,0.026958994567394257,0.015249941498041153,78.02379201166332
optimistic,150,bramev,4,4,4,t00007-c00056,56,7,6,0,6,True,False,no_show,20.7059,0.0,0,1,75.56083402596414,414.61266693659127,0.0238749198615551,0.0177919864654541,414.6543338429183
optimistic,150,bramev,4,4,4,t00010-c00098,98,10,3,0,3,True,False,satisfied,19.7986,19.8,33,1,23.121665930375457,114.42333296872675,0.026541994884610176,0.015458092093467712,114.46533305570483
optimistic,150,bramev,4,4,4,t00012-c00064,64,12,10,0,10,True,False,satisfied,19.3234,19.6,49,1,117.5772079732269,1351.7142501659691,0.029207905754446983,0.021416926756501198,1351.76487499848
optimistic,150,bramev,4,4,4,t00012-c00110,110,12,6,0,6,True,False,satisfied,21.201,21.7,31,1,53.96616621874273,1224.7117911465466,127.0860000513494,0.010041985660791397,1351.8078331835568
optimistic,150,bramev,4,4,4,t00016-c00148,148,16,3,0,3,True,False,satisfied,17.7771,18.0,45,1,76.3510421384126,303.5782501101494,0.031250063329935074,0.020624836906790733,303.6301250103861
optimistic,150,bramev,4,4,4,t00018-c00032,32,18,2,0,2,True,False,satisfied,27.1946,27.6,46,1,84.0277501847595,136.43037504516542,0.021958956494927406,0.017625046893954277,136.4699590485543
optimistic,150,bramev,4,4,4,t00026-c00087,87,26,7,0,7,True,False,satisfied,26.2458,26.4,33,1,64.82137506827712,503.1244580168277,0.02995808608829975,0.018999911844730377,503.17341601476073
optimistic,150,bramev,4,4,4,t00027-c00034,34,27,7,0,7,True,False,satisfied,19.5266,19.8,33,1,57.16512491926551,774.2773750796914,0.0238749198615551,0.017040874809026718,774.318290874362
optimistic,150,bramev,4,4,4,t00027-c00139,139,27,3,0,3,True,False,cancelled_late,28.5936,0.0,0,1,131.29766704514623,580.4666250478476,193.873249925673,0.008499948307871819,774.3483749218285
optimistic,150,bramev,4,4,4,t00029-c00055,55,29,4,0,4,True,False,satisfied,29.7251,30.4,38,1,91.20450005866587,340.5037501361221,0.024707987904548645,0.021416926756501198,340.54987505078316
optimistic,150,bramev,4,4,4,t00030-c00103,103,30,11,0,11,True,False,satisfied,32.2587,32.5,65,1,136.37629197910428,1675.3080000635237,0.03537489101290703,0.022541964426636696,1675.3659169189632
optimistic,150,bramev,4,4,4,t00031-c00025,25,31,6,0,6,True,False,cancelled_late,21.1597,0.0,0,1,46.002000104635954,371.6165421064943,0.02474989742040634,0.021041138097643852,371.66233314201236
optimistic,150,bramev,4,4,4,t00032-c00027,27,32,4,0,4,True,False,satisfied,20.5611,21.0,35,1,351.54533409513533,1461.2899590283632,56.382874958217144,0.01850002445280552,1517.6913340110332
optimistic,150,bramev,4,4,4,t00032-c00141,141,32,15,0,15,True,False,satisfied,25.3561,25.8,43,1,80.21241705864668,1517.5911670085043,0.13758288696408272,0.013375189155340195,1517.7421250846237
optimistic,150,bramev,4,4,4,t00033-c00041,41,33,4,0,4,True,False,satisfied,22.4882,22.8,57,1,99.0157499909401,446.15954207256436,0.02445792779326439,0.017709098756313324,446.20170909911394
optimistic,150,bramev,4,4,4,t00034-c00139,139,34,4,0,4,True,False,satisfied,25.4561,25.5,51,1,92.56737516261637,465.0768341962248,0.03370782360434532,0.01879199407994747,465.1293340139091
optimistic,150,bramev,4,4,4,t00035-c00025,25,35,8,0,8,True,False,cancelled_late,20.5484,0.0,0,1,44.979749945923686,495.9551249630749,0.021832995116710663,0.01858314499258995,495.9955411031842
optimistic,150,bramev,4,4,4,t00036-c00025,25,36,5,0,5,True,False,cancelled_late,17.3754,0.0,0,1,38.37475017644465,643.9374580513686,119.28729200735688,0.018415972590446472,763.2431660313159
optimistic,150,bramev,4,4,4,t00036-c00088,88,36,5,0,5,True,False,cancelled_early,25.0048,0.0,0,1,122.47066712006927,763.1490000057966,0.1322501339018345,0.00800006091594696,763.2892502006143
optimistic,150,bramev,4,4,4,t00037-c00088,88,37,2,0,2,True,False,satisfied,22.2306,22.5,45,1,72.18599994666874,132.1113749872893,0.025583896785974503,0.0160830095410347,132.15304189361632
optimistic,150,bramev,4,4,4,t00038-c00053,53,38,3,0,3,True,False,no_show,21.89,0.0,0,1,77.48104096390307,268.915707943961,39.28937506861985,0.015625031664967537,308.22070804424584
optimistic,150,bramev,4,4,4,t00038-c00112,112,38,3,0,3,True,False,satisfied,13.5059,13.6,17,1,22.478041937574744,308.1270840484649,0.11379108764231205,0.008249888196587563,308.2491250243038
optimistic,150,bramev,4,4,4,t00039-c00096,96,39,3,0,3,True,False,satisfied,26.8284,27.2,34,1,31.558708986267447,164.86545884981751,0.029833056032657623,0.01650000922381878,164.911791915074
optimistic,150,bramev,4,4,4,t00041-c00025,25,41,9,0,9,True,False,cancelled_early,21.9521,0.0,0,1,47.708041965961456,647.9032919742167,0.026082852855324745,0.025124987587332726,647.9544998146594
optimistic,150,bramev,4,4,4,t00042-c00025,25,42,4,0,4,True,False,satisfied,20.461,21.0,35,1,47.965334029868245,679.8410420306027,219.68420781195164,0.019459053874015808,899.5447088964283
optimistic,150,bramev,4,4,4,t00042-c00076,76,42,6,0,6,True,False,cancelled_late,17.4777,0.0,0,1,131.8197080399841,899.4475409854203,0.11933408677577972,0.009458046406507492,899.5763331186026
optimistic,150,bramev,4,4,4,t00042-c00078,78,42,6,0,6,True,False,satisfied,16.65,16.8,24,1,88.78204203210771,819.7285421192646,79.85049998387694,0.0076249707490205765,899.5866670738906
optimistic,150,bramev,4,4,4,t00046-c00010,10,46,7,0,7,True,False,no_show,17.2128,0.0,0,1,108.84637502022088,1018.4833330567926,0.021625077351927757,0.017459038645029068,1018.5224171727896
optimistic,150,bramev,4,4,4,t00046-c00052,52,46,7,0,7,True,False,satisfied,27.4926,27.6,46,1,108.7972919922322,990.8702080138028,27.675583958625793,0.008249888196587563,1018.5540418606251
optimistic,150,bramev,4,4,4,t00048-c00135,135,48,2,0,2,True,False,satisfied,24.8993,25.2,42,1,66.27558311447501,108.70558302849531,0.028999987989664078,0.015042023733258247,108.74962504021823
optimistic,150,bramev,4,4,4,t00049-c00046,46,49,6,0,6,True,False,satisfied,19.3232,19.5,39,1,208.69983383454382,3102.9393339995295,133.11870791949332,0.02308306284248829,3236.0811249818653
optimistic,150,bramev,4,4,4,t00049-c00076,76,49,7,0,7,True,False,satisfied,15.8907,16.0,32,1,333.2974170334637,3235.9820830170065,0.13666716404259205,0.009999843314290047,3236.1287500243634
optimistic,150,bramev,4,4,4,t00049-c00097,97,49,6,0,6,True,False,satisfied,25.8948,26.4,44,1,292.5510830245912,3161.6759169846773,74.44483297877014,0.007832888513803482,3236.1285828519613
optimistic,150,bramev,4,4,4,t00049-c00131,131,49,8,0,8,True,False,satisfied,27.1211,27.2,68,1,177.9203750193119,2866.102750180289,370.013999985531,0.00695791095495224,3236.123708076775
optimistic,150,bramev,4,4,4,t00050-c00093,93,50,5,0,5,True,False,satisfied,19.7778,20.0,40,1,97.15237515047193,469.26858415827155,0.02545793540775776,0.020124949514865875,469.3141670431942
optimistic,150,bramev,4,4,4,t00052-c00056,56,52,13,0,13,True,False,satisfied,24.2668,24.5,49,1,103.77124999649823,1391.6208329610527,0.031667063012719154,0.023333122953772545,1391.6758331470191
optimistic,150,bramev,4,4,4,t00052-c00140,140,52,3,0,3,True,False,cancelled_late,18.8323,0.0,0,1,192.3624170012772,775.9691670071334,615.7475830987096,0.009167008101940155,1391.725917113945
optimistic,150,bramev,4,4,4,t00053-c00129,129,53,7,0,7,True,False,satisfied,18.9553,19.2,32,1,212.03000005334616,1220.9522919729352,0.037833116948604584,0.024541979655623436,1221.0146670695394
optimistic,150,bramev,4,4,4,t00053-c00132,132,53,3,0,3,True,False,satisfied,22.9693,23.2,58,1,211.98245813138783,1110.1339580491185,110.92391703277826,0.009250128641724586,1221.0671252105385
optimistic,150,bramev,4,4,4,t00054-c00117,117,54,4,0,4,True,False,cancelled_late,26.5863,0.0,0,1,136.40870805829763,512.1652910020202,0.03583403304219246,0.02587493509054184,512.226999970153
optimistic,150,bramev,4,4,4,t00056-c00070,70,56,7,0,7,True,False,satisfied,20.2104,20.4,51,1,69.81183309108019,779.1969170793891,0.030749943107366562,0.019791070371866226,779.2474580928683
optimistic,150,bramev,4,4,4,t00056-c00117,117,56,2,0,2,True,False,satisfied,20.4445,20.8,52,1,209.81670799665153,710.2105000521988,69.0707080066204,0.008208910003304482,779.2894169688225
optimistic,150,bramev,4,4,4,t00057-c00125,125,57,4,0,4,True,False,cancelled_early,17.6406,0.0,0,1,57.39125004038215,209.3485831283033,0.03120885230600834,0.029791146516799927,209.4095831271261
optimistic,150,bramev,4,4,4,t00058-c00013,13,58,6,0,6,True,False,satisfied,26.465,26.8,67,1,193.20108299143612,1072.5990000646561,51.8846248742193,0.026999972760677338,1124.5106249116361
optimistic,150,bramev,4,4,4,t00058-c00125,125,58,4,0,4,True,False,no_show,15.4756,0.0,0,1,383.918542182073,1124.395958147943,0.1477920450270176,0.009624985978007317,1124.553375178948
optimistic,150,bramev,4,4,4,t00058-c00140,140,58,3,0,3,True,False,satisfied,19.5933,19.6,28,1,48.24075009673834,780.4437500890344,344.0969579387456,0.007125083357095718,1124.5478331111372
optimistic,150,bramev,4,4,4,t00061-c00007,7,61,2,0,1,True,False,satisfied,6.6978,7.2,12,1,26.593332877382636,26.593332877382636,16.612584004178643,0.024416018277406693,43.230332899838686
optimistic,150,bramev,4,4,4,t00062-c00043,43,62,1,3,1,True,False,satisfied,18.6913,18.8,47,1,502.2836660500616,502.2836660500616,0.028416980057954788,0.02245791256427765,502.3345409426838
optimistic,150,bramev,4,4,4,t00063-c00037,37,63,8,0,8,True,False,satisfied,13.3242,13.6,17,1,23.477291921153665,364.1295419074595,44.722249964252114,0.024041160941123962,408.87583303265274
optimistic,150,bramev,4,4,4,t00063-c00081,81,63,4,0,4,True,False,satisfied,18.9546,19.2,24,1,137.59079203009605,408.74666697345674,0.1432080753147602,0.009541865438222885,408.8994169142097
optimistic,150,bramev,4,4,4,t00067-c00123,123,67,3,0,3,True,False,satisfied,13.1011,13.2,22,1,22.231207927688956,102.41808299906552,0.030583934858441353,0.017999904230237007,102.4666668381542
optimistic,150,bramev,4,4,4,t00068-c00111,111,68,3,0,3,True,False,cancelled_late,28.395,0.0,0,1,150.54612490348518,542.7418330218643,0.03479188308119774,0.022833002731204033,542.7994579076767
optimistic,150,bramev,4,4,4,t00069-c00014,14,69,2,0,2,True,False,satisfied,27.1438,27.5,55,1,560.9600830357522,830.9943750500679,131.84554199688137,0.025791116058826447,962.8657081630081
optimistic,150,bramev,4,4,4,t00069-c00084,84,69,4,0,4,True,False,satisfied,17.4682,18.0,30,1,560.9045838937163,962.7601669635624,0.14908285811543465,0.009458977729082108,962.9187087994069
optimistic,150,bramev,4,4,4,t00069-c00109,109,69,3,0,3,True,False,satisfied,19.7757,19.6,28,1,34.819583874195814,897.3270838614553,65.58208307251334,0.0071248505264520645,962.9162917844951
optimistic,150,bramev,4,4,4,t00069-c00119,119,69,3,0,3,True,False,satisfied,13.2427,13.3,19,1,57.22604086622596,718.2400829624385,244.65845804661512,0.0061248429119586945,962.9046658519655
optimistic,150,bramev,4,4,4,t00070-c00031,31,70,4,0,4,True,False,satisfied,29.4552,29.2,73,1,338.927875040099,1013.173749903217,267.8771251812577,0.02183392643928528,1281.072709010914
optimistic,150,bramev,4,4,4,t00070-c00111,111,70,3,0,3,True,False,satisfied,30.9292,31.2,78,1,196.73445797525346,1280.9658751357347,0.1373749691992998,0.009666895493865013,1281.1129170004278
optimistic,150,bramev,4,4,4,t00072-c00051,51,72,8,0,8,True,False,satisfied,20.908,20.8,26,1,20.03541588783264,377.53737485036254,0.026582973077893257,0.020292121917009354,377.58424994535744
optimistic,150,bramev,4,4,4,t00076-c00036,36,76,7,0,7,True,False,satisfied,14.0261,14.5,29,1,35.36654100753367,390.6295411288738,0.02187490463256836,0.01679197885096073,390.66820801235735
optimistic,150,bramev,4,4,4,t00077-c00071,71,77,2,0,2,True,False,satisfied,10.6954,2.8,4,1,26.3322910759598,43.806832982227206,0.02429191954433918,0.01812516711652279,43.84925006888807
optimistic,150,bramev,4,4,4,t00078-c00010,10,78,3,0,3,True,False,no_show,19.382,0.0,0,1,26.119708083570004,118.98775002919137,0.022500054910779,0.02204091288149357,119.03229099698365
optimistic,150,bramev,4,4,4,t00079-c00016,16,79,6,0,6,True,False,cancelled_late,18.4707,0.0,0,1,47.81095799989998,279.3581660371274,0.021624844521284103,0.018042046576738358,279.3978329282254
optimistic,150,bramev,4,4,4,t00082-c00045,45,82,9,0,9,True,False,satisfied,20.2157,20.4,51,1,365.83558307029307,3085.426041157916,0.02870894968509674,0.02491590566933155,3085.4796660132706
optimistic,150,bramev,4,4,4,t00082-c00082,82,82,12,0,12,True,False,satisfied,26.7483,27.0,54,1,237.91883303783834,3085.377083159983,0.1487918198108673,0.013208016753196716,3085.539082996547
optimistic,150,bramev,4,4,4,t00082-c00113,113,82,8,0,8,True,False,satisfied,19.9164,20.3,29,1,237.8773749805987,2554.396041901782,531.1397078912705,0.00800006091594696,3085.5437498539686
optimistic,150,bramev,4,4,4,t00083-c00127,127,83,5,0,5,True,False,satisfied,22.4146,22.5,45,1,47.224583104252815,385.6736251618713,0.03345799632370472,0.022374792024493217,385.7294579502195
optimistic,150,bramev,4,4,4,t00084-c00016,16,84,4,0,4,True,False,satisfied,20.6728,21.0,30,1,78.36045906879008,304.20024995692074,0.021292129531502724,0.021832995116710663,304.24337508156896
optimistic,150,bramev,4,4,4,t00084-c00107,107,84,3,0,3,True,False,cancelled_late,10.641,0.0,0,1,27.12412504479289,235.90804217383265,68.36154079064727,0.007917173206806183,304.27750013768673
optimistic,150,bramev,4,4,4,t00087-c00107,107,87,6,0,6,True,False,satisfied,22.6341,22.4,32,1,33.70937495492399,396.39062504284084,0.030624913051724434,0.01900014467537403,396.44025010056794
optimistic,150,bramev,4,4,4,t00087-c00116,116,87,2,0,2,True,False,satisfied,13.8883,14.4,24,1,61.64474994875491,319.61499992758036,76.84845896437764,0.007458031177520752,396.4709169231355
optimistic,150,bramev,4,4,4,t00089-c00143,143,89,7,0,7,True,False,satisfied,22.8332,22.5,45,1,63.08954092673957,475.2412911038846,0.04008389078080654,0.01758313737809658,475.2989581320435
optimistic,150,bramev,4,4,4,t00090-c00099,99,90,3,0,3,True,False,satisfied,25.6104,26.0,65,1,88.34229107014835,405.75070795603096,0.03108312375843525,0.015833880752325058,405.7976249605417
optimistic,150,bramev,4,4,4,t00091-c00011,11,91,6,0,6,True,False,satisfied,19.5112,20.0,25,1,925.8303341921419,3671.281791990623,927.0360830705613,0.022500054910779,4598.340375116095
optimistic,150,bramev,4,4,4,t00091-c00035,35,91,6,0,6,True,False,no_show,20.8926,0.0,0,1,925.7796250749379,4598.242334090173,0.1285409089177847,0.009458977729082108,4598.38033397682
optimistic,150,bramev,4,4,4,t00091-c00038,38,91,7,0,7,True,False,satisfied,15.1734,15.2,19,1,925.7387921679765,4598.201333079487,0.16700010746717453,0.006499933078885078,4598.374833120033
optimistic,150,bramev,4,4,4,t00091-c00053,53,91,7,0,7,True,False,satisfied,23.2933,23.5,47,1,925.6973750889301,4598.159958142787,0.19979197531938553,0.005832873284816742,4598.365582991391
optimistic,150,bramev,4,4,4,t00091-c00058,58,91,4,0,4,True,False,satisfied,20.1778,20.4,34,1,1401.4121668878943,4598.120708018541,0.22641685791313648,0.00500003807246685,4598.352124914527
optimistic,150,bramev,4,4,4,t00091-c00138,138,91,8,0,8,True,False,satisfied,18.2681,18.4,46,1,58.882375014945865,3839.3999580293894,758.9341669809073,0.008624978363513947,4598.34274998866
optimistic,150,bramev,4,4,4,t00092-c00125,125,92,3,0,3,True,False,satisfied,21.3358,21.7,31,1,46.6390831861645,177.45995800942183,0.03008311614394188,0.017083948478102684,177.50712507404387
optimistic,150,bramev,4,4,4,t00093-c00068,68,93,3,0,3,True,False,no_show,28.9929,0.0,0,1,68.06916696950793,266.54783403500915,0.02691592089831829,0.019875122234225273,266.5946250781417
optimistic,150,bramev,4,4,4,t00097-c00145,145,97,3,0,3,True,False,satisfied,23.2983,24.0,30,1,37.433624966070056,161.42645897343755,0.030166003853082657,0.01774984411895275,161.47437482140958
optimistic,150,bramev,4,4,4,t00098-c00091,91,98,8,0,8,True,False,cancelled_early,21.6912,0.0,0,1,78.82708311080933,861.3571249879897,0.031916191801428795,0.023166881874203682,861.4122080616653
optimistic,150,bramev,4,4,4,t00098-c00124,124,98,7,0,7,True,False,satisfied,24.1388,24.8,31,1,78.77858309075236,861.3086249679327,0.15050009824335575,0.008665956556797028,861.4677910227329
optimistic,150,bramev,4,4,4,t00099-c00091,91,99,5,0,5,True,False,satisfied,19.9852,20.0,25,1,29.421333922073245,190.22320909425616,0.03029080107808113,0.019625062122941017,190.27312495745718
optimistic,150,bramev,4,4,4,t00102-c00026,26,102,6,0,6,True,False,satisfied,16.6435,16.4,41,1,64.23808308318257,390.03858296200633,0.020834151655435562,0.018249964341521263,390.0776670780033
optimistic,150,bramev,4,4,4,t00103-c00042,42,103,4,0,4,True,False,satisfied,24.9646,25.0,50,1,73.74966703355312,1047.976375091821,258.7733338586986,0.022875145077705383,1306.7725840955973
optimistic,150,bramev,4,4,4,t00103-c00072,72,103,7,0,7,True,False,satisfied,17.4325,17.6,44,1,162.12300001643598,1306.6781249362975,0.12741703540086746,0.010457821190357208,1306.8159997928888
optimistic,150,bramev,4,4,4,t00103-c00136,136,103,3,0,3,True,False,satisfied,30.671,30.6,51,1,106.48170788772404,809.2163749970496,497.58970784023404,0.006250105798244476,1306.8123329430819
optimistic,150,bramev,4,4,4,t00105-c00005,5,105,7,0,7,True,False,satisfied,15.1508,15.5,31,1,28.57733308337629,520.2878750860691,0.020290957763791084,0.016416888684034348,520.3245829325169
optimistic,150,bramev,4,4,4,t00105-c00012,12,105,3,0,3,True,False,satisfied,14.4006,14.0,28,1,43.393165804445744,290.8387079369277,229.50987494550645,0.007333001121878624,520.355915883556
optimistic,150,bramev,4,4,4,t00106-c00017,17,106,3,0,3,True,False,satisfied,27.8615,28.0,40,1,34.611708018928766,448.95816687494516,184.6087910234928,0.014709075912833214,633.5816669743508
optimistic,150,bramev,4,4,4,t00106-c00128,128,106,7,0,7,True,False,satisfied,28.8069,29.5008,37,1,90.992292156443,633.4917501080781,0.12041698209941387,0.009167008101940155,633.6213340982795
optimistic,150,bramev,4,4,4,t00111-c00010,10,111,3,0,3,True,False,satisfied,24.9642,25.6,32,1,80.54200001060963,297.4294589366764,142.3078749794513,0.016333069652318954,439.75366698578
optimistic,150,bramev,4,4,4,t00111-c00049,49,111,3,0,3,True,False,satisfied,26.9179,27.0,54,1,64.1598750371486,439.66720905154943,0.10716589167714119,0.007709022611379623,439.78208396583796
optimistic,150,bramev,4,4,4,t00115-c00122,122,115,4,0,4,True,False,cancelled_late,7.6964,0.0,0,1,24.99120798893273,108.53649978525937,0.02737506292760372,0.01750001683831215,108.58137486502528
optimistic,150,bramev,4,4,4,t00116-c00122,122,116,4,0,4,True,False,satisfied,7.69,7.7,11,1,88.07879197411239,365.7276669982821,0.0289171002805233,0.01774984411895275,365.77433394268155
optimistic,150,bramev,4,4,4,t00116-c00149,149,116,6,0,6,True,False,satisfied,19.4705,19.6,28,1,34.230542136356235,365.6780421733856,0.11562486179172993,0.007916009053587914,365.80158304423094
optimistic,150,bramev,4,4,4,t00118-c00003,3,118,4,0,4,True,False,satisfied,19.1687,19.2,24,1,39.39837496727705,175.0768329948187,0.015584053471684456,0.01700012944638729,175.10941717773676
optimistic,150,bramev,4,4,4,t00119-c00015,15,119,4,0,4,True,False,satisfied,20.1417,20.5,41,1,232.89066599681973,833.9666659012437,0.02037500962615013,0.017249956727027893,834.0042908675969
optimistic,150,bramev,4,4,4,t00119-c00094,94,119,3,0,3,True,False,satisfied,27.4821,27.6,69,1,161.8370828218758,762.4354579020292,71.59675005823374,0.00837491825222969,834.0405828785151
optimistic,150,bramev,4,4,4,t00120-c00075,75,120,4,0,4,True,False,satisfied,24.7764,24.8,31,1,44.11691706627607,218.2872500270605,0.027542002499103546,0.018666032701730728,218.33345806226134
optimistic,150,bramev,4,4,4,t00123-c00002,2,123,4,0,4,True,False,satisfied,15.2723,14.5,29,1,18.93887505866587,586.0140840522945,605.0036251544952,0.01874985173344612,1191.0364590585232
optimistic,150,bramev,4,4,4,t00123-c00095,95,123,18,0,18,True,False,satisfied,14.8464,15.2,19,1,50.380124943330884,1086.9477919768542,104.12274999544024,0.014832941815257072,1191.0853749141097
optimistic,150,bramev,4,4,4,t00123-c00118,118,123,4,0,4,True,False,satisfied,19.5279,19.6,49,1,268.5860828496516,1190.8987078350037,0.1714171376079321,0.005915993824601173,1191.0760409664363
optimistic,150,bramev,4,4,4,t00125-c00047,47,125,5,0,5,True,False,satisfied,19.8259,20.4,34,1,97.75233315303922,815.7242920715362,0.020666047930717468,0.017124926671385765,815.7620830461383
optimistic,150,bramev,4,4,4,t00125-c00063,63,125,4,0,4,True,False,satisfied,21.5455,21.6,27,1,97.70749998278916,741.8848748784512,73.89937504194677,0.007458962500095367,815.7917088828981
optimistic,150,bramev,4,4,4,t00127-c00108,108,127,13,0,13,True,False,satisfied,23.149,23.4,39,1,83.1400421448052,1265.4354590922594,0.03583286888897419,0.02200016751885414,1265.4932921286672
optimistic,150,bramev,4,4,4,t00127-c00130,130,127,3,0,3,True,False,satisfied,25.6552,26.0,52,1,33.67075021378696,558.9737081900239,706.5502498298883,0.008584000170230865,1265.5325420200825
optimistic,150,bramev,4,4,4,t00128-c00061,61,128,4,0,4,True,False,no_show,21.4785,0.0,0,1,69.93749993853271,288.97545812651515,0.022249994799494743,0.0177919864654541,289.0155001077801
optimistic,150,bramev,4,4,4,t00129-c00008,8,129,1,0,1,True,False,satisfied,18.7945,19.2,32,1,614.8657081648707,614.8657081648707,116.55949987471104,0.0135831069201231,731.4387911465019
optimistic,150,bramev,4,4,4,t00129-c00022,22,129,9,0,9,True,False,satisfied,22.1786,22.5,45,1,57.219832902774215,731.362875085324,0.10516680777072906,0.011541182175278664,731.47958307527
optimistic,150,bramev,4,4,4,t00130-c00071,71,130,4,0,4,True,False,satisfied,15.3909,15.4,22,1,37.509124958887696,134.5465409103781,0.02787495031952858,0.022042077034711838,134.59645793773234
optimistic,150,bramev,4,4,4,t00131-c00035,35,131,8,0,8,True,False,satisfied,16.6511,16.8,21,1,36.67979082092643,295.5378748010844,0.02416619099676609,0.019833911210298538,295.58187490329146
optimistic,150,bramev,4,4,4,t00132-c00028,28,132,9,0,9,True,False,satisfied,29.2355,29.6,74,1,116.75120913423598,1670.4959170892835,0.022707972675561905,0.02233404666185379,1670.5409591086209
optimistic,150,bramev,4,4,4,t00133-c00023,23,133,3,0,3,True,False,satisfied,19.7579,19.6,49,1,42.16100019402802,250.8424581028521,0.021042069420218468,0.018582912161946297,250.88208308443427
optimistic,150,bramev,4,4,4,t00134-c00066,66,134,5,0,5,True,False,satisfied,24.8766,24.6,41,1,26.318375021219254,528.4464580472559,0.02645794302225113,0.016834121197462082,528.4897501114756
optimistic,150,bramev,4,4,4,t00134-c00090,90,134,3,0,3,True,False,satisfied,21.9736,22.4,28,1,26.270749978721142,402.88633294403553,125.6318751256913,0.007082941010594368,528.5252910107374
optimistic,150,bramev,4,4,4,t00136-c00105,105,136,2,0,2,True,False,satisfied,17.9251,18.0,45,1,72.91870890185237,116.56079208478332,0.027542002499103546,0.015582889318466187,116.60391697660089
optimistic,150,bramev,4,4,4,t00137-c00067,67,137,8,0,8,True,False,satisfied,25.4807,25.8,43,1,39.91087502799928,1012.2187079396099,0.02895807847380638,0.020124949514865875,1012.2677909675986
optimistic,150,bramev,4,4,4,t00137-c00133,133,137,6,0,6,True,False,satisfied,21.6147,22.0,44,1,117.36033298075199,956.8307499866933,55.469667073339224,0.00995793379843235,1012.3103749938309
optimistic,150,bramev,4,4,4,t00138-c00020,20,138,3,0,3,True,False,satisfied,26.587,27.0,45,1,78.29241687431931,665.5688749160618,333.02987506613135,0.021458836272358894,998.6202088184655
optimistic,150,bramev,4,4,4,t00138-c00050,50,138,7,0,7,True,False,satisfied,19.7806,20.0,50,1,144.79316701181233,998.5301250126213,0.11658412404358387,0.008875038474798203,998.6555841751397
optimistic,150,bramev,4,4,4,t00139-c00077,77,139,4,0,4,True,False,satisfied,20.1697,20.4,51,1,331.8967081140727,1079.0036250837147,0.024916138499975204,0.018458813428878784,1079.0470000356436
optimistic,150,bramev,4,4,4,t00139-c00089,89,139,3,0,3,True,False,satisfied,24.3493,24.6,41,1,208.63433298654854,870.5291249789298,208.54945806786418,0.008207978680729866,1079.0867910254747
optimistic,150,bramev,4,4,4,t00139-c00114,114,139,3,0,3,True,False,satisfied,19.4749,19.6,49,1,208.59312498942018,870.4878750722855,208.58616684563458,0.00558304600417614,1079.0796249639243
optimistic,150,bramev,4,4,4,t00140-c00018,18,140,6,0,6,True,False,cancelled_early,16.4324,0.0,0,1,55.668167071416974,508.7000420317054,0.023707980290055275,0.01750001683831215,508.74125002883375
optimistic,150,bramev,4,4,4,t00140-c00137,137,140,2,0,2,True,False,satisfied,16.3829,16.8,21,1,292.87712508812547,414.2658750060946,94.51050008647144,0.0076249707490205765,508.78400006331503
optimistic,150,bramev,4,4,4,t00141-c00018,18,141,2,0,2,True,False,satisfied,20.3055,17.0,34,1,71.33083301596344,111.32950009778142,0.018666964024305344,0.015083001926541328,111.36325006373227
optimistic,150,bramev,4,4,4,t00142-c00068,68,142,7,0,7,True,False,satisfied,36.4237,37.1,53,1,70.57099998928607,707.35854213126,0.026207882910966873,0.021249987185001373,707.406000001356
optimistic,150,bramev,4,4,4,t00143-c00079,79,143,6,0,6,True,False,satisfied,22.4628,22.8,38,1,47.13108390569687,366.8689588084817,0.024791108444333076,0.01750001683831215,366.91124993376434
optimistic,150,bramev,4,4,4,t00146-c00004,4,146,4,0,4,True,False,satisfied,18.7164,19.2,24,1,23.349582916125655,150.3232498653233,0.019292114302515984,0.016208039596676826,150.3587500192225
optimistic,150,bramev,4,4,4,t00147-c00000,0,147,4,0,4,True,False,no_show,16.7424,0.0,0,1,47.842249972745776,153.29487505368888,0.01837499439716339,0.02350006252527237,153.33675011061132
optimistic,150,bramev,4,4,4,t00150-c00074,74,150,6,0,6,True,False,satisfied,25.419,25.8,43,1,52.484999876469374,379.63241594843566,0.028209062293171883,0.02287491224706173,379.6834999229759
optimistic,150,bramev,4,4,4,t00151-c00060,60,151,3,0,3,True,False,cancelled_early,20.5713,0.0,0,1,43.18979103118181,219.8671658989042,0.026124995201826096,0.017249956727027893,219.91054085083306
optimistic,150,bramev,4,4,4,t00152-c00030,30,152,2,0,2,True,False,no_show,32.8722,0.0,0,1,374.72704192623496,1319.6667078882456,383.11391696333885,0.01912517473101616,1702.7997500263155
optimistic,150,bramev,4,4,4,t00152-c00060,60,152,8,0,8,True,False,satisfied,20.4209,20.5,41,1,42.17241588048637,1655.8590829372406,46.97095789015293,0.011334195733070374,1702.8413750231266
optimistic,150,bramev,4,4,4,t00152-c00065,65,152,12,0,12,True,False,satisfied,26.3425,26.6,38,1,108.46337489783764,1702.6624998543411,0.17625000327825546,0.009624985978007317,1702.8483748435974
optimistic,150,bramev,4,4,4,t00155-c00100,100,155,6,0,6,True,False,satisfied,21.3866,21.6,36,1,79.27462505176663,399.4195838458836,0.030250055715441704,0.020458130165934563,399.470292031765
optimistic,150,bramev,4,4,4,t00156-c00083,83,156,2,0,2,True,False,no_show,22.7237,0.0,0,1,38.881750078871846,64.74475003778934,0.027416041120886803,0.015083933249115944,64.78725001215935
optimistic,150,bramev,4,4,4,t00157-c00085,85,157,5,0,5,True,False,satisfied,23.7657,23.8,34,1,39.61154096759856,288.0827500484884,0.029291026294231415,0.01933402381837368,288.131375098601
optimistic,150,bramev,4,4,4,t00158-c00057,57,158,10,0,10,True,False,satisfied,24.065,24.4,61,1,143.67345813661814,1422.7886251173913,0.028499867767095566,0.020666047930717468,1422.8377910330892
optimistic,150,bramev,4,4,4,t00159-c00147,147,159,2,0,2,True,False,satisfied,20.2476,20.3,29,1,31.019166111946106,59.76866604760289,0.03216695040464401,0.01579197123646736,59.816624969244
optimistic,150,bramev,4,4,4,t00160-c00040,40,160,5,0,5,True,False,satisfied,12.199,12.4,31,1,31.10437490977347,196.4849999640137,0.02174987457692623,0.015584053471684456,196.5223338920623
optimistic,150,bramev,4,4,4,t00164-c00059,59,164,2,0,2,True,False,satisfied,19.0132,19.2,48,1,91.85254201292992,344.0484169404954,0.02554105594754219,0.019584083929657936,344.0935420803726
optimistic,150,bramev,4,4,4,t00164-c00134,134,164,3,0,3,True,False,satisfied,26.7059,27.0,45,1,35.60841712169349,275.27012513019145,68.86329199187458,0.009541865438222885,344.14295898750424
optimistic,150,bramev,4,4,4,t00167-c00142,142,167,4,0,4,True,False,no_show,26.3668,0.0,0,1,109.86600001342595,362.2482498176396,0.029708025977015495,0.021666986867785454,362.2996248304844
optimistic,150,bramev,4,4,4,t00170-c00007,7,170,2,0,2,True,False,satisfied,14.5365,15.0,25,1,113.79137495532632,703.5227080341429,658.2818750757724,0.0191668514162302,1361.8237499613315
optimistic,150,bramev,4,4,4,t00170-c00021,21,170,7,0,7,True,False,satisfied,18.6046,19.2,24,1,163.8479579705745,1361.7327080573887,0.12458302080631256,0.010292045772075653,1361.867583123967
optimistic,150,bramev,4,4,4,t00170-c00102,102,170,10,0,10,True,False,satisfied,22.6461,22.8,38,1,71.77699985913932,1311.1006659455597,50.759084057062864,0.008665956556797028,1361.8684159591794
optimistic,150,bramev,4,4,4,t00173-c00006,6,173,6,0,6,True,False,satisfied,24.2406,24.5,35,1,165.5435839202255,709.1072089970112,0.01995800994336605,0.01808302477002144,709.1452500317246
optimistic,150,bramev,4,4,4,t00173-c00061,61,173,3,0,3,True,False,cancelled_early,26.9604,0.0,0,1,121.6839998960495,496.56445789150894,212.60612504556775,0.008208910003304482,709.17879184708
optimistic,150,bramev,4,4,4,t00174-c00061,61,174,3,0,3,True,False,satisfied,31.0184,31.5,63,1,205.31304087489843,789.8288329597563,45.027249958366156,0.018625054508447647,834.8747079726309
optimistic,150,bramev,4,4,4,t00174-c00115,115,174,6,0,6,True,False,satisfied,21.7392,22.2,37,1,250.08345814421773,834.7817910835147,0.1230000052601099,0.009249895811080933,834.9140409845859
optimistic,150,bramev,4,4,4,t00175-c00069,69,175,4,0,4,True,False,satisfied,21.6002,22.0,44,1,106.11787508241832,373.2917089946568,0.022750115022063255,0.017124926671385765,373.33158403635025
optimistic,150,bramev,4,4,4,t00177-c00000,0,177,6,0,6,True,False,satisfied,24.6197,25.2,36,1,129.35779197141528,2430.6782090570778,0.021208077669143677,0.023624859750270844,2430.723041994497
optimistic,150,bramev,4,4,4,t00177-c00080,80,177,7,0,7,True,False,satisfied,22.1637,22.4,56,1,129.30366699583828,2430.6241672020406,0.13187481090426445,0.009292038157582283,2430.7653340511024
optimistic,150,bramev,4,4,4,t00187-c00039,39,187,8,0,8,True,False,satisfied,23.0648,23.2,29,1,107.636250089854,1069.6730830240995,39.97287503443658,0.024292152374982834,1109.670250210911
optimistic,150,bramev,4,4,4,t00187-c00083,83,187,12,0,12,True,False,satisfied,26.1258,26.3003,33,1,107.58712491951883,1109.569582855329,0.1511671580374241,0.011750031262636185,1109.732500044629
optimistic,150,bramev,4,4,4,t00202-c00112,112,202,8,0,8,True,False,no_show,17.6095,0.0,0,1,29.2019578628242,287.17858297750354,0.030624913051724434,0.017416896298527718,287.2266247868538
optimistic,150,bramev,4,4,4,t00205-c00054,54,205,3,0,3,True,False,satisfied,22.3527,22.4,32,1,57.981125079095364,184.67554193921387,0.022249994799494743,0.017208047211170197,184.71499998122454
optimistic,150,bramev,4,4,4,t00208-c00122,122,208,4,0,4,True,False,satisfied,20.6907,20.9482,30,1,64.54312498681247,231.56225006096065,0.02829195000231266,0.016208039596676826,231.60675005055964
optimistic,150,bramev,4,4,4,t00213-c00033,33,213,5,0,5,True,False,satisfied,14.9407,15.2,38,1,63.24979197233915,382.6277090702206,0.0238749198615551,0.018750084564089775,382.67033407464623
optimistic,150,bramev,4,4,4,t00214-c00104,104,214,14,0,14,True,False,cancelled_late,23.1397,0.0,0,1,154.31837504729629,2015.268832910806,165.93266697600484,0.023833010345697403,2181.2253328971565
optimistic,150,bramev,4,4,4,t00214-c00142,142,214,6,0,6,True,False,satisfied,34.9706,34.8,58,1,154.26683309487998,2181.1136670876294,0.16795797273516655,0.009082956239581108,2181.290708016604
optimistic,150,bramev,4,4,4,t00215-c00119,119,215,3,0,3,True,False,satisfied,18.0524,18.2,26,1,31.17991704493761,129.1040419600904,0.0327499583363533,0.015833182260394096,129.15262510068715
optimistic,150,bramev,4,4,4,t00218-c00019,19,218,8,0,8,True,False,satisfied,19.2885,19.5,39,1,47.457290813326836,520.4554158262908,0.024124979972839355,0.02141715958714485,520.5009579658508
optimistic,150,bramev,4,4,4,t00219-c00126,126,219,2,0,2,True,False,satisfied,26.7357,27.0,54,1,97.70345804281533,204.22695809975266,0.03041699528694153,0.017290934920310974,204.27466602995992
optimistic,150,bramev,4,4,4,t00220-c00104,104,220,17,0,17,True,False,satisfied,24.5729,25.0,50,1,67.71020800806582,1833.7297500111163,0.041165854781866074,0.0278339721262455,1833.7987498380244
optimistic,150,bramev,4,4,4,t00223-c00037,37,223,2,0,2,True,False,satisfied,12.0616,12.8,16,1,67.92979198507965,405.1306250039488,142.9894168395549,0.023458153009414673,548.1434999965131
optimistic,150,bramev,4,4,4,t00223-c00078,78,223,6,0,6,True,False,satisfied,15.0859,15.4,22,1,191.3511659950018,548.0444158893079,0.14266697689890862,0.012208009138703346,548.1992908753455
optimistic,150,bramev,4,4,4,t00223-c00148,148,223,5,0,5,True,False,satisfied,14.5831,14.8,37,1,41.05954198166728,520.4487920273095,27.74345804937184,0.007999828085303307,548.2002499047667
optimistic,150,bramev,4,4,4,t00224-c00001,1,224,13,0,13,True,False,satisfied,24.2802,24.5,35,1,69.33241710066795,1691.5659171063453,0.02841581590473652,0.028084032237529755,1691.6224169544876
optimistic,150,bramev,4,4,4,t00224-c00146,146,224,6,0,6,True,False,cancelled_early,18.8199,0.0,0,1,289.1665829811245,1691.4987079799175,0.15899981372058392,0.009125098586082458,1691.6668328922242
optimistic,150,bramev,4,4,4,t00225-c00146,146,225,6,0,6,True,False,satisfied,20.1859,20.5,41,1,93.74620905146003,489.9285000283271,0.03516697324812412,0.021792016923427582,489.98545901849866
optimistic,150,bramev,4,4,4,t00226-c00123,123,226,6,0,6,True,False,satisfied,17.4599,18.0,30,1,35.90129199437797,295.2287921216339,0.032041920349001884,0.019832979887723923,295.2806670218706
optimistic,150,bramev,4,4,4,t00227-c00009,9,227,4,0,4,True,False,no_show,19.8257,0.0,0,1,76.42120798118412,274.7615410480648,0.018625054508447647,0.020249979570508003,274.8004160821438
optimistic,150,bramev,4,4,4,t00232-c00112,112,232,1,0,1,True,False,satisfied,20.4947,20.8,26,1,30.611291993409395,30.611291993409395,0.024166889488697052,0.010791001841425896,30.646249884739518
optimistic,150,bramev,4,4,4,t00237-c00025,25,237,8,0,8,True,False,satisfied,12.3166,12.6,21,1,34.453334053978324,279.994250042364,0.024584122002124786,0.019207829609513283,280.03804199397564
optimistic,150,bramev,4,4,4,t00240-c00030,30,240,3,0,3,True,False,breakdown,32.0295,0.0,0,1,318.5554170049727,1101.8642918206751,0.026167137548327446,0.02266606315970421,1101.9131250213832
optimistic,150,bramev,4,4,4,t00240-c00076,76,240,3,0,3,True,False,satisfied,14.6339,15.0,30,1,318.5034580528736,1101.8122909590602,0.1284999307245016,0.007792143151164055,1101.9485830329359
optimistic,150,bramev,4,4,4,t00244-c00116,116,244,12,0,12,True,False,satisfied,27.6492,28.2,47,1,85.84574982523918,1099.775374867022,0.0350000336766243,0.025792047381401062,1099.83616694808
optimistic,150,bramev,4,4,4,t00245-c00062,62,245,8,0,8,True,False,satisfied,24.2281,24.5,35,1,57.35375010408461,539.3716250546277,0.02933409996330738,0.019415980204939842,539.4203751347959
optimistic,150,bramev,4,4,4,t00249-c00048,48,249,2,0,2,True,False,satisfied,17.7441,18.0,45,1,121.86195817776024,226.7093330156058,38.52445911616087,0.02145790494978428,265.25525003671646
optimistic,150,bramev,4,4,4,t00249-c00092,92,249,3,0,3,True,False,satisfied,12.7786,12.0,15,1,37.297416012734175,265.1550411246717,0.1361249014735222,0.009916955605149269,265.30108298175037
optimistic,150,bramev,4,4,4,t00252-c00064,64,252,2,0,2,True,False,cancelled_early,18.1465,0.0,0,1,126.35887484066188,492.64954100362957,179.14329189807177,0.019832979887723923,671.812665881589
optimistic,150,bramev,4,4,4,t00252-c00073,73,252,8,0,8,True,False,satisfied,19.1501,19.2,32,1,37.86945785395801,671.7185829766095,0.15429197810590267,0.011457828804850578,671.8843327835202
optimistic,150,bramev,4,4,4,t00253-c00064,64,253,2,0,2,True,False,satisfied,21.8246,22.0,55,1,107.10599995218217,205.04433405585587,0.02337503246963024,0.01687486656010151,205.0845839548856
optimistic,150,bramev,4,4,4,t00254-c00120,120,254,3,0,3,True,False,satisfied,19.5518,20.0,25,1,45.231458032503724,151.2834168970585,0.0313750933855772,0.019249971956014633,151.33404196240008
optimistic,150,bramev,4,4,4,t00257-c00121,121,257,6,0,6,True,False,satisfied,23.1004,23.4,39,1,48.628499964252114,488.85395796969533,0.03400002606213093,0.035084085538983345,488.92304208129644
optimistic,150,bramev,4,4,4,t00260-c00081,81,260,9,0,9,True,False,satisfied,16.1023,16.8,21,1,37.46575000695884,393.2490840088576,0.03208313137292862,0.023707980290055275,393.3048751205206
optimistic,150,bramev,4,4,4,t00260-c00086,86,260,2,0,2,True,False,cancelled_early,13.9943,0.0,0,1,134.49416612274945,318.79650009796023,74.54125001095235,0.008875038474798203,393.3466251473874
optimistic,150,bramev,4,4,4,t00261-c00086,86,261,2,0,2,True,False,cancelled_late,17.9133,0.0,0,1,62.12783302180469,136.97416707873344,0.02791592851281166,0.020459061488509178,137.02254206873477
optimistic,150,bramev,4,4,4,t00262-c00009,9,262,3,0,3,True,False,cancelled_late,24.6056,0.0,0,1,72.21483299508691,405.98195791244507,0.02245907671749592,0.026416033506393433,406.03083302266896
optimistic,150,bramev,4,4,4,t00262-c00086,86,262,2,0,2,True,False,no_show,14.8319,0.0,0,1,120.04233407787979,301.96854192763567,104.11320813000202,0.009624985978007317,406.0913750436157
optimistic,150,bramev,4,4,4,t00264-c00036,36,264,3,0,3,True,False,satisfied,14.979,15.0,30,1,33.45029195770621,157.87587501108646,0.021875137463212013,0.01645786687731743,157.914208015427
optimistic,150,bramev,4,4,4,t00267-c00009,9,267,7,0,7,True,False,satisfied,20.4285,21.0,35,1,42.35808411613107,468.1641669012606,0.020333100110292435,0.01833401620388031,468.2028340175748
optimistic,150,bramev,4,4,4,t00268-c00098,98,268,4,0,4,True,False,cancelled_late,22.7598,0.0,0,1,47.20020783133805,265.3449580539018,0.032582785934209824,0.020709121599793434,265.3982499614358
optimistic,150,bramev,4,4,4,t00269-c00044,44,269,9,0,9,True,False,satisfied,18.0907,18.4,46,1,86.01254201494157,739.6782501600683,0.029916875064373016,0.022582942619919777,739.7307499777526
optimistic,150,bramev,4,4,4,t00270-c00098,98,270,5,0,5,True,False,cancelled_late,19.7168,0.0,0,1,39.12662505172193,244.62358304299414,0.028542010113596916,0.019249971956014633,244.67137502506375
optimistic,150,bramev,4,4,4,t00271-c00093,93,271,3,0,3,True,False,no_show,15.6669,0.0,0,1,27.978999773040414,149.84137495048344,0.029999995604157448,0.0189170241355896,149.8902919702232
optimistic,150,bramev,4,4,4,t00272-c00038,38,272,4,0,4,True,False,satisfied,19.4918,20.0,25,1,198.15108319744468,439.72487514838576,0.022707972675561905,0.021416926756501198,439.7690000478178
optimistic,150,bramev,4,4,4,t00272-c00098,98,272,5,0,5,True,False,satisfied,19.7251,19.8,33,1,39.05979194678366,386.8519999086857,52.94720898382366,0.009207986295223236,439.80841687880456
optimistic,150,bramev,4,4,4,t00274-c00012,12,274,12,0,12,True,False,satisfied,16.4691,16.5,33,1,52.124708192422986,676.9180411938578,0.024583889171481133,0.017791055142879486,676.9604161381721
optimistic,150,bramev,4,4,4,t00275-c00109,109,275,6,0,6,True,False,satisfied,24.277,24.5,35,1,41.25666688196361,339.22091708518565,0.028749927878379822,0.0177919864654541,339.2674589995295
optimistic,150,bramev,4,4,4,t00277-c00129,129,277,4,0,4,True,False,no_show,19.4027,0.0,0,1,31.596790999174118,216.6654581669718,0.03333296626806259,0.016833888366818428,216.71562502160668
optimistic,150,bramev,4,4,4,t00279-c00095,95,279,6,0,6,True,False,satisfied,21.4575,21.6,27,1,68.1068329140544,368.40045801363885,0.026624882593750954,0.01791701652109623,368.4449999127537
optimistic,150,bramev,4,4,4,t00279-c00140,140,279,3,0,3,True,False,satisfied,14.5725,14.7,21,1,37.52195811830461,275.20337514579296,93.26891577802598,0.008667120710015297,368.48095804452896
optimistic,150,bramev,4,4,4,t00280-c00125,125,280,3,0,3,True,False,cancelled_early,15.6402,0.0,0,1,37.31579193845391,132.11545790545642,0.029292190447449684,0.016582896932959557,132.16133299283683
optimistic,150,bramev,4,4,4,t00281-c00125,125,281,3,0,3,True,False,satisfied,20.5811,21.0,30,1,51.48287513293326,174.64387509971857,0.030708033591508865,0.01687486656010151,174.69145799987018
optimistic,150,bramev,4,4,4,t00284-c00043,43,284,6,0,6,True,False,satisfied,24.1411,24.4,61,1,127.03220802359283,1227.9669169802219,160.76379106380045,0.02033403143286705,1388.7510420754552
optimistic,150,bramev,4,4,4,t00284-c00056,56,284,8,0,8,True,False,satisfied,18.1557,18.5,37,1,170.27787514962256,1388.658249983564,0.1377919688820839,0.010458054021000862,1388.806500006467
optimistic,150,bramev,4,4,4,t00285-c00046,46,285,3,0,3,True,False,cancelled_early,19.4952,0.0,0,1,41.484458139166236,200.18566702492535,0.0260830856859684,0.021582935005426407,200.23333304561675
optimistic,150,bramev,4,4,4,t00286-c00046,46,286,3,0,3,True,False,satisfied,16.9738,17.0,34,1,35.99062515422702,166.4491251576692,0.026166904717683792,0.017875107005238533,166.4931671693921
optimistic,150,bramev,4,4,4,t00288-c00084,84,288,3,0,3,True,False,satisfied,17.8917,18.0,30,1,23.010291857644916,134.55966697074473,0.027374830096960068,0.01558312214910984,134.6026249229908
optimistic,150,bramev,4,4,4,t00290-c00002,2,290,3,0,3,True,False,satisfied,19.2142,18.0,36,1,141.07974991202354,1178.3596670720726,680.3292499389499,0.01650000922381878,1858.7054170202464
optimistic,150,bramev,4,4,4,t00290-c00106,106,290,20,0,20,True,False,cancelled_late,18.0807,0.0,0,1,65.73379202745855,1858.6143751163036,0.13583293184638023,0.015584053471684456,1858.7657921016216
optimistic,150,bramev,4,4,4,t00291-c00027,27,291,4,0,4,True,False,satisfied,16.7616,16.8,28,1,14.719333034008741,153.22741703130305,0.02404092811048031,0.017625046893954277,153.26908300630748
optimistic,150,bramev,4,4,4,t00294-c00005,5,294,4,0,4,True,False,satisfied,28.2827,28.5,57,1,161.57233412377536,592.0087499544024,0.01654215157032013,0.01795799471437931,592.0432501006871
optimistic,150,bramev,4,4,4,t00295-c00106,106,295,7,0,7,True,False,satisfied,16.7892,17.0,34,1,62.914874870330095,460.7069999910891,0.029792077839374542,0.018249964341521263,460.75504203327
optimistic,150,bramev,4,4,4,t00296-c00034,34,296,3,0,3,True,False,satisfied,15.6611,16.2,27,1,52.793791983276606,159.29837501607835,0.021292129531502724,0.016167061403393745,159.33583420701325
optimistic,150,bramev,4,4,4,t00297-c00097,97,297,6,0,6,True,False,satisfied,18.7789,19.2,32,1,39.70149997621775,496.43987510353327,0.02724980004131794,0.01812516711652279,496.4852500706911
optimistic,150,bramev,4,4,4,t00297-c00117,117,297,2,0,2,True,False,satisfied,22.6999,22.8,57,1,143.18774989806116,314.3200420308858,182.19029204919934,0.007457798346877098,496.51779187843204
optimistic,150,bramev,4,4,4,t00298-c00110,110,298,5,0,5,True,False,satisfied,16.7115,16.8,24,1,34.61824986152351,178.4718749113381,0.031084055081009865,0.017625046893954277,178.52058401331306
optimistic,150,bramev,4,4,4,t00299-c00070,70,299,11,0,11,True,False,no_show,26.3251,0.0,0,1,172.9665829334408,1809.3152919318527,0.03295810893177986,0.020166859030723572,1809.3684168998152
optimistic,150,bramev,4,4,4,t00300-c00096,96,300,8,0,8,True,False,satisfied,21.7988,22.4,28,1,43.886249884963036,366.31725006736815,0.02970895729959011,0.016625039279460907,366.3635840639472
optimistic,150,bramev,4,4,4,t00303-c00035,35,303,9,0,9,True,False,satisfied,20.4914,20.8,26,1,31.69474983587861,423.019457841292,0.02583395689725876,0.019833212718367577,423.06512501090765
optimistic,150,bramev,4,4,4,t00305-c00051,51,305,9,0,9,True,False,satisfied,24.6212,24.8,31,1,51.96016700938344,475.13633291237056,0.026667024940252304,0.01791701652109623,475.1809169538319
optimistic,150,bramev,4,4,4,t00306-c00093,93,306,4,0,4,True,False,cancelled_late,21.8851,0.0,0,1,208.81416695192456,1328.038124833256,0.026625115424394608,0.019833911210298538,1328.0845838598907
optimistic,150,bramev,4,4,4,t00306-c00144,144,306,10,0,10,True,False,cancelled_late,23.5588,0.0,0,1,41.900417068973184,1151.0120001621544,177.11716704070568,0.011416850611567497,1328.1405840534717
optimistic,150,bramev,4,4,4,t00307-c00093,93,307,4,0,4,True,False,satisfied,19.9226,20.0,40,1,135.28962503187358,1009.6299578435719,0.026250025257468224,0.017083948478102684,1009.6732918173075
optimistic,150,bramev,4,4,4,t00307-c00144,144,307,6,0,6,True,False,satisfied,22.2952,22.4,32,1,37.569125182926655,1009.5757499802858,0.12312503531575203,0.009333016350865364,1009.7082080319524
optimistic,150,bramev,4,4,4,t00308-c00086,86,308,12,0,12,True,False,satisfied,23.2843,23.6,59,1,155.6684160605073,1516.9042909983546,0.033542048186063766,0.022999942302703857,1516.9608329888433
optimistic,150,bramev,4,4,4,t00310-c00026,26,310,6,0,6,True,False,satisfied,8.4015,8.8,22,1,27.73683308623731,204.62358300574124,0.024667009711265564,0.02245791256427765,204.67070792801678
optimistic,150,bramev,4,4,4,t00311-c00088,88,311,2,0,2,True,False,satisfied,23.4798,23.5,47,1,82.64616690576077,273.60608405433595,124.09683293662965,0.02787495031952858,397.73079194128513
optimistic,150,bramev,4,4,4,t00311-c00138,138,311,4,0,4,True,False,satisfied,14.7499,14.8,37,1,162.28991700336337,397.621416952461,0.15070801600813866,0.010499963536858559,397.782624932006
optimistic,150,bramev,4,4,4,t00312-c00129,129,312,3,0,3,True,False,satisfied,25.0387,25.2,42,1,40.288500022143126,192.7424578461796,0.03404216840863228,0.021416926756501198,192.79791694134474
optimistic,150,bramev,4,4,4,t00313-c00113,113,313,12,0,12,True,False,satisfied,15.8787,16.1,23,1,46.368459006771445,475.9594590868801,0.0363329891115427,0.02191704697906971,476.0177091229707
optimistic,150,bramev,4,4,4,t00314-c00040,40,314,8,0,8,True,False,satisfied,26.6888,26.8,67,1,101.44958295859396,1127.6304998900741,0.026875175535678864,0.020290957763791084,1127.6776660233736
optimistic,150,bramev,4,4,4,t00320-c00139,139,320,3,0,3,True,False,satisfied,26.1849,26.5,53,1,137.59620813652873,377.893750090152,0.031499890610575676,0.017249956727027893,377.94249993748963
optimistic,150,bramev,4,4,4,t00323-c00010,10,323,7,0,7,True,False,satisfied,16.5003,16.8,21,1,27.482541045174003,244.16500004008412,0.020582927390933037,0.018832972273230553,244.2044159397483
optimistic,150,bramev,4,4,4,t00325-c00127,127,325,4,0,4,True,False,satisfied,26.1107,26.5,53,1,102.2199159488082,382.60475010611117,0.03237486816942692,0.018916092813014984,382.6560410670936
optimistic,150,bramev,4,4,4,t00325-c00137,137,325,3,1,3,True,False,cancelled_early,10.7177,0.0,0,1,519.4283330347389,963.3627498988062,0.14700018800795078,0.008207978680729866,963.5179580654949
optimistic,150,bramev,4,4,4,t00326-c00107,107,326,7,0,7,True,False,satisfied,21.4318,21.7,31,1,135.5391249526292,579.4735411182046,0.03437488339841366,0.024042092263698578,579.5319580938667
optimistic,150,bramev,4,4,4,t00327-c00047,47,327,17,0,17,True,False,satisfied,17.6084,18.0,30,1,49.25070912577212,1126.7895000055432,25.22304211743176,0.023582950234413147,1152.0361250732094
optimistic,150,bramev,4,4,4,t00327-c00137,137,327,8,0,8,True,False,satisfied,13.7338,14.4,18,1,72.11741688661277,1151.9199998583645,0.15616696327924728,0.010791001841425896,1152.0869578234851
optimistic,150,bramev,4,4,4,t00328-c00071,71,328,3,0,3,True,False,satisfied,17.2711,17.5,25,1,47.410333063453436,147.6797501090914,0.028207898139953613,0.02141715958714485,147.7293751668185
optimistic,150,bramev,4,4,4,t00329-c00087,87,329,12,0,12,True,False,satisfied,32.0464,32.8,41,1,33.372625010088086,837.1196251828223,0.035499921068549156,0.023416941985487938,837.1785420458764
optimistic,150,bramev,4,4,4,t00330-c00045,45,330,13,0,13,True,False,satisfied,20.6345,20.8,52,1,128.41020780615509,1376.8257920164615,0.029124785214662552,0.021208077669143677,1376.8761248793453
optimistic,150,bramev,4,4,4,t00331-c00003,3,331,8,0,8,True,False,satisfied,20.7408,20.8,26,1,80.34508279524744,610.7612908817828,0.022292137145996094,0.01645786687731743,610.8000408858061
optimistic,150,bramev,4,4,4,t00331-c00055,55,331,4,0,4,True,False,satisfied,26.7647,26.9077,34,1,80.29208309017122,526.7190001904964,84.0994999743998,0.007832888513803482,610.82633305341
optimistic,150,bramev,4,4,4,t00333-c00016,16,333,6,0,6,True,False,satisfied,23.0718,23.1,33,1,56.74412497319281,335.47308295965195,0.02229190431535244,0.018208054825663567,335.51358291879296
optimistic,150,bramev,4,4,4,t00336-c00135,135,336,3,0,3,True,False,satisfied,20.456,21.0,35,1,36.91675001755357,160.43066699057817,0.03141607157886028,0.01454213634133339,160.47662519849837
optimistic,150,bramev,4,4,4,t00337-c00072,72,337,4,0,4,True,False,satisfied,18.2623,18.4,46,1,111.03645898401737,415.29058408923447,0.02374988980591297,0.018124934285879135,415.33245891332626
optimistic,150,bramev,4,4,4,t00338-c00029,29,338,8,0,8,True,False,satisfied,21.4363,21.7,31,1,56.05574999935925,447.4557500798255,0.02687494270503521,0.020458130165934563,447.5030831526965
optimistic,150,bramev,4,4,4,t00339-c00132,132,339,3,0,3,True,False,no_show,20.0737,0.0,0,1,62.07812507636845,273.5274580772966,0.03183283843100071,0.016625039279460907,273.5759159550071
optimistic,150,bramev,4,4,4,t00340-c00091,91,340,5,0,5,True,False,satisfied,19.9935,20.0,25,1,43.68770797736943,230.72250001132488,0.03241584636271,0.018625054508447647,230.77354091219604
optimistic,150,bramev,4,4,4,t00341-c00053,53,341,14,0,14,True,False,satisfied,19.5037,20.0,40,1,47.20504116266966,1068.2141659781337,0.0336251687258482,0.023624859750270844,1068.2714160066098
optimistic,150,bramev,4,4,4,t00342-c00101,101,342,7,0,7,True,False,satisfied,22.7235,23.0,46,1,56.47266702726483,652.6575840543956,0.03195786848664284,0.02391706220805645,652.7134589850903
optimistic,150,bramev,4,4,4,t00344-c00011,11,344,2,0,2,True,False,satisfied,18.1009,18.4,23,1,81.54799998737872,388.5318338871002,218.3785829693079,0.016625039279460907,606.9270418956876
optimistic,150,bramev,4,4,4,t00344-c00041,41,344,5,0,5,True,False,cancelled_late,16.2011,0.0,0,1,149.84608278609812,606.8423329852521,0.11924980208277702,0.009792158380150795,606.9713749457151
optimistic,150,bramev,4,4,4,t00344-c00058,58,344,3,0,3,True,False,satisfied,21.9785,21.6,36,1,48.84141590446234,456.17591589689255,150.8001668844372,0.007292022928595543,606.9833748042583
optimistic,150,bramev,4,4,4,t00349-c00024,24,349,3,0,3,True,False,satisfied,19.5316,19.6,49,1,96.54616704210639,319.1792080178857,0.02129189670085907,0.018333084881305695,319.21883299946785
optimistic,150,bramev,4,4,4,t00350-c00032,32,350,5,0,5,True,False,satisfied,26.6101,27.0,45,1,312.3968339059502,2038.0984998773783,26.02070919238031,0.02087489701807499,2064.1400839667767
optimistic,150,bramev,4,4,4,t00350-c00041,41,350,10,0,10,True,False,satisfied,11.2585,11.6,29,1,312.3486249241978,2064.046832965687,0.13862503692507744,0.010499963536858559,2064.195957966149
optimistic,150,bramev,4,4,4,t00351-c00063,63,351,5,0,5,True,False,cancelled_early,18.1426,0.0,0,1,20.41262504644692,142.6206659525633,0.026250025257468224,0.020459061488509178,142.66737503930926
optimistic,150,bramev,4,4,4,t00352-c00063,63,352,5,0,5,True,False,satisfied,11.541,12.0,15,1,17.68158283084631,106.95624980144203,0.022500054910779,0.015832949429750443,106.99458280578256
optimistic,150,bramev,4,4,4,t00355-c00124,124,355,4,0,4,True,False,satisfied,28.2596,28.6673,36,1,67.43208295665681,268.42604111880064,0.026333844289183617,0.014625024050474167,268.4669999871403
optimistic,150,bramev,4,4,4,t00356-c00149,149,356,5,0,5,True,False,cancelled_late,19.2034,0.0,0,1,37.71166712976992,203.29083316028118,0.03420887514948845,0.019041122868657112,203.34408315829933
optimistic,150,bramev,4,4,4,t00357-c00149,149,357,5,0,5,True,False,satisfied,22.1617,22.4,32,1,51.1524579487741,264.94937506504357,0.034999800845980644,0.018750084564089775,265.00312495045364
optimistic,150,bramev,4,4,4,t00359-c00004,4,359,2,0,2,True,False,satisfied,16.4533,16.8,21,1,27.470833156257868,54.61566615849733,0.018666964024305344,0.01579197123646736,54.650125093758106
optimistic,150,bramev,4,4,4,t00360-c00008,8,360,3,0,3,True,False,cancelled_late,20.4074,0.0,0,1,74.2204578127712,187.88654101081192,0.02079200930893421,0.01695798709988594,187.92429100722075
optimistic,150,bramev,4,4,4,t00361-c00018,18,361,4,0,4,True,False,cancelled_late,13.1962,0.0,0,1,34.0014579705894,181.49579199962318,0.021790852770209312,0.017042038962244987,181.53462489135563
optimistic,150,bramev,4,4,4,t00362-c00018,18,362,2,0,2,True,False,satisfied,24.6794,24.979,50,1,73.96208308637142,149.77166708558798,0.020707957446575165,0.015582889318466187,149.80795793235302
optimistic,150,bramev,4,4,4,t00363-c00111,111,363,7,0,7,True,False,no_show,15.3377,0.0,0,1,48.18095802329481,497.60200013406575,0.03395788371562958,0.027042115107178688,497.66300013288856
optimistic,150,bramev,4,4,4,t00364-c00007,7,364,11,0,11,True,False,satisfied,17.5556,18.0,30,1,644.2182920873165,1819.0725001040846,52.71079204976559,0.021666986867785454,1871.804959140718
optimistic,150,bramev,4,4,4,t00364-c00008,8,364,5,0,5,True,False,satisfied,22.6521,22.8,38,1,644.1663748119026,1709.0457088779658,162.79091592878103,0.009084120392799377,1871.8457089271396
optimistic,150,bramev,4,4,4,t00364-c00141,141,364,6,0,6,True,False,cancelled_early,25.2396,0.0,0,1,751.5169999096543,1871.6426668688655,0.18666614778339863,0.00833394005894661,1871.8376669567078
optimistic,150,bramev,4,4,4,t00365-c00141,141,365,6,0,6,True,False,no_show,26.0381,0.0,0,1,81.04045898653567,421.59383394755423,0.03595789894461632,0.021249987185001373,421.65104183368385
optimistic,150,bramev,4,4,4,t00366-c00052,52,366,10,0,10,True,False,cancelled_early,25.7591,0.0,0,1,103.53954182937741,835.4696668684483,0.02945796586573124,0.01837499439716339,835.5174998287112
optimistic,150,bramev,4,4,4,t00367-c00052,52,367,7,0,7,True,False,satisfied,27.1968,27.6,46,1,57.26045789197087,656.0109159909189,0.02545909956097603,0.022582942619919777,656.0589580330998
optimistic,150,bramev,4,4,4,t00368-c00118,118,368,3,0,3,True,False,satisfied,24.6574,24.8,62,1,257.00266705825925,674.4626672007143,0.0335408840328455,0.020416919142007828,674.5166250038892
optimistic,150,bramev,4,4,4,t00368-c00145,145,368,3,0,3,True,False,satisfied,25.3839,25.6,32,1,256.9514580536634,674.411416053772,0.13616681098937988,0.00762520357966423,674.555208068341
optimistic,150,bramev,4,4,4,t00369-c00131,131,369,2,0,2,True,False,cancelled_early,27.3366,0.0,0,1,137.73650000803173,252.1603750064969,0.029667047783732414,0.015916069969534874,252.20595812425017
optimistic,150,bramev,4,4,4,t00370-c00131,131,370,2,0,2,True,False,satisfied,19.8957,20.0,50,1,80.36616607569158,143.46679113805294,0.02970895729959011,0.016249949112534523,143.51275004446507
optimistic,150,bramev,4,4,4,t00372-c00092,92,372,13,0,13,True,False,satisfied,9.9173,10.4,13,1,18.113833153620362,474.98962515965104,0.03400002606213093,0.02033286727964878,475.0439580529928
optimistic,150,bramev,4,4,4,t00372-c00114,114,372,3,0,3,True,False,satisfied,13.1324,13.2,33,1,60.905082849785686,349.0731657948345,125.9960001334548,0.007542083039879799,475.0767080113292
optimistic,150,bramev,4,4,4,t00373-c00143,143,373,2,0,2,True,False,satisfied,25.9983,26.0,52,1,91.87095798552036,157.8545409720391,0.029959017410874367,0.01554097980260849,157.9000409692526
optimistic,150,bramev,4,4,4,t00375-c00070,70,375,3,0,3,True,False,satisfied,27.8221,28.0,70,1,214.6187499165535,528.3975410275161,0.028084032237529755,0.019290950149297714,528.444916009903
optimistic,150,bramev,4,4,4,t00376-c00077,77,376,5,0,5,True,False,satisfied,20.2707,20.4,51,1,106.42529116012156,613.542583072558,0.027999980375170708,0.02008303999900818,613.5906660929322
optimistic,150,bramev,4,4,4,t00376-c00147,147,376,5,0,5,True,False,satisfied,19.9169,20.3,29,1,46.807541977614164,548.1136250309646,65.50587504170835,0.009542098268866539,613.6290421709418
optimistic,150,bramev,4,4,4,t00377-c00037,37,377,2,0,2,True,False,satisfied,16.0967,16.8,21,1,30.04324994981289,47.79887502081692,0.019208062440156937,0.014791963621973991,47.83287504687905
optimistic,150,bramev,4,4,4,t00380-c00105,105,380,7,0,7,True,False,cancelled_late,20.8091,0.0,0,1,73.70349997654557,873.7283339723945,0.0296661164611578,0.01974985934793949,873.7777499482036
optimistic,150,bramev,4,4,4,t00383-c00103,103,383,11,0,11,True,False,satisfied,28.1984,28.5,57,1,122.89254204370081,1366.0915840882808,0.03554089926183224,0.022166874259710312,1366.1492918618023
optimistic,150,bramev,4,4,4,t00385-c00133,133,385,4,0,4,True,False,satisfied,21.7434,22.0,44,1,106.70095798559487,355.09504098445177,0.030167168006300926,0.01933285966515541,355.1445410121232
optimistic,150,bramev,4,4,4,t00386-c00105,105,386,5,0,5,True,False,satisfied,23.3962,23.6,59,1,159.53154093585908,711.6565830074251,0.02829195000231266,0.01754099503159523,711.702415952459
optimistic,150,bramev,4,4,4,t00389-c00099,99,389,5,0,5,True,False,satisfied,27.5858,27.6,69,1,147.02320797368884,767.5820831209421,0.030624913051724434,0.020167091861367226,767.6328751258552
optimistic,150,bramev,4,4,4,t00390-c00060,60,390,6,0,6,True,False,no_show,18.8334,0.0,0,1,64.2420828808099,364.6141660865396,0.030458904802799225,0.032250070944428444,364.67687506228685
optimistic,150,bramev,4,4,4,t00391-c00050,50,391,10,0,10,True,False,satisfied,16.2373,16.4,41,1,51.78887490183115,742.247459013015,0.02791592851281166,0.024041859433054924,742.2994168009609
optimistic,150,bramev,4,4,4,t00395-c00090,90,395,2,0,2,True,False,satisfied,17.046,17.6,22,1,33.7074170820415,52.02066712081432,0.02591707743704319,0.014457851648330688,52.0610420498997
optimistic,150,bramev,4,4,4,t00398-c00023,23,398,2,0,2,True,False,satisfied,11.6346,12.0,30,1,167.29645803570747,666.7016670107841,409.48520810343325,0.018750084564089775,1076.2056251987815
optimistic,150,bramev,4,4,4,t00398-c00148,148,398,11,0,11,True,False,cancelled_early,17.8937,0.0,0,1,118.58037486672401,1076.1071247979999,0.1496251206845045,0.01454097218811512,1076.2712908908725
optimistic,150,bramev,4,4,4,t00399-c00148,148,399,7,0,7,True,False,no_show,16.1836,0.0,0,1,76.52270793914795,580.4137920495123,0.03854092210531235,0.024416949599981308,580.4767499212176
optimistic,150,bramev,4,4,4,t00401-c00015,15,401,2,0,2,True,False,cancelled_late,24.7118,0.0,0,1,91.34308388456702,134.3491249717772,0.023416941985487938,0.024999957531690598,134.39754187129438
optimistic,150,bramev,4,4,4,t00402-c00015,15,402,5,0,5,True,False,satisfied,18.7248,19.0,38,1,39.520957972854376,3497.9757079854608,473.78695802763104,0.02550007775425911,3971.788166090846
optimistic,150,bramev,4,4,4,t00402-c00021,21,402,6,0,6,True,False,satisfied,19.209,19.2,24,1,535.1114580407739,3971.6847920790315,0.1421659253537655,0.010750023648142815,3971.8377080280334
optimistic,150,bramev,4,4,4,t00402-c00022,22,402,7,0,7,True,False,satisfied,22.9945,23.0,46,1,535.0692498032004,3971.642291871831,0.18858304247260094,0.00837491825222969,3971.8392498325557
optimistic,150,bramev,4,4,4,t00402-c00059,59,402,7,0,7,True,False,satisfied,32.0487,32.4,81,1,535.0221251137555,3971.5950412210077,0.22849999368190765,0.0070838723331689835,3971.830625087023
optimistic,150,bramev,4,4,4,t00402-c00132,132,402,5,0,5,True,False,satisfied,28.2214,28.4,71,1,696.0095409303904,2927.0703750662506,1044.739207951352,0.005749985575675964,3971.8153330031782
optimistic,150,bramev,4,4,4,t00404-c00075,75,404,5,0,5,True,False,cancelled_early,22.6261,0.0,0,1,28.661000076681376,209.03333299793303,0.024875160306692123,0.017249956727027893,209.07545811496675
optimistic,150,bramev,4,4,4,t00405-c00075,75,405,5,0,5,True,False,cancelled_early,24.6204,0.0,0,1,227.83720795996487,849.5932500809431,0.027166912332177162,0.01858314499258995,849.6390001382679
optimistic,150,bramev,4,4,4,t00405-c00102,102,405,4,0,4,True,False,satisfied,25.4237,25.8,43,1,227.78175002895296,814.6257919725031,35.058500012382865,0.007833121344447136,849.6921251062304
optimistic,150,bramev,4,4,4,t00406-c00075,75,406,5,0,5,True,False,satisfied,22.839,23.2,29,1,282.0477089844644,884.1755841858685,0.028624897822737694,0.018249964341521263,884.2224590480328
optimistic,150,bramev,4,4,4,t00406-c00100,100,406,3,0,3,True,False,satisfied,21.9419,22.2,37,1,281.9982501678169,634.6015420276672,249.65387512929738,0.00795791856944561,884.263375075534
optimistic,150,bramev,4,4,4,t00406-c00111,111,406,3,0,3,True,False,satisfied,23.6981,24.0,60,1,119.96508296579123,850.7627500221133,33.4912920370698,0.007250113412737846,884.2612921725959
optimistic,150,bramev,4,4,4,t00407-c00000,0,407,5,0,5,True,False,satisfied,21.6155,21.7,31,1,108.71812491677701,674.8772079590708,0.019249971956014633,0.017042038962244987,674.9134999699891
optimistic,150,bramev,4,4,4,t00407-c00033,33,407,5,0,5,True,False,cancelled_early,15.1312,0.0,0,1,58.68295906111598,614.6040840540081,60.3386249858886,0.00900006853044033,674.9517091084272
optimistic,150,bramev,4,4,4,t00407-c00078,78,407,3,0,3,True,False,satisfied,21.3489,21.7,31,1,71.44525018520653,357.089624973014,317.8631670307368,0.006458023563027382,674.9592500273138
optimistic,150,bramev,4,4,4,t00408-c00025,25,408,3,0,3,True,False,satisfied,13.1127,13.2,22,1,58.584791142493486,367.0327081345022,94.93333287537098,0.018167076632380486,461.98420808650553
optimistic,150,bramev,4,4,4,t00408-c00033,33,408,5,0,5,True,False,satisfied,16.3432,16.4,41,1,58.53695888072252,461.89595898613334,0.12174993753433228,0.008708098903298378,462.02641702257097
optimistic,150,bramev,4,4,4,t00411-c00014,14,411,2,0,2,True,False,satisfied,31.9096,32.0,64,1,95.89312504976988,343.68479205295444,180.1968328654766,0.01800013706088066,523.8996250554919
optimistic,150,bramev,4,4,4,t00411-c00141,141,411,4,0,4,True,False,satisfied,25.7108,25.8,43,1,161.68958297930658,523.807791993022,0.12329081073403358,0.009334180504083633,523.9404169842601
optimistic,150,bramev,4,4,4,t00414-c00076,76,414,4,0,4,True,False,cancelled_early,18.7435,0.0,0,1,55.14504201710224,253.69716715067625,0.024499837309122086,0.020791077986359596,253.74245806597173
optimistic,150,bramev,4,4,4,t00415-c00076,76,415,4,0,4,True,False,satisfied,18.4285,18.5,37,1,53.92425018362701,242.69975000061095,0.025416957214474678,0.01691700890660286,242.74208396673203
optimistic,150,bramev,4,4,4,t00416-c00082,82,416,1,0,1,True,False,satisfied,22.2264,18.5,37,1,21.257124841213226,21.257124841213226,0.025958986952900887,0.014458084478974342,21.2975419126451
optimistic,150,bramev,4,4,4,t00418-c00013,13,418,4,0,4,True,False,satisfied,30.8267,31.2,78,1,221.42812493257225,839.9421249050647,0.01908303238451481,0.022666994482278824,839.9838749319315
optimistic,150,bramev,4,4,4,t00422-c00066,66,422,5,0,5,True,False,no_show,20.6752,0.0,0,1,38.33054192364216,259.2109590768814,0.029207905754446983,0.022208085283637047,259.2623750679195
optimistic,150,bramev,4,4,4,t00424-c00085,85,424,3,0,3,True,False,cancelled_late,24.4982,0.0,0,1,42.199666844680905,175.8929998613894,0.02887495793402195,0.020625069737434387,175.94249988906085
optimistic,150,bramev,4,4,4,t00425-c00026,26,425,2,0,2,True,False,satisfied,17.2173,17.6,44,1,236.13654100336134,396.80491597391665,74.16537497192621,0.020042061805725098,470.9903330076486
optimistic,150,bramev,4,4,4,t00425-c00085,85,425,3,0,3,True,False,satisfied,23.347,23.8,34,1,54.62916707620025,470.8889168687165,0.1365412026643753,0.00937492586672306,471.0348329972476
optimistic,150,bramev,4,4,4,t00425-c00115,115,425,2,0,2,True,False,satisfied,19.245,19.8,33,1,236.03362496942282,396.70195803046227,74.32154193520546,0.005624955520033836,471.02912492118776
optimistic,150,bramev,4,4,4,t00426-c00079,79,426,16,0,16,True,False,satisfied,21.4941,21.6,36,1,57.89070809260011,1017.701790900901,0.03616698086261749,0.023625092580914497,1017.7615829743445
optimistic,150,bramev,4,4,4,t00427-c00108,108,427,5,0,5,True,False,satisfied,22.0064,22.2,37,1,62.36324994824827,301.6166668385267,0.02945796586573124,0.016167061403393745,301.66229186579585
optimistic,150,bramev,4,4,4,t00428-c00089,89,428,5,0,5,True,False,satisfied,25.5736,25.8,43,1,22.685875184834003,325.83600003272295,0.028999987989664078,0.018208986148238182,325.88320900686085
optimistic,150,bramev,4,4,4,t00430-c00031,31,430,3,0,3,True,False,satisfied,21.235,21.6,54,1,113.98533312603831,366.72508297488093,0.02391706220805645,0.020415987819433212,366.7694160249084
optimistic,150,bramev,4,4,4,t00432-c00067,67,432,3,0,3,True,False,cancelled_early,29.7753,0.0,0,1,77.11466704495251,423.74858306720853,0.026541994884610176,0.02037500962615013,423.7955000717193
optimistic,150,bramev,4,4,4,t00432-c00123,123,432,3,0,3,True,False,satisfied,16.7201,16.2,27,1,98.3485421165824,297.31370811350644,126.53433391824365,0.00937492586672306,423.8574169576168
optimistic,150,bramev,4,4,4,t00433-c00017,17,433,6,0,6,True,False,satisfied,15.8491,16.1,23,1,104.94058299809694,503.8233329541981,0.019875122234225273,0.017124926671385765,503.86033300310373
optimistic,150,bramev,4,4,4,t00433-c00067,67,433,3,0,3,True,False,satisfied,28.5064,28.8,48,1,77.9132922179997,428.57845802791417,75.30179200693965,0.009041978046298027,503.8892920129001
optimistic,150,bramev,4,4,4,t00437-c00081,81,437,7,0,7,True,False,cancelled_late,23.2247,0.0,0,1,48.41212509199977,340.3411670587957,0.029792077839374542,0.020582927390933037,340.391542064026
optimistic,150,bramev,4,4,4,t00438-c00060,60,438,3,0,3,True,False,satisfied,28.9479,29.0,58,1,52.80358390882611,297.6080838125199,0.027875183150172234,0.02154102548956871,297.65750002115965
optimistic,150,bramev,4,4,4,t00442-c00009,9,442,4,0,4,True,False,cancelled_early,16.3138,0.0,0,1,43.691915925592184,233.10791584663093,75.2300419844687,0.023042084649205208,308.36099991574883
optimistic,150,bramev,4,4,4,t00442-c00083,83,442,4,0,4,True,False,satisfied,14.0191,14.4,18,1,108.72958297841251,308.25845804065466,0.1612498890608549,0.010584015399217606,308.43029194511473
optimistic,150,bramev,4,4,4,t00443-c00009,9,443,2,0,2,True,False,satisfied,9.312,9.6,16,1,191.58970890566707,600.5007498897612,299.68000017106533,0.018499791622161865,900.1992498524487
optimistic,150,bramev,4,4,4,t00443-c00020,20,443,8,0,8,True,False,satisfied,27.4582,27.6,46,1,131.44958415068686,900.1091669779271,0.12837513349950314,0.011208001524209976,900.2487501129508
optimistic,150,bramev,4,4,4,t00443-c00081,81,443,5,0,5,True,False,no_show,10.7441,0.0,0,1,131.39916700311005,725.3852498251945,174.85195817425847,0.006791902706027031,900.243999902159
optimistic,150,bramev,4,4,4,t00444-c00042,42,444,6,0,6,True,False,satisfied,24.2616,24.5,49,1,117.44062486104667,1155.079415999353,0.02483394928276539,0.020165927708148956,1155.1244158763438
optimistic,150,bramev,4,4,4,t00444-c00054,54,444,7,0,7,True,False,satisfied,30.1185,30.1,43,1,54.103167029097676,1064.1417088918388,91.01762506179512,0.01154094934463501,1155.1708749029785
optimistic,150,bramev,4,4,4,t00447-c00094,94,447,18,0,18,True,False,satisfied,31.4261,31.6,79,1,215.0722499936819,4376.78770814091,0.04037492908537388,0.0260830856859684,4376.854166155681
optimistic,150,bramev,4,4,4,t00447-c00119,119,447,7,0,7,True,False,satisfied,14.4389,14.7,21,1,26.99950011447072,3534.242582973093,842.6463331561536,0.010624993592500687,4376.899541122839
optimistic,150,bramev,4,4,4,t00448-c00036,36,448,5,0,5,True,False,cancelled_late,19.3059,0.0,0,1,67.94016598723829,703.5483750514686,0.025791116058826447,0.019583851099014282,703.5937500186265
optimistic,150,bramev,4,4,4,t00448-c00049,49,448,2,0,2,True,False,no_show,25.3821,0.0,0,1,422.9430831037462,634.9883750081062,68.64641606807709,0.007541850209236145,703.6423329263926
optimistic,150,bramev,4,4,4,t00452-c00069,69,452,13,0,13,True,False,satisfied,16.2266,16.5,33,1,49.65416621416807,673.3794161118567,0.036084093153476715,0.025624874979257584,673.4411250799894
optimistic,150,bramev,4,4,4,t00453-c00036,36,453,2,0,2,True,False,satisfied,14.2895,14.5,29,1,189.11933293566108,967.9082499351352,760.9872501343489,0.01737498678267002,1728.9128750562668
optimistic,150,bramev,4,4,4,t00453-c00148,148,453,17,0,17,True,False,satisfied,20.0494,20.4,51,1,84.16929212398827,1728.8090421352535,0.14712498523294926,0.016207806766033173,1728.9723749272525
optimistic,150,bramev,4,4,4,t00456-c00112,112,456,6,0,6,True,False,satisfied,11.0848,11.2,14,1,23.4375,147.28791709057987,0.03154110163450241,0.0189170241355896,147.33837521634996
optimistic,150,bramev,4,4,4,t00457-c00130,130,457,3,0,3,True,False,satisfied,26.3482,26.5,53,1,70.59579202905297,272.8119168896228,0.0325001310557127,0.01733284443616867,272.8617498651147
optimistic,150,bramev,4,4,4,t00458-c00081,81,458,2,0,2,True,False,satisfied,26.1811,22.4,28,1,47.30816604569554,71.98187499307096,0.029416056349873543,0.020124949514865875,72.0314159989357
optimistic,150,bramev,4,4,4,t00459-c00039,39,459,5,0,5,True,False,satisfied,23.5702,24.0,30,1,44.30608404800296,284.597042016685,0.024999957531690598,0.0177919864654541,284.63983396068215
optimistic,150,bramev,4,4,4,t00460-c00057,57,460,6,0,6,True,False,cancelled_early,29.1818,0.0,0,1,170.36112491041422,944.76587488316,0.026292167603969574,0.02091587521135807,944.8130829259753
optimistic,150,bramev,4,4,4,t00461-c00057,57,461,3,0,3,True,False,no_show,27.4927,0.0,0,1,77.91245798580348,407.95233310200274,0.02929195761680603,0.019333092495799065,408.00095815211535
optimistic,150,bramev,4,4,4,t00463-c00122,122,463,4,0,4,True,False,no_show,20.6649,0.0,0,1,42.03750006854534,150.86879208683968,0.030583003535866737,0.017707934603095055,150.91708302497864
optimistic,150,bramev,4,4,4,t00464-c00012,12,464,5,0,5,True,False,satisfied,10.2894,10.5,21,1,28.61879183910787,157.538624946028,0.022416934370994568,0.0213750172406435,157.58241689763963
optimistic,150,bramev,4,4,4,t00465-c00006,6,465,10,0,10,True,False,satisfied,21.1655,21.7,31,1,48.6243749037385,568.4119579382241,0.028416980057954788,0.02150004729628563,568.4618749655783
optimistic,150,bramev,4,4,4,t00466-c00066,66,466,7,0,7,True,False,satisfied,22.4179,22.8,38,1,46.88308294862509,501.36254192329943,0.027291011065244675,0.023875152692198753,501.4137080870569
optimistic,150,bramev,4,4,4,t00467-c00074,74,467,3,0,3,True,False,cancelled_early,25.4767,0.0,0,1,74.927750043571,338.92704197205603,0.027750153094530106,0.01895800232887268,338.97375012747943
optimistic,150,bramev,4,4,4,t00467-c00146,146,467,2,0,2,True,False,cancelled_late,18.5765,0.0,0,1,128.6651249974966,237.99370788037777,101.01979202590883,0.007792143151164055,339.02129204943776
optimistic,150,bramev,4,4,4,t00468-c00074,74,468,12,0,12,True,False,satisfied,24.4252,24.6,41,1,67.13250000029802,1603.1834159512073,181.27337517216802,0.02774992026388645,1784.4845410436392
optimistic,150,bramev,4,4,4,t00468-c00128,128,468,11,0,11,True,False,satisfied,27.6764,28.0,35,1,175.09937495924532,1784.3657499179244,0.16087503172457218,0.01195794902741909,1784.5385828986764
optimistic,150,bramev,4,4,4,t00468-c00146,146,468,2,0,2,True,False,satisfied,18.4143,18.5,37,1,507.804041961208,1307.3177498299628,477.20954194664955,0.006125075742602348,1784.533416852355
optimistic,150,bramev,4,4,4,t00470-c00080,80,470,4,0,4,True,False,satisfied,28.077,28.4,71,1,166.92904196679592,710.6709580402821,0.028125010430812836,0.020666979253292084,710.7197500299662
optimistic,150,bramev,4,4,4,t00471-c00136,136,471,4,0,4,True,False,satisfied,24.414,24.6,41,1,84.43462499417365,329.84016719274223,0.032499898225069046,0.020832987502217293,329.8935000784695
optimistic,150,bramev,4,4,4,t00474-c00073,73,474,3,0,3,True,False,satisfied,26.7901,27.0,45,1,28.43854110687971,199.42416599951684,0.027167145162820816,0.01974985934793949,199.4710830040276
optimistic,150,bramev,4,4,4,t00475-c00019,19,475,2,0,2,True,False,satisfied,10.8758,11.0,22,1,50.762916915118694,134.80891683138907,70.16879203729331,0.015500001609325409,204.9932088702917
optimistic,150,bramev,4,4,4,t00475-c00137,137,475,5,0,5,True,False,satisfied,15.5372,16.0,20,1,22.729583084583282,204.90137487649918,0.12145820073783398,0.009124865755438805,205.03195794299245
optimistic,150,bramev,4,4,4,t00476-c00134,134,476,2,0,2,True,False,satisfied,23.4553,24.0,40,1,56.24933401122689,96.54108411632478,0.029999995604157448,0.01433282159268856,96.58541693352163
optimistic,150,bramev,4,4,4,t00481-c00048,48,481,5,0,5,True,False,satisfied,21.0931,21.2,53,1,37.38783299922943,480.8187917806208,0.024250010028481483,0.01816614530980587,480.8612079359591
optimistic,150,bramev,4,4,4,t00486-c00065,65,486,6,0,6,True,False,satisfied,28.6893,28.7,41,1,30.95845808275044,393.658708082512,0.02429191954433918,0.015875091776251793,393.6988750938326
optimistic,150,bramev,4,4,4,t00488-c00041,41,488,3,0,3,True,False,cancelled_early,10.523,0.0,0,1,15.08583314716816,119.21441601589322,33.28854194842279,0.01658312976360321,152.5195410940796
optimistic,150,bramev,4,4,4,t00488-c00120,120,488,2,0,2,True,False,cancelled_early,19.1793,0.0,0,1,39.42366689443588,152.42529194802046,0.12979097664356232,0.006916932761669159,152.5619998574257
optimistic,150,bramev,4,4,4,t00489-c00027,27,489,2,0,2,True,False,satisfied,21.6087,22.2,37,1,175.44408282265067,447.10666593164206,185.7952498830855,0.01912517473101616,632.9210409894586
optimistic,150,bramev,4,4,4,t00489-c00041,41,489,3,0,3,True,False,cancelled_early,16.6445,0.0,0,1,103.08945807628334,546.4082080870867,86.46695781499147,0.010041985660791397,632.8852078877389
optimistic,150,bramev,4,4,4,t00489-c00120,120,489,6,0,6,True,False,satisfied,20.9253,21.6,27,1,132.32641597278416,632.691124919802,0.19666599109768867,0.007875030860304832,632.89566594176
optimistic,150,bramev,4,4,4,t00490-c00041,41,490,3,0,3,True,False,satisfied,17.154,16.8,42,1,94.6681669447571,381.71924999915063,0.02383394166827202,0.016707926988601685,381.7597918678075
optimistic,150,bramev,4,4,4,t00490-c00092,92,490,3,0,3,True,False,satisfied,18.8918,19.2,24,1,109.88629097118974,279.920790810138,101.86812514439225,0.00837491825222969,381.79729087278247
optimistic,150,bramev,4,4,4,t00491-c00110,110,491,5,0,5,True,False,satisfied,20.9589,21.0,30,1,13.188666896894574,188.47087491303682,0.02945913001894951,0.021165935322642326,188.52149997837842
optimistic,150,bramev,4,4,4,t00492-c00061,61,492,10,0,10,True,False,satisfied,23.6104,24.0,48,1,63.437707955017686,959.6391250379384,0.027667032554745674,0.02208305522799492,959.6888751257211
optimistic,150,bramev,4,4,4,t00493-c00068,68,493,11,0,11,True,False,satisfied,30.2715,30.8,44,1,92.91304112412035,903.1130000948906,0.03241607919335365,0.02183392643928528,903.1672501005232
optimistic,150,bramev,4,4,4,t00496-c00038,38,496,3,0,3,True,False,satisfied,16.0904,16.8,21,1,35.81495792604983,208.55654194019735,0.02400018274784088,0.016707926988601685,208.5972500499338
optimistic,150,bramev,4,4,4,t00496-c00063,63,496,3,0,3,True,False,satisfied,21.8053,22.4,28,1,47.82633297145367,165.60987499542534,43.0139999371022,0.008290866389870644,208.6321657989174
optimistic,150,bramev,4,4,4,t00497-c00140,140,497,3,0,3,True,False,satisfied,16.4812,16.8,24,1,43.015833012759686,135.48254198394716,0.03195810131728649,0.014750054106116295,135.52925013937056
optimistic,150,bramev,4,4,4,t00501-c00098,98,501,3,0,3,True,False,cancelled_late,22.919,0.0,0,1,29.398875078186393,165.48425005748868,0.031499890610575676,0.016834121197462082,165.53258406929672
optimistic,150,bramev,4,4,4,t00503-c00034,34,503,3,0,3,True,False,cancelled_early,19.1199,0.0,0,1,69.02462500147521,267.06820796243846,114.74850005470216,0.017958926036953926,381.8346669431776
optimistic,150,bramev,4,4,4,t00503-c00122,122,503,5,0,5,True,False,satisfied,19.8842,20.3,29,1,52.85512492991984,381.7405831068754,0.13520894572138786,0.008916016668081284,381.8847080692649
optimistic,150,bramev,4,4,4,t00504-c00034,34,504,3,0,3,True,False,no_show,19.2564,0.0,0,1,15.927000204101205,121.09366711229086,0.02333289012312889,0.016209203749895096,121.13320920616388
optimistic,150,bramev,4,4,4,t00505-c00044,44,505,6,0,6,True,False,satisfied,21.6395,22.0,55,1,74.89200006239116,677.8978339862078,0.023208092898130417,0.0174578744918108,677.9384999535978
optimistic,150,bramev,4,4,4,t00506-c00010,10,506,4,0,4,True,False,satisfied,19.9227,20.0,25,1,165.23104184307158,1137.296583969146,116.97495798580348,0.015500001609325409,1254.2870419565588
optimistic,150,bramev,4,4,4,t00506-c00138,138,506,13,0,13,True,False,cancelled_late,10.89,0.0,0,1,165.17158295027912,1254.1925408877432,0.12879213318228722,0.012124888598918915,1254.3334579095244
optimistic,150,bramev,4,4,4,t00507-c00093,93,507,9,0,9,True,False,satisfied,16.2753,16.5,33,1,36.88108315691352,529.4815830420703,0.03179209306836128,0.0210409052670002,529.5344160404056
optimistic,150,bramev,4,4,4,t00508-c00046,46,508,13,0,13,True,False,satisfied,9.7568,10.0,20,1,51.372542046010494,1014.6023330744356,0.03120885230600834,0.02437504008412361,1014.6579169668257
optimistic,150,bramev,4,4,4,t00508-c00098,98,508,4,0,4,True,False,satisfied,17.2841,17.4,29,1,26.902541983872652,528.798749903217,485.9007920604199,0.009207986295223236,1014.7087499499321
optimistic,150,bramev,4,4,4,t00508-c00113,113,508,15,0,15,True,False,cancelled_late,10.1746,0.0,0,1,159.5680001191795,974.0206249989569,40.68870795890689,0.010792165994644165,1014.7201251238585
optimistic,150,bramev,4,4,4,t00509-c00049,49,509,7,0,7,True,False,satisfied,32.3939,32.0,64,1,85.33566584810615,1026.3840828556567,0.026625115424394608,0.0260830856859684,1026.436791056767
optimistic,150,bramev,4,4,4,t00510-c00138,138,510,13,0,13,True,False,cancelled_late,15.0461,0.0,0,1,94.7762499563396,895.9342911839485,0.04187482409179211,0.022666994482278824,895.9988330025226
optimistic,150,bramev,4,4,4,t00512-c00028,28,512,5,0,5,True,False,satisfied,20.8661,21.2,53,1,71.42741698771715,665.1177499443293,84.2502920422703,0.021415995433926582,749.3894579820335
optimistic,150,bramev,4,4,4,t00512-c00056,56,512,6,0,6,True,False,satisfied,18.7652,19.0,38,1,143.6083330772817,749.2905410472304,0.1366669312119484,0.011082971468567848,749.4382909499109
optimistic,150,bramev,4,4,4,t00513-c00104,104,513,9,0,9,True,False,satisfied,23.4371,23.5,47,1,59.657958103343844,738.8331249821931,0.030583003535866737,0.01737498678267002,738.8810829725116
optimistic,150,bramev,4,4,4,t00514-c00113,113,514,8,0,8,True,False,cancelled_early,18.5922,0.0,0,1,30.612375121563673,308.43900004401803,0.03374996595084667,0.02008303999900818,308.4928330499679
optimistic,150,bramev,4,4,4,t00515-c00113,113,515,8,0,8,True,False,satisfied,16.3038,16.8,24,1,26.307374937459826,249.6832909528166,0.031709205359220505,0.0199158675968647,249.7349160257727
optimistic,150,bramev,4,4,4,t00516-c00106,106,516,8,0,8,True,False,satisfied,21.6355,22.0,44,1,54.06191688962281,548.5681248828769,0.03558304160833359,0.02450007013976574,548.628207994625
optimistic,150,bramev,4,4,4,t00517-c00001,1,517,3,1,3,True,False,no_show,22.737,0.0,0,1,435.3319581132382,791.2387910764664,0.018625054508447647,0.018124934285879135,791.2755410652608
optimistic,150,bramev,4,4,4,t00517-c00138,138,517,4,0,4,True,False,satisfied,14.5133,14.8,37,1,30.656833900138736,217.50991698354483,0.035999808460474014,0.017458107322454453,217.56337489932775
optimistic,150,bramev,4,4,4,t00518-c00002,2,518,8,0,8,True,False,no_show,13.2435,0.0,0,1,31.093416968360543,498.71516693383455,73.6631250474602,0.011750031262636185,572.3900420125574
optimistic,150,bramev,4,4,4,t00518-c00125,125,518,2,0,2,True,False,cancelled_late,21.2483,0.0,0,1,76.48849999532104,365.7527908217162,206.61195903085172,0.006666174158453941,572.3714160267264
optimistic,150,bramev,4,4,4,t00519-c00097,97,519,8,0,8,True,False,satisfied,17.1002,17.4,29,1,43.665749952197075,368.44670795835555,0.030625145882368088,0.021041836589574814,368.4983749408275
optimistic,150,bramev,4,4,4,t00521-c00095,95,521,17,0,17,True,False,satisfied,17.8253,18.4,23,1,24.651125073432922,886.7228750605136,0.0392089132219553,0.022416003048419952,886.784499976784
optimistic,150,bramev,4,4,4,t00521-c00125,125,521,5,0,5,True,False,cancelled_early,20.4114,0.0,0,1,48.906459007412195,886.671792017296,0.14450005255639553,0.008541857823729515,886.8248339276761
optimistic,150,bramev,4,4,4,t00522-c00084,84,522,5,0,5,True,False,cancelled_late,20.0758,0.0,0,1,464.4190832041204,1956.225500209257,79.18320782482624,0.022833002731204033,2035.4315410368145
optimistic,150,bramev,4,4,4,t00522-c00114,114,522,11,0,11,True,False,satisfied,22.7357,22.8,57,1,464.36766698025167,2035.326624987647,0.15566684305667877,0.011667143553495407,2035.493958974257
optimistic,150,bramev,4,4,4,t00522-c00125,125,522,4,0,4,True,False,satisfied,13.3216,14.0,20,1,464.324832893908,1643.2770828250796,392.2063331119716,0.00600004568696022,2035.4894159827381
optimistic,150,bramev,4,4,4,t00523-c00071,71,523,3,0,3,True,False,satisfied,14.0411,14.7,21,1,42.68179181963205,123.40470892377198,0.02774992026388645,0.019249971956014633,123.45170881599188
optimistic,150,bramev,4,4,4,t00526-c00084,84,526,12,0,12,True,False,satisfied,18.8076,19.2,32,1,61.931541888043284,699.6382919605821,0.03195810131728649,0.018541933968663216,699.6887919958681
optimistic,150,bramev,4,4,4,t00531-c00121,121,531,5,0,5,True,False,satisfied,22.7133,22.8,38,1,61.27012497745454,328.7124577909708,0.030084047466516495,0.01900014467537403,328.7615419831127
optimistic,150,bramev,4,4,4,t00532-c00064,64,532,8,0,8,True,False,satisfied,22.169,22.4,56,1,107.27362497709692,906.6009998787194,0.029792077839374542,0.020791077986359596,906.6515830345452
optimistic,150,bramev,4,4,4,t00534-c00004,4,534,2,0,2,True,False,cancelled_early,19.1315,0.0,0,1,37.0383330155164,68.43908317387104,0.016666948795318604,0.015124911442399025,68.47087503410876
optimistic,150,bramev,4,4,4,t00535-c00004,4,535,2,0,2,True,False,cancelled_late,21.1828,0.0,0,1,151.63249988108873,323.0669579934329,0.01937500201165676,0.015958910807967186,323.1022919062525
optimistic,150,bramev,4,4,4,t00535-c00057,57,535,2,0,2,True,False,cancelled_late,21.1139,0.0,0,1,151.5781250782311,323.01270915195346,0.12274994514882565,0.0066659413278102875,323.1421250384301
optimistic,150,bramev,4,4,4,t00537-c00004,4,537,3,0,3,True,False,no_show,19.7901,0.0,0,1,23.138207849115133,186.25645781867206,113.36037516593933,0.01974985934793949,299.63658284395933
optimistic,150,bramev,4,4,4,t00537-c00062,62,537,4,0,4,True,False,satisfied,20.9375,21.0,30,1,127.18650000169873,299.54958404414356,0.1126658171415329,0.008292030543088913,299.6705418918282
optimistic,150,bramev,4,4,4,t00539-c00057,57,539,2,0,2,True,False,satisfied,33.6381,34.0,85,1,216.2843330297619,407.96720795333385,0.026041874662041664,0.018333084881305695,408.0115829128772
optimistic,150,bramev,4,4,4,t00544-c00034,34,544,3,0,3,True,False,cancelled_early,19.6542,0.0,0,1,69.63779195211828,217.9705419111997,0.022500054910779,0.01591700129210949,218.00895896740258
optimistic,150,bramev,4,4,4,t00545-c00034,34,545,3,0,3,True,False,satisfied,25.1243,25.1956,42,1,95.54745885543525,290.6032088212669,0.02054101787507534,0.014250166714191437,290.63800000585616
optimistic,150,bramev,4,4,4,t00549-c00116,116,549,3,0,3,True,False,satisfied,23.308,23.4,39,1,72.75254186242819,250.27062487788498,0.03095809370279312,0.019666971638798714,250.32124994322658
optimistic,150,bramev,4,4,4,t00550-c00009,9,550,3,0,3,True,False,no_show,15.9934,0.0,0,1,36.776750115677714,125.74795912951231,0.020582927390933037,0.014458084478974342,125.78300014138222
optimistic,150,bramev,4,4,4,t00551-c00047,47,551,6,0,6,True,False,satisfied,18.3901,18.6,31,1,39.03450001962483,346.4742919895798,0.026082852855324745,0.0175421591848135,346.51791700161994
optimistic,150,bramev,4,4,4,t00554-c00002,2,554,4,0,4,True,False,satisfied,21.7496,21.0,42,1,226.15962498821318,1146.1192909628153,0.0177919864654541,0.01758313737809658,1146.1546660866588
optimistic,150,bramev,4,4,4,t00554-c00035,35,554,8,0,8,True,False,no_show,24.9018,0.0,0,1,37.00670786201954,1146.0706659127027,0.10966695845127106,0.00958307646214962,1146.189915947616
optimistic,150,bramev,4,4,4,t00556-c00023,23,556,6,0,6,True,False,satisfied,20.814,21.2,53,1,136.08304085209966,1006.799915805459,140.44058416038752,0.018582912161946297,1147.2590828780085
optimistic,150,bramev,4,4,4,t00556-c00126,126,556,6,0,6,True,False,satisfied,19.5798,20.0,40,1,202.3087500128895,1147.1598751377314,0.12829084880650043,0.008750008419156075,1147.296915994957
optimistic,150,bramev,4,4,4,t00557-c00107,107,557,8,0,8,True,False,satisfied,21.2829,21.7,31,1,49.8000830411911,393.44900008291006,0.031624920666217804,0.020333100110292435,393.50095810368657
optimistic,150,bramev,4,4,4,t00561-c00001,1,561,6,0,6,True,False,satisfied,30.745,30.8,44,1,142.64970808289945,979.6724999323487,0.020291190594434738,0.0177919864654541,979.7105831094086
optimistic,150,bramev,4,4,4,t00561-c00096,96,561,3,0,3,True,False,satisfied,23.7638,22.4,28,1,40.836374973878264,927.0031249616295,52.73537500761449,0.00795791856944561,979.7464578878134
optimistic,150,bramev,4,4,4,t00563-c00025,25,563,4,0,4,True,False,satisfied,12.8103,12.6,21,1,124.9771669972688,918.4239169117063,0.06624986417591572,0.030208146199584007,918.5203749220818
optimistic,150,bramev,4,4,4,t00563-c00129,129,563,16,0,16,True,False,cancelled_early,16.6304,0.0,0,1,38.33662485703826,839.822500012815,78.76358297653496,0.0202918890863657,918.6063748784363
optimistic,150,bramev,4,4,4,t00564-c00011,11,564,3,0,3,True,False,satisfied,22.5252,23.2,29,1,102.63645788654685,399.70629196614027,319.03662509284914,0.01754099503159523,718.760458054021
optimistic,150,bramev,4,4,4,t00564-c00129,129,564,12,0,12,True,False,cancelled_late,19.091,0.0,0,1,41.16283287294209,718.6573329381645,0.1432499848306179,0.014249933883547783,718.8148328568786
optimistic,150,bramev,4,4,4,t00565-c00129,129,565,9,0,9,True,False,satisfied,19.1482,19.2,32,1,36.9178329128772,431.357542052865,0.03529083915054798,0.019208993762731552,431.4120418857783
optimistic,150,bramev,4,4,4,t00566-c00043,43,566,7,0,7,True,False,cancelled_late,24.2786,0.0,0,1,158.40141591615975,1443.417124915868,0.025208108127117157,0.019416911527514458,1443.4617499355227
optimistic,150,bramev,4,4,4,t00566-c00135,135,566,7,0,7,True,False,cancelled_early,23.5345,0.0,0,1,35.49745795316994,1302.149916999042,141.35112497024238,0.009958166629076004,1443.5110001359135
optimistic,150,bramev,4,4,4,t00567-c00135,135,567,16,0,16,True,False,satisfied,27.5032,27.6,46,1,80.70575003512204,1394.4716670084745,0.03991695120930672,0.022582942619919777,1394.5341669023037
optimistic,150,bramev,4,4,4,t00569-c00043,43,569,8,0,8,True,False,cancelled_early,21.8251,0.0,0,1,77.96399993821979,949.0947499871254,0.025625107809901237,0.020249979570508003,949.1406250745058
optimistic,150,bramev,4,4,4,t00570-c00043,43,570,3,0,3,True,False,no_show,18.0218,0.0,0,1,389.6223329938948,1211.6592498496175,86.8697080295533,0.016459031030535698,1298.5454169102013
optimistic,150,bramev,4,4,4,t00570-c00117,117,570,7,0,7,True,False,satisfied,11.3121,11.6,29,1,389.56500007770956,1298.448665998876,0.12104213237762451,0.010124873369932175,1298.5798330046237
optimistic,150,bramev,4,4,4,t00571-c00004,4,571,4,0,4,True,False,no_show,22.6332,0.0,0,1,252.94112507253885,1120.7090830430388,0.016709091141819954,0.016624806448817253,1120.7424169406295
optimistic,150,bramev,4,4,4,t00571-c00109,109,571,13,0,13,True,False,satisfied,27.4991,27.3,39,1,63.71533405035734,1070.4535839613527,50.315791042521596,0.013417098671197891,1120.7827921025455
optimistic,150,bramev,4,4,4,t00574-c00003,3,574,10,0,10,True,False,satisfied,18.7912,19.2,24,1,64.1943751834333,489.63850014843047,0.021916814148426056,0.020875129848718643,489.6812920924276
optimistic,150,bramev,4,4,4,t00574-c00007,7,574,3,0,3,True,False,satisfied,13.5375,13.8,23,1,38.52525004185736,369.21833315864205,120.4884999897331,0.008124858140945435,489.7149580065161
optimistic,150,bramev,4,4,4,t00576-c00045,45,576,4,0,4,True,False,satisfied,20.1396,20.4,51,1,885.4908749926835,3410.6771249789745,615.5344578437507,0.01795799471437931,4026.2295408174396
optimistic,150,bramev,4,4,4,t00576-c00072,72,576,6,0,6,True,False,satisfied,19.3562,19.6,49,1,198.8800000399351,3674.5220001321286,351.7322498373687,0.009375158697366714,4026.2636251281947
optimistic,150,bramev,4,4,4,t00576-c00086,86,576,8,0,8,True,False,satisfied,13.6072,14.0,35,1,198.8380840048194,4026.0945840273052,0.15808292664587498,0.006875023245811462,4026.259541977197
optimistic,150,bramev,4,4,4,t00576-c00088,88,576,6,0,6,True,False,satisfied,25.804,26.0,52,1,61.532082967460155,3816.6514579206705,209.5914580859244,0.006959075108170509,4026.249875081703
optimistic,150,bramev,4,4,4,t00576-c00144,144,576,7,0,7,True,False,satisfied,19.6737,20.3,29,1,198.75191594474018,4026.008625049144,0.22320798598229885,0.005124835297465324,4026.236957870424
optimistic,150,bramev,4,4,4,t00579-c00058,58,579,11,0,11,True,False,cancelled_late,20.5647,0.0,0,1,53.41216712258756,583.0274170730263,0.02887495793402195,0.01850002445280552,583.0747920554131
optimistic,150,bramev,4,4,4,t00580-c00112,112,580,7,0,7,True,False,satisfied,13.3768,13.6,17,1,26.302709011361003,202.06754188984632,0.031667063012719154,0.0185410026460886,202.11774995550513
optimistic,150,bramev,4,4,4,t00581-c00091,91,581,5,0,5,True,False,satisfied,26.0646,26.4,33,1,32.22766681574285,235.9190839342773,0.028708018362522125,0.019249971956014633,235.96704192459583
optimistic,150,bramev,4,4,4,t00584-c00058,58,584,8,0,8,True,False,no_show,16.6329,0.0,0,1,27.341082924976945,329.0404169820249,0.024582957848906517,0.01774984411895275,329.08274978399277
optimistic,150,bramev,4,4,4,t00587-c00050,50,587,7,0,7,True,False,satisfied,17.2157,17.6,44,1,53.493125131353736,590.9684579819441,0.025250017642974854,0.01795915886759758,591.0116671584547
optimistic,150,bramev,4,4,4,t00588-c00053,53,588,3,0,3,True,False,satisfied,11.6729,12.0,24,1,40.07495800033212,134.01008304208517,0.023250002413988113,0.014874851331114769,134.04820789583027
optimistic,150,bramev,4,4,4,t00589-c00016,16,589,5,0,5,True,False,satisfied,22.119,22.4,32,1,49.71633316017687,240.26950006373227,0.02308306284248829,0.01687486656010151,240.30945799313486
optimistic,150,bramev,4,4,4,t00590-c00009,9,590,8,0,8,True,False,satisfied,22.9334,23.4,39,1,44.78379199281335,525.6081668194383,0.02170819789171219,0.019416911527514458,525.6492919288576
optimistic,150,bramev,4,4,4,t00591-c00012,12,591,7,0,7,True,False,satisfied,15.8341,16.0,32,1,37.744083907455206,379.2984997853637,0.023750122636556625,0.022209016606211662,379.34445892460644
optimistic,150,bramev,4,4,4,t00594-c00037,37,594,6,0,6,True,False,satisfied,16.1983,16.8,21,1,24.34366592206061,184.76358288899064,0.0213750172406435,0.01500011421740055,184.79995802044868
optimistic,150,bramev,4,4,4,t00597-c00051,51,597,3,0,3,True,False,cancelled_late,21.5468,0.0,0,1,179.8813750501722,720.5065831076354,474.6715829242021,0.015500001609325409,1195.1936660334468
optimistic,150,bramev,4,4,4,t00597-c00090,90,597,10,0,10,True,False,cancelled_early,23.1361,0.0,0,1,179.82908291742206,1195.1031249482185,0.13370811939239502,0.011041993275284767,1195.2478750608861
optimistic,150,bramev,4,4,4,t00597-c00142,142,597,6,0,6,True,False,satisfied,26.3483,26.4,44,1,79.83154198154807,1046.6150420252234,148.63295783288777,0.0086252111941576,1195.2566250693053
optimistic,150,bramev,4,4,4,t00598-c00090,90,598,12,0,12,True,False,satisfied,26.7827,27.2,34,1,54.833333007991314,646.7502911109477,0.033624935895204544,0.019083963707089424,646.80300001055
optimistic,150,bramev,4,4,4,t00599-c00035,35,599,11,0,11,True,False,cancelled_late,29.3876,0.0,0,1,40.52141704596579,688.7275830376893,0.02929195761680603,0.021625077351927757,688.7785000726581
optimistic,150,bramev,4,4,4,t00600-c00035,35,600,7,0,7,True,False,cancelled_late,30.4753,0.0,0,1,126.0165418498218,632.2789168916643,0.026167137548327446,0.020999927073717117,632.3260839562863
optimistic,150,bramev,4,4,4,t00600-c00051,51,600,3,0,3,True,False,satisfied,28.6012,27.2,34,1,59.76770888082683,569.2001250572503,63.17300000227988,0.009083887562155724,632.3822089470923
optimistic,150,bramev,4,4,4,t00601-c00035,35,601,8,0,8,True,False,satisfied,25.3524,25.6,32,1,36.56529192812741,419.49816700071096,0.024124979972839355,0.020041130483150482,419.54233311116695
optimistic,150,bramev,4,4,4,t00602-c00083,83,602,2,0,2,True,False,satisfied,20.8717,21.6,27,1,34.5374159514904,66.62258296273649,0.025167129933834076,0.013999873772263527,66.66174996644258
optimistic,150,bramev,4,4,4,t00603-c00101,101,603,3,0,3,True,False,satisfied,25.0579,25.5,51,1,62.98599997535348,269.40437499433756,0.031542032957077026,0.019458122551441193,269.4553751498461
optimistic,150,bramev,4,4,4,t00605-c00029,29,605,2,0,2,True,False,satisfied,22.4331,23.1,33,1,48.007915960624814,97.55579102784395,0.01979200169444084,0.016625039279460907,97.59220806881785
optimistic,150,bramev,4,4,4,t00606-c00017,17,606,4,0,4,True,False,satisfied,14.2648,14.7,21,1,32.046791864559054,1205.6583750527352,893.0844999849796,0.01695798709988594,2098.7598330248147
optimistic,150,bramev,4,4,4,t00606-c00024,24,606,15,0,15,True,False,satisfied,23.6644,24.0,60,1,151.44754108041525,2098.6692081205547,0.11841696687042713,0.014791032299399376,2098.8024161197245
optimistic,150,bramev,4,4,4,t00607-c00139,139,607,7,0,7,True,False,cancelled_late,23.4857,0.0,0,1,57.13287484832108,652.8301248326898,0.03541703335940838,0.023167114704847336,652.888708980754
optimistic,150,bramev,4,4,4,t00608-c00019,19,608,2,0,2,True,False,satisfied,22.9873,23.0,46,1,100.9270001668483,250.0158331822604,75.78195887617767,0.019208062440156937,325.8170001208782
optimistic,150,bramev,4,4,4,t00608-c00021,21,608,6,0,6,True,False,satisfied,17.6115,18.4,23,1,25.38825012743473,325.729375006631,0.13120798394083977,0.010750023648142815,325.87133301422
optimistic,150,bramev,4,4,4,t00609-c00139,139,609,3,3,3,True,False,satisfied,27.8261,28.0,56,1,607.3450420517474,911.9117080699652,0.03270898014307022,0.01937500201165676,911.96379205212
optimistic,150,bramev,4,4,4,t00610-c00004,4,610,3,0,3,True,False,cancelled_late,23.9227,0.0,0,1,26.12779103219509,216.81275009177625,166.24995809979737,0.01587485894560814,383.0785830505192
optimistic,150,bramev,4,4,4,t00610-c00149,149,610,8,0,8,True,False,satisfied,15.8728,16.1,23,1,58.68420819751918,382.95791600830853,0.1418751198798418,0.010624993592500687,383.1104161217809
optimistic,150,bramev,4,4,4,t00611-c00004,4,611,2,0,2,True,False,satisfied,26.9244,27.2,34,1,50.46075000427663,82.45945814996958,0.019082799553871155,0.016792211681604385,82.49533316120505
optimistic,150,bramev,4,4,4,t00613-c00008,8,613,6,0,6,True,False,satisfied,18.5692,18.6,31,1,34.38724996522069,305.22904195822775,0.022458145394921303,0.0202918890863657,305.27179199270904
optimistic,150,bramev,4,4,4,t00616-c00123,123,616,3,0,3,True,False,cancelled_late,12.4561,0.0,0,1,47.088541090488434,116.91245809197426,0.030667055398225784,0.017040874809026718,116.96016602218151
optimistic,150,bramev,4,4,4,t00617-c00123,123,617,3,0,3,True,False,satisfied,13.7648,13.8,23,1,19.92362504824996,99.40908406861126,0.031125033274292946,0.015374971553683281,99.45558407343924
optimistic,150,bramev,4,4,4,t00618-c00082,82,618,6,0,6,True,False,satisfied,26.668,27.0,54,1,170.30091700144112,1318.7183341942728,0.029582995921373367,0.022499822080135345,1318.7704170122743
optimistic,150,bramev,4,4,4,t00618-c00147,147,618,12,0,12,True,False,satisfied,20.7583,21.0,30,1,64.30149986408651,1184.2151668388397,134.59541695192456,0.013958197087049484,1318.8245419878513
optimistic,150,bramev,4,4,4,t00619-c00033,33,619,3,0,3,True,False,no_show,15.7198,0.0,0,1,156.5147910732776,415.7581659965217,101.08170891180634,0.016916077584028244,516.8567909859121
optimistic,150,bramev,4,4,4,t00619-c00036,36,619,5,0,5,True,False,satisfied,18.4696,18.5,37,1,40.24154203943908,516.7678331490606,0.12374995276331902,0.009541865438222885,516.9011249672621
optimistic,150,bramev,4,4,4,t00620-c00043,43,620,4,0,4,True,False,no_show,27.1113,0.0,0,1,329.6220409683883,1114.7769999224693,0.02295803278684616,0.020292121917009354,1114.8202500771731
optimistic,150,bramev,4,4,4,t00620-c00058,58,620,7,0,7,True,False,satisfied,24.6431,25.2,42,1,68.51558317430317,918.6584581620991,196.18945894762874,0.011208001524209976,1114.859125111252
optimistic,150,bramev,4,4,4,t00625-c00055,55,625,7,0,7,True,False,satisfied,23.6785,24.0,30,1,269.2499998956919,2768.5310828965157,456.0040000360459,0.023292144760489464,3224.558375077322
optimistic,150,bramev,4,4,4,t00625-c00131,131,625,18,0,18,True,False,satisfied,25.6053,26.0,65,1,269.1920830402523,3224.4455420877784,0.16229087486863136,0.01495913602411747,3224.622792098671
optimistic,150,bramev,4,4,4,t00626-c00076,76,626,10,0,10,True,False,satisfied,15.6338,16.0,32,1,65.3515828307718,546.1394169833511,0.0352498609572649,0.023791100829839706,546.1984579451382
optimistic,150,bramev,4,4,4,t00629-c00046,46,629,9,0,9,True,False,satisfied,20.1052,20.5,41,1,50.32916693016887,624.8484998941422,0.029333168640732765,0.022166874259710312,624.8999999370426
optimistic,150,bramev,4,4,4,t00630-c00069,69,630,10,0,10,True,False,satisfied,22.2189,22.5,45,1,54.386208998039365,833.1560001242906,0.030333874747157097,0.020832987502217293,833.20716698654
optimistic,150,bramev,4,4,4,t00631-c00005,5,631,4,0,4,True,False,satisfied,27.4967,27.5,55,1,147.9060840792954,497.79066699557006,0.01887488178908825,0.021832995116710663,497.83137487247586
optimistic,150,bramev,4,4,4,t00634-c00077,77,634,6,0,6,True,False,no_show,12.9632,0.0,0,1,16.299958107993007,314.12887503392994,0.028125010430812836,0.01850002445280552,314.17550006881356
optimistic,150,bramev,4,4,4,t00637-c00015,15,637,3,0,3,True,False,satisfied,21.6944,22.0,44,1,106.67741694487631,295.2993328217417,0.02437504008412361,0.02445909194648266,295.3481669537723
optimistic,150,bramev,4,4,4,t00640-c00070,70,640,3,0,3,True,False,satisfied,22.1554,22.4,56,1,123.42362501658499,405.38937505334616,0.027624890208244324,0.022416934370994568,405.4394168779254
optimistic,150,bramev,4,4,4,t00644-c00078,78,644,5,0,5,True,False,satisfied,18.5663,18.9,27,1,39.895666064694524,206.6969161387533,0.0280837994068861,0.018375227227807045,206.743375165388
optimistic,150,bramev,4,4,4,t00645-c00127,127,645,15,0,15,True,False,satisfied,22.774,23.0,46,1,48.31570805981755,1388.3122911211103,0.041999854147434235,0.027667032554745674,1388.3819580078125
optimistic,150,bramev,4,4,4,t00646-c00119,119,646,8,0,8,True,False,satisfied,23.4529,23.1,33,1,30.414832988753915,436.5893329959363,0.03329198807477951,0.023250002413988113,436.64587498642504
optimistic,150,bramev,4,4,4,t00647-c00022,22,647,2,0,2,True,False,satisfied,22.5724,23.0,46,1,548.9217089489102,1182.0299590472132,92.3871248960495,0.01837499439716339,1274.4354589376599
optimistic,150,bramev,4,4,4,t00647-c00145,145,647,6,0,6,True,False,satisfied,29.0995,29.6,37,1,57.84995900467038,1274.332709144801,0.1391249243170023,0.010333023965358734,1274.4821670930833
optimistic,150,bramev,4,4,4,t00650-c00026,26,650,2,0,2,True,False,satisfied,19.1109,18.8,47,1,86.9755840394646,169.64262491092086,0.021292129531502724,0.01829187385737896,169.68220891430974
optimistic,150,bramev,4,4,4,t00655-c00075,75,655,2,0,2,True,False,satisfied,26.5905,27.2,34,1,53.91537514515221,85.88520810008049,0.024916836991906166,0.015958212316036224,85.92608314938843
optimistic,150,bramev,4,4,4,t00657-c00018,18,657,2,0,2,True,False,satisfied,21.1361,21.5,43,1,356.4661249984056,1712.4711251817644,1390.6863329466432,0.020083971321582794,3103.177542099729
optimistic,150,bramev,4,4,4,t00657-c00040,40,657,17,0,17,True,False,satisfied,29.5008,29.6,74,1,173.10583381913602,3103.0848750378937,0.1438749022781849,0.015208963304758072,3103.2439589034766
optimistic,150,bramev,4,4,4,t00658-c00105,105,658,10,0,10,True,False,cancelled_late,21.3358,0.0,0,1,197.6547499652952,2547.828833106905,0.03545801155269146,0.02074986696243286,2547.8850409854203
optimistic,150,bramev,4,4,4,t00658-c00115,115,658,13,0,13,True,False,satisfied,23.761,24.0,40,1,49.627000000327826,2477.0024998579174,70.9447090048343,0.012875068932771683,2547.9600839316845
optimistic,150,bramev,4,4,4,t00659-c00141,141,659,5,0,5,True,False,satisfied,25.1073,25.2,42,1,98.07537496089935,463.8492919038981,0.03454112447798252,0.018249964341521263,463.9020829927176
optimistic,150,bramev,4,4,4,t00665-c00105,105,665,7,0,7,True,False,satisfied,25.2887,25.6,64,1,180.02479197457433,1459.5088330097497,0.033250078558921814,0.024333829060196877,1459.5664169173688
optimistic,150,bramev,4,4,4,t00665-c00133,133,665,7,0,7,True,False,satisfied,21.8658,22.0,44,1,102.7660840190947,1369.6826670784503,89.9252500385046,0.011832918971776962,1459.6197500359267
optimistic,150,bramev,4,4,4,t00669-c00148,148,669,7,0,7,True,False,satisfied,7.9111,8.0,20,1,21.309792064130306,227.63791703619063,0.03666686825454235,0.024250010028481483,227.69883391447365
optimistic,150,bramev,4,4,4,t00671-c00132,132,671,12,0,12,True,False,cancelled_early,24.0054,0.0,0,1,126.77145912311971,1635.889417026192,0.04129204899072647,0.024707987904548645,1635.9554170630872
optimistic,150,bramev,4,4,4,t00672-c00132,132,672,10,0,10,True,False,cancelled_early,20.6626,0.0,0,1,55.306042078882456,932.2215840220451,0.037708086892962456,0.022082822397351265,932.2813749313354
optimistic,150,bramev,4,4,4,t00673-c00033,33,673,3,0,3,True,False,cancelled_late,21.9975,0.0,0,1,727.9905830509961,1794.2235409282148,1489.5667501259595,0.014791963621973991,3283.8050830177963
optimistic,150,bramev,4,4,4,t00673-c00041,41,673,15,0,15,True,False,satisfied,22.6911,22.8,57,1,802.0766659174114,3283.71658292599,0.13262522406876087,0.014499993994832039,3283.863708144054
optimistic,150,bramev,4,4,4,t00673-c00111,111,673,3,0,3,True,False,satisfied,24.3789,24.0,60,1,683.2657500635833,2622.7250420488417,661.1240829806775,0.006832880899310112,3283.8559579104185
optimistic,150,bramev,4,4,4,t00673-c00132,132,673,4,0,4,True,False,no_show,15.5541,0.0,0,1,683.2237921189517,2622.683250112459,661.1569579690695,0.0061248429119586945,3283.8463329244405
optimistic,150,bramev,4,4,4,t00674-c00033,33,674,3,0,3,True,False,no_show,24.7628,0.0,0,1,57.51858279109001,628.6111248191446,409.9970830138773,0.02150004729628563,1038.6297078803182
optimistic,150,bramev,4,4,4,t00674-c00077,77,674,5,0,5,True,False,cancelled_late,25.1524,0.0,0,1,192.2315419651568,1038.5284579824656,0.13687508180737495,0.01033395528793335,1038.675667019561
optimistic,150,bramev,4,4,4,t00675-c00079,79,675,2,0,2,True,False,satisfied,17.954,18.0,30,1,46.5248750988394,65.33129210583866,0.029082875698804855,0.0260830856859684,65.38645806722343
optimistic,150,bramev,4,4,4,t00676-c00032,32,676,6,0,6,True,False,satisfied,24.0779,24.0,40,1,94.02979211881757,608.3139169495553,0.024750130251049995,0.01837499439716339,608.3570420742035
optimistic,150,bramev,4,4,4,t00676-c00146,146,676,10,0,10,True,False,satisfied,7.9027,8.0,16,1,93.96695788018405,608.2512498833239,0.1385000068694353,0.010250136256217957,608.4000000264496
optimistic,150,bramev,4,4,4,t00677-c00000,0,677,2,0,2,True,False,cancelled_late,20.0422,0.0,0,1,59.09008299931884,165.30712507665157,65.28733298182487,0.014999881386756897,230.6094579398632
optimistic,150,bramev,4,4,4,t00677-c00038,38,677,6,0,6,True,False,cancelled_early,15.5863,0.0,0,1,22.367958910763264,230.52379209548235,0.12595788575708866,0.009709037840366364,230.6594590190798
optimistic,150,bramev,4,4,4,t00678-c00038,38,678,12,0,12,True,False,satisfied,19.7151,20.0,25,1,45.91833311133087,468.5120000503957,0.03095809370279312,0.02191704697906971,468.5648751910776
optimistic,150,bramev,4,4,4,t00680-c00077,77,680,2,0,2,True,False,satisfied,26.4516,26.8,67,1,209.25275003537536,431.26833415590227,0.02929079346358776,0.01879199407994747,431.3164169434458
optimistic,150,bramev,4,4,4,t00680-c00124,124,680,2,0,2,True,False,satisfied,21.0658,19.2,24,1,209.19999992474914,431.21570791117847,0.13841711916029453,0.007707858458161354,431.3618328887969
optimistic,150,bramev,4,4,4,t00681-c00000,0,681,4,0,4,True,False,satisfied,21.5397,21.7,31,1,41.38095793314278,158.36162492632866,0.018582912161946297,0.01491699367761612,158.39512483216822
optimistic,150,bramev,4,4,4,t00682-c00108,108,682,10,0,10,True,False,satisfied,21.3719,21.6,36,1,57.230584090575576,605.9716250747442,0.03583403304219246,0.02304092049598694,606.0305000282824
optimistic,150,bramev,4,4,4,t00683-c00066,66,683,12,0,12,True,False,no_show,24.2734,0.0,0,1,71.02241716347635,907.4045000597835,0.033667078241705894,0.021541956812143326,907.4597090948373
optimistic,150,bramev,4,4,4,t00684-c00100,100,684,6,0,6,True,False,satisfied,20.6073,21.0,35,1,19.80087487027049,343.36020797491074,0.03295904025435448,0.020249979570508003,343.4134169947356
optimistic,150,bramev,4,4,4,t00690-c00043,43,690,7,0,7,True,False,satisfied,37.7003,38.0,95,1,182.6194580644369,2201.5336249023676,0.025750137865543365,0.028708018362522125,2201.5880830585957
optimistic,150,bramev,4,4,4,t00690-c00140,140,690,6,0,6,True,False,no_show,16.0423,0.0,0,1,216.72729193232954,1859.0245828963816,342.6068341359496,0.012415926903486252,2201.6438329592347
optimistic,150,bramev,4,4,4,t00692-c00118,118,692,7,0,7,True,False,satisfied,16.0031,16.4,41,1,45.57654191739857,515.5913748312742,0.031667063012719154,0.023833010345697403,515.6468749046326
optimistic,150,bramev,4,4,4,t00693-c00122,122,693,6,0,6,True,False,no_show,19.9996,0.0,0,1,42.78495907783508,232.73275000974536,0.030916882678866386,0.020750099793076515,232.7844169922173
optimistic,150,bramev,4,4,4,t00695-c00085,85,695,14,0,14,True,False,satisfied,19.1404,19.6,28,1,41.83137509971857,605.0750410649925,0.03691692836582661,0.021208077669143677,605.1331660710275
optimistic,150,bramev,4,4,4,t00696-c00102,102,696,7,0,7,True,False,cancelled_early,25.4298,0.0,0,1,52.73541598580778,589.2184579279274,0.028792070224881172,0.01754099503159523,589.2647909931839
optimistic,150,bramev,4,4,4,t00697-c00102,102,697,7,0,7,True,False,satisfied,23.3279,23.4,39,1,45.1861668843776,501.6073340084404,0.03254087641835213,0.026084017008543015,501.66595890186727
optimistic,150,bramev,4,4,4,t00698-c00006,6,698,5,0,5,True,False,cancelled_early,25.6233,0.0,0,1,19.218208035454154,251.00004114210606,0.020083971321582794,0.016625039279460907,251.0367501527071
optimistic,150,bramev,4,4,4,t00699-c00006,6,699,3,0,3,True,False,no_show,26.6658,0.0,0,1,74.57508309744298,229.02558301575482,0.019042054191231728,0.013832934200763702,229.05845800414681
optimistic,150,bramev,4,4,4,t00700-c00071,71,700,7,0,7,True,False,satisfied,19.5663,19.6,28,1,95.80229199491441,815.1967499870807,0.02708309330046177,0.01950003206729889,815.2433331124485
optimistic,150,bramev,4,4,4,t00700-c00125,125,700,2,0,2,True,False,satisfied,16.7614,16.8,24,1,151.82141703553498,608.4458329714835,206.83237514458597,0.007999828085303307,815.2862079441547
optimistic,150,bramev,4,4,4,t00700-c00137,137,700,12,0,12,True,False,cancelled_early,17.2291,0.0,0,1,32.98608306795359,744.134166976437,71.14925002679229,0.011249911040067673,815.2946669142693
optimistic,150,bramev,4,4,4,t00701-c00137,137,701,12,0,12,True,False,satisfied,16.7149,16.8,21,1,32.13933319784701,370.8967911079526,0.0403339508920908,0.019750092178583145,370.95687515102327
optimistic,150,bramev,4,4,4,t00704-c00110,110,704,10,0,10,True,False,satisfied,9.9248,9.8,14,1,24.583416059613228,231.96225007995963,0.033125048503279686,0.02091587521135807,232.01629100367427
optimistic,150,bramev,4,4,4,t00707-c00060,60,707,2,0,2,True,False,satisfied,22.0908,22.5,45,1,70.49116701819003,149.59970908239484,0.02391589805483818,0.01579197123646736,149.63941695168614
optimistic,150,bramev,4,4,4,t00708-c00031,31,708,7,0,7,True,False,no_show,24.3972,0.0,0,1,156.87449998222291,1266.8903330340981,0.025124987587332726,0.01979200169444084,1266.93525002338
optimistic,150,bramev,4,4,4,t00708-c00098,98,708,3,0,3,True,False,satisfied,18.8281,19.2,32,1,192.24008382298052,918.4409589506686,348.51670800708234,0.007791910320520401,1266.9654588680714
optimistic,150,bramev,4,4,4,t00709-c00025,25,709,10,0,10,True,False,satisfied,14.2357,14.4,24,1,162.14545792900026,3889.780999859795,0.02808310091495514,0.01937500201165676,3889.8284579627216
optimistic,150,bramev,4,4,4,t00709-c00052,52,709,6,0,6,True,False,satisfied,20.3023,20.4,34,1,162.09479211829603,3889.730209019035,0.13924995437264442,0.00900006853044033,3889.878459041938
optimistic,150,bramev,4,4,4,t00709-c00103,103,709,13,0,13,True,False,satisfied,32.5069,32.5,65,1,256.10062503255904,3826.718207914382,63.15908418036997,0.01054094173014164,3889.8878330364823
optimistic,150,bramev,4,4,4,t00709-c00143,143,709,7,0,7,True,False,satisfied,22.6113,23.0,46,1,75.42358385398984,3051.1745419353247,838.701207889244,0.008041970431804657,3889.8837917950004
optimistic,150,bramev,4,4,4,t00710-c00093,93,710,5,0,5,True,False,cancelled_late,18.5509,0.0,0,1,39.08679191954434,267.9138749372214,0.03108312375843525,0.018625054508447647,267.9635831154883
optimistic,150,bramev,4,4,4,t00712-c00093,93,712,11,0,11,True,False,satisfied,13.1369,13.5,27,1,27.801499934867024,432.70866689272225,0.03591598942875862,0.02437504008412361,432.76895792223513
optimistic,150,bramev,4,4,4,t00713-c00095,95,713,4,0,4,True,False,cancelled_early,14.7189,0.0,0,1,30.68083291873336,121.47358292713761,0.02745911478996277,0.021415995433926582,121.5224580373615
optimistic,150,bramev,4,4,4,t00714-c00095,95,714,7,0,7,True,False,satisfied,17.1925,17.6,22,1,50.80112488940358,444.7417079936713,0.02924981527030468,0.01912517473101616,444.7900829836726
optimistic,150,bramev,4,4,4,t00714-c00113,113,714,5,0,5,True,False,satisfied,17.4817,17.5,25,1,26.99512499384582,332.79504207894206,112.02483298256993,0.009666895493865013,444.82954195700586
optimistic,150,bramev,4,4,4,t00715-c00087,87,715,5,0,5,True,False,satisfied,30.4538,31.2,39,1,42.21537499688566,598.5773340798914,43.687290977686644,0.02091703936457634,642.2855420969427
optimistic,150,bramev,4,4,4,t00715-c00097,97,715,7,0,7,True,False,cancelled_early,19.156,0.0,0,1,106.01270897313952,642.1854170039296,0.1425000373274088,0.011249911040067673,642.3391669522971
optimistic,150,bramev,4,4,4,t00716-c00097,97,716,4,0,4,True,False,satisfied,17.415,18.0,30,1,51.007292000576854,193.75183410011232,0.027624890208244324,0.016832957044243813,193.7962919473648
optimistic,150,bramev,4,4,4,t00717-c00063,63,717,8,0,8,True,False,satisfied,23.6858,24.0,30,1,31.90258308313787,924.0806249435991,0.027750153094530106,0.02204091288149357,924.1304160095751
optimistic,150,bramev,4,4,4,t00717-c00132,132,717,5,0,5,True,False,satisfied,23.2432,22.8,57,1,133.28099995851517,891.5114998817444,32.65570802614093,0.00995793379843235,924.1771658416837
optimistic,150,bramev,4,4,4,t00719-c00138,138,719,8,0,8,True,False,satisfied,13.6285,14.0,35,1,37.361124996095896,389.37112502753735,0.035624951124191284,0.019459053874015808,389.42620903253555
optimistic,150,bramev,4,4,4,t00722-c00099,99,722,8,0,8,True,False,satisfied,28.6335,28.8,72,1,107.14404215104878,2346.6864170040935,0.03316602669656277,0.01854216679930687,2346.7381251975894
optimistic,150,bramev,4,4,4,t00722-c00117,117,722,4,0,4,True,False,satisfied,25.6874,26.0,65,1,251.77454203367233,2240.2288340963423,106.54437495395541,0.008041039109230042,2346.781250089407
optimistic,150,bramev,4,4,4,t00726-c00140,140,726,3,0,3,True,False,no_show,18.3448,0.0,0,1,32.906792126595974,130.20604196935892,0.03245798870921135,0.016709091141819954,130.25520904920995
optimistic,150,bramev,4,4,4,t00727-c00122,122,727,5,0,5,True,False,satisfied,17.3066,17.5,25,1,24.05708283185959,198.06895800866187,0.03170897252857685,0.01754099503159523,198.11820797622204
optimistic,150,bramev,4,4,4,t00728-c00089,89,728,3,0,3,True,False,satisfied,26.1354,26.4,44,1,62.42170790210366,258.18854197859764,0.02887495793402195,0.020290957763791084,258.23770789429545
optimistic,150,bramev,4,4,4,t00729-c00056,56,729,3,0,3,True,False,satisfied,20.3481,20.5,41,1,71.68895797803998,255.11179096065462,56.17370898835361,0.0171661376953125,311.30266608670354
optimistic,150,bramev,4,4,4,t00729-c00081,81,729,5,0,5,True,False,satisfied,19.7621,20.0,25,1,26.805332861840725,311.2120828591287,0.11758413165807724,0.008290866389870644,311.33795785717666
optimistic,150,bramev,4,4,4,t00731-c00039,39,731,2,0,2,True,False,no_show,24.4008,0.0,0,1,35.64733290113509,67.82633299008012,0.02074986696243286,0.014833174645900726,67.86191603168845
optimistic,150,bramev,4,4,4,t00732-c00066,66,732,6,0,6,True,False,satisfied,27.473,27.6,46,1,56.62625003606081,543.2436252012849,0.02629193477332592,0.021624844521284103,543.2915419805795
optimistic,150,bramev,4,4,4,t00733-c00010,10,733,7,0,7,True,False,cancelled_late,20.8929,0.0,0,1,28.037584153935313,278.97241711616516,0.019124941900372505,0.01695798709988594,279.0085000451654
optimistic,150,bramev,4,4,4,t00734-c00020,20,734,2,0,2,True,False,satisfied,25.762,25.8,43,1,55.39166694507003,102.16654208488762,0.019290950149297714,0.014459015801548958,102.20029205083847
optimistic,150,bramev,4,4,4,t00736-c00092,92,736,5,0,5,True,False,cancelled_early,15.0065,0.0,0,1,25.638666935265064,117.21229203976691,0.02945796586573124,0.017459038645029068,117.25920904427767
optimistic,150,bramev,4,4,4,t00737-c00092,92,737,6,0,6,True,False,satisfied,12.3357,12.8,16,1,23.204209050163627,124.41816693171859,0.027250032871961594,0.016249949112534523,124.46166691370308
optimistic,150,bramev,4,4,4,t00739-c00086,86,739,6,0,6,True,False,satisfied,18.2492,18.4,46,1,46.16141691803932,450.17091697081923,0.029916875064373016,0.020707957446575165,450.2215418033302
optimistic,150,bramev,4,4,4,t00740-c00010,10,740,12,0,12,True,False,satisfied,17.5165,17.6,22,1,30.060083838179708,359.7166668623686,0.0260830856859684,0.020416919142007828,359.76316686719656
optimistic,150,bramev,4,4,4,t00741-c00006,6,741,5,0,5,True,False,no_show,26.9385,0.0,0,1,45.35891697742045,318.190666846931,0.020249979570508003,0.01700012944638729,318.2279169559479
optimistic,150,bramev,4,4,4,t00742-c00120,120,742,7,0,7,True,False,satisfied,18.4564,19.2,24,1,24.98079207725823,218.84125005453825,0.03233295865356922,0.01733400858938694,218.8909170217812
optimistic,150,bramev,4,4,4,t00744-c00007,7,744,2,0,2,True,False,satisfied,13.1783,13.2,22,1,34.95383285917342,55.1828749012202,0.0171661376953125,0.013833865523338318,55.21387490443885
optimistic,150,bramev,4,4,4,t00745-c00027,27,745,3,0,3,True,False,no_show,21.5442,0.0,0,1,64.58433298394084,216.62141708657146,0.021707965061068535,0.016582896932959557,216.65970794856548
optimistic,150,bramev,4,4,4,t00747-c00033,33,747,4,0,4,True,False,satisfied,29.3727,29.6,74,1,241.93212506361306,1178.6957499571145,30.70408315397799,0.015999889001250267,1209.4158330000937
optimistic,150,bramev,4,4,4,t00747-c00053,53,747,8,0,8,True,False,cancelled_late,19.7108,0.0,0,1,43.84758300147951,1209.3269999604672,0.12012501247227192,0.010207993909716606,1209.4573329668492
optimistic,150,bramev,4,4,4,t00751-c00053,53,751,12,0,12,True,False,satisfied,18.7491,19.0,38,1,461.3268750254065,1331.8878749851137,0.02937507815659046,0.019625062122941017,1331.9368751253933
optimistic,150,bramev,4,4,4,t00751-c00084,84,751,3,0,3,True,False,satisfied,21.8134,22.1487,37,1,461.27795800566673,1176.6093750484288,155.35304206423461,0.0071248505264520645,1331.9695419631898
optimistic,150,bramev,4,4,4,t00756-c00136,136,756,6,0,6,True,False,satisfied,22.9929,23.4,39,1,43.33416698500514,372.68187501467764,0.031750183552503586,0.018124934285879135,372.731750132516
optimistic,150,bramev,4,4,4,t00757-c00002,2,757,8,0,8,True,False,satisfied,13.7173,14.0,28,1,118.03345801308751,1485.6079581659287,0.022124964743852615,0.017083948478102684,1485.6471670791507
optimistic,150,bramev,4,4,4,t00757-c00042,42,757,3,0,3,True,False,satisfied,23.3311,23.5,47,1,90.17845802009106,1036.7462921421975,448.92854103818536,0.008167000487446785,1485.6830001808703
optimistic,150,bramev,4,4,4,t00757-c00074,74,757,13,0,13,True,False,satisfied,22.6325,22.8,38,1,227.05879085697234,1485.5090829078108,0.16754213720560074,0.00995793379843235,1485.6865829788148
optimistic,150,bramev,4,4,4,t00760-c00140,140,760,5,0,5,True,False,satisfied,21.9686,22.4,32,1,32.16591686941683,235.66929204389453,0.03229081630706787,0.017042038962244987,235.71862489916384
optimistic,150,bramev,4,4,4,t00763-c00047,47,763,7,0,7,True,False,satisfied,21.6621,21.6,36,1,40.08658300153911,477.6545830536634,0.0260830856859684,0.01787487417459488,477.69854101352394
optimistic,150,bramev,4,4,4,t00764-c00148,148,764,3,0,3,True,False,satisfied,16.7805,16.8,42,1,58.8514159899205,234.54108298756182,0.030624913051724434,0.014167046174407005,234.58587494678795
optimistic,150,bramev,4,4,4,t00765-c00028,28,765,2,0,2,True,False,cancelled_late,25.5669,0.0,0,1,223.72787492349744,674.1221668198705,169.60216616280377,0.01774984411895275,843.7420828267932
optimistic,150,bramev,4,4,4,t00765-c00112,112,765,3,0,3,True,False,satisfied,20.5567,20.8,26,1,96.37629194185138,843.6439589131624,0.13866601511836052,0.008125090971589088,843.7907500192523
optimistic,150,bramev,4,4,4,t00765-c00130,130,765,3,0,3,True,False,satisfied,21.1469,21.5,43,1,96.33424994535744,843.6019159853458,0.17629191279411316,0.005667097866535187,843.7838749960065
optimistic,150,bramev,4,4,4,t00767-c00134,134,767,2,0,2,True,False,satisfied,20.8081,21.0,35,1,51.47900013253093,87.30562496930361,0.029250048100948334,0.01337495632469654,87.34824997372925
optimistic,150,bramev,4,4,4,t00769-c00028,28,769,9,0,9,True,False,satisfied,23.5144,23.6,59,1,82.46245793998241,999.9095830135047,0.026124995201826096,0.020999927073717117,999.9567079357803
optimistic,150,bramev,4,4,4,t00771-c00031,31,771,2,0,2,True,False,satisfied,32.8246,33.2,83,1,349.22087495215237,1013.0730411037803,373.3521248213947,0.017792219296097755,1386.442958144471
optimistic,150,bramev,4,4,4,t00771-c00067,67,771,2,0,2,True,False,satisfied,28.1767,27.6,46,1,349.1705828346312,1013.0224998574704,373.44995816238225,0.0071248505264520645,1386.479582870379
optimistic,150,bramev,4,4,4,t00771-c00129,129,771,14,0,14,True,False,satisfied,18.7085,19.2,32,1,30.261124949902296,1386.303999926895,0.17245905473828316,0.01158309169113636,1386.4880420733243
optimistic,150,bramev,4,4,4,t00773-c00059,59,773,3,0,3,True,False,cancelled_early,26.5845,0.0,0,1,96.81133390404284,379.17083385400474,0.02454104833304882,0.014167046174407005,379.2095419485122
optimistic,150,bramev,4,4,4,t00774-c00059,59,774,11,0,11,True,False,cancelled_late,26.5102,0.0,0,1,128.81379085592926,1589.8262499831617,0.030957860872149467,0.022208085283637047,1589.8794159293175
optimistic,150,bramev,4,4,4,t00775-c00039,39,775,3,0,3,True,False,satisfied,22.866,23.2,29,1,106.39637499116361,262.34141597524285,100.06012488156557,0.016042031347751617,362.4175828881562
optimistic,150,bramev,4,4,4,t00775-c00059,59,775,3,0,3,True,False,satisfied,17.3588,17.6,44,1,75.92724985443056,362.3317920137197,0.1099579967558384,0.007916940376162529,362.4496669508517
optimistic,150,bramev,4,4,4,t00776-c00044,44,776,6,0,6,True,False,satisfied,20.4458,20.8,52,1,132.81745789572597,708.882249891758,0.02808310091495514,0.01929188147187233,708.9296248741448
optimistic,150,bramev,4,4,4,t00779-c00037,37,779,2,0,2,True,False,satisfied,16.5673,16.8,21,1,287.34187479130924,739.4558328669518,490.73250009678304,0.020249979570508003,1230.2085829433054
optimistic,150,bramev,4,4,4,t00779-c00104,104,779,7,0,7,True,False,satisfied,22.7619,23.0,46,1,147.4697079975158,1230.111749842763,0.13533304445445538,0.011249911040067673,1230.2583327982575
optimistic,150,bramev,4,4,4,t00779-c00126,126,779,6,0,6,True,False,satisfied,27.7456,28.0,56,1,93.22604187764227,1125.0524590723217,105.19804083742201,0.0077500008046627045,1230.2582499105483
optimistic,150,bramev,4,4,4,t00780-c00034,34,780,3,0,3,True,False,satisfied,15.7519,16.2,27,1,33.41433289460838,123.00566607154906,0.023458851501345634,0.01737498678267002,123.04649990983307
optimistic,150,bramev,4,4,4,t00783-c00048,48,783,4,0,4,True,False,satisfied,22.6279,22.8,57,1,148.1662499718368,532.2452501859516,0.024999957531690598,0.02195802517235279,532.2922081686556
optimistic,150,bramev,4,4,4,t00784-c00107,107,784,8,0,8,True,False,satisfied,17.3069,16.8,24,1,80.92479198239744,695.0197089463472,0.03358302637934685,0.021416926756501198,695.0747088994831
optimistic,150,bramev,4,4,4,t00784-c00146,146,784,6,0,6,True,False,cancelled_late,19.6899,0.0,0,1,56.06154096312821,673.027457902208,22.086499957367778,0.010624993592500687,695.1245828531682
optimistic,150,bramev,4,4,4,t00785-c00123,123,785,8,0,8,True,False,satisfied,18.6985,18.6,31,1,33.240624936297536,387.1550830081105,0.03295904025435448,0.018165912479162216,387.20620796084404
optimistic,150,bramev,4,4,4,t00787-c00013,13,787,9,0,9,True,False,satisfied,29.6055,30.0,75,1,147.37270888872445,1575.3943747840822,0.024750130251049995,0.022042077034711838,1575.441166991368
optimistic,150,bramev,4,4,4,t00788-c00003,3,788,7,0,7,True,False,satisfied,22.4952,22.4,28,1,31.316875014454126,262.88762502372265,0.022458145394921303,0.021041836589574814,262.93112500570714
optimistic,150,bramev,4,4,4,t00789-c00027,27,789,4,0,4,True,False,satisfied,19.8032,20.4,34,1,98.20583299733698,973.1422499753535,248.0750000104308,0.02087489701807499,1221.2381248828024
optimistic,150,bramev,4,4,4,t00789-c00061,61,789,4,0,4,True,False,satisfied,28.0485,28.4532,57,1,275.52504115737975,1221.137125045061,0.13254117220640182,0.01074979081749916,1221.280416008085
optimistic,150,bramev,4,4,4,t00789-c00146,146,789,4,0,4,True,False,satisfied,19.9204,20.0,40,1,64.78583300486207,1062.3677079565823,158.90495805069804,0.009709037840366364,1221.2823750451207
optimistic,150,bramev,4,4,4,t00790-c00006,6,790,7,0,7,True,False,satisfied,31.0545,31.5,45,1,57.48483398929238,448.57775000855327,0.023333821445703506,0.02316618338227272,448.62425001338124
optimistic,150,bramev,4,4,4,t00791-c00017,17,791,6,0,6,True,False,satisfied,24.9806,25.2,36,1,39.88737496547401,357.7887499704957,0.020208070054650307,0.016208970919251442,357.8251670114696
optimistic,150,bramev,4,4,4,t00793-c00062,62,793,4,0,4,True,False,satisfied,20.5871,20.3,29,1,118.70770808309317,442.7905830089003,0.023209024220705032,0.019832979887723923,442.8336250130087
optimistic,150,bramev,4,4,4,t00793-c00106,106,793,4,0,4,True,False,satisfied,18.0927,18.5,37,1,58.83058300241828,349.29516701959074,93.57054089196026,0.009292038157582283,442.8749999497086
optimistic,150,bramev,4,4,4,t00795-c00096,96,795,4,0,4,True,False,cancelled_late,21.9072,0.0,0,1,41.498958831653,135.57487493380904,0.026792054995894432,0.015416881069540977,135.61708386987448
optimistic,150,bramev,4,4,4,t00796-c00096,96,796,7,0,7,True,False,satisfied,18.9752,19.2,24,1,27.353790821507573,248.39691584929824,0.027625123038887978,0.01787487417459488,248.44241584651172
optimistic,150,bramev,4,4,4,t00797-c00012,12,797,5,0,5,True,False,satisfied,16.9891,17.0,34,1,36.51237487792969,230.2084998227656,0.02079200930893421,0.017333077266812325,230.24662490934134
optimistic,150,bramev,4,4,4,t00798-c00149,149,798,4,0,4,True,False,cancelled_early,20.7807,0.0,0,1,60.42991694994271,199.03212506324053,0.03041699528694153,0.016124919056892395,199.07866697758436
optimistic,150,bramev,4,4,4,t00799-c00073,73,799,8,0,8,True,False,satisfied,28.0298,28.2,47,1,259.86100011505187,1870.1821670401841,0.02987496554851532,0.021791085600852966,1870.2338330913335
optimistic,150,bramev,4,4,4,t00799-c00128,128,799,5,0,5,True,False,satisfied,23.2826,24.0,30,1,259.80829214677215,1870.1294171623886,0.1366669312119484,0.008333008736371994,1870.2744171023369
optimistic,150,bramev,4,4,4,t00799-c00149,149,799,2,0,2,True,False,cancelled_early,21.1415,0.0,0,1,307.42191686294973,1143.5123749542981,726.7510830424726,0.006292015314102173,1870.2697500120848
optimistic,150,bramev,4,4,4,t00800-c00149,149,800,2,0,2,True,False,satisfied,17.5245,18.2,26,1,38.0194578319788,53.37295797653496,0.03329198807477951,0.021625077351927757,53.42787504196167
optimistic,150,bramev,4,4,4,t00801-c00054,54,801,18,0,18,True,False,satisfied,28.3722,28.7,41,1,45.660666888579726,1296.3043749332428,0.03383401781320572,0.020124949514865875,1296.3583339005709
optimistic,150,bramev,4,4,4,t00802-c00114,114,802,4,0,4,True,False,no_show,18.462,0.0,0,1,109.55237504094839,343.1768750306219,0.02729194238781929,0.016750069335103035,343.2209170423448
optimistic,150,bramev,4,4,4,t00803-c00014,14,803,2,0,2,True,False,satisfied,23.5099,24.0,48,1,78.6257500294596,128.47770797088742,0.018750084564089775,0.015541911125183105,128.5119999665767
optimistic,150,bramev,4,4,4,t00805-c00121,121,805,5,0,5,True,False,satisfied,24.3861,24.6,41,1,55.80225004814565,264.6017090883106,0.03083283081650734,0.016292091459035873,264.64883401058614
optimistic,150,bramev,4,4,4,t00809-c00021,21,809,8,0,8,True,False,satisfied,20.0304,20.8,26,1,26.9872909411788,300.8279160130769,0.022041844204068184,0.016333069652318954,300.8662909269333
optimistic,150,bramev,4,4,4,t00814-c00072,72,814,4,0,4,True,False,cancelled_late,17.8942,0.0,0,1,106.58908286131918,326.2715828604996,0.025750137865543365,0.018042046576738358,326.3153750449419
optimistic,150,bramev,4,4,4,t00815-c00080,80,815,2,0,2,True,False,satisfied,20.8629,21.2,53,1,119.96383313089609,190.14033302664757,30.631667003035545,0.01558312214910984,220.78758315183222
optimistic,150,bramev,4,4,4,t00815-c00110,110,815,3,0,3,True,False,satisfied,11.0214,11.2,16,1,24.543500039726496,220.68429202772677,0.11674989946186543,0.008125090971589088,220.80916701816022
optimistic,150,bramev,4,4,4,t00817-c00009,9,817,4,0,4,True,False,satisfied,19.4037,19.2,32,1,24.135208921507,739.898334024474,488.22620790451765,0.017042038962244987,1228.141583967954
optimistic,150,bramev,4,4,4,t00817-c00050,50,817,8,0,8,True,False,satisfied,12.1771,12.4,31,1,153.27320899814367,1228.053541854024,0.1216670498251915,0.010708114132285118,1228.1859170179814
optimistic,150,bramev,4,4,4,t00817-c00072,72,817,7,0,7,True,False,no_show,21.3751,0.0,0,1,122.36487492918968,1198.8052080851048,29.371332842856646,0.008167000487446785,1228.184707928449
optimistic,150,bramev,4,4,4,t00822-c00144,144,822,15,0,15,True,False,satisfied,24.9603,25.2,36,1,68.89174995012581,925.3415840212256,0.041207997128367424,0.02237502485513687,925.4051670432091
optimistic,150,bramev,4,4,4,t00823-c00035,35,823,5,0,5,True,False,satisfied,26.1938,26.4,33,1,27.12954208254814,228.3138339407742,0.02195802517235279,0.016208039596676826,228.35200000554323
optimistic,150,bramev,4,4,4,t00824-c00116,116,824,6,0,6,True,False,no_show,20.9962,0.0,0,1,63.41808405704796,401.30875003524125,0.03424985334277153,0.019625062122941017,401.36262495070696
optimistic,150,bramev,4,4,4,t00828-c00023,23,828,3,0,3,True,False,satisfied,15.6636,16.0,40,1,132.70233292132616,464.4077499397099,201.17962500080466,0.01658312976360321,665.6039580702782
optimistic,150,bramev,4,4,4,t00828-c00064,64,828,3,0,3,True,False,cancelled_early,15.8469,0.0,0,1,88.43079209327698,665.5114169698209,0.11966703459620476,0.008125090971589088,665.6392090953887
optimistic,150,bramev,4,4,4,t00828-c00094,94,828,2,0,2,True,False,satisfied,29.8817,30.0,75,1,255.30133279971778,577.7664158958942,87.87379204295576,0.006541842594742775,665.6467497814447
optimistic,150,bramev,4,4,4,t00829-c00064,64,829,3,0,3,True,False,satisfied,18.9865,19.2,48,1,111.37258284725249,323.5054169781506,0.023999949917197227,0.015750061720609665,323.5451669897884
optimistic,150,bramev,4,4,4,t00831-c00011,11,831,6,0,6,True,False,satisfied,17.7593,18.4,23,1,25.495040928944945,227.22508292645216,0.020042061805725098,0.017165904864668846,227.26229089312255
optimistic,150,bramev,4,4,4,t00831-c00016,16,831,2,0,2,True,False,satisfied,19.8398,20.3,29,1,49.691708059981465,121.60770804621279,105.68008292466402,0.007167225703597069,227.2949581965804
optimistic,150,bramev,4,4,4,t00833-c00004,4,833,3,0,3,True,False,satisfied,19.2044,20.0,25,1,37.07062499597669,123.85387509129941,0.019333092495799065,0.01833285205066204,123.89154103584588
optimistic,150,bramev,4,4,4,t00834-c00065,65,834,2,0,2,True,False,no_show,28.2793,0.0,0,1,46.87229194678366,71.90895895473659,0.0238749198615551,0.014625024050474167,71.94745889864862
optimistic,150,bramev,4,4,4,t00836-c00049,49,836,4,0,4,True,False,satisfied,20.0472,20.5,41,1,68.8911669421941,303.0410830397159,0.026458874344825745,0.020458130165934563,303.08800004422665
optimistic,150,bramev,4,4,4,t00839-c00008,8,839,10,0,10,True,False,no_show,23.2036,0.0,0,1,43.009000131860375,670.4691250342876,0.025792047381401062,0.0274579506367445,670.5223750323057
optimistic,150,bramev,4,4,4,t00842-c00076,76,842,3,0,3,True,False,satisfied,20.8747,21.0,42,1,71.12862495705485,253.49287502467632,0.030374852940440178,0.021667219698429108,253.5449170973152
optimistic,150,bramev,4,4,4,t00843-c00045,45,843,7,0,7,True,False,no_show,19.7653,0.0,0,1,61.25266687013209,567.810749867931,0.028042122721672058,0.024667009711265564,567.863459000364
optimistic,150,bramev,4,4,4,t00846-c00078,78,846,4,0,4,True,False,satisfied,16.2737,16.8,24,1,17.563165863975883,129.89474995993078,0.030583003535866737,0.017999904230237007,129.94333286769688
optimistic,150,bramev,4,4,4,t00852-c00091,91,852,2,0,2,True,False,satisfied,14.0897,14.4,18,1,13.754459097981453,29.923500027507544,0.02450007013976574,0.015500001609325409,29.963500099256635
optimistic,150,bramev,4,4,4,t00855-c00114,114,855,9,0,9,True,False,satisfied,29.2331,29.6,74,1,103.28000015579164,1733.2119580823928,0.03600004129111767,0.027458881959319115,1733.2754170056432
optimistic,150,bramev,4,4,4,t00857-c00068,68,857,4,0,4,True,False,satisfied,29.8735,30.1,43,1,94.52445898205042,357.0715000387281,0.021999934688210487,0.016208970919251442,357.1097089443356
optimistic,150,bramev,4,4,4,t00861-c00029,29,861,8,0,8,True,False,satisfied,27.7131,28.0,40,1,44.44537521339953,816.8113341089338,0.02450007013976574,0.021499814465641975,816.8573339935392
optimistic,150,bramev,4,4,4,t00861-c00116,116,861,3,0,3,True,False,satisfied,20.3565,20.4,34,1,242.3494579270482,771.9650000799447,44.91745796985924,0.0073339324444532394,816.8897919822484
optimistic,150,bramev,4,4,4,t00866-c00001,1,866,3,0,3,True,False,no_show,30.7026,0.0,0,1,26.7338331323117,202.33695791102946,0.019833212718367577,0.01637497916817665,202.373166102916
optimistic,150,bramev,4,4,4,t00871-c00079,79,871,7,0,7,True,False,satisfied,23.3506,23.4,39,1,39.50862493366003,492.6470839418471,0.026208115741610527,0.017041806131601334,492.6903338637203
optimistic,150,bramev,4,4,4,t00872-c00036,36,872,2,0,2,True,False,satisfied,14.7225,15.0,30,1,41.13395814783871,78.4448750782758,0.023290980607271194,0.016417121514678,78.48458318039775
optimistic,150,bramev,4,4,4,t00877-c00055,55,877,2,0,2,True,False,no_show,22.9451,0.0,0,1,96.14212508313358,162.61904197745025,0.022625084966421127,0.013165874406695366,162.65483293682337
optimistic,150,bramev,4,4,4,t00877-c00093,93,877,2,0,2,True,False,satisfied,16.8927,17.0,34,1,96.0938751231879,162.57050004787743,0.10000006295740604,0.006208894774317741,162.67670900560915
optimistic,150,bramev,4,4,4,t00878-c00058,58,878,3,0,3,True,False,satisfied,20.383,20.4,34,1,66.22325000353158,434.9200001452118,213.8397078961134,0.015625031664967537,648.7753330729902
optimistic,150,bramev,4,4,4,t00878-c00088,88,878,7,0,7,True,False,no_show,19.4203,0.0,0,1,107.92779200710356,648.6891668755561,0.11179107241332531,0.00937492586672306,648.8103328738362
optimistic,150,bramev,4,4,4,t00879-c00019,19,879,7,0,7,True,False,satisfied,17.8936,18.0,36,1,154.08941684290767,727.5419579818845,0.021083978936076164,0.016875099390745163,727.5799170602113
optimistic,150,bramev,4,4,4,t00879-c00135,135,879,3,0,3,True,False,satisfied,27.0814,27.6,46,1,99.63475004769862,553.3420420251787,174.26008288748562,0.008292030543088913,727.6104169432074
optimistic,150,bramev,4,4,4,t00881-c00092,92,881,7,0,7,True,False,satisfied,15.48,16.0,20,1,25.898792082443833,348.9110830705613,0.030333874747157097,0.01870817504823208,348.9601251203567
optimistic,150,bramev,4,4,4,t00881-c00125,125,881,4,0,4,True,False,satisfied,16.2624,16.8,24,1,47.91887500323355,225.93920794315636,123.05345805361867,0.008624978363513947,349.00129097513855
optimistic,150,bramev,4,4,4,t00882-c00109,109,882,3,0,3,True,False,no_show,25.3033,0.0,0,1,50.78945914283395,522.8075000923127,33.35104207508266,0.01629185862839222,556.1748340260237
optimistic,150,bramev,4,4,4,t00882-c00147,147,882,8,0,8,True,False,satisfied,22.3743,22.4,32,1,76.1674998793751,556.0796249192208,0.12199999764561653,0.010041054338216782,556.2116659712046
optimistic,150,bramev,4,4,4,t00883-c00057,57,883,8,0,8,True,False,satisfied,23.2677,23.6,59,1,179.58337487652898,1462.667000014335,0.02687494270503521,0.019249971956014633,1462.713124928996
optimistic,150,bramev,4,4,4,t00883-c00072,72,883,3,0,3,True,False,satisfied,27.2412,27.6,69,1,62.52037500962615,816.3417920004576,646.395750110969,0.008499948307871819,1462.7460420597345
optimistic,150,bramev,4,4,4,t00883-c00083,83,883,2,0,2,True,False,satisfied,22.444,23.1719,29,1,220.65029107034206,1119.9215410742909,342.8112498950213,0.006042188033461571,1462.7388331573457
optimistic,150,bramev,4,4,4,t00884-c00008,8,884,7,0,7,True,False,satisfied,15.0726,15.6,26,1,26.762083172798157,222.01079200021923,0.020458130165934563,0.01687486656010151,222.04812499694526
optimistic,150,bramev,4,4,4,t00885-c00065,65,885,9,0,9,True,False,satisfied,33.989,34.3,49,1,50.83658406510949,641.7413339950144,0.029165996238589287,0.019167084246873856,641.7896670754999
optimistic,150,bramev,4,4,4,t00886-c00069,69,886,4,0,4,True,False,cancelled_late,20.1339,0.0,0,1,50.84437481127679,288.1983749102801,0.02733292058110237,0.01800013706088066,288.2437079679221
optimistic,150,bramev,4,4,4,t00888-c00025,25,888,7,0,7,True,False,satisfied,12.9306,13.2,22,1,23.072333075106144,217.84545807167888,0.02429191954433918,0.02337503246963024,217.89312502369285
optimistic,150,bramev,4,4,4,t00889-c00026,26,889,3,0,3,True,False,no_show,18.9633,0.0,0,1,87.19212491996586,311.0622919630259,0.022208085283637047,0.01616682857275009,311.1006668768823
optimistic,150,bramev,4,4,4,t00892-c00069,69,892,7,0,7,True,False,satisfied,24.0755,24.5,49,1,86.5457090549171,733.5355000104755,0.029084039852023125,0.019999919459223747,733.5845839697868
optimistic,150,bramev,4,4,4,t00894-c00138,138,894,4,0,4,True,False,satisfied,19.8786,19.6,49,1,93.1420000270009,357.8024171292782,0.03391597419977188,0.016167061403393745,357.85250016488135
optimistic,150,bramev,4,4,4,t00895-c00046,46,895,3,0,3,True,False,no_show,21.9227,0.0,0,1,49.40695804543793,242.96545796096325,0.023625092580914497,0.018541933968663216,243.00762498751283
optimistic,150,bramev,4,4,4,t00896-c00045,45,896,5,0,5,True,False,satisfied,24.9602,25.2,63,1,88.08079082518816,750.8369579445571,0.026708003133535385,0.018583843484520912,750.8822497911751
optimistic,150,bramev,4,4,4,t00898-c00018,18,898,8,0,8,True,False,no_show,21.8898,0.0,0,1,71.58670807257295,586.5784580819309,0.022833002731204033,0.017666956409811974,586.6189580410719
optimistic,150,bramev,4,4,4,t00899-c00122,122,899,11,0,11,True,False,satisfied,9.7738,9.1,13,1,16.443667002022266,746.7751251533628,73.73833283782005,0.01950003206729889,820.5329580232501
optimistic,150,bramev,4,4,4,t00899-c00127,127,899,6,0,6,True,False,satisfied,27.9611,28.0,56,1,133.62095784395933,820.4265418462455,0.13416609726846218,0.009083887562155724,820.5697918310761
optimistic,150,bramev,4,4,4,t00905-c00137,137,905,4,0,4,True,False,satisfied,12.9732,13.6,17,1,30.94345796853304,120.72287499904633,0.031499890610575676,0.017167069017887115,120.77154195867479
optimistic,150,bramev,4,4,4,t00906-c00090,90,906,3,0,3,True,False,cancelled_early,17.426,0.0,0,1,22.879957919940352,72.5128329358995,0.02633407711982727,0.014124903827905655,72.55329191684723
optimistic,150,bramev,4,4,4,t00907-c00090,90,907,3,0,3,True,False,satisfied,25.7795,26.4,33,1,33.331791870296,108.81574987433851,0.028625130653381348,0.016124919056892395,108.86049992404878
optimistic,150,bramev,4,4,4,t00908-c00007,7,908,10,0,10,True,False,cancelled_late,5.9191,0.0,0,1,24.77354113943875,398.56404112651944,0.02270890399813652,0.01808302477002144,398.6048330552876
optimistic,150,bramev,4,4,4,t00908-c00015,15,908,3,0,3,True,False,cancelled_early,19.4316,0.0,0,1,24.724874878302217,373.39862482622266,25.245708180591464,0.0073749106377363205,398.65170791745186
optimistic,150,bramev,4,4,4,t00908-c00119,119,908,3,0,3,True,False,satisfied,13.2204,13.3,19,1,51.01212509907782,268.34591710940003,130.29437488876283,0.005667097866535187,398.6459590960294
optimistic,150,bramev,4,4,4,t00909-c00015,15,909,3,0,3,True,False,cancelled_early,19.5737,0.0,0,1,97.03016607090831,655.9907079208642,65.8027920871973,0.01650000922381878,721.8100000172853
optimistic,150,bramev,4,4,4,t00909-c00142,142,909,11,0,11,True,False,satisfied,14.3823,14.4,24,1,96.97112487629056,721.7142498120666,0.13420800678431988,0.010417075827717781,721.8588748946786
optimistic,150,bramev,4,4,4,t00910-c00007,7,910,3,0,3,True,False,satisfied,6.7649,7.2,12,1,129.51333401724696,2098.6110840458423,215.61141591519117,0.015292083844542503,2314.237792044878
optimistic,150,bramev,4,4,4,t00910-c00015,15,910,3,0,3,True,False,no_show,19.8027,0.0,0,1,129.46433294564486,2098.56208297424,215.69216717034578,0.0074999406933784485,2314.2617500852793
optimistic,150,bramev,4,4,4,t00910-c00022,22,910,7,0,7,True,False,satisfied,13.9527,14.0,28,1,159.5364580862224,2314.11008303985,0.13758288696408272,0.008792150765657425,2314.2564580775797
optimistic,150,bramev,4,4,4,t00910-c00024,24,910,7,0,7,True,False,satisfied,19.7832,20.0,50,1,129.37887501902878,2221.433874918148,92.80912508256733,0.006875023245811462,2314.249875023961
optimistic,150,bramev,4,4,4,t00910-c00051,51,910,2,0,2,True,False,cancelled_early,25.7008,0.0,0,1,235.81099999137223,1795.753958169371,518.4756249655038,0.004916917532682419,2314.2345000524074
optimistic,150,bramev,4,4,4,t00910-c00055,55,910,6,0,6,True,False,satisfied,17.5019,16.8,21,1,316.6469170246273,2283.717209007591,30.514749931171536,0.006416114047169685,2314.2383750528097
optimistic,150,bramev,4,4,4,t00911-c00051,51,911,2,0,2,True,False,satisfied,27.9362,28.0,35,1,113.3881660643965,469.5058329962194,0.02300017513334751,0.015500001609325409,469.54433317296207
optimistic,150,bramev,4,4,4,t00911-c00118,118,911,4,0,4,True,False,satisfied,22.0509,22.4,56,1,60.67858403548598,435.17804192379117,34.395583206787705,0.008584000170230865,469.5822091307491
optimistic,150,bramev,4,4,4,t00912-c00001,1,912,4,0,4,True,False,satisfied,26.0959,26.6,38,1,83.94387504085898,313.7762499973178,0.01708301715552807,0.0177919864654541,313.8111250009388
optimistic,150,bramev,4,4,4,t00914-c00038,38,914,3,0,3,True,False,satisfied,17.5943,17.6,22,1,46.11966689117253,158.43591699376702,86.74125000834465,0.01695798709988594,245.19412498921156
optimistic,150,bramev,4,4,4,t00914-c00108,108,914,3,0,3,True,False,satisfied,23.4385,23.8488,40,1,28.722124872729182,245.1020828448236,0.1204581931233406,0.008499948307871819,245.2310409862548
optimistic,150,bramev,4,4,4,t00916-c00101,101,916,5,0,5,True,False,satisfied,23.6622,24.0,48,1,122.04458308406174,536.1301670782268,0.030207913368940353,0.01637497916817665,536.1767499707639
optimistic,150,bramev,4,4,4,t00921-c00088,88,921,4,0,4,True,False,cancelled_early,29.2325,0.0,0,1,281.5948750358075,971.7176251579076,0.025374814867973328,0.014750054106116295,971.7577500268817
optimistic,150,bramev,4,4,4,t00921-c00097,97,921,7,0,7,True,False,satisfied,22.2562,22.8,38,1,60.341125121340156,829.8462911043316,141.9376670382917,0.009916955605149269,971.7938750982285
optimistic,150,bramev,4,4,4,t00922-c00088,88,922,4,0,4,True,False,satisfied,28.7793,29.0,58,1,173.98891621269286,658.3489160984755,0.02791709266602993,0.021249987185001373,658.3980831783265
optimistic,150,bramev,4,4,4,t00922-c00113,113,922,3,0,3,True,False,satisfied,18.2034,17.5,25,1,16.89995895139873,363.8872089795768,294.5370408706367,0.008834060281515121,658.433083910495
optimistic,150,bramev,4,4,4,t00923-c00082,82,923,7,0,7,True,False,satisfied,26.1385,26.0,52,1,65.34600001759827,684.2849999666214,0.029542017728090286,0.016791047528386116,684.3313330318779
optimistic,150,bramev,4,4,4,t00924-c00071,71,924,7,0,7,True,False,satisfied,17.8334,18.2,26,1,36.615916062146425,247.8813750203699,0.02787495031952858,0.018582912161946297,247.92783288285136
optimistic,150,bramev,4,4,4,t00926-c00095,95,926,7,0,7,True,False,satisfied,14.6989,15.2,19,1,18.60816706903279,147.55854196846485,0.02795807085931301,0.018292106688022614,147.6047921460122
optimistic,150,bramev,4,4,4,t00929-c00070,70,929,6,0,6,True,False,no_show,26.6742,0.0,0,1,96.04091686196625,868.5454169753939,0.025124987587332726,0.017124926671385765,868.5876668896526
optimistic,150,bramev,4,4,4,t00932-c00109,109,932,3,0,3,True,False,no_show,30.294,0.0,0,1,37.26391703821719,204.5567501336336,0.029082875698804855,0.015958910807967186,204.60179192014039
optimistic,150,bramev,4,4,4,t00933-c00002,2,933,16,0,16,True,False,satisfied,19.298,19.5,39,1,53.61858382821083,1015.2094999793917,0.03137486055493355,0.025209039449691772,1015.2660838793963
optimistic,150,bramev,4,4,4,t00935-c00000,0,935,8,0,8,True,False,no_show,15.4429,0.0,0,1,21.17287483997643,1166.5392077993602,303.85683313943446,0.032250070944428444,1470.428291009739
optimistic,150,bramev,4,4,4,t00935-c00085,85,935,6,0,6,True,False,satisfied,24.8153,25.2,36,1,130.96912507899106,1470.31454090029,0.15175016596913338,0.0113749410957098,1470.4776660073549
optimistic,150,bramev,4,4,4,t00935-c00110,110,935,6,0,6,True,False,satisfied,17.3997,17.5,25,1,130.92525000683963,1470.2706669922918,0.20441599190235138,0.007791910320520401,1470.4828748945147
optimistic,150,bramev,4,4,4,t00936-c00132,132,936,2,0,2,True,False,satisfied,22.9573,23.2,58,1,107.53395897336304,212.63383398763835,0.029125018045306206,0.0149579718708992,212.67791697755456
optimistic,150,bramev,4,4,4,t00937-c00115,115,937,2,0,2,True,False,satisfied,28.6054,28.8,48,1,185.9501670114696,1172.2535418812186,624.0361251402646,0.01750001683831215,1796.3071670383215
optimistic,150,bramev,4,4,4,t00937-c00139,139,937,14,0,14,True,False,satisfied,28.8668,28.5,57,1,112.16608295217156,1796.2066249456257,0.14533288776874542,0.015167053788900375,1796.3671248871833
optimistic,150,bramev,4,4,4,t00939-c00026,26,939,3,0,3,True,False,satisfied,26.3512,26.4,66,1,186.29695801064372,543.2341250125319,0.021124957129359245,0.026750145480036736,543.2820001151413
optimistic,150,bramev,4,4,4,t00941-c00075,75,941,13,0,13,True,False,satisfied,18.241,18.4,23,1,23.1777080334723,396.68070804327726,0.032207928597927094,0.022292137145996094,396.7352081090212
optimistic,150,bramev,4,4,4,t00942-c00053,53,942,5,0,5,True,False,no_show,20.8576,0.0,0,1,59.337833197787404,560.1176251657307,87.75549987331033,0.019916100427508354,647.8930411394686
optimistic,150,bramev,4,4,4,t00942-c00124,124,942,6,0,6,True,False,no_show,24.6039,0.0,0,1,90.9586250782013,647.7840831503272,0.13674981892108917,0.010292045772075653,647.9311250150204
optimistic,150,bramev,4,4,4,t00945-c00098,98,945,8,0,8,True,False,satisfied,18.6016,19.2,32,1,76.0165830142796,529.1151250712574,0.030624913051724434,0.021249987185001373,529.1669999714941
optimistic,150,bramev,4,4,4,t00945-c00140,140,945,4,0,4,True,False,cancelled_early,19.6109,0.0,0,1,40.97262490540743,468.0902920663357,61.11224996857345,0.009125098586082458,529.2116671334952
optimistic,150,bramev,4,4,4,t00946-c00111,111,946,3,0,3,True,False,cancelled_early,21.2896,0.0,0,1,51.57108302228153,554.7399159986526,169.98220910318196,0.016208039596676826,724.7383331414312
optimistic,150,bramev,4,4,4,t00946-c00140,140,946,8,0,8,True,False,satisfied,16.2778,16.8,24,1,84.04583297669888,724.6455829590559,0.15374994836747646,0.010875053703784943,724.8102079611272
optimistic,150,bramev,4,4,4,t00947-c00046,46,947,7,0,7,True,False,satisfied,15.2301,15.5,31,1,137.02229200862348,1015.6043749302626,0.02595805563032627,0.018625054508447647,1015.6489580404013
optimistic,150,bramev,4,4,4,t00947-c00111,111,947,7,0,7,True,False,satisfied,22.3118,22.4,56,1,105.52791599184275,972.4112909752876,43.280416866764426,0.011208001524209976,1015.7029158435762
optimistic,150,bramev,4,4,4,t00949-c00086,86,949,6,0,6,True,False,satisfied,10.0368,10.4,26,1,33.184791915118694,354.70274998806417,0.030749943107366562,0.01879199407994747,354.7522919252515
optimistic,150,bramev,4,4,4,t00949-c00133,133,949,2,0,2,True,False,cancelled_late,25.2972,0.0,0,1,124.99250005930662,229.69433409161866,125.08974992670119,0.008041039109230042,354.7921250574291
optimistic,150,bramev,4,4,4,t00950-c00131,131,950,6,0,6,True,False,satisfied,21.6156,21.6,54,1,52.216249983757734,594.1592501476407,0.03512483090162277,0.022249994799494743,594.2166249733418
optimistic,150,bramev,4,4,4,t00951-c00133,133,951,7,0,7,True,False,cancelled_early,20.8129,0.0,0,1,45.23529205471277,493.6304579023272,0.03279210068285465,0.02091703936457634,493.6841670423746
optimistic,150,bramev,4,4,4,t00952-c00018,18,952,1,2,1,True,False,cancelled_early,24.8689,0.0,0,1,600.0319169834256,600.0319169834256,0.01879199407994747,0.017707934603095055,600.0684169121087
optimistic,150,bramev,4,4,4,t00952-c00133,133,952,5,0,5,True,False,satisfied,22.5516,23.0,46,1,110.5073750950396,484.2978329397738,0.033542048186063766,0.019249971956014633,484.3506249599159
optimistic,150,bramev,4,4,4,t00955-c00018,18,955,6,0,6,True,False,breakdown,25.1818,0.0,0,1,362.6187089830637,1472.7072920650244,121.68145785108209,0.019584083929657936,1594.4083340000361
optimistic,150,bramev,4,4,4,t00955-c00100,100,955,7,0,7,True,False,satisfied,21.6645,22.2,37,1,40.05716601386666,1594.30674999021,0.13008294627070427,0.010207993909716606,1594.4470409303904
optimistic,150,bramev,4,4,4,t00956-c00010,10,956,4,0,4,True,False,satisfied,20.2657,20.0,25,1,83.84529105387628,474.6204160619527,0.018584076315164566,0.01754099503159523,474.65654113329947
optimistic,150,bramev,4,4,4,t00956-c00107,107,956,7,0,7,True,False,satisfied,20.2647,20.3,29,1,39.862291887402534,404.8389170784503,69.84874978661537,0.010916031897068024,474.69858289696276
optimistic,150,bramev,4,4,4,t00958-c00041,41,958,12,0,12,True,False,satisfied,23.5652,23.6,59,1,147.1897920127958,1803.7643749266863,0.032250070944428444,0.026499852538108826,1803.8231248501688
optimistic,150,bramev,4,4,4,t00958-c00081,81,958,6,0,6,True,False,satisfied,24.8106,24.8,31,1,249.49895800091326,1724.1915829945356,79.67491704039276,0.010333023965358734,1803.8768330588937
optimistic,150,bramev,4,4,4,t00961-c00015,15,961,1,0,1,True,False,satisfied,24.121,24.0,48,1,298.32966695539653,298.32966695539653,0.015500001609325409,0.017375219613313675,298.3625421766192
optimistic,150,bramev,4,4,4,t00961-c00145,145,961,3,0,3,True,False,satisfied,27.9862,28.0,35,1,51.01595912128687,207.42954197339714,90.97404195927083,0.010750023648142815,298.4143339563161
optimistic,150,bramev,4,4,4,t00963-c00037,37,963,7,0,7,True,False,cancelled_late,7.3314,0.0,0,1,13.426708057522774,111.13383318297565,0.027125002816319466,0.020124949514865875,111.18108313530684
optimistic,150,bramev,4,4,4,t00964-c00034,34,964,6,0,6,True,False,satisfied,6.1375,6.6,11,1,15.026916982606053,84.08991689793766,0.02350006252527237,0.0191668514162302,84.13258381187916
optimistic,150,bramev,4,4,4,t00965-c00032,32,965,3,0,3,True,False,no_show,30.7882,0.0,0,1,84.59004200994968,733.4416671656072,268.0009580217302,0.017541926354169846,1001.4601671136916
optimistic,150,bramev,4,4,4,t00965-c00077,77,965,8,0,8,True,False,satisfied,17.3908,17.6,44,1,136.58708310686052,1001.3620420359075,0.11804094538092613,0.010584015399217606,1001.4906669966877
optimistic,150,bramev,4,4,4,t00966-c00000,0,966,2,0,2,True,False,no_show,12.1744,0.0,0,1,24.836374912410975,40.95729091204703,0.015584053471684456,0.015625031664967537,40.98849999718368
optimistic,150,bramev,4,4,4,t00967-c00037,37,967,14,0,14,True,False,satisfied,13.7072,14.4,18,1,24.266042048111558,333.841583924368,0.03237510100007057,0.02333289012312889,333.8972919154912
optimistic,150,bramev,4,4,4,t00969-c00005,5,969,6,0,6,True,False,satisfied,28.2492,28.5,57,1,106.34191683493555,606.7301668226719,0.026042107492685318,0.019333092495799065,606.7755420226604
optimistic,150,bramev,4,4,4,t00971-c00148,148,971,7,0,7,True,False,cancelled_late,16.9032,0.0,0,1,69.72741684876382,460.9325840137899,0.037665944546461105,0.019541941583156586,460.9897918999195
optimistic,150,bramev,4,4,4,t00972-c00148,148,972,7,0,7,True,False,satisfied,14.1432,14.4,36,1,39.0882920473814,389.7811670321971,0.03262516111135483,0.01654098741710186,389.8303331807256
optimistic,150,bramev,4,4,4,t00974-c00120,120,974,5,0,5,True,False,cancelled_late,21.5104,0.0,0,1,34.23383412882686,157.22062508575618,0.03083399496972561,0.016333069652318954,157.26779215037823
optimistic,150,bramev,4,4,4,t00975-c00141,141,975,7,0,7,True,False,satisfied,21.4358,21.6,36,1,36.51983290910721,384.97274997644126,0.0350000336766243,0.020791077986359596,385.02854108810425
optimistic,150,bramev,4,4,4,t00976-c00056,56,976,3,0,3,True,False,satisfied,19.6147,19.5,39,1,47.270291950553656,315.02129207365215,0.0249580480158329,0.01895800232887268,315.06520812399685
optimistic,150,bramev,4,4,4,t00976-c00120,120,976,3,0,3,True,False,satisfied,19.941,20.0,25,1,73.06091580539942,227.730207843706,87.36095810309052,0.008167000487446785,315.099332947284
optimistic,150,bramev,4,4,4,t00977-c00039,39,977,4,0,4,True,False,no_show,10.4444,0.0,0,1,21.194541128352284,73.06687510572374,0.02004089765250683,0.016375211998820305,73.10329121537507
optimistic,150,bramev,4,4,4,t00981-c00124,124,981,3,0,3,True,False,satisfied,31.7497,32.0,40,1,37.0339578948915,222.92787488549948,0.030749943107366562,0.015458092093467712,222.9740829207003
optimistic,150,bramev,4,4,4,t00982-c00052,52,982,5,0,5,True,False,satisfied,20.3956,20.4,34,1,16.50716597214341,254.34112502261996,0.02295803278684616,0.016416888684034348,254.38049994409084
optimistic,150,bramev,4,4,4,t00983-c00063,63,983,6,0,6,True,False,satisfied,21.5799,21.6,27,1,27.500041062012315,211.4612499717623,0.024875160306692123,0.01708301715552807,211.50320814922452
optimistic,150,bramev,4,4,4,t00984-c00143,143,984,12,0,12,True,False,satisfied,25.3562,25.5,51,1,71.35895802639425,1151.236082892865,0.03841705620288849,0.021208077669143677,1151.295708026737
optimistic,150,bramev,4,4,4,t00989-c00109,109,989,6,0,6,True,False,satisfied,36.9715,37.1,53,1,68.12654109671712,619.1292079165578,0.03241701051592827,0.02312520518898964,619.1847501322627
optimistic,150,bramev,4,4,4,t00990-c00000,0,990,3,0,3,True,False,satisfied,25.2891,25.9,37,1,27.843583142384887,816.2828751374036,310.7857499271631,0.01595797948539257,1127.0845830440521
optimistic,150,bramev,4,4,4,t00990-c00050,50,990,6,0,6,True,False,satisfied,21.0442,21.2,53,1,123.07945801876485,1034.3817500397563,92.72362501360476,0.009457813575863838,1127.114832866937
optimistic,150,bramev,4,4,4,t00990-c00053,53,990,6,0,6,True,False,satisfied,21.4304,21.5,43,1,170.71791598573327,1126.9509999547154,0.15091616660356522,0.0072089023888111115,1127.1091250237077
optimistic,150,bramev,4,4,4,t00991-c00102,102,991,13,0,13,True,False,no_show,24.2073,0.0,0,1,31.136374920606613,815.4065411072224,0.035833800211548805,0.01954101026058197,815.4619159176946
optimistic,150,bramev,4,4,4,t00992-c00007,7,992,4,0,4,True,False,satisfied,13.7516,13.8,23,1,356.81374999694526,1305.8088750112802,0.019666040316224098,0.017833895981311798,1305.8463749475777
optimistic,150,bramev,4,4,4,t00992-c00059,59,992,4,0,4,True,False,satisfied,27.7006,28.0,70,1,356.75804200582206,1305.7534580584615,0.11083390563726425,0.007083173841238022,1305.87137513794
optimistic,150,bramev,4,4,4,t00993-c00122,122,993,3,0,3,True,False,no_show,18.261,0.0,0,1,22.33908395282924,103.75741706229746,0.03170780837535858,0.015750061720609665,103.80487493239343
optimistic,150,bramev,4,4,4,t00995-c00112,112,995,6,0,6,True,False,cancelled_early,14.8212,0.0,0,1,18.673707963898778,136.13237510435283,0.02904096618294716,0.017416896298527718,136.1788329668343
optimistic,150,bramev,4,4,4,t00996-c00112,112,996,2,0,2,True,False,satisfied,18.7024,19.2,24,1,30.933249974623322,56.12899991683662,0.026208115741610527,0.013666925951838493,56.16887495853007
optimistic,150,bramev,4,4,4,t00998-c00047,47,998,6,0,6,True,False,satisfied,14.8609,15.0,25,1,33.95950002595782,188.20908293128014,0.021999934688210487,0.01591700129210949,188.24699986726046
optimistic,150,bramev,4,4,4,t00999-c00060,60,999,3,0,3,True,False,satisfied,21.4159,21.5,43,1,91.12854208797216,862.5882919877768,131.37300009839237,0.015208031982183456,993.9765001181513
optimistic,150,bramev,4,4,4,t00999-c00123,123,999,7,0,7,True,False,satisfied,12.5243,12.0,20,1,91.07629116624594,896.157416049391,97.84983401186764,0.009291106835007668,994.0165411680937
optimistic,150,bramev,4,4,4,t00999-c00130,130,999,6,0,6,True,False,satisfied,21.9242,22.0,44,1,161.91866691224277,993.8467498868704,0.1591250766068697,0.007417052984237671,994.0132920164615
optimistic,150,bramev,4,4,4,t01000-c00033,33,1000,6,0,6,True,False,no_show,18.0911,0.0,0,1,105.65404198132455,978.8422090932727,0.022582942619919777,0.01750001683831215,978.8822920527309
optimistic,150,bramev,4,4,4,t01000-c00134,134,1000,6,0,6,True,False,satisfied,27.6154,28.2,47,1,52.62050009332597,813.703624997288,165.20320903509855,0.0100000761449337,978.9168341085315
optimistic,150,bramev,4,4,4,t01003-c00039,39,1003,13,0,13,True,False,satisfied,21.1332,21.6,27,1,35.899207927286625,496.6349578462541,0.028042122721672058,0.018042046576738358,496.6810420155525
optimistic,150,bramev,4,4,4,t01005-c00070,70,1005,16,0,16,True,False,satisfied,32.3534,32.4,81,1,239.4022501539439,4953.427791129798,30.196459032595158,0.02233288250863552,4983.6465830449015
optimistic,150,bramev,4,4,4,t01005-c00084,84,1005,8,0,8,True,False,satisfied,18.9514,19.2,32,1,269.22475011087954,4983.534500002861,0.1502919476479292,0.010417075827717781,4983.695209026337
optimistic,150,bramev,4,4,4,t01007-c00012,12,1007,4,0,4,True,False,satisfied,14.812,15.0,30,1,347.6263331249356,911.9968330487609,0.02087489701807499,0.018167076632380486,912.0358750224113
optimistic,150,bramev,4,4,4,t01007-c00105,105,1007,3,0,3,True,False,satisfied,9.8385,10.0,25,1,32.903125043958426,520.5751659814268,391.4905001875013,0.008833827450871468,912.074499996379
optimistic,150,bramev,4,4,4,t01007-c00129,129,1007,4,0,4,True,False,cancelled_late,19.3001,0.0,0,1,347.52679197117686,911.8974171578884,0.1641248818486929,0.005499925464391708,912.0670419652015
optimistic,150,bramev,4,4,4,t01009-c00129,129,1009,2,0,2,True,False,satisfied,14.7061,15.0,25,1,32.208082964643836,58.839666889980435,0.03174995072185993,0.014708144590258598,58.886124985292554
optimistic,150,bramev,4,4,4,t01011-c00066,66,1011,5,0,5,True,False,cancelled_late,20.3132,0.0,0,1,57.536124950274825,276.6230839770287,0.02733292058110237,0.017249956727027893,276.66766685433686
optimistic,150,bramev,4,4,4,t01013-c00011,11,1013,9,0,9,True,False,no_show,22.9747,0.0,0,1,71.6228331439197,542.3900000751019,100.39908299222589,0.019625062122941017,642.8087081294507
optimistic,150,bramev,4,4,4,t01013-c00027,27,1013,4,0,4,True,False,satisfied,20.4587,21.0,35,1,139.5809999667108,642.7159591112286,0.11695805005729198,0.008457805961370468,642.8413749672472
optimistic,150,bramev,4,4,4,t01014-c00008,8,1014,3,0,3,True,False,cancelled_late,21.0837,0.0,0,1,57.5232501141727,648.8729170523584,153.05812493897974,0.0177919864654541,801.9488339778036
optimistic,150,bramev,4,4,4,t01014-c00091,91,1014,7,0,7,True,False,satisfied,19.4018,20.0,25,1,116.9348331168294,801.8548749387264,0.142417149618268,0.010750023648142815,802.0080421119928
optimistic,150,bramev,4,4,4,t01014-c00146,146,1014,9,0,9,True,False,satisfied,15.339,15.5,31,1,82.2317497804761,779.7919588629156,22.209750022739172,0.010458054021000862,802.0121669396758
optimistic,150,bramev,4,4,4,t01015-c00062,62,1015,4,0,4,True,False,cancelled_early,19.3752,0.0,0,1,38.566374918445945,133.15191608853638,0.026250025257468224,0.017999904230237007,133.1961660180241
optimistic,150,bramev,4,4,4,t01016-c00062,62,1016,14,0,14,True,False,cancelled_early,20.2018,0.0,0,1,104.4363749679178,967.2713750042021,0.030041905120015144,0.019707949832081795,967.3211248591542
optimistic,150,bramev,4,4,4,t01016-c00066,66,1016,5,0,5,True,False,cancelled_late,21.7478,0.0,0,1,63.39437491260469,732.297542039305,235.06466578692198,0.008709030225872993,967.3709168564528
optimistic,150,bramev,4,4,4,t01017-c00062,62,1017,7,0,7,True,False,satisfied,23.7342,23.8,34,1,30.584708089008927,304.55866688862443,0.025625107809901237,0.015500001609325409,304.59979199804366
optimistic,150,bramev,4,4,4,t01019-c00008,8,1019,4,0,4,True,False,satisfied,15.8994,16.2,27,1,40.320583852007985,487.2735838871449,74.56991611979902,0.01650000922381878,561.8600000161678
optimistic,150,bramev,4,4,4,t01019-c00074,74,1019,2,0,2,True,False,satisfied,22.752,19.8,33,1,178.4014159347862,436.1897499766201,125.7034579757601,0.008041970431804657,561.901249922812
optimistic,150,bramev,4,4,4,t01019-c00078,78,1019,8,0,8,True,False,satisfied,19.4118,19.6,28,1,69.29729203693569,561.7326251231134,0.16041682101786137,0.009375158697366714,561.9024171028286
optimistic,150,bramev,4,4,4,t01020-c00032,32,1020,10,0,10,True,False,cancelled_late,25.323,0.0,0,1,62.90408386848867,888.205667026341,0.02829195000231266,0.01987488940358162,888.2538338657469
optimistic,150,bramev,4,4,4,t01020-c00149,149,1020,10,0,10,True,False,no_show,8.8662,0.0,0,1,14.61916696280241,601.7758341040462,286.5333748050034,0.012708129361271858,888.3219170384109
optimistic,150,bramev,4,4,4,t01021-c00066,66,1021,4,0,4,True,False,satisfied,19.3001,19.8,33,1,58.19474998861551,306.7077079322189,0.02637505531311035,0.015832949429750443,306.74991593696177
optimistic,150,bramev,4,4,4,t01021-c00089,89,1021,2,0,2,True,False,satisfied,25.4521,21.0,35,1,126.52866612188518,240.95329106785357,65.82266697660089,0.007792143151164055,306.7837501876056
optimistic,150,bramev,4,4,4,t01024-c00032,32,1024,6,0,6,True,False,satisfied,28.2506,28.8,48,1,114.71645813435316,886.1521671060473,0.02150004729628563,0.017208047211170197,886.1908752005547
optimistic,150,bramev,4,4,4,t01024-c00136,136,1024,6,0,6,True,False,no_show,23.3283,0.0,0,1,114.65774988755584,807.7374999411404,78.47958290949464,0.009834067896008492,886.2269169185311
optimistic,150,bramev,4,4,4,t01028-c00096,96,1028,4,0,4,True,False,satisfied,13.1405,13.6,17,1,23.394667077809572,89.37462512403727,0.024667009711265564,0.015582889318466187,89.414875023067
optimistic,150,bramev,4,4,4,t01030-c00106,106,1030,3,0,3,True,False,satisfied,23.8686,24.0,48,1,77.72949989885092,436.11374986357987,54.91291591897607,0.01595914363861084,491.04262492619455
optimistic,150,bramev,4,4,4,t01030-c00122,122,1030,7,0,7,True,False,satisfied,16.7641,16.8,24,1,108.84925001300871,490.9520410001278,0.12129195965826511,0.009750016033649445,491.0830829758197
optimistic,150,bramev,4,4,4,t01037-c00043,43,1037,6,0,6,True,False,satisfied,14.1499,14.4,36,1,50.673749996349216,560.1976250763983,34.837499959394336,0.016750069335103035,595.0518751051277
optimistic,150,bramev,4,4,4,t01037-c00102,102,1037,5,0,5,True,False,satisfied,19.6905,19.8,33,1,78.10766692273319,594.9563328176737,0.12341700494289398,0.008875038474798203,595.0886248610914
optimistic,150,bramev,4,4,4,t01038-c00040,40,1038,8,0,8,True,False,satisfied,28.0208,28.4,71,1,151.41129191033542,1464.0608329791576,0.02750009298324585,0.01937500201165676,1464.1077080741525
optimistic,150,bramev,4,4,4,t01039-c00003,3,1039,4,0,4,True,False,no_show,10.6046,0.0,0,1,20.76600003056228,85.83249989897013,0.015041092410683632,0.015958910807967186,85.86349990218878
optimistic,150,bramev,4,4,4,t01040-c00042,42,1040,2,0,2,True,False,satisfied,24.9479,25.0,50,1,86.12674986943603,165.40237492881715,0.020750099793076515,0.014207791537046432,165.43733282014728
optimistic,150,bramev,4,4,4,t01041-c00023,23,1041,12,0,12,True,False,satisfied,21.9284,22.0,55,1,115.53254094906151,1268.354290863499,0.028209062293171883,0.020208070054650307,1268.4027079958469
optimistic,150,bramev,4,4,4,t01042-c00009,9,1042,5,0,5,True,False,satisfied,15.3468,15.6,26,1,40.55816703476012,211.78066707216203,0.018666964024305344,0.016875099390745163,211.81620913557708
optimistic,150,bramev,4,4,4,t01043-c00021,21,1043,3,0,3,True,False,satisfied,16.7194,16.8,21,1,189.57154196687043,438.02700005471706,210.92616696842015,0.02050003968179226,648.973667062819
optimistic,150,bramev,4,4,4,t01043-c00117,117,1043,3,0,3,True,False,satisfied,26.8752,27.2,68,1,164.75187498144805,648.8697919994593,0.12995791621506214,0.00833394005894661,649.0080838557333
optimistic,150,bramev,4,4,4,t01045-c00149,149,1045,6,0,6,True,False,no_show,19.0864,0.0,0,1,20.725958980619907,230.16283405013382,0.03516604192554951,0.018208986148238182,230.2162090782076
optimistic,150,bramev,4,4,4,t01047-c00020,20,1047,2,0,2,True,False,cancelled_late,28.3887,0.0,0,1,79.65874997898936,158.3654589485377,0.02008303999900818,0.014541903510689735,158.4000838920474
optimistic,150,bramev,4,4,4,t01050-c00020,20,1050,2,0,2,True,False,satisfied,28.8576,28.8,48,1,90.9033331554383,194.70754102803767,0.018875114619731903,0.01633400097489357,194.7427501436323
optimistic,150,bramev,4,4,4,t01050-c00092,92,1050,3,0,3,True,False,cancelled_early,6.292,0.0,0,1,6.767082959413528,118.34666598588228,76.42291719093919,0.008124858140945435,194.77770803496242
optimistic,150,bramev,4,4,4,t01051-c00092,92,1051,3,0,3,True,False,satisfied,13.0555,13.6,17,1,13.832290889695287,59.44529105909169,0.025416957214474678,0.013750046491622925,59.484458062797785
optimistic,150,bramev,4,4,4,t01052-c00025,25,1052,3,0,3,True,False,satisfied,15.9241,16.2,27,1,27.5431249756366,534.0185000095516,296.2498751003295,0.02033286727964878,830.2887079771608
optimistic,150,bramev,4,4,4,t01052-c00044,44,1052,6,0,6,True,False,satisfied,22.9209,23.2,58,1,105.9867909643799,830.1940409000963,0.12216717004776001,0.009207986295223236,830.3254160564393
optimistic,150,bramev,4,4,4,t01053-c00033,33,1053,5,0,5,True,False,satisfied,15.1842,15.2,38,1,101.38420900329947,450.82749985158443,0.02212519757449627,0.016666948795318604,450.86629199795425
optimistic,150,bramev,4,4,4,t01053-c00087,87,1053,3,0,3,True,False,cancelled_late,26.8831,0.0,0,1,42.548167053610086,393.0792920291424,57.81291681341827,0.008958159014582634,450.90116700157523
optimistic,150,bramev,4,4,4,t01055-c00011,11,1055,8,0,8,True,False,satisfied,26.7947,27.2,34,1,155.1431668922305,952.7442078106105,0.02400018274784088,0.01733400858938694,952.7855420019478
optimistic,150,bramev,4,4,4,t01055-c00087,87,1055,3,0,3,True,False,cancelled_early,20.0913,0.0,0,1,155.09041701443493,851.5604168642312,101.25283314846456,0.0076249707490205765,952.8208749834448
optimistic,150,bramev,4,4,4,t01056-c00087,87,1056,3,0,3,True,False,satisfied,31.9417,31.2,39,1,59.802375035360456,214.9262079037726,0.023750122636556625,0.013666925951838493,214.963624952361
optimistic,150,bramev,4,4,4,t01059-c00003,3,1059,5,0,5,True,False,satisfied,19.2985,20.0,25,1,194.33637498877943,553.4989589359611,40.455915965139866,0.01650000922381878,593.9713749103248
optimistic,150,bramev,4,4,4,t01059-c00046,46,1059,8,0,8,True,False,satisfied,18.5772,19.0,38,1,40.76616698876023,593.8824999611825,0.11850008741021156,0.010542105883359909,594.011542154476
optimistic,150,bramev,4,4,4,t01060-c00048,48,1060,8,0,8,True,False,cancelled_early,15.4603,0.0,0,1,53.88995795510709,508.91441688872874,0.02845795825123787,0.01708301715552807,508.9599578641355
optimistic,150,bramev,4,4,4,t01061-c00034,34,1061,7,0,7,True,False,satisfied,19.1223,19.2,32,1,130.97908394411206,3544.0085839945823,0.026708003133535385,0.022458145394921303,3544.0577501431108
optimistic,150,bramev,4,4,4,t01061-c00048,48,1061,14,0,14,True,False,satisfied,17.3675,17.6,44,1,130.92970801517367,3483.6252918466926,60.47195801511407,0.012333039194345474,3544.109582901001
optimistic,150,bramev,4,4,4,t01061-c00119,119,1061,3,0,3,True,False,cancelled_early,20.2506,0.0,0,1,38.79958298057318,2236.8898750282824,1307.2053748182952,0.00662519596517086,3544.101875042543
optimistic,150,bramev,4,4,4,t01062-c00119,119,1062,3,0,3,True,False,cancelled_early,24.3704,0.0,0,1,55.40604214183986,183.32104198634624,0.028333161026239395,0.015166820958256721,183.36454196833074
optimistic,150,bramev,4,4,4,t01063-c00119,119,1063,3,0,3,True,False,satisfied,23.7358,23.8,34,1,61.2745420075953,189.19083382934332,0.029165996238589287,0.01812516711652279,189.23812499269843
optimistic,150,bramev,4,4,4,t01065-c00036,36,1065,9,0,9,True,False,cancelled_early,20.0264,0.0,0,1,124.88466710783541,2750.1600419636816,0.027791131287813187,0.01950003206729889,2750.2073331270367
optimistic,150,bramev,4,4,4,t01065-c00064,64,1065,3,0,3,True,False,no_show,17.7881,0.0,0,1,535.1252921391279,2380.5325420107692,369.7193751577288,0.007916009053587914,2750.2598331775516
optimistic,150,bramev,4,4,4,t01065-c00104,104,1065,7,0,7,True,False,satisfied,24.1027,24.5,49,1,93.4007081668824,2669.263333082199,80.98629210144281,0.008165836334228516,2750.257791019976
optimistic,150,bramev,4,4,4,t01065-c00125,125,1065,4,0,4,True,False,no_show,18.7085,0.0,0,1,570.8149999845773,2704.902916913852,45.346666127443314,0.0069588422775268555,2750.256541883573
optimistic,150,bramev,4,4,4,t01066-c00004,4,1066,2,0,2,True,False,satisfied,19.8264,20.0,25,1,51.49437510408461,460.3275000117719,316.213957965374,0.013792188838124275,776.555250165984
optimistic,150,bramev,4,4,4,t01066-c00036,36,1066,17,0,17,True,False,satisfied,15.2177,15.0,30,1,19.333541858941317,776.4717920217663,0.1179578248411417,0.01391698606312275,776.6036668326706
optimistic,150,bramev,4,4,4,t01067-c00136,136,1067,7,0,7,True,False,satisfied,31.493,31.8,53,1,68.19695793092251,777.7925829868764,0.03341701813042164,0.017707934603095055,777.8437079396099
optimistic,150,bramev,4,4,4,t01068-c00017,17,1068,7,0,7,True,False,no_show,25.5323,0.0,0,1,56.36299983598292,442.864874843508,0.024042092263698578,0.01945788972079754,442.9083748254925
optimistic,150,bramev,4,4,4,t01070-c00128,128,1070,2,0,2,True,False,cancelled_early,20.9007,0.0,0,1,35.28937487863004,49.741749884560704,0.027292175218462944,0.013167038559913635,49.78220909833908
optimistic,150,bramev,4,4,4,t01071-c00128,128,1071,4,0,4,True,False,satisfied,25.3821,25.6,32,1,60.107165947556496,205.53087489679456,0.03233295865356922,0.020167091861367226,205.5833749473095
optimistic,150,bramev,4,4,4,t01072-c00093,93,1072,1,0,1,True,False,satisfied,19.7982,13.5,27,1,24.77483288384974,24.77483288384974,0.02629193477332592,0.013625016435980797,24.814749835059047
optimistic,150,bramev,4,4,4,t01073-c00028,28,1073,8,0,8,True,False,satisfied,25.5928,25.2,63,1,135.4752080515027,1509.8860000725836,141.4882920216769,0.02045789733529091,1651.3947499915957
optimistic,150,bramev,4,4,4,t01073-c00099,99,1073,4,0,4,True,False,satisfied,23.2706,23.6,59,1,427.528667030856,1651.2905419804156,0.13333302922546864,0.00937492586672306,1651.4332499355078
optimistic,150,bramev,4,4,4,t01075-c00006,6,1075,4,0,4,True,False,satisfied,21.2116,21.7,31,1,24.1547089535743,183.1038750242442,0.020583858713507652,0.018415972590446472,183.14287485554814
optimistic,150,bramev,4,4,4,t01076-c00137,137,1076,4,0,4,True,False,satisfied,15.8267,16.0,20,1,17.762084025889635,83.24700011871755,0.03320886753499508,0.016791047528386116,83.29700003378093
optimistic,150,bramev,4,4,4,t01077-c00055,55,1077,2,0,2,True,False,satisfied,23.0301,13.6,17,1,88.20066694170237,402.52695814706385,0.02183392643928528,0.018999911844730377,402.56779198534787
optimistic,150,bramev,4,4,4,t01077-c00142,142,1077,4,0,4,True,False,no_show,30.0832,0.0,0,1,48.15533314831555,389.7349580656737,12.871833983808756,0.010458054021000862,402.61725010350347
optimistic,150,bramev,4,4,4,t01078-c00016,16,1078,7,0,7,True,False,satisfied,19.4262,19.6,28,1,106.63387505337596,1502.2993749007583,0.023958971723914146,0.021832995116710663,1502.345166867599
optimistic,150,bramev,4,4,4,t01078-c00076,76,1078,18,0,18,True,False,satisfied,12.7346,13.0,26,1,20.542416954413056,1472.2171670291573,30.183958122506738,0.016582896932959557,1502.417708048597
optimistic,150,bramev,4,4,4,t01078-c00149,149,1078,6,0,6,True,False,no_show,21.7253,0.0,0,1,106.52404208667576,1422.9407920502126,79.46858298964798,0.006792135536670685,1502.4161671753973
optimistic,150,bramev,4,4,4,t01081-c00067,67,1081,4,0,4,True,False,satisfied,29.9278,30.0,50,1,26.895917020738125,323.8778340164572,0.025999965146183968,0.015999889001250267,323.91983387060463
optimistic,150,bramev,4,4,4,t01082-c00116,116,1082,3,0,3,True,False,satisfied,12.8964,13.2,22,1,18.858375027775764,86.34108304977417,0.03033294342458248,0.015667174011468887,86.38708316721022
optimistic,150,bramev,4,4,4,t01083-c00014,14,1083,4,0,4,True,False,satisfied,31.1628,31.5,63,1,239.62725000455976,1342.311458196491,0.01974985934793949,0.0175421591848135,1342.3487502150238
optimistic,150,bramev,4,4,4,t01083-c00144,144,1083,15,0,15,True,False,no_show,22.5647,0.0,0,1,37.10820805281401,1054.8073330428451,287.5768749509007,0.015459023416042328,1342.3996670171618
optimistic,150,bramev,4,4,4,t01084-c00019,19,1084,11,0,11,True,False,satisfied,20.8679,21.0,42,1,11.020708829164505,708.9613338466734,0.028165988624095917,0.023750122636556625,709.013249957934
optimistic,150,bramev,4,4,4,t01088-c00086,86,1088,3,0,3,True,False,no_show,15.3587,0.0,0,1,48.33112494088709,194.51058306731284,0.027916859835386276,0.016916077584028244,194.55541600473225
optimistic,150,bramev,4,4,4,t01089-c00103,103,1089,10,0,10,True,False,no_show,18.9599,0.0,0,1,37.412125151604414,588.398375082761,0.03170897252857685,0.020916108042001724,588.4510001633316
optimistic,150,bramev,4,4,4,t01095-c00125,125,1095,9,0,9,True,False,satisfied,23.1751,23.8,34,1,33.527292078360915,400.31079202890396,0.03641587682068348,0.019584083929657936,400.3667919896543
optimistic,150,bramev,4,4,4,t01098-c00049,49,1098,4,0,4,True,False,satisfied,20.067,20.5,41,1,125.32925000414252,838.7339999899268,0.024499837309122086,0.0200001522898674,838.7784999795258
optimistic,150,bramev,4,4,4,t01098-c00121,121,1098,6,0,6,True,False,satisfied,19.8435,20.4,34,1,34.732791827991605,838.6792079545557,0.1355418935418129,0.009333016350865364,838.8240828644484
optimistic,150,bramev,4,4,4,t01104-c00058,58,1104,9,0,9,True,False,satisfied,22.9744,23.4,39,1,68.59091715887189,708.8261251337826,60.62712497077882,0.020249979570508003,769.473500084132
optimistic,150,bramev,4,4,4,t01104-c00095,95,1104,4,0,4,True,False,satisfied,19.7483,20.0,25,1,111.30779096856713,769.374500028789,0.1379160676151514,0.008999835699796677,769.521415932104
optimistic,150,bramev,4,4,4,t01106-c00022,22,1106,12,0,12,True,False,satisfied,20.6166,21.0,42,1,181.57350015826523,2061.5072501823306,0.02741580829024315,0.02337503246963024,2061.5580410230905
optimistic,150,bramev,4,4,4,t01106-c00080,80,1106,6,0,6,True,False,satisfied,28.9947,28.8,72,1,181.51991697959602,2061.4532080944628,0.14199991710484028,0.008458970114588737,2061.603666981682
optimistic,150,bramev,4,4,4,t01110-c00054,54,1110,3,0,3,True,False,satisfied,18.7604,18.9,27,1,31.079625012353063,126.5737907961011,0.023625092580914497,0.014875084161758423,126.61229097284377
optimistic,150,bramev,4,4,4,t01112-c00126,126,1112,6,0,6,True,False,cancelled_late,25.9378,0.0,0,1,63.27933305874467,544.843666953966,0.030625145882368088,0.020540785044431686,544.8948328848928
optimistic,150,bramev,4,4,4,t01113-c00126,126,1113,6,0,6,True,False,satisfied,24.0994,24.5,49,1,59.75437490269542,519.0661249216646,0.030542025342583656,0.01637497916817665,519.1130419261754
optimistic,150,bramev,4,4,4,t01114-c00038,38,1114,12,0,12,True,False,satisfied,21.491,21.6,27,1,163.9782499987632,815.4261668678373,0.028208130970597267,0.0213750172406435,815.4757500160486
optimistic,150,bramev,4,4,4,t01114-c00113,113,1114,12,0,12,True,False,satisfied,8.2291,8.4,12,1,163.9206251129508,790.7819170504808,24.72787513397634,0.009415904060006142,815.5192080885172
optimistic,150,bramev,4,4,4,t01117-c00017,17,1117,5,0,5,True,False,satisfied,31.2796,31.5,45,1,74.37662500888109,398.2595829293132,0.02150004729628563,0.022416934370994568,398.30349991098046
optimistic,150,bramev,4,4,4,t01120-c00031,31,1120,7,0,7,True,False,no_show,28.2151,0.0,0,1,120.49424997530878,1366.2577499635518,0.022707972675561905,0.019167084246873856,1366.2996250204742
optimistic,150,bramev,4,4,4,t01120-c00037,37,1120,7,0,7,True,False,satisfied,7.9403,8.0,10,1,120.44454202987254,1366.207709070295,0.11266604997217655,0.008916947990655899,1366.329292068258
optimistic,150,bramev,4,4,4,t01121-c00064,64,1121,7,0,7,True,False,satisfied,26.0339,26.4,66,1,137.28850008919835,966.8102092109621,0.02641580067574978,0.01637497916817665,966.852999990806
optimistic,150,bramev,4,4,4,t01122-c00071,71,1122,7,0,7,True,False,satisfied,14.7048,15.4,22,1,27.32808399014175,393.04987504146993,0.0278339721262455,0.017291167750954628,393.09500018134713
optimistic,150,bramev,4,4,4,t01122-c00149,149,1122,2,0,2,True,False,satisfied,31.8983,32.2,46,1,105.46300001442432,315.5245000962168,77.58695888333023,0.008083181455731392,393.11954216100276
optimistic,150,bramev,4,4,4,t01123-c00147,147,1123,8,0,8,True,False,satisfied,17.8632,18.2,26,1,35.05770908668637,291.3360840175301,0.033125048503279686,0.017625046893954277,291.3868341129273
optimistic,150,bramev,4,4,4,t01124-c00073,73,1124,2,0,2,True,False,cancelled_early,11.8931,0.0,0,1,20.78779204748571,40.58733396232128,0.02270820550620556,0.015999889001250267,40.62604205682874
optimistic,150,bramev,4,4,4,t01125-c00073,73,1125,4,0,4,True,False,satisfied,20.3373,20.4,34,1,34.41191604360938,180.6477908976376,0.022875145077705383,0.016249949112534523,180.68691599182785
optimistic,150,bramev,4,4,4,t01127-c00144,144,1127,9,0,9,True,False,satisfied,30.2077,30.1,43,1,46.18158284574747,664.6034580189735,0.036624958738684654,0.01974985934793949,664.6598328370601
optimistic,150,bramev,4,4,4,t01128-c00035,35,1128,6,0,6,True,False,satisfied,26.5593,27.2,34,1,245.11425010859966,879.8044170252979,0.022541964426636696,0.017291167750954628,879.8442501574755
optimistic,150,bramev,4,4,4,t01128-c00105,105,1128,3,0,3,True,False,satisfied,24.6094,24.8,62,1,209.8836658988148,766.3039579056203,113.56099997647107,0.008458038792014122,879.8734159208834
optimistic,150,bramev,4,4,4,t01129-c00086,86,1129,2,0,2,True,False,satisfied,21.161,21.2,53,1,88.01358402706683,163.1631669588387,0.02833292819559574,0.01454213634133339,163.20604202337563
optimistic,150,bramev,4,4,4,t01133-c00103,103,1133,6,0,6,True,False,cancelled_early,31.2358,0.0,0,1,128.16804088652134,712.82137488015,0.029833056032657623,0.017124926671385765,712.868332862854
optimistic,150,bramev,4,4,4,t01134-c00103,103,1134,11,0,11,True,False,satisfied,31.4833,31.5,63,1,83.30124989151955,1477.9799999669194,0.03616698086261749,0.030749943107366562,1478.0469168908894
optimistic,150,bramev,4,4,4,t01135-c00079,79,1135,4,1,4,True,False,satisfied,21.6963,22.2,37,1,479.19791704043746,875.7973751053214,329.51349997892976,0.018416903913021088,1205.3292919881642
optimistic,150,bramev,4,4,4,t01135-c00140,140,1135,7,0,7,True,False,satisfied,14.37,14.7,21,1,15.038290992379189,159.0510830283165,0.02979184500873089,0.01600012183189392,159.09687499515712
optimistic,150,bramev,4,4,4,t01136-c00110,110,1136,3,0,3,True,False,cancelled_late,22.9156,0.0,0,1,263.74970795586705,928.2392079476267,116.6442921385169,0.009665964171290398,1044.893166050315
optimistic,150,bramev,4,4,4,t01136-c00142,142,1136,5,0,5,True,False,satisfied,29.9695,30.0,50,1,263.700749957934,1044.69129210338,0.20641600713133812,0.007583992555737495,1044.905292103067
optimistic,150,bramev,4,4,4,t01137-c00083,83,1137,6,0,6,True,False,cancelled_late,17.2261,0.0,0,1,15.515957958996296,154.13233288563788,0.02691708505153656,0.018290942534804344,154.17754091322422
optimistic,150,bramev,4,4,4,t01140-c00007,7,1140,2,0,2,True,False,satisfied,13.9356,14.4,24,1,68.50345898419619,174.13641698658466,39.67304201796651,0.016707926988601685,213.82616693153977
optimistic,150,bramev,4,4,4,t01140-c00083,83,1140,6,0,6,True,False,satisfied,17.0966,17.6,22,1,25.37916717119515,213.7411250732839,0.12225005775690079,0.009832903742790222,213.8732080347836
optimistic,150,bramev,4,4,4,t01141-c00110,110,1141,7,0,7,True,False,satisfied,16.1104,16.8,24,1,15.635791933164,221.71395900659263,0.027291011065244675,0.016042031347751617,221.75729204900563
optimistic,150,bramev,4,4,4,t01150-c00024,24,1150,7,0,7,True,False,cancelled_early,25.2767,0.0,0,1,306.424249894917,2786.1852918285877,117.48187500052154,0.01954101026058197,2903.68670783937
optimistic,150,bramev,4,4,4,t01150-c00045,45,1150,6,0,6,True,False,satisfied,21.2773,21.6,54,1,43.72424981556833,2903.5937909502536,0.13258401304483414,0.00995793379843235,2903.736332897097
optimistic,150,bramev,4,4,4,t01150-c00148,148,1150,6,0,6,True,False,satisfied,8.3676,8.4,21,1,306.3222919590771,2786.083666840568,117.64783295802772,0.007125083357095718,2903.738624881953
optimistic,150,bramev,4,4,4,t01151-c00024,24,1151,11,0,11,True,False,satisfied,19.209,19.6,49,1,114.93079084903002,1051.0108328890055,0.026999972760677338,0.023833010345697403,1051.061665872112
optimistic,150,bramev,4,4,4,t01155-c00098,98,1155,12,0,12,True,False,no_show,22.2623,0.0,0,1,83.70120800100267,764.3247081432492,0.03608386032283306,0.022750115022063255,764.383542118594
optimistic,150,bramev,4,4,4,t01157-c00029,29,1157,6,0,6,True,False,satisfied,23.4647,23.8,34,1,35.01116600818932,313.3066250011325,0.024625100195407867,0.021290965378284454,313.3525410667062
optimistic,150,bramev,4,4,4,t01160-c00123,123,1160,3,0,3,True,False,satisfied,18.3669,18.6,31,1,32.88833308033645,130.248999921605,0.03208313137292862,0.020124949514865875,130.30120800249279
optimistic,150,bramev,4,4,4,t01163-c00138,138,1163,6,0,6,True,False,satisfied,13.4109,13.6,34,1,30.664792051538825,306.8815420847386,0.033125048503279686,0.01629185862839222,306.9309589918703
optimistic,150,bramev,4,4,4,t01165-c00061,61,1165,8,0,8,True,False,satisfied,26.6909,27.0,54,1,140.5984170269221,894.3242919631302,0.028250040486454964,0.01791701652109623,894.3704590201378
optimistic,150,bramev,4,4,4,t01168-c00108,108,1168,13,0,13,True,False,no_show,18.9879,0.0,0,1,61.214542016386986,647.3977090790868,0.03754091449081898,0.02183392643928528,647.4570839200169
optimistic,150,bramev,4,4,4,t01169-c00010,10,1169,5,0,5,True,False,satisfied,16.1801,16.8,21,1,242.53983399830759,2012.7467499114573,329.4437499716878,0.021875137463212013,2342.2123750206083
optimistic,150,bramev,4,4,4,t01169-c00013,13,1169,12,0,12,True,False,satisfied,28.1928,28.4,71,1,217.0965000987053,2342.11550001055,0.1442090142518282,0.014041084796190262,2342.273750109598
optimistic,150,bramev,4,4,4,t01171-c00002,2,1171,3,0,3,True,False,satisfied,19.9522,20.0,40,1,92.58558391593397,265.97599987871945,0.020250212401151657,0.021541956812143326,266.01779204793274
optimistic,150,bramev,4,4,4,t01178-c00075,75,1178,4,0,4,True,False,satisfied,20.816,21.6,27,1,43.68333308957517,170.28125002980232,0.0260830856859684,0.01950003206729889,170.3268331475556
optimistic,150,bramev,4,4,4,t01179-c00114,114,1179,5,0,5,True,False,satisfied,17.0133,17.2,43,1,86.51670813560486,451.71579206362367,0.03291596658527851,0.018833903595805168,451.76754193380475
optimistic,150,bramev,4,4,4,t01180-c00072,72,1180,3,0,3,True,False,no_show,18.0106,0.0,0,1,91.63916693069041,283.76691695302725,0.03400002606213093,0.03341701813042164,283.8343339972198
optimistic,150,bramev,4,4,4,t01181-c00068,68,1181,2,0,2,True,False,satisfied,30.2803,30.8,44,1,67.1478749718517,136.83733390644193,0.025416025891900063,0.019459053874015808,136.88220898620784
optimistic,150,bramev,4,4,4,t01183-c00012,12,1183,7,0,7,True,False,satisfied,15.4265,15.0,30,1,43.101583141833544,309.01900003664196,0.02091703936457634,0.021707965061068535,309.0616250410676
optimistic,150,bramev,4,4,4,t01186-c00129,129,1186,2,0,2,True,False,cancelled_late,17.9588,0.0,0,1,34.21299997717142,64.05283277854323,0.028750160709023476,0.015124911442399025,64.09670785069466
optimistic,150,bramev,4,4,4,t01187-c00129,129,1187,4,0,4,True,False,satisfied,20.808,21.0,35,1,49.78933301754296,199.41512495279312,0.031207920983433723,0.017249956727027893,199.46358283050358
optimistic,150,bramev,4,4,4,t01190-c00015,15,1190,12,0,12,True,False,satisfied,21.0843,21.5,43,1,89.75241705775261,1029.5106670819223,0.027542002499103546,0.02008303999900818,1029.5582921244204
optimistic,150,bramev,4,4,4,t01190-c00096,96,1190,4,0,4,True,False,satisfied,23.1445,23.2,29,1,175.81870802678168,983.9927919674665,45.584666077047586,0.008624978363513947,1029.5860830228776
optimistic,150,bramev,4,4,4,t01191-c00090,90,1191,9,0,9,True,False,satisfied,26.7765,27.2,34,1,32.575834076851606,510.246624937281,0.03050011582672596,0.018042046576738358,510.2951670996845
optimistic,150,bramev,4,4,4,t01191-c00122,122,1191,2,0,2,True,False,satisfied,14.7815,15.4,22,1,59.20445895753801,295.16112501733005,215.16187489032745,0.007417052984237671,510.33041696064174
optimistic,150,bramev,4,4,4,t01192-c00047,47,1192,2,0,2,True,False,satisfied,14.1899,14.4,24,1,31.557667069137096,44.86566688865423,0.018625054508447647,0.012750038877129555,44.89704198203981
optimistic,150,bramev,4,4,4,t01193-c00001,1,1193,17,0,17,True,False,satisfied,30.4801,30.8,44,1,81.34150016121566,2905.368332983926,830.1462091039866,0.02474989742040634,3735.539291985333
optimistic,150,bramev,4,4,4,t01193-c00031,31,1193,7,0,7,True,False,satisfied,28.597,28.8,72,1,242.46066715568304,3735.4352921247482,0.13870792463421822,0.0100000761449337,3735.5840001255274
optimistic,150,bramev,4,4,4,t01193-c00037,37,1193,6,0,6,True,False,satisfied,18.8538,19.2,24,1,132.60279200039804,2809.596166945994,925.9759581182152,0.007166992872953415,3735.579292057082
optimistic,150,bramev,4,4,4,t01193-c00107,107,1193,3,0,3,True,False,satisfied,16.5189,16.8,24,1,103.27654099091887,1727.1259159315377,2008.4354169666767,0.005542067810893059,3735.5668749660254
optimistic,150,bramev,4,4,4,t01193-c00146,146,1193,4,0,4,True,False,satisfied,14.7399,15.0,30,1,662.7654589246958,3735.307125141844,0.24220882914960384,0.004833098500967026,3735.5541670694947
optimistic,150,bramev,4,4,4,t01194-c00118,118,1194,2,0,2,True,False,satisfied,18.3784,18.4,46,1,64.034708077088,93.48404197953641,0.026625115424394608,0.015500001609325409,93.52616709657013
optimistic,150,bramev,4,4,4,t01195-c00056,56,1195,4,0,4,True,False,satisfied,14.5488,15.0,30,1,56.61170813255012,183.96433303132653,0.021792016923427582,0.01654098741710186,184.00266603566706
optimistic,150,bramev,4,4,4,t01196-c00100,100,1196,3,0,3,True,False,cancelled_early,18.3286,0.0,0,1,48.977250000461936,154.78245820850134,0.030041905120015144,0.015333062037825584,154.82783317565918
optimistic,150,bramev,4,4,4,t01197-c00026,26,1197,4,0,4,True,False,satisfied,15.9587,16.0,40,1,138.67458421736956,478.2229592092335,195.63899980857968,0.01600012183189392,673.8779591396451
optimistic,150,bramev,4,4,4,t01197-c00100,100,1197,12,0,12,True,False,satisfied,16.5442,16.8,28,1,46.71899997629225,673.7837090622634,0.13245781883597374,0.012750038877129555,673.9289169199765
optimistic,150,bramev,4,4,4,t01198-c00057,57,1198,6,0,6,True,False,satisfied,27.4112,27.6,69,1,147.0804160926491,791.3312911987305,0.025416957214474678,0.016582896932959557,791.3732910528779
optimistic,150,bramev,4,4,4,t01199-c00141,141,1199,1,1,1,True,False,no_show,26.2991,0.0,0,1,38.54108299128711,38.54108299128711,0.03091711550951004,0.012582866474986076,38.58458297327161
optimistic,150,bramev,4,4,4,t01204-c00108,108,1204,13,0,13,True,False,satisfied,24.3858,24.6,41,1,61.95795792154968,867.763124871999,0.034207943826913834,0.01954217441380024,867.8168749902397
optimistic,150,bramev,4,4,4,t01205-c00025,25,1205,3,0,3,True,False,cancelled_late,16.5442,0.0,0,1,49.54245802946389,140.79812495037913,0.02004089765250683,0.014709075912833214,140.83287492394447
optimistic,150,bramev,4,4,4,t01206-c00077,77,1206,4,0,4,True,False,cancelled_late,20.3034,0.0,0,1,49.67712494544685,547.2585000097752,170.45154212974012,0.01637497916817665,717.7264171186835
optimistic,150,bramev,4,4,4,t01206-c00098,98,1206,6,0,6,True,False,satisfied,25.7273,25.8,43,1,116.7571668047458,717.6346669439226,0.13687508180737495,0.00933278352022171,717.7808748092502
optimistic,150,bramev,4,4,4,t01208-c00077,77,1208,3,0,3,True,False,satisfied,18.6721,18.4,46,1,104.74516684189439,411.669832887128,0.030792085453867912,0.015333062037825584,411.7159580346197
optimistic,150,bramev,4,4,4,t01208-c00092,92,1208,3,0,3,True,False,no_show,18.1441,0.0,0,1,104.6979168895632,411.6224169265479,0.11716596782207489,0.00700005330145359,411.7465829476714
optimistic,150,bramev,4,4,4,t01209-c00025,25,1209,16,0,16,True,False,satisfied,16.0498,16.2,27,1,174.21083291992545,1692.7668328862637,225.36995797418058,0.022792024537920952,1918.1595828849822
optimistic,150,bramev,4,4,4,t01209-c00033,33,1209,3,0,3,True,False,no_show,17.4708,0.0,0,1,174.16295898146927,1128.5348339006305,789.6531249862164,0.007916009053587914,1918.1958748959005
optimistic,150,bramev,4,4,4,t01209-c00101,101,1209,4,0,4,True,False,satisfied,24.7176,25.0,50,1,472.97525010071695,1918.004000093788,0.1752919051796198,0.006624963134527206,1918.185916962102
optimistic,150,bramev,4,4,4,t01209-c00120,120,1209,4,0,4,True,False,satisfied,19.0723,19.2,24,1,472.9337920434773,1917.962625157088,0.20891684107482433,0.005624955520033836,1918.177166953683
optimistic,150,bramev,4,4,4,t01210-c00052,52,1210,9,0,9,True,False,satisfied,24.3497,24.6,41,1,234.83170801773667,1793.4877080842853,0.025958986952900887,0.01950003206729889,1793.5331671033055
optimistic,150,bramev,4,4,4,t01210-c00053,53,1210,4,0,4,True,False,no_show,17.0857,0.0,0,1,170.1080829370767,1164.9275000672787,628.6392919719219,0.00895792618393898,1793.5757499653846
optimistic,150,bramev,4,4,4,t01210-c00131,131,1210,11,0,11,True,False,satisfied,21.1507,21.2,53,1,96.59683308564126,1748.7732078880072,44.79137505404651,0.010375166311860085,1793.5749581083655
optimistic,150,bramev,4,4,4,t01211-c00069,69,1211,7,0,7,True,False,cancelled_late,19.2631,0.0,0,1,42.50749992206693,449.40345804207027,0.023582950234413147,0.016666948795318604,449.4437079411
optimistic,150,bramev,4,4,4,t01213-c00069,69,1213,4,0,4,True,False,satisfied,22.9903,23.0,46,1,268.8387499656528,772.679999936372,0.025834189727902412,0.019124941900372505,772.7249590680003
optimistic,150,bramev,4,4,4,t01213-c00097,97,1213,3,0,3,True,False,satisfied,23.2591,23.4,39,1,13.771041063591838,565.3222501277924,207.42908283136785,0.009125098586082458,772.7604580577463
optimistic,150,bramev,4,4,4,t01213-c00112,112,1213,4,0,4,True,False,satisfied,11.1501,6.4,8,1,268.7420828733593,772.5830830167979,0.1641248818486929,0.006083166226744652,772.7532910648733
optimistic,150,bramev,4,4,4,t01214-c00076,76,1214,6,0,6,True,False,satisfied,11.2226,11.5,23,1,21.91612496972084,171.39191692695022,0.025791116058826447,0.01716683618724346,171.4348748791963
optimistic,150,bramev,4,4,4,t01218-c00102,102,1218,4,0,4,True,False,cancelled_early,14.322,0.0,0,1,60.57762494310737,282.30179101228714,126.8745840061456,0.015374971553683281,409.1917499899864
optimistic,150,bramev,4,4,4,t01218-c00113,113,1218,8,0,8,True,False,cancelled_late,17.2389,0.0,0,1,30.769167002290487,409.0973341371864,0.13545784167945385,0.010624993592500687,409.24341697245836
optimistic,150,bramev,4,4,4,t01219-c00008,8,1219,3,0,3,True,False,satisfied,22.8011,23.3991,39,1,160.54529207758605,881.0775419697165,192.44841602630913,0.016083940863609314,1073.5420419368893
optimistic,150,bramev,4,4,4,t01219-c00102,102,1219,7,0,7,True,False,satisfied,22.0124,22.2,37,1,114.23516715876758,1073.4484170097858,0.12700003571808338,0.010167015716433525,1073.5855840612203
optimistic,150,bramev,4,4,4,t01219-c00133,133,1219,3,0,3,True,False,no_show,22.6684,0.0,0,1,78.38162477128208,1036.473749903962,37.1003330219537,0.007458962500095367,1073.5815418884158
optimistic,150,bramev,4,4,4,t01220-c00084,84,1220,5,0,5,True,False,satisfied,15.4437,15.6,26,1,12.833625078201294,146.68191596865654,0.025625107809901237,0.019124941900372505,146.7266660183668
optimistic,150,bramev,4,4,4,t01223-c00113,113,1223,6,0,6,True,False,satisfied,15.5723,16.1,23,1,37.06570900976658,187.76483391411602,0.029582995921373367,0.01812516711652279,187.81254207715392
optimistic,150,bramev,4,4,4,t01224-c00065,65,1224,12,0,12,True,False,satisfied,27.8213,28.0,40,1,57.15458304621279,746.131082996726,0.030042137950658798,0.01895800232887268,746.1800831370056
optimistic,150,bramev,4,4,4,t01227-c00078,78,1227,9,0,9,True,False,cancelled_late,16.6173,0.0,0,1,22.110540885478258,877.7982909232378,67.40520894527435,0.020791077986359596,945.2242909464985
optimistic,150,bramev,4,4,4,t01227-c00132,132,1227,7,0,7,True,False,satisfied,22.2375,22.4,56,1,122.08179198205471,945.1210838742554,0.16470812261104584,0.010832911357283592,945.2966249082237
optimistic,150,bramev,4,4,4,t01229-c00088,88,1229,6,0,6,True,False,satisfied,22.302,22.5,45,1,50.10987492278218,439.73287497647107,0.02587493509054184,0.01712515950202942,439.77587507106364
optimistic,150,bramev,4,4,4,t01230-c00072,72,1230,9,0,9,True,False,satisfied,30.7987,30.8,77,1,213.88754108920693,1918.4435000643134,0.031082890927791595,0.02154218964278698,1918.496125144884
optimistic,150,bramev,4,4,4,t01231-c00021,21,1231,6,0,6,True,False,cancelled_early,17.6954,0.0,0,1,22.737665800377727,175.5190829280764,0.02087489701807499,0.01758313737809658,175.55754096247256
optimistic,150,bramev,4,4,4,t01232-c00021,21,1232,6,0,6,True,False,satisfied,22.0143,22.4,28,1,167.8290420677513,698.0475829914212,0.020292121917009354,0.018042046576738358,698.085917159915
optimistic,150,bramev,4,4,4,t01232-c00094,94,1232,3,0,3,True,False,satisfied,24.5406,24.8,62,1,140.00479108653963,626.6753331292421,71.4353749062866,0.008833128958940506,698.1195411644876
optimistic,150,bramev,4,4,4,t01233-c00078,78,1233,10,0,10,True,False,satisfied,21.571,21.7,31,1,30.556125100702047,377.8177921194583,0.03083283081650734,0.01979200169444084,377.86841695196927
optimistic,150,bramev,4,4,4,t01235-c00050,50,1235,3,0,3,True,False,satisfied,10.2196,10.0,25,1,18.99629202671349,104.116375092417,0.02183392643928528,0.015500001609325409,104.15370902046561
optimistic,150,bramev,4,4,4,t01236-c00051,51,1236,6,0,6,True,False,satisfied,23.8149,24.0,30,1,73.86816712096334,1364.085708046332,0.027209054678678513,0.018290942534804344,1364.1312080435455
optimistic,150,bramev,4,4,4,t01236-c00091,91,1236,6,0,6,True,False,satisfied,25.8005,26.4,33,1,73.8163748756051,1364.0338750556111,0.1296668779104948,0.008416129276156425,1364.1719580627978
optimistic,150,bramev,4,4,4,t01237-c00009,9,1237,7,0,7,True,False,cancelled_early,14.416,0.0,0,1,23.28154118731618,549.1375830024481,0.021042069420218468,0.0185410026460886,549.1771660745144
optimistic,150,bramev,4,4,4,t01237-c00135,135,1237,5,0,5,True,False,satisfied,20.6702,21.0,35,1,130.22712501697242,523.6629580613226,25.552709121257067,0.008707866072654724,549.2243750486523
optimistic,150,bramev,4,4,4,t01238-c00009,9,1238,7,0,7,True,False,satisfied,18.6015,19.2,32,1,51.43320793285966,504.14445786736906,0.02095801755785942,0.016417121514678,504.1818330064416
optimistic,150,bramev,4,4,4,t01238-c00092,92,1238,6,0,6,True,False,cancelled_late,19.2432,0.0,0,1,19.822790985926986,453.52520793676376,50.67274998873472,0.009875046089291573,504.2078329715878
optimistic,150,bramev,4,4,4,t01240-c00043,43,1240,7,0,7,True,False,satisfied,26.4245,26.8,67,1,94.72020785324275,1312.7112078946084,0.024541979655623436,0.022208085283637047,1312.7579579595476
optimistic,150,bramev,4,4,4,t01242-c00000,0,1242,3,0,3,True,False,satisfied,21.6512,21.7,31,1,28.569624992087483,415.91491689905524,289.7079160902649,0.016709091141819954,705.639542080462
optimistic,150,bramev,4,4,4,t01242-c00036,36,1242,12,0,12,True,False,no_show,14.4804,0.0,0,1,65.7057089265436,705.5512499064207,0.14175008982419968,0.01337495632469654,705.7063749525696
optimistic,150,bramev,4,4,4,t01242-c00092,92,1242,4,0,4,True,False,satisfied,13.4362,13.6,17,1,224.33524997904897,678.1201250851154,27.57670800201595,0.0073749106377363205,705.7042079977691
optimistic,150,bramev,4,4,4,t01244-c00081,81,1244,16,0,16,True,False,no_show,23.5084,0.0,0,1,42.10991691797972,701.9719588570297,0.034833094105124474,0.025208108127117157,702.0320000592619
optimistic,150,bramev,4,4,4,t01246-c00141,141,1246,4,0,4,True,False,satisfied,31.5901,31.8,53,1,120.73233304545283,396.88599994406104,0.030749943107366562,0.020249979570508003,396.9369998667389
optimistic,150,bramev,4,4,4,t01247-c00074,74,1247,4,0,4,True,False,satisfied,24.9166,25.2,42,1,75.57187508791685,795.9823329001665,107.94704197905958,0.016833189874887466,903.946208069101
optimistic,150,bramev,4,4,4,t01247-c00127,127,1247,8,0,8,True,False,satisfied,23.9818,24.0,48,1,122.74954188615084,903.8468338549137,0.12529105879366398,0.010417075827717781,903.9825419895351
optimistic,150,bramev,4,4,4,t01249-c00082,82,1249,4,0,4,True,False,no_show,23.3206,0.0,0,1,315.53400005213916,2283.111833035946,51.89633392728865,0.020666047930717468,2335.0288330111653
optimistic,150,bramev,4,4,4,t01249-c00111,111,1249,7,0,7,True,False,satisfied,21.9929,22.0,55,1,92.02166693285108,2283.0613751430064,52.005749894306064,0.010333023965358734,2335.077458061278
optimistic,150,bramev,4,4,4,t01249-c00116,116,1249,5,0,5,True,False,satisfied,16.5647,16.8,28,1,20.596292102709413,2334.886916913092,0.18695811741054058,0.00837491825222969,2335.082249948755
optimistic,150,bramev,4,4,4,t01250-c00039,39,1250,3,0,3,True,False,satisfied,17.5331,17.6,22,1,14.66795802116394,321.6560410801321,230.05566699430346,0.01791701652109623,551.7296250909567
optimistic,150,bramev,4,4,4,t01250-c00053,53,1250,4,0,4,True,False,satisfied,28.0788,28.5,57,1,193.0864998139441,551.6384588554502,0.11837505735456944,0.008499948307871819,551.7653338611126
optimistic,150,bramev,4,4,4,t01251-c00060,60,1251,6,0,6,True,False,satisfied,18.5465,19.0,38,1,40.82900006324053,291.7720000259578,0.02466607838869095,0.01837499439716339,291.8150410987437
optimistic,150,bramev,4,4,4,t01254-c00063,63,1254,17,0,17,True,False,satisfied,17.4528,17.6,22,1,18.51716684177518,482.8560829628259,0.034125056117773056,0.022083986550569534,482.91229200549424
optimistic,150,bramev,4,4,4,t01255-c00085,85,1255,4,0,4,True,False,satisfied,22.1462,22.4,32,1,58.41183289885521,181.93345796316862,0.022249994799494743,0.01579197123646736,181.97149992920458
optimistic,150,bramev,4,4,4,t01256-c00027,27,1256,1,3,1,True,False,satisfied,16.3219,10.8,18,1,813.4262501262128,813.4262501262128,0.008832896128296852,0.009458046406507492,813.4445410687476
optimistic,150,bramev,4,4,4,t01256-c00137,137,1256,16,0,16,True,False,satisfied,11.1468,11.2,14,1,14.486459083855152,240.91841699555516,0.03945804201066494,0.020124949514865875,240.9779999870807
optimistic,150,bramev,4,4,4,t01258-c00033,33,1258,8,0,8,True,False,no_show,17.9298,0.0,0,1,71.95879193022847,559.6162918955088,0.025750137865543365,0.018249964341521263,559.6602919977158
optimistic,150,bramev,4,4,4,t01264-c00093,93,1264,8,0,8,True,False,satisfied,16.3673,16.5,33,1,33.54095807299018,385.751707945019,0.026833033189177513,0.01595914363861084,385.7945001218468
optimistic,150,bramev,4,4,4,t01266-c00139,139,1266,7,0,7,True,False,satisfied,17.3983,17.5,35,1,35.142917186021805,291.8809170369059,0.03045797348022461,0.016834121197462082,291.92820913158357
optimistic,150,bramev,4,4,4,t01267-c00133,133,1267,7,0,7,True,False,satisfied,33.8296,34.0,68,1,94.40754191018641,1115.08574988693,0.030625145882368088,0.01733284443616867,1115.1337078772485
optimistic,150,bramev,4,4,4,t01268-c00066,66,1268,13,0,13,True,False,cancelled_late,9.7287,0.0,0,1,19.784833071753383,261.1501249484718,0.031708041206002235,0.019042054191231728,261.200875043869
optimistic,150,bramev,4,4,4,t01270-c00048,48,1270,2,0,2,True,False,satisfied,16.8146,17.2,43,1,113.8492920435965,489.44133310578763,226.51083394885063,0.018750084564089775,715.9709171392024
optimistic,150,bramev,4,4,4,t01270-c00055,55,1270,11,0,11,True,False,satisfied,25.6163,26.4,33,1,47.55204217508435,715.881000040099,0.1360420137643814,0.014208024367690086,716.0312500782311
optimistic,150,bramev,4,4,4,t01271-c00066,66,1271,11,0,11,True,False,cancelled_late,24.9012,0.0,0,1,65.46295899897814,745.3282088972628,0.0310409814119339,0.02400018274784088,745.3832500614226
optimistic,150,bramev,4,4,4,t01273-c00143,143,1273,5,0,5,True,False,satisfied,24.7483,25.0,50,1,59.89529215730727,399.4391669984907,0.03233295865356922,0.017209211364388466,399.48870916850865
optimistic,150,bramev,4,4,4,t01274-c00036,36,1274,7,0,7,True,False,satisfied,17.564,18.0,36,1,58.61787497997284,408.9045838918537,0.023833010345697403,0.016750069335103035,408.9451669715345
optimistic,150,bramev,4,4,4,t01275-c00041,41,1275,7,0,7,True,False,satisfied,22.7924,22.8,57,1,69.86204092390835,703.3973750658333,0.023165950551629066,0.018083956092596054,703.4386249724776
optimistic,150,bramev,4,4,4,t01276-c00148,148,1276,8,0,8,True,False,satisfied,16.7234,16.8,42,1,74.26741695962846,607.0421249605715,0.03554183058440685,0.01800013706088066,607.0956669282168
optimistic,150,bramev,4,4,4,t01277-c00003,3,1277,11,0,11,True,False,satisfied,19.478,20.0,25,1,93.88329088687897,744.1515410318971,0.024999957531690598,0.01987488940358162,744.1964158788323
optimistic,150,bramev,4,4,4,t01277-c00066,66,1277,8,0,8,True,False,satisfied,23.2821,23.4,39,1,37.96195797622204,722.9492499027401,21.277208114042878,0.010082963854074478,744.2365409806371
optimistic,150,bramev,4,4,4,t01281-c00062,62,1281,3,0,3,True,False,satisfied,24.0952,24.5,35,1,70.69408404640853,426.43325007520616,0.023999949917197227,0.014791963621973991,426.47204198874533
optimistic,150,bramev,4,4,4,t01281-c00115,115,1281,3,0,3,True,False,satisfied,28.4349,28.8,48,1,109.0337079949677,351.50908306241035,74.98866692185402,0.008499948307871819,426.50624993257225
optimistic,150,bramev,4,4,4,t01286-c00089,89,1286,10,0,10,True,False,satisfied,20.5881,21.0,35,1,72.00841698795557,557.2682078927755,0.03358419053256512,0.01833285205066204,557.3201249353588
optimistic,150,bramev,4,4,4,t01287-c00081,81,1287,3,0,3,True,False,satisfied,23.963,24.0,30,1,12.653541984036565,378.42258415184915,341.8494579382241,0.017458107322454453,720.2895001973957
optimistic,150,bramev,4,4,4,t01287-c00145,145,1287,12,0,12,True,False,cancelled_early,27.1853,0.0,0,1,60.072582913562655,720.1915830373764,0.13591698370873928,0.012875068932771683,720.3403750900179
optimistic,150,bramev,4,4,4,t01288-c00023,23,1288,2,0,2,True,False,satisfied,18.2511,18.4,46,1,118.48562490195036,572.1094999462366,297.915207920596,0.013708136975765228,870.0384160038084
optimistic,150,bramev,4,4,4,t01288-c00145,145,1288,12,0,12,True,False,no_show,30.1741,0.0,0,1,40.975790936499834,869.9450411368161,0.11762487702071667,0.012625008821487427,870.0752910226583
optimistic,150,bramev,4,4,4,t01294-c00004,4,1294,12,0,12,True,False,satisfied,19.1404,19.2,24,1,31.020916998386383,365.1118332054466,0.023083994165062904,0.018165912479162216,365.1530831120908
optimistic,150,bramev,4,4,4,t01295-c00124,124,1295,10,0,10,True,False,satisfied,23.3979,24.0,30,1,45.27466697618365,407.76845905929804,0.03691599704325199,0.018625054508447647,407.82400011084974
optimistic,150,bramev,4,4,4,t01296-c00112,112,1296,14,0,14,True,False,satisfied,20.2205,20.6522,26,1,33.40924996882677,441.6445419192314,0.03704219125211239,0.022790860384702682,441.70437497086823
optimistic,150,bramev,4,4,4,t01298-c00016,16,1298,6,0,6,True,False,satisfied,24.1936,24.5,35,1,63.319416949525476,338.66916690021753,0.022707972675561905,0.019832979887723923,338.7117078527808
optimistic,150,bramev,4,4,4,t01299-c00134,134,1299,8,0,8,True,False,no_show,21.8688,0.0,0,1,51.968874875456095,475.0516249332577,0.034207943826913834,0.020666979253292084,475.1064998563379
optimistic,150,bramev,4,4,4,t01300-c00070,70,1300,2,0,2,True,False,satisfied,19.168,19.2,48,1,79.74829198792577,148.58024986460805,0.02695806324481964,0.022625084966421127,148.6298330128193
optimistic,150,bramev,4,4,4,t01301-c00130,130,1301,3,0,3,True,False,satisfied,24.77,25.0,50,1,112.65349993482232,317.6853328477591,0.035125063732266426,0.02370891161262989,317.744166823104
optimistic,150,bramev,4,4,4,t01302-c00007,7,1302,5,0,5,True,False,satisfied,17.3547,17.4,29,1,38.497624918818474,197.1299999859184,0.021458137780427933,0.016666948795318604,197.16812507249415
optimistic,150,bramev,4,4,4,t01304-c00046,46,1304,13,0,13,True,False,cancelled_late,19.7957,0.0,0,1,35.4069999884814,959.906707983464,65.34866685979068,0.02166605554521084,1025.2770408988
optimistic,150,bramev,4,4,4,t01304-c00106,106,1304,4,0,4,True,False,satisfied,17.6665,18.0,36,1,219.71629210747778,1025.1703751273453,0.14908285811543465,0.008584000170230865,1025.328041985631
optimistic,150,bramev,4,4,4,t01306-c00033,33,1306,13,0,13,True,False,satisfied,27.0365,27.2,68,1,193.5028329025954,2324.6689159423113,0.02937507815659046,0.020666979253292084,2324.718957999721
optimistic,150,bramev,4,4,4,t01306-c00071,71,1306,10,0,10,True,False,cancelled_early,16.1639,0.0,0,1,50.7103328127414,1501.443332992494,823.3215420041233,0.011499971151351929,2324.776374967769
optimistic,150,bramev,4,4,4,t01307-c00071,71,1307,12,0,12,True,False,satisfied,19.7626,19.6,28,1,38.43004209920764,485.41020904667675,0.032291049137711525,0.018666964024305344,485.4611670598388
optimistic,150,bramev,4,4,4,t01308-c00082,82,1308,6,0,6,True,False,satisfied,24.6677,25.0,50,1,59.476417023688555,558.1350841093808,0.029665883630514145,0.017834128811955452,558.1825841218233
optimistic,150,bramev,4,4,4,t01309-c00046,46,1309,4,0,4,True,False,satisfied,17.7764,18.0,36,1,29.880916932597756,201.49295800365508,0.022500054910779,0.014791963621973991,201.53025002218783
optimistic,150,bramev,4,4,4,t01314-c00011,11,1314,11,0,11,True,False,satisfied,16.59,16.8,21,1,24.023292120546103,1094.3799591623247,417.2689158003777,0.021209008991718292,1511.670083971694
optimistic,150,bramev,4,4,4,t01314-c00034,34,1314,4,0,4,True,False,satisfied,15.9801,16.2,27,1,446.94941700436175,1511.572000104934,0.12583378702402115,0.008833128958940506,1511.706667020917
optimistic,150,bramev,4,4,4,t01314-c00147,147,1314,6,0,6,True,False,satisfied,24.4361,24.5,35,1,73.00741598010063,1511.520833009854,0.17745792865753174,0.006709014996886253,1511.7049999535084
optimistic,150,bramev,4,4,4,t01320-c00032,32,1320,4,0,4,True,False,satisfied,28.0121,28.2,47,1,85.70087514817715,322.7316669654101,0.02237502485513687,0.02012518234550953,322.77416717261076
optimistic,150,bramev,4,4,4,t01322-c00083,83,1322,7,0,7,True,False,satisfied,16.8962,17.6,22,1,46.242374926805496,320.03962504677474,0.02704095095396042,0.019083963707089424,320.0857499614358
optimistic,150,bramev,4,4,4,t01322-c00140,140,1322,6,0,6,True,False,satisfied,13.3254,14.0,20,1,24.60420783609152,306.777416029945,13.341666897758842,0.01037493348121643,320.1294578611851
optimistic,150,bramev,4,4,4,t01324-c00121,121,1324,5,0,5,True,False,no_show,13.6502,0.0,0,1,28.031416004523635,153.43137504532933,0.028124777600169182,0.01916615292429924,153.4786659758538
optimistic,150,bramev,4,4,4,t01326-c00138,138,1326,4,0,4,True,False,satisfied,18.4981,18.8,47,1,44.62000005878508,315.53045799955726,0.03204215317964554,0.01654098741710186,315.579041140154
optimistic,150,bramev,4,4,4,t01327-c00006,6,1327,4,0,4,True,False,no_show,24.7631,0.0,0,1,54.55608409829438,179.3635420035571,0.015875091776251793,0.016207806766033173,179.39562490209937
optimistic,150,bramev,4,4,4,t01328-c00005,5,1328,10,0,10,True,False,cancelled_early,29.3557,0.0,0,1,113.50837512873113,1227.226042188704,0.025707995519042015,0.019582919776439667,1227.2713331039995
optimistic,150,bramev,4,4,4,t01329-c00005,5,1329,6,0,6,True,False,satisfied,27.4793,27.5,55,1,97.31137519702315,558.3550420124084,0.02091703936457634,0.01737498678267002,558.3933340385556
optimistic,150,bramev,4,4,4,t01332-c00095,95,1332,7,0,7,True,False,no_show,18.2923,0.0,0,1,43.695541098713875,315.7325410284102,0.028250040486454964,0.017208978533744812,315.7780000474304
optimistic,150,bramev,4,4,4,t01332-c00109,109,1332,3,0,3,True,False,satisfied,20.4915,21.0,30,1,22.983916802331805,222.97916701063514,92.82220783643425,0.008624978363513947,315.8099998254329
optimistic,150,bramev,4,4,4,t01334-c00145,145,1334,4,0,4,True,False,cancelled_early,35.0894,0.0,0,1,84.62641690857708,272.3027500323951,0.03024982288479805,0.01733400858938694,272.3503338638693
optimistic,150,bramev,4,4,4,t01335-c00054,54,1335,7,0,7,True,False,no_show,26.1456,0.0,0,1,141.61312486976385,1482.184083899483,0.025250017642974854,0.01937500201165676,1482.2287089191377
optimistic,150,bramev,4,4,4,t01335-c00119,119,1335,2,0,2,True,False,no_show,21.076,0.0,0,1,183.23616590350866,1127.3313749115914,354.9280830193311,0.008417060598731041,1482.2678749915212
optimistic,150,bramev,4,4,4,t01335-c00145,145,1335,8,0,8,True,False,no_show,37.5596,0.0,0,1,102.20366599969566,1395.4904999118298,86.76954102702439,0.00937492586672306,1482.269415864721
optimistic,150,bramev,4,4,4,t01337-c00086,86,1337,14,0,14,True,False,satisfied,18.5439,18.8,47,1,51.46408290602267,1207.6720409095287,0.03358395770192146,0.024041160941123962,1207.7296660281718
optimistic,150,bramev,4,4,4,t01339-c00110,110,1339,5,0,5,True,False,satisfied,21.8627,22.4,32,1,23.161167046055198,225.98670911975205,0.03187498077750206,0.017124926671385765,226.03570902720094
optimistic,150,bramev,4,4,4,t01341-c00049,49,1341,2,0,2,True,False,no_show,25.84,0.0,0,1,89.68400000594556,158.8201669510454,0.021625077351927757,0.01454097218811512,158.85633300058544
optimistic,150,bramev,4,4,4,t01342-c00042,42,1342,13,0,13,True,False,no_show,23.384,0.0,0,1,73.76541616395116,1001.8705411348492,0.0292088370770216,0.022333115339279175,1001.9220830872655
optimistic,150,bramev,4,4,4,t01343-c00019,19,1343,4,0,4,True,False,satisfied,20.484,20.5,41,1,97.44120785035193,493.6440410092473,76.52054191567004,0.017541926354169846,570.1821248512715
optimistic,150,bramev,4,4,4,t01343-c00022,22,1343,6,0,6,True,False,satisfied,18.9757,19.0,38,1,35.31016712076962,570.0922089163214,0.13037514872848988,0.011333031579852104,570.2339170966297
optimistic,150,bramev,4,4,4,t01345-c00128,128,1345,3,0,3,True,False,satisfied,28.9823,29.4767,37,1,71.2560408283025,215.23095783777535,0.032167183235287666,0.017290934920310974,215.28041595593095
optimistic,150,bramev,4,4,4,t01347-c00134,134,1347,7,0,7,True,False,satisfied,30.2571,30.6,51,1,120.08283310569823,753.5010001156479,0.03554089926183224,0.018584076315164566,753.5551250912249
optimistic,150,bramev,4,4,4,t01350-c00059,59,1350,8,0,8,True,False,cancelled_late,35.3223,0.0,0,1,116.34304211474955,1637.3930000700057,0.024624867364764214,0.018667196854948997,1637.4362921342254
optimistic,150,bramev,4,4,4,t01351-c00125,125,1351,10,0,10,True,False,satisfied,17.5501,18.2,26,1,21.754999877884984,325.6327919661999,0.036582816392183304,0.021832995116710663,325.69120777770877
optimistic,150,bramev,4,4,4,t01354-c00076,76,1354,2,0,2,True,False,cancelled_late,21.9171,0.0,0,1,153.89512479305267,308.82587493397295,100.49129091203213,0.014167046174407005,409.3313328921795
optimistic,150,bramev,4,4,4,t01354-c00121,121,1354,3,0,3,True,False,satisfied,25.2271,25.8,43,1,84.94420791976154,409.23612494952977,0.13283290900290012,0.008250121027231216,409.3772079795599
optimistic,150,bramev,4,4,4,t01355-c00059,59,1355,5,0,5,True,False,satisfied,27.4221,27.6,69,1,205.76183404773474,931.878583971411,0.023250002413988113,0.01770816743373871,931.9195421412587
optimistic,150,bramev,4,4,4,t01358-c00012,12,1358,4,0,4,True,False,cancelled_late,6.9399,0.0,0,1,18.77491711638868,59.00054215453565,0.015165889635682106,0.016208970919251442,59.031917015090585
optimistic,150,bramev,4,4,4,t01359-c00012,12,1359,4,0,4,True,False,cancelled_early,18.0686,0.0,0,1,156.2281670048833,479.39829202368855,0.016750069335103035,0.01774984411895275,479.4327919371426
optimistic,150,bramev,4,4,4,t01359-c00107,107,1359,8,0,8,True,False,satisfied,15.4185,16.1,23,1,20.85758396424353,406.8154999986291,72.65933393500745,0.010999850928783417,479.48583378456533
optimistic,150,bramev,4,4,4,t01360-c00012,12,1360,5,0,5,True,False,satisfied,17.2254,17.5,35,1,56.540041929110885,306.94620800204575,0.020999927073717117,0.017584068700671196,306.98479199782014
optimistic,150,bramev,4,4,4,t01361-c00044,44,1361,3,0,3,True,False,satisfied,19.1186,18.4,46,1,112.85620904527605,520.7706249784678,37.880250019952655,0.016292091459035873,558.6671670898795
optimistic,150,bramev,4,4,4,t01361-c00076,76,1361,5,0,5,True,False,no_show,17.2563,0.0,0,1,160.49316618591547,558.5728331934661,0.12595788575708866,0.00937492586672306,558.7081660050899
optimistic,150,bramev,4,4,4,t01362-c00010,10,1362,4,0,4,True,False,satisfied,18.5644,19.2,24,1,155.23474989458919,1223.7007499206811,0.016709091141819954,0.01954101026058197,1223.7370000220835
optimistic,150,bramev,4,4,4,t01362-c00028,28,1362,9,0,9,True,False,satisfied,24.947,25.2,63,1,117.95304203405976,1184.807457961142,38.96533418446779,0.011707888916134834,1223.784500034526
optimistic,150,bramev,4,4,4,t01363-c00058,58,1363,2,0,2,True,False,satisfied,19.7007,19.8,33,1,43.020457960665226,363.8343750499189,100.94429086893797,0.014791963621973991,464.79345788247883
optimistic,150,bramev,4,4,4,t01363-c00146,146,1363,6,0,6,True,False,no_show,19.9834,0.0,0,1,125.85841701366007,464.69625015743077,0.12462493032217026,0.011041993275284767,464.8319170810282
optimistic,150,bramev,4,4,4,t01364-c00092,92,1364,9,0,9,True,False,cancelled_early,21.0898,0.0,0,1,25.014542043209076,350.186999887228,0.02991710789501667,0.01774984411895275,350.234666839242
optimistic,150,bramev,4,4,4,t01364-c00095,95,1364,2,0,2,True,False,no_show,18.3337,0.0,0,1,50.20241602323949,232.29674994945526,117.97737493179739,0.0074999406933784485,350.281624821946
optimistic,150,bramev,4,4,4,t01365-c00092,92,1365,4,0,4,True,False,satisfied,19.3392,20.0,25,1,28.86924985796213,110.39479193277657,0.025207875296473503,0.014709075912833214,110.43470888398588
optimistic,150,bramev,4,4,4,t01366-c00038,38,1366,6,0,6,True,False,satisfied,20.9243,21.6,27,1,66.00608420558274,588.6953750159591,0.020750099793076515,0.015459023416042328,588.7315841391683
optimistic,150,bramev,4,4,4,t01366-c00149,149,1366,11,0,11,True,False,satisfied,18.9844,19.6,28,1,20.62779199331999,547.7836669888347,40.97291617654264,0.012416858226060867,588.7690000236034
optimistic,150,bramev,4,4,4,t01367-c00006,6,1367,6,0,6,True,False,satisfied,26.3767,26.6,38,1,52.38529201596975,297.11874993517995,0.01750001683831215,0.01637497916817665,297.15262493118644
optimistic,150,bramev,4,4,4,t01371-c00137,137,1371,4,0,4,True,False,satisfied,12.6276,12.8,16,1,16.89800014719367,67.93200015090406,0.030041905120015144,0.017208047211170197,67.97925010323524
optimistic,150,bramev,4,4,4,t01373-c00047,47,1373,3,0,3,True,False,satisfied,20.2151,20.4,34,1,109.93520892225206,279.22729193232954,101.43487504683435,0.017707934603095055,380.679874913767
optimistic,150,bramev,4,4,4,t01373-c00050,50,1373,3,0,3,True,False,satisfied,18.1019,18.4,46,1,76.54375000856817,380.5927091743797,0.1135410275310278,0.00837491825222969,380.71462512016296
optimistic,150,bramev,4,4,4,t01374-c00054,54,1374,2,0,2,True,False,satisfied,28.564,28.0,40,1,185.84325001575053,261.06183300726116,0.024082837626338005,0.015250174328684807,261.1011660192162
optimistic,150,bramev,4,4,4,t01374-c00119,119,1374,2,0,2,True,False,no_show,28.2437,0.0,0,1,185.78670895658433,261.00574992597103,0.12062513269484043,0.007791910320520401,261.1341669689864
optimistic,150,bramev,4,4,4,t01375-c00099,99,1375,12,0,12,True,False,satisfied,27.1078,25.2,63,1,77.71387486718595,1384.9512080196291,0.03087497316300869,0.018207821995019913,1385.0002908147871
optimistic,150,bramev,4,4,4,t01376-c00040,40,1376,3,0,3,True,False,satisfied,23.7784,24.0,60,1,53.04695898666978,229.5133750885725,0.0213750172406435,0.014459015801548958,229.5492091216147
optimistic,150,bramev,4,4,4,t01377-c00122,122,1377,13,0,13,True,False,satisfied,15.9333,16.1,23,1,17.9747911170125,336.4971661940217,0.034833792597055435,0.02008303999900818,336.55208302661777
optimistic,150,bramev,4,4,4,t01378-c00117,117,1378,4,0,4,True,False,satisfied,25.871,22.4,56,1,64.86733281053603,399.13479099050164,0.028624897822737694,0.015208963304758072,399.17862485162914
optimistic,150,bramev,4,4,4,t01380-c00114,114,1380,4,0,4,True,False,cancelled_late,23.5836,0.0,0,1,95.08666698820889,360.8834999613464,0.027750153094530106,0.015207799151539803,360.92645791359246
optimistic,150,bramev,4,4,4,t01381-c00104,104,1381,13,0,13,True,False,satisfied,25.7239,24.5,49,1,70.91279188171029,1513.4618328884244,0.03441702574491501,0.01991703175008297,1513.5161669459194
optimistic,150,bramev,4,4,4,t01381-c00114,114,1381,4,0,4,True,False,satisfied,18.2735,18.4,46,1,404.94749997742474,1465.9779160283506,47.56491701118648,0.007875030860304832,1513.5507080703974
optimistic,150,bramev,4,4,4,t01383-c00073,73,1383,4,0,4,True,False,satisfied,25.2577,25.2,42,1,29.500541975721717,338.94083299674094,0.024416949599981308,0.01700012944638729,338.9822500757873
optimistic,150,bramev,4,4,4,t01383-c00084,84,1383,2,0,2,True,False,cancelled_early,21.4464,0.0,0,1,69.54208295792341,247.3024579230696,91.70116693712771,0.007833121344447136,339.01145798154175
optimistic,150,bramev,4,4,4,t01384-c00084,84,1384,2,0,2,True,False,satisfied,19.7749,19.8,33,1,34.35187507420778,52.84449993632734,0.023625092580914497,0.013167038559913635,52.881292067468166
optimistic,150,bramev,4,4,4,t01385-c00020,20,1385,3,0,3,True,False,satisfied,27.206,27.0,45,1,48.04791719652712,259.6188341267407,0.02008303999900818,0.016624806448817253,259.6555419731885
optimistic,150,bramev,4,4,4,t01387-c00145,145,1387,7,0,7,True,False,cancelled_early,41.9574,0.0,0,1,54.483459098264575,331.5128751564771,0.031124800443649292,0.015167053788900375,331.55916701070964
optimistic,150,bramev,4,4,4,t01388-c00145,145,1388,4,0,4,True,False,satisfied,38.6826,36.0,45,1,61.03491713292897,198.88487504795194,0.0327499583363533,0.01391698606312275,198.9315419923514
optimistic,150,bramev,4,4,4,t01391-c00056,56,1391,7,0,7,True,False,satisfied,23.5382,18.0,36,1,20.83829091861844,319.5574579294771,0.02545793540775776,0.016208970919251442,319.5991248358041
optimistic,150,bramev,4,4,4,t01395-c00049,49,1395,8,0,8,True,False,satisfied,28.1262,16.0,32,1,34.378624986857176,275.8124580141157,0.023750122636556625,0.016666948795318604,275.85287508554757
optimistic,150,bramev,4,4,4,t01396-c00045,45,1396,10,0,10,True,False,satisfied,19.2707,16.4,41,1,12.816208181902766,543.0428751278669,0.02774992026388645,0.01708301715552807,543.0877080652863
optimistic,150,bramev,4,4,4,t01397-c00095,95,1397,4,0,4,True,False,satisfied,24.3887,24.8,31,1,50.71254097856581,188.5417909361422,0.027042115107178688,0.01729186624288559,188.58612491749227
optimistic,150,bramev,4,4,4,t01398-c00123,123,1398,7,0,7,True,False,satisfied,12.5251,12.6,21,1,8.316040970385075,169.42833294160664,0.034125056117773056,0.017582904547452927,169.48004090227187
optimistic,150,bramev,4,4,4,t01400-c00113,113,1400,3,0,3,True,False,satisfied,15.2245,14.0,20,1,10.460082907229662,54.671207908540964,0.026999972760677338,0.014250166714191437,54.71245804801583
optimistic,150,bramev,4,4,4,t01401-c00025,25,1401,3,0,3,True,False,no_show,17.6943,0.0,0,1,17.859583953395486,362.36566700972617,83.96020787768066,0.015125144273042679,446.34100003167987
optimistic,150,bramev,4,4,4,t01401-c00042,42,1401,4,0,4,True,False,satisfied,26.13,17.0,34,1,69.06970799900591,446.2592920754105,0.10254094377160072,0.007500173524022102,446.3693331927061
optimistic,150,bramev,4,4,4,t01401-c00100,100,1401,3,0,3,True,False,satisfied,22.7515,21.0,35,1,17.763041891157627,362.2693750075996,84.08845798112452,0.005624955520033836,446.36345794424415
optimistic,150,bramev,4,4,4,t01402-c00002,2,1402,2,0,2,True,False,satisfied,15.761,14.5,29,1,16.20416692458093,31.426707981154323,0.012292061001062393,0.011082971468567848,31.450083013623953
optimistic,150,bramev,4,4,4,t01404-c00076,76,1404,3,0,3,True,False,satisfied,21.0673,14.0,28,1,8.29920801334083,61.732374830171466,0.024290988221764565,0.013834098353981972,61.77049991674721
optimistic,150,bramev,4,4,4,t01406-c00064,64,1406,2,0,2,True,False,cancelled_early,23.6008,0.0,0,1,19.208958139643073,43.7820830848068,30.02995904535055,0.013791024684906006,73.82583315484226
optimistic,150,bramev,4,4,4,t01406-c00120,120,1406,3,0,3,True,False,cancelled_early,24.419,0.0,0,1,4.5116669498384,73.73916707001626,0.12441584840416908,0.008041970431804657,73.87162488885224
optimistic,150,bramev,4,4,4,t01407-c00027,27,1407,3,0,3,True,False,satisfied,20.2991,12.0,20,1,4.773291060701013,327.86295795813203,118.81420807912946,0.015374971553683281,446.69254100881517
optimistic,150,bramev,4,4,4,t01407-c00064,64,1407,2,0,2,True,False,satisfied,22.7826,11.6,29,1,74.47175006382167,306.6622079350054,140.06283413618803,0.008165836334228516,446.7332079075277
optimistic,150,bramev,4,4,4,t01407-c00120,120,1407,7,0,7,True,False,satisfied,23.1505,23.2,29,1,40.307791903615,446.5605830773711,0.1610838808119297,0.008958159014582634,446.73062511719763
optimistic,150,bramev,4,4,4,t01407-c00142,142,1407,11,0,11,True,False,satisfied,29.4737,12.0,20,1,20.89812490157783,423.4896251000464,23.22866697795689,0.008916016668081284,446.72720809467137
optimistic,150,bramev,4,4,4,t01412-c00026,26,1412,3,0,3,True,False,cancelled_late,19.1105,0.0,0,1,10.43575000949204,412.4548339750618,148.74466601759195,0.01712515950202942,561.2166251521558
optimistic,150,bramev,4,4,4,t01412-c00136,136,1412,14,0,14,True,False,satisfied,19.2726,10.8,18,1,10.378750041127205,561.1212919466197,0.14529190957546234,0.014333054423332214,561.2809169106185
optimistic,150,bramev,4,4,4,t01412-c00146,146,1412,9,0,9,True,False,satisfied,24.9481,13.0,26,1,10.334917111322284,526.1801250744611,35.09245812892914,0.0069588422775268555,561.2795420456678
optimistic,150,bramev,4,4,4,t01413-c00024,24,1413,7,0,7,True,False,cancelled_late,19.9624,0.0,0,1,4.5688338577747345,120.55220897309482,0.020290957763791084,0.015958910807967186,120.58845884166658
optimistic,150,bramev,4,4,4,t01415-c00024,24,1415,12,0,12,True,False,satisfied,23.7642,6.8,17,1,4.500833107158542,390.36945812404156,63.46170883625746,0.019916100427508354,453.8510830607265
optimistic,150,bramev,4,4,4,t01415-c00026,26,1415,7,0,7,True,False,cancelled_early,18.1157,0.0,0,1,21.75683295354247,453.7578751333058,0.1227078028023243,0.009041978046298027,453.8896249141544
optimistic,150,bramev,4,4,4,t01415-c00075,75,1415,19,0,19,True,False,satisfied,26.8154,10.4,13,1,11.460999958217144,441.64212490431964,12.26366707123816,0.011582858860492706,453.9173748344183
optimistic,150,bramev,4,4,4,t01416-c00026,26,1416,8,0,8,True,False,no_show,12.6714,0.0,0,1,32.97908301465213,256.63295784033835,0.01991703175008297,0.01658312976360321,256.66945800185204
optimistic,150,bramev,4,4,4,t01416-c00126,126,1416,12,0,12,True,False,satisfied,27.0922,8.0,16,1,4.53587481752038,207.35220797359943,49.34104182757437,0.012208009138703346,256.7054578103125
optimistic,150,bramev,4,4,4,t01417-c00087,87,1417,4,0,4,True,False,satisfied,29.4939,8.0,10,1,11.23950001783669,61.48704094812274,0.021792016923427582,0.012707896530628204,61.521540861576796
optimistic,150,bramev,4,4,4,t01417-c00119,119,1417,4,0,4,True,False,satisfied,30.355,11.2,16,1,4.305375041440129,46.53662513010204,15.006499830633402,0.008417060598731041,61.55154202133417
optimistic,150,bramev,4,4,4,t01423-c00105,105,1423,14,0,14,True,False,cancelled_late,24.9749,0.0,0,1,7.419041823595762,126.95074989460409,0.03233412280678749,0.018999911844730377,127.0020839292556
optimistic,150,bramev,4,4,4,t01424-c00129,129,1424,7,0,7,True,False,satisfied,16.4609,7.8,13,1,6.8314578384160995,65.33216685056686,0.026708003133535385,0.014667166396975517,65.37354202009737
optimistic,150,bramev,4,4,4,t01425-c00029,29,1425,6,0,6,True,False,satisfied,22.2827,2.1,3,1,6.803208030760288,69.07670805230737,0.01850002445280552,0.016541918739676476,69.11174999549985
optimistic,150,bramev,4,4,4,t01425-c00105,105,1425,10,0,10,True,False,satisfied,22.5988,3.2,8,1,3.92045802436769,59.43237501196563,9.703916031867266,0.010709045454859734,69.14700008928776
optimistic,150,bramev,4,4,4,t01427-c00015,15,1427,4,0,4,True,False,no_show,18.86,0.0,0,1,6.32466608658433,24.026290979236364,0.014875084161758423,0.013249926269054413,24.054415989667177
optimistic,150,bramev,4,4,4,t01427-c00079,79,1427,4,0,4,True,False,cancelled_late,23.6819,0.0,0,1,6.271624937653542,23.97320792078972,0.09683310054242611,0.0068747904151678085,24.076915811747313
optimistic,150,bramev,4,4,4,t01429-c00035,35,1429,6,0,6,True,False,no_show,20.49,0.0,0,1,3.0256251338869333,19.14933300577104,0.015750061720609665,0.012709060683846474,19.177792128175497
optimistic,150,bramev,4,4,4,t01432-c00079,79,1432,40,4,0,False,True,abandoned,23.5941,0.0,0,0,,,,,
optimistic,150,bramev,4,4,4,t01435-c00025,25,1435,40,4,0,False,True,abandoned,14.1151,0.0,0,0,,,,,
optimistic,150,bramev,4,4,4,t01437-c00118,118,1437,19,2,0,False,False,in_progress,21.0276,0.0,0,0,,,,,
optimistic,150,bramev,4,4,4,t01439-c00077,77,1439,4,0,0,False,False,in_progress,21.7992,0.0,0,0,,,,,
