scenario,nb_cars,method,seed,world_seed,grid_seed,society_id,station_id,update_step,alpha
optimistic,50,bramev,7,7,7,0,0,0,0.153126
optimistic,50,bramev,7,7,7,0,0,1,0.20699
optimistic,50,bramev,7,7,7,0,0,2,0.241637
optimistic,50,bramev,7,7,7,0,0,3,0.272819
optimistic,50,bramev,7,7,7,0,0,4,0.285384
optimistic,50,bramev,7,7,7,0,0,5,0.296692
optimistic,50,bramev,7,7,7,0,0,6,0.328498
optimistic,50,bramev,7,7,7,0,0,7,0.331767
optimistic,50,bramev,7,7,7,0,0,8,0.353208
optimistic,50,bramev,7,7,7,0,0,9,0.369779
optimistic,50,bramev,7,7,7,0,0,10,0.384693
optimistic,50,bramev,7,7,7,0,0,11,0.391517
optimistic,50,bramev,7,7,7,0,0,12,0.391517
optimistic,50,bramev,7,7,7,0,0,13,0.391517
optimistic,50,bramev,7,7,7,0,0,14,0.39308
optimistic,50,bramev,7,7,7,0,0,15,0.394487
optimistic,50,bramev,7,7,7,0,0,16,0.395753
optimistic,50,bramev,7,7,7,0,0,17,0.402887
optimistic,50,bramev,7,7,7,0,0,18,0.403913
optimistic,50,bramev,7,7,7,0,0,19,0.409691
optimistic,50,bramev,7,7,7,0,0,20,0.410522
optimistic,50,bramev,7,7,7,0,0,21,0.411269
optimistic,50,bramev,7,7,7,0,0,22,0.413077
optimistic,50,bramev,7,7,7,0,0,23,0.413522
optimistic,50,bramev,7,7,7,0,0,24,0.414987
optimistic,50,bramev,7,7,7,0,0,25,0.416305
optimistic,50,bramev,7,7,7,0,0,26,0.416305
optimistic,50,bramev,7,7,7,0,0,27,0.416305
optimistic,50,bramev,7,7,7,0,0,28,0.416305
optimistic,50,bramev,7,7,7,0,0,29,0.416305
optimistic,50,bramev,7,7,7,0,0,30,0.416517
optimistic,50,bramev,7,7,7,0,0,31,0.418149
optimistic,50,bramev,7,7,7,0,0,32,0.418896
optimistic,50,bramev,7,7,7,0,0,33,0.419568
optimistic,50,bramev,7,7,7,0,0,34,0.419455
optimistic,50,bramev,7,7,7,0,0,35,0.419354
optimistic,50,bramev,7,7,7,0,0,36,0.419262
optimistic,50,bramev,7,7,7,0,0,37,0.419578
optimistic,50,bramev,7,7,7,0,0,38,0.419975
optimistic,50,bramev,7,7,7,0,0,39,0.420332
optimistic,50,bramev,7,7,7,0,0,40,0.420964
optimistic,50,bramev,7,7,7,0,0,41,0.42176
optimistic,50,bramev,7,7,7,0,0,42,0.422477
optimistic,50,bramev,7,7,7,0,0,43,0.423122
optimistic,50,bramev,7,7,7,0,0,44,0.423536
optimistic,50,bramev,7,7,7,0,0,45,0.42358
optimistic,50,bramev,7,7,7,0,0,46,0.42362
optimistic,50,bramev,7,7,7,0,0,47,0.423749
optimistic,50,bramev,7,7,7,0,0,48,0.42413
optimistic,50,bramev,7,7,7,0,0,49,0.424473
optimistic,50,bramev,7,7,7,0,0,50,0.424473
optimistic,50,bramev,7,7,7,0,0,51,0.424545
optimistic,50,bramev,7,7,7,0,0,52,0.42461
optimistic,50,bramev,7,7,7,0,0,53,0.424629
optimistic,50,bramev,7,7,7,0,0,54,0.424652
optimistic,50,bramev,7,7,7,0,0,55,0.424673
optimistic,50,bramev,7,7,7,0,0,56,0.424692
optimistic,50,bramev,7,7,7,0,0,57,0.424709
optimistic,50,bramev,7,7,7,0,0,58,0.424709
optimistic,50,bramev,7,7,7,0,0,59,0.424828
optimistic,50,bramev,7,7,7,0,2,0,0.325482
optimistic,50,bramev,7,7,7,0,2,1,0.362111
optimistic,50,bramev,7,7,7,0,2,2,0.381245
optimistic,50,bramev,7,7,7,0,2,3,0.398467
optimistic,50,bramev,7,7,7,0,2,4,0.398467
optimistic,50,bramev,7,7,7,0,2,5,0.398467
optimistic,50,bramev,7,7,7,0,2,6,0.420095
optimistic,50,bramev,7,7,7,0,2,7,0.414204
optimistic,50,bramev,7,7,7,0,2,8,0.427401
optimistic,50,bramev,7,7,7,0,2,9,0.436553
optimistic,50,bramev,7,7,7,0,2,10,0.44479
optimistic,50,bramev,7,7,7,0,2,11,0.445604
optimistic,50,bramev,7,7,7,0,2,12,0.440195
optimistic,50,bramev,7,7,7,0,2,13,0.435327
optimistic,50,bramev,7,7,7,0,2,14,0.43251
optimistic,50,bramev,7,7,7,0,2,15,0.429974
optimistic,50,bramev,7,7,7,0,2,16,0.427691
optimistic,50,bramev,7,7,7,0,2,17,0.431631
optimistic,50,bramev,7,7,7,0,2,18,0.429782
optimistic,50,bramev,7,7,7,0,2,19,0.432974
optimistic,50,bramev,7,7,7,0,2,20,0.431476
optimistic,50,bramev,7,7,7,0,2,21,0.430128
optimistic,50,bramev,7,7,7,0,2,22,0.430051
optimistic,50,bramev,7,7,7,0,2,23,0.428798
optimistic,50,bramev,7,7,7,0,2,24,0.428735
optimistic,50,bramev,7,7,7,0,2,25,0.428678
optimistic,50,bramev,7,7,7,0,2,26,0.427441
optimistic,50,bramev,7,7,7,0,2,27,0.426327
optimistic,50,bramev,7,7,7,0,2,28,0.425325
optimistic,50,bramev,7,7,7,0,2,29,0.424423
optimistic,50,bramev,7,7,7,0,2,30,0.423824
optimistic,50,bramev,7,7,7,0,2,31,0.424725
optimistic,50,bramev,7,7,7,0,2,32,0.424814
optimistic,50,bramev,7,7,7,0,2,33,0.424894
optimistic,50,bramev,7,7,7,0,2,34,0.424249
optimistic,50,bramev,7,7,7,0,2,35,0.423668
optimistic,50,bramev,7,7,7,0,2,36,0.423145
optimistic,50,bramev,7,7,7,0,2,37,0.423073
optimistic,50,bramev,7,7,7,0,2,38,0.42312
optimistic,50,bramev,7,7,7,0,2,39,0.423162
optimistic,50,bramev,7,7,7,0,2,40,0.423512
optimistic,50,bramev,7,7,7,0,2,41,0.424053
optimistic,50,bramev,7,7,7,0,2,42,0.42454
optimistic,50,bramev,7,7,7,0,2,43,0.424979
optimistic,50,bramev,7,7,7,0,2,44,0.425208
optimistic,50,bramev,7,7,7,0,2,45,0.425085
optimistic,50,bramev,7,7,7,0,2,46,0.424974
optimistic,50,bramev,7,7,7,0,2,47,0.424968
optimistic,50,bramev,7,7,7,0,2,48,0.425227
optimistic,50,bramev,7,7,7,0,2,49,0.42546
optimistic,50,bramev,7,7,7,0,2,50,0.425361
optimistic,50,bramev,7,7,7,0,2,51,0.425345
optimistic,50,bramev,7,7,7,0,2,52,0.42533
optimistic,50,bramev,7,7,7,0,2,53,0.425277
optimistic,50,bramev,7,7,7,0,2,54,0.425235
optimistic,50,bramev,7,7,7,0,2,55,0.425197
optimistic,50,bramev,7,7,7,0,2,56,0.425164
optimistic,50,bramev,7,7,7,0,2,57,0.425133
optimistic,50,bramev,7,7,7,0,2,58,0.425091
optimistic,50,bramev,7,7,7,0,2,59,0.425172
optimistic,50,bramev,7,7,7,0,4,0,0.601397
optimistic,50,bramev,7,7,7,0,4,1,0.610434
optimistic,50,bramev,7,7,7,0,4,2,0.604736
optimistic,50,bramev,7,7,7,0,4,3,0.599609
optimistic,50,bramev,7,7,7,0,4,4,0.579494
optimistic,50,bramev,7,7,7,0,4,5,0.561392
optimistic,50,bramev,7,7,7,0,4,6,0.566728
optimistic,50,bramev,7,7,7,0,4,7,0.546174
optimistic,50,bramev,7,7,7,0,4,8,0.546174
optimistic,50,bramev,7,7,7,0,4,9,0.543448
optimistic,50,bramev,7,7,7,0,4,10,0.540996
optimistic,50,bramev,7,7,7,0,4,11,0.532189
optimistic,50,bramev,7,7,7,0,4,12,0.518122
optimistic,50,bramev,7,7,7,0,4,13,0.505461
optimistic,50,bramev,7,7,7,0,4,14,0.49563
optimistic,50,bramev,7,7,7,0,4,15,0.486782
optimistic,50,bramev,7,7,7,0,4,16,0.478819
optimistic,50,bramev,7,7,7,0,4,17,0.477646
optimistic,50,bramev,7,7,7,0,4,18,0.471196
optimistic,50,bramev,7,7,7,0,4,19,0.470246
optimistic,50,bramev,7,7,7,0,4,20,0.465021
optimistic,50,bramev,7,7,7,0,4,21,0.460319
optimistic,50,bramev,7,7,7,0,4,22,0.457222
optimistic,50,bramev,7,7,7,0,4,23,0.453252
optimistic,50,bramev,7,7,7,0,4,24,0.450744
optimistic,50,bramev,7,7,7,0,4,25,0.448486
optimistic,50,bramev,7,7,7,0,4,26,0.445268
optimistic,50,bramev,7,7,7,0,4,27,0.442372
optimistic,50,bramev,7,7,7,0,4,28,0.439765
optimistic,50,bramev,7,7,7,0,4,29,0.437419
optimistic,50,bramev,7,7,7,0,4,30,0.43552
optimistic,50,bramev,7,7,7,0,4,31,0.435252
optimistic,50,bramev,7,7,7,0,4,32,0.434288
optimistic,50,bramev,7,7,7,0,4,33,0.433421
optimistic,50,bramev,7,7,7,0,4,34,0.431923
optimistic,50,bramev,7,7,7,0,4,35,0.430575
optimistic,50,bramev,7,7,7,0,4,36,0.429361
optimistic,50,bramev,7,7,7,0,4,37,0.428667
optimistic,50,bramev,7,7,7,0,4,38,0.428155
optimistic,50,bramev,7,7,7,0,4,39,0.427694
optimistic,50,bramev,7,7,7,0,4,40,0.42759
optimistic,50,bramev,7,7,7,0,4,41,0.427723
optimistic,50,bramev,7,7,7,0,4,42,0.427844
optimistic,50,bramev,7,7,7,0,4,43,0.427952
optimistic,50,bramev,7,7,7,0,4,44,0.427884
optimistic,50,bramev,7,7,7,0,4,45,0.427493
optimistic,50,bramev,7,7,7,0,4,46,0.427141
optimistic,50,bramev,7,7,7,0,4,47,0.426919
optimistic,50,bramev,7,7,7,0,4,48,0.426982
optimistic,50,bramev,7,7,7,0,4,49,0.42704
optimistic,50,bramev,7,7,7,0,4,50,0.426783
optimistic,50,bramev,7,7,7,0,4,51,0.426624
optimistic,50,bramev,7,7,7,0,4,52,0.426482
optimistic,50,bramev,7,7,7,0,4,53,0.426313
optimistic,50,bramev,7,7,7,0,4,54,0.426168
optimistic,50,bramev,7,7,7,0,4,55,0.426037
optimistic,50,bramev,7,7,7,0,4,56,0.425919
optimistic,50,bramev,7,7,7,0,4,57,0.425814
optimistic,50,bramev,7,7,7,0,4,58,0.425703
optimistic,50,bramev,7,7,7,0,4,59,0.425723
optimistic,50,bramev,7,7,7,0,12,0,0.691767
optimistic,50,bramev,7,7,7,0,12,1,0.691767
optimistic,50,bramev,7,7,7,0,12,2,0.677936
optimistic,50,bramev,7,7,7,0,12,3,0.665488
optimistic,50,bramev,7,7,7,0,12,4,0.638786
optimistic,50,bramev,7,7,7,0,12,5,0.614754
optimistic,50,bramev,7,7,7,0,12,6,0.614754
optimistic,50,bramev,7,7,7,0,12,7,0.589397
optimistic,50,bramev,7,7,7,0,12,8,0.585075
optimistic,50,bramev,7,7,7,0,12,9,0.57846
optimistic,50,bramev,7,7,7,0,12,10,0.572506
optimistic,50,bramev,7,7,7,0,12,11,0.560548
optimistic,50,bramev,7,7,7,0,12,12,0.543645
optimistic,50,bramev,7,7,7,0,12,13,0.528432
optimistic,50,bramev,7,7,7,0,12,14,0.516304
optimistic,50,bramev,7,7,7,0,12,15,0.505389
optimistic,50,bramev,7,7,7,0,12,16,0.495565
optimistic,50,bramev,7,7,7,0,12,17,0.492717
optimistic,50,bramev,7,7,7,0,12,18,0.48476
optimistic,50,bramev,7,7,7,0,12,19,0.482453
optimistic,50,bramev,7,7,7,0,12,20,0.476008
optimistic,50,bramev,7,7,7,0,12,21,0.470207
optimistic,50,bramev,7,7,7,0,12,22,0.466121
optimistic,50,bramev,7,7,7,0,12,23,0.461262
optimistic,50,bramev,7,7,7,0,12,24,0.457952
optimistic,50,bramev,7,7,7,0,12,25,0.454974
optimistic,50,bramev,7,7,7,0,12,26,0.451107
optimistic,50,bramev,7,7,7,0,12,27,0.447627
optimistic,50,bramev,7,7,7,0,12,28,0.444494
optimistic,50,bramev,7,7,7,0,12,29,0.441675
optimistic,50,bramev,7,7,7,0,12,30,0.439351
optimistic,50,bramev,7,7,7,0,12,31,0.4387
optimistic,50,bramev,7,7,7,0,12,32,0.437391
optimistic,50,bramev,7,7,7,0,12,33,0.436214
optimistic,50,bramev,7,7,7,0,12,34,0.434436
optimistic,50,bramev,7,7,7,0,12,35,0.432837
optimistic,50,bramev,7,7,7,0,12,36,0.431397
optimistic,50,bramev,7,7,7,0,12,37,0.430499
optimistic,50,bramev,7,7,7,0,12,38,0.429804
optimistic,50,bramev,7,7,7,0,12,39,0.429178
optimistic,50,bramev,7,7,7,0,12,40,0.428926
optimistic,50,bramev,7,7,7,0,12,41,0.428926
optimistic,50,bramev,7,7,7,0,12,42,0.428926
optimistic,50,bramev,7,7,7,0,12,43,0.428926
optimistic,50,bramev,7,7,7,0,12,44,0.42876
optimistic,50,bramev,7,7,7,0,12,45,0.428281
optimistic,50,bramev,7,7,7,0,12,46,0.427851
optimistic,50,bramev,7,7,7,0,12,47,0.427557
optimistic,50,bramev,7,7,7,0,12,48,0.427557
optimistic,50,bramev,7,7,7,0,12,49,0.427557
optimistic,50,bramev,7,7,7,0,12,50,0.427249
optimistic,50,bramev,7,7,7,0,12,51,0.427044
optimistic,50,bramev,7,7,7,0,12,52,0.426859
optimistic,50,bramev,7,7,7,0,12,53,0.426653
optimistic,50,bramev,7,7,7,0,12,54,0.426474
optimistic,50,bramev,7,7,7,0,12,55,0.426312
optimistic,50,bramev,7,7,7,0,12,56,0.426167
optimistic,50,bramev,7,7,7,0,12,57,0.426036
optimistic,50,bramev,7,7,7,0,12,58,0.425903
optimistic,50,bramev,7,7,7,0,12,59,0.425903
optimistic,50,bramev,7,7,7,0,13,0,0.214631
optimistic,50,bramev,7,7,7,0,13,1,0.262344
optimistic,50,bramev,7,7,7,0,13,2,0.291456
optimistic,50,bramev,7,7,7,0,13,3,0.317656
optimistic,50,bramev,7,7,7,0,13,4,0.325737
optimistic,50,bramev,7,7,7,0,13,5,0.33301
optimistic,50,bramev,7,7,7,0,13,6,0.361184
optimistic,50,bramev,7,7,7,0,13,7,0.361184
optimistic,50,bramev,7,7,7,0,13,8,0.379683
optimistic,50,bramev,7,7,7,0,13,9,0.393607
optimistic,50,bramev,7,7,7,0,13,10,0.406139
optimistic,50,bramev,7,7,7,0,13,11,0.410818
optimistic,50,bramev,7,7,7,0,13,12,0.408887
optimistic,50,bramev,7,7,7,0,13,13,0.40715
optimistic,50,bramev,7,7,7,0,13,14,0.40715
optimistic,50,bramev,7,7,7,0,13,15,0.40715
optimistic,50,bramev,7,7,7,0,13,16,0.40715
optimistic,50,bramev,7,7,7,0,13,17,0.413144
optimistic,50,bramev,7,7,7,0,13,18,0.413144
optimistic,50,bramev,7,7,7,0,13,19,0.417999
optimistic,50,bramev,7,7,7,0,13,20,0.417999
optimistic,50,bramev,7,7,7,0,13,21,0.417999
optimistic,50,bramev,7,7,7,0,13,22,0.419134
optimistic,50,bramev,7,7,7,0,13,23,0.418973
optimistic,50,bramev,7,7,7,0,13,24,0.419893
optimistic,50,bramev,7,7,7,0,13,25,0.42072
optimistic,50,bramev,7,7,7,0,13,26,0.420279
optimistic,50,bramev,7,7,7,0,13,27,0.419881
optimistic,50,bramev,7,7,7,0,13,28,0.419524
optimistic,50,bramev,7,7,7,0,13,29,0.419202
optimistic,50,bramev,7,7,7,0,13,30,0.419125
optimistic,50,bramev,7,7,7,0,13,31,0.420496
optimistic,50,bramev,7,7,7,0,13,32,0.421008
optimistic,50,bramev,7,7,7,0,13,33,0.421469
optimistic,50,bramev,7,7,7,0,13,34,0.421166
optimistic,50,bramev,7,7,7,0,13,35,0.420893
optimistic,50,bramev,7,7,7,0,13,36,0.420648
optimistic,50,bramev,7,7,7,0,13,37,0.420825
optimistic,50,bramev,7,7,7,0,13,38,0.421097
optimistic,50,bramev,7,7,7,0,13,39,0.421342
optimistic,50,bramev,7,7,7,0,13,40,0.421873
optimistic,50,bramev,7,7,7,0,13,41,0.422578
optimistic,50,bramev,7,7,7,0,13,42,0.423213
optimistic,50,bramev,7,7,7,0,13,43,0.423784
optimistic,50,bramev,7,7,7,0,13,44,0.424133
optimistic,50,bramev,7,7,7,0,13,45,0.424117
optimistic,50,bramev,7,7,7,0,13,46,0.424103
optimistic,50,bramev,7,7,7,0,13,47,0.424184
optimistic,50,bramev,7,7,7,0,13,48,0.424522
optimistic,50,bramev,7,7,7,0,13,49,0.424825
optimistic,50,bramev,7,7,7,0,13,50,0.42479
optimistic,50,bramev,7,7,7,0,13,51,0.42483
optimistic,50,bramev,7,7,7,0,13,52,0.424867
optimistic,50,bramev,7,7,7,0,13,53,0.42486
optimistic,50,bramev,7,7,7,0,13,54,0.42486
optimistic,50,bramev,7,7,7,0,13,55,0.42486
optimistic,50,bramev,7,7,7,0,13,56,0.42486
optimistic,50,bramev,7,7,7,0,13,57,0.42486
optimistic,50,bramev,7,7,7,0,13,58,0.424845
optimistic,50,bramev,7,7,7,0,13,59,0.424951
optimistic,50,bramev,7,7,7,0,17,0,0.538091
optimistic,50,bramev,7,7,7,0,17,1,0.553458
optimistic,50,bramev,7,7,7,0,17,2,0.553458
optimistic,50,bramev,7,7,7,0,17,3,0.553458
optimistic,50,bramev,7,7,7,0,17,4,0.537959
optimistic,50,bramev,7,7,7,0,17,5,0.52401
optimistic,50,bramev,7,7,7,0,17,6,0.533084
optimistic,50,bramev,7,7,7,0,17,7,0.515894
optimistic,50,bramev,7,7,7,0,17,8,0.518922
optimistic,50,bramev,7,7,7,0,17,9,0.518922
optimistic,50,bramev,7,7,7,0,17,10,0.518922
optimistic,50,bramev,7,7,7,0,17,11,0.512323
optimistic,50,bramev,7,7,7,0,17,12,0.500242
optimistic,50,bramev,7,7,7,0,17,13,0.48937
optimistic,50,bramev,7,7,7,0,17,14,0.481148
optimistic,50,bramev,7,7,7,0,17,15,0.473748
optimistic,50,bramev,7,7,7,0,17,16,0.467088
optimistic,50,bramev,7,7,7,0,17,17,0.467088
optimistic,50,bramev,7,7,7,0,17,18,0.461694
optimistic,50,bramev,7,7,7,0,17,19,0.461694
optimistic,50,bramev,7,7,7,0,17,20,0.457324
optimistic,50,bramev,7,7,7,0,17,21,0.453392
optimistic,50,bramev,7,7,7,0,17,22,0.450988
optimistic,50,bramev,7,7,7,0,17,23,0.447641
optimistic,50,bramev,7,7,7,0,17,24,0.445694
optimistic,50,bramev,7,7,7,0,17,25,0.443941
optimistic,50,bramev,7,7,7,0,17,26,0.441178
optimistic,50,bramev,7,7,7,0,17,27,0.43869
optimistic,50,bramev,7,7,7,0,17,28,0.436452
optimistic,50,bramev,7,7,7,0,17,29,0.434437
optimistic,50,bramev,7,7,7,0,17,30,0.432837
optimistic,50,bramev,7,7,7,0,17,31,0.432837
optimistic,50,bramev,7,7,7,0,17,32,0.432114
optimistic,50,bramev,7,7,7,0,17,33,0.431465
optimistic,50,bramev,7,7,7,0,17,34,0.430162
optimistic,50,bramev,7,7,7,0,17,35,0.42899
optimistic,50,bramev,7,7,7,0,17,36,0.427935
optimistic,50,bramev,7,7,7,0,17,37,0.427383
optimistic,50,bramev,7,7,7,0,17,38,0.427
optimistic,50,bramev,7,7,7,0,17,39,0.426654
optimistic,50,bramev,7,7,7,0,17,40,0.426654
optimistic,50,bramev,7,7,7,0,17,41,0.426881
optimistic,50,bramev,7,7,7,0,17,42,0.427086
optimistic,50,bramev,7,7,7,0,17,43,0.42727
optimistic,50,bramev,7,7,7,0,17,44,0.42727
optimistic,50,bramev,7,7,7,0,17,45,0.42694
optimistic,50,bramev,7,7,7,0,17,46,0.426644
optimistic,50,bramev,7,7,7,0,17,47,0.426471
optimistic,50,bramev,7,7,7,0,17,48,0.42658
optimistic,50,bramev,7,7,7,0,17,49,0.426677
optimistic,50,bramev,7,7,7,0,17,50,0.426457
optimistic,50,bramev,7,7,7,0,17,51,0.426331
optimistic,50,bramev,7,7,7,0,17,52,0.426217
optimistic,50,bramev,7,7,7,0,17,53,0.426075
optimistic,50,bramev,7,7,7,0,17,54,0.425954
optimistic,50,bramev,7,7,7,0,17,55,0.425844
optimistic,50,bramev,7,7,7,0,17,56,0.425746
optimistic,50,bramev,7,7,7,0,17,57,0.425657
optimistic,50,bramev,7,7,7,0,17,58,0.425563
optimistic,50,bramev,7,7,7,0,17,59,0.425597
optimistic,50,bramev,7,7,7,0,24,0,0.198286
optimistic,50,bramev,7,7,7,0,24,1,0.247634
optimistic,50,bramev,7,7,7,0,24,2,0.278217
optimistic,50,bramev,7,7,7,0,24,3,0.305741
optimistic,50,bramev,7,7,7,0,24,4,0.315013
optimistic,50,bramev,7,7,7,0,24,5,0.323359
optimistic,50,bramev,7,7,7,0,24,6,0.352498
optimistic,50,bramev,7,7,7,0,24,7,0.353367
optimistic,50,bramev,7,7,7,0,24,8,0.372648
optimistic,50,bramev,7,7,7,0,24,9,0.387275
optimistic,50,bramev,7,7,7,0,24,10,0.40044
optimistic,50,bramev,7,7,7,0,24,11,0.405688
optimistic,50,bramev,7,7,7,0,24,12,0.404271
optimistic,50,bramev,7,7,7,0,24,13,0.402996
optimistic,50,bramev,7,7,7,0,24,14,0.403411
optimistic,50,bramev,7,7,7,0,24,15,0.403785
optimistic,50,bramev,7,7,7,0,24,16,0.404122
optimistic,50,bramev,7,7,7,0,24,17,0.410418
optimistic,50,bramev,7,7,7,0,24,18,0.410691
optimistic,50,bramev,7,7,7,0,24,19,0.415791
optimistic,50,bramev,7,7,7,0,24,20,0.416012
optimistic,50,bramev,7,7,7,0,24,21,0.416211
optimistic,50,bramev,7,7,7,0,24,22,0.417525
optimistic,50,bramev,7,7,7,0,24,23,0.417525
optimistic,50,bramev,7,7,7,0,24,24,0.418589
optimistic,50,bramev,7,7,7,0,24,25,0.419547
optimistic,50,bramev,7,7,7,0,24,26,0.419223
optimistic,50,bramev,7,7,7,0,24,27,0.418931
optimistic,50,bramev,7,7,7,0,24,28,0.418668
optimistic,50,bramev,7,7,7,0,24,29,0.418432
optimistic,50,bramev,7,7,7,0,24,30,0.418432
optimistic,50,bramev,7,7,7,0,24,31,0.419872
optimistic,50,bramev,7,7,7,0,24,32,0.420447
optimistic,50,bramev,7,7,7,0,24,33,0.420964
optimistic,50,bramev,7,7,7,0,24,34,0.420711
optimistic,50,bramev,7,7,7,0,24,35,0.420484
optimistic,50,bramev,7,7,7,0,24,36,0.42028
optimistic,50,bramev,7,7,7,0,24,37,0.420494
optimistic,50,bramev,7,7,7,0,24,38,0.420799
optimistic,50,bramev,7,7,7,0,24,39,0.421073
optimistic,50,bramev,7,7,7,0,24,40,0.421632
optimistic,50,bramev,7,7,7,0,24,41,0.422361
optimistic,50,bramev,7,7,7,0,24,42,0.423017
optimistic,50,bramev,7,7,7,0,24,43,0.423608
optimistic,50,bramev,7,7,7,0,24,44,0.423974
optimistic,50,bramev,7,7,7,0,24,45,0.423974
optimistic,50,bramev,7,7,7,0,24,46,0.423974
optimistic,50,bramev,7,7,7,0,24,47,0.424069
optimistic,50,bramev,7,7,7,0,24,48,0.424418
optimistic,50,bramev,7,7,7,0,24,49,0.424732
optimistic,50,bramev,7,7,7,0,24,50,0.424706
optimistic,50,bramev,7,7,7,0,24,51,0.424755
optimistic,50,bramev,7,7,7,0,24,52,0.424799
optimistic,50,bramev,7,7,7,0,24,53,0.424799
optimistic,50,bramev,7,7,7,0,24,54,0.424805
optimistic,50,bramev,7,7,7,0,24,55,0.42481
optimistic,50,bramev,7,7,7,0,24,56,0.424815
optimistic,50,bramev,7,7,7,0,24,57,0.42482
optimistic,50,bramev,7,7,7,0,24,58,0.424809
optimistic,50,bramev,7,7,7,0,24,59,0.424918
optimistic,50,bramev,7,7,7,0,26,0,0.293252
optimistic,50,bramev,7,7,7,0,26,1,0.333104
optimistic,50,bramev,7,7,7,0,26,2,0.355139
optimistic,50,bramev,7,7,7,0,26,3,0.374971
optimistic,50,bramev,7,7,7,0,26,4,0.377321
optimistic,50,bramev,7,7,7,0,26,5,0.379435
optimistic,50,bramev,7,7,7,0,26,6,0.402967
optimistic,50,bramev,7,7,7,0,26,7,0.398789
optimistic,50,bramev,7,7,7,0,26,8,0.413527
optimistic,50,bramev,7,7,7,0,26,9,0.424067
optimistic,50,bramev,7,7,7,0,26,10,0.433552
optimistic,50,bramev,7,7,7,0,26,11,0.43549
optimistic,50,bramev,7,7,7,0,26,12,0.431093
optimistic,50,bramev,7,7,7,0,26,13,0.427135
optimistic,50,bramev,7,7,7,0,26,14,0.425136
optimistic,50,bramev,7,7,7,0,26,15,0.423338
optimistic,50,bramev,7,7,7,0,26,16,0.421719
optimistic,50,bramev,7,7,7,0,26,17,0.426256
optimistic,50,bramev,7,7,7,0,26,18,0.424945
optimistic,50,bramev,7,7,7,0,26,19,0.42862
optimistic,50,bramev,7,7,7,0,26,20,0.427558
optimistic,50,bramev,7,7,7,0,26,21,0.426602
optimistic,50,bramev,7,7,7,0,26,22,0.426877
optimistic,50,bramev,7,7,7,0,26,23,0.425941
optimistic,50,bramev,7,7,7,0,26,24,0.426164
optimistic,50,bramev,7,7,7,0,26,25,0.426364
optimistic,50,bramev,7,7,7,0,26,26,0.425358
optimistic,50,bramev,7,7,7,0,26,27,0.424453
optimistic,50,bramev,7,7,7,0,26,28,0.423638
optimistic,50,bramev,7,7,7,0,26,29,0.422905
optimistic,50,bramev,7,7,7,0,26,30,0.422458
optimistic,50,bramev,7,7,7,0,26,31,0.423495
optimistic,50,bramev,7,7,7,0,26,32,0.423707
optimistic,50,bramev,7,7,7,0,26,33,0.423898
optimistic,50,bramev,7,7,7,0,26,34,0.423352
optimistic,50,bramev,7,7,7,0,26,35,0.422861
optimistic,50,bramev,7,7,7,0,26,36,0.422419
optimistic,50,bramev,7,7,7,0,26,37,0.422419
optimistic,50,bramev,7,7,7,0,26,38,0.422532
optimistic,50,bramev,7,7,7,0,26,39,0.422633
optimistic,50,bramev,7,7,7,0,26,40,0.423035
optimistic,50,bramev,7,7,7,0,26,41,0.423624
optimistic,50,bramev,7,7,7,0,26,42,0.424154
optimistic,50,bramev,7,7,7,0,26,43,0.424632
optimistic,50,bramev,7,7,7,0,26,44,0.424895
optimistic,50,bramev,7,7,7,0,26,45,0.424803
optimistic,50,bramev,7,7,7,0,26,46,0.42472
optimistic,50,bramev,7,7,7,0,26,47,0.42474
optimistic,50,bramev,7,7,7,0,26,48,0.425022
optimistic,50,bramev,7,7,7,0,26,49,0.425275
optimistic,50,bramev,7,7,7,0,26,50,0.425195
optimistic,50,bramev,7,7,7,0,26,51,0.425195
optimistic,50,bramev,7,7,7,0,26,52,0.425195
optimistic,50,bramev,7,7,7,0,26,53,0.425156
optimistic,50,bramev,7,7,7,0,26,54,0.425126
optimistic,50,bramev,7,7,7,0,26,55,0.425099
optimistic,50,bramev,7,7,7,0,26,56,0.425075
optimistic,50,bramev,7,7,7,0,26,57,0.425054
optimistic,50,bramev,7,7,7,0,26,58,0.425019
optimistic,50,bramev,7,7,7,0,26,59,0.425108
optimistic,50,bramev,7,7,7,0,30,0,0.339569
optimistic,50,bramev,7,7,7,0,30,1,0.374789
optimistic,50,bramev,7,7,7,0,30,2,0.392656
optimistic,50,bramev,7,7,7,0,30,3,0.408736
optimistic,50,bramev,7,7,7,0,30,4,0.407709
optimistic,50,bramev,7,7,7,0,30,5,0.406785
optimistic,50,bramev,7,7,7,0,30,6,0.427582
optimistic,50,bramev,7,7,7,0,30,7,0.420942
optimistic,50,bramev,7,7,7,0,30,8,0.433465
optimistic,50,bramev,7,7,7,0,30,9,0.442011
optimistic,50,bramev,7,7,7,0,30,10,0.449702
optimistic,50,bramev,7,7,7,0,30,11,0.450024
optimistic,50,bramev,7,7,7,0,30,12,0.444174
optimistic,50,bramev,7,7,7,0,30,13,0.438908
optimistic,50,bramev,7,7,7,0,30,14,0.435732
optimistic,50,bramev,7,7,7,0,30,15,0.432874
optimistic,50,bramev,7,7,7,0,30,16,0.430302
optimistic,50,bramev,7,7,7,0,30,17,0.43398
optimistic,50,bramev,7,7,7,0,30,18,0.431897
optimistic,50,bramev,7,7,7,0,30,19,0.434876
optimistic,50,bramev,7,7,7,0,30,20,0.433189
optimistic,50,bramev,7,7,7,0,30,21,0.43167
optimistic,50,bramev,7,7,7,0,30,22,0.431438
optimistic,50,bramev,7,7,7,0,30,23,0.430046
optimistic,50,bramev,7,7,7,0,30,24,0.429859
optimistic,50,bramev,7,7,7,0,30,25,0.429689
optimistic,50,bramev,7,7,7,0,30,26,0.428351
optimistic,50,bramev,7,7,7,0,30,27,0.427146
optimistic,50,bramev,7,7,7,0,30,28,0.426062
optimistic,50,bramev,7,7,7,0,30,29,0.425086
optimistic,50,bramev,7,7,7,0,30,30,0.424421
optimistic,50,bramev,7,7,7,0,30,31,0.425263
optimistic,50,bramev,7,7,7,0,30,32,0.425298
optimistic,50,bramev,7,7,7,0,30,33,0.42533
optimistic,50,bramev,7,7,7,0,30,34,0.424641
optimistic,50,bramev,7,7,7,0,30,35,0.424021
optimistic,50,bramev,7,7,7,0,30,36,0.423463
optimistic,50,bramev,7,7,7,0,30,37,0.423358
optimistic,50,bramev,7,7,7,0,30,38,0.423377
optimistic,50,bramev,7,7,7,0,30,39,0.423394
optimistic,50,bramev,7,7,7,0,30,40,0.42372
optimistic,50,bramev,7,7,7,0,30,41,0.42424
optimistic,50,bramev,7,7,7,0,30,42,0.424709
optimistic,50,bramev,7,7,7,0,30,43,0.425131
optimistic,50,bramev,7,7,7,0,30,44,0.425345
optimistic,50,bramev,7,7,7,0,30,45,0.425208
optimistic,50,bramev,7,7,7,0,30,46,0.425084
optimistic,50,bramev,7,7,7,0,30,47,0.425068
optimistic,50,bramev,7,7,7,0,30,48,0.425317
optimistic,50,bramev,7,7,7,0,30,49,0.425541
optimistic,50,bramev,7,7,7,0,30,50,0.425434
optimistic,50,bramev,7,7,7,0,30,51,0.42541
optimistic,50,bramev,7,7,7,0,30,52,0.425389
optimistic,50,bramev,7,7,7,0,30,53,0.42533
optimistic,50,bramev,7,7,7,0,30,54,0.425283
optimistic,50,bramev,7,7,7,0,30,55,0.42524
optimistic,50,bramev,7,7,7,0,30,56,0.425202
optimistic,50,bramev,7,7,7,0,30,57,0.425168
optimistic,50,bramev,7,7,7,0,30,58,0.425122
optimistic,50,bramev,7,7,7,0,30,59,0.4252
optimistic,50,bramev,7,7,7,0,34,0,0.116623
optimistic,50,bramev,7,7,7,0,34,1,0.174137
optimistic,50,bramev,7,7,7,0,34,2,0.21207
optimistic,50,bramev,7,7,7,0,34,3,0.246208
optimistic,50,bramev,7,7,7,0,34,4,0.261434
optimistic,50,bramev,7,7,7,0,34,5,0.275137
optimistic,50,bramev,7,7,7,0,34,6,0.309099
optimistic,50,bramev,7,7,7,0,34,7,0.314308
optimistic,50,bramev,7,7,7,0,34,8,0.337494
optimistic,50,bramev,7,7,7,0,34,9,0.355637
optimistic,50,bramev,7,7,7,0,34,10,0.371966
optimistic,50,bramev,7,7,7,0,34,11,0.380062
optimistic,50,bramev,7,7,7,0,34,12,0.381207
optimistic,50,bramev,7,7,7,0,34,13,0.382238
optimistic,50,bramev,7,7,7,0,34,14,0.384729
optimistic,50,bramev,7,7,7,0,34,15,0.386972
optimistic,50,bramev,7,7,7,0,34,16,0.388989
optimistic,50,bramev,7,7,7,0,34,17,0.396799
optimistic,50,bramev,7,7,7,0,34,18,0.398434
optimistic,50,bramev,7,7,7,0,34,19,0.40476
optimistic,50,bramev,7,7,7,0,34,20,0.406084
optimistic,50,bramev,7,7,7,0,34,21,0.407275
optimistic,50,bramev,7,7,7,0,34,22,0.409483
optimistic,50,bramev,7,7,7,0,34,23,0.410287
optimistic,50,bramev,7,7,7,0,34,24,0.412075
optimistic,50,bramev,7,7,7,0,34,25,0.413684
optimistic,50,bramev,7,7,7,0,34,26,0.413946
optimistic,50,bramev,7,7,7,0,34,27,0.414182
optimistic,50,bramev,7,7,7,0,34,28,0.414394
optimistic,50,bramev,7,7,7,0,34,29,0.414585
optimistic,50,bramev,7,7,7,0,34,30,0.41497
optimistic,50,bramev,7,7,7,0,34,31,0.416757
optimistic,50,bramev,7,7,7,0,34,32,0.417643
optimistic,50,bramev,7,7,7,0,34,33,0.41844
optimistic,50,bramev,7,7,7,0,34,34,0.41844
optimistic,50,bramev,7,7,7,0,34,35,0.41844
optimistic,50,bramev,7,7,7,0,34,36,0.41844
optimistic,50,bramev,7,7,7,0,34,37,0.418838
optimistic,50,bramev,7,7,7,0,34,38,0.419309
optimistic,50,bramev,7,7,7,0,34,39,0.419732
optimistic,50,bramev,7,7,7,0,34,40,0.420424
optimistic,50,bramev,7,7,7,0,34,41,0.421275
optimistic,50,bramev,7,7,7,0,34,42,0.42204
optimistic,50,bramev,7,7,7,0,34,43,0.422728
optimistic,50,bramev,7,7,7,0,34,44,0.423182
optimistic,50,bramev,7,7,7,0,34,45,0.423262
optimistic,50,bramev,7,7,7,0,34,46,0.423333
optimistic,50,bramev,7,7,7,0,34,47,0.423491
optimistic,50,bramev,7,7,7,0,34,48,0.423898
optimistic,50,bramev,7,7,7,0,34,49,0.424264
optimistic,50,bramev,7,7,7,0,34,50,0.424285
optimistic,50,bramev,7,7,7,0,34,51,0.424376
optimistic,50,bramev,7,7,7,0,34,52,0.424458
optimistic,50,bramev,7,7,7,0,34,53,0.424492
optimistic,50,bramev,7,7,7,0,34,54,0.424529
optimistic,50,bramev,7,7,7,0,34,55,0.424562
optimistic,50,bramev,7,7,7,0,34,56,0.424592
optimistic,50,bramev,7,7,7,0,34,57,0.424619
optimistic,50,bramev,7,7,7,0,34,58,0.424628
optimistic,50,bramev,7,7,7,0,34,59,0.424755
optimistic,50,bramev,7,7,7,0,35,0,0.348819
optimistic,50,bramev,7,7,7,0,35,1,0.383114
optimistic,50,bramev,7,7,7,0,35,2,0.400148
optimistic,50,bramev,7,7,7,0,35,3,0.415479
optimistic,50,bramev,7,7,7,0,35,4,0.413778
optimistic,50,bramev,7,7,7,0,35,5,0.412247
optimistic,50,bramev,7,7,7,0,35,6,0.432498
optimistic,50,bramev,7,7,7,0,35,7,0.425366
optimistic,50,bramev,7,7,7,0,35,8,0.437447
optimistic,50,bramev,7,7,7,0,35,9,0.445595
optimistic,50,bramev,7,7,7,0,35,10,0.452927
optimistic,50,bramev,7,7,7,0,35,11,0.452927
optimistic,50,bramev,7,7,7,0,35,12,0.446786
optimistic,50,bramev,7,7,7,0,35,13,0.441259
optimistic,50,bramev,7,7,7,0,35,14,0.437848
optimistic,50,bramev,7,7,7,0,35,15,0.434779
optimistic,50,bramev,7,7,7,0,35,16,0.432016
optimistic,50,bramev,7,7,7,0,35,17,0.435523
optimistic,50,bramev,7,7,7,0,35,18,0.433285
optimistic,50,bramev,7,7,7,0,35,19,0.436126
optimistic,50,bramev,7,7,7,0,35,20,0.434313
optimistic,50,bramev,7,7,7,0,35,21,0.432682
optimistic,50,bramev,7,7,7,0,35,22,0.432349
optimistic,50,bramev,7,7,7,0,35,23,0.430866
optimistic,50,bramev,7,7,7,0,35,24,0.430596
optimistic,50,bramev,7,7,7,0,35,25,0.430354
optimistic,50,bramev,7,7,7,0,35,26,0.428949
optimistic,50,bramev,7,7,7,0,35,27,0.427684
optimistic,50,bramev,7,7,7,0,35,28,0.426546
optimistic,50,bramev,7,7,7,0,35,29,0.425522
optimistic,50,bramev,7,7,7,0,35,30,0.424813
optimistic,50,bramev,7,7,7,0,35,31,0.425615
optimistic,50,bramev,7,7,7,0,35,32,0.425615
optimistic,50,bramev,7,7,7,0,35,33,0.425615
optimistic,50,bramev,7,7,7,0,35,34,0.424898
optimistic,50,bramev,7,7,7,0,35,35,0.424252
optimistic,50,bramev,7,7,7,0,35,36,0.423671
optimistic,50,bramev,7,7,7,0,35,37,0.423546
optimistic,50,bramev,7,7,7,0,35,38,0.423546
optimistic,50,bramev,7,7,7,0,35,39,0.423546
optimistic,50,bramev,7,7,7,0,35,40,0.423857
optimistic,50,bramev,7,7,7,0,35,41,0.424363
optimistic,50,bramev,7,7,7,0,35,42,0.42482
optimistic,50,bramev,7,7,7,0,35,43,0.42523
optimistic,50,bramev,7,7,7,0,35,44,0.425434
optimistic,50,bramev,7,7,7,0,35,45,0.425288
optimistic,50,bramev,7,7,7,0,35,46,0.425157
optimistic,50,bramev,7,7,7,0,35,47,0.425133
optimistic,50,bramev,7,7,7,0,35,48,0.425375
optimistic,50,bramev,7,7,7,0,35,49,0.425594
optimistic,50,bramev,7,7,7,0,35,50,0.425482
optimistic,50,bramev,7,7,7,0,35,51,0.425453
optimistic,50,bramev,7,7,7,0,35,52,0.425427
optimistic,50,bramev,7,7,7,0,35,53,0.425364
optimistic,50,bramev,7,7,7,0,35,54,0.425314
optimistic,50,bramev,7,7,7,0,35,55,0.425268
optimistic,50,bramev,7,7,7,0,35,56,0.425228
optimistic,50,bramev,7,7,7,0,35,57,0.425191
optimistic,50,bramev,7,7,7,0,35,58,0.425143
optimistic,50,bramev,7,7,7,0,35,59,0.425219
optimistic,50,bramev,7,7,7,0,38,0,0.318367
optimistic,50,bramev,7,7,7,0,38,1,0.355707
optimistic,50,bramev,7,7,7,0,38,2,0.375482
optimistic,50,bramev,7,7,7,0,38,3,0.39328
optimistic,50,bramev,7,7,7,0,38,4,0.393799
optimistic,50,bramev,7,7,7,0,38,5,0.394266
optimistic,50,bramev,7,7,7,0,38,6,0.416314
optimistic,50,bramev,7,7,7,0,38,7,0.410801
optimistic,50,bramev,7,7,7,0,38,8,0.424339
optimistic,50,bramev,7,7,7,0,38,9,0.433797
optimistic,50,bramev,7,7,7,0,38,10,0.44231
optimistic,50,bramev,7,7,7,0,38,11,0.443371
optimistic,50,bramev,7,7,7,0,38,12,0.438186
optimistic,50,bramev,7,7,7,0,38,13,0.433519
optimistic,50,bramev,7,7,7,0,38,14,0.430882
optimistic,50,bramev,7,7,7,0,38,15,0.428509
optimistic,50,bramev,7,7,7,0,38,16,0.426373
optimistic,50,bramev,7,7,7,0,38,17,0.430445
optimistic,50,bramev,7,7,7,0,38,18,0.428715
optimistic,50,bramev,7,7,7,0,38,19,0.432012
optimistic,50,bramev,7,7,7,0,38,20,0.430611
optimistic,50,bramev,7,7,7,0,38,21,0.42935
optimistic,50,bramev,7,7,7,0,38,22,0.42935
optimistic,50,bramev,7,7,7,0,38,23,0.428167
optimistic,50,bramev,7,7,7,0,38,24,0.428167
optimistic,50,bramev,7,7,7,0,38,25,0.428167
optimistic,50,bramev,7,7,7,0,38,26,0.426981
optimistic,50,bramev,7,7,7,0,38,27,0.425914
optimistic,50,bramev,7,7,7,0,38,28,0.424953
optimistic,50,bramev,7,7,7,0,38,29,0.424088
optimistic,50,bramev,7,7,7,0,38,30,0.423522
optimistic,50,bramev,7,7,7,0,38,31,0.424454
optimistic,50,bramev,7,7,7,0,38,32,0.42457
optimistic,50,bramev,7,7,7,0,38,33,0.424674
optimistic,50,bramev,7,7,7,0,38,34,0.424051
optimistic,50,bramev,7,7,7,0,38,35,0.42349
optimistic,50,bramev,7,7,7,0,38,36,0.422985
optimistic,50,bramev,7,7,7,0,38,37,0.422928
optimistic,50,bramev,7,7,7,0,38,38,0.42299
optimistic,50,bramev,7,7,7,0,38,39,0.423046
optimistic,50,bramev,7,7,7,0,38,40,0.423406
optimistic,50,bramev,7,7,7,0,38,41,0.423958
optimistic,50,bramev,7,7,7,0,38,42,0.424455
optimistic,50,bramev,7,7,7,0,38,43,0.424902
optimistic,50,bramev,7,7,7,0,38,44,0.425139
optimistic,50,bramev,7,7,7,0,38,45,0.425022
optimistic,50,bramev,7,7,7,0,38,46,0.424918
optimistic,50,bramev,7,7,7,0,38,47,0.424918
optimistic,50,bramev,7,7,7,0,38,48,0.425182
optimistic,50,bramev,7,7,7,0,38,49,0.425419
optimistic,50,bramev,7,7,7,0,38,50,0.425325
optimistic,50,bramev,7,7,7,0,38,51,0.425312
optimistic,50,bramev,7,7,7,0,38,52,0.4253
optimistic,50,bramev,7,7,7,0,38,53,0.42525
optimistic,50,bramev,7,7,7,0,38,54,0.425211
optimistic,50,bramev,7,7,7,0,38,55,0.425176
optimistic,50,bramev,7,7,7,0,38,56,0.425144
optimistic,50,bramev,7,7,7,0,38,57,0.425116
optimistic,50,bramev,7,7,7,0,38,58,0.425075
optimistic,50,bramev,7,7,7,0,38,59,0.425158
optimistic,50,bramev,7,7,7,1,7,0,0.774677
optimistic,50,bramev,7,7,7,1,7,1,0.710713
optimistic,50,bramev,7,7,7,1,7,2,0.653537
optimistic,50,bramev,7,7,7,1,7,3,0.602078
optimistic,50,bramev,7,7,7,1,7,4,0.576465
optimistic,50,bramev,7,7,7,1,7,5,0.553413
optimistic,50,bramev,7,7,7,1,7,6,0.5159
optimistic,50,bramev,7,7,7,1,7,7,0.482138
optimistic,50,bramev,7,7,7,1,7,8,0.465333
optimistic,50,bramev,7,7,7,1,7,9,0.437986
optimistic,50,bramev,7,7,7,1,7,10,0.424374
optimistic,50,bramev,7,7,7,1,7,11,0.402071
optimistic,50,bramev,7,7,7,1,7,12,0.382135
optimistic,50,bramev,7,7,7,1,7,13,0.364069
optimistic,50,bramev,7,7,7,1,7,14,0.347811
optimistic,50,bramev,7,7,7,1,7,15,0.333277
optimistic,50,bramev,7,7,7,1,7,16,0.320197
optimistic,50,bramev,7,7,7,1,7,17,0.308425
optimistic,50,bramev,7,7,7,1,7,18,0.29783
optimistic,50,bramev,7,7,7,1,7,19,0.29783
optimistic,50,bramev,7,7,7,1,7,20,0.293084
optimistic,50,bramev,7,7,7,1,7,21,0.288812
optimistic,50,bramev,7,7,7,1,7,22,0.284968
optimistic,50,bramev,7,7,7,1,7,23,0.278712
optimistic,50,bramev,7,7,7,1,7,24,0.273081
optimistic,50,bramev,7,7,7,1,7,25,0.270279
optimistic,50,bramev,7,7,7,1,7,26,0.265718
optimistic,50,bramev,7,7,7,1,7,27,0.261613
optimistic,50,bramev,7,7,7,1,7,28,0.257919
optimistic,50,bramev,7,7,7,1,7,29,0.254594
optimistic,50,bramev,7,7,7,1,7,30,0.251581
optimistic,50,bramev,7,7,7,1,7,31,0.248888
optimistic,50,bramev,7,7,7,1,7,32,0.246464
optimistic,50,bramev,7,7,7,1,7,33,0.244283
optimistic,50,bramev,7,7,7,1,7,34,0.24232
optimistic,50,bramev,7,7,7,1,7,35,0.240553
optimistic,50,bramev,7,7,7,1,7,36,0.238952
optimistic,50,bramev,7,7,7,1,7,37,0.23752
optimistic,50,bramev,7,7,7,1,7,38,0.236232
optimistic,50,bramev,7,7,7,1,7,39,0.235073
optimistic,50,bramev,7,7,7,1,7,40,0.23403
optimistic,50,bramev,7,7,7,1,7,41,0.233091
optimistic,50,bramev,7,7,7,1,7,42,0.232246
optimistic,50,bramev,7,7,7,1,7,43,0.231485
optimistic,50,bramev,7,7,7,1,7,44,0.2308
optimistic,50,bramev,7,7,7,1,7,45,0.2308
optimistic,50,bramev,7,7,7,1,7,46,0.230246
optimistic,50,bramev,7,7,7,1,7,47,0.229744
optimistic,50,bramev,7,7,7,1,7,48,0.229294
optimistic,50,bramev,7,7,7,1,7,49,0.228887
optimistic,50,bramev,7,7,7,1,7,50,0.228524
optimistic,50,bramev,7,7,7,1,7,51,0.228196
optimistic,50,bramev,7,7,7,1,7,52,0.228196
optimistic,50,bramev,7,7,7,1,7,53,0.227931
optimistic,50,bramev,7,7,7,1,7,54,0.227692
optimistic,50,bramev,7,7,7,1,7,55,0.227477
optimistic,50,bramev,7,7,7,1,7,56,0.227284
optimistic,50,bramev,7,7,7,1,7,57,0.227109
optimistic,50,bramev,7,7,7,1,7,58,0.226951
optimistic,50,bramev,7,7,7,1,7,59,0.226951
optimistic,50,bramev,7,7,7,1,8,0,0.658326
optimistic,50,bramev,7,7,7,1,8,1,0.605997
optimistic,50,bramev,7,7,7,1,8,2,0.559292
optimistic,50,bramev,7,7,7,1,8,3,0.517258
optimistic,50,bramev,7,7,7,1,8,4,0.500127
optimistic,50,bramev,7,7,7,1,8,5,0.484709
optimistic,50,bramev,7,7,7,1,8,6,0.454066
optimistic,50,bramev,7,7,7,1,8,7,0.426487
optimistic,50,bramev,7,7,7,1,8,8,0.415248
optimistic,50,bramev,7,7,7,1,8,9,0.392909
optimistic,50,bramev,7,7,7,1,8,10,0.383805
optimistic,50,bramev,7,7,7,1,8,11,0.365559
optimistic,50,bramev,7,7,7,1,8,12,0.349274
optimistic,50,bramev,7,7,7,1,8,13,0.334495
optimistic,50,bramev,7,7,7,1,8,14,0.321193
optimistic,50,bramev,7,7,7,1,8,15,0.309321
optimistic,50,bramev,7,7,7,1,8,16,0.298637
optimistic,50,bramev,7,7,7,1,8,17,0.289021
optimistic,50,bramev,7,7,7,1,8,18,0.280366
optimistic,50,bramev,7,7,7,1,8,19,0.282113
optimistic,50,bramev,7,7,7,1,8,20,0.278938
optimistic,50,bramev,7,7,7,1,8,21,0.276081
optimistic,50,bramev,7,7,7,1,8,22,0.27351
optimistic,50,bramev,7,7,7,1,8,23,0.2684
optimistic,50,bramev,7,7,7,1,8,24,0.2638
optimistic,50,bramev,7,7,7,1,8,25,0.261926
optimistic,50,bramev,7,7,7,1,8,26,0.2582
optimistic,50,bramev,7,7,7,1,8,27,0.254847
optimistic,50,bramev,7,7,7,1,8,28,0.25183
optimistic,50,bramev,7,7,7,1,8,29,0.249114
optimistic,50,bramev,7,7,7,1,8,30,0.246649
optimistic,50,bramev,7,7,7,1,8,31,0.244449
optimistic,50,bramev,7,7,7,1,8,32,0.242469
optimistic,50,bramev,7,7,7,1,8,33,0.240687
optimistic,50,bramev,7,7,7,1,8,34,0.239084
optimistic,50,bramev,7,7,7,1,8,35,0.23764
optimistic,50,bramev,7,7,7,1,8,36,0.23633
optimistic,50,bramev,7,7,7,1,8,37,0.235161
optimistic,50,bramev,7,7,7,1,8,38,0.234109
optimistic,50,bramev,7,7,7,1,8,39,0.233162
optimistic,50,bramev,7,7,7,1,8,40,0.23231
optimistic,50,bramev,7,7,7,1,8,41,0.231543
optimistic,50,bramev,7,7,7,1,8,42,0.230853
optimistic,50,bramev,7,7,7,1,8,43,0.230231
optimistic,50,bramev,7,7,7,1,8,44,0.229672
optimistic,50,bramev,7,7,7,1,8,45,0.229785
optimistic,50,bramev,7,7,7,1,8,46,0.229332
optimistic,50,bramev,7,7,7,1,8,47,0.228921
optimistic,50,bramev,7,7,7,1,8,48,0.228554
optimistic,50,bramev,7,7,7,1,8,49,0.228221
optimistic,50,bramev,7,7,7,1,8,50,0.227924
optimistic,50,bramev,7,7,7,1,8,51,0.227657
optimistic,50,bramev,7,7,7,1,8,52,0.22771
optimistic,50,bramev,7,7,7,1,8,53,0.227494
optimistic,50,bramev,7,7,7,1,8,54,0.227299
optimistic,50,bramev,7,7,7,1,8,55,0.227123
optimistic,50,bramev,7,7,7,1,8,56,0.226965
optimistic,50,bramev,7,7,7,1,8,57,0.226822
optimistic,50,bramev,7,7,7,1,8,58,0.226693
optimistic,50,bramev,7,7,7,1,8,59,0.226719
optimistic,50,bramev,7,7,7,1,10,0,0.423335
optimistic,50,bramev,7,7,7,1,10,1,0.394505
optimistic,50,bramev,7,7,7,1,10,2,0.368949
optimistic,50,bramev,7,7,7,1,10,3,0.345949
optimistic,50,bramev,7,7,7,1,10,4,0.345949
optimistic,50,bramev,7,7,7,1,10,5,0.345949
optimistic,50,bramev,7,7,7,1,10,6,0.329182
optimistic,50,bramev,7,7,7,1,10,7,0.314092
optimistic,50,bramev,7,7,7,1,10,8,0.314092
optimistic,50,bramev,7,7,7,1,10,9,0.301869
optimistic,50,bramev,7,7,7,1,10,10,0.301869
optimistic,50,bramev,7,7,7,1,10,11,0.291816
optimistic,50,bramev,7,7,7,1,10,12,0.282905
optimistic,50,bramev,7,7,7,1,10,13,0.274763
optimistic,50,bramev,7,7,7,1,10,14,0.267435
optimistic,50,bramev,7,7,7,1,10,15,0.260939
optimistic,50,bramev,7,7,7,1,10,16,0.255092
optimistic,50,bramev,7,7,7,1,10,17,0.249831
optimistic,50,bramev,7,7,7,1,10,18,0.245095
optimistic,50,bramev,7,7,7,1,10,19,0.250369
optimistic,50,bramev,7,7,7,1,10,20,0.250369
optimistic,50,bramev,7,7,7,1,10,21,0.250369
optimistic,50,bramev,7,7,7,1,10,22,0.250369
optimistic,50,bramev,7,7,7,1,10,23,0.247572
optimistic,50,bramev,7,7,7,1,10,24,0.245056
optimistic,50,bramev,7,7,7,1,10,25,0.245056
optimistic,50,bramev,7,7,7,1,10,26,0.243017
optimistic,50,bramev,7,7,7,1,10,27,0.241183
optimistic,50,bramev,7,7,7,1,10,28,0.239531
optimistic,50,bramev,7,7,7,1,10,29,0.238045
optimistic,50,bramev,7,7,7,1,10,30,0.236687
optimistic,50,bramev,7,7,7,1,10,31,0.235484
optimistic,50,bramev,7,7,7,1,10,32,0.2344
optimistic,50,bramev,7,7,7,1,10,33,0.233425
optimistic,50,bramev,7,7,7,1,10,34,0.232548
optimistic,50,bramev,7,7,7,1,10,35,0.231758
optimistic,50,bramev,7,7,7,1,10,36,0.231037
optimistic,50,bramev,7,7,7,1,10,37,0.230397
optimistic,50,bramev,7,7,7,1,10,38,0.229821
optimistic,50,bramev,7,7,7,1,10,39,0.229303
optimistic,50,bramev,7,7,7,1,10,40,0.228837
optimistic,50,bramev,7,7,7,1,10,41,0.228417
optimistic,50,bramev,7,7,7,1,10,42,0.228039
optimistic,50,bramev,7,7,7,1,10,43,0.227699
optimistic,50,bramev,7,7,7,1,10,44,0.227393
optimistic,50,bramev,7,7,7,1,10,45,0.227734
optimistic,50,bramev,7,7,7,1,10,46,0.227486
optimistic,50,bramev,7,7,7,1,10,47,0.22726
optimistic,50,bramev,7,7,7,1,10,48,0.227059
optimistic,50,bramev,7,7,7,1,10,49,0.226875
optimistic,50,bramev,7,7,7,1,10,50,0.226713
optimistic,50,bramev,7,7,7,1,10,51,0.226567
optimistic,50,bramev,7,7,7,1,10,52,0.226729
optimistic,50,bramev,7,7,7,1,10,53,0.226611
optimistic,50,bramev,7,7,7,1,10,54,0.226504
optimistic,50,bramev,7,7,7,1,10,55,0.226408
optimistic,50,bramev,7,7,7,1,10,56,0.226322
optimistic,50,bramev,7,7,7,1,10,57,0.226243
optimistic,50,bramev,7,7,7,1,10,58,0.226172
optimistic,50,bramev,7,7,7,1,10,59,0.22625
optimistic,50,bramev,7,7,7,1,19,0,0.175403
optimistic,50,bramev,7,7,7,1,19,1,0.171367
optimistic,50,bramev,7,7,7,1,19,2,0.168125
optimistic,50,bramev,7,7,7,1,19,3,0.165207
optimistic,50,bramev,7,7,7,1,19,4,0.183281
optimistic,50,bramev,7,7,7,1,19,5,0.199548
optimistic,50,bramev,7,7,7,1,19,6,0.197421
optimistic,50,bramev,7,7,7,1,19,7,0.195507
optimistic,50,bramev,7,7,7,1,19,8,0.207365
optimistic,50,bramev,7,7,7,1,19,9,0.205815
optimistic,50,bramev,7,7,7,1,19,10,0.21542
optimistic,50,bramev,7,7,7,1,19,11,0.214013
optimistic,50,bramev,7,7,7,1,19,12,0.212882
optimistic,50,bramev,7,7,7,1,19,13,0.211742
optimistic,50,bramev,7,7,7,1,19,14,0.210716
optimistic,50,bramev,7,7,7,1,19,15,0.209892
optimistic,50,bramev,7,7,7,1,19,16,0.20915
optimistic,50,bramev,7,7,7,1,19,17,0.208483
optimistic,50,bramev,7,7,7,1,19,18,0.207882
optimistic,50,bramev,7,7,7,1,19,19,0.216877
optimistic,50,bramev,7,7,7,1,19,20,0.220226
optimistic,50,bramev,7,7,7,1,19,21,0.22324
optimistic,50,bramev,7,7,7,1,19,22,0.225953
optimistic,50,bramev,7,7,7,1,19,23,0.225598
optimistic,50,bramev,7,7,7,1,19,24,0.225279
optimistic,50,bramev,7,7,7,1,19,25,0.227257
optimistic,50,bramev,7,7,7,1,19,26,0.226998
optimistic,50,bramev,7,7,7,1,19,27,0.226765
optimistic,50,bramev,7,7,7,1,19,28,0.226556
optimistic,50,bramev,7,7,7,1,19,29,0.226368
optimistic,50,bramev,7,7,7,1,19,30,0.226177
optimistic,50,bramev,7,7,7,1,19,31,0.226025
optimistic,50,bramev,7,7,7,1,19,32,0.225887
optimistic,50,bramev,7,7,7,1,19,33,0.225764
optimistic,50,bramev,7,7,7,1,19,34,0.225652
optimistic,50,bramev,7,7,7,1,19,35,0.225552
optimistic,50,bramev,7,7,7,1,19,36,0.225451
optimistic,50,bramev,7,7,7,1,19,37,0.22537
optimistic,50,bramev,7,7,7,1,19,38,0.225297
optimistic,50,bramev,7,7,7,1,19,39,0.225231
optimistic,50,bramev,7,7,7,1,19,40,0.225172
optimistic,50,bramev,7,7,7,1,19,41,0.225119
optimistic,50,bramev,7,7,7,1,19,42,0.225071
optimistic,50,bramev,7,7,7,1,19,43,0.225028
optimistic,50,bramev,7,7,7,1,19,44,0.224989
optimistic,50,bramev,7,7,7,1,19,45,0.22557
optimistic,50,bramev,7,7,7,1,19,46,0.225539
optimistic,50,bramev,7,7,7,1,19,47,0.225507
optimistic,50,bramev,7,7,7,1,19,48,0.225481
optimistic,50,bramev,7,7,7,1,19,49,0.225456
optimistic,50,bramev,7,7,7,1,19,50,0.225435
optimistic,50,bramev,7,7,7,1,19,51,0.225417
optimistic,50,bramev,7,7,7,1,19,52,0.225694
optimistic,50,bramev,7,7,7,1,19,53,0.225679
optimistic,50,bramev,7,7,7,1,19,54,0.225666
optimistic,50,bramev,7,7,7,1,19,55,0.225654
optimistic,50,bramev,7,7,7,1,19,56,0.225643
optimistic,50,bramev,7,7,7,1,19,57,0.225632
optimistic,50,bramev,7,7,7,1,19,58,0.225622
optimistic,50,bramev,7,7,7,1,19,59,0.225755
optimistic,50,bramev,7,7,7,1,21,0,0.44805
optimistic,50,bramev,7,7,7,1,21,1,0.416749
optimistic,50,bramev,7,7,7,1,21,2,0.388969
optimistic,50,bramev,7,7,7,1,21,3,0.363967
optimistic,50,bramev,7,7,7,1,21,4,0.362165
optimistic,50,bramev,7,7,7,1,21,5,0.360543
optimistic,50,bramev,7,7,7,1,21,6,0.342317
optimistic,50,bramev,7,7,7,1,21,7,0.325913
optimistic,50,bramev,7,7,7,1,21,8,0.324731
optimistic,50,bramev,7,7,7,1,21,9,0.311444
optimistic,50,bramev,7,7,7,1,21,10,0.310486
optimistic,50,bramev,7,7,7,1,21,11,0.299572
optimistic,50,bramev,7,7,7,1,21,12,0.289886
optimistic,50,bramev,7,7,7,1,21,13,0.281045
optimistic,50,bramev,7,7,7,1,21,14,0.273089
optimistic,50,bramev,7,7,7,1,21,15,0.266027
optimistic,50,bramev,7,7,7,1,21,16,0.259672
optimistic,50,bramev,7,7,7,1,21,17,0.253953
optimistic,50,bramev,7,7,7,1,21,18,0.248805
optimistic,50,bramev,7,7,7,1,21,19,0.253707
optimistic,50,bramev,7,7,7,1,21,20,0.253374
optimistic,50,bramev,7,7,7,1,21,21,0.253073
optimistic,50,bramev,7,7,7,1,21,22,0.252803
optimistic,50,bramev,7,7,7,1,21,23,0.249763
optimistic,50,bramev,7,7,7,1,21,24,0.247027
optimistic,50,bramev,7,7,7,1,21,25,0.24683
optimistic,50,bramev,7,7,7,1,21,26,0.244614
optimistic,50,bramev,7,7,7,1,21,27,0.24262
optimistic,50,bramev,7,7,7,1,21,28,0.240825
optimistic,50,bramev,7,7,7,1,21,29,0.23921
optimistic,50,bramev,7,7,7,1,21,30,0.237735
optimistic,50,bramev,7,7,7,1,21,31,0.236427
optimistic,50,bramev,7,7,7,1,21,32,0.235249
optimistic,50,bramev,7,7,7,1,21,33,0.234189
optimistic,50,bramev,7,7,7,1,21,34,0.233235
optimistic,50,bramev,7,7,7,1,21,35,0.232377
optimistic,50,bramev,7,7,7,1,21,36,0.231593
optimistic,50,bramev,7,7,7,1,21,37,0.230898
optimistic,50,bramev,7,7,7,1,21,38,0.230272
optimistic,50,bramev,7,7,7,1,21,39,0.229709
optimistic,50,bramev,7,7,7,1,21,40,0.229202
optimistic,50,bramev,7,7,7,1,21,41,0.228746
optimistic,50,bramev,7,7,7,1,21,42,0.228335
optimistic,50,bramev,7,7,7,1,21,43,0.227965
optimistic,50,bramev,7,7,7,1,21,44,0.227633
optimistic,50,bramev,7,7,7,1,21,45,0.22795
optimistic,50,bramev,7,7,7,1,21,46,0.22768
optimistic,50,bramev,7,7,7,1,21,47,0.227434
optimistic,50,bramev,7,7,7,1,21,48,0.227216
optimistic,50,bramev,7,7,7,1,21,49,0.227017
optimistic,50,bramev,7,7,7,1,21,50,0.22684
optimistic,50,bramev,7,7,7,1,21,51,0.226681
optimistic,50,bramev,7,7,7,1,21,52,0.226833
optimistic,50,bramev,7,7,7,1,21,53,0.226704
optimistic,50,bramev,7,7,7,1,21,54,0.226588
optimistic,50,bramev,7,7,7,1,21,55,0.226483
optimistic,50,bramev,7,7,7,1,21,56,0.22639
optimistic,50,bramev,7,7,7,1,21,57,0.226304
optimistic,50,bramev,7,7,7,1,21,58,0.226227
optimistic,50,bramev,7,7,7,1,21,59,0.226299
optimistic,50,bramev,7,7,7,1,25,0,0.549416
optimistic,50,bramev,7,7,7,1,25,1,0.507978
optimistic,50,bramev,7,7,7,1,25,2,0.471075
optimistic,50,bramev,7,7,7,1,25,3,0.437862
optimistic,50,bramev,7,7,7,1,25,4,0.428671
optimistic,50,bramev,7,7,7,1,25,5,0.420399
optimistic,50,bramev,7,7,7,1,25,6,0.396187
optimistic,50,bramev,7,7,7,1,25,7,0.374396
optimistic,50,bramev,7,7,7,1,25,8,0.368365
optimistic,50,bramev,7,7,7,1,25,9,0.350715
optimistic,50,bramev,7,7,7,1,25,10,0.34583
optimistic,50,bramev,7,7,7,1,25,11,0.331382
optimistic,50,bramev,7,7,7,1,25,12,0.318514
optimistic,50,bramev,7,7,7,1,25,13,0.306811
optimistic,50,bramev,7,7,7,1,25,14,0.296278
optimistic,50,bramev,7,7,7,1,25,15,0.286898
optimistic,50,bramev,7,7,7,1,25,16,0.278455
optimistic,50,bramev,7,7,7,1,25,17,0.270857
optimistic,50,bramev,7,7,7,1,25,18,0.264019
optimistic,50,bramev,7,7,7,1,25,19,0.2674
optimistic,50,bramev,7,7,7,1,25,20,0.265697
optimistic,50,bramev,7,7,7,1,25,21,0.264164
optimistic,50,bramev,7,7,7,1,25,22,0.262785
optimistic,50,bramev,7,7,7,1,25,23,0.258747
optimistic,50,bramev,7,7,7,1,25,24,0.255113
optimistic,50,bramev,7,7,7,1,25,25,0.254107
optimistic,50,bramev,7,7,7,1,25,26,0.251163
optimistic,50,bramev,7,7,7,1,25,27,0.248514
optimistic,50,bramev,7,7,7,1,25,28,0.24613
optimistic,50,bramev,7,7,7,1,25,29,0.243984
optimistic,50,bramev,7,7,7,1,25,30,0.242032
optimistic,50,bramev,7,7,7,1,25,31,0.240294
optimistic,50,bramev,7,7,7,1,25,32,0.23873
optimistic,50,bramev,7,7,7,1,25,33,0.237322
optimistic,50,bramev,7,7,7,1,25,34,0.236055
optimistic,50,bramev,7,7,7,1,25,35,0.234914
optimistic,50,bramev,7,7,7,1,25,36,0.233877
optimistic,50,bramev,7,7,7,1,25,37,0.232953
optimistic,50,bramev,7,7,7,1,25,38,0.232122
optimistic,50,bramev,7,7,7,1,25,39,0.231374
optimistic,50,bramev,7,7,7,1,25,40,0.2307
optimistic,50,bramev,7,7,7,1,25,41,0.230094
optimistic,50,bramev,7,7,7,1,25,42,0.229549
optimistic,50,bramev,7,7,7,1,25,43,0.229058
optimistic,50,bramev,7,7,7,1,25,44,0.228616
optimistic,50,bramev,7,7,7,1,25,45,0.228834
optimistic,50,bramev,7,7,7,1,25,46,0.228476
optimistic,50,bramev,7,7,7,1,25,47,0.228151
optimistic,50,bramev,7,7,7,1,25,48,0.227861
optimistic,50,bramev,7,7,7,1,25,49,0.227597
optimistic,50,bramev,7,7,7,1,25,50,0.227363
optimistic,50,bramev,7,7,7,1,25,51,0.227151
optimistic,50,bramev,7,7,7,1,25,52,0.227256
optimistic,50,bramev,7,7,7,1,25,53,0.227085
optimistic,50,bramev,7,7,7,1,25,54,0.226931
optimistic,50,bramev,7,7,7,1,25,55,0.226792
optimistic,50,bramev,7,7,7,1,25,56,0.226667
optimistic,50,bramev,7,7,7,1,25,57,0.226554
optimistic,50,bramev,7,7,7,1,25,58,0.226452
optimistic,50,bramev,7,7,7,1,25,59,0.226501
optimistic,50,bramev,7,7,7,1,27,0,0.135035
optimistic,50,bramev,7,7,7,1,27,1,0.135035
optimistic,50,bramev,7,7,7,1,27,2,0.135426
optimistic,50,bramev,7,7,7,1,27,3,0.135778
optimistic,50,bramev,7,7,7,1,27,4,0.156795
optimistic,50,bramev,7,7,7,1,27,5,0.175711
optimistic,50,bramev,7,7,7,1,27,6,0.175967
optimistic,50,bramev,7,7,7,1,27,7,0.176198
optimistic,50,bramev,7,7,7,1,27,8,0.189988
optimistic,50,bramev,7,7,7,1,27,9,0.190175
optimistic,50,bramev,7,7,7,1,27,10,0.201344
optimistic,50,bramev,7,7,7,1,27,11,0.201344
optimistic,50,bramev,7,7,7,1,27,12,0.201481
optimistic,50,bramev,7,7,7,1,27,13,0.201481
optimistic,50,bramev,7,7,7,1,27,14,0.201481
optimistic,50,bramev,7,7,7,1,27,15,0.20158
optimistic,50,bramev,7,7,7,1,27,16,0.20167
optimistic,50,bramev,7,7,7,1,27,17,0.20175
optimistic,50,bramev,7,7,7,1,27,18,0.201823
optimistic,50,bramev,7,7,7,1,27,19,0.211424
optimistic,50,bramev,7,7,7,1,27,20,0.215318
optimistic,50,bramev,7,7,7,1,27,21,0.218823
optimistic,50,bramev,7,7,7,1,27,22,0.221978
optimistic,50,bramev,7,7,7,1,27,23,0.222021
optimistic,50,bramev,7,7,7,1,27,24,0.222059
optimistic,50,bramev,7,7,7,1,27,25,0.224359
optimistic,50,bramev,7,7,7,1,27,26,0.22439
optimistic,50,bramev,7,7,7,1,27,27,0.224418
optimistic,50,bramev,7,7,7,1,27,28,0.224443
optimistic,50,bramev,7,7,7,1,27,29,0.224466
optimistic,50,bramev,7,7,7,1,27,30,0.224466
optimistic,50,bramev,7,7,7,1,27,31,0.224485
optimistic,50,bramev,7,7,7,1,27,32,0.224501
optimistic,50,bramev,7,7,7,1,27,33,0.224516
optimistic,50,bramev,7,7,7,1,27,34,0.224529
optimistic,50,bramev,7,7,7,1,27,35,0.224542
optimistic,50,bramev,7,7,7,1,27,36,0.224542
optimistic,50,bramev,7,7,7,1,27,37,0.224551
optimistic,50,bramev,7,7,7,1,27,38,0.22456
optimistic,50,bramev,7,7,7,1,27,39,0.224568
optimistic,50,bramev,7,7,7,1,27,40,0.224575
optimistic,50,bramev,7,7,7,1,27,41,0.224582
optimistic,50,bramev,7,7,7,1,27,42,0.224587
optimistic,50,bramev,7,7,7,1,27,43,0.224593
optimistic,50,bramev,7,7,7,1,27,44,0.224597
optimistic,50,bramev,7,7,7,1,27,45,0.225218
optimistic,50,bramev,7,7,7,1,27,46,0.225221
optimistic,50,bramev,7,7,7,1,27,47,0.225221
optimistic,50,bramev,7,7,7,1,27,48,0.225225
optimistic,50,bramev,7,7,7,1,27,49,0.225225
optimistic,50,bramev,7,7,7,1,27,50,0.225227
optimistic,50,bramev,7,7,7,1,27,51,0.225229
optimistic,50,bramev,7,7,7,1,27,52,0.225526
optimistic,50,bramev,7,7,7,1,27,53,0.225528
optimistic,50,bramev,7,7,7,1,27,54,0.225529
optimistic,50,bramev,7,7,7,1,27,55,0.225531
optimistic,50,bramev,7,7,7,1,27,56,0.225532
optimistic,50,bramev,7,7,7,1,27,57,0.225532
optimistic,50,bramev,7,7,7,1,27,58,0.225532
optimistic,50,bramev,7,7,7,1,27,59,0.225674
optimistic,50,bramev,7,7,7,1,28,0,0.223569
optimistic,50,bramev,7,7,7,1,28,1,0.214715
optimistic,50,bramev,7,7,7,1,28,2,0.207138
optimistic,50,bramev,7,7,7,1,28,3,0.200319
optimistic,50,bramev,7,7,7,1,28,4,0.214882
optimistic,50,bramev,7,7,7,1,28,5,0.227989
optimistic,50,bramev,7,7,7,1,28,6,0.223018
optimistic,50,bramev,7,7,7,1,28,7,0.218544
optimistic,50,bramev,7,7,7,1,28,8,0.228099
optimistic,50,bramev,7,7,7,1,28,9,0.224475
optimistic,50,bramev,7,7,7,1,28,10,0.232214
optimistic,50,bramev,7,7,7,1,28,11,0.229127
optimistic,50,bramev,7,7,7,1,28,12,0.226485
optimistic,50,bramev,7,7,7,1,28,13,0.223985
optimistic,50,bramev,7,7,7,1,28,14,0.221735
optimistic,50,bramev,7,7,7,1,28,15,0.219809
optimistic,50,bramev,7,7,7,1,28,16,0.218075
optimistic,50,bramev,7,7,7,1,28,17,0.216515
optimistic,50,bramev,7,7,7,1,28,18,0.215111
optimistic,50,bramev,7,7,7,1,28,19,0.223383
optimistic,50,bramev,7,7,7,1,28,20,0.226082
optimistic,50,bramev,7,7,7,1,28,21,0.22851
optimistic,50,bramev,7,7,7,1,28,22,0.230696
optimistic,50,bramev,7,7,7,1,28,23,0.229867
optimistic,50,bramev,7,7,7,1,28,24,0.229121
optimistic,50,bramev,7,7,7,1,28,25,0.230715
optimistic,50,bramev,7,7,7,1,28,26,0.23011
optimistic,50,bramev,7,7,7,1,28,27,0.229566
optimistic,50,bramev,7,7,7,1,28,28,0.229077
optimistic,50,bramev,7,7,7,1,28,29,0.228636
optimistic,50,bramev,7,7,7,1,28,30,0.228219
optimistic,50,bramev,7,7,7,1,28,31,0.227862
optimistic,50,bramev,7,7,7,1,28,32,0.227541
optimistic,50,bramev,7,7,7,1,28,33,0.227252
optimistic,50,bramev,7,7,7,1,28,34,0.226992
optimistic,50,bramev,7,7,7,1,28,35,0.226758
optimistic,50,bramev,7,7,7,1,28,36,0.226536
optimistic,50,bramev,7,7,7,1,28,37,0.226346
optimistic,50,bramev,7,7,7,1,28,38,0.226176
optimistic,50,bramev,7,7,7,1,28,39,0.226022
optimistic,50,bramev,7,7,7,1,28,40,0.225884
optimistic,50,bramev,7,7,7,1,28,41,0.225759
optimistic,50,bramev,7,7,7,1,28,42,0.225647
optimistic,50,bramev,7,7,7,1,28,43,0.225547
optimistic,50,bramev,7,7,7,1,28,44,0.225456
optimistic,50,bramev,7,7,7,1,28,45,0.22599
optimistic,50,bramev,7,7,7,1,28,46,0.225917
optimistic,50,bramev,7,7,7,1,28,47,0.225847
optimistic,50,bramev,7,7,7,1,28,48,0.225788
optimistic,50,bramev,7,7,7,1,28,49,0.225732
optimistic,50,bramev,7,7,7,1,28,50,0.225683
optimistic,50,bramev,7,7,7,1,28,51,0.22564
optimistic,50,bramev,7,7,7,1,28,52,0.225896
optimistic,50,bramev,7,7,7,1,28,53,0.22586
optimistic,50,bramev,7,7,7,1,28,54,0.225829
optimistic,50,bramev,7,7,7,1,28,55,0.2258
optimistic,50,bramev,7,7,7,1,28,56,0.225775
optimistic,50,bramev,7,7,7,1,28,57,0.22575
optimistic,50,bramev,7,7,7,1,28,58,0.225729
optimistic,50,bramev,7,7,7,1,28,59,0.225851
optimistic,50,bramev,7,7,7,1,32,0,0.6018
optimistic,50,bramev,7,7,7,1,32,1,0.555123
optimistic,50,bramev,7,7,7,1,32,2,0.513506
optimistic,50,bramev,7,7,7,1,32,3,0.47605
optimistic,50,bramev,7,7,7,1,32,4,0.46304
optimistic,50,bramev,7,7,7,1,32,5,0.451331
optimistic,50,bramev,7,7,7,1,32,6,0.424025
optimistic,50,bramev,7,7,7,1,32,7,0.399451
optimistic,50,bramev,7,7,7,1,32,8,0.390915
optimistic,50,bramev,7,7,7,1,32,9,0.371009
optimistic,50,bramev,7,7,7,1,32,10,0.364095
optimistic,50,bramev,7,7,7,1,32,11,0.34782
optimistic,50,bramev,7,7,7,1,32,12,0.333309
optimistic,50,bramev,7,7,7,1,32,13,0.320126
optimistic,50,bramev,7,7,7,1,32,14,0.308262
optimistic,50,bramev,7,7,7,1,32,15,0.297683
optimistic,50,bramev,7,7,7,1,32,16,0.288162
optimistic,50,bramev,7,7,7,1,32,17,0.279594
optimistic,50,bramev,7,7,7,1,32,18,0.271882
optimistic,50,bramev,7,7,7,1,32,19,0.274477
optimistic,50,bramev,7,7,7,1,32,20,0.272066
optimistic,50,bramev,7,7,7,1,32,21,0.269896
optimistic,50,bramev,7,7,7,1,32,22,0.267943
optimistic,50,bramev,7,7,7,1,32,23,0.26339
optimistic,50,bramev,7,7,7,1,32,24,0.259291
optimistic,50,bramev,7,7,7,1,32,25,0.257868
optimistic,50,bramev,7,7,7,1,32,26,0.254548
optimistic,50,bramev,7,7,7,1,32,27,0.25156
optimistic,50,bramev,7,7,7,1,32,28,0.248871
optimistic,50,bramev,7,7,7,1,32,29,0.246451
optimistic,50,bramev,7,7,7,1,32,30,0.244253
optimistic,50,bramev,7,7,7,1,32,31,0.242293
optimistic,50,bramev,7,7,7,1,32,32,0.240528
optimistic,50,bramev,7,7,7,1,32,33,0.238941
optimistic,50,bramev,7,7,7,1,32,34,0.237512
optimistic,50,bramev,7,7,7,1,32,35,0.236225
optimistic,50,bramev,7,7,7,1,32,36,0.235057
optimistic,50,bramev,7,7,7,1,32,37,0.234015
optimistic,50,bramev,7,7,7,1,32,38,0.233078
optimistic,50,bramev,7,7,7,1,32,39,0.232234
optimistic,50,bramev,7,7,7,1,32,40,0.231474
optimistic,50,bramev,7,7,7,1,32,41,0.230791
optimistic,50,bramev,7,7,7,1,32,42,0.230176
optimistic,50,bramev,7,7,7,1,32,43,0.229622
optimistic,50,bramev,7,7,7,1,32,44,0.229124
optimistic,50,bramev,7,7,7,1,32,45,0.229292
optimistic,50,bramev,7,7,7,1,32,46,0.228888
optimistic,50,bramev,7,7,7,1,32,47,0.228521
optimistic,50,bramev,7,7,7,1,32,48,0.228194
optimistic,50,bramev,7,7,7,1,32,49,0.227897
optimistic,50,bramev,7,7,7,1,32,50,0.227633
optimistic,50,bramev,7,7,7,1,32,51,0.227394
optimistic,50,bramev,7,7,7,1,32,52,0.227474
optimistic,50,bramev,7,7,7,1,32,53,0.227281
optimistic,50,bramev,7,7,7,1,32,54,0.227108
optimistic,50,bramev,7,7,7,1,32,55,0.226951
optimistic,50,bramev,7,7,7,1,32,56,0.226811
optimistic,50,bramev,7,7,7,1,32,57,0.226683
optimistic,50,bramev,7,7,7,1,32,58,0.226568
optimistic,50,bramev,7,7,7,1,32,59,0.226606
optimistic,50,bramev,7,7,7,1,39,0,0.139383
optimistic,50,bramev,7,7,7,1,39,1,0.138948
optimistic,50,bramev,7,7,7,1,39,2,0.138948
optimistic,50,bramev,7,7,7,1,39,3,0.138948
optimistic,50,bramev,7,7,7,1,39,4,0.159648
optimistic,50,bramev,7,7,7,1,39,5,0.178278
optimistic,50,bramev,7,7,7,1,39,6,0.178278
optimistic,50,bramev,7,7,7,1,39,7,0.178278
optimistic,50,bramev,7,7,7,1,39,8,0.19186
optimistic,50,bramev,7,7,7,1,39,9,0.19186
optimistic,50,bramev,7,7,7,1,39,10,0.20286
optimistic,50,bramev,7,7,7,1,39,11,0.202709
optimistic,50,bramev,7,7,7,1,39,12,0.202709
optimistic,50,bramev,7,7,7,1,39,13,0.202586
optimistic,50,bramev,7,7,7,1,39,14,0.202476
optimistic,50,bramev,7,7,7,1,39,15,0.202476
optimistic,50,bramev,7,7,7,1,39,16,0.202476
optimistic,50,bramev,7,7,7,1,39,17,0.202476
optimistic,50,bramev,7,7,7,1,39,18,0.202476
optimistic,50,bramev,7,7,7,1,39,19,0.212011
optimistic,50,bramev,7,7,7,1,39,20,0.215847
optimistic,50,bramev,7,7,7,1,39,21,0.219299
optimistic,50,bramev,7,7,7,1,39,22,0.222406
optimistic,50,bramev,7,7,7,1,39,23,0.222406
optimistic,50,bramev,7,7,7,1,39,24,0.222406
optimistic,50,bramev,7,7,7,1,39,25,0.224671
optimistic,50,bramev,7,7,7,1,39,26,0.224671
optimistic,50,bramev,7,7,7,1,39,27,0.224671
optimistic,50,bramev,7,7,7,1,39,28,0.224671
optimistic,50,bramev,7,7,7,1,39,29,0.224671
optimistic,50,bramev,7,7,7,1,39,30,0.22465
optimistic,50,bramev,7,7,7,1,39,31,0.22465
optimistic,50,bramev,7,7,7,1,39,32,0.22465
optimistic,50,bramev,7,7,7,1,39,33,0.22465
optimistic,50,bramev,7,7,7,1,39,34,0.22465
optimistic,50,bramev,7,7,7,1,39,35,0.22465
optimistic,50,bramev,7,7,7,1,39,36,0.22464
optimistic,50,bramev,7,7,7,1,39,37,0.22464
optimistic,50,bramev,7,7,7,1,39,38,0.22464
optimistic,50,bramev,7,7,7,1,39,39,0.22464
optimistic,50,bramev,7,7,7,1,39,40,0.22464
optimistic,50,bramev,7,7,7,1,39,41,0.22464
optimistic,50,bramev,7,7,7,1,39,42,0.22464
optimistic,50,bramev,7,7,7,1,39,43,0.22464
optimistic,50,bramev,7,7,7,1,39,44,0.22464
optimistic,50,bramev,7,7,7,1,39,45,0.225256
optimistic,50,bramev,7,7,7,1,39,46,0.225256
optimistic,50,bramev,7,7,7,1,39,47,0.225252
optimistic,50,bramev,7,7,7,1,39,48,0.225252
optimistic,50,bramev,7,7,7,1,39,49,0.225249
optimistic,50,bramev,7,7,7,1,39,50,0.225249
optimistic,50,bramev,7,7,7,1,39,51,0.225249
optimistic,50,bramev,7,7,7,1,39,52,0.225544
optimistic,50,bramev,7,7,7,1,39,53,0.225544
optimistic,50,bramev,7,7,7,1,39,54,0.225544
optimistic,50,bramev,7,7,7,1,39,55,0.225544
optimistic,50,bramev,7,7,7,1,39,56,0.225544
optimistic,50,bramev,7,7,7,1,39,57,0.225543
optimistic,50,bramev,7,7,7,1,39,58,0.225542
optimistic,50,bramev,7,7,7,1,39,59,0.225683
optimistic,50,bramev,7,7,7,2,1,0,0.174181
optimistic,50,bramev,7,7,7,2,1,1,0.230191
optimistic,50,bramev,7,7,7,2,1,2,0.284599
optimistic,50,bramev,7,7,7,2,1,3,0.333567
optimistic,50,bramev,7,7,7,2,1,4,0.343496
optimistic,50,bramev,7,7,7,2,1,5,0.352432
optimistic,50,bramev,7,7,7,2,1,6,0.380137
optimistic,50,bramev,7,7,7,2,1,7,0.405071
optimistic,50,bramev,7,7,7,2,1,8,0.405071
optimistic,50,bramev,7,7,7,2,1,9,0.429348
optimistic,50,bramev,7,7,7,2,1,10,0.452769
optimistic,50,bramev,7,7,7,2,1,11,0.473848
optimistic,50,bramev,7,7,7,2,1,12,0.488571
optimistic,50,bramev,7,7,7,2,1,13,0.505645
optimistic,50,bramev,7,7,7,2,1,14,0.521011
optimistic,50,bramev,7,7,7,2,1,15,0.531745
optimistic,50,bramev,7,7,7,2,1,16,0.541405
optimistic,50,bramev,7,7,7,2,1,17,0.552607
optimistic,50,bramev,7,7,7,2,1,18,0.562689
optimistic,50,bramev,7,7,7,2,1,19,0.571763
optimistic,50,bramev,7,7,7,2,1,20,0.578101
optimistic,50,bramev,7,7,7,2,1,21,0.585451
optimistic,50,bramev,7,7,7,2,1,22,0.590584
optimistic,50,bramev,7,7,7,2,1,23,0.595205
optimistic,50,bramev,7,7,7,2,1,24,0.600563
optimistic,50,bramev,7,7,7,2,1,25,0.605385
optimistic,50,bramev,7,7,7,2,1,26,0.609433
optimistic,50,bramev,7,7,7,2,1,27,0.613339
optimistic,50,bramev,7,7,7,2,1,28,0.616855
optimistic,50,bramev,7,7,7,2,1,29,0.617568
optimistic,50,bramev,7,7,7,2,1,30,0.618645
optimistic,50,bramev,7,7,7,2,1,31,0.619222
optimistic,50,bramev,7,7,7,2,1,32,0.619742
optimistic,50,bramev,7,7,7,2,1,33,0.620209
optimistic,50,bramev,7,7,7,2,1,34,0.621952
optimistic,50,bramev,7,7,7,2,1,35,0.623634
optimistic,50,bramev,7,7,7,2,1,36,0.625147
optimistic,50,bramev,7,7,7,2,1,37,0.626509
optimistic,50,bramev,7,7,7,2,1,38,0.626785
optimistic,50,bramev,7,7,7,2,1,39,0.627641
optimistic,50,bramev,7,7,7,2,1,40,0.628412
optimistic,50,bramev,7,7,7,2,1,41,0.629105
optimistic,50,bramev,7,7,7,2,1,42,0.629729
optimistic,50,bramev,7,7,7,2,1,43,0.630453
optimistic,50,bramev,7,7,7,2,1,44,0.631105
optimistic,50,bramev,7,7,7,2,1,45,0.631691
optimistic,50,bramev,7,7,7,2,1,46,0.632218
optimistic,50,bramev,7,7,7,2,1,47,0.632693
optimistic,50,bramev,7,7,7,2,1,48,0.633121
optimistic,50,bramev,7,7,7,2,1,49,0.633266
optimistic,50,bramev,7,7,7,2,1,50,0.633397
optimistic,50,bramev,7,7,7,2,1,51,0.633467
optimistic,50,bramev,7,7,7,2,1,52,0.633685
optimistic,50,bramev,7,7,7,2,1,53,0.633881
optimistic,50,bramev,7,7,7,2,1,54,0.634057
optimistic,50,bramev,7,7,7,2,1,55,0.634262
optimistic,50,bramev,7,7,7,2,1,56,0.634446
optimistic,50,bramev,7,7,7,2,1,57,0.634574
optimistic,50,bramev,7,7,7,2,1,58,0.634723
optimistic,50,bramev,7,7,7,2,1,59,0.634857
optimistic,50,bramev,7,7,7,2,3,0,0.778718
optimistic,50,bramev,7,7,7,2,3,1,0.774275
optimistic,50,bramev,7,7,7,2,3,2,0.774275
optimistic,50,bramev,7,7,7,2,3,3,0.774275
optimistic,50,bramev,7,7,7,2,3,4,0.740133
optimistic,50,bramev,7,7,7,2,3,5,0.709405
optimistic,50,bramev,7,7,7,2,3,6,0.701413
optimistic,50,bramev,7,7,7,2,3,7,0.694219
optimistic,50,bramev,7,7,7,2,3,8,0.665304
optimistic,50,bramev,7,7,7,2,3,9,0.663558
optimistic,50,bramev,7,7,7,2,3,10,0.663558
optimistic,50,bramev,7,7,7,2,3,11,0.663558
optimistic,50,bramev,7,7,7,2,3,12,0.65931
optimistic,50,bramev,7,7,7,2,3,13,0.65931
optimistic,50,bramev,7,7,7,2,3,14,0.65931
optimistic,50,bramev,7,7,7,2,3,15,0.656214
optimistic,50,bramev,7,7,7,2,3,16,0.653427
optimistic,50,bramev,7,7,7,2,3,17,0.653427
optimistic,50,bramev,7,7,7,2,3,18,0.653427
optimistic,50,bramev,7,7,7,2,3,19,0.653427
optimistic,50,bramev,7,7,7,2,3,20,0.651598
optimistic,50,bramev,7,7,7,2,3,21,0.651598
optimistic,50,bramev,7,7,7,2,3,22,0.650117
optimistic,50,bramev,7,7,7,2,3,23,0.648784
optimistic,50,bramev,7,7,7,2,3,24,0.648784
optimistic,50,bramev,7,7,7,2,3,25,0.648784
optimistic,50,bramev,7,7,7,2,3,26,0.648493
optimistic,50,bramev,7,7,7,2,3,27,0.648493
optimistic,50,bramev,7,7,7,2,3,28,0.648493
optimistic,50,bramev,7,7,7,2,3,29,0.646042
optimistic,50,bramev,7,7,7,2,3,30,0.644272
optimistic,50,bramev,7,7,7,2,3,31,0.642287
optimistic,50,bramev,7,7,7,2,3,32,0.6405
optimistic,50,bramev,7,7,7,2,3,33,0.638892
optimistic,50,bramev,7,7,7,2,3,34,0.638766
optimistic,50,bramev,7,7,7,2,3,35,0.638766
optimistic,50,bramev,7,7,7,2,3,36,0.638766
optimistic,50,bramev,7,7,7,2,3,37,0.638766
optimistic,50,bramev,7,7,7,2,3,38,0.637817
optimistic,50,bramev,7,7,7,2,3,39,0.63757
optimistic,50,bramev,7,7,7,2,3,40,0.637347
optimistic,50,bramev,7,7,7,2,3,41,0.637147
optimistic,50,bramev,7,7,7,2,3,42,0.636967
optimistic,50,bramev,7,7,7,2,3,43,0.636967
optimistic,50,bramev,7,7,7,2,3,44,0.636967
optimistic,50,bramev,7,7,7,2,3,45,0.636967
optimistic,50,bramev,7,7,7,2,3,46,0.636967
optimistic,50,bramev,7,7,7,2,3,47,0.636967
optimistic,50,bramev,7,7,7,2,3,48,0.636967
optimistic,50,bramev,7,7,7,2,3,49,0.636728
optimistic,50,bramev,7,7,7,2,3,50,0.636513
optimistic,50,bramev,7,7,7,2,3,51,0.636272
optimistic,50,bramev,7,7,7,2,3,52,0.636209
optimistic,50,bramev,7,7,7,2,3,53,0.636152
optimistic,50,bramev,7,7,7,2,3,54,0.636101
optimistic,50,bramev,7,7,7,2,3,55,0.636101
optimistic,50,bramev,7,7,7,2,3,56,0.636101
optimistic,50,bramev,7,7,7,2,3,57,0.636064
optimistic,50,bramev,7,7,7,2,3,58,0.636064
optimistic,50,bramev,7,7,7,2,3,59,0.636064
optimistic,50,bramev,7,7,7,2,11,0,0.643363
optimistic,50,bramev,7,7,7,2,11,1,0.652454
optimistic,50,bramev,7,7,7,2,11,2,0.664636
optimistic,50,bramev,7,7,7,2,11,3,0.6756
optimistic,50,bramev,7,7,7,2,11,4,0.651326
optimistic,50,bramev,7,7,7,2,11,5,0.629479
optimistic,50,bramev,7,7,7,2,11,6,0.629479
optimistic,50,bramev,7,7,7,2,11,7,0.629479
optimistic,50,bramev,7,7,7,2,11,8,0.607038
optimistic,50,bramev,7,7,7,2,11,9,0.611118
optimistic,50,bramev,7,7,7,2,11,10,0.616362
optimistic,50,bramev,7,7,7,2,11,11,0.621082
optimistic,50,bramev,7,7,7,2,11,12,0.621082
optimistic,50,bramev,7,7,7,2,11,13,0.624905
optimistic,50,bramev,7,7,7,2,11,14,0.628345
optimistic,50,bramev,7,7,7,2,11,15,0.628345
optimistic,50,bramev,7,7,7,2,11,16,0.628345
optimistic,50,bramev,7,7,7,2,11,17,0.630853
optimistic,50,bramev,7,7,7,2,11,18,0.633111
optimistic,50,bramev,7,7,7,2,11,19,0.635142
optimistic,50,bramev,7,7,7,2,11,20,0.635142
optimistic,50,bramev,7,7,7,2,11,21,0.636788
optimistic,50,bramev,7,7,7,2,11,22,0.636788
optimistic,50,bramev,7,7,7,2,11,23,0.636788
optimistic,50,bramev,7,7,7,2,11,24,0.637988
optimistic,50,bramev,7,7,7,2,11,25,0.639067
optimistic,50,bramev,7,7,7,2,11,26,0.639748
optimistic,50,bramev,7,7,7,2,11,27,0.640622
optimistic,50,bramev,7,7,7,2,11,28,0.641409
optimistic,50,bramev,7,7,7,2,11,29,0.639667
optimistic,50,bramev,7,7,7,2,11,30,0.638534
optimistic,50,bramev,7,7,7,2,11,31,0.637122
optimistic,50,bramev,7,7,7,2,11,32,0.635852
optimistic,50,bramev,7,7,7,2,11,33,0.634709
optimistic,50,bramev,7,7,7,2,11,34,0.635002
optimistic,50,bramev,7,7,7,2,11,35,0.635378
optimistic,50,bramev,7,7,7,2,11,36,0.635717
optimistic,50,bramev,7,7,7,2,11,37,0.636022
optimistic,50,bramev,7,7,7,2,11,38,0.635347
optimistic,50,bramev,7,7,7,2,11,39,0.635347
optimistic,50,bramev,7,7,7,2,11,40,0.635347
optimistic,50,bramev,7,7,7,2,11,41,0.635347
optimistic,50,bramev,7,7,7,2,11,42,0.635347
optimistic,50,bramev,7,7,7,2,11,43,0.635509
optimistic,50,bramev,7,7,7,2,11,44,0.635655
optimistic,50,bramev,7,7,7,2,11,45,0.635786
optimistic,50,bramev,7,7,7,2,11,46,0.635904
optimistic,50,bramev,7,7,7,2,11,47,0.63601
optimistic,50,bramev,7,7,7,2,11,48,0.636106
optimistic,50,bramev,7,7,7,2,11,49,0.635953
optimistic,50,bramev,7,7,7,2,11,50,0.635815
optimistic,50,bramev,7,7,7,2,11,51,0.635644
optimistic,50,bramev,7,7,7,2,11,52,0.635644
optimistic,50,bramev,7,7,7,2,11,53,0.635644
optimistic,50,bramev,7,7,7,2,11,54,0.635644
optimistic,50,bramev,7,7,7,2,11,55,0.635689
optimistic,50,bramev,7,7,7,2,11,56,0.635731
optimistic,50,bramev,7,7,7,2,11,57,0.635731
optimistic,50,bramev,7,7,7,2,11,58,0.635764
optimistic,50,bramev,7,7,7,2,11,59,0.635794
optimistic,50,bramev,7,7,7,2,14,0,0.630345
optimistic,50,bramev,7,7,7,2,14,1,0.640738
optimistic,50,bramev,7,7,7,2,14,2,0.654092
optimistic,50,bramev,7,7,7,2,14,3,0.66611
optimistic,50,bramev,7,7,7,2,14,4,0.642785
optimistic,50,bramev,7,7,7,2,14,5,0.621792
optimistic,50,bramev,7,7,7,2,14,6,0.622561
optimistic,50,bramev,7,7,7,2,14,7,0.623252
optimistic,50,bramev,7,7,7,2,14,8,0.601434
optimistic,50,bramev,7,7,7,2,14,9,0.606075
optimistic,50,bramev,7,7,7,2,14,10,0.611823
optimistic,50,bramev,7,7,7,2,14,11,0.616997
optimistic,50,bramev,7,7,7,2,14,12,0.617405
optimistic,50,bramev,7,7,7,2,14,13,0.621596
optimistic,50,bramev,7,7,7,2,14,14,0.625367
optimistic,50,bramev,7,7,7,2,14,15,0.625665
optimistic,50,bramev,7,7,7,2,14,16,0.625933
optimistic,50,bramev,7,7,7,2,14,17,0.628682
optimistic,50,bramev,7,7,7,2,14,18,0.631157
optimistic,50,bramev,7,7,7,2,14,19,0.633384
optimistic,50,bramev,7,7,7,2,14,20,0.63356
optimistic,50,bramev,7,7,7,2,14,21,0.635363
optimistic,50,bramev,7,7,7,2,14,22,0.635506
optimistic,50,bramev,7,7,7,2,14,23,0.635634
optimistic,50,bramev,7,7,7,2,14,24,0.636949
optimistic,50,bramev,7,7,7,2,14,25,0.638133
optimistic,50,bramev,7,7,7,2,14,26,0.638907
optimistic,50,bramev,7,7,7,2,14,27,0.639865
optimistic,50,bramev,7,7,7,2,14,28,0.640728
optimistic,50,bramev,7,7,7,2,14,29,0.639054
optimistic,50,bramev,7,7,7,2,14,30,0.637982
optimistic,50,bramev,7,7,7,2,14,31,0.636626
optimistic,50,bramev,7,7,7,2,14,32,0.635405
optimistic,50,bramev,7,7,7,2,14,33,0.634306
optimistic,50,bramev,7,7,7,2,14,34,0.63464
optimistic,50,bramev,7,7,7,2,14,35,0.635052
optimistic,50,bramev,7,7,7,2,14,36,0.635424
optimistic,50,bramev,7,7,7,2,14,37,0.635758
optimistic,50,bramev,7,7,7,2,14,38,0.635109
optimistic,50,bramev,7,7,7,2,14,39,0.635133
optimistic,50,bramev,7,7,7,2,14,40,0.635154
optimistic,50,bramev,7,7,7,2,14,41,0.635173
optimistic,50,bramev,7,7,7,2,14,42,0.635191
optimistic,50,bramev,7,7,7,2,14,43,0.635368
optimistic,50,bramev,7,7,7,2,14,44,0.635528
optimistic,50,bramev,7,7,7,2,14,45,0.635672
optimistic,50,bramev,7,7,7,2,14,46,0.635802
optimistic,50,bramev,7,7,7,2,14,47,0.635918
optimistic,50,bramev,7,7,7,2,14,48,0.636023
optimistic,50,bramev,7,7,7,2,14,49,0.635878
optimistic,50,bramev,7,7,7,2,14,50,0.635748
optimistic,50,bramev,7,7,7,2,14,51,0.635583
optimistic,50,bramev,7,7,7,2,14,52,0.635589
optimistic,50,bramev,7,7,7,2,14,53,0.635595
optimistic,50,bramev,7,7,7,2,14,54,0.6356
optimistic,50,bramev,7,7,7,2,14,55,0.63565
optimistic,50,bramev,7,7,7,2,14,56,0.635695
optimistic,50,bramev,7,7,7,2,14,57,0.635699
optimistic,50,bramev,7,7,7,2,14,58,0.635735
optimistic,50,bramev,7,7,7,2,14,59,0.635768
optimistic,50,bramev,7,7,7,2,15,0,0.253142
optimistic,50,bramev,7,7,7,2,15,1,0.301256
optimistic,50,bramev,7,7,7,2,15,2,0.348558
optimistic,50,bramev,7,7,7,2,15,3,0.391129
optimistic,50,bramev,7,7,7,2,15,4,0.395302
optimistic,50,bramev,7,7,7,2,15,5,0.399058
optimistic,50,bramev,7,7,7,2,15,6,0.4221
optimistic,50,bramev,7,7,7,2,15,7,0.442838
optimistic,50,bramev,7,7,7,2,15,8,0.439061
optimistic,50,bramev,7,7,7,2,15,9,0.459939
optimistic,50,bramev,7,7,7,2,15,10,0.480301
optimistic,50,bramev,7,7,7,2,15,11,0.498626
optimistic,50,bramev,7,7,7,2,15,12,0.510872
optimistic,50,bramev,7,7,7,2,15,13,0.525716
optimistic,50,bramev,7,7,7,2,15,14,0.539075
optimistic,50,bramev,7,7,7,2,15,15,0.548002
optimistic,50,bramev,7,7,7,2,15,16,0.556036
optimistic,50,bramev,7,7,7,2,15,17,0.565776
optimistic,50,bramev,7,7,7,2,15,18,0.574541
optimistic,50,bramev,7,7,7,2,15,19,0.582429
optimistic,50,bramev,7,7,7,2,15,20,0.587701
optimistic,50,bramev,7,7,7,2,15,21,0.59409
optimistic,50,bramev,7,7,7,2,15,22,0.59836
optimistic,50,bramev,7,7,7,2,15,23,0.602203
optimistic,50,bramev,7,7,7,2,15,24,0.606861
optimistic,50,bramev,7,7,7,2,15,25,0.611053
optimistic,50,bramev,7,7,7,2,15,26,0.614535
optimistic,50,bramev,7,7,7,2,15,27,0.617931
optimistic,50,bramev,7,7,7,2,15,28,0.620987
optimistic,50,bramev,7,7,7,2,15,29,0.621287
optimistic,50,bramev,7,7,7,2,15,30,0.621992
optimistic,50,bramev,7,7,7,2,15,31,0.622235
optimistic,50,bramev,7,7,7,2,15,32,0.622453
optimistic,50,bramev,7,7,7,2,15,33,0.62265
optimistic,50,bramev,7,7,7,2,15,34,0.624148
optimistic,50,bramev,7,7,7,2,15,35,0.62561
optimistic,50,bramev,7,7,7,2,15,36,0.626926
optimistic,50,bramev,7,7,7,2,15,37,0.62811
optimistic,50,bramev,7,7,7,2,15,38,0.628226
optimistic,50,bramev,7,7,7,2,15,39,0.628938
optimistic,50,bramev,7,7,7,2,15,40,0.629579
optimistic,50,bramev,7,7,7,2,15,41,0.630156
optimistic,50,bramev,7,7,7,2,15,42,0.630675
optimistic,50,bramev,7,7,7,2,15,43,0.631304
optimistic,50,bramev,7,7,7,2,15,44,0.63187
optimistic,50,bramev,7,7,7,2,15,45,0.63238
optimistic,50,bramev,7,7,7,2,15,46,0.632839
optimistic,50,bramev,7,7,7,2,15,47,0.633252
optimistic,50,bramev,7,7,7,2,15,48,0.633623
optimistic,50,bramev,7,7,7,2,15,49,0.633718
optimistic,50,bramev,7,7,7,2,15,50,0.633804
optimistic,50,bramev,7,7,7,2,15,51,0.633834
optimistic,50,bramev,7,7,7,2,15,52,0.634015
optimistic,50,bramev,7,7,7,2,15,53,0.634178
optimistic,50,bramev,7,7,7,2,15,54,0.634324
optimistic,50,bramev,7,7,7,2,15,55,0.634502
optimistic,50,bramev,7,7,7,2,15,56,0.634662
optimistic,50,bramev,7,7,7,2,15,57,0.634769
optimistic,50,bramev,7,7,7,2,15,58,0.634898
optimistic,50,bramev,7,7,7,2,15,59,0.635015
optimistic,50,bramev,7,7,7,2,18,0,0.73428
optimistic,50,bramev,7,7,7,2,18,1,0.73428
optimistic,50,bramev,7,7,7,2,18,2,0.738279
optimistic,50,bramev,7,7,7,2,18,3,0.741879
optimistic,50,bramev,7,7,7,2,18,4,0.710976
optimistic,50,bramev,7,7,7,2,18,5,0.683165
optimistic,50,bramev,7,7,7,2,18,6,0.677796
optimistic,50,bramev,7,7,7,2,18,7,0.672964
optimistic,50,bramev,7,7,7,2,18,8,0.646175
optimistic,50,bramev,7,7,7,2,18,9,0.646341
optimistic,50,bramev,7,7,7,2,18,10,0.648063
optimistic,50,bramev,7,7,7,2,18,11,0.649612
optimistic,50,bramev,7,7,7,2,18,12,0.646759
optimistic,50,bramev,7,7,7,2,18,13,0.648014
optimistic,50,bramev,7,7,7,2,18,14,0.649144
optimistic,50,bramev,7,7,7,2,18,15,0.647064
optimistic,50,bramev,7,7,7,2,18,16,0.645192
optimistic,50,bramev,7,7,7,2,18,17,0.646016
optimistic,50,bramev,7,7,7,2,18,18,0.646757
optimistic,50,bramev,7,7,7,2,18,19,0.647424
optimistic,50,bramev,7,7,7,2,18,20,0.646196
optimistic,50,bramev,7,7,7,2,18,21,0.646736
optimistic,50,bramev,7,7,7,2,18,22,0.645741
optimistic,50,bramev,7,7,7,2,18,23,0.644846
optimistic,50,bramev,7,7,7,2,18,24,0.64524
optimistic,50,bramev,7,7,7,2,18,25,0.645594
optimistic,50,bramev,7,7,7,2,18,26,0.645622
optimistic,50,bramev,7,7,7,2,18,27,0.645909
optimistic,50,bramev,7,7,7,2,18,28,0.646167
optimistic,50,bramev,7,7,7,2,18,29,0.643949
optimistic,50,bramev,7,7,7,2,18,30,0.642388
optimistic,50,bramev,7,7,7,2,18,31,0.640591
optimistic,50,bramev,7,7,7,2,18,32,0.638974
optimistic,50,bramev,7,7,7,2,18,33,0.637518
optimistic,50,bramev,7,7,7,2,18,34,0.63753
optimistic,50,bramev,7,7,7,2,18,35,0.637654
optimistic,50,bramev,7,7,7,2,18,36,0.637765
optimistic,50,bramev,7,7,7,2,18,37,0.637865
optimistic,50,bramev,7,7,7,2,18,38,0.637006
optimistic,50,bramev,7,7,7,2,18,39,0.63684
optimistic,50,bramev,7,7,7,2,18,40,0.636691
optimistic,50,bramev,7,7,7,2,18,41,0.636556
optimistic,50,bramev,7,7,7,2,18,42,0.636435
optimistic,50,bramev,7,7,7,2,18,43,0.636488
optimistic,50,bramev,7,7,7,2,18,44,0.636536
optimistic,50,bramev,7,7,7,2,18,45,0.636579
optimistic,50,bramev,7,7,7,2,18,46,0.636618
optimistic,50,bramev,7,7,7,2,18,47,0.636653
optimistic,50,bramev,7,7,7,2,18,48,0.636684
optimistic,50,bramev,7,7,7,2,18,49,0.636474
optimistic,50,bramev,7,7,7,2,18,50,0.636284
optimistic,50,bramev,7,7,7,2,18,51,0.636065
optimistic,50,bramev,7,7,7,2,18,52,0.636023
optimistic,50,bramev,7,7,7,2,18,53,0.635985
optimistic,50,bramev,7,7,7,2,18,54,0.635951
optimistic,50,bramev,7,7,7,2,18,55,0.635966
optimistic,50,bramev,7,7,7,2,18,56,0.63598
optimistic,50,bramev,7,7,7,2,18,57,0.635955
optimistic,50,bramev,7,7,7,2,18,58,0.635966
optimistic,50,bramev,7,7,7,2,18,59,0.635976
optimistic,50,bramev,7,7,7,2,20,0,0.310382
optimistic,50,bramev,7,7,7,2,20,1,0.352772
optimistic,50,bramev,7,7,7,2,20,2,0.394922
optimistic,50,bramev,7,7,7,2,20,3,0.432857
optimistic,50,bramev,7,7,7,2,20,4,0.432857
optimistic,50,bramev,7,7,7,2,20,5,0.432857
optimistic,50,bramev,7,7,7,2,20,6,0.452519
optimistic,50,bramev,7,7,7,2,20,7,0.470215
optimistic,50,bramev,7,7,7,2,20,8,0.463701
optimistic,50,bramev,7,7,7,2,20,9,0.482115
optimistic,50,bramev,7,7,7,2,20,10,0.500259
optimistic,50,bramev,7,7,7,2,20,11,0.516589
optimistic,50,bramev,7,7,7,2,20,12,0.527038
optimistic,50,bramev,7,7,7,2,20,13,0.540265
optimistic,50,bramev,7,7,7,2,20,14,0.55217
optimistic,50,bramev,7,7,7,2,20,15,0.559787
optimistic,50,bramev,7,7,7,2,20,16,0.566643
optimistic,50,bramev,7,7,7,2,20,17,0.575322
optimistic,50,bramev,7,7,7,2,20,18,0.583132
optimistic,50,bramev,7,7,7,2,20,19,0.590162
optimistic,50,bramev,7,7,7,2,20,20,0.59466
optimistic,50,bramev,7,7,7,2,20,21,0.600353
optimistic,50,bramev,7,7,7,2,20,22,0.603997
optimistic,50,bramev,7,7,7,2,20,23,0.607276
optimistic,50,bramev,7,7,7,2,20,24,0.611427
optimistic,50,bramev,7,7,7,2,20,25,0.615163
optimistic,50,bramev,7,7,7,2,20,26,0.618234
optimistic,50,bramev,7,7,7,2,20,27,0.621259
optimistic,50,bramev,7,7,7,2,20,28,0.623983
optimistic,50,bramev,7,7,7,2,20,29,0.623983
optimistic,50,bramev,7,7,7,2,20,30,0.624419
optimistic,50,bramev,7,7,7,2,20,31,0.624419
optimistic,50,bramev,7,7,7,2,20,32,0.624419
optimistic,50,bramev,7,7,7,2,20,33,0.624419
optimistic,50,bramev,7,7,7,2,20,34,0.62574
optimistic,50,bramev,7,7,7,2,20,35,0.627043
optimistic,50,bramev,7,7,7,2,20,36,0.628215
optimistic,50,bramev,7,7,7,2,20,37,0.62927
optimistic,50,bramev,7,7,7,2,20,38,0.62927
optimistic,50,bramev,7,7,7,2,20,39,0.629878
optimistic,50,bramev,7,7,7,2,20,40,0.630425
optimistic,50,bramev,7,7,7,2,20,41,0.630917
optimistic,50,bramev,7,7,7,2,20,42,0.63136
optimistic,50,bramev,7,7,7,2,20,43,0.631921
optimistic,50,bramev,7,7,7,2,20,44,0.632425
optimistic,50,bramev,7,7,7,2,20,45,0.63288
optimistic,50,bramev,7,7,7,2,20,46,0.633288
optimistic,50,bramev,7,7,7,2,20,47,0.633656
optimistic,50,bramev,7,7,7,2,20,48,0.633987
optimistic,50,bramev,7,7,7,2,20,49,0.634046
optimistic,50,bramev,7,7,7,2,20,50,0.634099
optimistic,50,bramev,7,7,7,2,20,51,0.634099
optimistic,50,bramev,7,7,7,2,20,52,0.634254
optimistic,50,bramev,7,7,7,2,20,53,0.634393
optimistic,50,bramev,7,7,7,2,20,54,0.634518
optimistic,50,bramev,7,7,7,2,20,55,0.634676
optimistic,50,bramev,7,7,7,2,20,56,0.634819
optimistic,50,bramev,7,7,7,2,20,57,0.63491
optimistic,50,bramev,7,7,7,2,20,58,0.635025
optimistic,50,bramev,7,7,7,2,20,59,0.635129
optimistic,50,bramev,7,7,7,2,23,0,0.607472
optimistic,50,bramev,7,7,7,2,23,1,0.620153
optimistic,50,bramev,7,7,7,2,23,2,0.635565
optimistic,50,bramev,7,7,7,2,23,3,0.649436
optimistic,50,bramev,7,7,7,2,23,4,0.627778
optimistic,50,bramev,7,7,7,2,23,5,0.608286
optimistic,50,bramev,7,7,7,2,23,6,0.610405
optimistic,50,bramev,7,7,7,2,23,7,0.612313
optimistic,50,bramev,7,7,7,2,23,8,0.591588
optimistic,50,bramev,7,7,7,2,23,9,0.597213
optimistic,50,bramev,7,7,7,2,23,10,0.603848
optimistic,50,bramev,7,7,7,2,23,11,0.609819
optimistic,50,bramev,7,7,7,2,23,12,0.610945
optimistic,50,bramev,7,7,7,2,23,13,0.615782
optimistic,50,bramev,7,7,7,2,23,14,0.620135
optimistic,50,bramev,7,7,7,2,23,15,0.620956
optimistic,50,bramev,7,7,7,2,23,16,0.621695
optimistic,50,bramev,7,7,7,2,23,17,0.624868
optimistic,50,bramev,7,7,7,2,23,18,0.627724
optimistic,50,bramev,7,7,7,2,23,19,0.630294
optimistic,50,bramev,7,7,7,2,23,20,0.630779
optimistic,50,bramev,7,7,7,2,23,21,0.632861
optimistic,50,bramev,7,7,7,2,23,22,0.633254
optimistic,50,bramev,7,7,7,2,23,23,0.633607
optimistic,50,bramev,7,7,7,2,23,24,0.635125
optimistic,50,bramev,7,7,7,2,23,25,0.636491
optimistic,50,bramev,7,7,7,2,23,26,0.637429
optimistic,50,bramev,7,7,7,2,23,27,0.638535
optimistic,50,bramev,7,7,7,2,23,28,0.639531
optimistic,50,bramev,7,7,7,2,23,29,0.637976
optimistic,50,bramev,7,7,7,2,23,30,0.637013
optimistic,50,bramev,7,7,7,2,23,31,0.635753
optimistic,50,bramev,7,7,7,2,23,32,0.63462
optimistic,50,bramev,7,7,7,2,23,33,0.6336
optimistic,50,bramev,7,7,7,2,23,34,0.634003
optimistic,50,bramev,7,7,7,2,23,35,0.63448
optimistic,50,bramev,7,7,7,2,23,36,0.634908
optimistic,50,bramev,7,7,7,2,23,37,0.635294
optimistic,50,bramev,7,7,7,2,23,38,0.634692
optimistic,50,bramev,7,7,7,2,23,39,0.634757
optimistic,50,bramev,7,7,7,2,23,40,0.634816
optimistic,50,bramev,7,7,7,2,23,41,0.634869
optimistic,50,bramev,7,7,7,2,23,42,0.634917
optimistic,50,bramev,7,7,7,2,23,43,0.635122
optimistic,50,bramev,7,7,7,2,23,44,0.635307
optimistic,50,bramev,7,7,7,2,23,45,0.635473
optimistic,50,bramev,7,7,7,2,23,46,0.635622
optimistic,50,bramev,7,7,7,2,23,47,0.635757
optimistic,50,bramev,7,7,7,2,23,48,0.635878
optimistic,50,bramev,7,7,7,2,23,49,0.635747
optimistic,50,bramev,7,7,7,2,23,50,0.63563
optimistic,50,bramev,7,7,7,2,23,51,0.635477
optimistic,50,bramev,7,7,7,2,23,52,0.635494
optimistic,50,bramev,7,7,7,2,23,53,0.635509
optimistic,50,bramev,7,7,7,2,23,54,0.635522
optimistic,50,bramev,7,7,7,2,23,55,0.63558
optimistic,50,bramev,7,7,7,2,23,56,0.635632
optimistic,50,bramev,7,7,7,2,23,57,0.635642
optimistic,50,bramev,7,7,7,2,23,58,0.635684
optimistic,50,bramev,7,7,7,2,23,59,0.635722
optimistic,50,bramev,7,7,7,2,29,0,0.402882
optimistic,50,bramev,7,7,7,2,29,1,0.436022
optimistic,50,bramev,7,7,7,2,29,2,0.469847
optimistic,50,bramev,7,7,7,2,29,3,0.50029
optimistic,50,bramev,7,7,7,2,29,4,0.493547
optimistic,50,bramev,7,7,7,2,29,5,0.487478
optimistic,50,bramev,7,7,7,2,29,6,0.501678
optimistic,50,bramev,7,7,7,2,29,7,0.514458
optimistic,50,bramev,7,7,7,2,29,8,0.503519
optimistic,50,bramev,7,7,7,2,29,9,0.517951
optimistic,50,bramev,7,7,7,2,29,10,0.532512
optimistic,50,bramev,7,7,7,2,29,11,0.545616
optimistic,50,bramev,7,7,7,2,29,12,0.553163
optimistic,50,bramev,7,7,7,2,29,13,0.563778
optimistic,50,bramev,7,7,7,2,29,14,0.573331
optimistic,50,bramev,7,7,7,2,29,15,0.578832
optimistic,50,bramev,7,7,7,2,29,16,0.583784
optimistic,50,bramev,7,7,7,2,29,17,0.590748
optimistic,50,bramev,7,7,7,2,29,18,0.597016
optimistic,50,bramev,7,7,7,2,29,19,0.602657
optimistic,50,bramev,7,7,7,2,29,20,0.605905
optimistic,50,bramev,7,7,7,2,29,21,0.610475
optimistic,50,bramev,7,7,7,2,29,22,0.613106
optimistic,50,bramev,7,7,7,2,29,23,0.615474
optimistic,50,bramev,7,7,7,2,29,24,0.618805
optimistic,50,bramev,7,7,7,2,29,25,0.621803
optimistic,50,bramev,7,7,7,2,29,26,0.62421
optimistic,50,bramev,7,7,7,2,29,27,0.626638
optimistic,50,bramev,7,7,7,2,29,28,0.628824
optimistic,50,bramev,7,7,7,2,29,29,0.62834
optimistic,50,bramev,7,7,7,2,29,30,0.62834
optimistic,50,bramev,7,7,7,2,29,31,0.627948
optimistic,50,bramev,7,7,7,2,29,32,0.627595
optimistic,50,bramev,7,7,7,2,29,33,0.627277
optimistic,50,bramev,7,7,7,2,29,34,0.628313
optimistic,50,bramev,7,7,7,2,29,35,0.629358
optimistic,50,bramev,7,7,7,2,29,36,0.630299
optimistic,50,bramev,7,7,7,2,29,37,0.631146
optimistic,50,bramev,7,7,7,2,29,38,0.630958
optimistic,50,bramev,7,7,7,2,29,39,0.631397
optimistic,50,bramev,7,7,7,2,29,40,0.631792
optimistic,50,bramev,7,7,7,2,29,41,0.632148
optimistic,50,bramev,7,7,7,2,29,42,0.632468
optimistic,50,bramev,7,7,7,2,29,43,0.632917
optimistic,50,bramev,7,7,7,2,29,44,0.633322
optimistic,50,bramev,7,7,7,2,29,45,0.633687
optimistic,50,bramev,7,7,7,2,29,46,0.634015
optimistic,50,bramev,7,7,7,2,29,47,0.63431
optimistic,50,bramev,7,7,7,2,29,48,0.634576
optimistic,50,bramev,7,7,7,2,29,49,0.634576
optimistic,50,bramev,7,7,7,2,29,50,0.634576
optimistic,50,bramev,7,7,7,2,29,51,0.634528
optimistic,50,bramev,7,7,7,2,29,52,0.63464
optimistic,50,bramev,7,7,7,2,29,53,0.63474
optimistic,50,bramev,7,7,7,2,29,54,0.634831
optimistic,50,bramev,7,7,7,2,29,55,0.634958
optimistic,50,bramev,7,7,7,2,29,56,0.635072
optimistic,50,bramev,7,7,7,2,29,57,0.635138
optimistic,50,bramev,7,7,7,2,29,58,0.63523
optimistic,50,bramev,7,7,7,2,29,59,0.635314
optimistic,50,bramev,7,7,7,2,31,0,0.36066
optimistic,50,bramev,7,7,7,2,31,1,0.398022
optimistic,50,bramev,7,7,7,2,31,2,0.435647
optimistic,50,bramev,7,7,7,2,31,3,0.46951
optimistic,50,bramev,7,7,7,2,31,4,0.465844
optimistic,50,bramev,7,7,7,2,31,5,0.462546
optimistic,50,bramev,7,7,7,2,31,6,0.479239
optimistic,50,bramev,7,7,7,2,31,7,0.494263
optimistic,50,bramev,7,7,7,2,31,8,0.485344
optimistic,50,bramev,7,7,7,2,31,9,0.501593
optimistic,50,bramev,7,7,7,2,31,10,0.51779
optimistic,50,bramev,7,7,7,2,31,11,0.532367
optimistic,50,bramev,7,7,7,2,31,12,0.541238
optimistic,50,bramev,7,7,7,2,31,13,0.553045
optimistic,50,bramev,7,7,7,2,31,14,0.563672
optimistic,50,bramev,7,7,7,2,31,15,0.570139
optimistic,50,bramev,7,7,7,2,31,16,0.57596
optimistic,50,bramev,7,7,7,2,31,17,0.583706
optimistic,50,bramev,7,7,7,2,31,18,0.590678
optimistic,50,bramev,7,7,7,2,31,19,0.596953
optimistic,50,bramev,7,7,7,2,31,20,0.600772
optimistic,50,bramev,7,7,7,2,31,21,0.605855
optimistic,50,bramev,7,7,7,2,31,22,0.608948
optimistic,50,bramev,7,7,7,2,31,23,0.611732
optimistic,50,bramev,7,7,7,2,31,24,0.615437
optimistic,50,bramev,7,7,7,2,31,25,0.618772
optimistic,50,bramev,7,7,7,2,31,26,0.621482
optimistic,50,bramev,7,7,7,2,31,27,0.624183
optimistic,50,bramev,7,7,7,2,31,28,0.626614
optimistic,50,bramev,7,7,7,2,31,29,0.626351
optimistic,50,bramev,7,7,7,2,31,30,0.62655
optimistic,50,bramev,7,7,7,2,31,31,0.626337
optimistic,50,bramev,7,7,7,2,31,32,0.626145
optimistic,50,bramev,7,7,7,2,31,33,0.625972
optimistic,50,bramev,7,7,7,2,31,34,0.627139
optimistic,50,bramev,7,7,7,2,31,35,0.628302
optimistic,50,bramev,7,7,7,2,31,36,0.629348
optimistic,50,bramev,7,7,7,2,31,37,0.63029
optimistic,50,bramev,7,7,7,2,31,38,0.630188
optimistic,50,bramev,7,7,7,2,31,39,0.630704
optimistic,50,bramev,7,7,7,2,31,40,0.631168
optimistic,50,bramev,7,7,7,2,31,41,0.631586
optimistic,50,bramev,7,7,7,2,31,42,0.631962
optimistic,50,bramev,7,7,7,2,31,43,0.632463
optimistic,50,bramev,7,7,7,2,31,44,0.632913
optimistic,50,bramev,7,7,7,2,31,45,0.633318
optimistic,50,bramev,7,7,7,2,31,46,0.633683
optimistic,50,bramev,7,7,7,2,31,47,0.634012
optimistic,50,bramev,7,7,7,2,31,48,0.634307
optimistic,50,bramev,7,7,7,2,31,49,0.634334
optimistic,50,bramev,7,7,7,2,31,50,0.634358
optimistic,50,bramev,7,7,7,2,31,51,0.634332
optimistic,50,bramev,7,7,7,2,31,52,0.634464
optimistic,50,bramev,7,7,7,2,31,53,0.634582
optimistic,50,bramev,7,7,7,2,31,54,0.634688
optimistic,50,bramev,7,7,7,2,31,55,0.634829
optimistic,50,bramev,7,7,7,2,31,56,0.634956
optimistic,50,bramev,7,7,7,2,31,57,0.635034
optimistic,50,bramev,7,7,7,2,31,58,0.635137
optimistic,50,bramev,7,7,7,2,31,59,0.63523
optimistic,50,bramev,7,7,7,2,37,0,0.738145
optimistic,50,bramev,7,7,7,2,37,1,0.737759
optimistic,50,bramev,7,7,7,2,37,2,0.74141
optimistic,50,bramev,7,7,7,2,37,3,0.744697
optimistic,50,bramev,7,7,7,2,37,4,0.713513
optimistic,50,bramev,7,7,7,2,37,5,0.685447
optimistic,50,bramev,7,7,7,2,37,6,0.67985
optimistic,50,bramev,7,7,7,2,37,7,0.674813
optimistic,50,bramev,7,7,7,2,37,8,0.647839
optimistic,50,bramev,7,7,7,2,37,9,0.647839
optimistic,50,bramev,7,7,7,2,37,10,0.649411
optimistic,50,bramev,7,7,7,2,37,11,0.650826
optimistic,50,bramev,7,7,7,2,37,12,0.647851
optimistic,50,bramev,7,7,7,2,37,13,0.648997
optimistic,50,bramev,7,7,7,2,37,14,0.650028
optimistic,50,bramev,7,7,7,2,37,15,0.64786
optimistic,50,bramev,7,7,7,2,37,16,0.645909
optimistic,50,bramev,7,7,7,2,37,17,0.64666
optimistic,50,bramev,7,7,7,2,37,18,0.647337
optimistic,50,bramev,7,7,7,2,37,19,0.647946
optimistic,50,bramev,7,7,7,2,37,20,0.646666
optimistic,50,bramev,7,7,7,2,37,21,0.647159
optimistic,50,bramev,7,7,7,2,37,22,0.646122
optimistic,50,bramev,7,7,7,2,37,23,0.645188
optimistic,50,bramev,7,7,7,2,37,24,0.645548
optimistic,50,bramev,7,7,7,2,37,25,0.645872
optimistic,50,bramev,7,7,7,2,37,26,0.645872
optimistic,50,bramev,7,7,7,2,37,27,0.646134
optimistic,50,bramev,7,7,7,2,37,28,0.64637
optimistic,50,bramev,7,7,7,2,37,29,0.644131
optimistic,50,bramev,7,7,7,2,37,30,0.642552
optimistic,50,bramev,7,7,7,2,37,31,0.640739
optimistic,50,bramev,7,7,7,2,37,32,0.639107
optimistic,50,bramev,7,7,7,2,37,33,0.637638
optimistic,50,bramev,7,7,7,2,37,34,0.637638
optimistic,50,bramev,7,7,7,2,37,35,0.637751
optimistic,50,bramev,7,7,7,2,37,36,0.637852
optimistic,50,bramev,7,7,7,2,37,37,0.637944
optimistic,50,bramev,7,7,7,2,37,38,0.637076
optimistic,50,bramev,7,7,7,2,37,39,0.636903
optimistic,50,bramev,7,7,7,2,37,40,0.636748
optimistic,50,bramev,7,7,7,2,37,41,0.636608
optimistic,50,bramev,7,7,7,2,37,42,0.636481
optimistic,50,bramev,7,7,7,2,37,43,0.63653
optimistic,50,bramev,7,7,7,2,37,44,0.636574
optimistic,50,bramev,7,7,7,2,37,45,0.636613
optimistic,50,bramev,7,7,7,2,37,46,0.636649
optimistic,50,bramev,7,7,7,2,37,47,0.63668
optimistic,50,bramev,7,7,7,2,37,48,0.636709
optimistic,50,bramev,7,7,7,2,37,49,0.636496
optimistic,50,bramev,7,7,7,2,37,50,0.636304
optimistic,50,bramev,7,7,7,2,37,51,0.636083
optimistic,50,bramev,7,7,7,2,37,52,0.636039
optimistic,50,bramev,7,7,7,2,37,53,0.636
optimistic,50,bramev,7,7,7,2,37,54,0.635964
optimistic,50,bramev,7,7,7,2,37,55,0.635978
optimistic,50,bramev,7,7,7,2,37,56,0.63599
optimistic,50,bramev,7,7,7,2,37,57,0.635964
optimistic,50,bramev,7,7,7,2,37,58,0.635974
optimistic,50,bramev,7,7,7,2,37,59,0.635983
optimistic,50,bramev,7,7,7,3,5,0,0.414416
optimistic,50,bramev,7,7,7,3,5,1,0.414416
optimistic,50,bramev,7,7,7,3,5,2,0.414416
optimistic,50,bramev,7,7,7,3,5,3,0.408896
optimistic,50,bramev,7,7,7,3,5,4,0.403928
optimistic,50,bramev,7,7,7,3,5,5,0.399457
optimistic,50,bramev,7,7,7,3,5,6,0.399457
optimistic,50,bramev,7,7,7,3,5,7,0.399457
optimistic,50,bramev,7,7,7,3,5,8,0.399457
optimistic,50,bramev,7,7,7,3,5,9,0.399457
optimistic,50,bramev,7,7,7,3,5,10,0.399457
optimistic,50,bramev,7,7,7,3,5,11,0.399457
optimistic,50,bramev,7,7,7,3,5,12,0.399457
optimistic,50,bramev,7,7,7,3,5,13,0.399457
optimistic,50,bramev,7,7,7,3,5,14,0.40282
optimistic,50,bramev,7,7,7,3,5,15,0.40282
optimistic,50,bramev,7,7,7,3,5,16,0.40282
optimistic,50,bramev,7,7,7,3,5,17,0.40282
optimistic,50,bramev,7,7,7,3,5,18,0.405703
optimistic,50,bramev,7,7,7,3,5,19,0.408297
optimistic,50,bramev,7,7,7,3,5,20,0.410084
optimistic,50,bramev,7,7,7,3,5,21,0.410084
optimistic,50,bramev,7,7,7,3,5,22,0.410084
optimistic,50,bramev,7,7,7,3,5,23,0.410084
optimistic,50,bramev,7,7,7,3,5,24,0.410084
optimistic,50,bramev,7,7,7,3,5,25,0.410084
optimistic,50,bramev,7,7,7,3,5,26,0.412801
optimistic,50,bramev,7,7,7,3,5,27,0.415246
optimistic,50,bramev,7,7,7,3,5,28,0.415246
optimistic,50,bramev,7,7,7,3,5,29,0.415246
optimistic,50,bramev,7,7,7,3,5,30,0.415246
optimistic,50,bramev,7,7,7,3,5,31,0.415246
optimistic,50,bramev,7,7,7,3,5,32,0.415246
optimistic,50,bramev,7,7,7,3,5,33,0.415246
optimistic,50,bramev,7,7,7,3,5,34,0.415246
optimistic,50,bramev,7,7,7,3,5,35,0.415246
optimistic,50,bramev,7,7,7,3,5,36,0.414538
optimistic,50,bramev,7,7,7,3,5,37,0.414538
optimistic,50,bramev,7,7,7,3,5,38,0.414538
optimistic,50,bramev,7,7,7,3,5,39,0.414538
optimistic,50,bramev,7,7,7,3,5,40,0.414538
optimistic,50,bramev,7,7,7,3,5,41,0.414772
optimistic,50,bramev,7,7,7,3,5,42,0.414983
optimistic,50,bramev,7,7,7,3,5,43,0.415436
optimistic,50,bramev,7,7,7,3,5,44,0.415843
optimistic,50,bramev,7,7,7,3,5,45,0.416011
optimistic,50,bramev,7,7,7,3,5,46,0.416011
optimistic,50,bramev,7,7,7,3,5,47,0.416011
optimistic,50,bramev,7,7,7,3,5,48,0.416011
optimistic,50,bramev,7,7,7,3,5,49,0.416011
optimistic,50,bramev,7,7,7,3,5,50,0.416011
optimistic,50,bramev,7,7,7,3,5,51,0.415865
optimistic,50,bramev,7,7,7,3,5,52,0.415865
optimistic,50,bramev,7,7,7,3,5,53,0.415837
optimistic,50,bramev,7,7,7,3,5,54,0.415837
optimistic,50,bramev,7,7,7,3,5,55,0.415837
optimistic,50,bramev,7,7,7,3,5,56,0.415837
optimistic,50,bramev,7,7,7,3,5,57,0.415837
optimistic,50,bramev,7,7,7,3,5,58,0.41587
optimistic,50,bramev,7,7,7,3,5,59,0.41587
optimistic,50,bramev,7,7,7,3,6,0,0.34627
optimistic,50,bramev,7,7,7,3,6,1,0.353084
optimistic,50,bramev,7,7,7,3,6,2,0.359217
optimistic,50,bramev,7,7,7,3,6,3,0.359217
optimistic,50,bramev,7,7,7,3,6,4,0.359217
optimistic,50,bramev,7,7,7,3,6,5,0.359217
optimistic,50,bramev,7,7,7,3,6,6,0.363241
optimistic,50,bramev,7,7,7,3,6,7,0.366863
optimistic,50,bramev,7,7,7,3,6,8,0.370122
optimistic,50,bramev,7,7,7,3,6,9,0.373056
optimistic,50,bramev,7,7,7,3,6,10,0.375696
optimistic,50,bramev,7,7,7,3,6,11,0.378072
optimistic,50,bramev,7,7,7,3,6,12,0.380211
optimistic,50,bramev,7,7,7,3,6,13,0.382135
optimistic,50,bramev,7,7,7,3,6,14,0.38723
optimistic,50,bramev,7,7,7,3,6,15,0.388789
optimistic,50,bramev,7,7,7,3,6,16,0.390192
optimistic,50,bramev,7,7,7,3,6,17,0.391455
optimistic,50,bramev,7,7,7,3,6,18,0.395474
optimistic,50,bramev,7,7,7,3,6,19,0.399092
optimistic,50,bramev,7,7,7,3,6,20,0.401799
optimistic,50,bramev,7,7,7,3,6,21,0.402628
optimistic,50,bramev,7,7,7,3,6,22,0.403373
optimistic,50,bramev,7,7,7,3,6,23,0.404045
optimistic,50,bramev,7,7,7,3,6,24,0.404648
optimistic,50,bramev,7,7,7,3,6,25,0.405192
optimistic,50,bramev,7,7,7,3,6,26,0.408398
optimistic,50,bramev,7,7,7,3,6,27,0.411284
optimistic,50,bramev,7,7,7,3,6,28,0.41168
optimistic,50,bramev,7,7,7,3,6,29,0.412036
optimistic,50,bramev,7,7,7,3,6,30,0.412357
optimistic,50,bramev,7,7,7,3,6,31,0.412646
optimistic,50,bramev,7,7,7,3,6,32,0.412906
optimistic,50,bramev,7,7,7,3,6,33,0.41314
optimistic,50,bramev,7,7,7,3,6,34,0.413351
optimistic,50,bramev,7,7,7,3,6,35,0.41354
optimistic,50,bramev,7,7,7,3,6,36,0.413003
optimistic,50,bramev,7,7,7,3,6,37,0.413157
optimistic,50,bramev,7,7,7,3,6,38,0.413295
optimistic,50,bramev,7,7,7,3,6,39,0.413419
optimistic,50,bramev,7,7,7,3,6,40,0.413531
optimistic,50,bramev,7,7,7,3,6,41,0.413866
optimistic,50,bramev,7,7,7,3,6,42,0.414167
optimistic,50,bramev,7,7,7,3,6,43,0.414701
optimistic,50,bramev,7,7,7,3,6,44,0.415183
optimistic,50,bramev,7,7,7,3,6,45,0.415416
optimistic,50,bramev,7,7,7,3,6,46,0.415476
optimistic,50,bramev,7,7,7,3,6,47,0.415529
optimistic,50,bramev,7,7,7,3,6,48,0.415577
optimistic,50,bramev,7,7,7,3,6,49,0.415621
optimistic,50,bramev,7,7,7,3,6,50,0.41566
optimistic,50,bramev,7,7,7,3,6,51,0.415549
optimistic,50,bramev,7,7,7,3,6,52,0.415581
optimistic,50,bramev,7,7,7,3,6,53,0.415581
optimistic,50,bramev,7,7,7,3,6,54,0.415606
optimistic,50,bramev,7,7,7,3,6,55,0.41563
optimistic,50,bramev,7,7,7,3,6,56,0.41565
optimistic,50,bramev,7,7,7,3,6,57,0.415669
optimistic,50,bramev,7,7,7,3,6,58,0.415718
optimistic,50,bramev,7,7,7,3,6,59,0.415733
optimistic,50,bramev,7,7,7,3,9,0,0.792858
optimistic,50,bramev,7,7,7,3,9,1,0.755014
optimistic,50,bramev,7,7,7,3,9,2,0.720954
optimistic,50,bramev,7,7,7,3,9,3,0.68478
optimistic,50,bramev,7,7,7,3,9,4,0.652224
optimistic,50,bramev,7,7,7,3,9,5,0.622923
optimistic,50,bramev,7,7,7,3,9,6,0.600577
optimistic,50,bramev,7,7,7,3,9,7,0.580465
optimistic,50,bramev,7,7,7,3,9,8,0.562364
optimistic,50,bramev,7,7,7,3,9,9,0.546073
optimistic,50,bramev,7,7,7,3,9,10,0.531412
optimistic,50,bramev,7,7,7,3,9,11,0.518216
optimistic,50,bramev,7,7,7,3,9,12,0.506341
optimistic,50,bramev,7,7,7,3,9,13,0.495652
optimistic,50,bramev,7,7,7,3,9,14,0.489395
optimistic,50,bramev,7,7,7,3,9,15,0.480738
optimistic,50,bramev,7,7,7,3,9,16,0.472946
optimistic,50,bramev,7,7,7,3,9,17,0.465934
optimistic,50,bramev,7,7,7,3,9,18,0.462505
optimistic,50,bramev,7,7,7,3,9,19,0.459419
optimistic,50,bramev,7,7,7,3,9,20,0.456094
optimistic,50,bramev,7,7,7,3,9,21,0.451493
optimistic,50,bramev,7,7,7,3,9,22,0.447352
optimistic,50,bramev,7,7,7,3,9,23,0.443625
optimistic,50,bramev,7,7,7,3,9,24,0.440271
optimistic,50,bramev,7,7,7,3,9,25,0.437253
optimistic,50,bramev,7,7,7,3,9,26,0.437253
optimistic,50,bramev,7,7,7,3,9,27,0.437253
optimistic,50,bramev,7,7,7,3,9,28,0.435052
optimistic,50,bramev,7,7,7,3,9,29,0.433071
optimistic,50,bramev,7,7,7,3,9,30,0.431289
optimistic,50,bramev,7,7,7,3,9,31,0.429685
optimistic,50,bramev,7,7,7,3,9,32,0.428241
optimistic,50,bramev,7,7,7,3,9,33,0.426941
optimistic,50,bramev,7,7,7,3,9,34,0.425772
optimistic,50,bramev,7,7,7,3,9,35,0.424719
optimistic,50,bramev,7,7,7,3,9,36,0.423064
optimistic,50,bramev,7,7,7,3,9,37,0.422212
optimistic,50,bramev,7,7,7,3,9,38,0.421444
optimistic,50,bramev,7,7,7,3,9,39,0.420754
optimistic,50,bramev,7,7,7,3,9,40,0.420132
optimistic,50,bramev,7,7,7,3,9,41,0.419807
optimistic,50,bramev,7,7,7,3,9,42,0.419513
optimistic,50,bramev,7,7,7,3,9,43,0.419513
optimistic,50,bramev,7,7,7,3,9,44,0.419513
optimistic,50,bramev,7,7,7,3,9,45,0.419314
optimistic,50,bramev,7,7,7,3,9,46,0.418984
optimistic,50,bramev,7,7,7,3,9,47,0.418687
optimistic,50,bramev,7,7,7,3,9,48,0.418419
optimistic,50,bramev,7,7,7,3,9,49,0.418178
optimistic,50,bramev,7,7,7,3,9,50,0.417961
optimistic,50,bramev,7,7,7,3,9,51,0.417621
optimistic,50,bramev,7,7,7,3,9,52,0.417445
optimistic,50,bramev,7,7,7,3,9,53,0.417259
optimistic,50,bramev,7,7,7,3,9,54,0.417117
optimistic,50,bramev,7,7,7,3,9,55,0.416989
optimistic,50,bramev,7,7,7,3,9,56,0.416873
optimistic,50,bramev,7,7,7,3,9,57,0.41677
optimistic,50,bramev,7,7,7,3,9,58,0.416709
optimistic,50,bramev,7,7,7,3,9,59,0.416625
optimistic,50,bramev,7,7,7,3,16,0,0.572575
optimistic,50,bramev,7,7,7,3,16,1,0.55676
optimistic,50,bramev,7,7,7,3,16,2,0.542525
optimistic,50,bramev,7,7,7,3,16,3,0.524194
optimistic,50,bramev,7,7,7,3,16,4,0.507697
optimistic,50,bramev,7,7,7,3,16,5,0.492849
optimistic,50,bramev,7,7,7,3,16,6,0.48351
optimistic,50,bramev,7,7,7,3,16,7,0.475104
optimistic,50,bramev,7,7,7,3,16,8,0.46754
optimistic,50,bramev,7,7,7,3,16,9,0.460731
optimistic,50,bramev,7,7,7,3,16,10,0.454604
optimistic,50,bramev,7,7,7,3,16,11,0.449089
optimistic,50,bramev,7,7,7,3,16,12,0.444126
optimistic,50,bramev,7,7,7,3,16,13,0.439659
optimistic,50,bramev,7,7,7,3,16,14,0.439002
optimistic,50,bramev,7,7,7,3,16,15,0.435384
optimistic,50,bramev,7,7,7,3,16,16,0.432127
optimistic,50,bramev,7,7,7,3,16,17,0.429197
optimistic,50,bramev,7,7,7,3,16,18,0.429442
optimistic,50,bramev,7,7,7,3,16,19,0.429662
optimistic,50,bramev,7,7,7,3,16,20,0.429313
optimistic,50,bramev,7,7,7,3,16,21,0.42739
optimistic,50,bramev,7,7,7,3,16,22,0.425659
optimistic,50,bramev,7,7,7,3,16,23,0.424102
optimistic,50,bramev,7,7,7,3,16,24,0.4227
optimistic,50,bramev,7,7,7,3,16,25,0.421439
optimistic,50,bramev,7,7,7,3,16,26,0.42302
optimistic,50,bramev,7,7,7,3,16,27,0.424443
optimistic,50,bramev,7,7,7,3,16,28,0.423524
optimistic,50,bramev,7,7,7,3,16,29,0.422696
optimistic,50,bramev,7,7,7,3,16,30,0.421951
optimistic,50,bramev,7,7,7,3,16,31,0.42128
optimistic,50,bramev,7,7,7,3,16,32,0.420677
optimistic,50,bramev,7,7,7,3,16,33,0.420134
optimistic,50,bramev,7,7,7,3,16,34,0.419645
optimistic,50,bramev,7,7,7,3,16,35,0.419205
optimistic,50,bramev,7,7,7,3,16,36,0.418101
optimistic,50,bramev,7,7,7,3,16,37,0.417745
optimistic,50,bramev,7,7,7,3,16,38,0.417425
optimistic,50,bramev,7,7,7,3,16,39,0.417136
optimistic,50,bramev,7,7,7,3,16,40,0.416876
optimistic,50,bramev,7,7,7,3,16,41,0.416876
optimistic,50,bramev,7,7,7,3,16,42,0.416876
optimistic,50,bramev,7,7,7,3,16,43,0.41714
optimistic,50,bramev,7,7,7,3,16,44,0.417377
optimistic,50,bramev,7,7,7,3,16,45,0.417391
optimistic,50,bramev,7,7,7,3,16,46,0.417253
optimistic,50,bramev,7,7,7,3,16,47,0.417129
optimistic,50,bramev,7,7,7,3,16,48,0.417017
optimistic,50,bramev,7,7,7,3,16,49,0.416917
optimistic,50,bramev,7,7,7,3,16,50,0.416826
optimistic,50,bramev,7,7,7,3,16,51,0.416599
optimistic,50,bramev,7,7,7,3,16,52,0.416526
optimistic,50,bramev,7,7,7,3,16,53,0.416431
optimistic,50,bramev,7,7,7,3,16,54,0.416372
optimistic,50,bramev,7,7,7,3,16,55,0.416318
optimistic,50,bramev,7,7,7,3,16,56,0.41627
optimistic,50,bramev,7,7,7,3,16,57,0.416227
optimistic,50,bramev,7,7,7,3,16,58,0.41622
optimistic,50,bramev,7,7,7,3,16,59,0.416185
optimistic,50,bramev,7,7,7,3,22,0,0.58727
optimistic,50,bramev,7,7,7,3,22,1,0.569985
optimistic,50,bramev,7,7,7,3,22,2,0.554428
optimistic,50,bramev,7,7,7,3,22,3,0.534907
optimistic,50,bramev,7,7,7,3,22,4,0.517338
optimistic,50,bramev,7,7,7,3,22,5,0.501526
optimistic,50,bramev,7,7,7,3,22,6,0.491319
optimistic,50,bramev,7,7,7,3,22,7,0.482133
optimistic,50,bramev,7,7,7,3,22,8,0.473865
optimistic,50,bramev,7,7,7,3,22,9,0.466424
optimistic,50,bramev,7,7,7,3,22,10,0.459728
optimistic,50,bramev,7,7,7,3,22,11,0.453701
optimistic,50,bramev,7,7,7,3,22,12,0.448276
optimistic,50,bramev,7,7,7,3,22,13,0.443394
optimistic,50,bramev,7,7,7,3,22,14,0.442363
optimistic,50,bramev,7,7,7,3,22,15,0.438409
optimistic,50,bramev,7,7,7,3,22,16,0.43485
optimistic,50,bramev,7,7,7,3,22,17,0.431647
optimistic,50,bramev,7,7,7,3,22,18,0.431647
optimistic,50,bramev,7,7,7,3,22,19,0.431647
optimistic,50,bramev,7,7,7,3,22,20,0.431099
optimistic,50,bramev,7,7,7,3,22,21,0.428998
optimistic,50,bramev,7,7,7,3,22,22,0.427106
optimistic,50,bramev,7,7,7,3,22,23,0.425404
optimistic,50,bramev,7,7,7,3,22,24,0.423872
optimistic,50,bramev,7,7,7,3,22,25,0.422493
optimistic,50,bramev,7,7,7,3,22,26,0.423969
optimistic,50,bramev,7,7,7,3,22,27,0.425298
optimistic,50,bramev,7,7,7,3,22,28,0.424293
optimistic,50,bramev,7,7,7,3,22,29,0.423388
optimistic,50,bramev,7,7,7,3,22,30,0.422574
optimistic,50,bramev,7,7,7,3,22,31,0.421841
optimistic,50,bramev,7,7,7,3,22,32,0.421182
optimistic,50,bramev,7,7,7,3,22,33,0.420588
optimistic,50,bramev,7,7,7,3,22,34,0.420054
optimistic,50,bramev,7,7,7,3,22,35,0.419573
optimistic,50,bramev,7,7,7,3,22,36,0.418433
optimistic,50,bramev,7,7,7,3,22,37,0.418043
optimistic,50,bramev,7,7,7,3,22,38,0.417693
optimistic,50,bramev,7,7,7,3,22,39,0.417377
optimistic,50,bramev,7,7,7,3,22,40,0.417093
optimistic,50,bramev,7,7,7,3,22,41,0.417072
optimistic,50,bramev,7,7,7,3,22,42,0.417052
optimistic,50,bramev,7,7,7,3,22,43,0.417298
optimistic,50,bramev,7,7,7,3,22,44,0.41752
optimistic,50,bramev,7,7,7,3,22,45,0.41752
optimistic,50,bramev,7,7,7,3,22,46,0.417369
optimistic,50,bramev,7,7,7,3,22,47,0.417233
optimistic,50,bramev,7,7,7,3,22,48,0.417111
optimistic,50,bramev,7,7,7,3,22,49,0.417001
optimistic,50,bramev,7,7,7,3,22,50,0.416902
optimistic,50,bramev,7,7,7,3,22,51,0.416667
optimistic,50,bramev,7,7,7,3,22,52,0.416587
optimistic,50,bramev,7,7,7,3,22,53,0.416486
optimistic,50,bramev,7,7,7,3,22,54,0.416421
optimistic,50,bramev,7,7,7,3,22,55,0.416363
optimistic,50,bramev,7,7,7,3,22,56,0.41631
optimistic,50,bramev,7,7,7,3,22,57,0.416263
optimistic,50,bramev,7,7,7,3,22,58,0.416253
optimistic,50,bramev,7,7,7,3,22,59,0.416215
optimistic,50,bramev,7,7,7,3,33,0,0.13163
optimistic,50,bramev,7,7,7,3,33,1,0.159909
optimistic,50,bramev,7,7,7,3,33,2,0.185359
optimistic,50,bramev,7,7,7,3,33,3,0.202745
optimistic,50,bramev,7,7,7,3,33,4,0.218392
optimistic,50,bramev,7,7,7,3,33,5,0.232475
optimistic,50,bramev,7,7,7,3,33,6,0.249173
optimistic,50,bramev,7,7,7,3,33,7,0.264202
optimistic,50,bramev,7,7,7,3,33,8,0.277727
optimistic,50,bramev,7,7,7,3,33,9,0.2899
optimistic,50,bramev,7,7,7,3,33,10,0.300856
optimistic,50,bramev,7,7,7,3,33,11,0.310716
optimistic,50,bramev,7,7,7,3,33,12,0.31959
optimistic,50,bramev,7,7,7,3,33,13,0.327577
optimistic,50,bramev,7,7,7,3,33,14,0.338128
optimistic,50,bramev,7,7,7,3,33,15,0.344597
optimistic,50,bramev,7,7,7,3,33,16,0.350419
optimistic,50,bramev,7,7,7,3,33,17,0.355659
optimistic,50,bramev,7,7,7,3,33,18,0.363258
optimistic,50,bramev,7,7,7,3,33,19,0.370097
optimistic,50,bramev,7,7,7,3,33,20,0.375704
optimistic,50,bramev,7,7,7,3,33,21,0.379142
optimistic,50,bramev,7,7,7,3,33,22,0.382236
optimistic,50,bramev,7,7,7,3,33,23,0.385021
optimistic,50,bramev,7,7,7,3,33,24,0.387527
optimistic,50,bramev,7,7,7,3,33,25,0.389783
optimistic,50,bramev,7,7,7,3,33,26,0.39453
optimistic,50,bramev,7,7,7,3,33,27,0.398802
optimistic,50,bramev,7,7,7,3,33,28,0.400447
optimistic,50,bramev,7,7,7,3,33,29,0.401927
optimistic,50,bramev,7,7,7,3,33,30,0.403259
optimistic,50,bramev,7,7,7,3,33,31,0.404457
optimistic,50,bramev,7,7,7,3,33,32,0.405536
optimistic,50,bramev,7,7,7,3,33,33,0.406507
optimistic,50,bramev,7,7,7,3,33,34,0.407381
optimistic,50,bramev,7,7,7,3,33,35,0.408168
optimistic,50,bramev,7,7,7,3,33,36,0.408168
optimistic,50,bramev,7,7,7,3,33,37,0.408805
optimistic,50,bramev,7,7,7,3,33,38,0.409378
optimistic,50,bramev,7,7,7,3,33,39,0.409894
optimistic,50,bramev,7,7,7,3,33,40,0.410359
optimistic,50,bramev,7,7,7,3,33,41,0.41101
optimistic,50,bramev,7,7,7,3,33,42,0.411597
optimistic,50,bramev,7,7,7,3,33,43,0.412389
optimistic,50,bramev,7,7,7,3,33,44,0.413101
optimistic,50,bramev,7,7,7,3,33,45,0.413543
optimistic,50,bramev,7,7,7,3,33,46,0.41379
optimistic,50,bramev,7,7,7,3,33,47,0.414012
optimistic,50,bramev,7,7,7,3,33,48,0.414212
optimistic,50,bramev,7,7,7,3,33,49,0.414392
optimistic,50,bramev,7,7,7,3,33,50,0.414554
optimistic,50,bramev,7,7,7,3,33,51,0.414554
optimistic,50,bramev,7,7,7,3,33,52,0.414685
optimistic,50,bramev,7,7,7,3,33,53,0.414774
optimistic,50,bramev,7,7,7,3,33,54,0.414881
optimistic,50,bramev,7,7,7,3,33,55,0.414976
optimistic,50,bramev,7,7,7,3,33,56,0.415062
optimistic,50,bramev,7,7,7,3,33,57,0.41514
optimistic,50,bramev,7,7,7,3,33,58,0.415242
optimistic,50,bramev,7,7,7,3,33,59,0.415305
optimistic,50,bramev,7,7,7,3,36,0,0.54671
optimistic,50,bramev,7,7,7,3,36,1,0.53348
optimistic,50,bramev,7,7,7,3,36,2,0.521574
optimistic,50,bramev,7,7,7,3,36,3,0.505338
optimistic,50,bramev,7,7,7,3,36,4,0.490726
optimistic,50,bramev,7,7,7,3,36,5,0.477575
optimistic,50,bramev,7,7,7,3,36,6,0.469764
optimistic,50,bramev,7,7,7,3,36,7,0.462733
optimistic,50,bramev,7,7,7,3,36,8,0.456405
optimistic,50,bramev,7,7,7,3,36,9,0.450711
optimistic,50,bramev,7,7,7,3,36,10,0.445585
optimistic,50,bramev,7,7,7,3,36,11,0.440972
optimistic,50,bramev,7,7,7,3,36,12,0.436821
optimistic,50,bramev,7,7,7,3,36,13,0.433085
optimistic,50,bramev,7,7,7,3,36,14,0.433085
optimistic,50,bramev,7,7,7,3,36,15,0.430058
optimistic,50,bramev,7,7,7,3,36,16,0.427334
optimistic,50,bramev,7,7,7,3,36,17,0.424883
optimistic,50,bramev,7,7,7,3,36,18,0.425559
optimistic,50,bramev,7,7,7,3,36,19,0.426168
optimistic,50,bramev,7,7,7,3,36,20,0.426168
optimistic,50,bramev,7,7,7,3,36,21,0.42456
optimistic,50,bramev,7,7,7,3,36,22,0.423112
optimistic,50,bramev,7,7,7,3,36,23,0.421809
optimistic,50,bramev,7,7,7,3,36,24,0.420637
optimistic,50,bramev,7,7,7,3,36,25,0.419582
optimistic,50,bramev,7,7,7,3,36,26,0.421349
optimistic,50,bramev,7,7,7,3,36,27,0.422939
optimistic,50,bramev,7,7,7,3,36,28,0.42217
optimistic,50,bramev,7,7,7,3,36,29,0.421477
optimistic,50,bramev,7,7,7,3,36,30,0.420854
optimistic,50,bramev,7,7,7,3,36,31,0.420294
optimistic,50,bramev,7,7,7,3,36,32,0.419789
optimistic,50,bramev,7,7,7,3,36,33,0.419335
optimistic,50,bramev,7,7,7,3,36,34,0.418926
optimistic,50,bramev,7,7,7,3,36,35,0.418558
optimistic,50,bramev,7,7,7,3,36,36,0.417519
optimistic,50,bramev,7,7,7,3,36,37,0.417221
optimistic,50,bramev,7,7,7,3,36,38,0.416953
optimistic,50,bramev,7,7,7,3,36,39,0.416711
optimistic,50,bramev,7,7,7,3,36,40,0.416494
optimistic,50,bramev,7,7,7,3,36,41,0.416532
optimistic,50,bramev,7,7,7,3,36,42,0.416566
optimistic,50,bramev,7,7,7,3,36,43,0.416861
optimistic,50,bramev,7,7,7,3,36,44,0.417126
optimistic,50,bramev,7,7,7,3,36,45,0.417166
optimistic,50,bramev,7,7,7,3,36,46,0.41705
optimistic,50,bramev,7,7,7,3,36,47,0.416946
optimistic,50,bramev,7,7,7,3,36,48,0.416853
optimistic,50,bramev,7,7,7,3,36,49,0.416769
optimistic,50,bramev,7,7,7,3,36,50,0.416693
optimistic,50,bramev,7,7,7,3,36,51,0.416479
optimistic,50,bramev,7,7,7,3,36,52,0.416418
optimistic,50,bramev,7,7,7,3,36,53,0.416334
optimistic,50,bramev,7,7,7,3,36,54,0.416284
optimistic,50,bramev,7,7,7,3,36,55,0.41624
optimistic,50,bramev,7,7,7,3,36,56,0.416199
optimistic,50,bramev,7,7,7,3,36,57,0.416163
optimistic,50,bramev,7,7,7,3,36,58,0.416163
optimistic,50,bramev,7,7,7,3,36,59,0.416134
