scenario,nb_cars,method,seed,world_seed,grid_seed,demand_id,car_id,slot,nb_stations,search_retries,nb_offers,confirmed,abandoned,outcome,energy_requested_kwh,energy_delivered_kwh,slots_charged,confirm_attempts,first_offer_ms,last_offer_ms,selection_ms,confirmation_ms,total_ms
pessimistic,150,multistation,8,8,8,t00000-c00013,13,0,16,0,16,True,False,satisfied,18.1533,18.6,31,1,1141.796583076939,13441.119374940172,0.030416063964366913,0.023541972041130066,13441.173332976177
pessimistic,150,multistation,8,8,8,t00000-c00016,16,0,5,0,5,True,False,cancelled_late,15.8611,0.0,0,1,4761.926666134968,6931.5863330848515,6509.625042090192,0.009124865755438805,13441.2205000408
pessimistic,150,multistation,8,8,8,t00000-c00021,21,0,5,0,5,True,False,cancelled_late,21.9026,0.0,0,1,1141.7037500068545,13441.026291111484,0.20312494598329067,0.00700005330145359,13441.236416110769
pessimistic,150,multistation,8,8,8,t00000-c00057,57,0,15,0,15,True,False,satisfied,27.0468,27.2,34,1,1421.6378750279546,12883.767457911745,557.4723749887198,0.009333016350865364,13441.249165916815
pessimistic,150,multistation,8,8,8,t00000-c00066,66,0,6,0,6,True,False,cancelled_late,21.2219,0.0,0,1,76.57329086214304,13031.48766583763,409.74775003269315,0.006250105798244476,13441.241665976122
pessimistic,150,multistation,8,8,8,t00000-c00067,67,0,3,0,3,True,False,no_show,25.1889,0.0,0,1,4207.543708151206,10330.768458079547,3110.46287487261,0.004917150363326073,13441.23625010252
pessimistic,150,multistation,8,8,8,t00000-c00068,68,0,3,0,3,True,False,no_show,20.1927,0.0,0,1,4207.507875049487,10330.732542090118,3110.4855418670923,0.004500150680541992,13441.22258410789
pessimistic,150,multistation,8,8,8,t00000-c00102,102,0,10,0,10,True,False,satisfied,18.2995,18.6,31,1,2195.9659170825034,12407.042083097622,1034.1680420096964,0.006041955202817917,13441.216167062521
pessimistic,150,multistation,8,8,8,t00000-c00106,106,0,5,0,5,True,False,satisfied,15.0633,15.6,26,1,4207.432749914005,10330.657500075176,3110.5427499860525,0.004833796992897987,13441.205083858222
pessimistic,150,multistation,8,8,8,t00000-c00118,118,0,14,0,14,True,False,satisfied,25.0618,25.2,42,1,1141.4356660097837,13440.758290933445,0.4365839995443821,0.0062908511608839035,13441.20116578415
pessimistic,150,multistation,8,8,8,t00000-c00120,120,0,10,0,10,True,False,cancelled_late,20.0568,0.0,0,1,76.35158393532038,13031.265958910808,409.92216602899134,0.005417037755250931,13441.193541977555
pessimistic,150,multistation,8,8,8,t00000-c00144,144,0,8,0,8,True,False,satisfied,27.0271,27.3,39,1,3101.02824983187,12883.467125007883,557.7159579843283,0.005791895091533661,13441.188874887303
pessimistic,150,multistation,8,8,8,t00002-c00035,35,2,4,0,4,True,False,cancelled_late,26.8298,0.0,0,1,278.04454206489027,1080.2307920530438,215.3845001012087,0.016999896615743637,1295.6322920508683
pessimistic,150,multistation,8,8,8,t00002-c00058,58,2,14,0,14,True,False,no_show,18.407,0.0,0,1,29.694374883547425,1295.5437919590622,0.13462500646710396,0.011041061952710152,1295.689458027482
pessimistic,150,multistation,8,8,8,t00004-c00016,16,4,6,0,6,True,False,no_show,21.0147,0.0,0,1,780.7304998859763,2002.3752909619361,599.5981250889599,0.021416926756501198,2601.9948329776525
pessimistic,150,multistation,8,8,8,t00004-c00021,21,4,17,0,17,True,False,no_show,21.126,0.0,0,1,70.69795788265765,2601.9041668623686,0.12458302080631256,0.012417091056704521,2602.0411669742316
pessimistic,150,multistation,8,8,8,t00004-c00035,35,4,4,0,4,True,False,satisfied,22.423,22.4,56,1,373.59983404166996,1876.8558341544122,725.1694579608738,0.006292015314102173,2602.0315841306
pessimistic,150,multistation,8,8,8,t00004-c00066,66,4,6,0,6,True,False,cancelled_late,18.6488,0.0,0,1,651.8875830806792,2002.2399160079658,599.7805839870125,0.006250105798244476,2602.0267501007766
pessimistic,150,multistation,8,8,8,t00005-c00066,66,5,4,0,4,True,False,no_show,19.0816,0.0,0,1,47.94574994593859,190.54199988022447,0.026833033189177513,0.01941714435815811,190.5882500577718
pessimistic,150,multistation,8,8,8,t00006-c00120,120,6,3,0,3,True,False,satisfied,24.0186,24.6,41,1,38.82250003516674,183.83320793509483,0.03045797348022461,0.01854216679930687,183.88220807537436
pessimistic,150,multistation,8,8,8,t00007-c00075,75,7,14,0,14,True,False,satisfied,20.3519,20.4,34,1,41.14733310416341,811.1266249325126,0.03195810131728649,0.023707980290055275,811.18229101412
pessimistic,150,multistation,8,8,8,t00008-c00046,46,8,13,0,13,True,False,no_show,19.3525,0.0,0,1,193.1729579810053,1042.3668751027435,94.33474997058511,0.025124987587332726,1136.726750060916
pessimistic,150,multistation,8,8,8,t00008-c00094,94,8,5,0,5,True,False,satisfied,19.3248,19.5,39,1,50.49741710536182,1136.620125034824,0.13454211875796318,0.008167000487446785,1136.7628341540694
pessimistic,150,multistation,8,8,8,t00010-c00076,76,10,14,0,14,True,False,no_show,21.306,0.0,0,1,34.72970915026963,592.4408340360969,0.030624913051724434,0.020750099793076515,592.4922090489417
pessimistic,150,multistation,8,8,8,t00015-c00048,48,15,3,0,3,True,False,cancelled_early,25.2711,0.0,0,1,96.14924993366003,276.1372500099242,0.021666986867785454,0.014666933566331863,276.1735839303583
pessimistic,150,multistation,8,8,8,t00016-c00048,48,16,1,0,1,True,False,no_show,27.816,0.0,0,1,295.0096249114722,295.0096249114722,335.8684170525521,0.014208024367690086,630.892249988392
pessimistic,150,multistation,8,8,8,t00016-c00074,74,16,6,0,6,True,False,cancelled_late,28.4449,0.0,0,1,63.24679194949567,630.8083748444915,0.10300008580088615,0.008624978363513947,630.9199999086559
pessimistic,150,multistation,8,8,8,t00017-c00070,70,17,5,0,5,True,False,cancelled_late,13.648,0.0,0,1,43.46808302216232,271.5423749759793,0.02291705459356308,0.01637497916817665,271.58166700974107
pessimistic,150,multistation,8,8,8,t00018-c00074,74,18,8,0,8,True,False,cancelled_late,29.4033,0.0,0,1,65.93816704116762,718.8868750818074,0.02937507815659046,0.020624836906790733,718.9368749968708
pessimistic,150,multistation,8,8,8,t00020-c00044,44,20,10,0,10,True,False,satisfied,23.5714,24.0,48,1,93.43574987724423,2030.8291669934988,0.024207867681980133,0.016250181943178177,2030.869625043124
pessimistic,150,multistation,8,8,8,t00020-c00096,96,20,4,0,4,True,False,cancelled_early,14.936,0.0,0,1,673.6723340582103,1903.2418748829514,127.64662504196167,0.007667113095521927,2030.8961670380086
pessimistic,150,multistation,8,8,8,t00021-c00052,52,21,5,0,5,True,False,cancelled_early,21.3188,0.0,0,1,101.27812484279275,826.726040802896,0.024417182430624962,0.017207814380526543,826.7676657997072
pessimistic,150,multistation,8,8,8,t00021-c00096,96,21,3,0,3,True,False,satisfied,16.8601,16.8,28,1,27.500959113240242,682.4062501545995,144.39887483604252,0.007417052984237671,826.8125420436263
pessimistic,150,multistation,8,8,8,t00022-c00052,52,22,17,0,17,True,False,cancelled_late,19.6652,0.0,0,1,111.76391714252532,2824.0424171090126,0.03237510100007057,0.021290965378284454,2824.096083175391
pessimistic,150,multistation,8,8,8,t00022-c00070,70,22,10,0,10,True,False,satisfied,19.9199,19.9739,50,1,46.11162515357137,2726.7337921075523,97.41204185411334,0.00962521880865097,2824.1554591804743
pessimistic,150,multistation,8,8,8,t00022-c00143,143,22,3,0,3,True,False,satisfied,22.0652,22.2,37,1,492.38445796072483,1253.1617500353605,1570.9788750391454,0.006582820788025856,2824.147207895294
pessimistic,150,multistation,8,8,8,t00025-c00074,74,25,19,0,19,True,False,satisfied,23.3271,23.4,39,1,85.78095794655383,1471.073583001271,0.03491691313683987,0.02208305522799492,1471.1305829696357
pessimistic,150,multistation,8,8,8,t00025-c00112,112,25,5,0,5,True,False,no_show,14.733,0.0,0,1,37.302666110917926,1401.8356250599027,69.32429107837379,0.008499948307871819,1471.1684160865843
pessimistic,150,multistation,8,8,8,t00027-c00052,52,27,4,0,4,True,False,satisfied,24.2702,24.4,61,1,89.33004201389849,478.79716707393527,0.02329191192984581,0.01758313737809658,478.8380421232432
pessimistic,150,multistation,8,8,8,t00028-c00054,54,28,5,0,5,True,False,no_show,21.668,0.0,0,1,61.492125038057566,246.33720912970603,0.024124979972839355,0.01750001683831215,246.37883412651718
pessimistic,150,multistation,8,8,8,t00031-c00146,146,31,3,0,3,True,False,cancelled_early,18.72,0.0,0,1,116.71616695821285,422.70158394239843,234.2799580655992,0.016167061403393745,656.997709069401
pessimistic,150,multistation,8,8,8,t00031-c00147,147,31,10,0,10,True,False,cancelled_early,16.6404,0.0,0,1,42.92304185219109,656.9057090673596,0.14424999244511127,0.010499963536858559,657.0604590233415
pessimistic,150,multistation,8,8,8,t00032-c00039,39,32,3,0,3,True,False,no_show,23.9137,0.0,0,1,163.98029099218547,1013.4757501073182,0.023707980290055275,0.020333100110292435,1013.5197911877185
pessimistic,150,multistation,8,8,8,t00032-c00146,146,32,3,0,3,True,False,satisfied,28.9635,29.0,58,1,109.07879215665162,881.213917164132,132.32866604812443,0.007916940376162529,1013.5505001526326
pessimistic,150,multistation,8,8,8,t00032-c00147,147,32,7,0,7,True,False,satisfied,22.1348,22.5,45,1,51.90804204903543,924.3246249388903,89.21716711483896,0.007333001121878624,1013.5491250548512
pessimistic,150,multistation,8,8,8,t00035-c00122,122,35,6,0,6,True,False,satisfied,23.6845,24.0,60,1,157.8338749241084,754.308374831453,0.0325001310557127,0.016541918739676476,754.3574168812484
pessimistic,150,multistation,8,8,8,t00036-c00058,58,36,3,0,3,True,False,cancelled_late,20.2847,0.0,0,1,34.44537497125566,155.87708284147084,0.02508307807147503,0.015417113900184631,155.9175830334425
pessimistic,150,multistation,8,8,8,t00037-c00004,4,37,9,0,9,True,False,satisfied,25.7692,26.0,52,1,25.171165820211172,926.5264580026269,0.019832979887723923,0.019124941900372505,926.565415924415
pessimistic,150,multistation,8,8,8,t00037-c00086,86,37,3,0,3,True,False,cancelled_late,14.4429,0.0,0,1,56.02870788425207,437.4492918141186,489.1392909921706,0.007250113412737846,926.5958329197019
pessimistic,150,multistation,8,8,8,t00038-c00016,16,38,11,0,11,True,False,no_show,24.2381,0.0,0,1,75.15537505969405,1339.8551668506116,0.02450007013976574,0.021999934688210487,1339.9016668554395
pessimistic,150,multistation,8,8,8,t00038-c00058,58,38,7,0,7,True,False,satisfied,25.9667,26.4,44,1,259.3737079296261,1178.1694579403847,161.76008386537433,0.008083181455731392,1339.9376249872148
pessimistic,150,multistation,8,8,8,t00038-c00091,91,38,7,0,7,True,False,satisfied,20.6706,20.3,29,1,38.36862510070205,1339.7642080672085,0.16645807772874832,0.006458954885601997,1339.9371250998229
pessimistic,150,multistation,8,8,8,t00039-c00066,66,39,1,0,1,True,False,satisfied,23.4441,23.8,34,1,30.870249960571527,30.870249960571527,0.021333107724785805,0.013292068615555763,30.90487513691187
pessimistic,150,multistation,8,8,8,t00040-c00086,86,40,5,0,5,True,False,satisfied,18.88,19.0,38,1,83.57566711492836,330.29154199175537,0.028625130653381348,0.018208054825663567,330.3383751772344
pessimistic,150,multistation,8,8,8,t00041-c00076,76,41,7,0,7,True,False,satisfied,20.7928,20.8,26,1,15.807125018909574,217.16179093346,0.026209047064185143,0.016290927305817604,217.20429090783
pessimistic,150,multistation,8,8,8,t00043-c00067,67,43,3,0,3,True,False,cancelled_late,24.6327,0.0,0,1,24.901084136217833,135.6411250308156,0.023750122636556625,0.015999889001250267,135.6808750424534
pessimistic,150,multistation,8,8,8,t00044-c00067,67,44,3,0,3,True,False,cancelled_late,23.1936,0.0,0,1,25.771833024919033,131.75900001078844,0.025875167921185493,0.0149579718708992,131.79983315058053
pessimistic,150,multistation,8,8,8,t00045-c00067,67,45,3,0,3,True,False,satisfied,22.4433,23.2,29,1,34.435665933415294,139.55645798705518,0.02337503246963024,0.014417106285691261,139.5942501258105
pessimistic,150,multistation,8,8,8,t00047-c00068,68,47,4,0,4,True,False,cancelled_early,24.7086,0.0,0,1,170.53033295087516,485.2692079730332,130.82512514665723,0.020582927390933037,616.1149160470814
pessimistic,150,multistation,8,8,8,t00047-c00097,97,47,5,0,5,True,False,no_show,19.7606,0.0,0,1,67.02283397316933,616.0209169611335,0.1402918715029955,0.008666189387440681,616.1698750220239
pessimistic,150,multistation,8,8,8,t00048-c00045,45,48,5,0,5,True,False,cancelled_late,30.0097,0.0,0,1,121.84445792809129,1434.4864999875426,0.022833002731204033,0.01870887354016304,1434.528041863814
pessimistic,150,multistation,8,8,8,t00048-c00068,68,48,5,0,5,True,False,satisfied,23.4708,24.0,40,1,310.2291251998395,1185.9228750690818,248.6433330923319,0.008249888196587563,1434.5744580496103
pessimistic,150,multistation,8,8,8,t00048-c00135,135,48,4,0,4,True,False,no_show,17.2393,0.0,0,1,329.6270410064608,1136.3748330622911,298.18654200062156,0.0059998128563165665,1434.567374875769
pessimistic,150,multistation,8,8,8,t00048-c00149,149,48,4,0,4,True,False,no_show,19.8706,0.0,0,1,416.0587079823017,809.6948750317097,624.856207985431,0.005916925147175789,1434.5569999422878
pessimistic,150,multistation,8,8,8,t00049-c00064,64,49,7,0,7,True,False,no_show,20.9142,0.0,0,1,36.13379201851785,340.81691689789295,0.02650008536875248,0.017208047211170197,340.8606250304729
pessimistic,150,multistation,8,8,8,t00050-c00077,77,50,3,0,3,True,False,no_show,23.0367,0.0,0,1,23.256791988387704,94.07624998129904,0.026292167603969574,0.018249964341521263,94.12079211324453
pessimistic,150,multistation,8,8,8,t00052-c00109,109,52,5,0,5,True,False,no_show,15.6005,0.0,0,1,37.423582980409265,232.2419579140842,0.02895807847380638,0.01491699367761612,232.28583298623562
pessimistic,150,multistation,8,8,8,t00053-c00046,46,53,3,0,3,True,False,cancelled_late,23.3845,0.0,0,1,28.170166071504354,112.01379098929465,0.022666994482278824,0.015792204067111015,112.05225018784404
pessimistic,150,multistation,8,8,8,t00054-c00045,45,54,13,0,13,True,False,satisfied,27.8319,27.6,69,1,106.12058290280402,1933.6853749118745,0.027165981009602547,0.020167091861367226,1933.7327079847455
pessimistic,150,multistation,8,8,8,t00056-c00031,31,56,4,0,4,True,False,no_show,22.3518,0.0,0,1,362.2217499651015,1012.1531668119133,104.02729106135666,0.015750061720609665,1116.1962079349905
pessimistic,150,multistation,8,8,8,t00056-c00051,51,56,7,0,7,True,False,cancelled_early,25.1919,0.0,0,1,53.67149994708598,1094.3669581320137,21.856874926015735,0.008709030225872993,1116.2325420882553
pessimistic,150,multistation,8,8,8,t00056-c00056,56,56,3,0,3,True,False,satisfied,8.425,9.1,13,1,72.3487080540508,1116.0738330800086,0.16358285211026669,0.005875015631318092,1116.2432909477502
pessimistic,150,multistation,8,8,8,t00057-c00051,51,57,12,0,12,True,False,cancelled_late,22.7499,0.0,0,1,87.22891611978412,1109.8941250238568,0.029165996238589287,0.02633407711982727,1109.9496250972152
pessimistic,150,multistation,8,8,8,t00057-c00060,60,57,5,0,5,True,False,satisfied,19.7881,19.8,33,1,40.46912491321564,1109.8466659896076,0.1497089397162199,0.008291099220514297,1110.0046660285443
pessimistic,150,multistation,8,8,8,t00057-c00145,145,57,2,0,2,True,False,cancelled_late,17.5966,0.0,0,1,315.6553329899907,757.81508279033,352.1761251613498,0.00600004568696022,1109.9972079973668
pessimistic,150,multistation,8,8,8,t00059-c00117,117,59,4,0,4,True,False,cancelled_late,20.4264,0.0,0,1,40.51658301614225,220.1704999897629,0.03233295865356922,0.016292091459035873,220.2191250398755
pessimistic,150,multistation,8,8,8,t00060-c00046,46,60,5,0,5,True,False,no_show,28.481,0.0,0,1,122.69387510605156,1190.3234159108251,0.025667017325758934,0.019208062440156937,1190.368290990591
pessimistic,150,multistation,8,8,8,t00060-c00145,145,60,3,0,3,True,False,no_show,22.1871,0.0,0,1,328.9103340357542,1190.2661251369864,0.1266668550670147,0.007542083039879799,1190.4003340750933
pessimistic,150,multistation,8,8,8,t00061-c00029,29,61,1,0,1,True,False,satisfied,23.8161,11.2,16,1,384.6198341343552,384.6198341343552,2458.901290781796,0.01595914363861084,2843.53708405979
pessimistic,150,multistation,8,8,8,t00061-c00110,110,61,20,0,20,True,False,satisfied,17.3328,17.6,44,1,55.91787490993738,2843.4450840577483,0.13504084199666977,0.014750054106116295,2843.594874953851
pessimistic,150,multistation,8,8,8,t00061-c00114,114,61,7,0,7,True,False,cancelled_early,26.8886,0.0,0,1,384.5168328844011,2762.561250012368,81.02516597136855,0.007834052667021751,2843.5942500364035
pessimistic,150,multistation,8,8,8,t00061-c00117,117,61,7,0,7,True,False,satisfied,21.0806,21.6,36,1,348.06145797483623,2216.821917099878,626.7744160722941,0.006166985258460045,2843.6025001574308
pessimistic,150,multistation,8,8,8,t00061-c00137,137,61,1,1,1,True,False,cancelled_late,21.4066,0.0,0,1,3014.3072919454426,3014.3072919454426,328.59633304178715,0.007125083357095718,3342.910750070587
pessimistic,150,multistation,8,8,8,t00062-c00114,114,62,10,0,10,True,False,no_show,19.8167,0.0,0,1,50.715875113382936,498.01562493667006,0.033667078241705894,0.01900014467537403,498.06829215958714
pessimistic,150,multistation,8,8,8,t00063-c00051,51,63,4,0,4,True,False,cancelled_late,23.417,0.0,0,1,45.32174998894334,249.78629196994007,0.024999957531690598,0.0160830095410347,249.8273749370128
pessimistic,150,multistation,8,8,8,t00065-c00051,51,65,14,0,14,True,False,satisfied,21.6122,22.2,37,1,45.97745789214969,836.2741670571268,0.030957860872149467,0.027166912332177162,836.3322918303311
pessimistic,150,multistation,8,8,8,t00066-c00010,10,66,3,0,3,True,False,satisfied,29.3633,29.4,49,1,117.84754181280732,1057.0734578650445,0.016417121514678,0.013457844033837318,1057.103332830593
pessimistic,150,multistation,8,8,8,t00066-c00021,21,66,7,0,7,True,False,satisfied,23.5221,23.6,59,1,85.97237500362098,976.5011249110103,80.61770792119205,0.008542090654373169,1057.1273749228567
pessimistic,150,multistation,8,8,8,t00067-c00054,54,67,3,0,3,True,False,cancelled_late,21.3027,0.0,0,1,65.21308305673301,434.6424581017345,0.022166874259710312,0.01658312976360321,434.68120810575783
pessimistic,150,multistation,8,8,8,t00067-c00095,95,67,3,0,3,True,False,satisfied,17.632,18.4,23,1,65.16174995340407,434.5912078861147,0.12800004333257675,0.006709014996886253,434.7259169444442
pessimistic,150,multistation,8,8,8,t00067-c00137,137,67,3,0,3,True,False,satisfied,20.8737,21.0,35,1,30.804499983787537,276.18475002236664,158.52562501095235,0.006332993507385254,434.7167080268264
pessimistic,150,multistation,8,8,8,t00068-c00055,55,68,3,0,3,True,False,satisfied,13.4978,13.8,23,1,473.5344999935478,1025.4637910984457,332.17249996960163,0.016083940863609314,1357.652375008911
pessimistic,150,multistation,8,8,8,t00068-c00088,88,68,5,0,5,True,False,satisfied,22.2022,22.8,38,1,44.95154204778373,1282.479583984241,75.20737498998642,0.008916016668081284,1357.6958749908954
pessimistic,150,multistation,8,8,8,t00068-c00112,112,68,14,0,14,True,False,cancelled_late,20.7928,0.0,0,1,98.13324990682304,1357.5200838968158,0.17154100351035595,0.010167015716433525,1357.7017919160426
pessimistic,150,multistation,8,8,8,t00069-c00099,99,69,2,0,2,True,False,cancelled_late,15.0798,0.0,0,1,37.066834047436714,63.317792024463415,0.027041882276535034,0.015333062037825584,63.360166968777776
pessimistic,150,multistation,8,8,8,t00069-c00116,116,69,1,0,1,True,False,satisfied,15.4607,9.6,24,1,37.01783297583461,37.01783297583461,26.375000132247806,0.006624963134527206,63.39945807121694
pessimistic,150,multistation,8,8,8,t00070-c00003,3,70,1,0,1,True,False,satisfied,19.0985,19.6,28,1,20.159750012680888,20.159750012680888,55.546791991218925,0.015125144273042679,75.72166714817286
pessimistic,150,multistation,8,8,8,t00070-c00099,99,70,2,0,2,True,False,cancelled_late,15.9024,0.0,0,1,47.14812501333654,75.63362503424287,0.11204183101654053,0.007875030860304832,75.75354189611971
pessimistic,150,multistation,8,8,8,t00071-c00016,16,71,1,0,1,True,False,cancelled_late,26.8469,0.0,0,1,17.61004189029336,17.61004189029336,0.015500001609325409,0.010750023648142815,17.636291915550828
pessimistic,150,multistation,8,8,8,t00072-c00018,18,72,8,0,8,True,False,no_show,23.1312,0.0,0,1,145.17237502150238,935.9287500847131,63.99212498217821,0.019666040316224098,999.9405411072075
pessimistic,150,multistation,8,8,8,t00072-c00030,30,72,6,0,6,True,False,cancelled_late,21.9032,0.0,0,1,35.44237487949431,999.8520838562399,0.11220807209610939,0.008541857823729515,999.9728337861598
pessimistic,150,multistation,8,8,8,t00072-c00136,136,72,3,0,3,True,False,satisfied,24.8069,25.2,36,1,196.40395790338516,890.6289169099182,109.34612504206598,0.0061248429119586945,999.9811667948961
pessimistic,150,multistation,8,8,8,t00073-c00028,28,73,2,0,2,True,False,satisfied,21.9162,22.0,44,1,59.788082959130406,282.72812510840595,136.90429204143584,0.020124949514865875,419.65254209935665
pessimistic,150,multistation,8,8,8,t00073-c00054,54,73,8,0,8,True,False,cancelled_late,22.4303,0.0,0,1,37.07295819185674,419.5629581809044,0.11333287693560123,0.009624985978007317,419.685916043818
pessimistic,150,multistation,8,8,8,t00074-c00073,73,74,7,0,7,True,False,satisfied,20.2447,20.8,26,1,40.54216714575887,352.44266712106764,0.027957838028669357,0.01937500201165676,352.48999996110797
pessimistic,150,multistation,8,8,8,t00074-c00099,99,74,3,0,3,True,False,satisfied,14.6395,14.7,21,1,16.025666845962405,297.67266707494855,54.837457835674286,0.007417052984237671,352.5175419636071
pessimistic,150,multistation,8,8,8,t00075-c00112,112,75,5,0,5,True,False,cancelled_late,25.0908,0.0,0,1,68.7898751348257,439.2795420717448,0.026833033189177513,0.01791701652109623,439.3242921214551
pessimistic,150,multistation,8,8,8,t00076-c00030,30,76,6,0,6,True,False,cancelled_early,24.5176,0.0,0,1,91.41162503510714,629.9139170441777,0.021791085600852966,0.017416896298527718,629.953125026077
pessimistic,150,multistation,8,8,8,t00076-c00112,112,76,5,0,5,True,False,no_show,20.8295,0.0,0,1,91.35654219426215,629.8588330391794,0.1294170506298542,0.007207971066236496,629.9954580608755
pessimistic,150,multistation,8,8,8,t00077-c00030,30,77,3,0,3,True,False,cancelled_late,24.4952,0.0,0,1,19.648042041808367,111.15379212424159,0.01908303238451481,0.013874843716621399,111.18675000034273
pessimistic,150,multistation,8,8,8,t00079-c00054,54,79,10,0,10,True,False,satisfied,22.374,21.6,27,1,35.313582979142666,415.1655831374228,0.026166904717683792,0.019040890038013458,415.2107909321785
pessimistic,150,multistation,8,8,8,t00080-c00005,5,80,5,0,5,True,False,no_show,22.5369,0.0,0,1,41.566082974895835,281.43670805729926,0.017083948478102684,0.01800013706088066,281.47179214283824
pessimistic,150,multistation,8,8,8,t00080-c00121,121,80,1,0,1,True,False,cancelled_late,22.4046,0.0,0,1,117.79287504032254,117.79287504032254,163.6934159323573,0.006749993190169334,281.49304096587
pessimistic,150,multistation,8,8,8,t00081-c00050,50,81,3,0,3,True,False,no_show,24.2858,0.0,0,1,24.92662495933473,422.95645899139345,0.02295803278684616,0.016417121514678,422.99583414569497
pessimistic,150,multistation,8,8,8,t00081-c00121,121,81,1,0,1,True,False,cancelled_early,23.5396,0.0,0,1,141.99066697619855,141.99066697619855,281.0245000291616,0.0069160014390945435,423.0220830067992
pessimistic,150,multistation,8,8,8,t00081-c00148,148,81,4,0,4,True,False,satisfied,26.0649,26.4,33,1,64.80404199101031,286.4419589750469,136.5858749486506,0.006332993507385254,423.03416691720486
pessimistic,150,multistation,8,8,8,t00082-c00014,14,82,5,0,5,True,False,satisfied,17.8281,17.6,22,1,121.62662507034838,339.69049993902445,438.2431670092046,0.016707926988601685,777.9503748752177
pessimistic,150,multistation,8,8,8,t00082-c00083,83,82,5,0,5,True,False,no_show,25.8775,0.0,0,1,97.54566685296595,623.6480418592691,154.33108317665756,0.007875030860304832,777.987000066787
pessimistic,150,multistation,8,8,8,t00082-c00121,121,82,1,0,1,True,False,satisfied,18.9166,14.7,21,1,77.30545778758824,77.30545778758824,700.6655000150204,0.005583977326750755,777.9765417799354
pessimistic,150,multistation,8,8,8,t00082-c00149,149,82,10,0,10,True,False,satisfied,15.4197,16.1,23,1,29.2305841576308,777.776625007391,0.18754205666482449,0.0074999406933784485,777.9716670047492
pessimistic,150,multistation,8,8,8,t00083-c00131,131,83,9,0,9,True,False,cancelled_late,20.806,0.0,0,1,36.32083395496011,954.4379999861121,0.034499913454055786,0.019208993762731552,954.4917088933289
pessimistic,150,multistation,8,8,8,t00083-c00133,133,83,3,0,3,True,False,cancelled_late,23.2774,0.0,0,1,358.34954190067947,767.5584170501679,186.9801669381559,0.007708091288805008,954.5462920796126
pessimistic,150,multistation,8,8,8,t00083-c00135,135,83,5,0,5,True,False,no_show,21.7428,0.0,0,1,342.26441592909396,789.9344579782337,164.6073330193758,0.006583984941244125,954.5483749825507
pessimistic,150,multistation,8,8,8,t00084-c00030,30,84,13,0,13,True,False,satisfied,18.8179,19.2,24,1,29.610333032906055,523.5859579406679,0.02829195000231266,0.02012518234550953,523.6343750730157
pessimistic,150,multistation,8,8,8,t00084-c00133,133,84,3,0,3,True,False,satisfied,18.0935,16.8,21,1,153.1810420565307,361.39620817266405,162.26666700094938,0.007416820153594017,523.670291993767
pessimistic,150,multistation,8,8,8,t00085-c00109,109,85,7,0,7,True,False,cancelled_late,16.9514,0.0,0,1,30.996124958619475,386.28937490284443,0.03070896491408348,0.01816614530980587,386.3382500130683
pessimistic,150,multistation,8,8,8,t00086-c00064,64,86,7,0,7,True,False,satisfied,22.3028,22.4,32,1,39.87800003960729,322.0309589523822,0.025207875296473503,0.01854216679930687,322.074708994478
pessimistic,150,multistation,8,8,8,t00087-c00016,16,87,3,0,3,True,False,cancelled_early,31.3866,0.0,0,1,90.66937491297722,280.98345804028213,67.33004190027714,0.019458122551441193,348.3329580631107
pessimistic,150,multistation,8,8,8,t00087-c00131,131,87,6,0,6,True,False,no_show,20.9447,0.0,0,1,37.56495798006654,348.23795803822577,0.13641687110066414,0.008667120710015297,348.38304203003645
pessimistic,150,multistation,8,8,8,t00088-c00016,16,88,5,0,5,True,False,breakdown,26.0397,0.0,0,1,658.6144159082323,1865.0812078267336,296.9368330668658,0.0189170241355896,2162.036957917735
pessimistic,150,multistation,8,8,8,t00088-c00048,48,88,6,0,6,True,False,cancelled_early,33.1147,0.0,0,1,131.06079096905887,2161.9471658486873,0.11250004172325134,0.008792150765657425,2162.068458041176
pessimistic,150,multistation,8,8,8,t00088-c00109,109,88,7,0,7,True,False,cancelled_early,18.15,0.0,0,1,704.822292085737,1821.2245418690145,340.85208317264915,0.007666880264878273,2162.0842919219285
pessimistic,150,multistation,8,8,8,t00089-c00048,48,89,6,0,6,True,False,satisfied,37.1352,36.8,92,1,153.58170890249312,2219.5858750492334,0.026541994884610176,0.03616698086261749,2219.6485840249807
pessimistic,150,multistation,8,8,8,t00089-c00109,109,89,11,0,11,True,False,cancelled_late,21.6798,0.0,0,1,557.7828749082983,1872.6024159695953,347.09558403119445,0.01354096457362175,2219.7115409653634
pessimistic,150,multistation,8,8,8,t00090-c00026,26,90,1,0,1,True,False,no_show,24.4439,0.0,0,1,71.00766710937023,71.00766710937023,0.023250002413988113,0.021999934688210487,71.05291704647243
pessimistic,150,multistation,8,8,8,t00091-c00109,109,91,12,0,12,True,False,no_show,13.825,0.0,0,1,45.96908297389746,607.270915992558,0.03674998879432678,0.027916859835386276,607.3355828411877
pessimistic,150,multistation,8,8,8,t00091-c00139,139,91,2,0,2,True,False,satisfied,26.7748,18.9,27,1,165.68033304065466,541.8830409180373,65.48891705460846,0.009667128324508667,607.3816251009703
pessimistic,150,multistation,8,8,8,t00092-c00077,77,92,4,0,4,True,False,satisfied,29.6299,30.0,50,1,86.59816579893231,411.3421249203384,61.25516607426107,0.01829187385737896,472.61558286845684
pessimistic,150,multistation,8,8,8,t00092-c00078,78,92,3,0,3,True,False,cancelled_late,13.5269,0.0,0,1,14.524166937917471,472.52224991098046,0.12670899741351604,0.008458038792014122,472.657416947186
pessimistic,150,multistation,8,8,8,t00093-c00011,11,93,5,0,5,True,False,cancelled_early,24.9443,0.0,0,1,781.3970420975238,2206.855250056833,0.023209024220705032,0.02150004729628563,2206.89995912835
pessimistic,150,multistation,8,8,8,t00093-c00019,19,93,5,0,5,True,False,no_show,25.2251,0.0,0,1,781.3505840022117,2206.808667164296,0.15229196287691593,0.008082948625087738,2206.969042075798
pessimistic,150,multistation,8,8,8,t00093-c00078,78,93,8,0,8,True,False,no_show,21.2997,0.0,0,1,781.3044998329133,2206.76258392632,0.1966250129044056,0.007082941010594368,2206.966291880235
pessimistic,150,multistation,8,8,8,t00094-c00011,11,94,5,0,5,True,False,satisfied,19.6685,20.0,40,1,28.223541798070073,831.2124588992447,0.019333092495799065,0.024791806936264038,831.2565837986767
pessimistic,150,multistation,8,8,8,t00094-c00039,39,94,5,0,5,True,False,cancelled_late,28.5438,0.0,0,1,150.46341600827873,737.8566248808056,93.43941602855921,0.00995909795165062,831.3060000073165
pessimistic,150,multistation,8,8,8,t00095-c00138,138,95,1,0,1,True,False,cancelled_late,26.6066,0.0,0,1,97.07529097795486,97.07529097795486,0.031624920666217804,0.01850002445280552,97.12541592307389
pessimistic,150,multistation,8,8,8,t00096-c00111,111,96,1,0,1,True,False,satisfied,16.1393,11.2,16,1,568.1643749121577,568.1643749121577,1328.3580830320716,0.022083986550569534,1896.5445419307798
pessimistic,150,multistation,8,8,8,t00096-c00138,138,96,13,0,13,True,False,satisfied,26.7997,26.8,67,1,100.56166700087488,1896.4465828612447,0.14579202979803085,0.013499986380338669,1896.605874877423
pessimistic,150,multistation,8,8,8,t00097-c00119,119,97,5,0,5,True,False,no_show,24.8387,0.0,0,1,49.138166941702366,516.8802090920508,0.03216578625142574,0.02433406189084053,516.9367089401931
pessimistic,150,multistation,8,8,8,t00098-c00040,40,98,10,0,10,True,False,cancelled_early,23.5218,0.0,0,1,40.7241249922663,835.8694170601666,0.027291011065244675,0.02545909956097603,835.9221671707928
pessimistic,150,multistation,8,8,8,t00098-c00043,43,98,2,0,2,True,False,satisfied,21.0701,13.5,27,1,99.25754205323756,464.1224581282586,371.85537489131093,0.00895909033715725,835.9867921099067
pessimistic,150,multistation,8,8,8,t00099-c00039,39,99,3,0,3,True,False,satisfied,28.585,18.0,36,1,383.48629092797637,940.136541146785,575.1547918189317,0.016208039596676826,1515.3075410053134
pessimistic,150,multistation,8,8,8,t00099-c00040,40,99,5,0,5,True,False,satisfied,18.754,15.0,30,1,46.4157909154892,1440.3097499161959,75.02766605466604,0.009083887562155724,1515.346499858424
pessimistic,150,multistation,8,8,8,t00099-c00114,114,99,18,0,18,True,False,satisfied,28.7935,29.4,42,1,46.362959081307054,1515.165917109698,0.17420784570276737,0.010750023648142815,1515.350874979049
pessimistic,150,multistation,8,8,8,t00100-c00025,25,100,5,0,5,True,False,satisfied,18.2226,18.4,46,1,43.96562511101365,466.9112090487033,0.02208305522799492,0.01987488940358162,466.9531669933349
pessimistic,150,multistation,8,8,8,t00100-c00101,101,100,5,0,5,True,False,cancelled_early,14.2561,0.0,0,1,43.910167180001736,466.8559171259403,0.1230000052601099,0.007417052984237671,466.98633418418467
pessimistic,150,multistation,8,8,8,t00101-c00034,34,101,5,0,5,True,False,no_show,32.1411,0.0,0,1,38.642375031486154,612.6224589534104,0.023208092898130417,0.020582927390933037,612.6662499736995
pessimistic,150,multistation,8,8,8,t00101-c00101,101,101,11,0,11,True,False,satisfied,13.1469,12.6,18,1,38.59120886772871,612.5712918583304,0.12512505054473877,0.009875046089291573,612.7062919549644
pessimistic,150,multistation,8,8,8,t00105-c00124,124,105,5,0,5,True,False,no_show,18.1085,0.0,0,1,35.77250009402633,224.97108299285173,0.03345799632370472,0.016834121197462082,225.0213751103729
pessimistic,150,multistation,8,8,8,t00106-c00053,53,106,6,0,6,True,False,no_show,19.2689,0.0,0,1,173.65187499672174,657.9083749093115,96.80191706866026,0.017582904547452927,754.7278748825192
pessimistic,150,multistation,8,8,8,t00106-c00063,63,106,5,0,5,True,False,no_show,14.9301,0.0,0,1,31.347084091976285,754.6398341655731,0.11391588486731052,0.009041978046298027,754.7627920284867
pessimistic,150,multistation,8,8,8,t00106-c00105,105,106,5,0,5,True,False,no_show,20.5638,0.0,0,1,31.30379202775657,754.5967500191182,0.1520831137895584,0.005959067493677139,754.7547922004014
pessimistic,150,multistation,8,8,8,t00107-c00007,7,107,3,0,3,True,False,cancelled_late,28.6119,0.0,0,1,119.42350002937019,1455.8802500832826,0.022999942302703857,0.022500054910779,1455.925750080496
pessimistic,150,multistation,8,8,8,t00107-c00031,31,107,3,0,3,True,False,cancelled_early,23.3432,0.0,0,1,119.37337485142052,1455.8302499353886,0.15770900063216686,0.00858306884765625,1455.9965420048684
pessimistic,150,multistation,8,8,8,t00107-c00130,130,107,5,0,5,True,False,no_show,16.8554,0.0,0,1,119.3195830564946,1455.7765000499785,0.21566683426499367,0.006708083674311638,1455.9988749679178
pessimistic,150,multistation,8,8,8,t00108-c00007,7,108,3,0,3,True,False,cancelled_late,23.9728,0.0,0,1,195.5424160696566,753.1280829571187,0.021625077351927757,0.016625039279460907,753.1663330737501
pessimistic,150,multistation,8,8,8,t00108-c00031,31,108,3,0,3,True,False,cancelled_late,28.887,0.0,0,1,195.4916671384126,753.0772499740124,0.13445806689560413,0.007041962817311287,753.2187500037253
pessimistic,150,multistation,8,8,8,t00108-c00098,98,108,1,0,1,True,False,satisfied,19.1074,12.0,20,1,15.771625097841024,15.771625097841024,737.436749972403,0.005458015948534012,753.2138330861926
pessimistic,150,multistation,8,8,8,t00110-c00097,97,110,6,0,6,True,False,satisfied,26.1189,26.4,66,1,127.94087501242757,905.3137090522796,0.02829078584909439,0.01750001683831215,905.359499854967
pessimistic,150,multistation,8,8,8,t00111-c00085,85,111,3,0,3,True,False,satisfied,15.2103,15.5,31,1,14.900041045621037,91.89854096621275,0.02637505531311035,0.01729186624288559,91.94220788776875
pessimistic,150,multistation,8,8,8,t00112-c00023,23,112,4,0,4,True,False,no_show,20.5799,0.0,0,1,351.570334052667,646.3375419843942,298.99241705425084,0.016208039596676826,945.3461670782417
pessimistic,150,multistation,8,8,8,t00112-c00031,31,112,4,0,4,True,False,cancelled_early,30.0854,0.0,0,1,176.26337497495115,945.2615410555154,0.10583410039544106,0.007999828085303307,945.3753749839962
pessimistic,150,multistation,8,8,8,t00112-c00104,104,112,1,0,1,True,False,no_show,24.9672,0.0,0,1,196.8621660489589,196.8621660489589,748.512834077701,0.0054158736020326614,945.3804160002619
pessimistic,150,multistation,8,8,8,t00113-c00007,7,113,3,0,3,True,False,cancelled_late,25.6516,0.0,0,1,158.62029185518622,1032.4316248297691,86.43870800733566,0.01654215157032013,1118.8868749886751
pessimistic,150,multistation,8,8,8,t00113-c00031,31,113,3,0,3,True,False,breakdown,29.5124,0.0,0,1,61.33104092441499,912.4282910488546,206.5025840420276,0.008207978680729866,1118.939083069563
pessimistic,150,multistation,8,8,8,t00113-c00089,89,113,9,0,9,True,False,cancelled_late,16.0472,0.0,0,1,32.482959097251296,1118.7516669742763,0.17758295871317387,0.007834052667021751,1118.9370839856565
pessimistic,150,multistation,8,8,8,t00114-c00001,1,114,4,0,4,True,False,cancelled_early,31.5169,0.0,0,1,186.54237501323223,750.4790839739144,46.36987508274615,0.0163328368216753,796.8652918934822
pessimistic,150,multistation,8,8,8,t00114-c00022,22,114,3,0,2,True,False,no_show,14.0755,0.0,0,1,774.2396250832826,796.7813750728965,0.11962489224970341,0.00658305361866951,796.9075830187649
pessimistic,150,multistation,8,8,8,t00115-c00001,1,115,4,0,4,True,False,cancelled_late,30.6367,0.0,0,1,120.55870797485113,727.2405410185456,52.160541992634535,0.01795799471437931,779.4190410058945
pessimistic,150,multistation,8,8,8,t00115-c00089,89,115,5,0,5,True,False,cancelled_early,19.215,0.0,0,1,75.3007500898093,779.3275411240757,0.14458387158811092,0.009750016033649445,779.4818750116974
pessimistic,150,multistation,8,8,8,t00115-c00145,145,115,2,0,2,True,False,no_show,24.9053,0.0,0,1,120.45958288945258,727.1414999850094,52.33950004912913,0.006207963451743126,779.4872079975903
pessimistic,150,multistation,8,8,8,t00116-c00001,1,116,2,0,2,True,False,satisfied,24.0887,24.4,61,1,91.657874872908,268.8887920230627,67.32529192231596,0.016916077584028244,336.2310000229627
pessimistic,150,multistation,8,8,8,t00116-c00089,89,116,6,0,6,True,False,cancelled_late,21.1349,0.0,0,1,29.643916990607977,336.13695902749896,0.11037499643862247,0.009499955922365189,336.25683397985995
pessimistic,150,multistation,8,8,8,t00117-c00007,7,117,5,0,5,True,False,cancelled_late,25.3683,0.0,0,1,85.72275005280972,331.6830419935286,0.021875137463212013,0.020499806851148605,331.72541693784297
pessimistic,150,multistation,8,8,8,t00119-c00131,131,119,1,0,1,True,False,cancelled_early,22.8651,0.0,0,1,14.216667041182518,14.216667041182518,0.02200016751885414,0.012666918337345123,14.251334127038717
pessimistic,150,multistation,8,8,8,t00120-c00005,5,120,3,0,3,True,False,no_show,28.1497,0.0,0,1,418.1840841192752,1397.6474590599537,95.3842499293387,0.016416190192103386,1493.0481251794845
pessimistic,150,multistation,8,8,8,t00120-c00083,83,120,5,0,5,True,False,cancelled_early,31.179,0.0,0,1,35.73162481188774,1492.9592499975115,0.11399993672966957,0.008666887879371643,1493.0819168221205
pessimistic,150,multistation,8,8,8,t00120-c00131,131,120,3,0,3,True,False,satisfied,24.4603,24.5,35,1,418.0852498393506,1397.548624780029,95.53808416239917,0.00600004568696022,1493.0927089881152
pessimistic,150,multistation,8,8,8,t00121-c00083,83,121,5,0,5,True,False,no_show,36.3947,0.0,0,1,345.17333284020424,1292.4208329059184,348.9508330821991,0.020999927073717117,1641.3926659151912
pessimistic,150,multistation,8,8,8,t00121-c00089,89,121,6,0,6,True,False,satisfied,19.0689,19.2,32,1,93.10983307659626,1641.2963750772178,0.12358301319181919,0.008499948307871819,1641.4284580387175
pessimistic,150,multistation,8,8,8,t00121-c00135,135,121,5,0,5,True,False,no_show,22.2884,0.0,0,1,93.06345786899328,1641.2503328174353,0.16695912927389145,0.006207963451743126,1641.423499910161
pessimistic,150,multistation,8,8,8,t00122-c00018,18,122,5,0,5,True,False,satisfied,31.7124,32.0,64,1,209.68195889145136,1097.3803750239313,88.51870894432068,0.01737498678267002,1185.9164589550346
pessimistic,150,multistation,8,8,8,t00122-c00079,79,122,5,0,5,True,False,no_show,20.6479,0.0,0,1,209.6279999241233,1185.823375126347,0.12999982573091984,0.008708098903298378,1185.9620830509812
pessimistic,150,multistation,8,8,8,t00124-c00007,7,124,10,0,10,True,False,no_show,29.5142,0.0,0,1,353.2597499433905,2291.412333957851,397.48729090206325,0.01950003206729889,2688.9191248919815
pessimistic,150,multistation,8,8,8,t00124-c00112,112,124,11,0,11,True,False,no_show,28.9794,0.0,0,1,499.4237089995295,2532.6003339141607,156.35816613212228,0.010167015716433525,2688.9686670619994
pessimistic,150,multistation,8,8,8,t00124-c00123,123,124,5,0,5,True,False,cancelled_late,16.1083,0.0,0,1,514.0663329511881,2083.32824986428,605.6293330620974,0.007082941010594368,2688.9646658673882
pessimistic,150,multistation,8,8,8,t00124-c00140,140,124,7,0,7,True,False,satisfied,24.407,24.4,61,1,51.58158391714096,2688.741291873157,0.23258314467966557,0.006916932761669159,2688.9807919505984
pessimistic,150,multistation,8,8,8,t00125-c00002,2,125,11,0,11,True,False,no_show,24.1152,0.0,0,1,42.01224981807172,1000.6474170368165,0.021790852770209312,0.018249964341521263,1000.6874578539282
pessimistic,150,multistation,8,8,8,t00125-c00080,80,125,7,0,7,True,False,no_show,13.5299,0.0,0,1,132.48883304186165,821.250458015129,179.46491693146527,0.009292038157582283,1000.7246669847518
pessimistic,150,multistation,8,8,8,t00125-c00123,123,125,5,0,5,True,False,cancelled_late,17.6392,0.0,0,1,57.59008415043354,821.206834167242,179.50595798902214,0.006499933078885078,1000.7192920893431
pessimistic,150,multistation,8,8,8,t00126-c00036,36,126,4,0,4,True,False,satisfied,19.7015,20.0,40,1,76.98766700923443,274.77187500335276,0.023707980290055275,0.016709091141819954,274.81229207478464
pessimistic,150,multistation,8,8,8,t00126-c00049,49,126,1,0,1,True,False,cancelled_late,19.473,0.0,0,1,14.888707781210542,14.888707781210542,259.94800007902086,0.007292022928595543,274.84399988316
pessimistic,150,multistation,8,8,8,t00128-c00062,62,128,5,0,5,True,False,satisfied,26.9749,27.2,68,1,51.40541703440249,1822.5690419785678,0.024042092263698578,0.021625077351927757,1822.6147091481835
pessimistic,150,multistation,8,8,8,t00128-c00108,108,128,10,0,9,True,False,satisfied,15.9923,16.1,23,1,290.10366601869464,1822.5205410271883,0.13204198330640793,0.009499955922365189,1822.662082966417
pessimistic,150,multistation,8,8,8,t00128-c00123,123,128,3,0,3,True,False,satisfied,21.3269,6.0,12,1,306.34799995459616,1216.8280829209834,605.8231671340764,0.0062498729676008224,1822.6574999280274
pessimistic,150,multistation,8,8,8,t00128-c00128,128,128,3,0,3,True,False,cancelled_early,22.8695,0.0,0,1,345.2633749693632,1250.9220419451594,571.7212499585003,0.005375128239393234,1822.648667031899
pessimistic,150,multistation,8,8,8,t00129-c00128,128,129,3,0,3,True,False,cancelled_late,17.7528,0.0,0,1,32.05329179763794,106.04212479665875,0.030667055398225784,0.017208047211170197,106.08999989926815
pessimistic,150,multistation,8,8,8,t00130-c00046,46,130,4,0,4,True,False,breakdown,32.4225,0.0,0,1,1036.096417112276,2561.662459047511,2436.180332908407,0.02408307045698166,4997.866875026375
pessimistic,150,multistation,8,8,8,t00130-c00050,50,130,18,0,18,True,False,no_show,24.5974,0.0,0,1,283.69758394546807,4997.769166948274,0.14599994756281376,0.013791956007480621,4997.928958851844
pessimistic,150,multistation,8,8,8,t00130-c00065,65,130,5,0,5,True,False,cancelled_early,28.3312,0.0,0,1,27.212999993935227,4716.702834004536,281.2161250039935,0.0076659489423036575,4997.926624957472
pessimistic,150,multistation,8,8,8,t00130-c00141,141,130,20,0,20,True,False,cancelled_late,19.786,0.0,0,1,283.60591689124703,4997.677499894053,0.2671671099960804,0.00954093411564827,4997.9542079381645
pessimistic,150,multistation,8,8,8,t00131-c00065,65,131,5,0,5,True,False,cancelled_late,27.7581,0.0,0,1,63.21733305230737,7831.671042134985,0.028790906071662903,0.018875114619731903,7831.718708155677
pessimistic,150,multistation,8,8,8,t00131-c00092,92,131,5,0,5,True,False,no_show,22.6289,0.0,0,1,2381.2819998711348,7237.560875015333,594.2084998823702,0.009041978046298027,7831.77841687575
pessimistic,150,multistation,8,8,8,t00131-c00115,115,131,5,0,5,True,False,satisfied,25.3614,25.8,43,1,63.11437487602234,7831.567999906838,0.1943749375641346,0.006250105798244476,7831.7686249502
pessimistic,150,multistation,8,8,8,t00131-c00128,128,131,5,0,5,True,False,satisfied,17.2068,11.2,16,1,63.0723328795284,7831.526041962206,0.22620800882577896,0.005292007699608803,7831.757541978732
pessimistic,150,multistation,8,8,8,t00131-c00130,130,131,3,0,3,True,False,no_show,23.2363,0.0,0,1,2476.3491249177605,7237.429874949157,594.3074580281973,0.004834029823541641,7831.742167007178
pessimistic,150,multistation,8,8,8,t00131-c00141,141,131,6,0,6,True,False,cancelled_late,24.6972,0.0,0,1,62.99183308146894,7831.445457879454,0.27762516401708126,0.005249865353107452,7831.728332908824
pessimistic,150,multistation,8,8,8,t00132-c00032,32,132,3,0,3,True,False,no_show,21.0248,0.0,0,1,90.23220813833177,1675.8924580644816,252.0445839036256,0.01670815981924534,1927.9537501279265
pessimistic,150,multistation,8,8,8,t00132-c00065,65,132,4,0,4,True,False,no_show,27.6498,0.0,0,1,372.8150420356542,1432.660583872348,495.3310410492122,0.008584000170230865,1928.0002089217305
pessimistic,150,multistation,8,8,8,t00132-c00109,109,132,10,0,10,True,False,cancelled_early,18.3768,0.0,0,1,24.871082976460457,1927.8212499339134,0.17291703261435032,0.009124865755438805,1928.0032918322831
pessimistic,150,multistation,8,8,8,t00132-c00129,129,132,4,0,4,True,False,no_show,18.1292,0.0,0,1,372.72987491451204,1432.5755001045763,495.43462484143674,0.005667097866535187,1928.0157920438796
pessimistic,150,multistation,8,8,8,t00133-c00109,109,133,5,0,5,True,False,cancelled_late,21.9912,0.0,0,1,29.446166940033436,275.4914581310004,0.027999980375170708,0.017833895981311798,275.5372920073569
pessimistic,150,multistation,8,8,8,t00134-c00087,87,134,10,0,10,True,False,satisfied,23.0701,23.4,39,1,22.61804207228124,510.64808294177055,0.030542025342583656,0.019167084246873856,510.69779205136
pessimistic,150,multistation,8,8,8,t00136-c00006,6,136,17,0,17,True,False,cancelled_late,18.4461,0.0,0,1,46.602040994912386,1357.588291168213,0.024333829060196877,0.019916100427508354,1357.6325410977006
pessimistic,150,multistation,8,8,8,t00136-c00141,141,136,6,0,6,True,False,cancelled_late,26.6936,0.0,0,1,146.302041830495,898.5169588122517,459.15770810097456,0.008499948307871819,1357.6831668615341
pessimistic,150,multistation,8,8,8,t00137-c00081,81,137,5,0,5,True,False,satisfied,28.8483,28.8,36,1,23.122457787394524,200.38916682824492,0.02508307807147503,0.01995800994336605,200.43420791625977
pessimistic,150,multistation,8,8,8,t00137-c00109,109,137,3,1,3,True,False,cancelled_late,20.2786,0.0,0,1,513.0127910524607,1861.5491660311818,229.98370905406773,0.0076659489423036575,2091.540541034192
pessimistic,150,multistation,8,8,8,t00138-c00072,72,138,4,0,4,True,False,cancelled_early,18.2118,0.0,0,1,70.32616692595184,1787.5604999717325,102.23241709172726,0.017790822312235832,1889.810707885772
pessimistic,150,multistation,8,8,8,t00138-c00132,132,138,7,0,7,True,False,satisfied,29.8069,30.0,50,1,55.27625000104308,1851.2383750639856,38.637708872556686,0.007541151717305183,1889.8836250882596
pessimistic,150,multistation,8,8,8,t00138-c00141,141,138,3,0,3,True,False,no_show,28.9951,0.0,0,1,106.3919581938535,1889.6480412222445,0.21933391690254211,0.005082925781607628,1889.8724580649287
pessimistic,150,multistation,8,8,8,t00139-c00072,72,139,4,0,4,True,False,satisfied,24.0166,24.5,35,1,430.42933312244713,734.4816250260919,361.5672499872744,0.01737498678267002,1096.066250000149
pessimistic,150,multistation,8,8,8,t00139-c00142,142,139,6,0,6,True,False,no_show,29.4848,0.0,0,1,84.6935419831425,1095.9703337866813,0.12133317068219185,0.008832896128296852,1096.1004998534918
pessimistic,150,multistation,8,8,8,t00140-c00022,22,140,3,0,2,True,False,no_show,15.5264,0.0,0,1,47.018042067065835,83.62437505275011,15.367666957899928,0.019832979887723923,99.01187499053776
pessimistic,150,multistation,8,8,8,t00140-c00078,78,140,1,0,1,True,False,satisfied,26.0036,14.4,24,1,24.72708304412663,24.72708304412663,74.29999997839332,0.006916932761669159,99.03399995528162
pessimistic,150,multistation,8,8,8,t00141-c00006,6,141,14,0,14,True,False,cancelled_late,19.2392,0.0,0,1,160.28495784848928,2411.8378330022097,0.026583904400467873,0.021707965061068535,2411.886124871671
pessimistic,150,multistation,8,8,8,t00141-c00038,38,141,4,1,3,True,False,cancelled_late,19.3551,0.0,0,1,2554.136000107974,2817.6924160216004,114.64179214090109,0.01850002445280552,2932.3527081869543
pessimistic,150,multistation,8,8,8,t00141-c00042,42,141,3,0,3,True,False,satisfied,22.664,23.0,46,1,721.5707909781486,1587.157707894221,824.7359171509743,0.00758306123316288,2411.9012081064284
pessimistic,150,multistation,8,8,8,t00141-c00063,63,141,2,0,2,True,False,no_show,19.0946,0.0,0,1,676.5499161556363,1503.6669161636382,908.2214168738574,0.005458015948534012,2411.893791053444
pessimistic,150,multistation,8,8,8,t00141-c00109,109,141,15,0,15,True,False,satisfied,24.764,25.0,50,1,42.2800830565393,2411.6618330590427,0.22095884196460247,0.008125090971589088,2411.890916991979
pessimistic,150,multistation,8,8,8,t00142-c00105,105,142,9,0,9,True,False,no_show,26.7542,0.0,0,1,37.637416971847415,519.0645419061184,0.1379579771310091,0.009667128324508667,519.2121670115739
pessimistic,150,multistation,8,8,8,t00143-c00038,38,143,1,0,1,True,False,cancelled_early,20.5746,0.0,0,1,21.272582933306694,21.272582933306694,186.81291700340807,0.014707911759614944,208.10020784847438
pessimistic,150,multistation,8,8,8,t00143-c00049,49,143,3,0,3,True,False,no_show,21.5614,0.0,0,1,21.223625168204308,178.35900001227856,29.77879112586379,0.008499948307871819,208.14629108645022
pessimistic,150,multistation,8,8,8,t00143-c00100,100,143,1,0,1,True,False,cancelled_early,23.3226,0.0,0,1,21.17724996060133,21.17724996060133,186.95174995809793,0.004958128556609154,208.13395804725587
pessimistic,150,multistation,8,8,8,t00143-c00124,124,143,3,0,3,True,False,no_show,25.78,0.0,0,1,50.33662496134639,207.9254579730332,0.19724993035197258,0.005334150046110153,208.12804205343127
pessimistic,150,multistation,8,8,8,t00144-c00006,6,144,11,0,11,True,False,no_show,21.0137,0.0,0,1,118.9811669755727,882.4139591306448,86.31008304655552,0.024667009711265564,968.7487091869116
pessimistic,150,multistation,8,8,8,t00144-c00038,38,144,1,0,1,True,False,cancelled_late,22.9267,0.0,0,1,147.65370800159872,147.65370800159872,821.1119170300663,0.006708083674311638,968.7723331153393
pessimistic,150,multistation,8,8,8,t00144-c00100,100,144,1,0,1,True,False,no_show,28.304,0.0,0,1,147.60616701096296,147.60616701096296,821.1669579613954,0.004917150363326073,968.7780421227217
pessimistic,150,multistation,8,8,8,t00144-c00134,134,144,5,0,5,True,False,cancelled_late,21.6521,0.0,0,1,35.25775019079447,968.5547910630703,0.20483415573835373,0.0062498729676008224,968.7658750917763
pessimistic,150,multistation,8,8,8,t00146-c00008,8,146,3,0,3,True,False,no_show,22.1458,0.0,0,1,42.91095910593867,724.1475421469659,0.01816684380173683,0.012708129361271858,724.1784171201289
pessimistic,150,multistation,8,8,8,t00146-c00037,37,146,1,0,1,True,False,cancelled_early,25.6408,0.0,0,1,17.545208800584078,17.545208800584078,706.6446251701564,0.0065409112721681595,724.1963748820126
pessimistic,150,multistation,8,8,8,t00146-c00113,113,146,3,0,3,True,False,cancelled_early,18.3461,0.0,0,1,42.82149998471141,724.0578751079738,0.14316686429083347,0.005332985892891884,724.2063749581575
pessimistic,150,multistation,8,8,8,t00147-c00037,37,147,1,0,1,True,False,cancelled_early,29.9414,0.0,0,1,110.16679205931723,110.16679205931723,219.76449992507696,0.017375219613313675,329.9486672040075
pessimistic,150,multistation,8,8,8,t00147-c00106,106,147,4,1,4,True,False,satisfied,20.2497,20.4,34,1,400.7150831166655,678.5627920180559,113.01383306272328,0.007875030860304832,791.5845001116395
pessimistic,150,multistation,8,8,8,t00147-c00113,113,147,5,0,5,True,False,no_show,18.5013,0.0,0,1,39.26949994638562,329.8214168753475,0.13675005175173283,0.009624985978007317,329.96779191307724
pessimistic,150,multistation,8,8,8,t00148-c00037,37,148,3,0,3,True,False,cancelled_early,23.9213,0.0,0,1,91.56420803628862,390.64445812255144,69.60258400067687,0.015500001609325409,460.26254212483764
pessimistic,150,multistation,8,8,8,t00148-c00126,126,148,5,0,5,True,False,cancelled_late,21.2484,0.0,0,1,22.871082881465554,460.14804183505476,0.16545807011425495,0.006708083674311638,460.3202079888433
pessimistic,150,multistation,8,8,8,t00149-c00037,37,149,5,0,5,True,False,cancelled_early,26.3254,0.0,0,1,88.55583309195936,290.58945807628334,0.02445792779326439,0.017834128811955452,290.63175013288856
pessimistic,150,multistation,8,8,8,t00150-c00037,37,150,5,0,5,True,False,no_show,21.4341,0.0,0,1,436.34191690944135,1026.1414998676628,66.38979213312268,0.0213750172406435,1092.552667018026
pessimistic,150,multistation,8,8,8,t00150-c00038,38,150,6,0,6,True,False,satisfied,20.5193,19.2,24,1,436.29662482999265,1026.0960420127958,66.48604082874954,0.007709022611379623,1092.5897918641567
pessimistic,150,multistation,8,8,8,t00150-c00053,53,150,1,0,1,True,False,cancelled_late,21.2329,0.0,0,1,459.82754207216203,459.82754207216203,632.7516669407487,0.005291076377034187,1092.5845000892878
pessimistic,150,multistation,8,8,8,t00150-c00107,107,150,5,0,5,True,False,cancelled_early,21.5785,0.0,0,1,25.141790974885225,1092.3778750002384,0.205666059628129,0.006458954885601997,1092.5900000147521
pessimistic,150,multistation,8,8,8,t00151-c00107,107,151,4,0,4,True,False,no_show,26.8035,0.0,0,1,89.08220799639821,307.0319159887731,122.64666706323624,0.01454213634133339,429.6931251883507
pessimistic,150,multistation,8,8,8,t00151-c00134,134,151,5,0,5,True,False,satisfied,21.1831,21.6,36,1,22.020749980583787,429.60491590201855,0.1002501230686903,0.008167000487446785,429.7133330255747
pessimistic,150,multistation,8,8,8,t00153-c00047,47,153,3,0,3,True,False,satisfied,17.3404,14.7,21,1,188.65758297033608,466.800999827683,205.58987511321902,0.01695798709988594,672.4078329280019
pessimistic,150,multistation,8,8,8,t00153-c00084,84,153,16,0,16,True,False,cancelled_late,17.7087,0.0,0,1,20.1453750487417,672.3225829191506,0.12225005775690079,0.012417091056704521,672.4572500679642
pessimistic,150,multistation,8,8,8,t00154-c00126,126,154,11,0,11,True,False,cancelled_late,16.5726,0.0,0,1,20.99058381281793,379.3312089983374,0.03583286888897419,0.022208085283637047,379.38924995251
pessimistic,150,multistation,8,8,8,t00155-c00034,34,155,1,0,1,True,False,satisfied,31.7974,12.0,15,1,19.550166092813015,19.550166092813015,0.020583858713507652,0.014916062355041504,19.585666013881564
pessimistic,150,multistation,8,8,8,t00156-c00080,80,156,2,0,2,True,False,no_show,17.2674,0.0,0,1,51.049166824668646,96.97016701102257,0.02445792779326439,0.016167061403393745,97.01079200021923
pessimistic,150,multistation,8,8,8,t00156-c00082,82,156,2,2,2,True,False,cancelled_early,24.1255,0.0,0,1,860.0083338096738,1178.746499819681,610.684750135988,0.005292007699608803,1789.4365419633687
pessimistic,150,multistation,8,8,8,t00156-c00135,135,156,1,0,1,True,False,satisfied,27.0781,8.4,12,1,16.79329201579094,16.79329201579094,80.1925000268966,0.006624963134527206,96.99241700582206
pessimistic,150,multistation,8,8,8,t00157-c00061,61,157,6,0,6,True,False,cancelled_early,21.5608,0.0,0,1,62.05520802177489,593.819750007242,0.025790883228182793,0.019625062122941017,593.8651659525931
pessimistic,150,multistation,8,8,8,t00157-c00125,125,157,5,0,5,True,False,satisfied,27.3407,28.0,35,1,61.969167087227106,498.0939170345664,95.77387501485646,0.008082948625087738,593.875874998048
pessimistic,150,multistation,8,8,8,t00158-c00012,12,158,4,0,4,True,False,satisfied,13.9953,14.4,24,1,166.53366689570248,485.2717078756541,610.5370421428233,0.020041828975081444,1095.8287918474525
pessimistic,150,multistation,8,8,8,t00158-c00061,61,158,3,0,3,True,False,cancelled_late,22.9886,0.0,0,1,76.23704080469906,1095.7351659890264,0.11891685426235199,0.007708091288805008,1095.8617909345776
pessimistic,150,multistation,8,8,8,t00158-c00084,84,158,5,0,5,True,False,satisfied,24.2689,24.5,35,1,76.16679184138775,1095.6653328612447,0.20462507382035255,0.005916925147175789,1095.8758748602122
pessimistic,150,multistation,8,8,8,t00159-c00082,82,159,4,0,4,True,False,satisfied,18.8685,14.4,36,1,98.13404199667275,440.9012079704553,330.77833405695856,0.0163328368216753,771.6958748642355
pessimistic,150,multistation,8,8,8,t00159-c00126,126,159,10,0,10,True,False,satisfied,22.8674,23.1,33,1,25.31079202890396,771.6010841540992,0.11716596782207489,0.010041985660791397,771.7282921075821
pessimistic,150,multistation,8,8,8,t00160-c00000,0,160,1,0,1,True,False,satisfied,18.4011,18.8,47,1,374.3922079447657,374.3922079447657,764.6193751133978,0.015750061720609665,1139.0273331198841
pessimistic,150,multistation,8,8,8,t00160-c00019,19,160,5,0,5,True,False,cancelled_early,33.5864,0.0,0,1,131.00404106080532,1138.947332976386,0.10249996557831764,0.009624985978007317,1139.0594579279423
pessimistic,150,multistation,8,8,8,t00160-c00056,56,160,4,0,4,True,False,no_show,16.681,0.0,0,1,290.7588330563158,664.6446250379086,474.413082934916,0.007166992872953415,1139.0648749656975
pessimistic,150,multistation,8,8,8,t00161-c00019,19,161,5,0,5,True,False,satisfied,32.6788,32.8,82,1,109.60241686552763,857.6946668326855,0.01912517473101616,0.01950003206729889,857.7332920394838
pessimistic,150,multistation,8,8,8,t00162-c00026,26,162,7,0,7,True,False,satisfied,33.1774,33.2,83,1,146.17983298376203,1494.2152078729123,0.022458145394921303,0.01816684380173683,1494.255832862109
pessimistic,150,multistation,8,8,8,t00162-c00053,53,162,2,0,2,True,False,satisfied,25.5168,26.0,52,1,191.75658305175602,1351.3588330242783,142.92049990035594,0.007125083357095718,1494.2864580079913
pessimistic,150,multistation,8,8,8,t00163-c00015,15,163,2,0,2,True,False,satisfied,21.2297,21.5,43,1,131.7447079345584,393.6887909658253,87.16612495481968,0.018042046576738358,480.87295796722174
pessimistic,150,multistation,8,8,8,t00163-c00022,22,163,4,0,4,True,False,cancelled_late,20.4789,0.0,0,1,66.22508307918906,216.90858295187354,263.99337500333786,0.007834052667021751,480.9097920078784
pessimistic,150,multistation,8,8,8,t00163-c00061,61,163,3,0,3,True,False,no_show,25.5535,0.0,0,1,49.08374999649823,480.7476249989122,0.1634999644011259,0.005542067810893059,480.91666703112423
pessimistic,150,multistation,8,8,8,t00165-c00022,22,165,6,0,6,True,False,cancelled_early,24.0799,0.0,0,1,617.0021670404822,1816.3741249591112,381.77533401176333,0.016666017472743988,2198.1661249883473
pessimistic,150,multistation,8,8,8,t00165-c00032,32,165,3,0,3,True,False,satisfied,22.5431,23.1,33,1,669.2506251856685,1676.34666711092,521.8573329038918,0.007125083357095718,2198.211125098169
pessimistic,150,multistation,8,8,8,t00165-c00071,71,165,14,0,14,True,False,satisfied,20.2853,20.0,25,1,138.2319580297917,2198.0409580282867,0.1666247844696045,0.009624985978007317,2198.2172077987343
pessimistic,150,multistation,8,8,8,t00165-c00119,119,165,6,0,6,True,False,breakdown,30.1346,0.0,0,1,107.3299590498209,2156.482875114307,41.71975003555417,0.006749993190169334,2198.209375143051
pessimistic,150,multistation,8,8,8,t00166-c00022,22,166,6,0,6,True,False,no_show,24.8548,0.0,0,1,40.75141600333154,413.4959999937564,0.02187490463256836,0.020290957763791084,413.5381658561528
pessimistic,150,multistation,8,8,8,t00166-c00127,127,166,3,0,3,True,False,satisfied,20.6193,21.0,42,1,17.77654211036861,344.82458303682506,68.73908406123519,0.0076659489423036575,413.57133304700255
pessimistic,150,multistation,8,8,8,t00169-c00002,2,169,4,0,4,True,False,satisfied,35.1577,35.7,51,1,116.35391716845334,839.7927090991288,81.1681249178946,0.017415964975953102,920.9782499819994
pessimistic,150,multistation,8,8,8,t00169-c00059,59,169,4,0,4,True,False,satisfied,18.9454,18.6,31,1,116.2996671628207,839.7383340634406,81.26733312383294,0.0073749106377363205,921.0130420979112
pessimistic,150,multistation,8,8,8,t00169-c00090,90,169,5,0,5,True,False,no_show,18.2867,0.0,0,1,22.951458115130663,920.8402500953525,0.15845801681280136,0.00695791095495224,921.0056660231203
pessimistic,150,multistation,8,8,8,t00170-c00130,130,170,3,0,3,True,False,breakdown,24.6093,0.0,0,1,25.065958965569735,128.62287485040724,0.028250040486454964,0.01433398574590683,128.6654588766396
pessimistic,150,multistation,8,8,8,t00171-c00017,17,171,5,0,5,True,False,satisfied,27.4725,28.0,40,1,21.746499929577112,258.9365418534726,0.01808302477002144,0.015958910807967186,258.9705837890506
pessimistic,150,multistation,8,8,8,t00172-c00023,23,172,5,0,5,True,False,satisfied,28.2545,28.0,70,1,44.332583202049136,578.8507910910994,0.02050003968179226,0.0177919864654541,578.8890831172466
pessimistic,150,multistation,8,8,8,t00173-c00104,104,173,5,0,5,True,False,breakdown,26.4954,0.0,0,1,29.407208086922765,830.6966670788825,0.03324984572827816,0.040791230276227,830.770708154887
pessimistic,150,multistation,8,8,8,t00173-c00145,145,173,3,0,3,True,False,cancelled_late,35.4814,0.0,0,1,215.23912507109344,699.4272079318762,131.38479203917086,0.011791009455919266,830.823790980503
pessimistic,150,multistation,8,8,8,t00175-c00005,5,175,3,0,3,True,False,breakdown,31.3395,0.0,0,1,422.70274995826185,942.0269171241671,359.4384170137346,0.03233295865356922,1301.4976670965552
pessimistic,150,multistation,8,8,8,t00175-c00079,79,175,12,0,12,True,False,no_show,25.807,0.0,0,1,69.27712494507432,1301.3861249201,0.15466706827282906,0.013665994629263878,1301.554457983002
pessimistic,150,multistation,8,8,8,t00176-c00007,7,176,4,0,4,True,False,cancelled_late,34.5523,0.0,0,1,60.56295894086361,288.6705419514328,0.05050003528594971,0.050541944801807404,288.7715839315206
pessimistic,150,multistation,8,8,8,t00176-c00145,145,176,1,4,1,True,False,breakdown,36.7283,0.0,0,1,2001.4348330441862,2001.4348330441862,698.8718339707702,0.007541151717305183,2700.314208166674
pessimistic,150,multistation,8,8,8,t00178-c00103,103,178,1,0,1,True,False,cancelled_late,21.4371,0.0,0,1,17.408208921551704,17.408208921551704,0.02645794302225113,0.013292068615555763,17.44795893318951
pessimistic,150,multistation,8,8,8,t00179-c00007,7,179,10,0,10,True,False,no_show,32.2575,0.0,0,1,110.31012493185699,1459.9444579798728,0.027041882276535034,0.02454104833304882,1459.9960409104824
pessimistic,150,multistation,8,8,8,t00179-c00049,49,179,4,0,4,True,False,no_show,27.8481,0.0,0,1,80.91137511655688,1227.2846249397844,232.7482912223786,0.009624985978007317,1460.042541148141
pessimistic,150,multistation,8,8,8,t00179-c00050,50,179,3,0,3,True,False,cancelled_late,32.393,0.0,0,1,221.49408305995166,1227.2451671306044,232.78724984265864,0.00662519596517086,1460.0390421692282
pessimistic,150,multistation,8,8,8,t00180-c00020,20,180,6,0,6,True,False,cancelled_late,31.7341,0.0,0,1,77.31558405794203,928.3244588878006,0.02195802517235279,0.024250010028481483,928.3706669230014
pessimistic,150,multistation,8,8,8,t00181-c00020,20,181,5,0,5,True,False,cancelled_late,17.8563,0.0,0,1,82.48045784421265,1786.0341249033809,109.42262504249811,0.020165927708148956,1895.4769158735871
pessimistic,150,multistation,8,8,8,t00181-c00041,41,181,6,0,6,True,False,no_show,22.3935,0.0,0,1,631.5335419494659,1895.383832976222,0.14841696247458458,0.009250128641724586,1895.5415000673383
pessimistic,150,multistation,8,8,8,t00181-c00050,50,181,3,0,3,True,False,breakdown,34.8638,0.0,0,1,560.5918748769909,1785.9442920889705,109.58462487906218,0.005749985575675964,1895.5346669536084
pessimistic,150,multistation,8,8,8,t00183-c00065,65,183,3,0,3,True,False,satisfied,29.6559,30.0,50,1,80.49891702830791,791.7887498624623,165.1818749960512,0.01770816743373871,956.9883330259472
pessimistic,150,multistation,8,8,8,t00183-c00083,83,183,4,0,4,True,False,cancelled_early,41.5281,0.0,0,1,177.05304198898375,512.0170419104397,445.0109170284122,0.009082956239581108,957.0370418950915
pessimistic,150,multistation,8,8,8,t00183-c00141,141,183,6,0,6,True,False,cancelled_early,27.3182,0.0,0,1,19.840165972709656,956.8543329369277,0.19249995239078999,0.007875030860304832,957.0547079201788
pessimistic,150,multistation,8,8,8,t00184-c00008,8,184,5,0,5,True,False,satisfied,22.5552,22.8,38,1,483.9029579889029,1243.7452499289066,425.38929102011025,0.020834151655435562,1669.1553751006722
pessimistic,150,multistation,8,8,8,t00184-c00083,83,184,4,0,4,True,False,cancelled_late,44.3636,0.0,0,1,483.84779202751815,1243.6898751184344,425.5011670757085,0.009124865755438805,1669.2001670598984
pessimistic,150,multistation,8,8,8,t00184-c00141,141,184,8,0,8,True,False,satisfied,33.1009,33.6,48,1,61.63112516514957,1669.0052500925958,0.20220805890858173,0.008916947990655899,1669.216375099495
pessimistic,150,multistation,8,8,8,t00185-c00103,103,185,6,0,6,True,False,cancelled_early,19.0177,0.0,0,1,18.911792198196054,191.64133304730058,0.02737506292760372,0.01750001683831215,191.6862081270665
pessimistic,150,multistation,8,8,8,t00186-c00020,20,186,5,0,5,True,False,no_show,28.7369,0.0,0,1,217.77662495151162,929.5472500380129,0.02074986696243286,0.01958315260708332,929.5875830575824
pessimistic,150,multistation,8,8,8,t00186-c00092,92,186,1,0,1,True,False,no_show,29.5276,0.0,0,1,217.7211670204997,217.7211670204997,711.8860410992056,0.007458962500095367,929.6146670822054
pessimistic,150,multistation,8,8,8,t00186-c00103,103,186,5,0,5,True,False,cancelled_early,25.382,0.0,0,1,60.527874855324626,695.0456248596311,234.55337504856288,0.007458031177520752,929.6064579393715
pessimistic,150,multistation,8,8,8,t00187-c00063,63,187,2,0,2,True,False,cancelled_early,18.4679,0.0,0,1,117.17354110442102,262.2772080358118,35.726499976590276,0.015667174011468887,298.0193751864135
pessimistic,150,multistation,8,8,8,t00187-c00103,103,187,5,0,5,True,False,no_show,26.971,0.0,0,1,50.721040926873684,297.9294580873102,0.13266690075397491,0.008750008419156075,298.0708749964833
pessimistic,150,multistation,8,8,8,t00188-c00063,63,188,1,0,1,True,False,cancelled_early,24.7885,0.0,0,1,95.41695797815919,95.41695797815919,445.6122920382768,0.015666941180825233,541.0449169576168
pessimistic,150,multistation,8,8,8,t00188-c00124,124,188,7,0,7,True,False,satisfied,31.809,31.9437,46,1,60.31516706570983,540.9546250011772,0.13366714119911194,0.00937492586672306,541.097667068243
pessimistic,150,multistation,8,8,8,t00189-c00063,63,189,3,0,3,True,False,satisfied,27.5063,27.9218,56,1,399.5081251487136,1805.256917141378,499.45629108697176,0.03712484613060951,2304.7503330744803
pessimistic,150,multistation,8,8,8,t00189-c00083,83,189,7,0,7,True,False,satisfied,38.5089,39.2,56,1,321.87587511725724,1734.7427499480546,570.0598331168294,0.01233397051692009,2304.814917035401
pessimistic,150,multistation,8,8,8,t00189-c00105,105,189,10,0,10,True,False,no_show,30.5806,0.0,0,1,122.48333310708404,2304.5901670120656,0.22204103879630566,0.009875046089291573,2304.8220830969512
pessimistic,150,multistation,8,8,8,t00189-c00112,112,189,5,0,5,True,False,satisfied,36.7518,37.0,74,1,122.44495912455022,2304.5520840678364,0.25633303448557854,0.006832880899310112,2304.8152499832213
pessimistic,150,multistation,8,8,8,t00190-c00006,6,190,4,0,4,True,False,satisfied,26.3939,26.5,53,1,46.48400004953146,290.3641660232097,0.023583881556987762,0.01954101026058197,290.40729091502726
pessimistic,150,multistation,8,8,8,t00191-c00069,69,191,6,0,6,True,False,no_show,25.2405,0.0,0,1,46.231457963585854,508.4287500940263,0.02783280797302723,0.024042092263698578,508.48062499426305
pessimistic,150,multistation,8,8,8,t00192-c00027,27,192,6,0,6,True,False,cancelled_early,21.5964,0.0,0,1,88.53004220873117,621.2480841204524,0.024624867364764214,0.01816614530980587,621.290875133127
pessimistic,150,multistation,8,8,8,t00192-c00100,100,192,4,0,4,True,False,no_show,26.9631,0.0,0,1,23.953666910529137,525.4706249106675,95.86908295750618,0.008292030543088913,621.3479998987168
pessimistic,150,multistation,8,8,8,t00192-c00129,129,192,1,4,1,True,False,breakdown,22.8848,0.0,0,1,1506.8082090001553,1506.8082090001553,0.029624905437231064,0.01637497916817665,1506.8542088847607
pessimistic,150,multistation,8,8,8,t00193-c00027,27,193,6,0,6,True,False,no_show,19.4097,0.0,0,1,149.2232501041144,524.3048341944814,0.02374988980591297,0.019208062440156937,524.3477921467274
pessimistic,150,multistation,8,8,8,t00193-c00056,56,193,5,0,5,True,False,satisfied,17.489,17.5,25,1,149.17254191823304,524.2543749045581,0.12587499804794788,0.008834060281515121,524.3890839628875
pessimistic,150,multistation,8,8,8,t00194-c00107,107,194,5,0,5,True,False,satisfied,28.4863,28.7,41,1,98.82433293387294,305.49337482079864,0.028416048735380173,0.015459023416042328,305.53724989295006
pessimistic,150,multistation,8,8,8,t00197-c00090,90,197,3,0,3,True,False,satisfied,20.7647,21.0,30,1,17.280290834605694,77.86504086107016,0.027167145162820816,0.01616682857275009,77.90837483480573
pessimistic,150,multistation,8,8,8,t00198-c00080,80,198,5,0,5,True,False,cancelled_late,26.5351,0.0,0,1,56.153166806325316,333.57091690413654,0.023416010662913322,0.015167053788900375,333.60949996858835
pessimistic,150,multistation,8,8,8,t00198-c00113,113,198,1,0,1,True,False,satisfied,25.6936,15.6,39,1,123.21575009264052,123.21575009264052,210.41679102927446,0.006875023245811462,333.6394161451608
pessimistic,150,multistation,8,8,8,t00200-c00037,37,200,3,0,3,True,False,no_show,26.447,0.0,0,1,416.86345892958343,802.6732089929283,0.028291018679738045,0.01750001683831215,802.7190000284463
pessimistic,150,multistation,8,8,8,t00200-c00080,80,200,3,0,3,True,False,cancelled_late,22.4561,0.0,0,1,416.81570815853775,802.6254170108587,0.11595804244279861,0.007041962817311287,802.7484170161188
pessimistic,150,multistation,8,8,8,t00201-c00033,33,201,3,0,3,True,False,cancelled_late,23.0376,0.0,0,1,36.25279199331999,153.17912492901087,0.020458130165934563,0.016583828255534172,153.21616688743234
pessimistic,150,multistation,8,8,8,t00203-c00135,135,203,7,0,7,True,False,no_show,18.2278,0.0,0,1,33.172041177749634,269.4632501807064,0.03341585397720337,0.022834166884422302,269.519500201568
pessimistic,150,multistation,8,8,8,t00204-c00033,33,204,1,0,1,True,False,satisfied,28.0317,11.2,16,1,14.003499876707792,14.003499876707792,0.01700012944638729,0.011415919288992882,14.031915925443172
pessimistic,150,multistation,8,8,8,t00205-c00080,80,205,4,0,4,True,False,breakdown,27.2016,0.0,0,1,101.73495905473828,315.40104188025,0.026667024940252304,0.01758313737809658,315.4452920425683
pessimistic,150,multistation,8,8,8,t00206-c00022,22,206,3,0,3,True,False,satisfied,27.3332,27.9825,35,1,41.95916699245572,137.82408321276307,0.021124957129359245,0.018459046259522438,137.86366721615195
pessimistic,150,multistation,8,8,8,t00207-c00024,24,207,4,0,4,True,False,cancelled_early,32.1733,0.0,0,1,252.38625006750226,955.4486249107867,0.021415995433926582,0.01800013706088066,955.4880410432816
pessimistic,150,multistation,8,8,8,t00207-c00116,116,207,4,0,4,True,False,satisfied,16.0594,16.0,40,1,393.64520786330104,594.5952078327537,360.9472089447081,0.009041046723723412,955.5514578241855
pessimistic,150,multistation,8,8,8,t00208-c00024,24,208,7,0,7,True,False,satisfied,26.188,26.4,66,1,97.7581248153001,875.9405829478055,0.02333289012312889,0.024584122002124786,875.9884999599308
pessimistic,150,multistation,8,8,8,t00209-c00013,13,209,2,0,1,True,False,satisfied,17.9959,18.0,30,1,45.980375027284026,45.980375027284026,0.01691700890660286,0.015750061720609665,46.01304209791124
pessimistic,150,multistation,8,8,8,t00212-c00102,102,212,6,0,6,True,False,satisfied,18.1338,18.0,30,1,27.956125093623996,243.97479207254946,0.029624905437231064,0.01900014467537403,244.02341712266207
pessimistic,150,multistation,8,8,8,t00213-c00009,9,213,1,0,1,True,False,cancelled_late,32.2912,0.0,0,1,18.979332875460386,18.979332875460386,0.014709075912833214,0.011750031262636185,19.005791982635856
pessimistic,150,multistation,8,8,8,t00222-c00027,27,222,3,0,3,True,False,no_show,21.7523,0.0,0,1,13.162124902009964,80.96725004725158,0.021249987185001373,0.017625046893954277,81.00612508133054
pessimistic,150,multistation,8,8,8,t00223-c00103,103,223,2,0,1,True,False,cancelled_early,31.0521,0.0,0,1,130.3393749985844,130.3393749985844,0.025792047381401062,0.014165882021188736,130.37933292798698
pessimistic,150,multistation,8,8,8,t00223-c00142,142,223,1,0,1,True,False,satisfied,40.2586,28.8,72,1,91.05333383195102,91.05333383195102,39.36200006864965,0.0066659413278102875,130.42199984192848
pessimistic,150,multistation,8,8,8,t00224-c00049,49,224,1,4,1,True,False,satisfied,29.2463,13.3,19,1,4316.412958083674,4316.412958083674,0.016333069652318954,0.012625008821487427,4316.441916162148
pessimistic,150,multistation,8,8,8,t00224-c00061,61,224,4,0,4,True,False,cancelled_late,29.3757,0.0,0,1,613.1132079754025,1285.4797500185668,1347.578041953966,0.019415980204939842,2633.077207952738
pessimistic,150,multistation,8,8,8,t00224-c00093,93,224,17,0,17,True,False,satisfied,25.9946,25.6,64,1,95.38983390666544,2632.98666710034,0.15966687351465225,0.01416611485183239,2633.1605000887066
pessimistic,150,multistation,8,8,8,t00224-c00103,103,224,4,1,4,True,False,satisfied,24.9153,25.6,32,1,2647.8026669938117,2906.526542035863,0.11749984696507454,0.007958151400089264,2906.652000034228
pessimistic,150,multistation,8,8,8,t00225-c00096,96,225,4,0,4,True,False,no_show,16.6527,0.0,0,1,35.10304191149771,202.7876670472324,69.42379102110863,0.016541918739676476,272.2279999870807
pessimistic,150,multistation,8,8,8,t00227-c00029,29,227,7,0,7,True,False,satisfied,20.8145,21.0,30,1,23.33504194393754,1294.792874949053,92.35325013287365,0.01874985173344612,1387.16487493366
pessimistic,150,multistation,8,8,8,t00227-c00061,61,227,12,0,12,True,False,satisfied,24.1588,24.5,49,1,207.11612491868436,1387.0439580641687,0.12833299115300179,0.011249911040067673,1387.1835409663618
pessimistic,150,multistation,8,8,8,t00232-c00123,123,232,5,0,5,True,False,no_show,16.9719,0.0,0,1,75.90833306312561,286.4557499997318,0.030540861189365387,0.020709121599793434,286.50699998252094
pessimistic,150,multistation,8,8,8,t00233-c00079,79,233,1,0,1,True,False,cancelled_late,30.8171,0.0,0,1,24.129499914124608,24.129499914124608,0.021875137463212013,0.012707896530628204,24.16408294811845
pessimistic,150,multistation,8,8,8,t00234-c00007,7,234,12,0,12,True,False,satisfied,33.5004,33.6,48,1,85.67541697993875,1623.4549591317773,0.023624859750270844,0.020999927073717117,1623.4995839186013
pessimistic,150,multistation,8,8,8,t00234-c00076,76,234,4,0,4,True,False,no_show,22.0584,0.0,0,1,435.12454093433917,1357.8494158573449,265.6860421411693,0.007832888513803482,1623.543290887028
pessimistic,150,multistation,8,8,8,t00235-c00041,41,235,1,0,1,True,False,cancelled_early,27.4077,0.0,0,1,74.40941710956395,74.40941710956395,0.02304092049598694,0.015124911442399025,74.44758294150233
pessimistic,150,multistation,8,8,8,t00236-c00041,41,236,3,0,3,True,False,no_show,26.7514,0.0,0,1,118.28729207627475,538.0123748909682,211.9901250116527,0.017333077266812325,750.0198329798877
pessimistic,150,multistation,8,8,8,t00236-c00135,135,236,10,0,10,True,False,satisfied,21.195,21.7,31,1,26.400540955364704,749.9247079249471,0.12470805086195469,0.010584015399217606,750.0599999912083
pessimistic,150,multistation,8,8,8,t00238-c00100,100,238,11,0,11,True,False,no_show,25.3225,0.0,0,1,26.380292139947414,521.7401671689004,0.03004097379744053,0.01987488940358162,521.7900830321014
pessimistic,150,multistation,8,8,8,t00239-c00055,55,239,4,0,4,True,False,cancelled_late,21.3141,0.0,0,1,48.63383318297565,225.83608306013048,0.0264591071754694,0.019082799553871155,225.88162496685982
pessimistic,150,multistation,8,8,8,t00241-c00009,9,241,9,0,9,True,False,satisfied,33.3903,33.6,56,1,723.9567909855396,3542.1160000842065,82.93670788407326,0.020458130165934563,3625.0731660984457
pessimistic,150,multistation,8,8,8,t00241-c00055,55,241,7,0,7,True,False,cancelled_early,26.3993,0.0,0,1,723.9040408749133,3393.7095829751343,231.40233289450407,0.009375158697366714,3625.1212910283357
pessimistic,150,multistation,8,8,8,t00241-c00105,105,241,5,0,5,True,False,satisfied,33.4794,32.8,41,1,34.36120809055865,3624.9289161060005,0.19870907999575138,0.0073749106377363205,3625.135000096634
pessimistic,150,multistation,8,8,8,t00242-c00055,55,242,7,0,7,True,False,satisfied,20.4314,21.0,35,1,41.09774995595217,364.09674980677664,0.024042092263698578,0.017458107322454453,364.1382500063628
pessimistic,150,multistation,8,8,8,t00244-c00111,111,244,12,0,12,True,False,cancelled_early,15.4269,0.0,0,1,26.707167038694024,386.35508297011256,0.03220909275114536,0.018707942217588425,386.4060000050813
pessimistic,150,multistation,8,8,8,t00245-c00111,111,245,8,0,8,True,False,cancelled_early,14.2754,0.0,0,1,19.102416932582855,238.82837500423193,0.03195903263986111,0.020165927708148956,238.88049996457994
pessimistic,150,multistation,8,8,8,t00246-c00068,68,246,6,0,6,True,False,satisfied,16.0173,16.2,27,1,25.09037498384714,477.4277079850435,0.027041882276535034,0.017249956727027893,477.4719998240471
pessimistic,150,multistation,8,8,8,t00246-c00111,111,246,7,0,7,True,False,no_show,14.6867,0.0,0,1,139.7433748934418,427.99520888365805,49.50991598889232,0.009167008101940155,477.5142918806523
pessimistic,150,multistation,8,8,8,t00248-c00069,69,248,8,0,8,True,False,satisfied,24.0059,24.5,49,1,50.24949996732175,790.151665918529,0.02929195761680603,0.020999927073717117,790.2019578032196
pessimistic,150,multistation,8,8,8,t00248-c00101,101,248,3,0,3,True,False,cancelled_early,19.1032,0.0,0,1,146.41391695477068,493.745791958645,296.492415945977,0.009125098586082458,790.247333003208
pessimistic,150,multistation,8,8,8,t00249-c00099,99,249,5,0,5,True,False,cancelled_early,14.9665,0.0,0,1,65.84783317521214,445.6840001512319,52.301791962236166,0.018124934285879135,498.00391704775393
pessimistic,150,multistation,8,8,8,t00249-c00101,101,249,7,0,7,True,False,cancelled_late,21.8853,0.0,0,1,38.95254200324416,497.908917022869,0.13275002129375935,0.008708098903298378,498.05037514306605
pessimistic,150,multistation,8,8,8,t00250-c00067,67,250,3,0,3,True,False,no_show,24.6394,0.0,0,1,20.268124993890524,427.08454211242497,103.92316593788564,0.015875091776251793,531.0235831420869
pessimistic,150,multistation,8,8,8,t00250-c00099,99,250,4,0,4,True,False,no_show,12.2808,0.0,0,1,43.85266709141433,297.01858409680426,234.0271659195423,0.008167000487446785,531.053917016834
pessimistic,150,multistation,8,8,8,t00250-c00128,128,250,6,0,6,True,False,satisfied,19.1833,19.6,28,1,20.176167134195566,530.8912920299917,0.14954200014472008,0.0065409112721681595,531.0473749414086
pessimistic,150,multistation,8,8,8,t00251-c00075,75,251,1,0,1,True,False,satisfied,8.7105,9.0,15,1,256.5778330899775,256.5778330899775,602.1914170123637,0.014582881703972816,858.7838329840451
pessimistic,150,multistation,8,8,8,t00251-c00086,86,251,14,0,14,True,False,cancelled_early,19.2127,0.0,0,1,45.498125022277236,858.6998330429196,0.12191710993647575,0.013165874406695366,858.8349160272628
pessimistic,150,multistation,8,8,8,t00252-c00086,86,252,13,0,13,True,False,no_show,16.5584,0.0,0,1,98.92591694369912,2282.4694579467177,0.03720913082361221,0.025833025574684143,2282.532500103116
pessimistic,150,multistation,8,8,8,t00252-c00094,94,252,14,0,14,True,False,satisfied,21.2198,21.5,43,1,98.87729212641716,2282.4208340607584,0.14420808292925358,0.010291812941432,2282.575333956629
pessimistic,150,multistation,8,8,8,t00253-c00101,101,253,19,0,19,True,False,satisfied,21.1118,21.7,31,1,35.96924990415573,1144.794707885012,0.03845919854938984,0.022582942619919777,1144.8557500261813
pessimistic,150,multistation,8,8,8,t00253-c00133,133,253,6,0,6,True,False,no_show,17.6054,0.0,0,1,228.78583311103284,845.2460831031203,299.64949982240796,0.010667135939002037,1144.9062500614673
pessimistic,150,multistation,8,8,8,t00254-c00079,79,254,5,0,5,True,False,satisfied,34.8095,35.0,70,1,218.62095897085965,898.7056668847799,0.027542002499103546,0.01900014467537403,898.7522090319544
pessimistic,150,multistation,8,8,8,t00254-c00098,98,254,3,0,3,True,False,no_show,18.918,0.0,0,1,240.87787489406765,766.6102088987827,132.16654118150473,0.008208910003304482,898.7849589902908
pessimistic,150,multistation,8,8,8,t00255-c00096,96,255,14,0,14,True,False,cancelled_early,21.8356,0.0,0,1,43.98133303038776,820.0568330939859,0.03529200330376625,0.021540792658925056,820.1136658899486
pessimistic,150,multistation,8,8,8,t00255-c00149,149,255,1,0,1,True,False,cancelled_late,18.5399,0.0,0,1,237.18583397567272,237.18583397567272,582.9848330467939,0.0074999406933784485,820.17816696316
pessimistic,150,multistation,8,8,8,t00256-c00091,91,256,5,0,5,True,False,cancelled_early,13.776,0.0,0,1,132.19154090620577,1914.907458005473,292.5107500050217,0.017999904230237007,2207.436207914725
pessimistic,150,multistation,8,8,8,t00256-c00092,92,256,5,0,5,True,False,cancelled_early,34.5195,0.0,0,1,357.29683306999505,2157.7511250507087,49.73308299668133,0.00937492586672306,2207.4935829732567
pessimistic,150,multistation,8,8,8,t00256-c00096,96,256,4,0,4,True,False,cancelled_late,20.6852,0.0,0,1,1012.7826668322086,1352.7173749171197,854.7729169949889,0.006833113729953766,2207.4971250258386
pessimistic,150,multistation,8,8,8,t00256-c00144,144,256,14,0,14,True,False,satisfied,24.5675,25.2,36,1,44.53750001266599,2207.251917105168,0.24312501773238182,0.008750008419156075,2207.5037921313196
pessimistic,150,multistation,8,8,8,t00257-c00091,91,257,5,0,5,True,False,no_show,25.7383,0.0,0,1,85.05933289416134,985.4182908311486,0.027750153094530106,0.01674983650445938,985.4627908207476
pessimistic,150,multistation,8,8,8,t00257-c00092,92,257,4,0,4,True,False,satisfied,35.7941,35.5,71,1,242.78541700914502,851.3493330683559,134.13641694933176,0.0077500008046627045,985.4935000184923
pessimistic,150,multistation,8,8,8,t00258-c00027,27,258,0,4,0,False,True,abandoned,28.4866,0.0,0,0,,,,,
pessimistic,150,multistation,8,8,8,t00258-c00037,37,258,5,0,5,True,False,cancelled_early,37.9182,0.0,0,1,83.4529169369489,1338.5912079829723,0.023124972358345985,0.02254219725728035,1338.636875152588
pessimistic,150,multistation,8,8,8,t00258-c00096,96,258,11,0,11,True,False,no_show,22.536,0.0,0,1,241.30554217845201,1158.0736669711769,180.6169580668211,0.01100008375942707,1338.7016251217574
pessimistic,150,multistation,8,8,8,t00259-c00020,20,259,5,0,5,True,False,cancelled_late,34.3661,0.0,0,1,365.7805840484798,2307.7590418979526,0.025625107809901237,0.02574990503489971,2307.8104169107974
pessimistic,150,multistation,8,8,8,t00259-c00037,37,259,5,0,5,True,False,cancelled_early,37.9139,0.0,0,1,365.70429196581244,2307.6827921904624,0.1679158303886652,0.011292053386569023,2307.8620000742376
pessimistic,150,multistation,8,8,8,t00260-c00020,20,260,20,0,20,True,False,cancelled_late,37.2458,0.0,0,1,259.2733749188483,5813.1819169502705,0.034708064049482346,0.026999972760677338,5813.243624987081
pessimistic,150,multistation,8,8,8,t00260-c00037,37,260,12,0,12,True,False,cancelled_late,39.4722,0.0,0,1,259.18529089540243,5583.2094580400735,230.05983280017972,0.011417083442211151,5813.280707923695
pessimistic,150,multistation,8,8,8,t00261-c00020,20,261,1,0,1,True,False,breakdown,24.756,0.0,0,1,516.2171251140535,516.2171251140535,1113.479624968022,0.02079200930893421,1629.7175420913845
pessimistic,150,multistation,8,8,8,t00261-c00037,37,261,12,0,12,True,False,cancelled_late,36.8436,0.0,0,1,88.41362479142845,1629.5925418380648,0.12862496078014374,0.012708129361271858,1629.7338749282062
pessimistic,150,multistation,8,8,8,t00261-c00121,121,261,4,0,4,True,False,satisfied,20.7831,21.0,30,1,401.3469167985022,775.547374971211,854.1917498223484,0.007333001121878624,1629.7464577946812
pessimistic,150,multistation,8,8,8,t00262-c00035,35,262,5,0,5,True,False,satisfied,16.8227,17.2,43,1,90.64800012856722,383.6114581208676,0.024458859115839005,0.018290942534804344,383.65420792251825
pessimistic,150,multistation,8,8,8,t00262-c00143,143,262,1,0,1,True,False,no_show,17.9997,0.0,0,1,104.54654088243842,104.54654088243842,279.1340840049088,0.00658305361866951,383.6872079409659
pessimistic,150,multistation,8,8,8,t00263-c00021,21,263,5,0,5,True,False,no_show,18.9999,0.0,0,1,58.39787516742945,913.6702499818057,0.020292121917009354,0.02108304761350155,913.7116251513362
pessimistic,150,multistation,8,8,8,t00263-c00037,37,263,4,0,4,True,False,satisfied,35.1764,35.4,59,1,187.46191705577075,795.4034171998501,118.33304190076888,0.008291099220514297,913.7447501998395
pessimistic,150,multistation,8,8,8,t00263-c00149,149,263,3,0,3,True,False,satisfied,21.4405,21.0,30,1,136.79208303801715,693.4821251779795,220.25233297608793,0.0062498729676008224,913.740708027035
pessimistic,150,multistation,8,8,8,t00266-c00014,14,266,3,0,3,True,False,cancelled_late,23.4294,0.0,0,1,16.662250040099025,71.11616712063551,0.02004089765250683,0.015834113582968712,71.15204213187099
pessimistic,150,multistation,8,8,8,t00269-c00066,66,269,12,0,12,True,False,cancelled_early,18.38,0.0,0,1,32.461874885484576,487.43554088287055,0.029792077839374542,0.018750084564089775,487.484083045274
pessimistic,150,multistation,8,8,8,t00270-c00066,66,270,12,0,12,True,False,satisfied,10.9633,11.2,16,1,21.672750124707818,307.0378331467509,0.02770894207060337,0.0174578744918108,307.08299996331334
pessimistic,150,multistation,8,8,8,t00271-c00111,111,271,18,0,18,True,False,cancelled_late,14.9467,0.0,0,1,27.34154206700623,599.2352920584381,0.03754207864403725,0.019249971956014633,599.2920841090381
pessimistic,150,multistation,8,8,8,t00272-c00099,99,272,5,0,5,True,False,cancelled_early,17.0311,0.0,0,1,28.77241699025035,175.4194579552859,0.02650008536875248,0.018416903913021088,175.46437494456768
pessimistic,150,multistation,8,8,8,t00273-c00099,99,273,10,0,10,True,False,satisfied,15.7546,16.1,23,1,27.986582834273577,351.47837502881885,0.03229198046028614,0.020290957763791084,351.5309579670429
pessimistic,150,multistation,8,8,8,t00274-c00095,95,274,3,0,3,True,False,satisfied,21.1153,21.6,27,1,179.35316590592265,587.9830829799175,62.59449990466237,0.014082994312047958,650.591665878892
pessimistic,150,multistation,8,8,8,t00274-c00111,111,274,13,0,13,True,False,cancelled_early,18.7919,0.0,0,1,32.01600001193583,650.5039581097662,0.11645792983472347,0.01191697083413601,650.6323330104351
pessimistic,150,multistation,8,8,8,t00275-c00076,76,275,5,0,5,True,False,cancelled_early,21.1771,0.0,0,1,31.120500061661005,1807.7819170430303,34.12454202771187,0.017875107005238533,1841.9243341777474
pessimistic,150,multistation,8,8,8,t00275-c00111,111,275,17,0,17,True,False,no_show,17.4394,0.0,0,1,59.601707849651575,1841.8275420553982,0.15362491831183434,0.013333046808838844,1841.994500020519
pessimistic,150,multistation,8,8,8,t00275-c00123,123,275,6,0,6,True,False,cancelled_late,26.31,0.0,0,1,322.99558399245143,1652.297625085339,189.68449998646975,0.006583984941244125,1841.98870905675
pessimistic,150,multistation,8,8,8,t00276-c00076,76,276,6,0,6,True,False,no_show,12.3376,0.0,0,1,30.33233410678804,153.62141700461507,0.025833025574684143,0.016208970919251442,153.663459001109
pessimistic,150,multistation,8,8,8,t00277-c00030,30,277,16,0,16,True,False,no_show,17.5185,0.0,0,1,26.861249934881926,1147.4861658643931,0.028542010113596916,0.01979200169444084,1147.5344998762012
pessimistic,150,multistation,8,8,8,t00277-c00034,34,277,7,0,7,True,False,satisfied,28.741,28.8,36,1,123.94066690467298,969.8587919119745,177.6925001759082,0.009165843948721886,1147.5604579318315
pessimistic,150,multistation,8,8,8,t00277-c00054,54,277,3,0,3,True,False,satisfied,16.252,16.8,21,1,336.9109588675201,909.510166849941,238.0394171923399,0.005332985892891884,1147.5549170281738
pessimistic,150,multistation,8,8,8,t00278-c00100,100,278,5,0,5,True,False,breakdown,30.0688,0.0,0,1,45.438292203471065,406.38083312660456,0.02837507054209709,0.017624814063310623,406.42683301120996
pessimistic,150,multistation,8,8,8,t00278-c00133,133,278,4,0,4,True,False,cancelled_early,17.7021,0.0,0,1,108.33195899613202,320.48233412206173,85.9648329205811,0.007875030860304832,406.45504207350314
pessimistic,150,multistation,8,8,8,t00279-c00133,133,279,3,0,3,True,False,satisfied,24.6316,23.2,29,1,19.71399993635714,116.02870794013143,0.03129197284579277,0.015541911125183105,116.0755418241024
pessimistic,150,multistation,8,8,8,t00280-c00123,123,280,7,0,7,True,False,satisfied,19.584,20.0,40,1,49.856125144287944,454.09075007773936,0.033708056434988976,0.01887488178908825,454.14333301596344
pessimistic,150,multistation,8,8,8,t00282-c00067,67,282,5,0,5,True,False,satisfied,14.8159,15.2,19,1,24.544874904677272,243.93324996344745,0.024499837309122086,0.019666971638798714,243.97741677239537
pessimistic,150,multistation,8,8,8,t00282-c00078,78,282,3,0,3,True,False,no_show,17.5233,0.0,0,1,67.19029205851257,202.78479205444455,41.219416074454784,0.0077500008046627045,244.011958129704
pessimistic,150,multistation,8,8,8,t00285-c00014,14,285,5,0,5,True,False,satisfied,24.0768,24.8,31,1,67.28745787404478,221.5553328860551,0.024625100195407867,0.017249956727027893,221.59720794297755
pessimistic,150,multistation,8,8,8,t00286-c00108,108,286,2,0,2,True,False,satisfied,17.7851,18.2,26,1,51.05366697534919,259.82316699810326,169.14420784451067,0.016750069335103035,428.98412491194904
pessimistic,150,multistation,8,8,8,t00286-c00118,118,286,11,0,11,True,False,cancelled_late,16.1015,0.0,0,1,31.15404210984707,428.8922920823097,0.12491689994931221,0.009916024282574654,429.0271250065416
pessimistic,150,multistation,8,8,8,t00287-c00039,39,287,4,0,4,True,False,cancelled_late,26.1369,0.0,0,1,371.04266602545977,1838.0492911674082,424.8781248461455,0.016666948795318604,2262.944082962349
pessimistic,150,multistation,8,8,8,t00287-c00043,43,287,4,0,4,True,False,satisfied,20.6688,21.0,42,1,370.99820910952985,1838.004750199616,424.98770891688764,0.00758306123316288,2263.0000421777368
pessimistic,150,multistation,8,8,8,t00287-c00070,70,287,10,0,10,True,False,cancelled_late,17.1408,0.0,0,1,51.51379108428955,2262.8155830316246,0.177083071321249,0.009249895811080933,2263.001915998757
pessimistic,150,multistation,8,8,8,t00289-c00039,39,289,5,0,5,True,False,no_show,12.6625,0.0,0,1,78.29812518320978,654.1276250500232,0.022792024537920952,0.017124926671385765,654.1675420012325
pessimistic,150,multistation,8,8,8,t00289-c00060,60,289,7,0,7,True,False,cancelled_late,23.9817,0.0,0,1,78.2503338996321,654.0805839467794,0.11366605758666992,0.008499948307871819,654.2027499526739
pessimistic,150,multistation,8,8,8,t00290-c00147,147,290,4,0,4,True,False,satisfied,21.0241,21.5,43,1,48.939333064481616,294.4572081323713,0.03595789894461632,0.016999896615743637,294.51016592793167
pessimistic,150,multistation,8,8,8,t00291-c00118,118,291,4,0,4,True,False,cancelled_late,25.0323,0.0,0,1,31.29837499000132,265.67558315582573,0.02983398735523224,0.015790807083249092,265.7212079502642
pessimistic,150,multistation,8,8,8,t00292-c00060,60,292,5,0,5,True,False,cancelled_late,9.722,0.0,0,1,22.219124948605895,973.2392909936607,60.94095902517438,0.01750001683831215,1034.1977500356734
pessimistic,150,multistation,8,8,8,t00292-c00070,70,292,16,0,16,True,False,cancelled_late,14.5559,0.0,0,1,66.19804119691253,1034.1039160266519,0.1502500381320715,0.013125129044055939,1034.267291193828
pessimistic,150,multistation,8,8,8,t00294-c00041,41,294,1,0,1,True,False,satisfied,23.7779,24.0,48,1,478.82341709919274,478.82341709919274,1146.160958101973,0.018666964024305344,1625.00304216519
pessimistic,150,multistation,8,8,8,t00294-c00070,70,294,17,0,17,True,False,satisfied,20.278,20.3501,51,1,66.30612490698695,1624.915791908279,0.12566614896059036,0.013791956007480621,1625.0552500132471
pessimistic,150,multistation,8,8,8,t00295-c00060,60,295,3,0,3,True,False,cancelled_late,21.8601,0.0,0,1,110.14116602018476,630.6177501101047,118.32445790059865,0.016458099707961082,748.9586661104113
pessimistic,150,multistation,8,8,8,t00295-c00064,64,295,10,0,10,True,False,cancelled_late,19.8848,0.0,0,1,25.394124910235405,748.8707499578595,0.13279193080961704,0.010499963536858559,749.014041852206
pessimistic,150,multistation,8,8,8,t00295-c00110,110,295,3,0,3,True,False,satisfied,12.2997,12.4,31,1,110.04533409141004,630.5220001377165,118.48191707395017,0.00537489540874958,749.0092921070755
pessimistic,150,multistation,8,8,8,t00295-c00118,118,295,1,0,1,True,False,satisfied,15.3799,15.6,26,1,162.03991696238518,162.03991696238518,586.9504169095308,0.004708068445324898,748.9950419403613
pessimistic,150,multistation,8,8,8,t00296-c00076,76,296,2,0,2,True,False,satisfied,27.0161,27.2,34,1,39.25324999727309,75.16562496311963,0.024667009711265564,0.01595797948539257,75.20624995231628
pessimistic,150,multistation,8,8,8,t00297-c00064,64,297,9,0,9,True,False,satisfied,19.417,19.6,28,1,287.22133417613804,1567.2706251498312,177.96966689638793,0.018042046576738358,1745.2583340927958
pessimistic,150,multistation,8,8,8,t00297-c00086,86,297,4,0,4,True,False,satisfied,16.505,17.0,34,1,553.781625116244,985.3467911016196,759.9380840547383,0.008207978680729866,1745.2930831350386
pessimistic,150,multistation,8,8,8,t00297-c00143,143,297,17,0,17,True,False,cancelled_early,25.6189,0.0,0,1,52.99245798960328,1745.1133329886943,0.17895805649459362,0.011041993275284767,1745.3033330384642
pessimistic,150,multistation,8,8,8,t00298-c00040,40,298,10,0,10,True,False,cancelled_late,22.5662,0.0,0,1,857.6442080084234,4114.373416174203,68.98204190656543,0.02195802517235279,4183.377416105941
pessimistic,150,multistation,8,8,8,t00298-c00098,98,298,6,0,6,True,False,satisfied,24.1339,24.0,40,1,857.5901668518782,4114.319333806634,69.10654110834002,0.008084112778306007,4183.433959027752
pessimistic,150,multistation,8,8,8,t00298-c00143,143,298,17,0,17,True,False,cancelled_late,24.4376,0.0,0,1,857.5444580055773,4183.225916000083,0.2049170434474945,0.009542098268866539,4183.440375141799
pessimistic,150,multistation,8,8,8,t00299-c00040,40,299,3,2,3,True,False,no_show,21.7646,0.0,0,1,501.3144160620868,869.7846250142902,979.47270818986,0.01737498678267002,1849.2747081909329
pessimistic,150,multistation,8,8,8,t00299-c00091,91,299,5,0,5,True,False,cancelled_late,26.3194,0.0,0,1,83.49462482146919,286.29137482494116,0.029792077839374542,0.017415964975953102,286.3385828677565
pessimistic,150,multistation,8,8,8,t00300-c00074,74,300,3,0,3,True,False,satisfied,17.432,18.0,30,1,20.343916956335306,109.0071250218898,0.024584122002124786,0.014790799468755722,109.04649994336069
pessimistic,150,multistation,8,8,8,t00301-c00060,60,301,11,0,11,True,False,no_show,24.1656,0.0,0,1,154.09779199399054,1451.175417052582,0.11333287693560123,0.0100000761449337,1451.2987500056624
pessimistic,150,multistation,8,8,8,t00301-c00143,143,301,5,0,5,True,False,cancelled_early,26.4983,0.0,0,1,278.9219170808792,1211.2042501103133,240.07366690784693,0.005749985575675964,1451.283667003736
pessimistic,150,multistation,8,8,8,t00302-c00030,30,302,7,0,7,True,False,satisfied,21.3504,21.6,27,1,31.089749885722995,385.9794167801738,0.020875129848718643,0.015333062037825584,386.0156249720603
pessimistic,150,multistation,8,8,8,t00302-c00143,143,302,3,0,3,True,False,satisfied,26.731,27.0,45,1,130.6517911143601,330.23195806890726,55.79866701737046,0.007916009053587914,386.0385410953313
pessimistic,150,multistation,8,8,8,t00303-c00058,58,303,1,0,1,True,False,no_show,22.408,0.0,0,1,44.14437501691282,44.14437501691282,306.0897500254214,0.014791963621973991,350.2489170059562
pessimistic,150,multistation,8,8,8,t00303-c00091,91,303,3,0,3,True,False,satisfied,26.9429,27.3,39,1,44.09754206426442,301.26950005069375,49.001374980434775,0.00800006091594696,350.2788750920445
pessimistic,150,multistation,8,8,8,t00303-c00096,96,303,4,0,4,True,False,satisfied,24.3744,24.6,41,1,67.84966704435647,350.12341709807515,0.1482497900724411,0.006667105481028557,350.2783339936286
pessimistic,150,multistation,8,8,8,t00304-c00111,111,304,5,0,5,True,False,satisfied,22.073,22.4,32,1,30.849959002807736,230.36120901815593,0.026791123673319817,0.017249956727027893,230.40525009855628
pessimistic,150,multistation,8,8,8,t00307-c00003,3,307,10,0,10,True,False,satisfied,19.8606,20.3,29,1,121.4572498574853,829.1864998172969,0.024834182113409042,0.023082830011844635,829.2344168294221
pessimistic,150,multistation,8,8,8,t00307-c00044,44,307,6,0,6,True,False,no_show,22.9039,0.0,0,1,21.16958308033645,766.3016659207642,62.976083951070905,0.009541166946291924,829.2872910387814
pessimistic,150,multistation,8,8,8,t00309-c00073,73,309,6,0,6,True,False,cancelled_late,21.7671,0.0,0,1,47.971124993637204,215.9707499668002,0.030749943107366562,0.019750092178583145,216.02125000208616
pessimistic,150,multistation,8,8,8,t00310-c00073,73,310,9,0,9,True,False,satisfied,26.8085,27.2,34,1,34.86704081296921,475.4076658282429,0.028750160709023476,0.02429191954433918,475.46070790849626
pessimistic,150,multistation,8,8,8,t00314-c00057,57,314,5,0,5,True,False,cancelled_early,15.3934,0.0,0,1,36.65029210969806,150.65770805813372,0.02883397974073887,0.02491590566933155,150.7114579435438
pessimistic,150,multistation,8,8,8,t00315-c00051,51,315,4,0,4,True,False,satisfied,21.2519,21.6,36,1,206.5156251192093,438.9699171297252,354.827290866524,0.018958933651447296,793.8161669299006
pessimistic,150,multistation,8,8,8,t00315-c00057,57,315,3,0,3,True,False,no_show,30.013,0.0,0,1,161.1488750204444,793.7211671378464,0.13445783406496048,0.008499948307871819,793.8641249202192
pessimistic,150,multistation,8,8,8,t00315-c00078,78,315,5,0,5,True,False,satisfied,15.763,16.2,27,1,49.09133305773139,793.6787910293788,0.1750001683831215,0.007292022928595543,793.8610832206905
pessimistic,150,multistation,8,8,8,t00316-c00049,49,316,4,0,4,True,False,satisfied,21.6389,21.7,31,1,17.254667123779655,100.51229200325906,0.021707965061068535,0.016292091459035873,100.55029205977917
pessimistic,150,multistation,8,8,8,t00317-c00137,137,317,1,0,1,True,False,cancelled_early,19.8609,0.0,0,1,30.644457787275314,30.644457787275314,0.028833048418164253,0.015292083844542503,30.68858291953802
pessimistic,150,multistation,8,8,8,t00318-c00085,85,318,4,0,4,True,False,no_show,20.2188,0.0,0,1,80.1442910451442,295.2435410115868,0.029959017410874367,0.017249956727027893,295.2907499857247
pessimistic,150,multistation,8,8,8,t00318-c00137,137,318,1,0,1,True,False,no_show,22.534,0.0,0,1,21.174124907702208,21.174124907702208,274.13808298297226,0.006791902706027031,295.3189997933805
pessimistic,150,multistation,8,8,8,t00319-c00021,21,319,4,0,4,True,False,cancelled_late,23.6976,0.0,0,1,84.29450006224215,483.54508401826024,0.022707972675561905,0.020042061805725098,483.5878340527415
pessimistic,150,multistation,8,8,8,t00322-c00025,25,322,3,0,3,True,False,satisfied,20.6158,20.8,52,1,66.01858302019536,264.7927920334041,0.021208077669143677,0.014417106285691261,264.82841721735895
pessimistic,150,multistation,8,8,8,t00323-c00117,117,323,13,0,13,True,False,no_show,20.0891,0.0,0,1,37.35112491995096,1293.9782908651978,0.03520911559462547,0.020165927708148956,1294.0336659085006
pessimistic,150,multistation,8,8,8,t00323-c00122,122,323,6,0,6,True,False,satisfied,24.6794,24.8,62,1,283.9075408410281,1079.4043329078704,214.6534170024097,0.009082956239581108,1294.0668328665197
pessimistic,150,multistation,8,8,8,t00324-c00039,39,324,1,0,1,True,False,no_show,18.7545,0.0,0,1,31.733333133161068,31.733333133161068,159.1522078961134,0.014042016118764877,190.89958304539323
pessimistic,150,multistation,8,8,8,t00324-c00047,47,324,6,0,6,True,False,cancelled_late,17.6531,0.0,0,1,31.68620797805488,190.81712514162064,0.1069169957190752,0.009207986295223236,190.93325012363493
pessimistic,150,multistation,8,8,8,t00325-c00021,21,325,7,0,7,True,False,no_show,13.2053,0.0,0,1,39.78137508966029,369.6456670295447,0.023582950234413147,0.017375219613313675,369.68662519939244
pessimistic,150,multistation,8,8,8,t00326-c00047,47,326,7,0,7,True,False,satisfied,17.7091,18.2,26,1,30.77041683718562,277.13987487368286,0.026124995201826096,0.01695798709988594,277.18295785598457
pessimistic,150,multistation,8,8,8,t00330-c00004,4,330,1,0,1,True,False,no_show,19.4582,0.0,0,1,28.73683301731944,28.73683301731944,0.017124926671385765,0.012625008821487427,28.766582952812314
pessimistic,150,multistation,8,8,8,t00334-c00011,11,334,4,0,4,True,False,cancelled_early,21.3921,0.0,0,1,50.23016594350338,302.27408302016556,0.023167114704847336,0.019415980204939842,302.31666611507535
pessimistic,150,multistation,8,8,8,t00335-c00011,11,335,8,0,8,True,False,no_show,21.415,0.0,0,1,52.73116705939174,551.6244999598712,0.024707987904548645,0.01841713674366474,551.6676250845194
pessimistic,150,multistation,8,8,8,t00337-c00012,12,337,2,0,2,True,False,satisfied,23.7875,23.4,39,1,21.81887486949563,68.39970895089209,0.017832964658737183,0.014541903510689735,68.43208381906152
pessimistic,150,multistation,8,8,8,t00338-c00120,120,338,1,0,1,True,False,no_show,23.0873,0.0,0,1,375.4826248623431,375.4826248623431,0.03204215317964554,0.01908303238451481,375.53375004790723
pessimistic,150,multistation,8,8,8,t00338-c00139,139,338,5,0,5,True,False,satisfied,27.0389,27.3,39,1,26.01979090832174,332.03216595575213,43.53874991647899,0.009584007784724236,375.58049988001585
pessimistic,150,multistation,8,8,8,t00342-c00052,52,342,2,0,2,True,False,satisfied,16.8465,16.8,42,1,31.025541946291924,73.49920901469886,0.020790845155715942,0.014292076230049133,73.53429193608463
pessimistic,150,multistation,8,8,8,t00344-c00028,28,344,5,0,5,True,False,satisfied,25.7989,26.0,52,1,67.04908306710422,426.1378750670701,0.0238749198615551,0.01858314499258995,426.1803331319243
pessimistic,150,multistation,8,8,8,t00345-c00056,56,345,1,0,1,True,False,cancelled_early,15.6783,0.0,0,1,15.115041052922606,15.115041052922606,0.018584076315164566,0.010999850928783417,15.144624980166554
pessimistic,150,multistation,8,8,8,t00346-c00056,56,346,4,0,4,True,False,satisfied,18.3188,18.2,26,1,109.10537512972951,837.1827499940991,0.03066612407565117,0.02183392643928528,837.2352500446141
pessimistic,150,multistation,8,8,8,t00346-c00058,58,346,4,0,4,True,False,satisfied,27.3834,27.6,46,1,109.06029120087624,837.1377910953015,0.14175008982419968,0.008875038474798203,837.2884162236005
pessimistic,150,multistation,8,8,8,t00348-c00088,88,348,8,0,8,True,False,satisfied,22.3272,22.8,38,1,25.85683297365904,476.24549991451204,0.03200001083314419,0.019208062440156937,476.29670798778534
pessimistic,150,multistation,8,8,8,t00349-c00033,33,349,7,0,7,True,False,cancelled_early,21.5119,0.0,0,1,79.89499997347593,989.6354998927563,0.024458160623908043,0.02050003968179226,989.680458093062
pessimistic,150,multistation,8,8,8,t00349-c00089,89,349,5,0,5,True,False,cancelled_early,22.021,0.0,0,1,79.83562513254583,989.5760000217706,0.14312495477497578,0.007416121661663055,989.7265410982072
pessimistic,150,multistation,8,8,8,t00350-c00033,33,350,16,0,16,True,False,no_show,27.513,0.0,0,1,45.298999873921275,1119.9492500163615,0.031916890293359756,0.01937500201165676,1120.0005419086665
pessimistic,150,multistation,8,8,8,t00350-c00089,89,350,3,0,3,True,False,satisfied,16.749,16.8,28,1,277.11074985563755,879.4724580366164,240.55924988351762,0.008167000487446785,1120.0398749206215
pessimistic,150,multistation,8,8,8,t00351-c00040,40,351,4,0,4,True,False,cancelled_late,29.1524,0.0,0,1,86.48575004190207,450.1023329794407,0.025999965146183968,0.02037500962615013,450.148707954213
pessimistic,150,multistation,8,8,8,t00354-c00060,60,354,14,0,14,True,False,no_show,25.1608,0.0,0,1,50.39287498220801,989.5372921600938,0.032207928597927094,0.023625092580914497,989.5931251812726
pessimistic,150,multistation,8,8,8,t00355-c00082,82,355,3,0,3,True,False,satisfied,24.8591,25.2,63,1,68.22058302350342,237.77262517251074,0.02604094333946705,0.017208978533744812,237.81587509438396
pessimistic,150,multistation,8,8,8,t00356-c00040,40,356,16,0,16,True,False,cancelled_early,30.8155,0.0,0,1,86.66020887903869,1947.1869999542832,0.03508385270833969,0.02595805563032627,1947.248041862622
pessimistic,150,multistation,8,8,8,t00357-c00040,40,357,14,0,14,True,False,breakdown,25.4468,0.0,0,1,149.88345792517066,1871.7483330983669,0.027541769668459892,0.019250204786658287,1871.795125072822
pessimistic,150,multistation,8,8,8,t00357-c00044,44,357,5,0,5,True,False,no_show,29.923,0.0,0,1,82.4957499280572,1773.8680830225348,97.93899999931455,0.008791917935013771,1871.8158749397844
pessimistic,150,multistation,8,8,8,t00359-c00137,137,359,3,0,3,True,False,cancelled_late,28.9164,0.0,0,1,62.93366686441004,249.36408293433487,0.031000003218650818,0.015999889001250267,249.41108282655478
pessimistic,150,multistation,8,8,8,t00360-c00057,57,360,14,0,14,True,False,satisfied,33.1887,33.6,42,1,51.22045800089836,911.0802500508726,0.03133295103907585,0.01958315260708332,911.1311661545187
pessimistic,150,multistation,8,8,8,t00363-c00038,38,363,5,0,5,True,False,no_show,12.8866,0.0,0,1,21.60966699011624,340.42329201474786,0.023667002096772194,0.01795799471437931,340.464917011559
pessimistic,150,multistation,8,8,8,t00363-c00117,117,363,4,0,4,True,False,cancelled_early,20.0318,0.0,0,1,82.95241696760058,278.7087089382112,61.78974988870323,0.008833128958940506,340.50729195587337
pessimistic,150,multistation,8,8,8,t00364-c00010,10,364,4,0,4,True,False,no_show,28.9934,0.0,0,1,192.5826659426093,1000.9811660274863,52.605791948735714,0.019541941583156586,1053.6064999178052
pessimistic,150,multistation,8,8,8,t00364-c00117,117,364,4,0,4,True,False,cancelled_late,23.4473,0.0,0,1,192.5257919356227,1000.9242498781532,52.724292036145926,0.008708098903298378,1053.6572500132024
pessimistic,150,multistation,8,8,8,t00364-c00136,136,364,1,0,1,True,False,cancelled_early,23.8066,0.0,0,1,25.877167005091906,25.877167005091906,1027.7892909944057,0.006084097549319267,1053.672542097047
pessimistic,150,multistation,8,8,8,t00364-c00137,137,364,3,0,3,True,False,cancelled_early,15.0661,0.0,0,1,25.839249836280942,1053.4227918833494,0.24279113858938217,0.005333917215466499,1053.6709169391543
pessimistic,150,multistation,8,8,8,t00365-c00136,136,365,1,0,1,True,False,satisfied,27.7682,28.0,40,1,30.34604201093316,30.34604201093316,208.54008314199746,0.01570885069668293,238.9018340036273
pessimistic,150,multistation,8,8,8,t00365-c00137,137,365,4,0,4,True,False,cancelled_early,21.2561,0.0,0,1,57.444458128884435,238.808416062966,0.12041698209941387,0.008207978680729866,238.93704102374613
pessimistic,150,multistation,8,8,8,t00366-c00137,137,366,4,0,4,True,False,satisfied,24.7754,25.2,42,1,32.45304222218692,253.7317080423236,0.0327499583363533,0.016084173694252968,253.7805421743542
pessimistic,150,multistation,8,8,8,t00368-c00085,85,368,10,0,10,True,False,cancelled_late,23.4438,0.0,0,1,54.13320800289512,745.0584578327835,0.030042137950658798,0.02245791256427765,745.1109578832984
pessimistic,150,multistation,8,8,8,t00368-c00131,131,368,1,0,1,True,False,no_show,20.5537,0.0,0,1,126.41608295962214,126.41608295962214,618.7369169201702,0.006875023245811462,745.1598749030381
pessimistic,150,multistation,8,8,8,t00369-c00117,117,369,7,0,7,True,False,satisfied,13.8286,14.4,24,1,26.248957961797714,234.37216691672802,0.030708033591508865,0.015083001926541328,234.41795795224607
pessimistic,150,multistation,8,8,8,t00371-c00021,21,371,3,0,3,True,False,satisfied,24.9266,25.2,63,1,105.40183307603002,393.64766608923674,0.01887488178908825,0.015541911125183105,393.682082882151
pessimistic,150,multistation,8,8,8,t00371-c00113,113,371,1,0,1,True,False,no_show,18.1469,0.0,0,1,18.180792219936848,18.180792219936848,375.52258279174566,0.006875023245811462,393.7102500349283
pessimistic,150,multistation,8,8,8,t00372-c00039,39,372,7,0,7,True,False,breakdown,36.3669,0.0,0,1,236.02116713300347,1397.0957919955254,146.1857920512557,0.0185410026460886,1543.3001250494272
pessimistic,150,multistation,8,8,8,t00372-c00075,75,372,4,0,4,True,False,satisfied,18.3583,18.0,30,1,207.22591690719128,1188.0994578823447,355.22145917639136,0.0076659489423036575,1543.3285830076784
pessimistic,150,multistation,8,8,8,t00372-c00085,85,372,5,0,5,True,False,no_show,27.5044,0.0,0,1,71.8640829436481,1543.1665829382837,0.15174993313848972,0.006458954885601997,1543.3247918263078
pessimistic,150,multistation,8,8,8,t00377-c00106,106,377,4,0,4,True,False,cancelled_early,18.4403,0.0,0,1,20.123875001445413,182.7494171448052,0.031082890927791595,0.02191704697906971,182.80241708271205
pessimistic,150,multistation,8,8,8,t00378-c00077,77,378,5,0,5,True,False,no_show,20.4971,0.0,0,1,75.76554105617106,505.68995787762105,0.02758321352303028,0.020958948880434036,505.7385000400245
pessimistic,150,multistation,8,8,8,t00378-c00106,106,378,4,0,4,True,False,satisfied,22.1179,21.0,35,1,140.96574997529387,402.76900003664196,102.99224988557398,0.008292030543088913,505.769541952759
pessimistic,150,multistation,8,8,8,t00382-c00097,97,382,3,0,3,True,False,no_show,17.4709,0.0,0,1,44.8764159809798,210.55358299054205,0.028250040486454964,0.018999911844730377,210.60083294287324
pessimistic,150,multistation,8,8,8,t00384-c00004,4,384,1,0,1,True,False,satisfied,28.6113,16.5,33,1,153.16029195673764,153.16029195673764,388.59408302232623,0.015707919374108315,541.770082898438
pessimistic,150,multistation,8,8,8,t00384-c00038,38,384,7,0,7,True,False,cancelled_early,19.1343,0.0,0,1,27.82741584815085,541.6854999493808,0.1207499299198389,0.011082971468567848,541.8173328507692
pessimistic,150,multistation,8,8,8,t00384-c00071,71,384,5,0,5,True,False,satisfied,21.5837,21.6,27,1,183.12516598962247,493.91908291727304,47.904917038977146,0.007958151400089264,541.8319581076503
pessimistic,150,multistation,8,8,8,t00384-c00146,146,384,2,0,2,True,False,satisfied,21.737,22.0,44,1,153.0130000319332,442.4605839885771,99.35537492856383,0.005541136488318443,541.8215000536293
pessimistic,150,multistation,8,8,8,t00385-c00011,11,385,1,0,1,True,False,satisfied,23.8512,16.0,32,1,266.98850002139807,266.98850002139807,648.667624918744,0.014875084161758423,915.6710000243038
pessimistic,150,multistation,8,8,8,t00385-c00038,38,385,17,0,17,True,False,cancelled_late,27.6526,0.0,0,1,38.99624990299344,915.5904168728739,0.12537511065602303,0.014333054423332214,915.7301250379533
pessimistic,150,multistation,8,8,8,t00386-c00036,36,386,3,0,3,True,False,satisfied,18.1287,18.5,37,1,175.95791607163846,472.1577081363648,0.022999942302703857,0.015417113900184631,472.1961251925677
pessimistic,150,multistation,8,8,8,t00386-c00120,120,386,3,0,3,True,False,satisfied,29.1794,29.4,49,1,175.89966719970107,472.0992501825094,0.11441693641245365,0.00758306123316288,472.22125018015504
pessimistic,150,multistation,8,8,8,t00388-c00059,59,388,4,0,4,True,False,satisfied,10.549,10.8,18,1,17.384666949510574,114.87774993292987,0.02733408473432064,0.014832941815257072,114.91991695947945
pessimistic,150,multistation,8,8,8,t00389-c00148,148,389,7,0,7,True,False,satisfied,23.5163,24.0,30,1,26.909417007118464,341.6114170104265,0.03441609442234039,0.015999889001250267,341.6618329938501
pessimistic,150,multistation,8,8,8,t00391-c00038,38,391,18,0,18,True,False,no_show,22.3004,0.0,0,1,31.64549986831844,691.4999999571592,0.032041920349001884,0.02091703936457634,691.5529589168727
pessimistic,150,multistation,8,8,8,t00392-c00045,45,392,3,0,3,True,False,cancelled_early,27.3965,0.0,0,1,524.4281250052154,1035.7416248880327,230.4296661168337,0.016541918739676476,1266.187832923606
pessimistic,150,multistation,8,8,8,t00392-c00109,109,392,14,0,14,True,False,cancelled_late,15.0156,0.0,0,1,34.1660410631448,1266.0958329215646,0.14395802281796932,0.011167023330926895,1266.2509579677135
pessimistic,150,multistation,8,8,8,t00393-c00045,45,393,2,0,2,True,False,satisfied,25.611,25.6,64,1,72.45554099790752,198.51912488229573,0.021208077669143677,0.015125144273042679,198.5554581042379
pessimistic,150,multistation,8,8,8,t00393-c00066,66,393,4,0,3,True,False,satisfied,14.0011,14.7,21,1,97.46720804832876,138.56974989175797,60.01016614027321,0.008208910003304482,198.58812494203448
pessimistic,150,multistation,8,8,8,t00395-c00000,0,395,3,0,3,True,False,no_show,19.6036,0.0,0,1,33.90899999067187,294.70762494020164,0.02133287489414215,0.01950003206729889,294.7484578471631
pessimistic,150,multistation,8,8,8,t00395-c00134,134,395,3,0,3,True,False,satisfied,16.8486,17.4,29,1,33.85208291001618,294.6508328896016,0.11420901864767075,0.006708083674311638,294.77174999192357
pessimistic,150,multistation,8,8,8,t00396-c00109,109,396,6,0,6,True,False,cancelled_early,14.2312,0.0,0,1,33.84054102934897,259.7354999743402,0.029082875698804855,0.01900014467537403,259.7835829947144
pessimistic,150,multistation,8,8,8,t00397-c00109,109,397,9,0,9,True,False,satisfied,13.2673,13.0,26,1,30.270749935880303,357.26233408786356,0.030291033908724785,0.017833895981311798,357.3104590177536
pessimistic,150,multistation,8,8,8,t00398-c00001,1,398,3,0,3,True,False,cancelled_early,25.1255,0.0,0,1,155.5110418703407,527.3087080568075,85.81274980679154,0.017292099073529243,613.1387499626726
pessimistic,150,multistation,8,8,8,t00398-c00114,114,398,6,0,5,True,False,satisfied,26.4236,26.6,38,1,37.8050000872463,613.0435420200229,0.13325014151632786,0.008624978363513947,613.1854171399027
pessimistic,150,multistation,8,8,8,t00399-c00001,1,399,3,0,3,True,False,cancelled_late,32.7156,0.0,0,1,56.24308390542865,479.22249999828637,0.018999911844730377,0.01733400858938694,479.2588339187205
pessimistic,150,multistation,8,8,8,t00400-c00033,33,400,6,0,6,True,False,cancelled_late,27.4663,0.0,0,1,49.52329210937023,409.1235420200974,0.025541987270116806,0.020041130483150482,409.16912513785064
pessimistic,150,multistation,8,8,8,t00402-c00033,33,402,12,0,12,True,False,satisfied,33.6546,34.3,49,1,121.48679094389081,1086.420957930386,0.02733292058110237,0.021292129531502724,1086.4695829804987
pessimistic,150,multistation,8,8,8,t00403-c00001,1,403,3,0,3,True,False,cancelled_early,25.2477,0.0,0,1,86.77520789206028,365.1669998653233,37.557708099484444,0.0167088583111763,402.7414168231189
pessimistic,150,multistation,8,8,8,t00403-c00135,135,403,7,0,7,True,False,cancelled_late,13.2183,0.0,0,1,20.193333039060235,402.6437080465257,0.1416248269379139,0.009125098586082458,402.7944579720497
pessimistic,150,multistation,8,8,8,t00404-c00001,1,404,1,0,1,True,False,no_show,23.7651,0.0,0,1,36.31370817311108,36.31370817311108,59.65783400461078,0.01391582190990448,95.98545799963176
pessimistic,150,multistation,8,8,8,t00404-c00032,32,404,3,0,3,True,False,cancelled_late,20.8769,0.0,0,1,36.26333293505013,95.9058329463005,0.09733298793435097,0.007542083039879799,96.01070801727474
pessimistic,150,multistation,8,8,8,t00405-c00032,32,405,8,0,8,True,False,no_show,18.4889,0.0,0,1,12.168917106464505,535.0286669563502,0.023875152692198753,0.01850002445280552,535.0710421334952
pessimistic,150,multistation,8,8,8,t00405-c00127,127,405,4,0,4,True,False,satisfied,18.0742,18.0,36,1,60.66141603514552,288.76099991612136,246.33479118347168,0.008291797712445259,535.1040828973055
pessimistic,150,multistation,8,8,8,t00408-c00060,60,408,5,0,5,True,False,breakdown,32.2536,0.0,0,1,65.89229195378721,463.95433391444385,0.022500054910779,0.017916085198521614,463.99475005455315
pessimistic,150,multistation,8,8,8,t00409-c00135,135,409,15,0,15,True,False,cancelled_late,10.7796,0.0,0,1,20.992749836295843,403.43170799314976,0.03712484613060951,0.020834151655435562,403.4896669909358
pessimistic,150,multistation,8,8,8,t00410-c00135,135,410,14,0,14,True,False,cancelled_late,13.672,0.0,0,1,23.435124894604087,402.168707922101,0.038250116631388664,0.0202918890863657,402.2272499278188
pessimistic,150,multistation,8,8,8,t00411-c00135,135,411,5,0,5,True,False,satisfied,15.9524,16.1,23,1,13.873832998797297,147.62679091654718,0.032292213290929794,0.01616682857275009,147.67524995841086
pessimistic,150,multistation,8,8,8,t00413-c00131,131,413,5,0,5,True,False,satisfied,25.3832,25.9,37,1,39.682375034317374,265.398666029796,0.029499875381588936,0.01737498678267002,265.44554089196026
pessimistic,150,multistation,8,8,8,t00414-c00013,13,414,1,0,1,True,False,cancelled_late,21.4991,0.0,0,1,16.219832934439182,16.219832934439182,583.8983750436455,0.014708144590258598,600.1329161226749
pessimistic,150,multistation,8,8,8,t00414-c00077,77,414,4,0,4,True,False,satisfied,29.1662,29.4,49,1,127.39649997092783,413.2389579899609,186.93775008432567,0.00895792618393898,600.1856660004705
pessimistic,150,multistation,8,8,8,t00414-c00140,140,414,3,0,3,True,False,no_show,18.6327,0.0,0,1,46.23666615225375,600.0004161614925,0.17291679978370667,0.005792127922177315,600.1791250891984
pessimistic,150,multistation,8,8,8,t00415-c00072,72,415,1,0,1,True,False,satisfied,22.3315,4.2,6,1,46.78529198281467,46.78529198281467,436.67137483134866,0.013125129044055939,483.4697919432074
pessimistic,150,multistation,8,8,8,t00415-c00090,90,415,12,0,12,True,False,satisfied,20.4999,21.0,30,1,32.884208019822836,483.3861661609262,0.10874983854591846,0.01191697083413601,483.5068329703063
pessimistic,150,multistation,8,8,8,t00416-c00126,126,416,3,0,3,True,False,no_show,24.1688,0.0,0,1,14.589291997253895,78.60795897431672,0.029165996238589287,0.015416881069540977,78.65254185162485
pessimistic,150,multistation,8,8,8,t00419-c00116,116,419,4,0,4,True,False,satisfied,14.9063,15.2,38,1,55.90754188597202,236.55262496322393,0.031667063012719154,0.016916077584028244,236.60120810382068
pessimistic,150,multistation,8,8,8,t00420-c00044,44,420,1,0,1,True,False,satisfied,32.8609,21.5,43,1,37.63174987398088,37.63174987398088,0.02391706220805645,0.014666002243757248,37.67033293843269
pessimistic,150,multistation,8,8,8,t00423-c00010,10,423,9,0,9,True,False,cancelled_late,35.2149,0.0,0,1,80.62158292159438,1474.1659578867257,0.022541964426636696,0.02141715958714485,1474.2099170107394
pessimistic,150,multistation,8,8,8,t00423-c00013,13,423,9,0,9,True,False,satisfied,19.9997,20.4,34,1,199.13429208099842,1069.4626250769943,404.79300008155406,0.010041985660791397,1474.2656671442091
pessimistic,150,multistation,8,8,8,t00427-c00015,15,427,7,0,7,True,False,no_show,13.2399,0.0,0,1,30.551499919965863,597.367542097345,0.021916814148426056,0.01916615292429924,597.4086250644177
pessimistic,150,multistation,8,8,8,t00427-c00042,42,427,3,0,3,True,False,cancelled_early,28.2017,0.0,0,1,143.20604084059596,542.394207790494,55.034875171259046,0.008124858140945435,597.437207819894
pessimistic,150,multistation,8,8,8,t00427-c00113,113,427,1,0,1,True,False,breakdown,22.1989,0.0,0,1,84.06658307649195,84.06658307649195,513.3748748339713,0.005917157977819443,597.447375068441
pessimistic,150,multistation,8,8,8,t00428-c00042,42,428,3,0,3,True,False,satisfied,30.5611,31.0,62,1,110.2398750372231,560.0272500887513,0.025707995519042015,0.01991703175008297,560.0728751160204
pessimistic,150,multistation,8,8,8,t00428-c00067,67,428,3,0,3,True,False,no_show,17.3791,0.0,0,1,110.19091703929007,559.9787500686944,0.12258300557732582,0.0074999406933784485,560.1088330149651
pessimistic,150,multistation,8,8,8,t00429-c00010,10,429,5,0,5,True,False,cancelled_early,34.5935,0.0,0,1,93.9598751720041,603.1685420311987,0.02354104071855545,0.02133403904736042,603.2134171109647
pessimistic,150,multistation,8,8,8,t00430-c00010,10,430,7,0,7,True,False,no_show,22.6468,0.0,0,1,92.95650012791157,648.0212500318885,0.022041145712137222,0.019916798919439316,648.0632079765201
pessimistic,150,multistation,8,8,8,t00430-c00038,38,430,5,0,5,True,False,satisfied,27.0479,27.2,34,1,36.38033312745392,563.8299160636961,84.25724995322526,0.00800006091594696,648.0951660778373
pessimistic,150,multistation,8,8,8,t00430-c00068,68,430,1,0,1,True,False,satisfied,13.376,4.2,7,1,11.0532499384135,11.0532499384135,637.0293751824647,0.005292007699608803,648.0879171285778
pessimistic,150,multistation,8,8,8,t00431-c00087,87,431,3,0,3,True,False,no_show,28.3528,0.0,0,1,51.13754188641906,211.6804588586092,0.024875160306692123,0.016165897250175476,211.72149991616607
pessimistic,150,multistation,8,8,8,t00434-c00084,84,434,3,0,3,True,False,satisfied,23.8524,24.4216,35,1,95.59400007128716,338.91837508417666,0.028542010113596916,0.017666956409811974,338.96458405070007
pessimistic,150,multistation,8,8,8,t00434-c00102,102,434,4,0,4,True,False,no_show,16.4141,0.0,0,1,36.99466702528298,207.8651669435203,131.12949999049306,0.008292030543088913,339.00295896455646
pessimistic,150,multistation,8,8,8,t00435-c00097,97,435,14,0,14,True,False,satisfied,21.6409,22.0,55,1,73.19391705095768,1391.8236668687314,0.03262516111135483,0.020541949197649956,1391.8768339790404
pessimistic,150,multistation,8,8,8,t00436-c00008,8,436,4,0,4,True,False,satisfied,21.0906,21.6,36,1,148.92633398994803,397.5365839432925,75.08466602303088,0.016249949112534523,472.6374999154359
pessimistic,150,multistation,8,8,8,t00436-c00022,22,436,7,0,7,True,False,satisfied,16.3894,16.8,21,1,24.541374994441867,472.5538750644773,0.11379201896488667,0.009458046406507492,472.6771251298487
pessimistic,150,multistation,8,8,8,t00438-c00032,32,438,14,0,14,True,False,cancelled_early,26.4686,0.0,0,1,45.38654093630612,830.2034579683095,0.028167152777314186,0.019165920093655586,830.2507910411805
pessimistic,150,multistation,8,8,8,t00439-c00032,32,439,4,0,4,True,False,satisfied,22.1121,22.4,32,1,131.70841592364013,285.0909160915762,301.54108395799994,0.016124919056892395,586.648124968633
pessimistic,150,multistation,8,8,8,t00439-c00085,85,439,3,0,3,True,False,satisfied,34.3491,34.5,69,1,98.73908408917487,586.555709131062,0.11695781722664833,0.007375143468379974,586.6800420917571
pessimistic,150,multistation,8,8,8,t00440-c00006,6,440,6,0,6,True,False,no_show,22.7259,0.0,0,1,34.95283308438957,460.4060829151422,0.021834159269928932,0.01791585236787796,460.44583292678
pessimistic,150,multistation,8,8,8,t00441-c00081,81,441,4,0,4,True,False,no_show,26.8945,0.0,0,1,37.419250002130866,219.11479206755757,0.0314170029014349,0.01554097980260849,219.16175005026162
pessimistic,150,multistation,8,8,8,t00442-c00110,110,442,1,0,1,True,False,satisfied,15.0445,12.8,32,1,19.425209145992994,19.425209145992994,0.023082830011844635,0.013500219210982323,19.46179219521582
pessimistic,150,multistation,8,8,8,t00443-c00053,53,443,5,0,5,True,False,no_show,11.3592,0.0,0,1,78.14704207703471,347.1887919586152,0.02408307045698166,0.015584053471684456,347.22845908254385
pessimistic,150,multistation,8,8,8,t00443-c00063,63,443,5,0,5,True,False,satisfied,15.1455,15.5,31,1,78.09941680170596,347.14087494648993,0.11224998161196709,0.00795908272266388,347.26108401082456
pessimistic,150,multistation,8,8,8,t00446-c00023,23,446,4,0,4,True,False,no_show,23.6063,0.0,0,1,29.185208957642317,331.53670909814537,14.851040905341506,0.01679197885096073,346.40454198233783
pessimistic,150,multistation,8,8,8,t00446-c00124,124,446,3,0,3,True,False,no_show,19.9298,0.0,0,1,58.71045798994601,346.3123328983784,0.11095800437033176,0.007500173524022102,346.4307910762727
pessimistic,150,multistation,8,8,8,t00447-c00000,0,447,3,0,3,True,False,no_show,28.6795,0.0,0,1,102.90158307179809,370.8602909464389,0.01691700890660286,0.015249941498041153,370.89245789684355
pessimistic,150,multistation,8,8,8,t00451-c00115,115,451,12,0,12,True,False,cancelled_late,22.9451,0.0,0,1,47.13775007985532,1433.1443749833852,0.034250086173415184,0.022167107090353966,1433.200792176649
pessimistic,150,multistation,8,8,8,t00451-c00138,138,451,6,0,6,True,False,no_show,23.8152,0.0,0,1,281.67016711086035,1176.5356250107288,256.70920801348984,0.008916947990655899,1433.2537499722093
pessimistic,150,multistation,8,8,8,t00452-c00115,115,452,12,0,12,True,False,no_show,22.7618,0.0,0,1,42.94008412398398,764.8270840290934,0.03366614691913128,0.01770886592566967,764.8784590419382
pessimistic,150,multistation,8,8,8,t00452-c00128,128,452,3,0,3,True,False,satisfied,19.2229,19.6,28,1,210.89262515306473,527.243125019595,237.65520914457738,0.0076659489423036575,764.9060001131147
pessimistic,150,multistation,8,8,8,t00454-c00048,48,454,3,0,3,True,False,cancelled_early,28.0,0.0,0,1,119.39450004138052,483.2940411288291,57.51783400774002,0.016415957361459732,540.8282910939306
pessimistic,150,multistation,8,8,8,t00454-c00086,86,454,5,0,5,True,False,cancelled_late,13.8621,0.0,0,1,28.149792226031423,540.7392091583461,0.12979097664356232,0.008208910003304482,540.8772090449929
pessimistic,150,multistation,8,8,8,t00455-c00048,48,455,3,0,3,True,False,cancelled_late,25.7338,0.0,0,1,145.50766604952514,523.7400000914931,92.16425009071827,0.01837499439716339,615.9226251766086
pessimistic,150,multistation,8,8,8,t00455-c00086,86,455,5,0,5,True,False,satisfied,19.8076,20.0,40,1,46.64387507364154,615.8336661756039,0.12816698290407658,0.008292030543088913,615.970125189051
pessimistic,150,multistation,8,8,8,t00459-c00018,18,459,10,0,10,True,False,satisfied,22.3087,22.5,45,1,76.64729095995426,864.1500829253346,0.02695806324481964,0.02091703936457634,864.197958027944
pessimistic,150,multistation,8,8,8,t00459-c00099,99,459,5,0,5,True,False,no_show,15.5737,0.0,0,1,76.59558393061161,864.098499994725,0.1317090354859829,0.0074999406933784485,864.2377089709044
pessimistic,150,multistation,8,8,8,t00460-c00048,48,460,3,0,3,True,False,no_show,17.7481,0.0,0,1,258.039667038247,912.5570000614971,42.899792082607746,0.015249941498041153,955.4720420856029
pessimistic,150,multistation,8,8,8,t00460-c00126,126,460,11,0,11,True,False,satisfied,30.5981,30.8,44,1,73.83704208768904,955.3777920082211,0.11829216964542866,0.01037493348121643,955.5064591113478
pessimistic,150,multistation,8,8,8,t00461-c00015,15,461,5,0,5,True,False,no_show,27.6549,0.0,0,1,197.41008314304054,1037.380250170827,121.45720794796944,0.016582896932959557,1158.8540410157293
pessimistic,150,multistation,8,8,8,t00461-c00061,61,461,3,0,3,True,False,satisfied,23.5803,23.0,46,1,404.2307089548558,1037.3292497824878,121.55187502503395,0.007292022928595543,1158.8884168304503
pessimistic,150,multistation,8,8,8,t00461-c00105,105,461,14,0,14,True,False,satisfied,17.8972,18.4,23,1,24.639000184834003,1158.7192912120372,0.16895891167223454,0.010458054021000862,1158.8987081777304
pessimistic,150,multistation,8,8,8,t00464-c00035,35,464,1,0,1,True,False,cancelled_late,11.2435,0.0,0,1,58.18712501786649,58.18712501786649,64.16375003755093,0.015249941498041153,122.36612499691546
pessimistic,150,multistation,8,8,8,t00464-c00067,67,464,3,0,3,True,False,satisfied,25.7523,26.4,33,1,58.1364999525249,122.27991688996553,0.1212910283356905,0.010500196367502213,122.41170811466873
pessimistic,150,multistation,8,8,8,t00465-c00125,125,465,7,0,7,True,False,satisfied,26.1541,25.6,32,1,14.101333217695355,291.52795812115073,0.029749935492873192,0.016042031347751617,291.57375008799136
pessimistic,150,multistation,8,8,8,t00467-c00001,1,467,2,0,2,True,False,no_show,28.45,0.0,0,1,197.19625008292496,483.3437080960721,0.015500001609325409,0.01500011421740055,483.3742082118988
pessimistic,150,multistation,8,8,8,t00467-c00118,118,467,4,0,4,True,False,satisfied,24.7983,24.6,41,1,60.45104190707207,371.8814579769969,111.5125420037657,0.0076249707490205765,483.4016249515116
pessimistic,150,multistation,8,8,8,t00471-c00062,62,471,1,0,1,True,False,no_show,27.1824,0.0,0,1,166.57345811836421,166.57345811836421,0.025082845240831375,0.016667181625962257,166.615208145231
pessimistic,150,multistation,8,8,8,t00471-c00140,140,471,1,0,1,True,False,satisfied,27.6132,25.2,63,1,166.5180418640375,166.5180418640375,0.1088329590857029,0.005917157977819443,166.63279198110104
pessimistic,150,multistation,8,8,8,t00473-c00041,41,473,5,0,5,True,False,satisfied,26.58,27.0,54,1,69.33391699567437,455.7083328254521,0.02191704697906971,0.015750061720609665,455.74599993415177
pessimistic,150,multistation,8,8,8,t00474-c00053,53,474,5,0,5,True,False,satisfied,19.5,19.5,39,1,22.023999830707908,244.7256250306964,0.025458866730332375,0.015916069969534874,244.76699996739626
pessimistic,150,multistation,8,8,8,t00475-c00017,17,475,12,0,12,True,False,satisfied,21.6151,21.7,31,1,72.3649999126792,881.9272499531507,0.02591591328382492,0.019834144040942192,881.9730000104755
pessimistic,150,multistation,8,8,8,t00475-c00102,102,475,1,0,1,True,False,no_show,19.4849,0.0,0,1,239.5521248690784,239.5521248690784,642.4480001442134,0.0071248505264520645,882.0072498638183
pessimistic,150,multistation,8,8,8,t00475-c00112,112,475,5,0,5,True,False,no_show,16.4818,0.0,0,1,37.94120787642896,881.8310408387333,0.16233418136835098,0.0061658211052417755,881.9995408412069
pessimistic,150,multistation,8,8,8,t00475-c00123,123,475,3,0,3,True,False,cancelled_early,16.2739,0.0,0,1,259.3757910653949,611.0920831561089,270.88908292353153,0.005666865035891533,881.9868329446763
pessimistic,150,multistation,8,8,8,t00476-c00010,10,476,5,0,5,True,False,cancelled_late,34.1098,0.0,0,1,195.3222081065178,1258.0034581478685,0.022042077034711838,0.015665777027606964,1258.0411660019308
pessimistic,150,multistation,8,8,8,t00476-c00035,35,476,3,0,3,True,False,cancelled_early,24.003,0.0,0,1,99.18825002387166,1123.670042026788,134.40983300097287,0.007958849892020226,1258.0878338776529
pessimistic,150,multistation,8,8,8,t00476-c00123,123,476,5,0,5,True,False,cancelled_late,20.3311,0.0,0,1,71.82304095476866,1257.9000829719007,0.17912499606609344,0.006542075425386429,1258.0857500433922
pessimistic,150,multistation,8,8,8,t00476-c00124,124,476,1,0,1,True,False,satisfied,18.0892,10.5,15,1,99.09566608257592,99.09566608257592,1158.9750838465989,0.00458303838968277,1258.0753329675645
pessimistic,150,multistation,8,8,8,t00477-c00010,10,477,3,0,3,True,False,satisfied,37.2694,37.8,63,1,383.40520788915455,1181.7677079234272,371.51725008152425,0.018208054825663567,1553.3031660597771
pessimistic,150,multistation,8,8,8,t00477-c00035,35,477,3,0,3,True,False,cancelled_late,25.5653,0.0,0,1,327.1603749599308,1047.8632498998195,505.470166914165,0.007958151400089264,1553.3413749653846
pessimistic,150,multistation,8,8,8,t00477-c00078,78,477,5,0,5,True,False,no_show,16.116,0.0,0,1,30.890708090737462,1499.1788750048727,54.16304199025035,0.007333001121878624,1553.349249996245
pessimistic,150,multistation,8,8,8,t00477-c00103,103,477,17,0,17,True,False,no_show,27.1276,0.0,0,1,68.96875007078052,1553.1300830189139,0.21125003695487976,0.0100000761449337,1553.3513331320137
pessimistic,150,multistation,8,8,8,t00478-c00123,123,478,3,0,3,True,False,no_show,23.0718,0.0,0,1,31.36625001206994,157.85449999384582,0.029416056349873543,0.014834105968475342,157.89875015616417
pessimistic,150,multistation,8,8,8,t00479-c00019,19,479,21,0,21,True,False,satisfied,20.9712,21.2,53,1,68.73420788906515,2011.8340000044554,0.03804103471338749,0.03366684541106224,2011.90570788458
pessimistic,150,multistation,8,8,8,t00480-c00072,72,480,1,0,1,True,False,no_show,21.1435,0.0,0,1,13.579250080510974,13.579250080510974,0.024416949599981308,0.016249949112534523,13.61991697922349
pessimistic,150,multistation,8,8,8,t00481-c00055,55,481,5,0,5,True,False,cancelled_late,21.4779,0.0,0,1,41.43608408048749,238.32354205660522,0.024208100512623787,0.01829187385737896,238.36604203097522
pessimistic,150,multistation,8,8,8,t00482-c00035,35,482,10,0,10,True,False,no_show,24.9419,0.0,0,1,127.84258299507201,1219.0926659386605,0.027250032871961594,0.02012518234550953,1219.140041153878
pessimistic,150,multistation,8,8,8,t00483-c00055,55,483,5,0,5,True,False,satisfied,24.424,24.6,41,1,117.45570879429579,728.43625000678,0.026916852220892906,0.01895800232887268,728.4821248613298
pessimistic,150,multistation,8,8,8,t00483-c00081,81,483,1,0,1,True,False,satisfied,33.3642,12.8,16,1,249.3123330641538,249.3123330641538,479.2013338301331,0.0076249707490205765,728.5212918650359
pessimistic,150,multistation,8,8,8,t00483-c00108,108,483,5,0,5,True,False,cancelled_early,19.2661,0.0,0,1,117.36037512309849,728.3413750119507,0.16887509264051914,0.006583984941244125,728.5168340895325
pessimistic,150,multistation,8,8,8,t00483-c00132,132,483,1,0,1,True,False,cancelled_early,22.751,0.0,0,1,280.0857909023762,280.0857909023762,448.4292499255389,0.005583977326750755,728.5206248052418
pessimistic,150,multistation,8,8,8,t00484-c00108,108,484,7,0,7,True,False,cancelled_early,21.5521,0.0,0,1,32.832875149324536,328.51420901715755,0.03133295103907585,0.018208054825663567,328.5637500230223
pessimistic,150,multistation,8,8,8,t00484-c00132,132,484,1,0,1,True,False,satisfied,26.8108,27.0,45,1,132.64041696675122,132.64041696675122,195.9612499922514,0.006749993190169334,328.6084169521928
pessimistic,150,multistation,8,8,8,t00485-c00108,108,485,7,0,7,True,False,cancelled_late,19.6197,0.0,0,1,32.54141611978412,279.93820793926716,0.030708033591508865,0.017208978533744812,279.9861249513924
pessimistic,150,multistation,8,8,8,t00486-c00108,108,486,7,0,7,True,False,cancelled_early,17.2882,0.0,0,1,27.536042034626007,247.8469170164317,0.029542017728090286,0.01637497916817665,247.89283401332796
pessimistic,150,multistation,8,8,8,t00487-c00108,108,487,5,0,5,True,False,satisfied,24.5889,24.5,35,1,41.763124987483025,232.07787494175136,0.02708309330046177,0.019833911210298538,232.12479194626212
pessimistic,150,multistation,8,8,8,t00489-c00054,54,489,7,0,7,True,False,no_show,16.2245,0.0,0,1,24.52729200012982,232.8152081463486,0.024958979338407516,0.016666017472743988,232.85683314315975
pessimistic,150,multistation,8,8,8,t00489-c00141,141,489,3,0,3,True,False,satisfied,14.3522,14.7,21,1,62.35795794054866,183.77079186029732,49.11020817235112,0.006916932761669159,232.8879169654101
pessimistic,150,multistation,8,8,8,t00491-c00006,6,491,1,0,1,True,False,cancelled_early,25.1197,0.0,0,1,93.33420800976455,93.33420800976455,154.4787499587983,0.015416881069540977,247.82837484963238
pessimistic,150,multistation,8,8,8,t00491-c00099,99,491,8,0,8,True,False,cancelled_late,15.5753,0.0,0,1,25.489875115454197,247.7454161271453,0.13070902787148952,0.010040821507573128,247.88616597652435
pessimistic,150,multistation,8,8,8,t00492-c00006,6,492,5,0,5,True,False,cancelled_early,24.2147,0.0,0,1,311.294708866626,741.5184590499848,240.19549996592104,0.019415980204939842,981.7333749961108
pessimistic,150,multistation,8,8,8,t00492-c00065,65,492,5,0,5,True,False,no_show,23.1615,0.0,0,1,71.22129178605974,981.6397088579834,0.1400001347064972,0.0085409265011549,981.788249919191
pessimistic,150,multistation,8,8,8,t00492-c00087,87,492,1,0,1,True,False,cancelled_late,34.2221,0.0,0,1,231.64820787496865,231.64820787496865,750.125499907881,0.005667097866535187,981.7793748807162
pessimistic,150,multistation,8,8,8,t00492-c00099,99,492,6,0,6,True,False,satisfied,16.2567,16.8,24,1,71.14120805636048,981.5604998730123,0.21299999207258224,0.00658305361866951,981.7800829187036
pessimistic,150,multistation,8,8,8,t00493-c00006,6,493,4,0,4,True,False,cancelled_early,23.9616,0.0,0,1,78.90191697515547,323.1469579041004,0.019541941583156586,0.014792196452617645,323.1812920421362
pessimistic,150,multistation,8,8,8,t00494-c00006,6,494,4,0,4,True,False,cancelled_late,20.9524,0.0,0,1,64.14287490770221,267.44870794937015,0.020958948880434036,0.01554097980260849,267.4852078780532
pessimistic,150,multistation,8,8,8,t00495-c00006,6,495,4,0,4,True,False,cancelled_late,25.2561,0.0,0,1,253.48083302378654,637.6467500813305,395.40608297102153,0.0238749198615551,1033.0767079722136
pessimistic,150,multistation,8,8,8,t00495-c00111,111,495,7,0,7,True,False,satisfied,17.3891,16.8,24,1,109.60145783610642,1032.9673329833895,0.15308381989598274,0.009458046406507492,1033.129874849692
pessimistic,150,multistation,8,8,8,t00495-c00115,115,495,5,0,5,True,False,satisfied,30.9693,31.2,52,1,109.55908382311463,1032.9250840004534,0.19245781004428864,0.006166985258460045,1033.123708795756
pessimistic,150,multistation,8,8,8,t00496-c00069,69,496,1,0,1,True,False,no_show,19.9636,0.0,0,1,11.044915998354554,11.044915998354554,0.0139591284096241,0.009165843948721886,11.0680409707129
pessimistic,150,multistation,8,8,8,t00497-c00029,29,497,4,0,4,True,False,cancelled_late,22.6068,0.0,0,1,241.62174994125962,567.4373328220099,530.2708330564201,0.017249956727027893,1097.725415835157
pessimistic,150,multistation,8,8,8,t00497-c00101,101,497,4,1,3,True,False,no_show,18.8765,0.0,0,1,1310.1947500836104,1574.2000830359757,0.12266705743968487,0.007082941010594368,1574.329833034426
pessimistic,150,multistation,8,8,8,t00497-c00149,149,497,22,0,22,True,False,cancelled_late,20.0657,0.0,0,1,30.251708114519715,1097.58812491782,0.16195815987884998,0.013999873772263527,1097.7640829514712
pessimistic,150,multistation,8,8,8,t00498-c00029,29,498,4,0,4,True,False,satisfied,13.5164,13.3,19,1,34.533374942839146,276.9754158798605,198.3309171628207,0.01679197885096073,475.3231250215322
pessimistic,150,multistation,8,8,8,t00498-c00107,107,498,3,0,3,True,False,cancelled_early,25.3525,0.0,0,1,211.19158319197595,444.96175018139184,30.39045794866979,0.006166985258460045,475.3583751153201
pessimistic,150,multistation,8,8,8,t00499-c00107,107,499,2,0,2,True,False,cancelled_early,22.6454,0.0,0,1,23.036875063553452,51.32308299653232,0.02683396451175213,0.01595797948539257,51.365874940529466
pessimistic,150,multistation,8,8,8,t00500-c00095,95,500,6,0,6,True,False,cancelled_late,20.3796,0.0,0,1,32.18808304518461,292.3361659049988,0.02950010821223259,0.017541926354169846,292.3832079395652
pessimistic,150,multistation,8,8,8,t00500-c00107,107,500,2,0,2,True,False,satisfied,16.7346,16.8,24,1,85.44099982827902,240.222749998793,52.198291989043355,0.007082941010594368,292.42812492884696
pessimistic,150,multistation,8,8,8,t00500-c00149,149,500,1,0,1,True,False,cancelled_late,22.0705,0.0,0,1,85.38720803335309,85.38720803335309,207.01583288609982,0.004917150363326073,292.40795806981623
pessimistic,150,multistation,8,8,8,t00501-c00006,6,501,12,0,12,True,False,satisfied,23.1187,23.5,47,1,114.38383301720023,1104.584083193913,0.02574990503489971,0.0227498821914196,1104.6325829811394
pessimistic,150,multistation,8,8,8,t00501-c00064,64,501,5,0,5,True,False,cancelled_late,13.1754,0.0,0,1,19.39845783635974,1019.7870410047472,84.87504185177386,0.00900006853044033,1104.6710829250515
pessimistic,150,multistation,8,8,8,t00502-c00064,64,502,9,0,9,True,False,cancelled_late,23.7088,0.0,0,1,35.34029214642942,433.29179217107594,0.02691592089831829,0.017833895981311798,433.33654198795557
pessimistic,150,multistation,8,8,8,t00502-c00095,95,502,4,1,3,True,False,no_show,22.23,0.0,0,1,615.2253749314696,774.2259169463068,193.84233304299414,0.016417121514678,968.0846671108156
pessimistic,150,multistation,8,8,8,t00503-c00117,117,503,13,0,13,True,False,satisfied,15.9154,16.2,27,1,30.035375151783228,533.5206671152264,0.11745793744921684,0.01091696321964264,533.6490420158952
pessimistic,150,multistation,8,8,8,t00505-c00026,26,505,3,0,3,True,False,cancelled_late,21.722,0.0,0,1,62.70429096184671,266.48362493142486,0.020666047930717468,0.016416888684034348,266.5207078680396
pessimistic,150,multistation,8,8,8,t00506-c00007,7,506,3,0,3,True,False,no_show,28.2466,0.0,0,1,188.25633288361132,846.9134168699384,142.88095803931355,0.02191704697906971,989.816291956231
pessimistic,150,multistation,8,8,8,t00506-c00026,26,506,5,0,5,True,False,no_show,18.912,0.0,0,1,55.284959031268954,989.7260419093072,0.12808316387236118,0.009709037840366364,989.86383411102
pessimistic,150,multistation,8,8,8,t00506-c00068,68,506,5,0,5,True,False,cancelled_early,13.8099,0.0,0,1,124.24162495881319,846.821374958381,143.03304092027247,0.007084105163812637,989.8614999838173
pessimistic,150,multistation,8,8,8,t00507-c00030,30,507,2,0,2,True,False,satisfied,21.2881,21.6,27,1,281.0643329285085,581.2366248574108,263.6294171679765,0.018666032701730728,844.884708058089
pessimistic,150,multistation,8,8,8,t00507-c00064,64,507,14,0,14,True,False,cancelled_late,23.6866,0.0,0,1,38.1203331053257,844.7926251683384,0.14104088768363,0.012791948392987251,844.946458004415
pessimistic,150,multistation,8,8,8,t00507-c00068,68,507,3,0,3,True,False,cancelled_late,13.2735,0.0,0,1,214.9706669151783,641.6184171102941,203.33645795471966,0.006624963134527206,844.9615000281483
pessimistic,150,multistation,8,8,8,t00508-c00149,149,508,5,0,5,True,False,no_show,18.0603,0.0,0,1,26.96250006556511,156.20904206298292,0.0363329891115427,0.02370891161262989,156.2690839637071
pessimistic,150,multistation,8,8,8,t00509-c00023,23,509,1,0,1,True,False,cancelled_early,31.7641,0.0,0,1,262.1054579503834,262.1054579503834,863.2461670786142,0.02079200930893421,1125.3724170383066
pessimistic,150,multistation,8,8,8,t00509-c00048,48,509,5,0,5,True,False,cancelled_early,31.105,0.0,0,1,125.27404190041125,1125.277749961242,0.15004188753664494,0.010916031897068024,1125.4387078806758
pessimistic,150,multistation,8,8,8,t00509-c00094,94,509,4,0,4,True,False,satisfied,20.26,20.5,41,1,330.0180830992758,700.6424579303712,424.794209189713,0.0074999406933784485,1125.4441670607775
pessimistic,150,multistation,8,8,8,t00510-c00023,23,510,1,0,1,True,False,breakdown,27.6579,0.0,0,1,273.8227911759168,273.8227911759168,732.5664169620723,0.02208305522799492,1006.411291193217
pessimistic,150,multistation,8,8,8,t00510-c00048,48,510,5,0,5,True,False,satisfied,35.5966,35.6,89,1,133.86741699650884,1006.3202090095729,0.114083057269454,0.010041985660791397,1006.4443340525031
pessimistic,150,multistation,8,8,8,t00511-c00068,68,511,3,0,3,True,False,satisfied,14.2529,14.4,24,1,69.23333299346268,131.08516694046557,0.02408307045698166,0.020832987502217293,131.13008299842477
pessimistic,150,multistation,8,8,8,t00511-c00142,142,511,1,0,1,True,False,cancelled_early,32.8603,0.0,0,1,42.573707876726985,42.573707876726985,88.58145796693861,0.00700005330145359,131.16216589696705
pessimistic,150,multistation,8,8,8,t00512-c00054,54,512,1,0,1,True,False,no_show,18.9695,0.0,0,1,263.62074981443584,263.62074981443584,688.5126251727343,0.015249941498041153,952.1486249286681
pessimistic,150,multistation,8,8,8,t00512-c00087,87,512,11,0,11,True,False,no_show,29.9655,0.0,0,1,61.72112515196204,952.0625001750886,0.11962489224970341,0.011125113815069199,952.1932501811534
pessimistic,150,multistation,8,8,8,t00512-c00142,142,512,1,0,1,True,False,cancelled_late,29.2696,0.0,0,1,113.4558750782162,113.4558750782162,838.723334018141,0.005665933713316917,952.1848750300705
pessimistic,150,multistation,8,8,8,t00513-c00064,64,513,5,0,5,True,False,satisfied,19.9509,20.3,29,1,22.26191689260304,228.48879196681082,0.02429191954433918,0.01658312976360321,228.52966701611876
pessimistic,150,multistation,8,8,8,t00513-c00078,78,513,3,0,3,True,False,satisfied,20.241,20.4,34,1,49.12533308379352,171.5770000591874,56.97937496006489,0.008082948625087738,228.5644579678774
pessimistic,150,multistation,8,8,8,t00513-c00133,133,513,4,1,3,True,False,satisfied,20.1688,20.8,26,1,253.84533288888633,297.4212500266731,0.02933293581008911,0.013666925951838493,297.464249888435
pessimistic,150,multistation,8,8,8,t00516-c00059,59,516,5,0,5,True,False,cancelled_early,24.2063,0.0,0,1,89.66970792971551,381.25824998132885,0.02650008536875248,0.015249941498041153,381.30000000819564
pessimistic,150,multistation,8,8,8,t00516-c00102,102,516,2,0,2,True,False,cancelled_late,26.0145,0.0,0,1,166.92058416083455,341.8383749667555,39.49641715735197,0.007166992872953415,381.34195911698043
pessimistic,150,multistation,8,8,8,t00517-c00002,2,517,1,0,1,True,False,cancelled_late,22.4997,0.0,0,1,310.7342501170933,310.7342501170933,977.0582078490406,0.018750084564089775,1287.811208050698
pessimistic,150,multistation,8,8,8,t00517-c00059,59,517,3,0,3,True,False,no_show,20.0124,0.0,0,1,310.6821251567453,877.3863329552114,410.48070904798806,0.009082956239581108,1287.876124959439
pessimistic,150,multistation,8,8,8,t00517-c00074,74,517,14,0,14,True,False,cancelled_late,27.5448,0.0,0,1,56.746916845440865,1287.6796249765903,0.1926668919622898,0.011666910722851753,1287.8839587792754
pessimistic,150,multistation,8,8,8,t00517-c00103,103,517,3,0,3,True,False,satisfied,25.6285,26.4,33,1,346.4612918905914,964.6417500916868,323.2359169051051,0.00595790334045887,1287.8836249001324
pessimistic,150,multistation,8,8,8,t00518-c00074,74,518,14,0,14,True,False,cancelled_late,29.2534,0.0,0,1,61.11579202115536,1396.2230829056352,0.03454205580055714,0.021707965061068535,1396.2793329264969
pessimistic,150,multistation,8,8,8,t00518-c00142,142,518,3,0,3,True,False,satisfied,30.9055,30.4,76,1,368.3055420406163,1005.2670000586659,391.05491689406335,0.007416121661663055,1396.329333074391
pessimistic,150,multistation,8,8,8,t00519-c00098,98,519,3,0,3,True,False,satisfied,20.5965,19.2,32,1,304.0948328562081,1682.9967498779297,150.2237911336124,0.01870887354016304,1833.2392498850822
pessimistic,150,multistation,8,8,8,t00519-c00102,102,519,14,0,14,True,False,cancelled_early,16.6694,0.0,0,1,30.407791957259178,1833.146250108257,0.13479194603860378,0.012457836419343948,1833.2934998907149
pessimistic,150,multistation,8,8,8,t00519-c00121,121,519,4,0,4,True,False,cancelled_late,24.3475,0.0,0,1,377.7139578014612,847.0702499616891,986.2291249446571,0.007207971066236496,1833.3065828774124
pessimistic,150,multistation,8,8,8,t00519-c00138,138,519,4,0,4,True,False,satisfied,27.1664,27.2,68,1,303.9647499099374,1682.8667090740055,150.43516596779227,0.006041955202817917,1833.3079169970006
pessimistic,150,multistation,8,8,8,t00520-c00074,74,520,13,0,13,True,False,cancelled_early,22.5777,0.0,0,1,95.54779203608632,2253.032333916053,0.03154110163450241,0.019666971638798714,2253.0835419893265
pessimistic,150,multistation,8,8,8,t00520-c00102,102,520,14,0,14,True,False,cancelled_late,23.9374,0.0,0,1,95.49904195591807,2252.9833340086043,0.1559578813612461,0.009833136573433876,2253.149125026539
pessimistic,150,multistation,8,8,8,t00521-c00074,74,521,13,0,13,True,False,satisfied,21.4514,21.6,36,1,40.09441612288356,665.9160831477493,0.03429199568927288,0.02208305522799492,665.9724581986666
pessimistic,150,multistation,8,8,8,t00522-c00112,112,522,4,0,4,True,False,no_show,27.1432,0.0,0,1,82.70937507040799,400.8059171028435,0.03229198046028614,0.016750069335103035,400.8549591526389
pessimistic,150,multistation,8,8,8,t00523-c00015,15,523,6,0,6,True,False,cancelled_early,32.2118,0.0,0,1,79.42645810544491,820.3765831422061,0.021207844838500023,0.01950003206729889,820.4172910191119
pessimistic,150,multistation,8,8,8,t00524-c00000,0,524,14,0,14,True,False,breakdown,39.0233,0.0,0,1,218.92670821398497,6101.500917226076,0.02987496554851532,0.029499875381588936,6101.560292067006
pessimistic,150,multistation,8,8,8,t00524-c00015,15,524,3,0,3,True,False,satisfied,32.2021,32.5,65,1,747.5095840636641,3956.3499169889838,2145.2493749093264,0.009041978046298027,6101.6083338763565
pessimistic,150,multistation,8,8,8,t00524-c00072,72,524,6,0,6,True,False,no_show,28.2947,0.0,0,1,37.7233331091702,5823.317291913554,278.2866251654923,0.007832888513803482,6101.61174996756
pessimistic,150,multistation,8,8,8,t00524-c00089,89,524,4,0,4,True,False,satisfied,20.2532,20.4,34,1,2443.2130421046168,4963.171125156805,1138.4244170039892,0.00558304600417614,6101.601125206798
pessimistic,150,multistation,8,8,8,t00525-c00121,121,525,11,0,11,True,False,satisfied,21.5228,21.7,31,1,48.04033297114074,496.63491710089147,0.03574998117983341,0.018582912161946297,496.68924999423325
pessimistic,150,multistation,8,8,8,t00527-c00003,3,527,1,0,1,True,False,no_show,25.7799,0.0,0,1,283.7134590372443,283.7134590372443,1039.8820410482585,0.017666956409811974,1323.6131670419127
pessimistic,150,multistation,8,8,8,t00527-c00083,83,527,6,0,6,True,False,cancelled_early,31.7649,0.0,0,1,315.0021249894053,1064.4875830039382,259.16912499815226,0.01091696321964264,1323.66762496531
pessimistic,150,multistation,8,8,8,t00527-c00102,102,527,13,0,13,True,False,breakdown,24.937,0.0,0,1,50.831582862883806,1323.4807499684393,0.2049170434474945,0.011333031579852104,1323.6970000434667
pessimistic,150,multistation,8,8,8,t00528-c00024,24,528,1,0,1,True,False,no_show,26.7788,0.0,0,1,188.9496659860015,188.9496659860015,367.4821248278022,0.015417113900184631,556.4472079277039
pessimistic,150,multistation,8,8,8,t00528-c00083,83,528,6,0,6,True,False,cancelled_late,33.5269,0.0,0,1,46.4371251873672,556.3592500984669,0.11262507177889347,0.009208917617797852,556.4810840878636
pessimistic,150,multistation,8,8,8,t00529-c00047,47,529,1,0,1,True,False,no_show,21.4849,0.0,0,1,10.511082829907537,10.511082829907537,0.016458099707961082,0.010041985660791397,10.537582915276289
pessimistic,150,multistation,8,8,8,t00531-c00043,43,531,14,0,14,True,False,cancelled_early,17.8504,0.0,0,1,38.37233386002481,723.9189168903977,0.02845795825123787,0.021541956812143326,723.968916805461
pessimistic,150,multistation,8,8,8,t00532-c00043,43,532,10,0,10,True,False,satisfied,20.91,21.0,42,1,41.046082973480225,1170.8499158266932,0.026124995201826096,0.01733400858938694,1170.8933748304844
pessimistic,150,multistation,8,8,8,t00532-c00083,83,532,6,0,6,True,False,no_show,29.6411,0.0,0,1,142.48766703531146,896.484375,274.4406668934971,0.009292038157582283,1170.9343339316547
pessimistic,150,multistation,8,8,8,t00532-c00123,123,532,3,0,3,True,False,satisfied,23.4994,9.5,19,1,96.16829082369804,797.9811658151448,372.9401670861989,0.006749993190169334,1170.9280828945339
pessimistic,150,multistation,8,8,8,t00534-c00002,2,534,2,0,2,True,False,cancelled_early,22.3465,0.0,0,1,11.549249989911914,45.95566703937948,0.015625031664967537,0.014374963939189911,45.985667034983635
pessimistic,150,multistation,8,8,8,t00535-c00002,2,535,1,0,1,True,False,cancelled_early,22.4139,0.0,0,1,10.864167008548975,10.864167008548975,115.7313329167664,0.015333062037825584,126.6108329873532
pessimistic,150,multistation,8,8,8,t00535-c00076,76,535,3,0,3,True,False,satisfied,24.3005,24.8,31,1,44.40166591666639,126.52362510561943,0.12258300557732582,0.007791910320520401,126.65400002151728
pessimistic,150,multistation,8,8,8,t00536-c00002,2,536,1,0,1,True,False,cancelled_early,29.4098,0.0,0,1,457.5186660513282,457.5186660513282,616.7384169530123,0.017832964658737183,1074.2749159689993
pessimistic,150,multistation,8,8,8,t00536-c00065,65,536,5,0,5,True,False,satisfied,30.5794,30.6,51,1,120.55141595192254,1074.1879579145461,0.12966711074113846,0.00900006853044033,1074.3266250938177
pessimistic,150,multistation,8,8,8,t00536-c00144,144,536,6,0,6,True,False,cancelled_late,12.8846,0.0,0,1,120.50274992361665,1074.1392909549177,0.17662509344518185,0.0069998204708099365,1074.3229158688337
pessimistic,150,multistation,8,8,8,t00537-c00002,2,537,1,0,1,True,False,satisfied,23.5648,8.4,12,1,15.810541110113263,15.810541110113263,0.01679197885096073,0.01100008375942707,15.838333172723651
pessimistic,150,multistation,8,8,8,t00537-c00095,95,537,1,0,1,True,False,cancelled_early,25.9715,0.0,0,1,15.752749983221292,15.752749983221292,0.0893748365342617,0.005416106432676315,15.84754092618823
pessimistic,150,multistation,8,8,8,t00538-c00095,95,538,4,0,4,True,False,cancelled_early,29.4546,0.0,0,1,143.01700005307794,517.4206248484552,610.1233751978725,0.01574982888996601,1127.5597498752177
pessimistic,150,multistation,8,8,8,t00538-c00101,101,538,14,0,14,True,False,satisfied,25.7745,25.9,37,1,102.05554217100143,1127.4703340604901,0.13970793224871159,0.011708121746778488,1127.6217501144856
pessimistic,150,multistation,8,8,8,t00538-c00144,144,538,5,0,5,True,False,satisfied,22.339,21.7,31,1,29.347750125452876,1067.8229581099004,59.78854186832905,0.007083173841238022,1127.6185831520706
pessimistic,150,multistation,8,8,8,t00539-c00095,95,539,3,0,3,True,False,satisfied,21.5956,21.6,27,1,11.119999922811985,63.438833924010396,0.02737506292760372,0.014832941815257072,63.48104192875326
pessimistic,150,multistation,8,8,8,t00542-c00070,70,542,8,0,8,True,False,satisfied,18.7873,18.8,47,1,14.759415993466973,500.1756658311933,0.02791709266602993,0.017707934603095055,500.22129085846245
pessimistic,150,multistation,8,8,8,t00543-c00149,149,543,7,0,7,True,False,satisfied,22.7032,23.1,33,1,35.814416129142046,336.291833082214,0.036667101085186005,0.0199158675968647,336.34841605089605
pessimistic,150,multistation,8,8,8,t00545-c00062,62,545,3,0,3,True,False,satisfied,36.2701,36.4,91,1,159.77787505835295,666.4074161089957,0.026333844289183617,0.01908303238451481,666.4528329856694
pessimistic,150,multistation,8,8,8,t00546-c00069,69,546,2,0,2,True,False,cancelled_late,19.1606,0.0,0,1,25.20083379931748,86.69470879249275,0.025333138182759285,0.016333069652318954,86.73637500032783
pessimistic,150,multistation,8,8,8,t00547-c00001,1,547,11,0,11,True,False,cancelled_early,43.017,0.0,0,1,573.8917079288512,4853.121957974508,59.6950831823051,0.021958956494927406,4912.839000113308
pessimistic,150,multistation,8,8,8,t00547-c00069,69,547,1,0,1,True,False,cancelled_early,30.887,0.0,0,1,682.5422921683639,682.5422921683639,4230.353374965489,0.008167000487446785,4912.90383413434
pessimistic,150,multistation,8,8,8,t00547-c00143,143,547,15,0,15,True,False,cancelled_late,22.379,0.0,0,1,41.11450002528727,4912.6845840364695,0.22733304649591446,0.010249903425574303,4912.922166986391
pessimistic,150,multistation,8,8,8,t00548-c00001,1,548,4,0,4,True,False,satisfied,40.9178,41.2,103,1,550.0677498057485,1757.2734579443932,37.18641703017056,0.01837499439716339,1794.4782499689609
pessimistic,150,multistation,8,8,8,t00548-c00056,56,548,5,0,5,True,False,cancelled_late,13.569,0.0,0,1,21.550499834120274,1794.3844588007778,0.11899997480213642,0.00916607677936554,1794.5126248523593
pessimistic,150,multistation,8,8,8,t00548-c00069,69,548,3,0,3,True,False,satisfied,32.4852,32.5,65,1,131.48549990728498,1757.1719579864293,37.340041948482394,0.005833106115460396,1794.5178330410272
pessimistic,150,multistation,8,8,8,t00548-c00143,143,548,1,0,1,True,False,cancelled_late,15.3371,0.0,0,1,549.9168750829995,549.9168750829995,1244.5806248579174,0.004375120624899864,1794.5018750615418
pessimistic,150,multistation,8,8,8,t00549-c00143,143,549,1,0,1,True,False,no_show,23.7738,0.0,0,1,17.44854194112122,17.44854194112122,0.026499852538108826,0.011833151802420616,17.48687494546175
pessimistic,150,multistation,8,8,8,t00550-c00004,4,550,5,0,5,True,False,cancelled_early,13.5742,0.0,0,1,31.30341717042029,1282.1652500424534,0.019292114302515984,0.017832964658737183,1282.2023751214147
pessimistic,150,multistation,8,8,8,t00550-c00054,54,550,10,0,10,True,False,no_show,23.5684,0.0,0,1,103.09875011444092,1226.421375060454,55.82970893010497,0.010624993592500687,1282.2617089841515
pessimistic,150,multistation,8,8,8,t00550-c00096,96,550,4,0,4,True,False,cancelled_late,21.2188,0.0,0,1,252.01199995353818,1119.1347499843687,163.11391605995595,0.005709007382392883,1282.254375051707
pessimistic,150,multistation,8,8,8,t00551-c00004,4,551,10,0,10,True,False,satisfied,26.8599,27.0,54,1,154.83337501063943,3568.6014590319246,0.026999972760677338,0.020999927073717117,3568.649458931759
pessimistic,150,multistation,8,8,8,t00551-c00035,35,551,3,0,3,True,False,cancelled_early,28.681,0.0,0,1,1204.427583143115,2519.6095001883805,1049.0798328537494,0.008875038474798203,3568.6982080806047
pessimistic,150,multistation,8,8,8,t00551-c00037,37,551,4,0,4,True,False,cancelled_late,26.4985,0.0,0,1,1247.7637499105185,1588.3524999953806,1980.3535828832537,0.007042195647954941,3568.7131250742823
pessimistic,150,multistation,8,8,8,t00551-c00056,56,551,12,0,12,True,False,no_show,16.7087,0.0,0,1,179.61891717277467,3568.4677090030164,0.24375016801059246,0.007832888513803482,3568.7192920595407
pessimistic,150,multistation,8,8,8,t00551-c00147,147,551,6,0,6,True,False,no_show,21.4523,0.0,0,1,154.6490411274135,3568.418291164562,0.2814168110489845,0.006458023563027382,3568.706165999174
pessimistic,150,multistation,8,8,8,t00552-c00007,7,552,4,0,4,True,False,satisfied,27.2276,26.6,38,1,66.61154213361442,268.1265831924975,0.019999919459223747,0.01491699367761612,268.16150010563433
pessimistic,150,multistation,8,8,8,t00552-c00035,35,552,1,0,1,True,False,cancelled_early,35.6048,0.0,0,1,136.01420796476305,136.01420796476305,132.1674999780953,0.007958151400089264,268.1896660942584
pessimistic,150,multistation,8,8,8,t00553-c00035,35,553,4,0,4,True,False,no_show,28.0742,0.0,0,1,41.76370892673731,572.7421250194311,0.02150004729628563,0.015583820641040802,572.7792088873684
pessimistic,150,multistation,8,8,8,t00553-c00096,96,553,5,0,5,True,False,satisfied,20.74,21.0,35,1,68.8664170447737,405.2843751851469,167.51850000582635,0.008208910003304482,572.8110841009766
pessimistic,150,multistation,8,8,8,t00554-c00059,59,554,1,0,1,True,False,no_show,21.8474,0.0,0,1,546.6984999366105,546.6984999366105,1586.1893331166357,0.014625024050474167,2132.9024580772966
pessimistic,150,multistation,8,8,8,t00554-c00066,66,554,18,0,18,True,False,satisfied,17.1433,17.5,25,1,96.16329218260944,2132.8182090073824,0.12570805847644806,0.0135831069201231,2132.957500172779
pessimistic,150,multistation,8,8,8,t00554-c00079,79,554,15,0,15,True,False,cancelled_late,26.201,0.0,0,1,96.12112492322922,2132.7760410495102,0.1828339882194996,0.008582836017012596,2132.9674578737468
pessimistic,150,multistation,8,8,8,t00555-c00079,79,555,11,0,11,True,False,satisfied,22.3386,22.5,45,1,78.08662508614361,826.6813750378788,0.030542025342583656,0.018999911844730377,826.7309169750661
pessimistic,150,multistation,8,8,8,t00556-c00026,26,556,9,0,9,True,False,no_show,26.77,0.0,0,1,32.21258311532438,1388.6905410327017,0.025124987587332726,0.020958948880434036,1388.7366249691695
pessimistic,150,multistation,8,8,8,t00556-c00037,37,556,4,0,4,True,False,satisfied,27.7621,27.6,46,1,86.9504171423614,762.3891250696033,626.3675841037184,0.0077909789979457855,1388.7645001523197
pessimistic,150,multistation,8,8,8,t00560-c00092,92,560,5,0,5,True,False,cancelled_late,10.7083,0.0,0,1,24.23458290286362,139.5560409873724,0.02770894207060337,0.01958315260708332,139.60333308205009
pessimistic,150,multistation,8,8,8,t00562-c00052,52,562,5,0,5,True,False,cancelled_late,16.8601,0.0,0,1,51.504041999578476,377.6190420612693,0.02229190431535244,0.01654098741710186,377.65787495300174
pessimistic,150,multistation,8,8,8,t00562-c00109,109,562,1,0,1,True,False,satisfied,15.8338,8.5,17,1,134.83337499201298,134.83337499201298,242.8553330246359,0.006791902706027031,377.6954999193549
pessimistic,150,multistation,8,8,8,t00563-c00014,14,563,13,0,12,True,False,no_show,21.3091,0.0,0,1,30.4560421500355,456.7974591627717,0.023790867999196053,0.019042054191231728,456.84029208496213
pessimistic,150,multistation,8,8,8,t00565-c00049,49,565,4,0,4,True,False,satisfied,17.4457,17.5,25,1,212.83495798707008,401.3568328227848,186.35483412072062,0.014666002243757248,587.7263329457492
pessimistic,150,multistation,8,8,8,t00565-c00052,52,565,6,0,6,True,False,no_show,17.9387,0.0,0,1,55.2155829500407,587.6442920416594,0.09833299554884434,0.008791917935013771,587.7514169551432
pessimistic,150,multistation,8,8,8,t00566-c00092,92,566,5,0,5,True,False,cancelled_late,12.6385,0.0,0,1,28.042915975674987,159.99704110436141,0.026041874662041664,0.01600012183189392,160.03908310085535
pessimistic,150,multistation,8,8,8,t00567-c00092,92,567,5,0,5,True,False,no_show,18.3096,0.0,0,1,40.442666970193386,249.19387511909008,0.026999972760677338,0.02270890399813652,249.2435839958489
pessimistic,150,multistation,8,8,8,t00568-c00047,47,568,4,0,4,True,False,cancelled_early,27.2586,0.0,0,1,121.72216619364917,925.0018750317395,622.4335830193013,0.021167099475860596,1547.4566251505166
pessimistic,150,multistation,8,8,8,t00568-c00051,51,568,20,0,20,True,False,cancelled_early,25.9698,0.0,0,1,50.697959028184414,1547.3644169978797,0.1499168574810028,0.01295795664191246,1547.5272918120027
pessimistic,150,multistation,8,8,8,t00569-c00047,47,569,4,0,4,True,False,breakdown,27.0872,0.0,0,1,69.43237502127886,1070.6797919701785,90.18300008028746,0.01791701652109623,1160.880709066987
pessimistic,150,multistation,8,8,8,t00569-c00051,51,569,6,0,6,True,False,satisfied,23.7767,24.0,40,1,288.935209158808,1160.7892501633614,0.12812484055757523,0.010500196367502213,1160.9278752002865
pessimistic,150,multistation,8,8,8,t00569-c00072,72,569,4,0,4,True,False,cancelled_late,35.3025,0.0,0,1,168.24966692365706,1020.3207500744611,140.60379192233086,0.0070410314947366714,1160.9315830282867
pessimistic,150,multistation,8,8,8,t00570-c00072,72,570,14,0,14,True,False,satisfied,31.8225,32.2,46,1,56.16483301855624,2215.5706249177456,0.03404216840863228,0.019999919459223747,2215.6246670056134
pessimistic,150,multistation,8,8,8,t00570-c00075,75,570,4,0,4,True,False,cancelled_late,20.8109,0.0,0,1,394.1150829195976,1852.468917146325,363.1798748392612,0.008207978680729866,2215.656999964267
pessimistic,150,multistation,8,8,8,t00573-c00003,3,573,5,0,5,True,False,no_show,28.0256,0.0,0,1,25.584541959688067,539.4351668655872,0.018999911844730377,0.016750069335103035,539.4709168467671
pessimistic,150,multistation,8,8,8,t00573-c00087,87,573,3,0,3,True,False,cancelled_late,36.1764,0.0,0,1,109.49087492190301,446.39512500725687,93.10037503018975,0.007541850209236145,539.5030418876559
pessimistic,150,multistation,8,8,8,t00574-c00091,91,574,11,0,11,True,False,satisfied,29.7246,30.1,43,1,71.72012492083013,743.6342919245362,0.03487500362098217,0.021167099475860596,743.6903340276331
pessimistic,150,multistation,8,8,8,t00575-c00075,75,575,14,0,14,True,False,cancelled_late,20.9802,0.0,0,1,50.67595816217363,1102.2268331144005,0.03437488339841366,0.01954217441380024,1102.2807501722127
pessimistic,150,multistation,8,8,8,t00575-c00124,124,575,18,0,18,True,False,satisfied,9.0713,9.1,13,1,50.61858310364187,1102.1692911162972,0.16320892609655857,0.01116609200835228,1102.3436661344022
pessimistic,150,multistation,8,8,8,t00576-c00087,87,576,10,0,10,True,False,breakdown,42.5361,0.0,0,1,105.50987510941923,1426.3625831808895,0.03020884469151497,0.01950003206729889,1426.4122920576483
pessimistic,150,multistation,8,8,8,t00577-c00011,11,577,4,0,4,True,False,cancelled_late,24.4572,0.0,0,1,32.504000002518296,276.29299997352064,0.020707957446575165,0.018042046576738358,276.33174997754395
pessimistic,150,multistation,8,8,8,t00578-c00112,112,578,5,0,5,True,False,satisfied,31.738,32.0,64,1,91.56204108148813,566.563333151862,0.028416980057954788,0.016415957361459732,566.6081660892814
pessimistic,150,multistation,8,8,8,t00580-c00021,21,580,7,0,7,True,False,satisfied,15.4147,15.6,39,1,30.97079205326736,659.9637921899557,0.021249987185001373,0.016040867194533348,660.0010830443352
pessimistic,150,multistation,8,8,8,t00580-c00075,75,580,6,0,6,True,False,cancelled_late,23.1405,0.0,0,1,67.33212480321527,574.1647919639945,85.86341701447964,0.008499948307871819,660.036708926782
pessimistic,150,multistation,8,8,8,t00581-c00011,11,581,3,0,3,True,False,cancelled_late,25.1324,0.0,0,1,62.21341714262962,230.3172091487795,0.02004089765250683,0.019083963707089424,230.3563340101391
pessimistic,150,multistation,8,8,8,t00582-c00011,11,582,3,0,3,True,False,no_show,26.0669,0.0,0,1,69.0842920448631,266.65016706101596,0.01987488940358162,0.015916069969534874,266.6859580203891
pessimistic,150,multistation,8,8,8,t00584-c00075,75,584,2,0,2,True,False,satisfied,9.1556,9.6,16,1,13.154709013178945,32.75654185563326,0.02312520518898964,0.01574982888996601,32.795416889712214
pessimistic,150,multistation,8,8,8,t00586-c00025,25,586,4,0,4,True,False,satisfied,22.3105,22.4,56,1,87.49624993652105,422.92087501846254,0.022166874259710312,0.015625031664967537,422.9586669243872
pessimistic,150,multistation,8,8,8,t00587-c00044,44,587,1,0,1,True,False,satisfied,19.3298,19.5,39,1,41.60941601730883,41.60941601730883,69.73258382640779,0.014625024050474167,111.3566248677671
pessimistic,150,multistation,8,8,8,t00587-c00056,56,587,3,0,3,True,False,no_show,12.6699,0.0,0,1,62.26833304390311,111.27562494948506,0.11304114013910294,0.008916947990655899,111.39758303761482
pessimistic,150,multistation,8,8,8,t00588-c00083,83,588,6,0,6,True,False,no_show,38.7763,0.0,0,1,74.49779100716114,560.3392501361668,0.030082883313298225,0.019333092495799065,560.3886661119759
pessimistic,150,multistation,8,8,8,t00590-c00054,54,590,5,0,5,True,False,cancelled_early,30.8877,0.0,0,1,45.54270813241601,271.86654112301767,0.023250002413988113,0.016416888684034348,271.9062080141157
pessimistic,150,multistation,8,8,8,t00591-c00054,54,591,5,0,5,True,False,cancelled_early,26.7519,0.0,0,1,168.1517909746617,1017.6275409758091,0.0264591071754694,0.01837499439716339,1017.6723750773817
pessimistic,150,multistation,8,8,8,t00591-c00093,93,591,5,0,5,True,False,no_show,30.7698,0.0,0,1,168.1010420434177,1017.5770840141922,0.13991608284413815,0.007041962817311287,1017.7240420598537
pessimistic,150,multistation,8,8,8,t00592-c00054,54,592,5,0,5,True,False,satisfied,28.5161,28.8,36,1,40.62129184603691,234.3503748998046,0.026416964828968048,0.020290957763791084,234.39708282239735
pessimistic,150,multistation,8,8,8,t00593-c00034,34,593,3,0,3,True,False,no_show,29.8563,0.0,0,1,26.13012515939772,75.51495800726116,0.02133403904736042,0.015041092410683632,75.5513331387192
pessimistic,150,multistation,8,8,8,t00594-c00127,127,594,4,0,4,True,False,no_show,21.9088,0.0,0,1,52.61500016786158,264.9955831002444,0.03050011582672596,0.018499791622161865,265.0445830076933
pessimistic,150,multistation,8,8,8,t00595-c00073,73,595,0,4,0,False,True,abandoned,25.3684,0.0,0,0,,,,,
pessimistic,150,multistation,8,8,8,t00598-c00014,14,598,4,0,4,True,False,satisfied,22.6795,14.4,18,1,23.388374829664826,93.6887077987194,0.02041715197265148,0.0160830095410347,93.72520796023309
pessimistic,150,multistation,8,8,8,t00600-c00147,147,600,11,0,11,True,False,satisfied,22.5895,23.0,46,1,56.45174998790026,757.410875055939,0.040624989196658134,0.025999965146183968,757.4775000102818
pessimistic,150,multistation,8,8,8,t00601-c00081,81,601,3,0,3,True,False,no_show,19.3057,0.0,0,1,26.64708299562335,88.55729107744992,0.025250017642974854,0.015249941498041153,88.59779103659093
pessimistic,150,multistation,8,8,8,t00602-c00059,59,602,11,0,11,True,False,no_show,30.2547,0.0,0,1,63.06704203598201,728.200834011659,0.029540853574872017,0.022083986550569534,728.2524588517845
pessimistic,150,multistation,8,8,8,t00603-c00134,134,603,7,0,7,True,False,cancelled_late,20.7497,0.0,0,1,38.582750130444765,328.9371251594275,0.030041905120015144,0.018458114936947823,328.9856251794845
pessimistic,150,multistation,8,8,8,t00603-c00143,143,603,2,1,2,True,False,satisfied,26.4623,27.0,45,1,434.7087908536196,554.3642498087138,100.91412509791553,0.00858306884765625,655.286957975477
pessimistic,150,multistation,8,8,8,t00604-c00012,12,604,5,0,5,True,False,satisfied,17.6648,18.0,30,1,31.811333959922194,325.0566250644624,0.02079200930893421,0.020167091861367226,325.0975841656327
pessimistic,150,multistation,8,8,8,t00606-c00024,24,606,4,0,4,True,False,satisfied,37.7224,38.0,95,1,370.2022088691592,2598.314584000036,126.94441596977413,0.01587485894560814,2725.274874828756
pessimistic,150,multistation,8,8,8,t00606-c00036,36,606,6,0,6,True,False,satisfied,19.4183,19.5,39,1,370.1537081506103,2725.1871661283076,0.11620903387665749,0.008624978363513947,2725.3120001405478
pessimistic,150,multistation,8,8,8,t00606-c00134,134,606,7,0,7,True,False,no_show,23.1801,0.0,0,1,44.00195786729455,2642.414042027667,82.89025002159178,0.0069160014390945435,2725.311208050698
pessimistic,150,multistation,8,8,8,t00611-c00052,52,611,4,0,4,True,False,cancelled_late,27.1227,0.0,0,1,51.40366707928479,507.7032500412315,0.026541994884610176,0.019750092178583145,507.7495421282947
pessimistic,150,multistation,8,8,8,t00613-c00052,52,613,11,0,11,True,False,cancelled_late,22.0674,0.0,0,1,70.67495910450816,999.4127091486007,0.02904096618294716,0.02187490463256836,999.4636250194162
pessimistic,150,multistation,8,8,8,t00615-c00056,56,615,1,0,1,True,False,cancelled_late,21.1546,0.0,0,1,30.23191704414785,30.23191704414785,0.019582919776439667,0.012834090739488602,30.264334054663777
pessimistic,150,multistation,8,8,8,t00616-c00058,58,616,3,0,3,True,False,satisfied,23.6785,24.0,40,1,36.9889170397073,512.9565000534058,129.4471670407802,0.0210409052670002,642.424707999453
pessimistic,150,multistation,8,8,8,t00616-c00092,92,616,6,0,6,True,False,satisfied,25.0447,25.5,51,1,74.7423330321908,642.327707959339,0.1360839232802391,0.009916024282574654,642.4737079069018
pessimistic,150,multistation,8,8,8,t00617-c00106,106,617,3,0,3,True,False,satisfied,22.8806,22.8,38,1,44.654208002611995,175.8696250617504,0.027999980375170708,0.01687486656010151,175.91449990868568
pessimistic,150,multistation,8,8,8,t00618-c00022,22,618,5,0,5,True,False,satisfied,18.2327,18.4,23,1,481.34366679005325,1055.267624789849,388.28783412463963,0.020666047930717468,1443.5761249624193
pessimistic,150,multistation,8,8,8,t00618-c00052,52,618,14,0,14,True,False,satisfied,21.8875,22.0,55,1,72.07670900970697,1443.4829589445144,0.13675005175173283,0.012707896530628204,1443.6324168927968
pessimistic,150,multistation,8,8,8,t00621-c00056,56,621,2,0,2,True,False,cancelled_late,20.4179,0.0,0,1,30.623249942436814,53.6401669960469,0.021625077351927757,0.014666933566331863,53.67645900696516
pessimistic,150,multistation,8,8,8,t00622-c00071,71,622,10,0,10,True,False,cancelled_late,14.3694,0.0,0,1,134.68133402056992,778.3462088555098,106.52108304202557,0.019832979887723923,884.887124877423
pessimistic,150,multistation,8,8,8,t00622-c00110,110,622,9,0,9,True,False,cancelled_late,17.8225,0.0,0,1,52.8841249179095,884.7833329346031,0.15525007620453835,0.010874820873141289,884.9494578316808
pessimistic,150,multistation,8,8,8,t00623-c00003,3,623,5,0,5,True,False,breakdown,31.2995,0.0,0,1,54.40591694787145,704.0584168862551,0.020165927708148956,0.019208993762731552,704.097791807726
pessimistic,150,multistation,8,8,8,t00623-c00056,56,623,9,0,9,True,False,cancelled_late,21.9897,0.0,0,1,119.90375001914799,597.1856249962002,106.93441703915596,0.009832903742790222,704.129874939099
pessimistic,150,multistation,8,8,8,t00624-c00116,116,624,1,0,1,True,False,cancelled_late,11.299,0.0,0,1,20.669667050242424,20.669667050242424,0.0227498821914196,0.012499978765845299,20.70491691119969
pessimistic,150,multistation,8,8,8,t00625-c00139,139,625,4,0,4,True,False,no_show,20.5252,0.0,0,1,22.27983297780156,136.90145802684128,0.03554183058440685,0.01795799471437931,136.95495785214007
pessimistic,150,multistation,8,8,8,t00626-c00026,26,626,1,0,1,True,False,satisfied,33.262,33.6,84,1,276.1116251349449,276.1116251349449,352.40849992260337,0.017124926671385765,628.5372499842197
pessimistic,150,multistation,8,8,8,t00626-c00071,71,626,5,0,5,True,False,cancelled_late,21.5641,0.0,0,1,82.1223328821361,628.4443750046194,0.11512497439980507,0.009750016033649445,628.5692499950528
pessimistic,150,multistation,8,8,8,t00626-c00110,110,626,5,0,5,True,False,satisfied,16.4308,16.8,42,1,82.0754999294877,628.3975830301642,0.17337501049041748,0.006417045369744301,628.5773750860244
pessimistic,150,multistation,8,8,8,t00627-c00056,56,627,10,0,10,True,False,cancelled_early,22.5652,0.0,0,1,23.90845795162022,458.30399985425174,0.029792077839374542,0.018458114936947823,458.35225004702806
pessimistic,150,multistation,8,8,8,t00627-c00081,81,627,1,0,1,True,False,satisfied,27.7665,27.2,34,1,23.85937492363155,23.85937492363155,434.54154091887176,0.006959075108170509,458.4078749176115
pessimistic,150,multistation,8,8,8,t00628-c00056,56,628,2,0,2,True,False,satisfied,20.3446,21.0,30,1,30.631375033408403,319.18141688220203,0.025707995519042015,0.014875084161758423,319.22199996188283
pessimistic,150,multistation,8,8,8,t00628-c00116,116,628,3,0,3,True,False,satisfied,13.3996,13.6,34,1,30.578208155930042,319.12825000472367,0.11791707947850227,0.0075409188866615295,319.25370800308883
pessimistic,150,multistation,8,8,8,t00629-c00071,71,629,7,0,7,True,False,satisfied,21.7094,22.4,28,1,29.664790956303477,250.33895811066031,0.028207898139953613,0.020124949514865875,250.38729095831513
pessimistic,150,multistation,8,8,8,t00631-c00035,35,631,3,0,3,True,False,breakdown,35.5497,0.0,0,1,234.08208298496902,1017.3302500043064,35.26816703379154,0.018165912479162216,1052.6165829505771
pessimistic,150,multistation,8,8,8,t00631-c00088,88,631,6,0,6,True,False,cancelled_late,18.9844,0.0,0,1,68.73362488113344,468.58945791609585,584.0677081141621,0.010124873369932175,1052.6672909036279
pessimistic,150,multistation,8,8,8,t00631-c00123,123,631,1,0,1,True,False,cancelled_early,21.0369,0.0,0,1,82.59683405049145,82.59683405049145,970.0819160789251,0.006458954885601997,1052.6852090843022
pessimistic,150,multistation,8,8,8,t00631-c00135,135,631,5,0,5,True,False,cancelled_early,12.0526,0.0,0,1,16.649791039526463,1052.4420409929007,0.2393750473856926,0.007292022928595543,1052.688708063215
pessimistic,150,multistation,8,8,8,t00632-c00123,123,632,1,0,1,True,False,cancelled_late,13.9668,0.0,0,1,51.5327078755945,51.5327078755945,198.2945001218468,0.015292083844542503,249.84250008128583
pessimistic,150,multistation,8,8,8,t00632-c00135,135,632,8,0,8,True,False,no_show,16.4759,0.0,0,1,19.094000104814768,249.75062510930002,0.13474980369210243,0.010624993592500687,249.89599990658462
pessimistic,150,multistation,8,8,8,t00635-c00137,137,635,2,0,2,True,False,cancelled_early,19.0868,0.0,0,1,28.921624878421426,49.966000020504,0.028041889891028404,0.01491699367761612,50.00895890407264
pessimistic,150,multistation,8,8,8,t00636-c00034,34,636,12,0,12,True,False,satisfied,35.0262,35.2,44,1,52.998875034973025,1259.6604169812053,0.027833040803670883,0.02037500962615013,1259.7086250316352
pessimistic,150,multistation,8,8,8,t00636-c00088,88,636,6,0,6,True,False,no_show,23.7904,0.0,0,1,278.4184589982033,945.1544168405235,314.5826670806855,0.009082956239581108,1259.7461668774486
pessimistic,150,multistation,8,8,8,t00636-c00137,137,636,3,0,3,True,False,satisfied,21.9964,22.2,37,1,244.88974991254508,856.5643751062453,403.1663329806179,0.006583984941244125,1259.7372920718044
pessimistic,150,multistation,8,8,8,t00639-c00146,146,639,3,0,3,True,False,cancelled_late,26.0244,0.0,0,1,65.55225001648068,259.5204161480069,0.03224983811378479,0.018584076315164566,259.57125006243587
pessimistic,150,multistation,8,8,8,t00640-c00063,63,640,14,0,14,True,False,no_show,11.372,0.0,0,1,24.448500014841557,1160.3854999411851,0.03379187546670437,0.020750099793076515,1160.440041916445
pessimistic,150,multistation,8,8,8,t00640-c00122,122,640,4,0,4,True,False,cancelled_late,23.6132,0.0,0,1,198.33608297631145,1030.7283331640065,129.74541704170406,0.007999828085303307,1160.4817500337958
pessimistic,150,multistation,8,8,8,t00641-c00009,9,641,16,0,16,True,False,satisfied,34.2976,34.8,58,1,78.45258293673396,1746.845707995817,0.025166897103190422,0.019333092495799065,1746.890207985416
pessimistic,150,multistation,8,8,8,t00641-c00090,90,641,4,0,4,True,False,no_show,22.9091,0.0,0,1,512.6071660779417,1006.3574160449207,740.554166957736,0.008791917935013771,1746.9203749205917
pessimistic,150,multistation,8,8,8,t00642-c00127,127,642,5,0,5,True,False,cancelled_late,24.9556,0.0,0,1,51.7063750885427,676.3288751244545,0.03200001083314419,0.019499799236655235,676.3803749345243
pessimistic,150,multistation,8,8,8,t00642-c00146,146,642,4,0,4,True,False,no_show,28.7068,0.0,0,1,149.14162503555417,553.730292012915,122.71312507800758,0.010040821507573128,676.4534579124302
pessimistic,150,multistation,8,8,8,t00643-c00122,122,643,19,0,19,True,False,cancelled_early,24.0179,0.0,0,1,83.09795893728733,2199.623833876103,0.042833155021071434,0.029124785214662552,2199.695791816339
pessimistic,150,multistation,8,8,8,t00644-c00122,122,644,6,0,6,True,False,satisfied,23.229,23.6,59,1,69.00666700676084,613.8991250190884,0.032791867852211,0.023999949917197227,613.9559168368578
pessimistic,150,multistation,8,8,8,t00646-c00011,11,646,2,0,2,True,False,satisfied,30.8183,31.0,62,1,33.553624991327524,102.98274992965162,0.01929188147187233,0.015083001926541328,103.01712481305003
pessimistic,150,multistation,8,8,8,t00647-c00127,127,647,5,0,5,True,False,satisfied,23.688,24.0,48,1,36.710666958242655,353.6014170385897,0.03241607919335365,0.019499799236655235,353.6533329170197
pessimistic,150,multistation,8,8,8,t00648-c00097,97,648,4,0,4,True,False,satisfied,19.4251,19.6,49,1,46.147957909852266,335.4879580438137,0.03154180012643337,0.019833212718367577,335.5393330566585
pessimistic,150,multistation,8,8,8,t00652-c00028,28,652,4,0,4,True,False,cancelled_late,18.7486,0.0,0,1,78.10137514024973,613.467208109796,0.024624867364764214,0.023208092898130417,613.5150410700589
pessimistic,150,multistation,8,8,8,t00652-c00099,99,652,3,0,3,True,False,cancelled_late,15.7898,0.0,0,1,144.3960410542786,613.4150000289083,0.15420815907418728,0.008041970431804657,613.5772501584142
pessimistic,150,multistation,8,8,8,t00653-c00028,28,653,4,0,4,True,False,cancelled_early,25.7123,0.0,0,1,87.44620787911117,440.75799989514053,0.022875145077705383,0.020290957763791084,440.801165997982
pessimistic,150,multistation,8,8,8,t00653-c00123,123,653,2,0,2,True,False,no_show,19.5701,0.0,0,1,20.778249949216843,345.5895830411464,95.25970788672566,0.009167008101940155,440.858457935974
pessimistic,150,multistation,8,8,8,t00654-c00028,28,654,2,0,2,True,False,cancelled_early,26.3062,0.0,0,1,30.865459004417062,280.62179195694625,130.37287490442395,0.019458122551441193,411.01412498392165
pessimistic,150,multistation,8,8,8,t00654-c00099,99,654,3,0,3,True,False,no_show,15.7116,0.0,0,1,101.45129193551838,410.90962500311434,0.14304183423519135,0.00758306123316288,411.0602498985827
pessimistic,150,multistation,8,8,8,t00654-c00141,141,654,3,0,3,True,False,satisfied,27.0301,27.3,39,1,101.40745807439089,410.865250043571,0.18683308735489845,0.005124835297465324,411.05720796622336
pessimistic,150,multistation,8,8,8,t00655-c00028,28,655,2,0,2,True,False,no_show,23.9668,0.0,0,1,25.893291924148798,61.91683281213045,0.020084204152226448,0.01533282920718193,61.95224984548986
pessimistic,150,multistation,8,8,8,t00656-c00083,83,656,3,0,3,True,False,breakdown,42.6312,0.0,0,1,82.06787495873868,344.03025009669363,0.024541979655623436,0.014750054106116295,344.0695421304554
pessimistic,150,multistation,8,8,8,t00659-c00057,57,659,4,0,4,True,False,satisfied,24.9775,25.6,32,1,36.050874972715974,173.43445890583098,0.02466607838869095,0.0153339933604002,173.47445897758007
pessimistic,150,multistation,8,8,8,t00659-c00059,59,659,1,1,1,True,False,cancelled_early,33.2918,0.0,0,1,308.62066708505154,308.62066708505154,228.9119998458773,0.01850002445280552,537.5511669553816
pessimistic,150,multistation,8,8,8,t00660-c00134,134,660,4,0,4,True,False,no_show,28.0418,0.0,0,1,110.82716705277562,362.9366671666503,0.13537495397031307,0.008624978363513947,363.0806670989841
pessimistic,150,multistation,8,8,8,t00661-c00059,59,661,1,0,1,True,False,cancelled_early,33.4433,0.0,0,1,21.139125106856227,21.139125106856227,0.018083956092596054,0.01158309169113636,21.16879215463996
pessimistic,150,multistation,8,8,8,t00662-c00059,59,662,2,0,2,True,False,breakdown,29.4161,0.0,0,1,19.379958976060152,60.49608392640948,0.02187490463256836,0.014208024367690086,60.53216685540974
pessimistic,150,multistation,8,8,8,t00665-c00135,135,665,5,0,5,True,False,no_show,14.2335,0.0,0,1,17.18037505634129,340.98566696047783,0.030708033591508865,0.01500011421740055,341.03137510828674
pessimistic,150,multistation,8,8,8,t00665-c00136,136,665,5,0,5,True,False,cancelled_late,23.4121,0.0,0,1,76.28304185345769,300.1669589430094,40.88541609235108,0.008124858140945435,341.0604998935014
pessimistic,150,multistation,8,8,8,t00666-c00128,128,666,4,0,4,True,False,satisfied,16.5796,16.8,24,1,74.1176251322031,182.62041709385812,134.96937486343086,0.018833205103874207,317.60862516239285
pessimistic,150,multistation,8,8,8,t00666-c00139,139,666,3,0,3,True,False,no_show,30.232,0.0,0,1,50.666291965171695,317.51033291220665,0.1372089609503746,0.008375151082873344,317.6559170242399
pessimistic,150,multistation,8,8,8,t00667-c00068,68,667,1,0,1,True,False,satisfied,18.7097,7.8,13,1,9.718958055600524,9.718958055600524,0.01870887354016304,0.010458054021000862,9.748124983161688
pessimistic,150,multistation,8,8,8,t00668-c00002,2,668,6,0,6,True,False,cancelled_late,22.9236,0.0,0,1,375.7888749241829,1164.0112090390176,0.023124972358345985,0.022582942619919777,1164.0569169539958
pessimistic,150,multistation,8,8,8,t00668-c00032,32,668,4,1,3,True,False,satisfied,18.2902,18.9,27,1,1192.8119999356568,1242.2697078436613,0.022042077034711838,0.016541918739676476,1242.3082918394357
pessimistic,150,multistation,8,8,8,t00668-c00082,82,668,4,0,4,True,False,cancelled_late,25.6406,0.0,0,1,235.99399998784065,928.2324998639524,235.8492910861969,0.008875038474798203,1164.090665988624
pessimistic,150,multistation,8,8,8,t00668-c00136,136,668,4,0,4,True,False,satisfied,27.3316,28.0,40,1,88.48070888780057,1081.5147089306265,82.57712493650615,0.006958143785595894,1164.0987920109183
pessimistic,150,multistation,8,8,8,t00670-c00124,124,670,4,0,4,True,False,cancelled_late,20.7158,0.0,0,1,21.057124948129058,137.84433295950294,0.029333168640732765,0.01637497916817665,137.89004110731184
pessimistic,150,multistation,8,8,8,t00671-c00029,29,671,4,0,4,True,False,cancelled_late,21.5983,0.0,0,1,56.94108293391764,224.01683288626373,29.991459101438522,0.018333084881305695,254.02662507258356
pessimistic,150,multistation,8,8,8,t00671-c00111,111,671,5,0,5,True,False,satisfied,11.1446,11.2,16,1,15.272458083927631,253.93162504769862,0.15225005336105824,0.010458054021000862,254.09433315508068
pessimistic,150,multistation,8,8,8,t00672-c00063,63,672,14,0,14,True,False,satisfied,18.1511,18.5,37,1,27.97612501308322,1318.86229198426,0.030374852940440178,0.01995800994336605,1318.912624847144
pessimistic,150,multistation,8,8,8,t00672-c00082,82,672,6,0,6,True,False,no_show,23.0404,0.0,0,1,235.5571670923382,903.2144171651453,415.7305418048054,0.00916607677936554,1318.95412504673
pessimistic,150,multistation,8,8,8,t00673-c00002,2,673,4,0,4,True,False,cancelled_early,29.6968,0.0,0,1,204.27491585724056,734.9774579051882,182.39637510851026,0.014207791537046432,917.3880408052355
pessimistic,150,multistation,8,8,8,t00673-c00038,38,673,14,0,14,True,False,satisfied,15.856,16.0,20,1,58.52895905263722,917.3073749989271,0.11970917694270611,0.012208009138703346,917.4392921850085
pessimistic,150,multistation,8,8,8,t00673-c00053,53,673,5,0,5,True,False,satisfied,20.237,20.5,41,1,37.51954180188477,889.3480419646949,28.080499963834882,0.006749993190169334,917.4352919217199
pessimistic,150,multistation,8,8,8,t00674-c00002,2,674,4,0,4,True,False,satisfied,22.7981,23.1,33,1,66.06158404611051,351.23995901085436,88.73395808041096,0.013832934200763702,439.9877500254661
pessimistic,150,multistation,8,8,8,t00674-c00029,29,674,7,0,7,True,False,satisfied,21.2628,21.7,31,1,97.39474998787045,439.9069999344647,0.09937514550983906,0.009082956239581108,440.0154580362141
pessimistic,150,multistation,8,8,8,t00675-c00124,124,675,5,0,5,True,False,satisfied,18.025,18.2,26,1,25.865291943773627,137.81733415089548,0.03087497316300869,0.01574982888996601,137.86395895294845
pessimistic,150,multistation,8,8,8,t00676-c00120,120,676,10,0,10,True,False,satisfied,23.257,23.4,39,1,35.53275018930435,550.1871251035482,0.03374996595084667,0.01858314499258995,550.2394582144916
pessimistic,150,multistation,8,8,8,t00677-c00105,105,677,3,0,3,True,False,no_show,22.9605,0.0,0,1,29.101666994392872,98.1986669357866,0.0260830856859684,0.01329183578491211,98.23804185725749
pessimistic,150,multistation,8,8,8,t00678-c00148,148,678,4,1,3,True,False,cancelled_late,10.9628,0.0,0,1,166.32266691885889,369.5518330205232,66.79933401755989,0.008207978680729866,436.3593750167638
pessimistic,150,multistation,8,8,8,t00679-c00013,13,679,7,0,7,True,False,cancelled_early,21.6327,0.0,0,1,41.895334143191576,426.6260419972241,0.019292114302515984,0.01654098741710186,426.6618750989437
pessimistic,150,multistation,8,8,8,t00680-c00013,13,680,5,0,5,True,False,cancelled_early,22.1521,0.0,0,1,33.87754107825458,239.054833073169,0.018124934285879135,0.01854216679930687,239.09150017425418
pessimistic,150,multistation,8,8,8,t00681-c00013,13,681,5,0,5,True,False,cancelled_late,22.4246,0.0,0,1,32.29274996556342,894.2338339984417,0.02074986696243286,0.01758313737809658,894.2721670027822
pessimistic,150,multistation,8,8,8,t00681-c00093,93,681,3,0,3,True,False,cancelled_early,36.7719,0.0,0,1,223.49612484686077,823.7239590380341,70.60300000011921,0.00895792618393898,894.3359169643372
pessimistic,150,multistation,8,8,8,t00682-c00093,93,682,1,0,1,True,False,satisfied,40.5751,32.8,82,1,155.45358299277723,155.45358299277723,266.1172498483211,0.01670815981924534,421.58754100091755
pessimistic,150,multistation,8,8,8,t00682-c00099,99,682,10,0,10,True,False,satisfied,17.2768,17.5,25,1,15.392707893624902,421.49895802140236,0.12445799075067043,0.011541880667209625,421.63495789282024
pessimistic,150,multistation,8,8,8,t00683-c00013,13,683,10,0,10,True,False,no_show,19.7985,0.0,0,1,20.77562501654029,1301.4904579613358,35.86229216307402,0.020999927073717117,1337.3737500514835
pessimistic,150,multistation,8,8,8,t00683-c00131,131,683,18,0,18,True,False,no_show,17.6035,0.0,0,1,46.79283406585455,1337.267291964963,0.1395831350237131,0.012749806046485901,1337.4196249060333
pessimistic,150,multistation,8,8,8,t00684-c00075,75,684,4,0,4,True,False,cancelled_early,12.5918,0.0,0,1,19.902165979146957,112.09254106506705,0.025792047381401062,0.01533282920718193,112.13366594165564
pessimistic,150,multistation,8,8,8,t00685-c00075,75,685,4,0,4,True,False,satisfied,17.8441,18.0,30,1,27.04712492413819,170.90458306483924,0.02987496554851532,0.01770886592566967,170.95216689631343
pessimistic,150,multistation,8,8,8,t00686-c00148,148,686,3,0,3,True,False,cancelled_early,27.3938,0.0,0,1,13.27966689132154,62.791874865069985,0.03091711550951004,0.016040867194533348,62.83883284777403
pessimistic,150,multistation,8,8,8,t00687-c00090,90,687,17,0,17,True,False,cancelled_late,26.2854,0.0,0,1,41.698875138536096,978.0030830297619,0.03529200330376625,0.019750092178583145,978.0581251252443
pessimistic,150,multistation,8,8,8,t00687-c00148,148,687,1,0,1,True,False,no_show,26.7638,0.0,0,1,235.8081249985844,235.8081249985844,742.2906251158565,0.006624963134527206,978.1053750775754
pessimistic,150,multistation,8,8,8,t00688-c00088,88,688,7,0,7,True,False,no_show,19.4371,0.0,0,1,20.323915872722864,812.1647499501705,0.02895807847380638,0.01808302477002144,812.2117910534143
pessimistic,150,multistation,8,8,8,t00688-c00090,90,688,5,0,5,True,False,no_show,26.3814,0.0,0,1,119.00291708298028,615.2336669620126,197.0036660786718,0.00895909033715725,812.2462921310216
pessimistic,150,multistation,8,8,8,t00688-c00107,107,688,4,0,4,True,False,no_show,18.8888,0.0,0,1,118.95929090678692,615.1900410186499,197.04049988649786,0.005499925464391708,812.2360408306122
pessimistic,150,multistation,8,8,8,t00690-c00135,135,690,9,0,9,True,False,no_show,20.7489,0.0,0,1,28.76316593028605,367.0316250063479,0.034582801163196564,0.0177919864654541,367.08399979397655
pessimistic,150,multistation,8,8,8,t00691-c00017,17,691,5,0,5,True,False,cancelled_late,28.0509,0.0,0,1,39.57425011321902,273.9642080850899,0.021416926756501198,0.02208305522799492,274.0077080670744
pessimistic,150,multistation,8,8,8,t00694-c00017,17,694,10,0,10,True,False,cancelled_late,24.9895,0.0,0,1,31.499499920755625,466.06145799160004,0.025958986952900887,0.021290965378284454,466.1087079439312
pessimistic,150,multistation,8,8,8,t00695-c00114,114,695,4,0,4,True,False,cancelled_late,15.4113,0.0,0,1,25.708416011184454,128.07320803403854,0.030708033591508865,0.01679197885096073,128.120708046481
pessimistic,150,multistation,8,8,8,t00696-c00017,17,696,6,0,6,True,False,cancelled_early,28.3301,0.0,0,1,44.5717500988394,386.203708127141,0.021249987185001373,0.01929188147187233,386.2442499957979
pessimistic,150,multistation,8,8,8,t00696-c00123,123,696,1,0,1,True,False,satisfied,22.5861,23.0,46,1,112.20124992541969,112.20124992541969,274.08204204402864,0.007041962817311287,386.29033393226564
pessimistic,150,multistation,8,8,8,t00697-c00017,17,697,7,0,7,True,False,satisfied,21.9718,22.4,32,1,32.8578338958323,302.80666681937873,0.02200016751885414,0.021541956812143326,302.85020894370973
pessimistic,150,multistation,8,8,8,t00698-c00086,86,698,3,0,3,True,False,cancelled_early,18.4897,0.0,0,1,12.48849998228252,89.31220788508654,0.026834197342395782,0.01645786687731743,89.35549994930625
pessimistic,150,multistation,8,8,8,t00699-c00067,67,699,4,0,4,True,False,no_show,18.1453,0.0,0,1,41.4641669485718,359.714874997735,0.02533290535211563,0.017249956727027893,359.75745785981417
pessimistic,150,multistation,8,8,8,t00699-c00086,86,699,4,0,4,True,False,no_show,17.5017,0.0,0,1,103.96700003184378,283.9615410193801,75.82112494856119,0.007834052667021751,359.7905000206083
pessimistic,150,multistation,8,8,8,t00701-c00114,114,701,13,0,13,True,False,cancelled_late,19.9586,0.0,0,1,30.633334070444107,519.8411669116467,0.03458303399384022,0.01854216679930687,519.8942921124399
pessimistic,150,multistation,8,8,8,t00705-c00077,77,705,4,0,4,True,False,satisfied,26.1196,26.4,44,1,19.807167118415236,169.89054204896092,0.024916138499975204,0.013666925951838493,169.92912511341274
pessimistic,150,multistation,8,8,8,t00706-c00078,78,706,4,0,4,True,False,no_show,15.4754,0.0,0,1,234.45020779035985,643.8134578056633,0.030042137950658798,0.018416903913021088,643.861916847527
pessimistic,150,multistation,8,8,8,t00706-c00114,114,706,4,0,4,True,False,cancelled_early,26.9785,0.0,0,1,234.40204211510718,643.7653750181198,0.11737504974007607,0.007125083357095718,643.889875151217
pessimistic,150,multistation,8,8,8,t00707-c00114,114,707,4,0,4,True,False,satisfied,26.5168,26.6,38,1,37.707666866481304,236.01037496700883,0.03358302637934685,0.017042038962244987,236.06100003235042
pessimistic,150,multistation,8,8,8,t00709-c00008,8,709,6,0,6,True,False,satisfied,18.615,19.2,32,1,60.109208105131984,819.8245409876108,0.027959002181887627,0.02595805563032627,819.878458045423
pessimistic,150,multistation,8,8,8,t00709-c00109,109,709,6,0,6,True,False,no_show,14.6446,0.0,0,1,60.05183281376958,819.7674169205129,0.14887494035065174,0.0077909789979457855,819.9240828398615
pessimistic,150,multistation,8,8,8,t00710-c00131,131,710,3,0,3,True,False,cancelled_early,20.2763,0.0,0,1,25.943666929379106,121.22575007379055,0.029207905754446983,0.014750054106116295,121.26970803365111
pessimistic,150,multistation,8,8,8,t00711-c00131,131,711,6,0,6,True,False,satisfied,26.0069,26.6,38,1,39.33470812626183,325.41658310219646,0.03333389759063721,0.018250197172164917,325.46816719695926
pessimistic,150,multistation,8,8,8,t00712-c00085,85,712,1,0,1,True,False,satisfied,20.0758,20.5,41,1,28.113875072449446,28.113875072449446,0.02487492747604847,0.01216609962284565,28.15091609954834
pessimistic,150,multistation,8,8,8,t00713-c00028,28,713,5,0,5,True,False,satisfied,33.5257,33.5,67,1,168.86166692711413,1843.55324995704,233.80370903760195,0.02295803278684616,2077.3799170274287
pessimistic,150,multistation,8,8,8,t00713-c00105,105,713,4,0,4,True,False,no_show,21.104,0.0,0,1,280.2737499587238,1411.9258751161397,665.4863748699427,0.009082956239581108,2077.421332942322
pessimistic,150,multistation,8,8,8,t00713-c00146,146,713,6,0,6,True,False,cancelled_early,36.6641,0.0,0,1,426.54591682367027,2077.222416875884,0.18933298997581005,0.007207971066236496,2077.418957836926
pessimistic,150,multistation,8,8,8,t00714-c00019,19,714,5,0,5,True,False,cancelled_late,19.1631,0.0,0,1,95.42491612955928,1052.0949580240995,210.86679212749004,0.01850002445280552,1262.9802501760423
pessimistic,150,multistation,8,8,8,t00714-c00146,146,714,6,0,6,True,False,satisfied,34.0764,34.5,69,1,230.2561670076102,1262.8756251651794,0.14512497000396252,0.008833827450871468,1263.0295839626342
pessimistic,150,multistation,8,8,8,t00715-c00018,18,715,5,0,5,True,False,satisfied,27.1209,27.0,54,1,127.57666688412428,887.4899588990957,0.01895800232887268,0.017292099073529243,887.526209000498
pessimistic,150,multistation,8,8,8,t00715-c00033,33,715,6,0,6,True,False,cancelled_late,28.2872,0.0,0,1,127.52654100768268,743.7106659635901,143.84033414535224,0.009165843948721886,887.5601659528911
pessimistic,150,multistation,8,8,8,t00715-c00139,139,715,1,0,1,True,False,cancelled_early,30.3446,0.0,0,1,283.53841695934534,283.53841695934534,604.0173750370741,0.005749985575675964,887.5615419819951
pessimistic,150,multistation,8,8,8,t00716-c00139,139,716,1,0,1,True,False,satisfied,24.5772,24.5,35,1,14.746625209227204,14.746625209227204,0.029041897505521774,0.012082979083061218,14.787750085815787
pessimistic,150,multistation,8,8,8,t00717-c00019,19,717,3,0,3,True,False,cancelled_late,23.007,0.0,0,1,358.3004588726908,1102.6649170089513,62.356082955375314,0.02333405427634716,1165.044334018603
pessimistic,150,multistation,8,8,8,t00717-c00134,134,717,10,0,10,True,False,satisfied,30.231,30.6,51,1,98.13124989159405,1164.9380419403315,0.17016706988215446,0.011832918971776962,1165.1200419291854
pessimistic,150,multistation,8,8,8,t00718-c00019,19,718,3,0,3,True,False,satisfied,14.7695,14.8,37,1,110.54979101754725,448.22158315218985,70.88041701354086,0.016832957044243813,519.118833122775
pessimistic,150,multistation,8,8,8,t00718-c00084,84,718,7,0,7,True,False,no_show,24.4373,0.0,0,1,43.37699990719557,519.0249588340521,0.12900005094707012,0.01037493348121643,519.1643338184804
pessimistic,150,multistation,8,8,8,t00721-c00033,33,721,4,0,4,True,False,cancelled_early,15.9884,0.0,0,1,9.236791171133518,228.37091609835625,0.02291705459356308,0.023667002096772194,228.41750015504658
pessimistic,150,multistation,8,8,8,t00721-c00117,117,721,4,0,4,True,False,cancelled_late,19.0735,0.0,0,1,36.13350004889071,185.2848338894546,43.17904100753367,0.00833394005894661,228.47220883704722
pessimistic,150,multistation,8,8,8,t00722-c00033,33,722,4,0,4,True,False,satisfied,28.7595,29.4,42,1,63.314083963632584,285.44662497006357,100.4832498729229,0.015667174011468887,385.94554201699793
pessimistic,150,multistation,8,8,8,t00722-c00088,88,722,4,0,4,True,False,cancelled_early,27.6351,0.0,0,1,15.620500082150102,385.85050008259714,0.12008287012577057,0.008041970431804657,385.9786249231547
pessimistic,150,multistation,8,8,8,t00723-c00013,13,723,5,0,5,True,False,satisfied,25.7911,25.8,43,1,47.50237497501075,736.6644579451531,0.01945788972079754,0.01750001683831215,736.7014158517122
pessimistic,150,multistation,8,8,8,t00723-c00088,88,723,4,0,4,True,False,satisfied,30.8317,31.2,52,1,114.04933384619653,591.0730417817831,145.64929204061627,0.008708098903298378,736.7310419213027
pessimistic,150,multistation,8,8,8,t00723-c00098,98,723,3,0,3,True,False,satisfied,24.9842,25.2,42,1,143.54279218241572,641.6684580035508,95.04983411170542,0.0066659413278102875,736.724958056584
pessimistic,150,multistation,8,8,8,t00726-c00045,45,726,3,0,3,True,False,satisfied,28.7058,28.8,72,1,124.4062501937151,778.7841251119971,0.02108304761350155,0.0160830095410347,778.8212911691517
pessimistic,150,multistation,8,8,8,t00726-c00117,117,726,7,0,7,True,False,no_show,21.7327,0.0,0,1,40.36900005303323,635.6762091163546,143.167374888435,0.009416136890649796,778.8530001416802
pessimistic,150,multistation,8,8,8,t00728-c00107,107,728,5,0,5,True,False,satisfied,24.844,25.2,36,1,38.391459034755826,227.6596250012517,0.02833409234881401,0.01650000922381878,227.70445910282433
pessimistic,150,multistation,8,8,8,t00730-c00148,148,730,3,0,3,True,False,cancelled_late,27.0401,0.0,0,1,25.045457994565368,118.81387489847839,0.030875205993652344,0.017165904864668846,118.86191600933671
pessimistic,150,multistation,8,8,8,t00732-c00082,82,732,3,0,3,True,False,cancelled_late,26.4797,0.0,0,1,58.83920914493501,328.8587499409914,0.026084017008543015,0.01612515188753605,328.9009591098875
pessimistic,150,multistation,8,8,8,t00733-c00135,135,733,11,0,11,True,False,satisfied,17.6502,18.2,26,1,48.60229208134115,386.0322500113398,0.03554206341505051,0.021415995433926582,386.08920807018876
pessimistic,150,multistation,8,8,8,t00734-c00061,61,734,4,0,4,True,False,satisfied,21.921,21.5,43,1,33.97987480275333,259.9464999511838,20.85304190404713,0.016916077584028244,280.81645793281496
pessimistic,150,multistation,8,8,8,t00734-c00067,67,734,1,0,1,True,False,no_show,27.8538,0.0,0,1,103.52324997074902,103.52324997074902,177.31729103252292,0.006583984941244125,280.8471249882132
pessimistic,150,multistation,8,8,8,t00734-c00148,148,734,1,0,1,True,False,cancelled_late,27.4533,0.0,0,1,280.67583381198347,280.67583381198347,0.15083304606378078,0.004417030140757561,280.831083888188
pessimistic,150,multistation,8,8,8,t00735-c00082,82,735,4,0,4,True,False,cancelled_early,24.5349,0.0,0,1,156.44887485541403,447.6104590576142,0.02724980004131794,0.01908303238451481,447.65679189004004
pessimistic,150,multistation,8,8,8,t00736-c00082,82,736,4,0,4,True,False,satisfied,27.1935,27.2,68,1,181.6220839973539,519.4743340834975,0.02733292058110237,0.015875091776251793,519.5175420958549
pessimistic,150,multistation,8,8,8,t00739-c00148,148,739,4,0,4,True,False,satisfied,27.9042,28.0,35,1,67.64358305372298,190.8390000462532,0.033125048503279686,0.014374963939189911,190.88650005869567
pessimistic,150,multistation,8,8,8,t00740-c00090,90,740,2,0,2,True,False,breakdown,29.715,0.0,0,1,154.62270891293883,311.72354193404317,120.66150014288723,0.01587485894560814,432.400916935876
pessimistic,150,multistation,8,8,8,t00740-c00140,140,740,5,0,5,True,False,satisfied,19.731,20.0,50,1,59.88208390772343,432.3077918961644,0.11550006456673145,0.008875038474798203,432.43216699920595
pessimistic,150,multistation,8,8,8,t00742-c00006,6,742,5,0,5,True,False,cancelled_late,12.608,0.0,0,1,26.795542100444436,151.81195898912847,0.017208047211170197,0.017124926671385765,151.84629196301103
pessimistic,150,multistation,8,8,8,t00743-c00086,86,743,3,0,3,True,False,satisfied,20.8182,20.5,41,1,21.043458953499794,106.78962501697242,0.02729194238781929,0.017625046893954277,106.8345420062542
pessimistic,150,multistation,8,8,8,t00745-c00078,78,745,5,0,5,True,False,cancelled_late,17.9078,0.0,0,1,55.97541597671807,218.87274994514883,0.026582973077893257,0.01737498678267002,218.9167079050094
pessimistic,150,multistation,8,8,8,t00745-c00109,109,745,1,0,1,True,False,no_show,23.8166,0.0,0,1,32.69929205998778,32.69929205998778,186.25520798377693,0.006458954885601997,218.9609589986503
pessimistic,150,multistation,8,8,8,t00747-c00118,118,747,19,0,19,True,False,no_show,30.4045,0.0,0,1,61.01404200308025,1651.8330830149353,0.040624989196658134,0.022999942302703857,1651.8967079464346
pessimistic,150,multistation,8,8,8,t00748-c00006,6,748,5,0,5,True,False,cancelled_early,16.7175,0.0,0,1,36.586707923561335,365.78224995173514,0.02008303999900818,0.01787487417459488,365.82020786590874
pessimistic,150,multistation,8,8,8,t00748-c00094,94,748,3,0,3,True,False,no_show,16.8906,0.0,0,1,104.39079208299518,296.3812919333577,69.47683310136199,0.008041970431804657,365.8661670051515
pessimistic,150,multistation,8,8,8,t00749-c00006,6,749,10,0,10,True,False,satisfied,14.8941,15.0,30,1,57.83883319236338,440.6852500978857,0.025624874979257584,0.02100015990436077,440.73187513276935
pessimistic,150,multistation,8,8,8,t00749-c00030,30,749,1,0,1,True,False,no_show,20.4111,0.0,0,1,100.3403749782592,100.3403749782592,340.4366250615567,0.008041970431804657,440.7850420102477
pessimistic,150,multistation,8,8,8,t00750-c00105,105,750,3,0,3,True,False,cancelled_late,26.4633,0.0,0,1,29.696583980694413,115.1032499037683,0.028167152777314186,0.015249941498041153,115.14666699804366
pessimistic,150,multistation,8,8,8,t00751-c00078,78,751,4,0,4,True,False,cancelled_early,18.7087,0.0,0,1,62.58925003930926,167.65945916995406,0.025582965463399887,0.016042031347751617,167.7010841667652
pessimistic,150,multistation,8,8,8,t00752-c00078,78,752,4,0,4,True,False,cancelled_late,21.2943,0.0,0,1,73.65958299487829,179.9185830168426,0.024499837309122086,0.015292083844542503,179.95837493799627
pessimistic,150,multistation,8,8,8,t00753-c00014,14,753,1,0,1,True,False,satisfied,21.8656,22.4,28,1,11.721207993105054,11.721207993105054,258.51370790041983,0.014584045857191086,270.2494999393821
pessimistic,150,multistation,8,8,8,t00753-c00125,125,753,6,0,6,True,False,cancelled_early,23.9771,0.0,0,1,35.93004192225635,270.1593339443207,0.11941604316234589,0.009624985978007317,270.28837497346103
pessimistic,150,multistation,8,8,8,t00754-c00125,125,754,6,0,6,True,False,satisfied,26.0041,26.4,33,1,26.762166060507298,316.2307501770556,0.03379094414412975,0.017750076949596405,316.2822911981493
pessimistic,150,multistation,8,8,8,t00755-c00078,78,755,5,0,5,True,False,satisfied,13.1342,13.2,22,1,22.001583129167557,166.9468330219388,0.025541987270116806,0.01650000922381878,166.98887501843274
pessimistic,150,multistation,8,8,8,t00755-c00133,133,755,2,0,1,True,False,no_show,21.5967,0.0,0,1,127.42012506350875,127.42012506350875,39.58949982188642,0.0069160014390945435,167.01654088683426
pessimistic,150,multistation,8,8,8,t00756-c00105,105,756,3,0,3,True,False,no_show,26.5657,0.0,0,1,10.903207818046212,70.38874994032085,0.026582973077893257,0.015208963304758072,70.4305418767035
pessimistic,150,multistation,8,8,8,t00757-c00095,95,757,14,0,14,True,False,cancelled_late,20.4042,0.0,0,1,18.824500031769276,485.78970809467137,0.033125048503279686,0.020083971321582794,485.84291711449623
pessimistic,150,multistation,8,8,8,t00760-c00095,95,760,15,0,15,True,False,cancelled_late,23.3716,0.0,0,1,21.903124870732427,639.6273327991366,0.033292220905423164,0.026582973077893257,639.68720799312
pessimistic,150,multistation,8,8,8,t00761-c00084,84,761,11,0,11,True,False,satisfied,23.9022,24.5,35,1,99.93700007908046,579.5205000322312,57.7332079410553,0.02012518234550953,637.273833155632
pessimistic,150,multistation,8,8,8,t00761-c00095,95,761,5,0,5,True,False,no_show,24.5717,0.0,0,1,30.613499926403165,637.1697909198701,0.13400008901953697,0.008208910003304482,637.311999918893
pessimistic,150,multistation,8,8,8,t00763-c00064,64,763,4,0,4,True,False,no_show,23.0919,0.0,0,1,46.027917182073,199.82670806348324,0.026625115424394608,0.016958918422460556,199.8702920973301
pessimistic,150,multistation,8,8,8,t00764-c00103,103,764,6,0,6,True,False,cancelled_early,24.3685,0.0,0,1,36.304499953985214,269.3019160069525,0.03120885230600834,0.01900014467537403,269.3521250039339
pessimistic,150,multistation,8,8,8,t00765-c00103,103,765,4,0,4,True,False,no_show,20.5242,0.0,0,1,25.06158291362226,137.49441597610712,0.03212480805814266,0.01595914363861084,137.54249992780387
pessimistic,150,multistation,8,8,8,t00767-c00066,66,767,12,0,12,True,False,satisfied,20.2724,20.3,29,1,20.68004198372364,982.407292118296,0.029499875381588936,0.020291190594434738,982.457083184272
pessimistic,150,multistation,8,8,8,t00767-c00117,117,767,7,0,7,True,False,cancelled_late,25.3586,0.0,0,1,193.37262492626905,832.3365000542253,150.1603750512004,0.009666895493865013,982.5065420009196
pessimistic,150,multistation,8,8,8,t00768-c00108,108,768,1,0,1,True,False,cancelled_late,21.485,0.0,0,1,20.467541879042983,20.467541879042983,0.0211251899600029,0.011457828804850578,20.500124897807837
pessimistic,150,multistation,8,8,8,t00769-c00043,43,769,10,0,10,True,False,satisfied,15.9292,15.5,31,1,33.827458042651415,418.25224994681776,0.02600019797682762,0.018707942217588425,418.2969580870122
pessimistic,150,multistation,8,8,8,t00770-c00055,55,770,5,0,5,True,False,no_show,23.6848,0.0,0,1,42.07466705702245,267.95000000856817,0.024167122319340706,0.017165904864668846,267.9913330357522
pessimistic,150,multistation,8,8,8,t00771-c00089,89,771,3,0,3,True,False,no_show,16.5624,0.0,0,1,10.917708976194263,63.38754203170538,0.026916852220892906,0.015832949429750443,63.43029183335602
pessimistic,150,multistation,8,8,8,t00773-c00117,117,773,14,0,14,True,False,satisfied,20.2238,20.4,34,1,28.522625099867582,682.4121251702309,0.039207981899380684,0.02537504769861698,682.4767081998289
pessimistic,150,multistation,8,8,8,t00774-c00067,67,774,3,0,3,True,False,cancelled_late,27.7194,0.0,0,1,35.32045893371105,127.90174991823733,0.027125002816319466,0.020750099793076515,127.94962502084672
pessimistic,150,multistation,8,8,8,t00775-c00070,70,775,7,0,7,True,False,cancelled_late,14.7665,0.0,0,1,33.157290890812874,382.13983294554055,0.02629193477332592,0.017666025087237358,382.1837909054011
pessimistic,150,multistation,8,8,8,t00776-c00041,41,776,6,0,6,True,False,no_show,21.7191,0.0,0,1,45.308250002563,432.8465419821441,0.02395804040133953,0.018666964024305344,432.88916698656976
pessimistic,150,multistation,8,8,8,t00777-c00070,70,777,7,0,7,True,False,no_show,18.312,0.0,0,1,46.09395796433091,532.9030409920961,0.027791829779744148,0.020625069737434387,532.9514578916132
pessimistic,150,multistation,8,8,8,t00778-c00067,67,778,3,0,3,True,False,satisfied,31.3371,32.0,40,1,61.108707915991545,351.5969158615917,34.21712503768504,0.015249941498041153,385.8292908407748
pessimistic,150,multistation,8,8,8,t00778-c00108,108,778,9,0,9,True,False,satisfied,13.5181,14.0,20,1,19.734291126951575,385.7346251606941,0.12312503531575203,0.00995793379843235,385.8677081298083
pessimistic,150,multistation,8,8,8,t00779-c00021,21,779,5,0,5,True,False,satisfied,17.3436,17.6,44,1,95.07041610777378,348.4811659436673,0.024167122319340706,0.018124934285879135,348.5234580002725
pessimistic,150,multistation,8,8,8,t00780-c00007,7,780,7,0,7,True,False,satisfied,27.2643,27.3,39,1,130.7817918714136,648.2867919839919,0.020832987502217293,0.018249964341521263,648.3258749358356
pessimistic,150,multistation,8,8,8,t00780-c00068,68,780,5,0,5,True,False,no_show,18.5901,0.0,0,1,130.72599982842803,565.912582911551,82.4364589061588,0.008790986612439156,648.3578328043222
pessimistic,150,multistation,8,8,8,t00780-c00121,121,780,1,0,1,True,False,no_show,19.5244,0.0,0,1,242.63470899313688,242.63470899313688,405.7029578834772,0.005542067810893059,648.343208944425
pessimistic,150,multistation,8,8,8,t00783-c00049,49,783,11,0,11,True,False,cancelled_early,18.6909,0.0,0,1,64.22058399766684,453.74274998903275,33.10641716234386,0.01887488178908825,486.8680420331657
pessimistic,150,multistation,8,8,8,t00783-c00133,133,783,6,0,6,True,False,satisfied,14.0695,14.4,18,1,14.150917064398527,486.7660829331726,0.14566699974238873,0.009082956239581108,486.92083288915455
pessimistic,150,multistation,8,8,8,t00784-c00049,49,784,5,0,5,True,False,cancelled_early,22.2088,0.0,0,1,42.43237501941621,214.0386668033898,0.025417190045118332,0.01695798709988594,214.0810419805348
pessimistic,150,multistation,8,8,8,t00785-c00049,49,785,5,0,5,True,False,no_show,19.923,0.0,0,1,36.0495001077652,186.32612517103553,0.02333289012312889,0.015500001609325409,186.36495806276798
pessimistic,150,multistation,8,8,8,t00786-c00094,94,786,3,0,3,True,False,satisfied,19.0822,19.0,38,1,85.30879090540111,255.4400828666985,0.027208123356103897,0.01987488940358162,255.4871658794582
pessimistic,150,multistation,8,8,8,t00786-c00144,144,786,5,0,5,True,False,satisfied,17.91,18.2,26,1,19.00149998255074,219.74729094654322,35.768874920904636,0.009292038157582283,255.52545790560544
pessimistic,150,multistation,8,8,8,t00787-c00030,30,787,3,0,3,True,False,no_show,28.6778,0.0,0,1,38.36470888927579,143.86583399027586,0.020124949514865875,0.01554097980260849,143.90149991959333
pessimistic,150,multistation,8,8,8,t00792-c00101,101,792,7,0,7,True,False,no_show,22.1767,0.0,0,1,375.2252501435578,3585.948625113815,0.03200001083314419,0.01829187385737896,3585.9989169985056
pessimistic,150,multistation,8,8,8,t00792-c00103,103,792,7,0,7,True,False,satisfied,29.518,29.6,37,1,375.1783750485629,3585.9019169583917,0.12533320114016533,0.008291797712445259,3586.0355419572443
pessimistic,150,multistation,8,8,8,t00792-c00149,149,792,6,0,6,True,False,satisfied,19.1356,19.6,28,1,375.1343749463558,3510.2882080245763,75.74083399958909,0.00600004568696022,3586.0350420698524
pessimistic,150,multistation,8,8,8,t00793-c00074,74,793,13,0,13,True,False,cancelled_late,22.9652,0.0,0,1,57.98495886847377,712.8963340073824,0.033624935895204544,0.020916108042001724,712.9508750513196
pessimistic,150,multistation,8,8,8,t00794-c00074,74,794,4,0,4,True,False,cancelled_late,28.2857,0.0,0,1,46.528249979019165,309.37820789404213,0.02833409234881401,0.015290919691324234,309.4218329060823
pessimistic,150,multistation,8,8,8,t00795-c00126,126,795,1,0,1,True,False,cancelled_late,21.4836,0.0,0,1,96.36895800940692,96.36895800940692,167.0845418702811,0.015374971553683281,263.4688748512417
pessimistic,150,multistation,8,8,8,t00795-c00138,138,795,5,0,5,True,False,no_show,13.6635,0.0,0,1,30.27416719123721,263.37716705165803,0.1296249683946371,0.009333016350865364,263.51612503640354
pessimistic,150,multistation,8,8,8,t00796-c00095,95,796,13,0,13,True,False,no_show,25.432,0.0,0,1,50.9062500204891,573.850458022207,0.0350000336766243,0.02129189670085907,573.9067499525845
pessimistic,150,multistation,8,8,8,t00796-c00126,126,796,1,0,1,True,False,cancelled_late,21.9385,0.0,0,1,112.79916600324214,112.79916600324214,461.12358407117426,0.007333001121878624,573.9300830755383
pessimistic,150,multistation,8,8,8,t00797-c00105,105,797,14,0,14,True,False,cancelled_late,30.765,0.0,0,1,37.84079197794199,757.5964999850839,0.03537489101290703,0.025124987587332726,757.6569998636842
pessimistic,150,multistation,8,8,8,t00798-c00074,74,798,3,0,3,True,False,no_show,14.891,0.0,0,1,241.67445907369256,832.6510000042617,468.085709027946,0.019124941900372505,1300.755833974108
pessimistic,150,multistation,8,8,8,t00798-c00105,105,798,22,0,22,True,False,cancelled_late,30.4303,0.0,0,1,38.682457990944386,1300.6580001674592,0.13916683383286,0.014250166714191437,1300.8114171680063
pessimistic,150,multistation,8,8,8,t00798-c00111,111,798,1,0,1,True,False,satisfied,11.392,11.9,17,1,241.57937499694526,241.57937499694526,1059.2352920211852,0.005458015948534012,1300.820125034079
pessimistic,150,multistation,8,8,8,t00799-c00109,109,799,14,0,14,True,False,cancelled_late,21.657,0.0,0,1,47.81145905144513,991.1458338610828,0.03545801155269146,0.020042061805725098,991.2013339344412
pessimistic,150,multistation,8,8,8,t00800-c00056,56,800,5,0,5,True,False,no_show,17.2407,0.0,0,1,447.60804204270244,1441.8604171369225,0.027082860469818115,0.021459069103002548,1441.9089590664953
pessimistic,150,multistation,8,8,8,t00800-c00064,64,800,5,0,5,True,False,cancelled_early,23.8908,0.0,0,1,447.56212504580617,1231.9621671922505,209.984416840598,0.009250128641724586,1441.9558341614902
pessimistic,150,multistation,8,8,8,t00800-c00096,96,800,5,0,5,True,False,no_show,19.7949,0.0,0,1,447.5186672061682,1441.7703750077635,0.19516702741384506,0.006708083674311638,1441.9722501188517
pessimistic,150,multistation,8,8,8,t00800-c00105,105,800,7,0,7,True,False,breakdown,33.0059,0.0,0,1,651.0683749802411,1327.0102909300476,114.95050019584596,0.007166992872953415,1441.9679581187665
pessimistic,150,multistation,8,8,8,t00801-c00064,64,801,4,0,4,True,False,no_show,28.4906,0.0,0,1,285.2351670153439,825.8933341130614,525.1307908911258,0.01700012944638729,1351.0411251336336
pessimistic,150,multistation,8,8,8,t00801-c00116,116,801,20,0,20,True,False,satisfied,15.0021,15.2,38,1,40.61716701835394,1350.9457919280976,0.12387498281896114,0.01258309930562973,1351.0822500102222
pessimistic,150,multistation,8,8,8,t00801-c00126,126,801,2,0,2,True,False,cancelled_late,21.4756,0.0,0,1,285.1374999154359,825.7964169606566,525.2757500857115,0.005332985892891884,1351.077500032261
pessimistic,150,multistation,8,8,8,t00802-c00054,54,802,3,0,3,True,False,satisfied,18.1939,18.4,23,1,471.43849986605346,1565.4182499274611,141.7548330500722,0.01737498678267002,1707.190457964316
pessimistic,150,multistation,8,8,8,t00802-c00089,89,802,5,0,5,True,False,satisfied,24.5621,24.6,41,1,145.24329197593033,1565.3694591019303,141.86387485824525,0.0100000761449337,1707.2433340363204
pessimistic,150,multistation,8,8,8,t00802-c00109,109,802,14,0,14,True,False,no_show,23.7174,0.0,0,1,58.28649993054569,1707.0570420473814,0.18787500448524952,0.011082971468567848,1707.2560000233352
pessimistic,150,multistation,8,8,8,t00803-c00126,126,803,3,0,3,True,False,satisfied,25.0835,25.2,36,1,22.949166130274534,94.81879114173353,0.03258395008742809,0.016208039596676826,94.86758313141763
pessimistic,150,multistation,8,8,8,t00806-c00132,132,806,3,0,3,True,False,satisfied,26.9242,27.0,45,1,37.787708919495344,203.51729192771018,0.0314170029014349,0.016291160136461258,203.56500009074807
pessimistic,150,multistation,8,8,8,t00808-c00118,118,808,4,0,4,True,False,no_show,37.3588,0.0,0,1,108.06150012649596,533.3447922021151,0.03233295865356922,0.0177919864654541,533.3949171472341
pessimistic,150,multistation,8,8,8,t00810-c00042,42,810,6,0,6,True,False,satisfied,25.1424,25.5,51,1,52.930040983483195,527.9677910730243,0.023541972041130066,0.018041813746094704,528.0093748588115
pessimistic,150,multistation,8,8,8,t00813-c00012,12,813,7,0,7,True,False,cancelled_late,21.8577,0.0,0,1,38.39395800605416,398.0141249485314,0.02237502485513687,0.017916085198521614,398.05441605858505
pessimistic,150,multistation,8,8,8,t00816-c00055,55,816,4,0,4,True,False,satisfied,30.8565,31.2,52,1,496.66862515732646,1724.919999949634,89.43195804022253,0.020292121917009354,1814.3722501117736
pessimistic,150,multistation,8,8,8,t00816-c00068,68,816,5,0,5,True,False,cancelled_early,16.7819,0.0,0,1,26.17254201322794,1814.2780421767384,0.13599987141788006,0.01158309169113636,1814.4256251398474
pessimistic,150,multistation,8,8,8,t00816-c00079,79,816,4,0,4,True,False,satisfied,21.7091,22.0,44,1,496.57937488518655,1724.8306670226157,89.60591582581401,0.006542075425386429,1814.443124923855
pessimistic,150,multistation,8,8,8,t00817-c00068,68,817,5,0,5,True,False,no_show,19.4059,0.0,0,1,34.68970791436732,223.2293749693781,0.024250010028481483,0.018541933968663216,223.27216691337526
pessimistic,150,multistation,8,8,8,t00818-c00015,15,818,3,0,3,True,False,satisfied,21.428,21.5,43,1,43.69399999268353,133.11045803129673,0.020416919142007828,0.01795799471437931,133.14883294515312
pessimistic,150,multistation,8,8,8,t00819-c00012,12,819,6,0,6,True,False,no_show,21.9215,0.0,0,1,39.08654092811048,468.964375089854,0.020082807168364525,0.017832964658737183,469.0022908616811
pessimistic,150,multistation,8,8,8,t00819-c00049,49,819,3,0,3,True,False,satisfied,27.13,27.3,39,1,111.03949998505414,393.94875010475516,75.0747499987483,0.008207978680729866,469.0317080821842
pessimistic,150,multistation,8,8,8,t00820-c00115,115,820,7,0,7,True,False,no_show,25.2615,0.0,0,1,96.56162490136921,488.6454588267952,0.03458303399384022,0.01850002445280552,488.69854188524187
pessimistic,150,multistation,8,8,8,t00821-c00051,51,821,5,0,5,True,False,satisfied,19.0975,19.2,32,1,24.20345786958933,693.1739170104265,0.02350006252527237,0.017040874809026718,693.2144579477608
pessimistic,150,multistation,8,8,8,t00821-c00121,121,821,8,0,8,True,False,cancelled_early,28.3551,0.0,0,1,146.42900018952787,629.4590421020985,63.7815420050174,0.01016608439385891,693.2507501915097
pessimistic,150,multistation,8,8,8,t00822-c00065,65,822,15,0,15,True,False,satisfied,27.6578,28.2,47,1,53.007915848866105,1312.0760000310838,0.0335408840328455,0.020124949514865875,1312.1296658646315
pessimistic,150,multistation,8,8,8,t00822-c00121,121,822,3,0,3,True,False,cancelled_late,23.4491,0.0,0,1,313.788624946028,856.3149999827147,455.84345888346434,0.008082948625087738,1312.166541814804
pessimistic,150,multistation,8,8,8,t00826-c00147,147,826,12,0,12,True,False,no_show,19.9432,0.0,0,1,30.12562496587634,655.3672500886023,0.03837491385638714,0.019666971638798714,655.4252919740975
pessimistic,150,multistation,8,8,8,t00827-c00056,56,827,8,0,8,True,False,satisfied,19.6062,19.9912,29,1,109.11683388985693,1165.9628748893738,0.031542032957077026,0.020333100110292435,1166.0147500224411
pessimistic,150,multistation,8,8,8,t00827-c00070,70,827,4,0,4,True,False,satisfied,19.7492,20.0,50,1,249.2947920691222,1136.1124999821186,29.951374977827072,0.009709037840366364,1166.073583997786
pessimistic,150,multistation,8,8,8,t00827-c00121,121,827,4,0,4,True,False,cancelled_late,26.8149,0.0,0,1,83.54504103772342,1136.0668749548495,29.998666141182184,0.007166992872953415,1166.0727080889046
pessimistic,150,multistation,8,8,8,t00828-c00074,74,828,4,0,4,True,False,satisfied,28.0184,28.2,47,1,86.91408298909664,1247.2805408760905,64.0181670896709,0.019707949832081795,1311.3184159155935
pessimistic,150,multistation,8,8,8,t00828-c00099,99,828,3,0,3,True,False,cancelled_late,16.1147,0.0,0,1,43.964916141703725,1311.208875151351,0.1271250657737255,0.007999828085303307,1311.3440000452101
pessimistic,150,multistation,8,8,8,t00828-c00101,101,828,3,0,3,True,False,no_show,25.6047,0.0,0,1,86.81112504564226,1247.1777079626918,64.1693330835551,0.006250105798244476,1311.3532911520451
pessimistic,150,multistation,8,8,8,t00828-c00110,110,828,6,0,6,True,False,cancelled_late,13.8489,0.0,0,1,28.848000103607774,1247.1381251234561,64.20179200358689,0.006749993190169334,1311.3466671202332
pessimistic,150,multistation,8,8,8,t00830-c00030,30,830,1,0,1,True,False,satisfied,25.0982,24.8,31,1,68.2115419767797,68.2115419767797,181.68499995954335,0.015500001609325409,249.91204193793237
pessimistic,150,multistation,8,8,8,t00830-c00110,110,830,6,0,6,True,False,satisfied,12.9992,13.2,33,1,23.429291089996696,249.82612510211766,0.11516595259308815,0.009584007784724236,249.95087506249547
pessimistic,150,multistation,8,8,8,t00831-c00041,41,831,3,0,3,True,False,cancelled_late,25.8899,0.0,0,1,93.94649998284876,523.9035829436034,45.35712511278689,0.01587485894560814,569.2765829153359
pessimistic,150,multistation,8,8,8,t00831-c00076,76,831,11,0,11,True,False,cancelled_late,8.7797,0.0,0,1,20.409833174198866,569.1890001762658,0.15554181300103664,0.011499971151351929,569.3560419604182
pessimistic,150,multistation,8,8,8,t00832-c00076,76,832,5,0,5,True,False,satisfied,22.9346,23.2,29,1,127.3457498755306,354.01437478139997,0.027750153094530106,0.017249956727027893,354.0593748912215
pessimistic,150,multistation,8,8,8,t00832-c00121,121,832,4,0,4,True,False,no_show,16.9993,0.0,0,1,45.73791706934571,353.9628330618143,0.12587499804794788,0.007709022611379623,354.09641708247364
pessimistic,150,multistation,8,8,8,t00833-c00044,44,833,3,0,3,True,False,satisfied,23.2711,23.5,47,1,36.02220816537738,136.95375015959144,0.022124964743852615,0.015625031664967537,136.99150015600026
pessimistic,150,multistation,8,8,8,t00834-c00099,99,834,9,0,9,True,False,satisfied,7.0184,7.7,11,1,13.238666113466024,126.08270812779665,0.02845795825123787,0.018124934285879135,126.12929102033377
pessimistic,150,multistation,8,8,8,t00835-c00095,95,835,5,0,5,True,False,satisfied,33.676,34.4,43,1,94.45670805871487,304.1755410376936,0.028209062293171883,0.0163328368216753,304.22008293680847
pessimistic,150,multistation,8,8,8,t00838-c00022,22,838,3,0,3,True,False,satisfied,18.613,19.13,24,1,178.3557089511305,594.6447087917477,63.820332987233996,0.01554214395582676,658.4805839229375
pessimistic,150,multistation,8,8,8,t00838-c00041,41,838,3,0,3,True,False,no_show,28.0216,0.0,0,1,178.3083751797676,594.5976250804961,63.915041042491794,0.0072498805820941925,658.51991600357
pessimistic,150,multistation,8,8,8,t00838-c00135,135,838,14,0,14,True,False,satisfied,13.7632,14.0,20,1,19.330000039190054,658.3491670899093,0.16516703180968761,0.011457828804850578,658.5257919505239
pessimistic,150,multistation,8,8,8,t00841-c00138,138,841,3,0,3,True,False,cancelled_early,25.8721,0.0,0,1,30.25066596455872,192.006791010499,0.03241701051592827,0.015167053788900375,192.05437507480383
pessimistic,150,multistation,8,8,8,t00842-c00010,10,842,4,0,4,True,False,cancelled_late,28.1689,0.0,0,1,393.85112514719367,794.0079590771347,886.9627499952912,0.016165897250175476,1680.9868749696761
pessimistic,150,multistation,8,8,8,t00842-c00138,138,842,10,0,10,True,False,cancelled_late,28.0009,0.0,0,1,184.44783287122846,1680.8862078469247,0.1461249776184559,0.010499963536858559,1681.04283278808
pessimistic,150,multistation,8,8,8,t00843-c00010,10,843,6,0,6,True,False,cancelled_late,30.7828,0.0,0,1,227.28612483479083,1153.7768749985844,79.4311249628663,0.016999896615743637,1233.2249998580664
pessimistic,150,multistation,8,8,8,t00843-c00138,138,843,10,0,10,True,False,cancelled_late,18.5206,0.0,0,1,87.44162507355213,1233.1261250656098,0.14474987983703613,0.010041985660791397,1233.2809169311076
pessimistic,150,multistation,8,8,8,t00844-c00096,96,844,3,0,3,True,False,no_show,19.2267,0.0,0,1,453.0095418449491,1168.1968329939991,0.02887495793402195,0.021166866645216942,1168.2468748185784
pessimistic,150,multistation,8,8,8,t00844-c00138,138,844,5,0,5,True,False,cancelled_late,25.6293,0.0,0,1,163.84999989531934,1168.1478328537196,0.125042162835598,0.0085409265011549,1168.2814159430563
pessimistic,150,multistation,8,8,8,t00845-c00010,10,845,2,0,2,True,False,cancelled_early,27.7615,0.0,0,1,88.20366603322327,245.0114160310477,73.85524990968406,0.017249956727027893,318.8839158974588
pessimistic,150,multistation,8,8,8,t00845-c00143,143,845,5,0,5,True,False,satisfied,21.3193,21.6,36,1,37.627374986186624,318.7850001268089,0.1398748718202114,0.008833128958940506,318.93370812758803
pessimistic,150,multistation,8,8,8,t00846-c00010,10,846,7,0,7,True,False,satisfied,26.706,27.0,45,1,48.06012497283518,475.2584588713944,0.025791116058826447,0.018041813746094704,475.3022918011993
pessimistic,150,multistation,8,8,8,t00847-c00064,64,847,3,0,3,True,False,cancelled_late,21.8209,0.0,0,1,11.414708103984594,64.6539160516113,0.021459069103002548,0.014249933883547783,64.68962505459785
pessimistic,150,multistation,8,8,8,t00848-c00072,72,848,3,0,3,True,False,satisfied,18.313,18.9,27,1,132.83112505450845,512.6609168946743,145.30437509529293,0.016416888684034348,657.9817088786513
pessimistic,150,multistation,8,8,8,t00848-c00138,138,848,3,0,3,True,False,satisfied,30.4214,30.8,77,1,111.2863749731332,657.8846669290215,0.11999998241662979,0.0073749106377363205,658.0120418220758
pessimistic,150,multistation,8,8,8,t00850-c00064,64,850,1,0,1,True,False,cancelled_early,26.8566,0.0,0,1,26.79387480020523,26.79387480020523,0.02212519757449627,0.010999850928783417,26.82699984870851
pessimistic,150,multistation,8,8,8,t00851-c00064,64,851,14,0,14,True,False,breakdown,33.3455,0.0,0,1,56.89195799641311,1105.0678328610957,0.032125040888786316,0.021709129214286804,1105.1216670311987
pessimistic,150,multistation,8,8,8,t00854-c00036,36,854,5,0,5,True,False,satisfied,18.8775,19.0,38,1,68.74387501738966,265.04933391697705,0.02237502485513687,0.01895800232887268,265.09066694416106
pessimistic,150,multistation,8,8,8,t00856-c00109,109,856,3,0,3,True,False,cancelled_late,29.4413,0.0,0,1,40.22441594861448,184.6164579037577,0.028416980057954788,0.015374971553683281,184.66024985536933
pessimistic,150,multistation,8,8,8,t00859-c00068,68,859,11,0,11,True,False,no_show,23.2285,0.0,0,1,313.06004198268056,1859.4076670706272,0.035041943192481995,0.018707942217588425,1859.4614169560373
pessimistic,150,multistation,8,8,8,t00859-c00112,112,859,4,0,4,True,False,no_show,20.2894,0.0,0,1,313.0116250831634,1701.0162910446525,158.47408398985863,0.00800006091594696,1859.498375095427
pessimistic,150,multistation,8,8,8,t00860-c00109,109,860,3,0,3,True,False,breakdown,32.614,0.0,0,1,55.75083312578499,230.56658310815692,0.027624890208244324,0.014125136658549309,230.6083331350237
pessimistic,150,multistation,8,8,8,t00865-c00063,63,865,3,0,3,True,False,satisfied,12.5961,13.0,26,1,24.62933282367885,88.21216691285372,0.022249994799494743,0.014249933883547783,88.24866684153676
pessimistic,150,multistation,8,8,8,t00868-c00012,12,868,3,0,3,True,False,cancelled_early,29.5787,0.0,0,1,1294.810292078182,2288.9526670333,714.6341660991311,0.01470884308218956,3003.601541975513
pessimistic,150,multistation,8,8,8,t00868-c00038,38,868,18,0,18,True,False,satisfied,24.7626,24.8,31,1,109.25616603344679,3003.519874997437,0.12758304364979267,0.012208009138703346,3003.6596660502255
pessimistic,150,multistation,8,8,8,t00868-c00078,78,868,5,0,5,True,False,cancelled_late,10.6174,0.0,0,1,1294.7170841507614,2288.859209045768,714.7898750845343,0.006707850843667984,3003.6557919811457
pessimistic,150,multistation,8,8,8,t00868-c00121,121,868,11,0,11,True,False,cancelled_early,28.3331,0.0,0,1,109.17058400809765,2959.9846249911934,43.67004195228219,0.006791902706027031,3003.6614588461816
pessimistic,150,multistation,8,8,8,t00868-c00147,147,868,5,0,5,True,False,satisfied,13.9583,13.5,27,1,27.505917008966208,2959.9449168890715,43.706833152100444,0.00537489540874958,3003.6571249365807
pessimistic,150,multistation,8,8,8,t00869-c00012,12,869,3,0,3,True,False,satisfied,13.962,14.4,24,1,182.23966704681516,460.1621669717133,113.73612517490983,0.022707972675561905,573.9210001192987
pessimistic,150,multistation,8,8,8,t00869-c00071,71,869,7,0,7,True,False,satisfied,19.4169,20.0,25,1,58.039166033267975,573.824165854603,0.12320908717811108,0.009499955922365189,573.9568748977035
pessimistic,150,multistation,8,8,8,t00869-c00121,121,869,5,0,5,True,False,satisfied,21.2186,21.7,31,1,57.99495801329613,573.7803750671446,0.1640829723328352,0.006041955202817917,573.9504999946803
pessimistic,150,multistation,8,8,8,t00870-c00004,4,870,16,0,16,True,False,satisfied,20.9362,21.0,42,1,45.97883392125368,1019.6323341224343,0.02487492747604847,0.018791062757372856,1019.6760001126677
pessimistic,150,multistation,8,8,8,t00871-c00101,101,871,1,0,1,True,False,no_show,30.0042,0.0,0,1,44.06120884232223,44.06120884232223,0.031291041523218155,0.016208970919251442,44.1087088547647
pessimistic,150,multistation,8,8,8,t00874-c00052,52,874,5,0,5,True,False,satisfied,19.6428,20.0,50,1,47.17170889489353,612.0550418272614,0.02450007013976574,0.019124941900372505,612.0986668393016
pessimistic,150,multistation,8,8,8,t00874-c00078,78,874,5,0,5,True,False,satisfied,20.0068,20.4,34,1,171.9177500344813,494.0250420477241,118.10637498274446,0.00937492586672306,612.1407919563353
pessimistic,150,multistation,8,8,8,t00875-c00115,115,875,5,0,5,True,False,breakdown,33.7017,0.0,0,1,74.07466601580381,521.0517500527203,0.031082890927791595,0.01837499439716339,521.1012079380453
pessimistic,150,multistation,8,8,8,t00877-c00106,106,877,9,0,9,True,False,satisfied,14.6965,15.0,25,1,18.000000156462193,256.6537500824779,0.03179186023771763,0.02070819027721882,256.70625013299286
pessimistic,150,multistation,8,8,8,t00878-c00091,91,878,1,1,1,True,False,cancelled_late,21.656,0.0,0,1,203.4489579964429,203.4489579964429,243.44737501814961,0.015875091776251793,446.9122081063688
pessimistic,150,multistation,8,8,8,t00878-c00128,128,878,3,0,3,True,False,no_show,18.4075,0.0,0,1,22.641666932031512,69.56362491473556,0.03258301876485348,0.015709083527326584,69.61191701702774
pessimistic,150,multistation,8,8,8,t00879-c00118,118,879,5,0,5,True,False,breakdown,29.1362,0.0,0,1,49.44049986079335,376.096332911402,0.12900005094707012,0.008750008419156075,376.2340829707682
pessimistic,150,multistation,8,8,8,t00880-c00097,97,880,4,0,4,True,False,no_show,16.7175,0.0,0,1,68.52341699413955,294.7239170316607,0.028792070224881172,0.01637497916817665,294.76908408105373
pessimistic,150,multistation,8,8,8,t00881-c00092,92,881,6,0,6,True,False,satisfied,20.9413,21.0,42,1,40.116542018949986,612.4300840310752,0.028833048418164253,0.017999904230237007,612.4769169837236
pessimistic,150,multistation,8,8,8,t00881-c00096,96,881,1,0,1,True,False,satisfied,23.829,24.0,40,1,204.39266599714756,204.39266599714756,408.1009170040488,0.00695791095495224,612.5005409121513
pessimistic,150,multistation,8,8,8,t00881-c00142,142,881,3,0,3,True,False,satisfied,26.6891,26.4,66,1,167.55337500944734,519.3471249658614,93.13745913095772,0.0062908511608839035,612.49087494798
pessimistic,150,multistation,8,8,8,t00883-c00032,32,883,4,0,4,True,False,no_show,24.0748,0.0,0,1,59.94358309544623,178.99816716089845,0.023207860067486763,0.014667166396975517,179.0360421873629
pessimistic,150,multistation,8,8,8,t00885-c00124,124,885,8,0,8,True,False,satisfied,21.115,21.7,31,1,29.914167011156678,267.804958159104,0.03620889037847519,0.018916092813014984,267.8600831422955
pessimistic,150,multistation,8,8,8,t00886-c00091,91,886,2,0,2,True,False,satisfied,25.9025,25.9,37,1,24.18362512253225,65.42741716839373,0.024624867364764214,0.01458311453461647,65.46662515029311
pessimistic,150,multistation,8,8,8,t00887-c00025,25,887,4,0,4,True,False,cancelled_late,20.6982,0.0,0,1,71.01187505759299,380.6414999999106,0.022916123270988464,0.015124911442399025,380.679541034624
pessimistic,150,multistation,8,8,8,t00889-c00025,25,889,3,0,3,True,False,cancelled_late,19.8622,0.0,0,1,33.52179215289652,135.9090842306614,0.02133287489414215,0.014832941815257072,135.9452500473708
pessimistic,150,multistation,8,8,8,t00889-c00081,81,889,1,1,1,True,False,cancelled_late,18.184,0.0,0,1,159.95187498629093,159.95187498629093,0.025167129933834076,0.012458069249987602,159.98950018547475
pessimistic,150,multistation,8,8,8,t00891-c00081,81,891,4,0,4,True,False,cancelled_late,23.0886,0.0,0,1,28.332666028290987,156.44187503494322,0.027165981009602547,0.014459015801548958,156.48350003175437
pessimistic,150,multistation,8,8,8,t00894-c00037,37,894,5,0,5,True,False,cancelled_early,29.2088,0.0,0,1,46.04929103516042,769.1646660678089,0.02237502485513687,0.01737498678267002,769.2044160794467
pessimistic,150,multistation,8,8,8,t00894-c00075,75,894,3,0,3,True,False,satisfied,21.1245,21.6,36,1,162.96300012618303,656.8054580129683,112.44112509302795,0.007458031177520752,769.2540411371738
pessimistic,150,multistation,8,8,8,t00894-c00081,81,894,7,0,7,True,False,cancelled_late,22.4364,0.0,0,1,124.91474999114871,618.3127919211984,150.9342910721898,0.0076249707490205765,769.2547079641372
pessimistic,150,multistation,8,8,8,t00895-c00037,37,895,5,0,5,True,False,no_show,25.1695,0.0,0,1,295.03866704180837,1001.4111672062427,0.023624859750270844,0.018208054825663567,1001.4530001208186
pessimistic,150,multistation,8,8,8,t00895-c00069,69,895,3,0,3,True,False,satisfied,25.7664,26.0,52,1,436.2477499525994,819.6913748979568,181.7870419472456,0.007792143151164055,1001.4862089883536
pessimistic,150,multistation,8,8,8,t00895-c00081,81,895,5,0,5,True,False,no_show,28.7095,0.0,0,1,294.9487918522209,1001.3214580249041,0.1571248285472393,0.005875015631318092,1001.4844578690827
pessimistic,150,multistation,8,8,8,t00896-c00025,25,896,2,0,2,True,False,satisfied,20.5879,20.8,52,1,35.10766685940325,98.99483388289809,0.01858314499258995,0.014499993994832039,99.02791702188551
pessimistic,150,multistation,8,8,8,t00898-c00127,127,898,3,0,3,True,False,satisfied,21.0445,21.0,42,1,13.823667075484991,90.98833403550088,0.029999995604157448,0.018750084564089775,91.03708411566913
pessimistic,150,multistation,8,8,8,t00901-c00041,41,901,6,0,6,True,False,satisfied,36.7457,37.0,74,1,101.70462494716048,995.9001671522856,0.024124979972839355,0.01795799471437931,995.9422501269728
pessimistic,150,multistation,8,8,8,t00902-c00068,68,902,5,0,5,True,False,cancelled_late,27.3076,0.0,0,1,102.110082982108,365.8547499217093,0.0260830856859684,0.01574982888996601,365.89658283628523
pessimistic,150,multistation,8,8,8,t00905-c00123,123,905,3,0,3,True,False,cancelled_late,19.197,0.0,0,1,27.968375012278557,141.26374991610646,0.030792085453867912,0.016124919056892395,141.31066692061722
pessimistic,150,multistation,8,8,8,t00906-c00068,68,906,10,0,10,True,False,satisfied,25.9012,26.4,44,1,39.33329205028713,699.5389589574188,0.02766610123217106,0.018916791304945946,699.5855418499559
pessimistic,150,multistation,8,8,8,t00906-c00112,112,906,1,0,1,True,False,cancelled_late,24.2645,0.0,0,1,213.0599580705166,213.0599580705166,486.5452500525862,0.007041962817311287,699.6122500859201
pessimistic,150,multistation,8,8,8,t00907-c00019,19,907,3,0,3,True,False,no_show,25.5085,0.0,0,1,83.59054196625948,335.6640001293272,0.020666979253292084,0.015083001926541328,335.699750110507
pessimistic,150,multistation,8,8,8,t00908-c00048,48,908,3,0,3,True,False,satisfied,24.6302,24.8,62,1,146.0192920640111,427.4905000347644,54.221833823248744,0.014833174645900726,481.72716703265905
pessimistic,150,multistation,8,8,8,t00908-c00058,58,908,5,0,5,True,False,no_show,21.2421,0.0,0,1,29.749125009402633,481.6445419564843,0.10933284647762775,0.008500181138515472,481.76237498410046
pessimistic,150,multistation,8,8,8,t00909-c00086,86,909,5,0,5,True,False,satisfied,15.3621,15.5,31,1,20.498208003118634,156.16566594690084,0.02583395689725876,0.015666009858250618,156.20716591365635
pessimistic,150,multistation,8,8,8,t00910-c00001,1,910,6,0,6,True,False,no_show,26.5254,0.0,0,1,55.072500137612224,773.3606251422316,0.01937500201165676,0.022416003048419952,773.4024161472917
pessimistic,150,multistation,8,8,8,t00911-c00128,128,911,11,0,11,True,False,cancelled_late,19.1661,0.0,0,1,28.924290789291263,399.4609999936074,0.036665936931967735,0.01933402381837368,399.51699995435774
pessimistic,150,multistation,8,8,8,t00911-c00139,139,911,2,0,2,True,False,cancelled_late,18.1456,0.0,0,1,55.30041712336242,216.07149997726083,183.48645814694464,0.007292022928595543,399.56525014713407
pessimistic,150,multistation,8,8,8,t00912-c00123,123,912,3,0,3,True,False,cancelled_early,20.8099,0.0,0,1,251.16658303886652,1293.6148750595748,474.27937504835427,0.015707919374108315,1767.9099580273032
pessimistic,150,multistation,8,8,8,t00912-c00128,128,912,4,0,4,True,False,satisfied,22.3146,22.4,32,1,251.11916614696383,1293.5673331376165,474.38541683368385,0.007791211828589439,1767.960541183129
pessimistic,150,multistation,8,8,8,t00912-c00139,139,912,21,0,21,True,False,cancelled_early,24.5588,0.0,0,1,35.462334053590894,1767.773583997041,0.18654088489711285,0.012125121429562569,1767.9722500033677
pessimistic,150,multistation,8,8,8,t00913-c00123,123,913,3,0,3,True,False,no_show,22.2869,0.0,0,1,235.0406248588115,812.4368328135461,380.22612500935793,0.015208963304758072,1192.6781667862087
pessimistic,150,multistation,8,8,8,t00913-c00139,139,913,19,0,19,True,False,cancelled_late,27.2737,0.0,0,1,40.93295894563198,1192.5873749423772,0.1252500806003809,0.013459008187055588,1192.7260840311646
pessimistic,150,multistation,8,8,8,t00916-c00026,26,916,3,0,3,True,False,satisfied,15.2725,15.6,39,1,61.32704205811024,264.52900003641844,0.02174987457692623,0.01654215157032013,264.5672920625657
pessimistic,150,multistation,8,8,8,t00916-c00112,112,916,3,0,3,True,False,satisfied,25.4569,25.5,51,1,61.27362512052059,264.47541709057987,0.11474988423287868,0.0070410314947366714,264.5972080063075
pessimistic,150,multistation,8,8,8,t00917-c00139,139,917,11,0,11,True,False,cancelled_early,16.8723,0.0,0,1,23.925541900098324,279.25562486052513,0.03975001163780689,0.022417167201638222,279.3177920393646
pessimistic,150,multistation,8,8,8,t00918-c00139,139,918,4,0,4,True,False,satisfied,25.2991,25.9,37,1,8.579500019550323,137.42820802144706,0.03404216840863228,0.017624814063310623,137.479875003919
pessimistic,150,multistation,8,8,8,t00919-c00032,32,919,11,0,11,True,False,satisfied,28.2254,28.7,41,1,44.24529103562236,558.1691248808056,0.027750153094530106,0.018499791622161865,558.2153748255223
pessimistic,150,multistation,8,8,8,t00923-c00101,101,923,14,0,14,True,False,breakdown,32.1485,0.0,0,1,53.420000011101365,1086.5284579340369,0.03283401019871235,0.01908303238451481,1086.58037497662
pessimistic,150,multistation,8,8,8,t00926-c00085,85,926,16,0,16,True,False,no_show,10.5046,0.0,0,1,21.827332908287644,461.99179207906127,0.0341248232871294,0.02070819027721882,462.0466250926256
pessimistic,150,multistation,8,8,8,t00927-c00122,122,927,5,0,5,True,False,no_show,21.1415,0.0,0,1,41.832542046904564,389.30695899762213,0.02887495793402195,0.015250174328684807,389.35108412988484
pessimistic,150,multistation,8,8,8,t00928-c00097,97,928,3,0,3,True,False,satisfied,23.9257,24.0,60,1,84.43283406086266,430.52375013940036,0.025458866730332375,0.013375189155340195,430.56258419528604
pessimistic,150,multistation,8,8,8,t00928-c00120,120,928,3,0,3,True,False,cancelled_late,18.8616,0.0,0,1,84.38424998894334,430.4749579168856,0.11016707867383957,0.006207963451743126,430.5913329590112
pessimistic,150,multistation,8,8,8,t00929-c00111,111,929,5,0,5,True,False,satisfied,17.2775,17.5,25,1,16.579041024670005,118.79925010725856,0.029624905437231064,0.01654098741710186,118.84541600011289
pessimistic,150,multistation,8,8,8,t00930-c00099,99,930,3,0,3,True,False,satisfied,17.5551,17.5,25,1,18.797917058691382,84.19641689397395,0.025458168238401413,0.014624791219830513,84.23649985343218
pessimistic,150,multistation,8,8,8,t00931-c00006,6,931,18,0,18,True,False,satisfied,20.7865,21.0,42,1,67.70004192367196,1419.3309580441564,0.028583919629454613,0.020582927390933037,1419.3801248911768
pessimistic,150,multistation,8,8,8,t00931-c00133,133,931,4,0,4,True,False,no_show,16.3615,0.0,0,1,310.30383403413,945.4894589725882,473.90762506984174,0.00800006091594696,1419.4050841033459
pessimistic,150,multistation,8,8,8,t00931-c00137,137,931,5,0,5,True,False,cancelled_late,19.6325,0.0,0,1,22.903667064383626,1354.431000072509,64.96212491765618,0.007084105163812637,1419.400209095329
pessimistic,150,multistation,8,8,8,t00934-c00137,137,934,15,0,15,True,False,no_show,16.6302,0.0,0,1,20.327499834820628,523.8275828305632,0.03837514668703079,0.023541972041130066,523.8894999492913
pessimistic,150,multistation,8,8,8,t00935-c00062,62,935,5,0,5,True,False,no_show,29.0407,0.0,0,1,78.16104218363762,821.5280419681221,0.025791116058826447,0.024583889171481133,821.5784169733524
pessimistic,150,multistation,8,8,8,t00935-c00120,120,935,4,0,4,True,False,cancelled_early,17.9283,0.0,0,1,232.2294998448342,615.1198330335319,206.49241702631116,0.00954093411564827,821.6217909939587
pessimistic,150,multistation,8,8,8,t00936-c00120,120,936,3,0,3,True,False,cancelled_late,23.2605,0.0,0,1,28.36004178971052,129.25112480297685,0.02795807085931301,0.01600012183189392,129.29508299566805
pessimistic,150,multistation,8,8,8,t00939-c00081,81,939,1,0,1,True,False,satisfied,27.7024,22.4,28,1,16.608125064522028,16.608125064522028,0.024541979655623436,0.011916039511561394,16.644583083689213
pessimistic,150,multistation,8,8,8,t00940-c00120,120,940,3,0,3,True,False,no_show,17.6102,0.0,0,1,9.636499918997288,45.341209042817354,0.02704095095396042,0.013874843716621399,45.382124837487936
pessimistic,150,multistation,8,8,8,t00944-c00037,37,944,1,0,1,True,False,cancelled_late,32.0674,0.0,0,1,63.644417095929384,63.644417095929384,0.016999896615743637,0.012208009138703346,63.67362500168383
pessimistic,150,multistation,8,8,8,t00946-c00008,8,946,3,0,3,True,False,no_show,19.1496,0.0,0,1,24.10566690377891,109.63324992917478,0.017416896298527718,0.016875099390745163,109.66754192486405
pessimistic,150,multistation,8,8,8,t00948-c00058,58,948,3,0,3,True,False,satisfied,27.486,25.2,42,1,39.8220419883728,159.79966684244573,0.023167114704847336,0.01645786687731743,159.8392918240279
pessimistic,150,multistation,8,8,8,t00949-c00057,57,949,3,0,3,True,False,satisfied,25.8936,25.6,32,1,50.8824591524899,99.99987506307662,0.02187490463256836,0.01495913602411747,100.0367091037333
pessimistic,150,multistation,8,8,8,t00949-c00141,141,949,1,0,1,True,False,satisfied,28.0232,23.1,33,1,50.826292019337416,50.826292019337416,49.22970803454518,0.006749993190169334,100.06275004707277
pessimistic,150,multistation,8,8,8,t00950-c00002,2,950,3,0,3,True,False,no_show,28.0605,0.0,0,1,34.88416597247124,134.1932499781251,0.014125136658549309,0.014415942132472992,134.22179105691612
pessimistic,150,multistation,8,8,8,t00951-c00037,37,951,3,0,3,True,False,cancelled_late,27.0095,0.0,0,1,41.1378750577569,169.7470829822123,0.01970818266272545,0.014208955690264702,169.7810001205653
pessimistic,150,multistation,8,8,8,t00954-c00133,133,954,1,0,1,True,False,no_show,23.8214,0.0,0,1,13.96462507545948,13.96462507545948,0.022792024537920952,0.010582851245999336,13.9979999512434
pessimistic,150,multistation,8,8,8,t00955-c00053,53,955,1,0,1,True,False,satisfied,17.9123,15.5,31,1,14.983167173340917,14.983167173340917,0.01754099503159523,0.011750031262636185,15.012458199635148
pessimistic,150,multistation,8,8,8,t00956-c00085,85,956,10,0,10,True,False,satisfied,24.3135,24.5,49,1,83.63362494856119,851.5948329586536,0.03179209306836128,0.021499814465641975,851.6481248661876
pessimistic,150,multistation,8,8,8,t00957-c00037,37,957,3,0,3,True,False,no_show,23.2483,0.0,0,1,31.807708088308573,128.0689579434693,0.022292137145996094,0.015625031664967537,128.10687511228025
pessimistic,150,multistation,8,8,8,t00961-c00029,29,961,3,0,3,True,False,no_show,23.9301,0.0,0,1,23.36558303795755,105.93812493607402,0.022333115339279175,0.017582904547452927,105.97804095596075
pessimistic,150,multistation,8,8,8,t00962-c00017,17,962,1,0,1,True,False,satisfied,28.5353,21.7,31,1,15.025125117972493,15.025125117972493,165.5874578282237,0.014167046174407005,180.6267499923706
pessimistic,150,multistation,8,8,8,t00962-c00061,61,962,3,0,3,True,False,no_show,23.1567,0.0,0,1,48.2771669048816,180.53616699762642,0.11058291420340538,0.009292038157582283,180.6560419499874
pessimistic,150,multistation,8,8,8,t00966-c00117,117,966,3,0,3,True,False,cancelled_late,12.2863,0.0,0,1,8.684749947860837,54.33812504634261,0.028540845960378647,0.017625046893954277,54.384290939196944
pessimistic,150,multistation,8,8,8,t00967-c00134,134,967,5,0,5,True,False,cancelled_early,20.2497,0.0,0,1,29.100290965288877,204.35649994760752,0.029833056032657623,0.017666956409811974,204.40399996005
pessimistic,150,multistation,8,8,8,t00968-c00134,134,968,5,0,5,True,False,no_show,22.2155,0.0,0,1,35.5062079615891,401.1076660826802,0.03333389759063721,0.017916085198521614,401.1589160654694
pessimistic,150,multistation,8,8,8,t00968-c00137,137,968,4,0,4,True,False,no_show,23.9932,0.0,0,1,96.52504208497703,323.7545001320541,77.42620795033872,0.008584000170230865,401.18929208256304
pessimistic,150,multistation,8,8,8,t00969-c00043,43,969,5,0,5,True,False,cancelled_early,20.419,0.0,0,1,271.4997499715537,932.1807080414146,179.63841697201133,0.021290965378284454,1111.8404159788042
pessimistic,150,multistation,8,8,8,t00969-c00108,108,969,5,0,5,True,False,cancelled_early,19.6389,0.0,0,1,141.67225011624396,1111.7301660124213,0.14954200014472008,0.009667128324508667,1111.8893751408905
pessimistic,150,multistation,8,8,8,t00969-c00123,123,969,5,0,5,True,False,satisfied,23.1959,23.5,47,1,141.62695803679526,1111.68483318761,0.1977919600903988,0.006125075742602348,1111.888750223443
pessimistic,150,multistation,8,8,8,t00970-c00034,34,970,4,0,4,True,False,satisfied,29.9567,28.8,36,1,151.94954094476998,411.47212497889996,284.2022499535233,0.01570815220475197,695.690083084628
pessimistic,150,multistation,8,8,8,t00970-c00043,43,970,5,0,5,True,False,satisfied,16.5462,17.0,34,1,28.19412504322827,695.6035420298576,0.11566700413823128,0.009249895811080933,695.728458929807
pessimistic,150,multistation,8,8,8,t00970-c00108,108,970,3,0,3,True,False,cancelled_late,20.6478,0.0,0,1,112.31074994429946,631.1353750061244,64.57737507298589,0.006332993507385254,695.7190830726177
pessimistic,150,multistation,8,8,8,t00970-c00117,117,970,5,0,5,True,False,no_show,15.3629,0.0,0,1,112.27062484249473,631.0955409426242,64.62212512269616,0.005791895091533661,695.7234579604119
pessimistic,150,multistation,8,8,8,t00971-c00108,108,971,3,0,3,True,False,cancelled_early,19.8902,0.0,0,1,14.936832943931222,87.10320806130767,0.026708003133535385,0.014625024050474167,87.14454108849168
pessimistic,150,multistation,8,8,8,t00972-c00108,108,972,5,0,5,True,False,satisfied,18.1187,18.2,26,1,23.879790911450982,425.98283290863037,0.028125010430812836,0.017458107322454453,426.02841602638364
pessimistic,150,multistation,8,8,8,t00972-c00120,120,972,4,0,4,True,False,cancelled_early,24.648,0.0,0,1,101.93516709841788,344.0169580280781,82.04412506893277,0.008458970114588737,426.06954206712544
pessimistic,150,multistation,8,8,8,t00973-c00013,13,973,4,0,4,True,False,no_show,18.8468,0.0,0,1,61.33816693909466,352.25333413109183,0.020665815100073814,0.016625039279460907,352.29062498547137
pessimistic,150,multistation,8,8,8,t00973-c00120,120,973,4,0,4,True,False,no_show,21.2279,0.0,0,1,103.06716687045991,278.2474169507623,74.06549993902445,0.00837491825222969,352.32129180803895
pessimistic,150,multistation,8,8,8,t00977-c00021,21,977,1,0,1,True,False,cancelled_late,20.0721,0.0,0,1,31.18341718800366,31.18341718800366,96.00825002416968,0.013166805729269981,127.20483401790261
pessimistic,150,multistation,8,8,8,t00977-c00136,136,977,3,0,3,True,False,cancelled_late,22.5212,0.0,0,1,50.564249977469444,127.11954093538225,0.12562493793666363,0.007792143151164055,127.25295801647007
pessimistic,150,multistation,8,8,8,t00978-c00019,19,978,4,0,4,True,False,cancelled_late,31.3323,0.0,0,1,184.80866705067456,834.8762919194996,123.53550014086068,0.014165882021188736,958.4259579423815
pessimistic,150,multistation,8,8,8,t00978-c00110,110,978,5,0,5,True,False,cancelled_late,14.6601,0.0,0,1,31.24612499959767,958.3337500225753,0.12904196046292782,0.009207986295223236,958.4719999693334
pessimistic,150,multistation,8,8,8,t00979-c00001,1,979,11,0,11,True,False,breakdown,36.6671,0.0,0,1,298.21387492120266,3370.5210839398205,18.49337504245341,0.01958315260708332,3389.034042134881
pessimistic,150,multistation,8,8,8,t00979-c00094,94,979,1,0,1,True,False,cancelled_late,13.2382,0.0,0,1,840.6950421631336,840.6950421631336,2548.3585000038147,0.006791902706027031,3389.0603340696543
pessimistic,150,multistation,8,8,8,t00979-c00110,110,979,9,0,9,True,False,cancelled_late,14.7876,0.0,0,1,298.11495798639953,3370.4230419825763,18.64737505093217,0.006832880899310112,3389.0772499144077
pessimistic,150,multistation,8,8,8,t00979-c00135,135,979,14,0,13,True,False,no_show,9.417,0.0,0,1,14.123792061582208,3388.8515001162887,0.22424990311264992,0.0077500008046627045,3389.083500020206
pessimistic,150,multistation,8,8,8,t00980-c00019,19,980,1,0,1,True,False,satisfied,30.6741,30.8,77,1,143.6382499523461,143.6382499523461,0.019999919459223747,0.012375181540846825,143.67062505334616
pessimistic,150,multistation,8,8,8,t00981-c00021,21,981,2,0,2,True,False,satisfied,18.7868,18.8,47,1,39.01991713792086,93.00529211759567,0.01791701652109623,0.012916047126054764,93.03612518124282
pessimistic,150,multistation,8,8,8,t00983-c00110,110,983,4,0,4,True,False,no_show,6.9232,0.0,0,1,36.75008285790682,105.58337485417724,106.58987518399954,0.016582896932959557,212.18983293510973
pessimistic,150,multistation,8,8,8,t00983-c00136,136,983,3,0,3,True,False,satisfied,24.4618,24.5,35,1,27.296792017295957,212.0948329102248,0.11516711674630642,0.007041962817311287,212.2170419897884
pessimistic,150,multistation,8,8,8,t00985-c00133,133,985,11,0,11,True,False,satisfied,24.1597,24.8,31,1,30.998541973531246,494.2882088944316,0.03637513145804405,0.021207844838500023,494.34579187072814
pessimistic,150,multistation,8,8,8,t00985-c00144,144,985,3,0,3,True,False,cancelled_late,19.8805,0.0,0,1,116.22099997475743,317.8153340704739,176.55941611155868,0.007583992555737495,494.3823341745883
pessimistic,150,multistation,8,8,8,t00987-c00144,144,987,16,0,16,True,False,satisfied,21.7589,22.4,32,1,29.716917080804706,603.3631670288742,0.04033301956951618,0.019999919459223747,603.4234999679029
pessimistic,150,multistation,8,8,8,t00988-c00008,8,988,1,0,1,True,False,satisfied,22.6822,20.4,34,1,17.253166995942593,17.253166995942593,789.6270419005305,0.013708136975765228,806.8939170334488
pessimistic,150,multistation,8,8,8,t00988-c00122,122,988,6,0,6,True,False,cancelled_early,25.7781,0.0,0,1,104.27966713905334,806.8017920013517,0.11300016194581985,0.009040813893079758,806.9238329771906
pessimistic,150,multistation,8,8,8,t00989-c00082,82,989,5,0,5,True,False,cancelled_early,24.5095,0.0,0,1,892.5925840158015,2445.5487499944866,0.028416980057954788,0.01845788210630417,2445.595624856651
pessimistic,150,multistation,8,8,8,t00989-c00094,94,989,3,0,3,True,False,satisfied,15.1511,15.5,31,1,1291.3829169701785,1822.609334019944,623.0294578708708,0.008083181455731392,2445.6468750722706
pessimistic,150,multistation,8,8,8,t00989-c00122,122,989,8,0,8,True,False,satisfied,27.081,27.2,68,1,892.5025840289891,2445.4588750377297,0.18012500368058681,0.007834052667021751,2445.6468340940773
pessimistic,150,multistation,8,8,8,t00990-c00082,82,990,5,0,5,True,False,satisfied,26.0164,26.0,65,1,84.43400007672608,607.5497090350837,0.025416025891900063,0.016416888684034348,607.5915419496596
pessimistic,150,multistation,8,8,8,t00992-c00002,2,992,1,0,1,True,False,satisfied,30.9998,31.5,45,1,19.956457894295454,19.956457894295454,0.01612515188753605,0.011083902791142464,19.983666948974133
pessimistic,150,multistation,8,8,8,t00993-c00011,11,993,1,0,1,True,False,satisfied,18.5541,18.5,37,1,21.252666832879186,21.252666832879186,98.31754211336374,0.012582866474986076,119.58279181271791
pessimistic,150,multistation,8,8,8,t00993-c00088,88,993,4,0,4,True,False,satisfied,21.245,21.6,36,1,21.19558397680521,119.495291961357,0.10704202577471733,0.008207978680729866,119.61054196581244
pessimistic,150,multistation,8,8,8,t00993-c00131,131,993,4,1,3,True,False,satisfied,20.6719,21.0,30,1,307.17470799572766,876.5731249004602,233.1198751926422,0.008457805961370468,1109.7014578990638
pessimistic,150,multistation,8,8,8,t00994-c00107,107,994,4,0,4,True,False,cancelled_early,24.0533,0.0,0,1,31.09841700643301,286.4356250502169,702.5808750186116,0.018249964341521263,989.03475003317
pessimistic,150,multistation,8,8,8,t00994-c00147,147,994,11,0,11,True,False,cancelled_late,18.5052,0.0,0,1,106.53674998320639,988.9085828326643,0.19212509505450726,0.009249895811080933,989.1099578235298
pessimistic,150,multistation,8,8,8,t00995-c00107,107,995,5,0,5,True,False,cancelled_late,19.9243,0.0,0,1,26.026166044175625,165.31783319078386,0.027166912332177162,0.016832957044243813,165.36183306016028
pessimistic,150,multistation,8,8,8,t00996-c00147,147,996,14,0,14,True,False,satisfied,19.9845,20.0,40,1,42.7046250551939,1023.3414580579847,0.1218749675899744,0.07508299313485622,1023.5384160187095
pessimistic,150,multistation,8,8,8,t00997-c00054,54,997,5,0,5,True,False,cancelled_late,17.6771,0.0,0,1,293.92916709184647,1243.1693749967963,0.02691708505153656,0.019832979887723923,1243.2161250617355
pessimistic,150,multistation,8,8,8,t00997-c00093,93,997,6,0,6,True,False,cancelled_late,28.1308,0.0,0,1,293.7726250384003,1243.0129579734057,0.15537510626018047,0.009041978046298027,1243.1773750577122
pessimistic,150,multistation,8,8,8,t00998-c00029,29,998,1,0,1,True,False,cancelled_early,21.1473,0.0,0,1,7.0287499111145735,7.0287499111145735,719.1822081804276,0.01645786687731743,726.2274159584194
pessimistic,150,multistation,8,8,8,t00998-c00037,37,998,7,0,7,True,False,cancelled_late,34.6559,0.0,0,1,70.3170842025429,726.1392921209335,0.1345828641206026,0.009542098268866539,726.283417083323
pessimistic,150,multistation,8,8,8,t00999-c00029,29,999,1,0,1,True,False,satisfied,27.0754,12.6,18,1,11.637374991551042,11.637374991551042,0.016249949112534523,0.01058308407664299,11.66420802474022
pessimistic,150,multistation,8,8,8,t01000-c00054,54,1000,7,0,7,True,False,no_show,12.1401,0.0,0,1,15.423832926899195,1648.397499928251,0.02550007775425911,0.01808302477002144,1648.4410830307752
pessimistic,150,multistation,8,8,8,t01000-c00140,140,1000,14,0,14,True,False,satisfied,24.0182,24.4,61,1,93.5849160887301,1648.3427078928798,0.12966711074113846,0.011625001206994057,1648.484000004828
pessimistic,150,multistation,8,8,8,t01001-c00012,12,1001,2,0,2,True,False,satisfied,17.7924,18.0,30,1,253.97212500683963,543.7893748749048,169.28054206073284,0.0160830095410347,713.0859999451786
pessimistic,150,multistation,8,8,8,t01001-c00093,93,1001,6,0,6,True,False,no_show,24.6616,0.0,0,1,77.31212512589991,712.9986251238734,0.11308398097753525,0.009624985978007317,713.1213340908289
pessimistic,150,multistation,8,8,8,t01002-c00037,37,1002,7,0,7,True,False,satisfied,31.8841,32.4,54,1,335.3922918904573,1100.7229590322822,225.80620786175132,0.01708301715552807,1326.546249911189
pessimistic,150,multistation,8,8,8,t01002-c00107,107,1002,13,0,13,True,False,satisfied,26.2331,26.6,38,1,39.28533289581537,1326.448957901448,0.1286671031266451,0.011290889233350754,1326.588915893808
pessimistic,150,multistation,8,8,8,t01004-c00135,135,1004,6,0,6,True,False,satisfied,15.1412,15.4,22,1,20.382458809763193,151.19141689501703,0.030250055715441704,0.014625024050474167,151.23629197478294
pessimistic,150,multistation,8,8,8,t01005-c00114,114,1005,6,0,6,True,False,cancelled_early,25.1564,0.0,0,1,33.29887497238815,323.1817081104964,0.03187498077750206,0.01574982888996601,323.22933292016387
pessimistic,150,multistation,8,8,8,t01006-c00114,114,1006,6,0,6,True,False,satisfied,19.9081,20.3,29,1,91.12116601318121,384.627333143726,74.3199170101434,0.018832972273230553,458.9660831261426
pessimistic,150,multistation,8,8,8,t01006-c00148,148,1006,5,0,5,True,False,no_show,29.4159,0.0,0,1,34.50275002978742,458.86574988253415,0.1401661429554224,0.010458985343575478,459.01637501083314
pessimistic,150,multistation,8,8,8,t01007-c00117,117,1007,6,0,6,True,False,satisfied,20.6995,21.0,35,1,35.01733299344778,289.5536657888442,0.032084062695503235,0.01708301715552807,289.60283286869526
pessimistic,150,multistation,8,8,8,t01009-c00110,110,1009,13,0,13,True,False,satisfied,20.6114,20.8,52,1,63.53616598062217,1099.3572908919305,0.03495905548334122,0.02133287489414215,1099.413582822308
pessimistic,150,multistation,8,8,8,t01010-c00013,13,1010,6,0,6,True,False,cancelled_early,23.0121,0.0,0,1,354.8783340957016,1219.2028749268502,65.03191706724465,0.016625039279460907,1284.2514170333743
pessimistic,150,multistation,8,8,8,t01010-c00098,98,1010,14,0,14,True,False,cancelled_late,18.3368,0.0,0,1,29.984917026013136,1284.1559590306133,0.14670798555016518,0.011167023330926895,1284.3138340394944
pessimistic,150,multistation,8,8,8,t01010-c00120,120,1010,3,0,3,True,False,cancelled_early,23.8634,0.0,0,1,192.35804118216038,1138.4467082098126,145.85912483744323,0.006207963451743126,1284.3120410107076
pessimistic,150,multistation,8,8,8,t01011-c00013,13,1011,1,0,1,True,False,cancelled_late,22.8719,0.0,0,1,332.432083087042,332.432083087042,2603.549666935578,0.016750069335103035,2935.998500091955
pessimistic,150,multistation,8,8,8,t01011-c00014,14,1011,6,0,6,True,False,satisfied,20.7055,20.8,26,1,89.97279102914035,2258.9473330881447,677.1138329058886,0.011249911040067673,2936.0724159050733
pessimistic,150,multistation,8,8,8,t01011-c00098,98,1011,21,0,21,True,False,cancelled_late,24.6404,0.0,0,1,45.28679186478257,2935.865334002301,0.2129578497260809,0.012917211279273033,2936.0912090633065
pessimistic,150,multistation,8,8,8,t01011-c00120,120,1011,5,0,5,True,False,satisfied,17.2686,16.8,28,1,385.8322079759091,2258.8557498529553,677.2316251881421,0.006207963451743126,2936.093583004549
pessimistic,150,multistation,8,8,8,t01011-c00134,134,1011,6,0,6,True,False,satisfied,26.552,27.0,45,1,585.9397919848561,2538.0378749687225,398.0415421538055,0.005749985575675964,2936.0851671081036
pessimistic,150,multistation,8,8,8,t01012-c00062,62,1012,6,0,6,True,False,breakdown,30.6139,0.0,0,1,105.86054204031825,894.0028329379857,0.025541987270116806,0.01879199407994747,894.0471669193357
pessimistic,150,multistation,8,8,8,t01015-c00061,61,1015,5,0,5,True,False,satisfied,30.487,30.5,61,1,42.20566595904529,488.1765409372747,0.02383394166827202,0.0160830095410347,488.216457888484
pessimistic,150,multistation,8,8,8,t01017-c00098,98,1017,1,0,1,True,False,cancelled_late,19.8342,0.0,0,1,33.21470902301371,33.21470902301371,0.025290995836257935,0.015625031664967537,33.255625050514936
pessimistic,150,multistation,8,8,8,t01018-c00116,116,1018,3,0,3,True,False,satisfied,17.8872,18.0,45,1,22.371292114257812,110.57225009426475,0.028749927878379822,0.014333054423332214,110.61533307656646
pessimistic,150,multistation,8,8,8,t01019-c00098,98,1019,2,0,2,True,False,cancelled_late,18.5251,0.0,0,1,7.6252908911556005,30.33441584557295,0.025167129933834076,0.016249949112534523,30.375832924619317
pessimistic,150,multistation,8,8,8,t01020-c00030,30,1020,11,0,11,True,False,no_show,19.6273,0.0,0,1,13.923999853432178,484.5515410415828,0.02587493509054184,0.0213750172406435,484.598790993914
pessimistic,150,multistation,8,8,8,t01020-c00149,149,1020,6,0,6,True,False,cancelled_late,18.0821,0.0,0,1,89.07162491232157,356.19279206730425,128.42787499539554,0.008874805644154549,484.62954186834395
pessimistic,150,multistation,8,8,8,t01021-c00098,98,1021,1,0,1,True,False,cancelled_late,25.6951,0.0,0,1,49.98804093338549,49.98804093338549,260.70849993266165,0.014417106285691261,310.71095797233284
pessimistic,150,multistation,8,8,8,t01021-c00137,137,1021,6,0,6,True,False,no_show,23.9293,0.0,0,1,28.385000070557,310.6163339689374,0.14120806008577347,0.009499955922365189,310.76704198494554
pessimistic,150,multistation,8,8,8,t01025-c00070,70,1025,2,0,2,True,False,no_show,14.4092,0.0,0,1,154.56312499009073,307.96858319081366,351.1713750194758,0.014666933566331863,659.1546251438558
pessimistic,150,multistation,8,8,8,t01025-c00084,84,1025,17,0,17,True,False,no_show,20.8556,0.0,0,1,27.522332966327667,659.0657499618828,0.12020813301205635,0.012791948392987251,659.1987500432879
pessimistic,150,multistation,8,8,8,t01026-c00149,149,1026,12,0,12,True,False,cancelled_early,23.0401,0.0,0,1,21.937041077762842,459.2062500305474,0.03791600465774536,0.02191704697906971,459.2660830821842
pessimistic,150,multistation,8,8,8,t01027-c00149,149,1027,13,0,13,True,False,satisfied,17.4692,17.5,25,1,14.963791938498616,324.2066667880863,0.03800005652010441,0.02095801755785942,324.26562486216426
pessimistic,150,multistation,8,8,8,t01028-c00013,13,1028,5,0,5,True,False,cancelled_late,14.6083,0.0,0,1,42.409167159348726,163.21529215201735,0.020041828975081444,0.019291182979941368,163.25462516397238
pessimistic,150,multistation,8,8,8,t01029-c00054,54,1029,4,0,4,True,False,cancelled_late,23.2417,0.0,0,1,108.59287506900728,296.7082499526441,39.71375012770295,0.016832957044243813,336.4388330373913
pessimistic,150,multistation,8,8,8,t01029-c00063,63,1029,6,0,6,True,False,satisfied,14.1064,14.0,28,1,16.258541960269213,336.3523338921368,0.1294161193072796,0.00900006853044033,336.49075007997453
pessimistic,150,multistation,8,8,8,t01030-c00121,121,1030,5,0,5,True,False,cancelled_late,18.7507,0.0,0,1,19.307707902044058,155.03845806233585,0.03212480805814266,0.020167091861367226,155.09074996225536
pessimistic,150,multistation,8,8,8,t01031-c00056,56,1031,12,0,12,True,False,no_show,12.0014,0.0,0,1,16.621540999040008,364.87408308312297,0.029749935492873192,0.02012518234550953,364.92395820096135
pessimistic,150,multistation,8,8,8,t01031-c00121,121,1031,3,0,3,True,False,cancelled_early,23.6988,0.0,0,1,106.61199991591275,282.01920888386667,82.91937503963709,0.0074999406933784485,364.94608386419713
pessimistic,150,multistation,8,8,8,t01032-c00098,98,1032,9,0,9,True,False,satisfied,26.4336,26.4,44,1,96.4715420268476,692.9810831788927,61.813958920538425,0.016290927305817604,754.811333026737
pessimistic,150,multistation,8,8,8,t01032-c00121,121,1032,5,0,5,True,False,cancelled_early,24.4985,0.0,0,1,23.560874862596393,754.7133748885244,0.12450013309717178,0.008874805644154549,754.8467498272657
pessimistic,150,multistation,8,8,8,t01033-c00013,13,1033,5,0,5,True,False,satisfied,24.234,24.6,41,1,126.7252501565963,526.9637079909444,40.90491705574095,0.017292099073529243,567.8859171457589
pessimistic,150,multistation,8,8,8,t01033-c00066,66,1033,1,0,1,True,False,satisfied,15.8267,16.1,23,1,201.28408400341868,201.28408400341868,366.6266251821071,0.0069998204708099365,567.9177090059966
pessimistic,150,multistation,8,8,8,t01033-c00077,77,1033,4,0,4,True,False,satisfied,12.1287,12.6,21,1,201.24241709709167,475.53179203532636,92.37333294004202,0.006417045369744301,567.9115420207381
pessimistic,150,multistation,8,8,8,t01033-c00121,121,1033,5,0,5,True,False,satisfied,19.5402,19.6,28,1,18.241917015984654,567.7078331355006,0.18824986182153225,0.00700005330145359,567.9030830506235
pessimistic,150,multistation,8,8,8,t01034-c00054,54,1034,4,0,4,True,False,no_show,20.4038,0.0,0,1,44.88362488336861,139.61454201489687,0.023582950234413147,0.014999881386756897,139.65312484651804
pessimistic,150,multistation,8,8,8,t01037-c00024,24,1037,11,0,11,True,False,satisfied,26.723,26.8,67,1,141.09449996612966,1437.7049999311566,0.026042107492685318,0.021750107407569885,1437.752792146057
pessimistic,150,multistation,8,8,8,t01039-c00009,9,1039,4,0,4,True,False,satisfied,26.8639,27.0,45,1,56.20795791037381,266.7829168494791,0.028875190764665604,0.016165897250175476,266.8279579374939
pessimistic,150,multistation,8,8,8,t01041-c00051,51,1041,13,0,13,True,False,no_show,25.218,0.0,0,1,144.40491702407598,2009.3713749665767,0.027750153094530106,0.018416903913021088,2009.4175420235842
pessimistic,150,multistation,8,8,8,t01041-c00125,125,1041,14,0,14,True,False,satisfied,22.0039,22.4,28,1,26.277542114257812,2009.3166250735521,0.12854207307100296,0.009249895811080933,2009.4544170424342
pessimistic,150,multistation,8,8,8,t01043-c00018,18,1043,3,0,3,True,False,cancelled_early,20.8219,0.0,0,1,31.18599997833371,171.0320001002401,0.018583843484520912,0.01570815220475197,171.06629209592938
pessimistic,150,multistation,8,8,8,t01044-c00018,18,1044,3,0,3,True,False,no_show,24.6837,0.0,0,1,44.96012511663139,237.35479195602238,0.019124941900372505,0.013458076864480972,237.38737497478724
pessimistic,150,multistation,8,8,8,t01045-c00022,22,1045,3,0,3,True,False,no_show,15.0069,0.0,0,1,12.424583081156015,32.85500011406839,0.018582912161946297,0.013875076547265053,32.8874581027776
pessimistic,150,multistation,8,8,8,t01046-c00148,148,1046,3,0,3,True,False,cancelled_late,29.2302,0.0,0,1,26.35945798829198,146.04612509720027,0.03124983049929142,0.014333054423332214,146.0917079821229
pessimistic,150,multistation,8,8,8,t01047-c00146,146,1047,9,0,9,True,False,cancelled_early,27.4013,0.0,0,1,66.89783302135766,719.8095000348985,0.03670784644782543,0.01937500201165676,719.865582883358
pessimistic,150,multistation,8,8,8,t01048-c00146,146,1048,3,0,3,True,False,cancelled_late,22.8635,0.0,0,1,52.585083059966564,151.7544169910252,0.03316602669656277,0.016167061403393745,151.80375007912517
pessimistic,150,multistation,8,8,8,t01049-c00030,30,1049,13,0,13,True,False,cancelled_early,26.5859,0.0,0,1,23.715917021036148,1062.0247081387788,0.025458866730332375,0.018791062757372856,1062.0689580682665
pessimistic,150,multistation,8,8,8,t01049-c00148,148,1049,5,0,5,True,False,satisfied,31.7041,32.0,40,1,412.2025000397116,818.8983330037445,243.21345798671246,0.008125090971589088,1062.1199160814285
pessimistic,150,multistation,8,8,8,t01050-c00030,30,1050,18,0,18,True,False,satisfied,26.0796,26.4,33,1,32.81358303502202,741.1512911785394,0.02979184500873089,0.020333100110292435,741.2014161236584
pessimistic,150,multistation,8,8,8,t01052-c00106,106,1052,2,0,2,True,False,cancelled_late,21.851,0.0,0,1,24.473417084664106,59.15204202756286,0.025290995836257935,0.012709060683846474,59.19004208408296
pessimistic,150,multistation,8,8,8,t01053-c00146,146,1053,1,0,1,True,False,satisfied,25.8003,26.0,52,1,57.88570805452764,57.88570805452764,0.031124800443649292,0.012333039194345474,57.929165894165635
pessimistic,150,multistation,8,8,8,t01055-c00106,106,1055,1,0,1,True,False,satisfied,17.1003,16.8,28,1,25.43666702695191,25.43666702695191,0.025999965146183968,0.013041077181696892,25.47570806927979
pessimistic,150,multistation,8,8,8,t01056-c00056,56,1056,8,0,8,True,False,cancelled_late,18.1142,0.0,0,1,22.052207961678505,355.48420809209347,0.02674991264939308,0.0177919864654541,355.5287499912083
pessimistic,150,multistation,8,8,8,t01056-c00089,89,1056,3,0,3,True,False,cancelled_late,20.062,0.0,0,1,47.5387501064688,311.9779161643237,43.591874884441495,0.008041970431804657,355.577833019197
pessimistic,150,multistation,8,8,8,t01057-c00056,56,1057,16,0,16,True,False,no_show,16.1653,0.0,0,1,22.432042052969337,461.78233390673995,0.03191595897078514,0.02100015990436077,461.8352500256151
pessimistic,150,multistation,8,8,8,t01058-c00089,89,1058,6,0,6,True,False,satisfied,19.7945,19.8,33,1,23.612332995980978,266.1121659912169,0.027333851903676987,0.01700012944638729,266.15649997256696
pessimistic,150,multistation,8,8,8,t01060-c00084,84,1060,6,0,6,True,False,satisfied,20.408,21.0,30,1,19.737916998565197,752.3515841457993,43.723708018660545,0.018207821995019913,796.0934999864548
pessimistic,150,multistation,8,8,8,t01060-c00103,103,1060,14,0,14,True,False,no_show,25.7623,0.0,0,1,50.23550009354949,795.997834065929,0.13441592454910278,0.012167030945420265,796.1444170214236
pessimistic,150,multistation,8,8,8,t01064-c00070,70,1064,3,0,3,True,False,cancelled_late,18.8574,0.0,0,1,50.18700007349253,211.05662500485778,0.023999949917197227,0.014625024050474167,211.09524997882545
pessimistic,150,multistation,8,8,8,t01065-c00022,22,1065,4,0,4,True,False,cancelled_late,19.0357,0.0,0,1,22.76441711001098,114.05054200440645,0.021167099475860596,0.014750054106116295,114.08645915798843
pessimistic,150,multistation,8,8,8,t01067-c00022,22,1067,11,0,11,True,False,cancelled_late,19.1981,0.0,0,1,158.5586671717465,1429.5304170809686,146.751708118245,0.019124941900372505,1576.301250141114
pessimistic,150,multistation,8,8,8,t01067-c00093,93,1067,5,0,5,True,False,satisfied,22.6928,22.4,56,1,59.73274982534349,1576.204583980143,0.13904087245464325,0.00900006853044033,1576.3526249211282
pessimistic,150,multistation,8,8,8,t01067-c00137,137,1067,6,0,6,True,False,cancelled_late,37.6643,0.0,0,1,352.5581250432879,1413.9007090125233,162.4408750794828,0.0067909713834524155,1576.3483750633895
pessimistic,150,multistation,8,8,8,t01068-c00045,45,1068,5,0,5,True,False,satisfied,25.6139,26.0,65,1,85.44591581448913,589.3067079596221,0.022249994799494743,0.01691700890660286,589.3458749633282
pessimistic,150,multistation,8,8,8,t01069-c00022,22,1069,4,0,4,True,False,no_show,15.524,0.0,0,1,105.1558752078563,1042.4035422038287,101.34279099293053,0.016458798199892044,1143.7627919949591
pessimistic,150,multistation,8,8,8,t01069-c00028,28,1069,5,0,5,True,False,cancelled_early,21.7521,0.0,0,1,105.11058405973017,1042.3582920338959,101.42304189503193,0.00837491825222969,1143.78970884718
pessimistic,150,multistation,8,8,8,t01069-c00054,54,1069,6,0,6,True,False,satisfied,22.6492,23.2,29,1,16.93745795637369,1143.6315421015024,0.16091600991785526,0.007458962500095367,1143.7999170739204
pessimistic,150,multistation,8,8,8,t01070-c00028,28,1070,4,0,4,True,False,no_show,25.2219,0.0,0,1,72.93887506239116,336.77729219198227,0.02233288250863552,0.01400010660290718,336.8136251810938
pessimistic,150,multistation,8,8,8,t01071-c00070,70,1071,3,0,3,True,False,satisfied,20.4263,20.8,52,1,43.68424997664988,158.439083956182,0.023208092898130417,0.019124941900372505,158.4814169909805
pessimistic,150,multistation,8,8,8,t01071-c00137,137,1071,1,2,1,True,False,satisfied,39.7299,40.2,67,1,227.44224988855422,227.44224988855422,0.02987496554851532,0.01158309169113636,227.48370794579387
pessimistic,150,multistation,8,8,8,t01078-c00033,33,1078,3,0,3,True,False,satisfied,27.2668,27.3,39,1,10.17991709522903,87.29591709561646,0.020707957446575165,0.014791963621973991,87.33141701668501
pessimistic,150,multistation,8,8,8,t01079-c00079,79,1079,4,0,4,True,False,cancelled_late,21.1293,0.0,0,1,56.417500134557486,273.49783293902874,0.028667040169239044,0.014832941815257072,273.54133292101324
pessimistic,150,multistation,8,8,8,t01084-c00079,79,1084,7,0,7,True,False,satisfied,21.4412,21.5,43,1,45.36808398552239,651.2355839367956,47.848707996308804,0.017249956727027893,699.1015418898314
pessimistic,150,multistation,8,8,8,t01084-c00126,126,1084,5,0,5,True,False,satisfied,27.4837,28.0,40,1,84.56741599366069,699.0035830531269,0.12862496078014374,0.00858306884765625,699.1407910827547
pessimistic,150,multistation,8,8,8,t01085-c00036,36,1085,5,0,5,True,False,satisfied,20.4799,20.5,41,1,44.05929218046367,275.1186671666801,0.021124957129359245,0.015124911442399025,275.15491703525186
pessimistic,150,multistation,8,8,8,t01086-c00051,51,1086,1,0,1,True,False,satisfied,25.4479,25.8,43,1,20.93745907768607,20.93745907768607,0.022500054910779,0.014374963939189911,20.97433409653604
pessimistic,150,multistation,8,8,8,t01089-c00072,72,1089,1,0,1,True,False,cancelled_late,24.3674,0.0,0,1,6.922167027369142,6.922167027369142,0.01095794141292572,0.008875038474798203,6.9420000072568655
pessimistic,150,multistation,8,8,8,t01090-c00007,7,1090,1,0,1,True,False,satisfied,26.7428,4.2,6,1,160.06745910272002,160.06745910272002,368.6482908669859,0.01300009898841381,528.7287500686944
pessimistic,150,multistation,8,8,8,t01090-c00015,15,1090,7,0,7,True,False,satisfied,22.7912,23.0,46,1,50.39462517015636,528.6528330761939,0.1046669203788042,0.010417075827717781,528.7679170724005
pessimistic,150,multistation,8,8,8,t01090-c00067,67,1090,1,0,1,True,False,satisfied,21.935,1.6,2,1,159.97758321464062,159.97758321464062,368.7760417815298,0.004667090252041817,528.7582920864224
pessimistic,150,multistation,8,8,8,t01092-c00056,56,1092,3,0,3,True,False,cancelled_late,18.5027,0.0,0,1,24.17412493377924,281.77837491966784,48.81883389316499,0.014625024050474167,330.6118338368833
pessimistic,150,multistation,8,8,8,t01092-c00076,76,1092,6,0,6,True,False,cancelled_late,21.853,0.0,0,1,50.694125005975366,330.5269160773605,0.12295902706682682,0.008249888196587563,330.6581249926239
pessimistic,150,multistation,8,8,8,t01093-c00049,49,1093,5,0,5,True,False,satisfied,17.2311,17.5,25,1,23.105124942958355,131.20920886285603,0.02216617576777935,0.015999889001250267,131.24737492762506
pessimistic,150,multistation,8,8,8,t01097-c00076,76,1097,6,0,6,True,False,satisfied,25.774,25.6,32,1,35.683250054717064,291.5366250090301,0.029999995604157448,0.016625039279460907,291.5832500439137
pessimistic,150,multistation,8,8,8,t01097-c00096,96,1097,4,1,3,True,False,cancelled_early,16.115,0.0,0,1,438.9489160384983,621.5207909699529,130.1824590191245,0.007458031177520752,751.710708020255
pessimistic,150,multistation,8,8,8,t01098-c00071,71,1098,3,0,3,True,False,satisfied,22.8893,23.2,29,1,124.64124988764524,458.9741248637438,0.027250032871961594,0.017292099073529243,459.0186669956893
pessimistic,150,multistation,8,8,8,t01098-c00103,103,1098,4,0,4,True,False,cancelled_late,26.6636,0.0,0,1,51.11116613261402,458.8932911865413,0.1674590166658163,0.005540903657674789,459.0662911068648
pessimistic,150,multistation,8,8,8,t01099-c00022,22,1099,4,0,4,True,False,cancelled_late,19.398,0.0,0,1,51.31779192015529,145.14562487602234,72.44433392770588,0.014333054423332214,217.60429185815156
pessimistic,150,multistation,8,8,8,t01099-c00056,56,1099,3,0,3,True,False,satisfied,19.9394,20.3,29,1,33.700583036988974,217.52200019545853,0.11424999684095383,0.007207971066236496,217.64345816336572
pessimistic,150,multistation,8,8,8,t01099-c00096,96,1099,1,0,1,True,False,no_show,20.7566,0.0,0,1,6.2767500057816505,6.2767500057816505,211.35333413258195,0.00537489540874958,217.63545903377235
pessimistic,150,multistation,8,8,8,t01101-c00074,74,1101,5,0,5,True,False,satisfied,23.7987,24.0,40,1,9.501583175733685,214.36029113829136,0.025624874979257584,0.015625031664967537,214.40154104493558
pessimistic,150,multistation,8,8,8,t01102-c00022,22,1102,2,0,1,True,False,satisfied,24.608,24.8,31,1,33.40887511149049,33.40887511149049,0.0149579718708992,0.011541880667209625,33.4353749640286
pessimistic,150,multistation,8,8,8,t01103-c00103,103,1103,3,0,3,True,False,no_show,28.2279,0.0,0,1,6.061207968741655,56.36766692623496,0.02666609361767769,0.01337495632469654,56.407707976177335
pessimistic,150,multistation,8,8,8,t01106-c00018,18,1106,8,0,8,True,False,satisfied,26.0722,26.5,53,1,74.16841690428555,1183.0683338921517,0.024416018277406693,0.018416903913021088,1183.1111668143421
pessimistic,150,multistation,8,8,8,t01106-c00072,72,1106,5,0,5,True,False,satisfied,21.8173,22.4,32,1,48.32666600123048,873.9011660218239,309.2397500295192,0.00900006853044033,1183.1499161198735
pessimistic,150,multistation,8,8,8,t01106-c00143,143,1106,4,0,4,True,False,cancelled_late,18.7279,0.0,0,1,140.48850000835955,873.8564590457827,309.28324977867305,0.006458023563027382,1183.1461668480188
pessimistic,150,multistation,8,8,8,t01109-c00044,44,1109,6,0,6,True,False,satisfied,20.7003,21.0,42,1,168.15195884555578,1203.2345000188798,174.8277919832617,0.018832972273230553,1378.0811249744147
pessimistic,150,multistation,8,8,8,t01109-c00095,95,1109,21,0,21,True,False,no_show,19.1791,0.0,0,1,22.498958045616746,1377.987707965076,0.1373749691992998,0.013625016435980797,1378.1387079507113
pessimistic,150,multistation,8,8,8,t01110-c00052,52,1110,5,0,5,True,False,no_show,24.0214,0.0,0,1,66.06537499465048,500.35166717134416,0.02545793540775776,0.018042046576738358,500.39516715332866
pessimistic,150,multistation,8,8,8,t01112-c00143,143,1112,5,0,5,True,False,cancelled_early,17.8661,0.0,0,1,45.323916943743825,175.27120816521347,0.032791867852211,0.016458099707961082,175.32045813277364
pessimistic,150,multistation,8,8,8,t01113-c00081,81,1113,4,0,4,True,False,satisfied,20.4877,20.8,26,1,61.850749887526035,160.1312500424683,105.49366590566933,0.015958910807967186,265.6408748589456
pessimistic,150,multistation,8,8,8,t01113-c00143,143,1113,3,0,3,True,False,cancelled_late,23.5459,0.0,0,1,32.41945803165436,265.5419579241425,0.12070895172655582,0.007207971066236496,265.6698748469353
pessimistic,150,multistation,8,8,8,t01114-c00078,78,1114,5,0,5,True,False,cancelled_late,14.8,0.0,0,1,104.41287513822317,556.4135832246393,0.027041882276535034,0.014750054106116295,556.455375161022
pessimistic,150,multistation,8,8,8,t01114-c00143,143,1114,6,0,6,True,False,satisfied,20.8928,21.0,35,1,57.98154207877815,556.3614999409765,0.13337517157196999,0.008083879947662354,556.5029589924961
pessimistic,150,multistation,8,8,8,t01116-c00067,67,1116,3,0,3,True,False,satisfied,18.9019,19.2,24,1,14.706832822412252,68.48387490026653,0.02366607077419758,0.01587485894560814,68.52341582998633
pessimistic,150,multistation,8,8,8,t01117-c00078,78,1117,9,0,9,True,False,no_show,10.1128,0.0,0,1,15.131666790693998,169.92616700008512,0.027416972443461418,0.01708301715552807,169.9706669896841
pessimistic,150,multistation,8,8,8,t01118-c00042,42,1118,5,0,5,True,False,cancelled_early,31.2814,0.0,0,1,81.98316697962582,537.7109579276294,0.023667002096772194,0.01650000922381878,537.7511249389499
pessimistic,150,multistation,8,8,8,t01119-c00042,42,1119,15,0,15,True,False,satisfied,24.6896,25.0,50,1,55.98070798441768,1208.2828748971224,0.031167175620794296,0.01837499439716339,1208.3324170671403
pessimistic,150,multistation,8,8,8,t01121-c00068,68,1121,3,0,3,True,False,no_show,13.4092,0.0,0,1,13.909457949921489,67.9125830065459,0.02391706220805645,0.014665769413113594,67.95116583816707
pessimistic,150,multistation,8,8,8,t01124-c00086,86,1124,6,0,6,True,False,no_show,16.3863,0.0,0,1,30.036707874387503,235.65095802769065,0.02587493509054184,0.015750061720609665,235.6925830245018
pessimistic,150,multistation,8,8,8,t01126-c00127,127,1126,5,0,5,True,False,cancelled_late,21.3657,0.0,0,1,33.86079194024205,287.5047498382628,0.029084039852023125,0.0160830095410347,287.54991688765585
pessimistic,150,multistation,8,8,8,t01127-c00026,26,1127,12,0,12,True,False,satisfied,18.4248,18.8,47,1,50.04362505860627,1762.4151250347495,0.02845912240445614,0.02287491224706173,1762.466459069401
pessimistic,150,multistation,8,8,8,t01127-c00127,127,1127,10,0,10,True,False,satisfied,18.8261,19.0,38,1,198.5341659747064,1687.9853329155594,74.51158319599926,0.009958865121006966,1762.5068749766797
pessimistic,150,multistation,8,8,8,t01130-c00055,55,1130,5,0,5,True,False,cancelled_early,26.9248,0.0,0,1,43.13758295029402,336.9526250753552,0.023165950551629066,0.016083940863609314,336.9918749667704
pessimistic,150,multistation,8,8,8,t01131-c00055,55,1131,5,0,5,True,False,satisfied,20.4933,21.0,35,1,25.897833984345198,215.456125093624,0.022083986550569534,0.0149579718708992,215.49316705204546
pessimistic,150,multistation,8,8,8,t01132-c00028,28,1132,3,0,3,True,False,satisfied,33.2829,33.5,67,1,79.76483320817351,348.20750006474555,0.019208062440156937,0.014999881386756897,348.24170800857246
pessimistic,150,multistation,8,8,8,t01134-c00092,92,1134,9,0,9,True,False,satisfied,23.5981,24.0,48,1,77.40470883436501,652.1537089720368,0.030790921300649643,0.017625046893954277,652.2021249402314
pessimistic,150,multistation,8,8,8,t01135-c00075,75,1135,3,0,3,True,False,satisfied,19.0567,19.2,32,1,28.232041047886014,103.63420797511935,0.02595805563032627,0.01687486656010151,103.67704089730978
pessimistic,150,multistation,8,8,8,t01137-c00099,99,1137,3,0,3,True,False,no_show,16.9117,0.0,0,1,14.942249981686473,70.23133407346904,0.024207867681980133,0.014374963939189911,70.26991690509021
pessimistic,150,multistation,8,8,8,t01138-c00096,96,1138,4,0,4,True,False,cancelled_late,20.0428,0.0,0,1,31.112292082980275,168.25954196974635,0.028833048418164253,0.015374971553683281,168.3037499897182
pessimistic,150,multistation,8,8,8,t01139-c00004,4,1139,6,0,6,True,False,cancelled_early,22.2628,0.0,0,1,45.5783330835402,546.5054581873119,0.018833903595805168,0.02045789733529091,546.544749988243
pessimistic,150,multistation,8,8,8,t01139-c00128,128,1139,5,0,5,True,False,no_show,20.6266,0.0,0,1,112.71908297203481,448.0452078860253,98.53408299386501,0.009084120392799377,546.5883750002831
pessimistic,150,multistation,8,8,8,t01140-c00004,4,1140,4,0,4,True,False,satisfied,21.9017,21.5,43,1,94.00420798920095,396.6506249271333,0.019208062440156937,0.01591700129210949,396.6857499908656
pessimistic,150,multistation,8,8,8,t01140-c00103,103,1140,4,0,4,True,False,breakdown,26.7284,0.0,0,1,150.0267090741545,291.7204590048641,104.98341592028737,0.008041970431804657,396.7119168955833
pessimistic,150,multistation,8,8,8,t01142-c00078,78,1142,5,0,5,True,False,satisfied,22.6615,22.8,38,1,36.06275003403425,524.9396660365164,0.02650008536875248,0.018124934285879135,524.9842910561711
pessimistic,150,multistation,8,8,8,t01142-c00095,95,1142,4,0,4,True,False,no_show,17.5526,0.0,0,1,94.2030840087682,450.22366708144546,74.78983304463327,0.008499948307871819,525.0220000743866
pessimistic,150,multistation,8,8,8,t01142-c00132,132,1142,4,0,4,True,False,satisfied,21.2824,21.6,36,1,121.37149996124208,348.0803749989718,176.92787502892315,0.006708083674311638,525.0149581115693
pessimistic,150,multistation,8,8,8,t01143-c00096,96,1143,14,0,14,True,False,no_show,12.8469,0.0,0,1,17.843666952103376,323.2855829410255,0.03379210829734802,0.02008303999900818,323.33945808932185
pessimistic,150,multistation,8,8,8,t01145-c00029,29,1145,3,0,3,True,False,no_show,18.3248,0.0,0,1,45.41879100725055,203.08712497353554,75.50529111176729,0.015500001609325409,278.60791608691216
pessimistic,150,multistation,8,8,8,t01145-c00111,111,1145,8,0,8,True,False,satisfied,17.6109,18.2,26,1,22.09329209290445,278.5132920835167,0.11804187670350075,0.00958307646214962,278.64091703668237
pessimistic,150,multistation,8,8,8,t01149-c00120,120,1149,4,0,4,True,False,no_show,24.1511,0.0,0,1,32.8256250359118,145.40570904500782,0.0310409814119339,0.016624806448817253,145.45337483286858
pessimistic,150,multistation,8,8,8,t01151-c00025,25,1151,1,0,1,True,False,no_show,21.1046,0.0,0,1,51.484875148162246,51.484875148162246,318.41116584837437,0.01433398574590683,369.9103749822825
pessimistic,150,multistation,8,8,8,t01151-c00038,38,1151,3,0,3,True,False,cancelled_early,22.7947,0.0,0,1,120.4531250987202,369.8301250115037,0.10075001046061516,0.00795791856944561,369.93883294053376
pessimistic,150,multistation,8,8,8,t01151-c00065,65,1151,3,0,3,True,False,cancelled_late,25.5431,0.0,0,1,120.40983303450048,369.78670791722834,0.15433412045240402,0.005499925464391708,369.94654196314514
pessimistic,150,multistation,8,8,8,t01152-c00038,38,1152,1,0,1,True,False,cancelled_early,19.9707,0.0,0,1,12.18558382242918,12.18558382242918,0.013665994629263878,0.008917180821299553,12.208166997879744
pessimistic,150,multistation,8,8,8,t01153-c00038,38,1153,3,0,3,True,False,satisfied,21.3156,21.6,27,1,19.79008293710649,66.26854185014963,0.019291182979941368,0.013999873772263527,66.30183290690184
pessimistic,150,multistation,8,8,8,t01154-c00010,10,1154,5,0,5,True,False,satisfied,29.9999,30.0,50,1,113.48424991592765,353.5837079398334,0.018750084564089775,0.01595797948539257,353.6184160038829
pessimistic,150,multistation,8,8,8,t01155-c00065,65,1155,10,0,10,True,False,satisfied,25.8259,26.4,44,1,47.09374997764826,778.1707078684121,0.02829195000231266,0.019250204786658287,778.2182500232011
pessimistic,150,multistation,8,8,8,t01155-c00068,68,1155,4,0,4,True,False,satisfied,18.9412,19.2,32,1,75.02662483602762,244.33449981734157,533.9158750139177,0.008041970431804657,778.258416801691
pessimistic,150,multistation,8,8,8,t01156-c00053,53,1156,5,0,5,True,False,satisfied,18.2491,18.5,37,1,37.1307919267565,250.87795802392066,0.02120877616107464,0.015875091776251793,250.91504189185798
pessimistic,150,multistation,8,8,8,t01159-c00086,86,1159,3,0,3,True,False,no_show,15.7519,0.0,0,1,24.912625085562468,90.08479211479425,0.02533290535211563,0.014499993994832039,90.1246250141412
pessimistic,150,multistation,8,8,8,t01164-c00097,97,1164,6,0,6,True,False,satisfied,15.6377,16.0,40,1,41.15974996238947,352.8315417934209,0.02850010059773922,0.015875091776251793,352.8759169857949
pessimistic,150,multistation,8,8,8,t01165-c00124,124,1165,3,0,3,True,False,satisfied,17.2627,17.5,25,1,20.718083949759603,79.50220908969641,0.02737506292760372,0.014582881703972816,79.54416703432798
pessimistic,150,multistation,8,8,8,t01166-c00099,99,1166,4,0,4,True,False,satisfied,16.1135,16.8,24,1,48.10270806774497,147.56045816466212,49.15341688320041,0.016916077584028244,196.73079112544656
pessimistic,150,multistation,8,8,8,t01166-c00135,135,1166,5,0,5,True,False,no_show,13.2055,0.0,0,1,11.654916917905211,196.63566700182855,0.12679211795330048,0.008999835699796677,196.77145895548165
pessimistic,150,multistation,8,8,8,t01169-c00043,43,1169,4,0,4,True,False,no_show,16.9041,0.0,0,1,31.735249795019627,174.3402499705553,0.024124979972839355,0.015208031982183456,174.37958298251033
pessimistic,150,multistation,8,8,8,t01175-c00095,95,1175,3,0,3,True,False,satisfied,27.3853,28.0,35,1,57.03141703270376,209.02066701091826,0.02674991264939308,0.016250181943178177,209.06366710551083
pessimistic,150,multistation,8,8,8,t01175-c00112,112,1175,3,0,3,True,False,no_show,15.3439,0.0,0,1,23.88645801693201,173.97224996238947,35.114208003506064,0.007667113095521927,209.09412507899106
pessimistic,150,multistation,8,8,8,t01176-c00096,96,1176,14,0,14,True,False,satisfied,27.5182,27.6,46,1,49.41016715019941,1274.9320829752833,0.0336251687258482,0.022500054910779,1274.98820819892
pessimistic,150,multistation,8,8,8,t01176-c00128,128,1176,4,0,4,True,False,satisfied,23.8911,24.5,35,1,426.4118750579655,805.6657090783119,469.3510408978909,0.007667113095521927,1275.0244170892984
pessimistic,150,multistation,8,8,8,t01179-c00052,52,1179,9,0,9,True,False,no_show,27.3219,0.0,0,1,88.20591703988612,1048.553500091657,0.025916844606399536,0.01908303238451481,1048.598499968648
pessimistic,150,multistation,8,8,8,t01180-c00029,29,1180,14,0,14,True,False,no_show,23.8534,0.0,0,1,34.83616700395942,1190.887042088434,0.026667024940252304,0.02108304761350155,1190.9347921609879
pessimistic,150,multistation,8,8,8,t01180-c00077,77,1180,4,0,4,True,False,cancelled_late,19.5986,0.0,0,1,289.89649983122945,914.8807919118553,276.07608307152987,0.007333001121878624,1190.964207984507
pessimistic,150,multistation,8,8,8,t01181-c00108,108,1181,6,0,6,True,False,cancelled_late,23.7279,0.0,0,1,28.943083016201854,270.4568328335881,0.031167175620794296,0.015541911125183105,270.5035419203341
pessimistic,150,multistation,8,8,8,t01183-c00007,7,1183,3,0,3,True,False,cancelled_early,29.3541,0.0,0,1,38.660208927467465,109.71591691486537,0.017832964658737183,0.015209196135401726,109.74895907565951
pessimistic,150,multistation,8,8,8,t01184-c00007,7,1184,4,0,4,True,False,no_show,28.093,0.0,0,1,223.80691720172763,1052.9467081651092,94.32674990966916,0.015459023416042328,1147.2889170981944
pessimistic,150,multistation,8,8,8,t01184-c00077,77,1184,3,0,3,True,False,cancelled_late,15.6418,0.0,0,1,64.21354203484952,1119.6439999621361,27.66845910809934,0.008415896445512772,1147.320874966681
pessimistic,150,multistation,8,8,8,t01184-c00108,108,1184,4,0,4,True,False,satisfied,19.6672,20.3,29,1,42.11695888079703,1147.1517090685666,0.17449981532990932,0.006166053935885429,1147.3323749378324
pessimistic,150,multistation,8,8,8,t01184-c00139,139,1184,4,0,4,True,False,no_show,22.1544,0.0,0,1,223.66729099303484,1052.8072908055037,94.51079205609858,0.005499925464391708,1147.3235827870667
pessimistic,150,multistation,8,8,8,t01190-c00077,77,1190,6,0,6,True,False,no_show,21.4931,0.0,0,1,27.742000063881278,291.19529109448195,0.030749943107366562,0.018999911844730377,291.24504094943404
pessimistic,150,multistation,8,8,8,t01191-c00094,94,1191,6,0,6,True,False,satisfied,16.4854,16.5,33,1,22.753542056307197,241.76245788112283,0.030667055398225784,0.017999904230237007,241.8111248407513
pessimistic,150,multistation,8,8,8,t01192-c00135,135,1192,6,0,6,True,False,satisfied,14.7924,15.4,22,1,17.416459042578936,140.88658383116126,0.030791154131293297,0.016208970919251442,140.9335839562118
pessimistic,150,multistation,8,8,8,t01194-c00006,6,1194,5,0,5,True,False,satisfied,15.5422,15.5,31,1,50.00658403150737,1802.6690420228988,101.97575017809868,0.019666971638798714,1904.6644591726363
pessimistic,150,multistation,8,8,8,t01194-c00048,48,1194,7,0,7,True,False,no_show,22.1537,0.0,0,1,118.38358291424811,1904.5717499684542,0.12320815585553646,0.008666887879371643,1904.7036250121891
pessimistic,150,multistation,8,8,8,t01194-c00120,120,1194,3,0,3,True,False,satisfied,26.5717,27.0,45,1,972.0750411506742,1802.5708750355989,102.11775009520352,0.005624955520033836,1904.6942500863224
pessimistic,150,multistation,8,8,8,t01196-c00086,86,1196,5,0,5,True,False,breakdown,22.1579,0.0,0,1,49.11183402873576,282.6852919533849,0.027250032871961594,0.0149579718708992,282.72749995812774
pessimistic,150,multistation,8,8,8,t01198-c00142,142,1198,3,0,3,True,False,satisfied,26.4402,26.8,67,1,93.76445901580155,338.9867921359837,0.032207928597927094,0.01595914363861084,339.03495920822024
pessimistic,150,multistation,8,8,8,t01204-c00091,91,1204,10,0,10,True,False,cancelled_late,28.2347,0.0,0,1,36.059125093743205,555.8271249756217,0.03004097379744053,0.01791701652109623,555.8750829659402
pessimistic,150,multistation,8,8,8,t01205-c00025,25,1205,1,0,1,True,False,cancelled_early,23.0965,0.0,0,1,71.94387493655086,71.94387493655086,53.85833396576345,0.012458069249987602,125.8146669715643
pessimistic,150,multistation,8,8,8,t01205-c00133,133,1205,3,0,3,True,False,cancelled_late,17.5188,0.0,0,1,89.63258401490748,125.72350003756583,0.12345891445875168,0.007708091288805008,125.85466704331338
pessimistic,150,multistation,8,8,8,t01206-c00025,25,1206,4,0,4,True,False,cancelled_early,24.6486,0.0,0,1,1072.487167082727,2431.7942089401186,1194.9260409455746,0.016042031347751617,3626.736291917041
pessimistic,150,multistation,8,8,8,t01206-c00058,58,1206,19,0,19,True,False,cancelled_early,22.8995,0.0,0,1,96.36275004595518,3626.6490002162755,0.14424999244511127,0.013583805412054062,3626.8068340141326
pessimistic,150,multistation,8,8,8,t01206-c00085,85,1206,14,0,14,True,False,cancelled_late,21.455,0.0,0,1,96.31845797412097,3626.6046660020947,0.2041251864284277,0.007916940376162529,3626.8167081288993
pessimistic,150,multistation,8,8,8,t01207-c00025,25,1207,1,0,1,True,False,breakdown,24.4807,0.0,0,1,80.62779088504612,80.62779088504612,272.68154197372496,0.013708136975765228,353.32304099574685
pessimistic,150,multistation,8,8,8,t01207-c00058,58,1207,6,0,6,True,False,satisfied,19.9109,20.4,34,1,105.88991595432162,353.2396249938756,0.1035409513860941,0.009584007784724236,353.35274995304644
pessimistic,150,multistation,8,8,8,t01208-c00041,41,1208,3,0,3,True,False,satisfied,22.7496,23.0,46,1,49.69058302231133,150.87154204957187,0.018791062757372856,0.014208955690264702,150.9045420680195
pessimistic,150,multistation,8,8,8,t01209-c00091,91,1209,10,0,10,True,False,no_show,22.1544,0.0,0,1,27.60712499730289,441.80045812390745,0.0292088370770216,0.018875114619731903,441.8485420756042
pessimistic,150,multistation,8,8,8,t01209-c00133,133,1209,3,0,3,True,False,satisfied,17.3784,17.6,22,1,70.9443329833448,275.44554183259606,166.42320808023214,0.007708091288805008,441.876458004117
pessimistic,150,multistation,8,8,8,t01210-c00021,21,1210,8,0,8,True,False,satisfied,13.9494,14.0,35,1,340.49512492492795,1207.8688328620046,217.05600013956428,0.018416903913021088,1424.943249905482
pessimistic,150,multistation,8,8,8,t01210-c00043,43,1210,5,0,5,True,False,cancelled_early,24.0637,0.0,0,1,192.89245805703104,1424.8495411593467,0.1205839216709137,0.008916016668081284,1424.9790410976857
pessimistic,150,multistation,8,8,8,t01210-c00085,85,1210,5,0,5,True,False,no_show,20.6552,0.0,0,1,192.84512498416007,1424.8021659441292,0.17654197290539742,0.006082933396100998,1424.9847908504307
pessimistic,150,multistation,8,8,8,t01211-c00008,8,1211,3,0,3,True,False,cancelled_late,18.8483,0.0,0,1,96.40350006520748,242.4853330012411,85.47533303499222,0.014584045857191086,327.9752500820905
pessimistic,150,multistation,8,8,8,t01211-c00043,43,1211,5,0,5,True,False,satisfied,20.7911,21.0,42,1,37.87533286958933,327.89258286356926,0.12062513269484043,0.008791917935013771,328.0219999141991
pessimistic,150,multistation,8,8,8,t01213-c00011,11,1213,5,0,5,True,False,cancelled_early,21.6033,0.0,0,1,406.5097910352051,1304.823457961902,0.020249979570508003,0.016625039279460907,1304.860332980752
pessimistic,150,multistation,8,8,8,t01213-c00017,17,1213,13,0,13,True,False,satisfied,26.1101,26.6,38,1,406.46304097026587,1304.776957957074,0.13200007379055023,0.010541873052716255,1304.9194999039173
pessimistic,150,multistation,8,8,8,t01213-c00138,138,1213,1,0,1,True,False,satisfied,23.3542,23.6,59,1,630.7562498841435,630.7562498841435,674.1492089349777,0.005291076377034187,1304.9107498954982
pessimistic,150,multistation,8,8,8,t01214-c00011,11,1214,13,0,13,True,False,no_show,12.6237,0.0,0,1,22.456874838098884,357.4787499383092,0.026458874344825745,0.018833205103874207,357.5240420177579
pessimistic,150,multistation,8,8,8,t01217-c00008,8,1217,6,0,6,True,False,satisfied,17.8929,18.0,30,1,27.761582983657718,250.42399996891618,0.020625069737434387,0.015666009858250618,250.46029104851186
pessimistic,150,multistation,8,8,8,t01217-c00063,63,1217,1,0,1,True,False,satisfied,13.7764,14.0,28,1,36.52333398349583,36.52333398349583,213.9583749230951,0.006708083674311638,250.48841699026525
pessimistic,150,multistation,8,8,8,t01218-c00112,112,1218,6,0,6,True,False,satisfied,18.2256,18.5,37,1,188.88420797884464,578.4335408825427,0.029625138267874718,0.01633400097489357,578.4795000217855
pessimistic,150,multistation,8,8,8,t01218-c00147,147,1218,4,0,4,True,False,cancelled_early,22.6959,0.0,0,1,100.09637498296797,506.92770816385746,71.58374995924532,0.008709030225872993,578.5201671533287
pessimistic,150,multistation,8,8,8,t01219-c00141,141,1219,5,0,5,True,False,satisfied,27.7392,28.0,40,1,41.17633402347565,447.62770901434124,0.031708041206002235,0.016582896932959557,447.6759999524802
pessimistic,150,multistation,8,8,8,t01219-c00147,147,1219,4,0,4,True,False,cancelled_late,19.3381,0.0,0,1,148.63795903511345,364.29229215718806,83.40983302332461,0.007833819836378098,447.70995900034904
pessimistic,150,multistation,8,8,8,t01220-c00069,69,1220,3,0,3,True,False,satisfied,24.8611,25.0,50,1,13.538124971091747,113.96645894274116,0.02345792017877102,0.013832934200763702,114.00374979712069
pessimistic,150,multistation,8,8,8,t01221-c00139,139,1221,10,0,10,True,False,cancelled_early,25.1349,0.0,0,1,49.81512506492436,418.0963330436498,0.035207951441407204,0.01733400858938694,418.1488750036806
pessimistic,150,multistation,8,8,8,t01222-c00012,12,1222,5,0,5,True,False,no_show,24.1693,0.0,0,1,41.07929114252329,509.43766604177654,0.018958933651447296,0.01558312214910984,509.4722080975771
pessimistic,150,multistation,8,8,8,t01222-c00032,32,1222,4,1,4,True,False,satisfied,13.5655,14.0,20,1,515.2962498832494,543.5075000859797,0.01895800232887268,0.013541895896196365,543.5399999842048
pessimistic,150,multistation,8,8,8,t01222-c00139,139,1222,7,0,7,True,False,cancelled_late,26.2743,0.0,0,1,85.06020903587341,425.42470898479223,84.03600007295609,0.009582843631505966,509.4702919013798
pessimistic,150,multistation,8,8,8,t01224-c00066,66,1224,5,0,5,True,False,no_show,19.0771,0.0,0,1,24.54829099588096,910.6287080794573,61.71545805409551,0.01787487417459488,972.3620410077274
pessimistic,150,multistation,8,8,8,t01224-c00114,114,1224,14,0,14,True,False,satisfied,27.6018,28.0,40,1,66.02524989284575,972.2644579596817,0.12570805847644806,0.012249918654561043,972.4024159368128
pessimistic,150,multistation,8,8,8,t01225-c00147,147,1225,5,0,5,True,False,satisfied,22.5106,22.9705,46,1,104.71554100513458,351.13924997858703,0.032250070944428444,0.015249941498041153,351.1867499910295
pessimistic,150,multistation,8,8,8,t01226-c00029,29,1226,4,0,4,True,False,satisfied,26.7268,26.6,38,1,56.4280841499567,237.8579170908779,0.02233288250863552,0.015167053788900375,237.89541702717543
pessimistic,150,multistation,8,8,8,t01227-c00123,123,1227,3,0,3,True,False,cancelled_early,22.0232,0.0,0,1,15.302292071282864,95.6472500693053,0.028999987989664078,0.015584053471684456,95.69183411076665
pessimistic,150,multistation,8,8,8,t01228-c00007,7,1228,5,0,5,True,False,satisfied,30.4514,30.8,44,1,62.902084086090326,467.87708392366767,0.019791070371866226,0.01637497916817665,467.9132499732077
pessimistic,150,multistation,8,8,8,t01228-c00123,123,1228,1,0,1,True,False,cancelled_late,20.5826,0.0,0,1,26.573583018034697,26.573583018034697,441.3600000552833,0.00700005330145359,467.94058312661946
pessimistic,150,multistation,8,8,8,t01228-c00139,139,1228,3,0,3,True,False,no_show,24.1087,0.0,0,1,26.53404208831489,375.5126250907779,92.43345796130598,0.0063749030232429504,467.9524579551071
pessimistic,150,multistation,8,8,8,t01228-c00149,149,1228,3,0,2,True,False,cancelled_early,21.0912,0.0,0,1,270.1105840969831,375.4743339959532,92.46108308434486,0.004624947905540466,467.9400420282036
pessimistic,150,multistation,8,8,8,t01229-c00117,117,1229,5,0,5,True,False,cancelled_late,16.0668,0.0,0,1,84.76512506604195,602.358375210315,82.25179184228182,0.01570815220475197,684.6258752048016
pessimistic,150,multistation,8,8,8,t01229-c00131,131,1229,4,0,4,True,False,cancelled_early,19.9521,0.0,0,1,192.30391597375274,387.74866610765457,296.9162499066442,0.008250121027231216,684.673166135326
pessimistic,150,multistation,8,8,8,t01229-c00149,149,1229,10,0,10,True,False,no_show,21.0011,0.0,0,1,84.67033295892179,684.4844580627978,0.18425006419420242,0.0076249707490205765,684.676333097741
pessimistic,150,multistation,8,8,8,t01230-c00117,117,1230,6,0,6,True,False,satisfied,17.8313,18.0,30,1,40.00333300791681,436.3540830090642,0.030625145882368088,0.017541926354169846,436.40225008130074
pessimistic,150,multistation,8,8,8,t01230-c00131,131,1230,7,0,7,True,False,no_show,19.518,0.0,0,1,64.40608412958682,414.95383414439857,21.48041594773531,0.009458977729082108,436.44370906986296
pessimistic,150,multistation,8,8,8,t01234-c00110,110,1234,5,0,5,True,False,cancelled_late,14.2052,0.0,0,1,81.33062510751188,397.8687501512468,0.03237486816942692,0.01741712912917137,397.9185421485454
pessimistic,150,multistation,8,8,8,t01234-c00123,123,1234,10,0,10,True,False,cancelled_late,7.2636,0.0,0,1,22.708874894306064,397.8217497933656,0.1419170293956995,0.009624985978007317,397.9732918087393
pessimistic,150,multistation,8,8,8,t01235-c00110,110,1235,4,0,4,True,False,cancelled_late,16.0036,0.0,0,1,53.21316700428724,249.83229208737612,32.55183296278119,0.015416881069540977,282.39954193122685
pessimistic,150,multistation,8,8,8,t01235-c00123,123,1235,2,0,2,True,False,cancelled_late,18.3231,0.0,0,1,18.62104213796556,282.30591700412333,0.12862496078014374,0.007125083357095718,282.44166704826057
pessimistic,150,multistation,8,8,8,t01237-c00077,77,1237,5,0,5,True,False,cancelled_late,25.0744,0.0,0,1,43.730624951422215,274.9633330386132,0.026041874662041664,0.0160830095410347,275.0054579228163
pessimistic,150,multistation,8,8,8,t01238-c00110,110,1238,5,0,5,True,False,cancelled_late,14.6779,0.0,0,1,34.67833297327161,205.37112490274012,0.028416048735380173,0.01700012944638729,205.4165410809219
pessimistic,150,multistation,8,8,8,t01241-c00123,123,1241,6,0,6,True,False,cancelled_late,23.1558,0.0,0,1,52.695166086778045,489.61595818400383,0.033041927963495255,0.016249949112534523,489.66525006107986
pessimistic,150,multistation,8,8,8,t01243-c00077,77,1243,10,0,10,True,False,cancelled_late,26.3837,0.0,0,1,46.11970786936581,609.3735420145094,0.02891593612730503,0.018666964024305344,609.421124914661
pessimistic,150,multistation,8,8,8,t01244-c00110,110,1244,3,0,3,True,False,satisfied,14.6599,14.8,37,1,26.631792075932026,124.58583316765726,0.027667032554745674,0.014666933566331863,124.62816713377833
pessimistic,150,multistation,8,8,8,t01247-c00116,116,1247,3,0,3,True,False,satisfied,18.4314,18.8,47,1,35.46537505462766,310.5136670637876,0.028542010113596916,0.014666002243757248,310.55687507614493
pessimistic,150,multistation,8,8,8,t01247-c00123,123,1247,4,0,4,True,False,cancelled_late,15.8459,0.0,0,1,72.05729186534882,260.06270898506045,50.51916604861617,0.007875030860304832,310.58975006453693
pessimistic,150,multistation,8,8,8,t01248-c00014,14,1248,5,0,5,True,False,satisfied,24.7831,24.8,31,1,46.18225013837218,198.17095808684826,0.021042069420218468,0.014999881386756897,198.20700003765523
pessimistic,150,multistation,8,8,8,t01249-c00037,37,1249,1,0,1,True,False,satisfied,29.0149,29.4,49,1,181.66662496514618,181.66662496514618,737.218749942258,0.016167061403393745,918.9015419688076
pessimistic,150,multistation,8,8,8,t01249-c00077,77,1249,6,0,6,True,False,cancelled_late,28.8203,0.0,0,1,52.282166900113225,918.8149170950055,0.12387498281896114,0.01074979081749916,918.949541868642
pessimistic,150,multistation,8,8,8,t01249-c00091,91,1249,7,0,7,True,False,cancelled_late,30.2796,0.0,0,1,154.31545791216195,809.9065420683473,109.05091580934823,0.0076249707490205765,918.9650828484446
pessimistic,150,multistation,8,8,8,t01251-c00057,57,1251,3,0,3,True,False,cancelled_late,27.6333,0.0,0,1,132.360165938735,455.56204090826213,113.07650012895465,0.015374971553683281,568.6539160087705
pessimistic,150,multistation,8,8,8,t01251-c00077,77,1251,6,0,6,True,False,cancelled_late,29.5465,0.0,0,1,54.3871249537915,568.5684168711305,0.12404099106788635,0.009624985978007317,568.7020828481764
pessimistic,150,multistation,8,8,8,t01252-c00011,11,1252,3,0,3,True,False,cancelled_late,30.6717,0.0,0,1,341.28558402881026,856.3627090770751,154.3789580464363,0.017042038962244987,1010.7587091624737
pessimistic,150,multistation,8,8,8,t01252-c00122,122,1252,6,0,6,True,False,cancelled_late,23.4122,0.0,0,1,51.44229205325246,1010.6626669876277,0.1311670057475567,0.009832903742790222,1010.8036668971181
pessimistic,150,multistation,8,8,8,t01253-c00057,57,1253,3,0,3,True,False,cancelled_late,27.2806,0.0,0,1,59.72608388401568,422.07229183986783,0.022417167201638222,0.016165897250175476,422.11087490431964
pessimistic,150,multistation,8,8,8,t01253-c00091,91,1253,7,0,7,True,False,cancelled_late,22.2446,0.0,0,1,29.045125003904104,383.01962497644126,39.1396670602262,0.010499963536858559,422.1697920002043
pessimistic,150,multistation,8,8,8,t01254-c00123,123,1254,4,0,4,True,False,cancelled_early,22.6333,0.0,0,1,57.61962500400841,307.9924581106752,0.03287498839199543,0.015625031664967537,308.0409581307322
pessimistic,150,multistation,8,8,8,t01255-c00106,106,1255,3,0,3,True,False,cancelled_early,14.3115,0.0,0,1,352.8090410400182,892.4183330964297,0.02791709266602993,0.014582881703972816,892.4608330707997
pessimistic,150,multistation,8,8,8,t01255-c00122,122,1255,3,0,3,True,False,no_show,22.3768,0.0,0,1,352.7635410428047,892.3727080691606,0.13012508861720562,0.0063749030232429504,892.509208060801
pessimistic,150,multistation,8,8,8,t01255-c00123,123,1255,4,0,4,True,False,cancelled_early,18.6726,0.0,0,1,387.1663750614971,564.6628749091178,327.8341251425445,0.008750008419156075,892.5057500600815
pessimistic,150,multistation,8,8,8,t01255-c00144,144,1255,1,0,1,True,False,cancelled_early,19.2536,0.0,0,1,8.085582870990038,8.085582870990038,884.4101252034307,0.004916917532682419,892.5006249919534
pessimistic,150,multistation,8,8,8,t01256-c00106,106,1256,6,0,6,True,False,no_show,17.3111,0.0,0,1,54.28174999542534,518.6209171079099,0.029250048100948334,0.01645786687731743,518.6666250228882
pessimistic,150,multistation,8,8,8,t01256-c00123,123,1256,4,0,4,True,False,satisfied,20.1468,20.5,41,1,130.88008295744658,390.50291711464524,128.1899157911539,0.008584000170230865,518.7014169059694
pessimistic,150,multistation,8,8,8,t01256-c00144,144,1256,3,0,3,True,False,satisfied,17.4577,17.5,25,1,59.07158297486603,499.6103330049664,19.082749960944057,0.005917157977819443,518.6990001238883
pessimistic,150,multistation,8,8,8,t01257-c00011,11,1257,3,0,3,True,False,no_show,23.5204,0.0,0,1,529.5746671035886,1622.00712505728,478.09687489643693,0.015083001926541328,2100.1190829556435
pessimistic,150,multistation,8,8,8,t01257-c00077,77,1257,5,0,5,True,False,satisfied,27.6504,28.2,47,1,106.18045902810991,2042.9115840233862,57.234207866713405,0.009624985978007317,2100.1554168760777
pessimistic,150,multistation,8,8,8,t01257-c00088,88,1257,18,0,18,True,False,satisfied,23.9902,24.0,40,1,106.13866709172726,2099.9895830173045,0.16850000247359276,0.01091696321964264,2100.168999982998
pessimistic,150,multistation,8,8,8,t01257-c00091,91,1257,7,0,7,True,False,no_show,31.6687,0.0,0,1,478.2183750066906,1597.8757089469582,502.2817081771791,0.007416820153594017,2100.164833944291
pessimistic,150,multistation,8,8,8,t01258-c00066,66,1258,1,0,1,True,False,cancelled_early,23.6453,0.0,0,1,13.26416595838964,13.26416595838964,0.010999850928783417,0.008584000170230865,13.283749809488654
pessimistic,150,multistation,8,8,8,t01259-c00048,48,1259,4,0,4,True,False,breakdown,36.218,0.0,0,1,223.84087485261261,1009.8247500136495,30.4213750641793,0.01591700129210949,1040.2620420791209
pessimistic,150,multistation,8,8,8,t01259-c00066,66,1259,3,0,3,True,False,satisfied,23.3784,23.8,34,1,8.538416819646955,1040.1759578380734,0.10875007137656212,0.0073339324444532394,1040.2920418418944
pessimistic,150,multistation,8,8,8,t01260-c00052,52,1260,4,0,4,True,False,cancelled_early,34.4022,0.0,0,1,682.6901251915842,1470.538584049791,16.38320810161531,0.014208024367690086,1486.936000175774
pessimistic,150,multistation,8,8,8,t01260-c00057,57,1260,9,0,9,True,False,no_show,16.6668,0.0,0,1,682.6431250665337,1486.853500129655,0.12787501327693462,0.009707873687148094,1486.991083016619
pessimistic,150,multistation,8,8,8,t01261-c00052,52,1261,4,0,4,True,False,breakdown,35.1972,0.0,0,1,298.86758397333324,878.3170839305967,0.02437504008412361,0.016291160136461258,878.3577501308173
pessimistic,150,multistation,8,8,8,t01261-c00084,84,1261,1,0,1,True,False,satisfied,20.9948,12.6,18,1,305.28999981470406,305.28999981470406,573.0828330852091,0.007041962817311287,878.3798748627305
pessimistic,150,multistation,8,8,8,t01264-c00085,85,1264,5,0,5,True,False,satisfied,25.6634,25.5,51,1,129.26766695454717,692.607874982059,0.027209054678678513,0.014374963939189911,692.6494590006769
pessimistic,150,multistation,8,8,8,t01264-c00131,131,1264,3,0,3,True,False,satisfied,24.8704,25.2,36,1,371.4642080012709,692.5569160375744,0.11841696687042713,0.007458031177520752,692.6827910356224
pessimistic,150,multistation,8,8,8,t01265-c00139,139,1265,11,0,11,True,False,no_show,31.4456,0.0,0,1,70.38150005973876,752.131334040314,0.03516604192554951,0.01887488178908825,752.1853749640286
pessimistic,150,multistation,8,8,8,t01267-c00149,149,1267,6,0,6,True,False,cancelled_late,23.866,0.0,0,1,25.476958137005568,273.4297080896795,0.033624935895204544,0.01600012183189392,273.4793331474066
pessimistic,150,multistation,8,8,8,t01268-c00056,56,1268,3,0,3,True,False,cancelled_early,17.1205,0.0,0,1,59.54762501642108,164.98016705736518,51.71320796944201,0.014832941815257072,216.70820796862245
pessimistic,150,multistation,8,8,8,t01268-c00121,121,1268,5,0,5,True,False,satisfied,21.3605,21.7,31,1,26.52499987743795,216.61520889028907,0.1324161421507597,0.009416835382580757,216.7570418678224
pessimistic,150,multistation,8,8,8,t01269-c00056,56,1269,3,0,2,True,False,no_show,14.4689,0.0,0,1,667.4652500078082,1343.5761251021177,733.2781669683754,0.01708301715552807,2076.8713750876486
pessimistic,150,multistation,8,8,8,t01269-c00093,93,1269,13,0,13,True,False,satisfied,31.4282,31.6,79,1,119.03754202648997,2076.7837499734014,0.11816690675914288,0.012333039194345474,2076.914249919355
pessimistic,150,multistation,8,8,8,t01271-c00012,12,1271,3,0,3,True,False,satisfied,27.5063,27.6,46,1,228.10483304783702,693.6013330705464,96.77687496878207,0.017666956409811974,790.3958749957383
pessimistic,150,multistation,8,8,8,t01271-c00136,136,1271,5,0,5,True,False,cancelled_late,27.3506,0.0,0,1,96.71929106116295,693.5448748990893,96.88479104079306,0.008667120710015297,790.4383330605924
pessimistic,150,multistation,8,8,8,t01271-c00149,149,1271,9,0,9,True,False,cancelled_late,17.3226,0.0,0,1,21.294499980285764,790.2580830268562,0.18841703422367573,0.010165851563215256,790.4566659126431
pessimistic,150,multistation,8,8,8,t01275-c00136,136,1275,3,0,3,True,False,satisfied,23.6995,23.8,34,1,16.890333965420723,88.99954194203019,0.028792070224881172,0.017249956727027893,89.0455839689821
pessimistic,150,multistation,8,8,8,t01276-c00054,54,1276,5,0,5,True,False,satisfied,10.2337,10.4,13,1,10.65787486732006,630.6316249538213,41.947999969124794,0.01808302477002144,672.5977079477161
pessimistic,150,multistation,8,8,8,t01276-c00149,149,1276,15,0,15,True,False,no_show,22.6521,0.0,0,1,39.08904199488461,672.4978750571609,0.13783294707536697,0.012709060683846474,672.6484170649201
pessimistic,150,multistation,8,8,8,t01279-c00019,19,1279,11,0,11,True,False,satisfied,22.0383,22.4,56,1,67.49700009822845,880.4759590420872,0.025999965146183968,0.02045789733529091,880.5224169045687
pessimistic,150,multistation,8,8,8,t01280-c00089,89,1280,9,0,9,True,False,cancelled_late,21.3969,0.0,0,1,34.48358294554055,344.5348748937249,0.03008311614394188,0.016999896615743637,344.5819579064846
pessimistic,150,multistation,8,8,8,t01281-c00070,70,1281,5,0,5,True,False,satisfied,13.9637,13.6,34,1,32.87558304145932,302.0915000233799,0.028416980057954788,0.0160830095410347,302.1360000129789
pessimistic,150,multistation,8,8,8,t01281-c00089,89,1281,4,0,4,True,False,no_show,16.7603,0.0,0,1,98.25904201716185,237.1532500255853,65.01124985516071,0.008875038474798203,302.1733749192208
pessimistic,150,multistation,8,8,8,t01288-c00057,57,1288,4,0,4,True,False,satisfied,27.6809,28.0,35,1,39.209708804264665,171.6643339022994,0.02374988980591297,0.014250166714191437,171.7023339588195
pessimistic,150,multistation,8,8,8,t01291-c00049,49,1291,5,0,5,True,False,satisfied,20.9701,21.0,30,1,27.246624929830432,191.81116693653166,68.11762508004904,0.016333069652318954,259.945125086233
pessimistic,150,multistation,8,8,8,t01291-c00056,56,1291,3,0,3,True,False,cancelled_early,19.2674,0.0,0,1,126.6907500103116,259.85570810735226,0.10929186828434467,0.007082941010594368,259.9720829166472
pessimistic,150,multistation,8,8,8,t01292-c00013,13,1292,5,0,5,True,False,cancelled_early,20.3655,0.0,0,1,42.898917105048895,525.3125419840217,0.021792016923427582,0.017875107005238533,525.3522091079503
pessimistic,150,multistation,8,8,8,t01292-c00056,56,1292,3,0,3,True,False,satisfied,15.8428,16.1,23,1,149.44416587240994,525.2627909649163,0.12729200534522533,0.00695791095495224,525.3970408812165
pessimistic,150,multistation,8,8,8,t01292-c00125,125,1292,3,0,3,True,False,satisfied,23.0534,23.2,29,1,106.5164590254426,488.5387090034783,36.84375016018748,0.0058747828006744385,525.3883339464664
pessimistic,150,multistation,8,8,8,t01292-c00134,134,1292,1,0,1,True,False,cancelled_early,22.5242,0.0,0,1,106.4789998345077,106.4789998345077,418.89258311130106,0.004166970029473305,525.3757499158382
pessimistic,150,multistation,8,8,8,t01293-c00013,13,1293,3,0,3,True,False,cancelled_late,22.0689,0.0,0,1,104.09404197707772,171.4352921117097,0.01837499439716339,0.014999881386756897,171.46866698749363
pessimistic,150,multistation,8,8,8,t01293-c00134,134,1293,1,0,1,True,False,cancelled_late,17.952,0.0,0,1,104.03700009919703,104.03700009919703,67.46858381666243,0.006125075742602348,171.51170899160206
pessimistic,150,multistation,8,8,8,t01295-c00034,34,1295,3,0,3,True,False,cancelled_late,25.0687,0.0,0,1,16.397624975070357,84.83920781873167,0.019750092178583145,0.014666933566331863,84.87362484447658
pessimistic,150,multistation,8,8,8,t01296-c00022,22,1296,8,0,8,True,False,satisfied,16.2264,16.8,21,1,17.560292035341263,475.40150000713766,0.02433406189084053,0.01908303238451481,475.444917101413
pessimistic,150,multistation,8,8,8,t01296-c00034,34,1296,3,0,3,True,False,satisfied,31.0982,31.2,39,1,111.48091615177691,374.7964580543339,100.67583294585347,0.0086252111941576,475.48091621138155
pessimistic,150,multistation,8,8,8,t01296-c00134,134,1296,5,0,5,True,False,no_show,17.6617,0.0,0,1,67.81266606412828,443.7240408733487,31.74433414824307,0.00758306123316288,475.47595808282495
pessimistic,150,multistation,8,8,8,t01297-c00106,106,1297,9,0,9,True,False,no_show,27.2427,0.0,0,1,49.09354215487838,514.5294170361012,0.03333296626806259,0.017834128811955452,514.5805841311812
pessimistic,150,multistation,8,8,8,t01299-c00013,13,1299,5,0,5,True,False,cancelled_early,23.0012,0.0,0,1,64.79366612620652,243.84466605260968,0.021249987185001373,0.015958910807967186,243.88187495060265
pessimistic,150,multistation,8,8,8,t01300-c00013,13,1300,3,0,3,True,False,no_show,19.4507,0.0,0,1,26.835958007723093,85.6691668741405,0.017458107322454453,0.014832941815257072,85.70145792327821
pessimistic,150,multistation,8,8,8,t01301-c00002,2,1301,1,0,1,True,False,cancelled_late,22.6431,0.0,0,1,19.381915917620063,19.381915917620063,0.013709068298339844,0.011415919288992882,19.407040905207396
pessimistic,150,multistation,8,8,8,t01306-c00002,2,1306,6,0,6,True,False,satisfied,22.9457,23.1,33,1,28.8245000410825,267.70720817148685,0.022209016606211662,0.01837499439716339,267.74779218249023
pessimistic,150,multistation,8,8,8,t01312-c00061,61,1312,6,0,6,True,False,no_show,19.8905,0.0,0,1,31.19499981403351,277.27333386428654,0.02366607077419758,0.01587485894560814,277.31287479400635
pessimistic,150,multistation,8,8,8,t01313-c00091,91,1313,1,0,1,True,False,no_show,37.9346,0.0,0,1,254.82766702771187,254.82766702771187,464.0054579358548,0.013124896213412285,718.8462498597801
pessimistic,150,multistation,8,8,8,t01313-c00139,139,1313,11,0,11,True,False,no_show,29.4321,0.0,0,1,44.079957995563745,718.7518749851733,0.1099160872399807,0.011999858543276787,718.8737909309566
pessimistic,150,multistation,8,8,8,t01314-c00089,89,1314,1,0,1,True,False,no_show,21.802,0.0,0,1,13.115958077833056,13.115958077833056,0.019582919776439667,0.010208925232291222,13.145749922841787
pessimistic,150,multistation,8,8,8,t01316-c00011,11,1316,3,0,3,True,False,cancelled_late,26.2632,0.0,0,1,80.12262498959899,682.8379579819739,128.05329193361104,0.016833189874887466,810.9080831054598
pessimistic,150,multistation,8,8,8,t01316-c00036,36,1316,1,0,1,True,False,no_show,22.1866,0.0,0,1,80.07570798508823,80.07570798508823,730.8769170194864,0.006875023245811462,810.9595000278205
pessimistic,150,multistation,8,8,8,t01316-c00081,81,1316,10,0,10,True,False,cancelled_late,24.7554,0.0,0,1,28.25741609558463,810.7775410171598,0.17337501049041748,0.009041978046298027,810.9599580056965
pessimistic,150,multistation,8,8,8,t01317-c00082,82,1317,6,0,6,True,False,no_show,23.7526,0.0,0,1,75.52916696295142,678.8910829927772,0.026541994884610176,0.021124957129359245,678.9387499447912
pessimistic,150,multistation,8,8,8,t01318-c00149,149,1318,5,0,5,True,False,satisfied,27.3157,28.0,40,1,36.40524996444583,266.90187491476536,0.03537512384355068,0.020209001377224922,266.95745903998613
pessimistic,150,multistation,8,8,8,t01319-c00122,122,1319,5,0,5,True,False,breakdown,28.4451,0.0,0,1,102.4875829461962,687.717666849494,0.030333176255226135,0.01795799471437931,687.7659580204636
pessimistic,150,multistation,8,8,8,t01320-c00011,11,1320,8,0,8,True,False,cancelled_late,32.9257,0.0,0,1,180.63087505288422,2046.9010421074927,0.02650008536875248,0.020416919142007828,2046.9479591120034
pessimistic,150,multistation,8,8,8,t01320-c00107,107,1320,5,0,5,True,False,satisfied,26.4873,26.6,38,1,406.06704098172486,2046.83699994348,0.16308296471834183,0.009125098586082458,2047.0092080067843
pessimistic,150,multistation,8,8,8,t01321-c00011,11,1321,5,0,5,True,False,cancelled_late,37.5842,0.0,0,1,241.42441689036787,873.1032498180866,0.023250002413988113,0.02391706220805645,873.1504168827087
pessimistic,150,multistation,8,8,8,t01322-c00098,98,1322,20,0,20,True,False,satisfied,21.1367,21.6,36,1,33.87495898641646,910.1560839917511,0.03945804201066494,0.022042077034711838,910.2175841107965
pessimistic,150,multistation,8,8,8,t01323-c00081,81,1323,3,0,3,True,False,cancelled_late,27.4624,0.0,0,1,10.776958893984556,67.15433392673731,0.025250017642974854,0.013916054740548134,67.19349999912083
pessimistic,150,multistation,8,8,8,t01324-c00011,11,1324,10,0,10,True,False,satisfied,33.8491,34.0,68,1,91.67033294215798,1286.0754169523716,0.024624867364764214,0.02466607838869095,1286.124707898125
pessimistic,150,multistation,8,8,8,t01324-c00030,30,1324,1,0,1,True,False,satisfied,20.8854,1.6,2,1,188.61266714520752,188.61266714520752,1097.5474999286234,0.008417060598731041,1286.1685841344297
pessimistic,150,multistation,8,8,8,t01327-c00134,134,1327,5,0,5,True,False,cancelled_early,25.3418,0.0,0,1,44.2455830052495,279.48020794428885,0.031250063329935074,0.01791701652109623,279.5293750241399
pessimistic,150,multistation,8,8,8,t01328-c00134,134,1328,3,0,3,True,False,cancelled_late,24.7918,0.0,0,1,66.97045802138746,167.72941616363823,0.03070896491408348,0.014625024050474167,167.7747501526028
pessimistic,150,multistation,8,8,8,t01328-c00140,140,1328,1,0,1,True,False,cancelled_late,24.3225,0.0,0,1,24.458792060613632,24.458792060613632,143.35404080338776,0.006709014996886253,167.81954187899828
pessimistic,150,multistation,8,8,8,t01329-c00134,134,1329,3,0,3,True,False,cancelled_early,25.0908,0.0,0,1,40.51299998536706,141.52445900253952,0.02954108640551567,0.013833865523338318,141.56783395446837
pessimistic,150,multistation,8,8,8,t01330-c00134,134,1330,3,0,3,True,False,satisfied,25.3561,25.8,43,1,44.57054100930691,162.12545800954103,0.030708033591508865,0.014292076230049133,162.1704581193626
pessimistic,150,multistation,8,8,8,t01331-c00081,81,1331,2,0,2,True,False,satisfied,28.1308,28.8,36,1,7.668124977499247,33.36295788176358,0.021709129214286804,0.014040851965546608,33.39870786294341
pessimistic,150,multistation,8,8,8,t01336-c00079,79,1336,4,0,4,True,False,no_show,22.086,0.0,0,1,66.51620892807841,296.7102089896798,0.02987496554851532,0.015875091776251793,296.7559590470046
pessimistic,150,multistation,8,8,8,t01337-c00099,99,1337,19,0,19,True,False,satisfied,17.4979,17.5,25,1,20.025167148560286,493.24833299033344,0.037250109016895294,0.019709113985300064,493.30529221333563
pessimistic,150,multistation,8,8,8,t01338-c00013,13,1338,1,0,1,True,False,satisfied,21.1945,12.0,20,1,7.358750095590949,7.358750095590949,0.011165859177708626,0.009709037840366364,7.379624992609024
pessimistic,150,multistation,8,8,8,t01339-c00072,72,1339,6,0,6,True,False,no_show,25.7872,0.0,0,1,36.18787508457899,299.20966597273946,0.02470891922712326,0.01654098741710186,299.2509158793837
pessimistic,150,multistation,8,8,8,t01341-c00067,67,1341,11,0,11,True,False,no_show,22.5179,0.0,0,1,18.727333983406425,353.79187506623566,0.028959009796380997,0.019999919459223747,353.84083399549127
pessimistic,150,multistation,8,8,8,t01343-c00143,143,1343,1,0,1,True,False,satisfied,19.0028,8.4,14,1,6.322166882455349,6.322166882455349,0.014292076230049133,0.00900006853044033,6.345459027215838
pessimistic,150,multistation,8,8,8,t01345-c00106,106,1345,5,0,5,True,False,satisfied,28.2048,28.8,48,1,43.475667014718056,835.1487501058728,0.028667040169239044,0.01787487417459488,835.1952920202166
pessimistic,150,multistation,8,8,8,t01345-c00140,140,1345,5,0,5,True,False,cancelled_early,21.9582,0.0,0,1,230.6185408961028,727.8309999965131,107.3883748613298,0.00916607677936554,835.2285409346223
pessimistic,150,multistation,8,8,8,t01346-c00140,140,1346,5,0,5,True,False,cancelled_late,24.225,0.0,0,1,165.25104106403887,579.1711660567671,0.032916897907853127,0.01700012944638729,579.2210830841213
pessimistic,150,multistation,8,8,8,t01348-c00068,68,1348,5,0,5,True,False,no_show,20.2422,0.0,0,1,61.42387492582202,202.5305840652436,0.026291003450751305,0.017124926671385765,202.57399999536574
pessimistic,150,multistation,8,8,8,t01351-c00140,140,1351,2,0,2,True,False,cancelled_late,21.9107,0.0,0,1,97.82995819114149,224.92795810103416,0.029959017410874367,0.014750054106116295,224.97266717255116
pessimistic,150,multistation,8,8,8,t01352-c00140,140,1352,5,0,5,True,False,cancelled_late,22.6578,0.0,0,1,66.8076251167804,453.4202921204269,0.03295787610113621,0.016042031347751617,453.4692920278758
pessimistic,150,multistation,8,8,8,t01355-c00089,89,1355,5,0,5,True,False,cancelled_late,21.2235,0.0,0,1,30.925625003874302,629.6977500896901,0.027041882276535034,0.0160830095410347,629.7408749815077
pessimistic,150,multistation,8,8,8,t01355-c00127,127,1355,1,0,1,True,False,satisfied,18.7196,19.0,38,1,80.35904099233449,80.35904099233449,549.421208910644,0.007416121661663055,629.7876660246402
pessimistic,150,multistation,8,8,8,t01355-c00140,140,1355,5,0,5,True,False,satisfied,20.4327,20.8,52,1,138.77766602672637,561.1155829392374,68.68404196575284,0.007916009053587914,629.8075409140438
pessimistic,150,multistation,8,8,8,t01356-c00026,26,1356,5,0,5,True,False,satisfied,18.258,18.4,46,1,42.61587490327656,294.8782918974757,0.020208070054650307,0.015666941180825233,294.9141669087112
pessimistic,150,multistation,8,8,8,t01358-c00051,51,1358,4,0,4,True,False,cancelled_late,11.7625,0.0,0,1,21.265249932184815,84.04295798391104,0.02237502485513687,0.014584045857191086,84.07991705462337
pessimistic,150,multistation,8,8,8,t01359-c00061,61,1359,5,0,5,True,False,satisfied,22.9657,23.0,46,1,249.9087080359459,819.4567081518471,0.026166904717683792,0.016042031347751617,819.4989170879126
pessimistic,150,multistation,8,8,8,t01359-c00097,97,1359,5,0,5,True,False,cancelled_late,21.2737,0.0,0,1,119.38558286055923,819.4076668005437,0.12008310295641422,0.008082948625087738,819.5358328521252
pessimistic,150,multistation,8,8,8,t01360-c00071,71,1360,10,0,10,True,False,no_show,18.0742,0.0,0,1,18.909750040620565,284.92237511090934,0.02774992026388645,0.018292106688022614,284.96841713786125
pessimistic,150,multistation,8,8,8,t01360-c00139,139,1360,1,0,1,True,False,satisfied,41.3088,42.0,60,1,108.39429195038974,108.39429195038974,176.59541592001915,0.006834045052528381,284.9965419154614
pessimistic,150,multistation,8,8,8,t01361-c00089,89,1361,6,0,6,True,False,cancelled_late,28.157,0.0,0,1,68.07141611352563,403.4812080208212,0.027542002499103546,0.01712515950202942,403.52587518282235
pessimistic,150,multistation,8,8,8,t01362-c00051,51,1362,7,0,7,True,False,no_show,21.3775,0.0,0,1,33.77975011244416,396.9017919152975,20.52050014026463,0.017124926671385765,417.4394169822335
pessimistic,150,multistation,8,8,8,t01362-c00124,124,1362,3,0,3,True,False,satisfied,20.2608,20.3,29,1,51.21962493285537,417.3408751375973,0.1152919139713049,0.0074999406933784485,417.463666992262
pessimistic,150,multistation,8,8,8,t01363-c00074,74,1363,3,0,3,True,False,cancelled_early,16.7869,0.0,0,1,10.299416957423091,190.03304187208414,0.02437504008412361,0.014750054106116295,190.07216696627438
pessimistic,150,multistation,8,8,8,t01363-c00075,75,1363,4,0,4,True,False,no_show,17.5358,0.0,0,1,36.24791698530316,145.59520897455513,44.51604117639363,0.007834052667021751,190.11908420361578
pessimistic,150,multistation,8,8,8,t01364-c00074,74,1364,3,0,3,True,False,satisfied,22.9862,16.8,28,1,13.680584030225873,259.2786669265479,82.09404209628701,0.016791047528386116,341.3895000703633
pessimistic,150,multistation,8,8,8,t01364-c00097,97,1364,3,0,3,True,False,cancelled_late,11.9476,0.0,0,1,69.45220800116658,341.2976658437401,0.1192090567201376,0.0076659489423036575,341.42454084940255
pessimistic,150,multistation,8,8,8,t01364-c00135,135,1364,5,0,5,True,False,cancelled_late,17.1108,0.0,0,1,69.40925004892051,341.25508298166096,0.1705000177025795,0.006500165909528732,341.43208316527307
pessimistic,150,multistation,8,8,8,t01365-c00036,36,1365,1,0,1,True,False,cancelled_late,16.4123,0.0,0,1,8.521666983142495,8.521666983142495,0.014249933883547783,0.009750016033649445,8.545666933059692
pessimistic,150,multistation,8,8,8,t01366-c00018,18,1366,3,0,3,True,False,satisfied,20.5997,20.5,41,1,117.93383420445025,624.729375122115,245.7785839214921,0.02054101787507534,870.5285000614822
pessimistic,150,multistation,8,8,8,t01366-c00038,38,1366,5,0,5,True,False,no_show,23.945,0.0,0,1,23.203875171020627,870.4414581879973,0.12700003571808338,0.010666903108358383,870.5791251268238
pessimistic,150,multistation,8,8,8,t01366-c00097,97,1366,9,0,9,True,False,cancelled_late,15.8372,0.0,0,1,88.47575006075203,819.2925411276519,51.28245893865824,0.009207986295223236,870.5842080526054
pessimistic,150,multistation,8,8,8,t01367-c00089,89,1367,3,0,3,True,False,breakdown,25.2877,0.0,0,1,16.016250010579824,260.56616590358317,0.026167137548327446,0.016624806448817253,260.6089578475803
pessimistic,150,multistation,8,8,8,t01367-c00097,97,1367,3,0,3,True,False,no_show,16.4733,0.0,0,1,41.302625089883804,216.2190000526607,44.41679106093943,0.008249888196587563,260.6440410017967
pessimistic,150,multistation,8,8,8,t01368-c00111,111,1368,11,0,11,True,False,satisfied,13.5348,14.0,20,1,16.187000088393688,194.52341692522168,0.03395811654627323,0.017249956727027893,194.57462499849498
pessimistic,150,multistation,8,8,8,t01370-c00112,112,1370,4,0,4,True,False,satisfied,20.4401,20.5,41,1,55.36766583099961,254.5902079436928,0.030792085453867912,0.016415957361459732,254.63741598650813
pessimistic,150,multistation,8,8,8,t01371-c00135,135,1371,3,0,3,True,False,no_show,16.4821,0.0,0,1,5.544791929423809,35.66454187966883,0.02895807847380638,0.014750054106116295,35.708250012248755
pessimistic,150,multistation,8,8,8,t01372-c00076,76,1372,5,0,5,True,False,no_show,22.4022,0.0,0,1,23.903625085949898,710.9632911160588,39.20108382590115,0.01754099503159523,750.1819159369916
pessimistic,150,multistation,8,8,8,t01372-c00128,128,1372,13,0,13,True,False,satisfied,22.2803,22.4,32,1,51.30545794963837,750.0823750160635,0.13937498442828655,0.012167030945420265,750.2339170314372
pessimistic,150,multistation,8,8,8,t01372-c00137,137,1372,3,0,3,True,False,no_show,24.7396,0.0,0,1,193.03662492893636,449.3009999860078,300.92616588808596,0.007250113412737846,750.2344159875065
pessimistic,150,multistation,8,8,8,t01373-c00063,63,1373,6,0,6,True,False,cancelled_early,12.6192,0.0,0,1,6.855042185634375,117.25700017996132,0.02670893445611,0.016707926988601685,117.30041704140604
pessimistic,150,multistation,8,8,8,t01374-c00009,9,1374,6,0,6,True,False,satisfied,32.5712,33.0,55,1,95.66029091365635,775.8623750414699,76.73462480306625,0.016833189874887466,852.6138330344111
pessimistic,150,multistation,8,8,8,t01374-c00063,63,1374,12,0,12,True,False,satisfied,15.2269,15.5,31,1,26.446874951943755,852.5190830696374,0.13087503612041473,0.011499971151351929,852.6614580769092
pessimistic,150,multistation,8,8,8,t01374-c00148,148,1374,1,0,1,True,False,satisfied,24.9521,22.4,28,1,44.19433302246034,44.19433302246034,808.450834127143,0.005915993824601173,852.651083143428
pessimistic,150,multistation,8,8,8,t01375-c00036,36,1375,6,0,6,True,False,no_show,20.8493,0.0,0,1,41.17279197089374,347.7788749150932,0.02708309330046177,0.01629185862839222,347.82224986702204
pessimistic,150,multistation,8,8,8,t01376-c00015,15,1376,1,0,1,True,False,cancelled_late,28.1598,0.0,0,1,31.66583296842873,31.66583296842873,0.01691700890660286,0.010875053703784943,31.69362503103912
pessimistic,150,multistation,8,8,8,t01377-c00030,30,1377,5,0,5,True,False,no_show,18.7608,0.0,0,1,18.96887505427003,126.41662498936057,0.021458137780427933,0.016541918739676476,126.45462504588068
pessimistic,150,multistation,8,8,8,t01378-c00072,72,1378,1,0,1,True,False,no_show,24.0899,0.0,0,1,104.77049998007715,104.77049998007715,172.66395804472268,0.01337495632469654,277.4478329811245
pessimistic,150,multistation,8,8,8,t01378-c00091,91,1378,4,0,4,True,False,cancelled_early,42.5979,0.0,0,1,98.05316710844636,277.3622921667993,0.10762480087578297,0.008458038792014122,277.4783750064671
pessimistic,150,multistation,8,8,8,t01379-c00091,91,1379,5,0,5,True,False,satisfied,46.2154,38.5,55,1,57.97429196536541,365.87587487883866,0.02845912240445614,0.020124949514865875,365.924458950758
pessimistic,150,multistation,8,8,8,t01381-c00015,15,1381,8,0,8,True,False,satisfied,24.623,23.0,46,1,87.25199988111854,1128.6749579012394,128.43125010840595,0.019208993762731552,1257.125417003408
pessimistic,150,multistation,8,8,8,t01381-c00024,24,1381,8,0,8,True,False,no_show,33.0743,0.0,0,1,154.41820793785155,1257.028582971543,0.13770908117294312,0.010499963536858559,1257.1767920162529
pessimistic,150,multistation,8,8,8,t01381-c00067,67,1381,3,0,3,True,False,satisfied,22.0107,22.4,28,1,252.73616588674486,746.3272078894079,510.8359169680625,0.00620819628238678,1257.1693330537528
pessimistic,150,multistation,8,8,8,t01383-c00068,68,1383,1,0,1,True,False,cancelled_late,24.1822,0.0,0,1,17.434875015169382,17.434875015169382,0.02050003968179226,0.015624798834323883,17.4709998536855
pessimistic,150,multistation,8,8,8,t01384-c00004,4,1384,8,0,8,True,False,no_show,19.253,0.0,0,1,36.51070804335177,360.9033329412341,0.020541949197649956,0.019625062122941017,360.9434999525547
pessimistic,150,multistation,8,8,8,t01385-c00044,44,1385,11,0,11,True,False,cancelled_early,24.6402,0.0,0,1,39.005457889288664,685.8436248730868,0.02750009298324585,0.020167091861367226,685.8912920579314
pessimistic,150,multistation,8,8,8,t01386-c00044,44,1386,4,0,4,True,False,satisfied,21.2825,20.5,41,1,228.408541996032,462.2749169357121,480.3804170805961,0.017832964658737183,942.6731669809669
pessimistic,150,multistation,8,8,8,t01386-c00053,53,1386,17,0,17,True,False,no_show,17.3182,0.0,0,1,30.744208954274654,942.583209136501,0.13508298434317112,0.014832941815257072,942.7331250626594
pessimistic,150,multistation,8,8,8,t01386-c00068,68,1386,2,0,2,True,False,no_show,23.0563,0.0,0,1,207.33520900830626,593.4258750639856,349.2920841090381,0.006458023563027382,942.7244171965867
pessimistic,150,multistation,8,8,8,t01387-c00082,82,1387,6,0,6,True,False,satisfied,33.379,16.4,41,1,34.8834169562906,312.4111669603735,0.025290995836257935,0.016249949112534523,312.4527079053223
pessimistic,150,multistation,8,8,8,t01388-c00071,71,1388,6,0,6,True,False,cancelled_early,24.3423,0.0,0,1,25.102291023358703,212.35283301211894,0.024625100195407867,0.016582896932959557,212.3940410092473
pessimistic,150,multistation,8,8,8,t01389-c00071,71,1389,21,0,21,True,False,cancelled_late,26.3034,0.0,0,1,27.59408298879862,763.4893751237541,0.03574998117983341,0.022249994799494743,763.5473750997335
pessimistic,150,multistation,8,8,8,t01390-c00032,32,1390,5,0,5,True,False,satisfied,24.393,24.5,35,1,30.14979208819568,189.15500002913177,0.021792016923427582,0.01795799471437931,189.19475004076958
pessimistic,150,multistation,8,8,8,t01391-c00006,6,1391,14,0,14,True,False,satisfied,18.3119,18.5,37,1,115.06970901973546,1600.894375005737,0.02587493509054184,0.021666986867785454,1600.9419169276953
pessimistic,150,multistation,8,8,8,t01391-c00132,132,1391,17,0,17,True,False,cancelled_early,27.3514,0.0,0,1,32.46429213322699,1600.8325829170644,0.15950016677379608,0.01233397051692009,1601.0044170543551
pessimistic,150,multistation,8,8,8,t01392-c00108,108,1392,5,0,5,True,False,cancelled_late,16.8149,0.0,0,1,98.27204188331962,512.4901668168604,0.03220816142857075,0.015500001609325409,512.5378749798983
pessimistic,150,multistation,8,8,8,t01392-c00132,132,1392,9,0,9,True,False,satisfied,27.5561,21.6,36,1,27.697791112586856,512.4380001798272,0.1340408343821764,0.009542098268866539,512.5815831124783
pessimistic,150,multistation,8,8,8,t01393-c00079,79,1393,5,0,5,True,False,no_show,29.7483,0.0,0,1,30.883332947269082,184.59187494590878,0.024625100195407867,0.01591700129210949,184.6324170473963
pessimistic,150,multistation,8,8,8,t01394-c00094,94,1394,3,0,3,True,False,satisfied,22.3387,22.0,44,1,30.24787502363324,119.35900012031198,0.024707987904548645,0.015042023733258247,119.39875013194978
pessimistic,150,multistation,8,8,8,t01395-c00055,55,1395,2,0,2,True,False,cancelled_late,27.0654,0.0,0,1,110.49095913767815,192.85837514325976,46.82383383624256,0.014499993994832039,239.69670897349715
pessimistic,150,multistation,8,8,8,t01395-c00071,71,1395,7,0,7,True,False,satisfied,23.9414,24.0,30,1,24.323957972228527,239.610250107944,0.12574996799230576,0.009750016033649445,239.74575009196997
pessimistic,150,multistation,8,8,8,t01396-c00108,108,1396,4,0,4,True,False,no_show,23.7386,0.0,0,1,57.21887480467558,211.64887491613626,60.00787508673966,0.015624798834323883,271.67237480171025
pessimistic,150,multistation,8,8,8,t01396-c00126,126,1396,6,0,6,True,False,no_show,24.4704,0.0,0,1,21.780167007818818,271.57879201695323,0.12104096822440624,0.008833827450871468,271.7086668126285
pessimistic,150,multistation,8,8,8,t01399-c00075,75,1399,5,0,5,True,False,no_show,24.2623,0.0,0,1,10.673874989151955,245.23508409038186,0.0249580480158329,0.01691700890660286,245.2769591473043
pessimistic,150,multistation,8,8,8,t01399-c00146,146,1399,4,0,4,True,False,no_show,29.1568,0.0,0,1,41.36608308181167,180.66712515428662,64.646041020751,0.008666887879371643,245.321833062917
pessimistic,150,multistation,8,8,8,t01400-c00038,38,1400,4,0,4,True,False,satisfied,22.4108,23.2,29,1,73.33524990826845,175.6572078447789,34.13204196840525,0.015792204067111015,209.80504201725125
pessimistic,150,multistation,8,8,8,t01400-c00045,45,1400,5,0,5,True,False,cancelled_late,24.5172,0.0,0,1,9.983292082324624,209.7209170460701,0.11674989946186543,0.009250128641724586,209.8469170741737
pessimistic,150,multistation,8,8,8,t01401-c00042,42,1401,14,0,14,True,False,satisfied,27.1165,16.0,32,1,22.702249931171536,1091.3620840292424,0.031000003218650818,0.02045789733529091,1091.4135419297963
pessimistic,150,multistation,8,8,8,t01401-c00055,55,1401,10,0,10,True,False,satisfied,26.1993,21.0,35,1,211.4896250423044,982.2785418946296,109.17479218915105,0.010082963854074478,1091.4634170476347
pessimistic,150,multistation,8,8,8,t01401-c00096,96,1401,6,0,6,True,False,cancelled_early,19.2203,0.0,0,1,303.6948328372091,982.2343329433352,109.22020906582475,0.0062908511608839035,1091.4608328603208
pessimistic,150,multistation,8,8,8,t01402-c00078,78,1402,13,0,13,True,False,satisfied,19.4777,15.6,26,1,16.700749984011054,474.04633299447596,0.033542048186063766,0.01987488940358162,474.0997499320656
pessimistic,150,multistation,8,8,8,t01402-c00096,96,1402,7,0,7,True,False,satisfied,18.5247,18.6,31,1,121.60475016571581,390.37675014697015,83.75454088672996,0.009834067896008492,474.1411251015961
pessimistic,150,multistation,8,8,8,t01402-c00135,135,1402,1,0,1,True,False,no_show,14.6673,0.0,0,1,111.28870816901326,111.28870816901326,362.83629201352596,0.005458015948534012,474.13045819848776
pessimistic,150,multistation,8,8,8,t01403-c00054,54,1403,5,0,5,True,False,no_show,21.511,0.0,0,1,9.433249942958355,107.74670913815498,0.021999934688210487,0.016249949112534523,107.78495902195573
pessimistic,150,multistation,8,8,8,t01404-c00033,33,1404,2,0,2,True,False,cancelled_late,29.2859,0.0,0,1,10.79929107800126,53.403208032250404,13.476500054821372,0.013707904145121574,66.8934159912169
pessimistic,150,multistation,8,8,8,t01404-c00110,110,1404,3,0,3,True,False,cancelled_late,13.8085,0.0,0,1,21.10379096120596,66.80445792153478,0.1239171251654625,0.0072908587753772736,66.93566590547562
pessimistic,150,multistation,8,8,8,t01405-c00043,43,1405,10,0,10,True,False,no_show,19.0536,0.0,0,1,14.754459029063582,159.45208398625255,0.026582973077893257,0.018541933968663216,159.4972088932991
pessimistic,150,multistation,8,8,8,t01405-c00076,76,1405,1,1,1,True,False,satisfied,27.7299,24.8,31,1,198.8963328767568,198.8963328767568,8.44645919278264,0.0062908511608839035,207.3490829207003
pessimistic,150,multistation,8,8,8,t01406-c00030,30,1406,3,0,3,True,False,cancelled_late,27.9741,0.0,0,1,7.038207957521081,46.716707991436124,0.019416911527514458,0.012916047126054764,46.74904095008969
pessimistic,150,multistation,8,8,8,t01407-c00030,30,1407,3,0,3,True,False,satisfied,28.0627,24.8,31,1,35.335749853402376,106.8858748767525,28.15183298662305,0.014042016118764877,135.0517498794943
pessimistic,150,multistation,8,8,8,t01407-c00045,45,1407,5,0,5,True,False,cancelled_early,25.305,0.0,0,1,7.659832946956158,134.9721250589937,0.10100007057189941,0.008999835699796677,135.0821249652654
pessimistic,150,multistation,8,8,8,t01408-c00045,45,1408,10,0,10,True,False,satisfied,22.6557,10.0,25,1,9.954166132956743,170.00604094937444,0.02637505531311035,0.017167069017887115,170.04958307370543
pessimistic,150,multistation,8,8,8,t01410-c00033,33,1410,2,0,2,True,False,no_show,21.8244,0.0,0,1,75.35783317871392,211.75512508489192,206.88991690985858,0.013708136975765228,418.65875013172626
pessimistic,150,multistation,8,8,8,t01410-c00051,51,1410,15,0,15,True,False,satisfied,25.2834,16.2,27,1,23.864541901275516,418.5749168973416,0.1116250641644001,0.012082979083061218,418.69862494058907
pessimistic,150,multistation,8,8,8,t01410-c00110,110,1410,10,0,10,True,False,cancelled_late,14.6925,0.0,0,1,6.5338751301169395,393.46712501719594,25.224833050742745,0.008499948307871819,418.70045801624656
pessimistic,150,multistation,8,8,8,t01411-c00084,84,1411,4,0,4,True,False,cancelled_late,18.4602,0.0,0,1,10.334583930671215,59.08766691572964,0.024625100195407867,0.01395796425640583,59.126249980181456
pessimistic,150,multistation,8,8,8,t01413-c00021,21,1413,14,0,14,True,False,satisfied,16.0759,9.2,23,1,13.74212489463389,358.72304206714034,0.029207905754446983,0.02037500962615013,358.77262498252094
pessimistic,150,multistation,8,8,8,t01413-c00084,84,1413,7,0,7,True,False,cancelled_late,24.252,0.0,0,1,87.79599983245134,295.9849159233272,62.822042033076286,0.008707866072654724,358.81566582247615
pessimistic,150,multistation,8,8,8,t01415-c00097,97,1415,9,0,9,True,False,cancelled_early,26.2542,0.0,0,1,8.304541930556297,114.41345792263746,0.03133411519229412,0.017208047211170197,114.46200008504093
pessimistic,150,multistation,8,8,8,t01416-c00097,97,1416,2,0,2,True,False,satisfied,16.8864,5.2,13,1,5.16066700220108,8.895709179341793,0.010040821507573128,0.008375151082873344,8.91412515193224
pessimistic,150,multistation,8,8,8,t01417-c00110,110,1417,10,0,10,True,False,satisfied,18.5887,5.6,14,1,5.446708062663674,77.63975020498037,0.03024982288479805,0.01812516711652279,77.6881251949817
pessimistic,150,multistation,8,8,8,t01418-c00084,84,1418,14,0,14,True,False,cancelled_late,17.057,0.0,0,1,11.220375075936317,177.04404098913074,0.029792077839374542,0.02037500962615013,177.09420807659626
pessimistic,150,multistation,8,8,8,t01419-c00072,72,1419,4,0,4,True,False,cancelled_late,26.2864,0.0,0,1,16.84887520968914,49.84129103831947,12.637792155146599,0.015582889318466187,62.49466608278453
pessimistic,150,multistation,8,8,8,t01419-c00084,84,1419,5,0,5,True,False,cancelled_late,17.0693,0.0,0,1,5.649083061143756,62.4096670653671,0.12637488543987274,0.009041046723723412,62.5450829975307
pessimistic,150,multistation,8,8,8,t01422-c00137,137,1422,5,0,5,True,False,satisfied,26.531,9.0,15,1,5.49475010484457,35.863166907802224,0.026833033189177513,0.013084150850772858,35.903084091842175
pessimistic,150,multistation,8,8,8,t01423-c00084,84,1423,10,0,10,True,False,satisfied,21.704,11.2,16,1,6.41787494532764,87.40266598761082,0.02774992026388645,0.01637497916817665,87.44679088704288
pessimistic,150,multistation,8,8,8,t01424-c00072,72,1424,3,0,3,True,False,satisfied,26.8723,9.8,14,1,6.373959127813578,21.572459023445845,0.019791070371866226,0.011625001206994057,21.603875095024705
pessimistic,150,multistation,8,8,8,t01425-c00008,8,1425,5,0,5,True,False,no_show,21.3059,0.0,0,1,3.087832825258374,26.484707836061716,0.01391698606312275,0.013082986697554588,26.511707808822393
pessimistic,150,multistation,8,8,8,t01425-c00133,133,1425,4,0,4,True,False,no_show,22.1177,0.0,0,1,7.969666039571166,22.781708044931293,3.745208028703928,0.006916932761669159,26.53383300639689
pessimistic,150,multistation,8,8,8,t01426-c00004,4,1426,3,0,3,True,False,satisfied,16.4127,4.0,8,1,23.510999977588654,40.57262488640845,0.015167053788900375,0.013082986697554588,40.6008749268949
pessimistic,150,multistation,8,8,8,t01426-c00068,68,1426,1,0,1,True,False,cancelled_early,29.1586,0.0,0,1,13.389416970312595,13.389416970312595,27.232958003878593,0.006375135853886604,40.628750110045075
pessimistic,150,multistation,8,8,8,t01426-c00135,135,1426,4,0,4,True,False,cancelled_late,12.4796,0.0,0,1,11.001999955624342,40.47224996611476,0.15474995598196983,0.005917157977819443,40.63291708007455
pessimistic,150,multistation,8,8,8,t01427-c00068,68,1427,1,0,1,True,False,cancelled_late,24.8361,0.0,0,1,22.21487509086728,22.21487509086728,76.88654097728431,0.011541880667209625,99.1129579488188
pessimistic,150,multistation,8,8,8,t01427-c00092,92,1427,1,0,1,True,False,no_show,21.0773,0.0,0,1,22.166958078742027,22.166958078742027,76.98254194110632,0.006082933396100998,99.15558295324445
pessimistic,150,multistation,8,8,8,t01427-c00135,135,1427,15,0,15,True,False,cancelled_late,22.2097,0.0,0,1,5.999249871820211,98.98945898748934,0.16095791943371296,0.011791940778493881,99.16220884770155
pessimistic,150,multistation,8,8,8,t01428-c00036,36,1428,40,4,0,False,True,abandoned,31.3812,0.0,0,0,,,,,
pessimistic,150,multistation,8,8,8,t01428-c00068,68,1428,1,0,1,True,False,cancelled_late,17.3586,0.0,0,1,19.73862503655255,19.73862503655255,44.459166936576366,0.012249918654561043,64.21004189178348
pessimistic,150,multistation,8,8,8,t01428-c00135,135,1428,11,0,11,True,False,satisfied,17.2241,6.3,9,1,4.730875138193369,64.120874973014,0.1363751944154501,0.01091696321964264,64.26816713064909
pessimistic,150,multistation,8,8,8,t01429-c00068,68,1429,1,0,1,True,False,no_show,26.6654,0.0,0,1,14.559500152245164,14.559500152245164,21.08591585420072,0.014499993994832039,35.65991600044072
pessimistic,150,multistation,8,8,8,t01431-c00053,53,1431,7,0,7,True,False,no_show,24.4645,0.0,0,1,15.867291949689388,65.62833394855261,20.386749878525734,0.020291190594434738,86.03537501767278
pessimistic,150,multistation,8,8,8,t01434-c00108,108,1434,40,4,0,False,True,abandoned,27.1056,0.0,0,0,,,,,
pessimistic,150,multistation,8,8,8,t01434-c00126,126,1434,1,0,1,True,False,cancelled_late,31.538,0.0,0,1,5.512000061571598,5.512000061571598,16.52095909230411,0.02008303999900818,22.053042193874717
pessimistic,150,multistation,8,8,8,t01437-c00126,126,1437,22,2,0,False,False,in_progress,31.7932,0.0,0,0,,,,,
