scenario,nb_cars,method,seed,world_seed,grid_seed,demand_id,car_id,slot,nb_stations,search_retries,nb_offers,confirmed,abandoned,outcome,energy_requested_kwh,energy_delivered_kwh,slots_charged,confirm_attempts,first_offer_ms,last_offer_ms,selection_ms,confirmation_ms,total_ms
pessimistic,150,bramev_nearest_offer,3,3,3,t00000-c00000,0,0,1,0,1,True,False,satisfied,17.9665,18.4,23,1,576.8522080034018,576.8522080034018,1095.0451249955222,0.01616694498807192,1671.913499943912
pessimistic,150,bramev_nearest_offer,3,3,3,t00000-c00013,13,0,4,1,4,True,False,no_show,24.9543,0.0,0,1,1897.1472920384258,3297.2454170230776,191.37662497814745,0.015291036106646061,3488.6373330373317
pessimistic,150,bramev_nearest_offer,3,3,3,t00000-c00018,18,0,1,0,1,True,False,no_show,23.0008,0.0,0,1,1336.2748340005055,1336.2748340005055,335.6617910321802,0.00866700429469347,1671.9452920369804
pessimistic,150,bramev_nearest_offer,3,3,3,t00000-c00027,27,0,2,1,2,True,False,satisfied,21.0637,7.7,11,1,1897.0937919802964,2668.1980000576004,820.451374980621,0.007833936251699924,3488.657208974473
pessimistic,150,bramev_nearest_offer,3,3,3,t00000-c00033,33,0,4,0,4,True,False,satisfied,18.7993,19.2,32,1,64.83454199042171,1468.8067500246689,203.1243749661371,0.008792034350335598,1671.9399170251563
pessimistic,150,bramev_nearest_offer,3,3,3,t00000-c00038,38,0,1,0,1,True,False,cancelled_early,17.9197,0.0,0,1,112.68862499855459,112.68862499855459,1559.2534589814022,0.005625071935355663,1671.9477090518922
pessimistic,150,bramev_nearest_offer,3,3,3,t00000-c00041,41,0,1,0,1,True,False,cancelled_early,23.7292,0.0,0,1,1635.9114169608802,1635.9114169608802,36.05287498794496,0.005707959644496441,1671.9699999084696
pessimistic,150,bramev_nearest_offer,3,3,3,t00000-c00078,78,0,1,0,1,True,False,satisfied,17.4699,16.8,21,1,502.9507919680327,502.9507919680327,1169.0281659830362,0.00466697383671999,1671.9836249249056
pessimistic,150,bramev_nearest_offer,3,3,3,t00000-c00097,97,0,3,0,3,True,False,cancelled_late,20.5892,0.0,0,1,64.74391696974635,576.647249981761,1095.3378330450505,0.005292007699608803,1671.990375034511
pessimistic,150,bramev_nearest_offer,3,3,3,t00000-c00101,101,0,1,0,1,True,False,cancelled_early,21.6002,0.0,0,1,1635.8445420628414,1635.8445420628414,36.150290980003774,0.004124944098293781,1671.9989579869434
pessimistic,150,bramev_nearest_offer,3,3,3,t00000-c00105,105,0,1,0,1,True,False,satisfied,20.659,21.0,35,1,1336.092457990162,1336.092457990162,335.90862492565066,0.003917026333510876,1672.0049999421462
pessimistic,150,bramev_nearest_offer,3,3,3,t00000-c00112,112,0,3,0,3,True,False,satisfied,19.1509,19.6,28,1,1336.071165977046,1671.6110409470275,0.3913340624421835,0.004415982402861118,1672.0067909918725
pessimistic,150,bramev_nearest_offer,3,3,3,t00000-c00127,127,0,2,1,2,True,False,satisfied,19.7518,14.0,28,1,1896.89270791132,2667.996915988624,820.6110839964822,0.004332978278398514,3488.6123329633847
pessimistic,150,bramev_nearest_offer,3,3,3,t00001-c00038,38,1,1,0,1,True,False,satisfied,19.5275,20.0,40,1,275.1085829222575,275.1085829222575,1540.136417024769,0.005666050128638744,1815.250665997155
pessimistic,150,bramev_nearest_offer,3,3,3,t00001-c00041,41,1,1,0,1,True,False,satisfied,24.6956,24.7389,31,1,1782.3077080538496,1782.3077080538496,32.93495893012732,0.004500034265220165,1815.2471670182422
pessimistic,150,bramev_nearest_offer,3,3,3,t00001-c00075,75,1,3,0,3,True,False,cancelled_early,16.3064,0.0,0,1,298.4855829272419,1815.0469999527559,0.1948330318555236,0.00500003807246685,1815.2468330226839
pessimistic,150,bramev_nearest_offer,3,3,3,t00001-c00101,101,1,1,0,1,True,False,no_show,21.8853,0.0,0,1,1782.2511249687523,1782.2511249687523,33.003624994307756,0.004125060513615608,1815.2588750235736
pessimistic,150,bramev_nearest_offer,3,3,3,t00002-c00075,75,2,2,0,2,True,False,no_show,20.2586,0.0,0,1,345.2746249968186,534.2454999918118,0.02316699828952551,0.02195802517235279,534.2906250152737
pessimistic,150,bramev_nearest_offer,3,3,3,t00002-c00126,126,2,3,0,3,True,False,cancelled_late,25.3832,0.0,0,1,87.3155000153929,534.2081249691546,0.12750003952533007,0.008291914127767086,534.3439169228077
pessimistic,150,bramev_nearest_offer,3,3,3,t00004-c00015,15,4,1,0,1,True,False,no_show,14.8992,0.0,0,1,105.60641705524176,105.60641705524176,0.02079200930893421,0.0297910301014781,105.65700009465218
pessimistic,150,bramev_nearest_offer,3,3,3,t00004-c00126,126,4,1,0,1,True,False,no_show,23.3447,0.0,0,1,83.20004201959819,83.20004201959819,22.50545797869563,0.009707990102469921,105.71520798839629
pessimistic,150,bramev_nearest_offer,3,3,3,t00005-c00097,97,5,1,0,1,True,False,cancelled_early,17.3206,0.0,0,1,21.70308295171708,21.70308295171708,0.021541956812143326,0.013542012311518192,21.73816692084074
pessimistic,150,bramev_nearest_offer,3,3,3,t00006-c00097,97,6,1,0,1,True,False,satisfied,19.0593,19.6,28,1,25.980083970353007,25.980083970353007,0.021625077351927757,0.01754099503159523,26.01925004273653
pessimistic,150,bramev_nearest_offer,3,3,3,t00007-c00109,109,7,3,0,3,True,False,satisfied,20.8759,21.0,42,1,44.23133400268853,134.86804196145386,0.028125010430812836,0.020417035557329655,134.916584007442
pessimistic,150,bramev_nearest_offer,3,3,3,t00009-c00124,124,9,6,0,6,True,False,satisfied,24.5147,24.8,31,1,41.28091607708484,233.3731660619378,0.03312493208795786,0.02037500962615013,233.42666600365192
pessimistic,150,bramev_nearest_offer,3,3,3,t00012-c00022,22,12,2,0,2,True,False,no_show,21.2221,0.0,0,1,50.33304204698652,138.9281670562923,37.78258292004466,0.017708982340991497,176.72845895867795
pessimistic,150,bramev_nearest_offer,3,3,3,t00012-c00106,106,12,3,0,3,True,False,cancelled_early,16.0781,0.0,0,1,72.19916698522866,176.64583295118064,0.12358406092971563,0.00829098280519247,176.77770799491554
pessimistic,150,bramev_nearest_offer,3,3,3,t00013-c00106,106,13,2,0,2,True,False,satisfied,17.6826,18.0,30,1,27.132250019349158,41.360334027558565,0.025250017642974854,0.013874960131943226,41.39945900533348
pessimistic,150,bramev_nearest_offer,3,3,3,t00014-c00008,8,14,1,0,1,True,False,cancelled_early,22.1245,0.0,0,1,18.604459008201957,18.604459008201957,0.014582998119294643,0.016291975043714046,18.635333981364965
pessimistic,150,bramev_nearest_offer,3,3,3,t00015-c00002,2,15,1,0,1,True,False,cancelled_early,18.0403,0.0,0,1,78.5566660342738,78.5566660342738,0.01637497916817665,0.018124934285879135,78.59116594772786
pessimistic,150,bramev_nearest_offer,3,3,3,t00015-c00008,8,15,1,0,1,True,False,cancelled_late,26.4787,0.0,0,1,78.4922920865938,78.4922920865938,0.12766593135893345,0.006583984941244125,78.62654200289398
pessimistic,150,bramev_nearest_offer,3,3,3,t00015-c00079,79,15,2,0,2,True,False,cancelled_early,19.5145,0.0,0,1,31.528667081147432,78.44308402854949,0.17516606021672487,0.006166985258460045,78.62441707402468
pessimistic,150,bramev_nearest_offer,3,3,3,t00016-c00002,2,16,1,0,1,True,False,satisfied,20.9447,21.6,27,1,233.77754201646894,233.77754201646894,0.01254095695912838,0.015291967429220676,233.8053749408573
pessimistic,150,bramev_nearest_offer,3,3,3,t00016-c00008,8,16,1,0,1,True,False,cancelled_early,28.7992,0.0,0,1,221.5650420403108,221.5650420403108,12.292583007365465,0.008082948625087738,233.86570799630135
pessimistic,150,bramev_nearest_offer,3,3,3,t00016-c00079,79,16,2,0,2,True,False,satisfied,17.8057,18.0,30,1,27.809916995465755,221.53000009711832,12.355458922684193,0.007207971066236496,233.89266699086875
pessimistic,150,bramev_nearest_offer,3,3,3,t00017-c00008,8,17,1,0,1,True,False,cancelled_late,26.0373,0.0,0,1,48.63808292429894,48.63808292429894,0.015500001609325409,0.014458084478974342,48.66804101038724
pessimistic,150,bramev_nearest_offer,3,3,3,t00019-c00032,32,19,1,0,1,True,False,cancelled_late,15.8298,0.0,0,1,20.65562503412366,20.65562503412366,0.013124896213412285,0.011541065759956837,20.68029099609703
pessimistic,150,bramev_nearest_offer,3,3,3,t00019-c00148,148,19,1,0,1,True,False,satisfied,17.9054,8.4,12,1,6.618584040552378,6.618584040552378,14.100166037678719,0.005958951078355312,20.72470902930945
pessimistic,150,bramev_nearest_offer,3,3,3,t00020-c00008,8,20,2,0,2,True,False,no_show,31.0756,0.0,0,1,61.928207986056805,165.87220795918256,104.11083395592868,0.018457998521625996,270.00149991363287
pessimistic,150,bramev_nearest_offer,3,3,3,t00020-c00088,88,20,2,0,2,True,False,satisfied,28.1212,28.5,57,1,144.50275001581758,269.9291250901297,0.12141698971390724,0.008624978363513947,270.0591670582071
pessimistic,150,bramev_nearest_offer,3,3,3,t00021-c00073,73,21,1,0,1,True,False,no_show,21.953,0.0,0,1,251.91287498455495,251.91287498455495,0.01950003206729889,0.01395796425640583,251.94633298087865
pessimistic,150,bramev_nearest_offer,3,3,3,t00021-c00146,146,21,6,0,6,True,False,no_show,21.9712,0.0,0,1,49.97495794668794,239.54079195391387,12.446500011719763,0.009665964171290398,251.99695792980492
pessimistic,150,bramev_nearest_offer,3,3,3,t00022-c00096,96,22,2,0,2,True,False,satisfied,23.916,24.0,30,1,27.93345891404897,70.15754200983793,0.02304196823388338,0.01654098741710186,70.19712496548891
pessimistic,150,bramev_nearest_offer,3,3,3,t00023-c00039,39,23,1,0,1,True,False,satisfied,29.7517,30.0,60,1,761.8300829781219,761.8300829781219,0.01666706521064043,0.019291997887194157,761.8660420412198
pessimistic,150,bramev_nearest_offer,3,3,3,t00023-c00045,45,23,2,0,2,True,False,satisfied,18.3228,18.6,31,1,198.0250000488013,761.800125008449,0.11937494855374098,0.008792034350335598,761.928291991353
pessimistic,150,bramev_nearest_offer,3,3,3,t00023-c00139,139,23,7,0,7,True,False,satisfied,13.0243,13.2,33,1,42.50879096798599,376.56287499703467,385.3703329805285,0.0076669966802001,761.9408749742433
pessimistic,150,bramev_nearest_offer,3,3,3,t00026-c00057,57,26,2,0,2,True,False,satisfied,24.4415,24.6,41,1,52.061624941416085,81.77987497765571,0.020292005501687527,0.017542042769491673,81.81770902592689
pessimistic,150,bramev_nearest_offer,3,3,3,t00026-c00098,98,26,1,1,1,True,False,no_show,23.9447,0.0,0,1,122.90362501516938,122.90362501516938,0.021332991309463978,0.015209079720079899,122.94016708619893
pessimistic,150,bramev_nearest_offer,3,3,3,t00028-c00060,60,28,5,0,5,True,False,no_show,22.9036,0.0,0,1,28.698832960799336,179.64245798066258,0.024791923351585865,0.01870805863291025,179.68595796264708
pessimistic,150,bramev_nearest_offer,3,3,3,t00033-c00015,15,33,2,0,2,True,False,cancelled_late,22.5645,0.0,0,1,243.50562505424023,531.1640000436455,0.02045894507318735,0.018457998521625996,531.2029169872403
pessimistic,150,bramev_nearest_offer,3,3,3,t00033-c00032,32,33,3,0,3,True,False,satisfied,14.36,14.4,36,1,30.474666971713305,531.1275830026716,0.1413749996572733,0.0076669966802001,531.2766249990091
pessimistic,150,bramev_nearest_offer,3,3,3,t00036-c00015,15,36,1,0,1,True,False,cancelled_late,19.1241,0.0,0,1,63.80804197397083,63.80804197397083,0.010958057828247547,0.011999974958598614,63.83100000675768
pessimistic,150,bramev_nearest_offer,3,3,3,t00036-c00144,144,36,1,0,1,True,False,satisfied,14.2729,14.5,29,1,49.56554190721363,49.56554190721363,14.313500025309622,0.006417045369744301,63.885458977892995
pessimistic,150,bramev_nearest_offer,3,3,3,t00037-c00043,43,37,1,0,1,True,False,satisfied,11.9815,5.6,8,1,142.0413750456646,142.0413750456646,0.014416989870369434,0.013999990187585354,142.06979202572256
pessimistic,150,bramev_nearest_offer,3,3,3,t00037-c00149,149,37,4,0,4,True,False,cancelled_late,24.4242,0.0,0,1,33.94508303608745,136.26295805443078,5.860166973434389,0.010041054338216782,142.1331660822034
pessimistic,150,bramev_nearest_offer,3,3,3,t00039-c00018,18,39,1,0,1,True,False,cancelled_late,26.2346,0.0,0,1,33.09933398850262,33.09933398850262,419.7015829849988,0.016042031347751617,452.8169590048492
pessimistic,150,bramev_nearest_offer,3,3,3,t00039-c00031,31,39,4,0,4,True,False,cancelled_early,22.0802,0.0,0,1,132.2320830076933,452.7499160030857,0.12695894110947847,0.009541050530970097,452.8864159947261
pessimistic,150,bramev_nearest_offer,3,3,3,t00040-c00031,31,40,6,0,6,True,False,cancelled_late,23.5194,0.0,0,1,90.56024998426437,721.0110420128331,0.02020795363932848,0.01637497916817665,721.0476249456406
pessimistic,150,bramev_nearest_offer,3,3,3,t00040-c00104,104,40,3,1,3,True,False,satisfied,14.3046,9.6,12,1,727.6003330480307,805.4047919576988,0.026000081561505795,0.013457960449159145,805.4442499997094
pessimistic,150,bramev_nearest_offer,3,3,3,t00040-c00133,133,40,1,0,1,True,False,breakdown,32.358,0.0,0,1,657.9307080246508,657.9307080246508,63.1369169568643,0.0072499969974160194,721.0748749785125
pessimistic,150,bramev_nearest_offer,3,3,3,t00041-c00149,149,41,1,0,1,True,False,satisfied,26.9643,27.2,34,1,52.15170804876834,52.15170804876834,31.104709021747112,0.006415997631847858,83.2628330681473
pessimistic,150,bramev_nearest_offer,3,3,3,t00043-c00015,15,43,1,0,1,True,False,cancelled_late,23.9897,0.0,0,1,16.109833028167486,16.109833028167486,0.010292045772075653,0.010665971785783768,16.130791045725346
pessimistic,150,bramev_nearest_offer,3,3,3,t00044-c00054,54,44,1,0,1,True,False,no_show,19.257,0.0,0,1,81.7907500313595,81.7907500313595,22.402958013117313,0.012708944268524647,104.20641698874533
pessimistic,150,bramev_nearest_offer,3,3,3,t00044-c00061,61,44,3,0,3,True,False,cancelled_late,27.6615,0.0,0,1,37.490666029043496,104.14654097985476,0.09208405390381813,0.007874914444983006,104.24649994820356
pessimistic,150,bramev_nearest_offer,3,3,3,t00044-c00092,92,44,1,1,1,True,False,satisfied,18.0855,11.9,17,1,163.92991703469306,163.92991703469306,183.83391690440476,0.005208072252571583,347.7690420113504
pessimistic,150,bramev_nearest_offer,3,3,3,t00045-c00015,15,45,1,0,1,True,False,cancelled_early,20.0307,0.0,0,1,95.07612499874085,95.07612499874085,147.05562498420477,0.015416997484862804,242.14716698043048
pessimistic,150,bramev_nearest_offer,3,3,3,t00045-c00018,18,45,1,0,1,True,False,satisfied,28.5962,28.6746,41,1,50.97824998665601,50.97824998665601,191.22287502977997,0.007041962817311287,242.2081669792533
pessimistic,150,bramev_nearest_offer,3,3,3,t00045-c00031,31,45,2,0,2,True,False,cancelled_late,19.9105,0.0,0,1,168.10174996498972,242.05670901574194,0.1534998882561922,0.006458023563027382,242.21666692756116
pessimistic,150,bramev_nearest_offer,3,3,3,t00046-c00015,15,46,1,0,1,True,False,cancelled_early,23.0993,0.0,0,1,57.35495896078646,57.35495896078646,15.513582970015705,0.012708012945950031,72.88124994374812
pessimistic,150,bramev_nearest_offer,3,3,3,t00046-c00072,72,46,1,0,1,True,False,no_show,19.6427,0.0,0,1,57.31699999887496,57.31699999887496,15.606375061906874,0.005874899215996265,72.92924995999783
pessimistic,150,bramev_nearest_offer,3,3,3,t00046-c00115,115,46,1,0,1,True,False,satisfied,16.1629,16.5,33,1,72.7866250090301,72.7866250090301,0.1380828907713294,0.004250090569257736,72.92895799037069
pessimistic,150,bramev_nearest_offer,3,3,3,t00047-c00015,15,47,3,0,3,True,False,satisfied,24.95,25.2,42,1,37.86754189059138,749.1964169312268,0.017457990907132626,0.017291982658207417,749.2311669047922
pessimistic,150,bramev_nearest_offer,3,3,3,t00047-c00037,37,47,1,0,1,True,False,satisfied,31.3318,31.2,52,1,749.166666995734,749.166666995734,0.1022910000756383,0.006166985258460045,749.2751249810681
pessimistic,150,bramev_nearest_offer,3,3,3,t00048-c00061,61,48,2,0,2,True,False,satisfied,23.8313,15.2,19,1,26.845333981327713,33.85216696187854,0.018249964341521263,0.012625008821487427,33.88304193504155
pessimistic,150,bramev_nearest_offer,3,3,3,t00049-c00075,75,49,1,0,1,True,False,satisfied,21.3694,21.5,43,1,38.73737493995577,38.73737493995577,0.01770805101841688,0.011708005331456661,38.766790996305645
pessimistic,150,bramev_nearest_offer,3,3,3,t00050-c00113,113,50,1,0,1,True,False,cancelled_late,23.4518,0.0,0,1,9.18245897628367,9.18245897628367,0.012499978765845299,0.009875046089291573,9.204834001138806
pessimistic,150,bramev_nearest_offer,3,3,3,t00052-c00031,31,52,3,0,3,True,False,satisfied,24.7961,24.8,62,1,131.2995000043884,360.3359169792384,0.01670804340392351,0.013582990504801273,360.3662080131471
pessimistic,150,bramev_nearest_offer,3,3,3,t00052-c00056,56,52,1,0,1,True,False,no_show,24.1718,0.0,0,1,24.53354198951274,24.53354198951274,335.86283295881003,0.006292015314102173,360.4026669636369
pessimistic,150,bramev_nearest_offer,3,3,3,t00053-c00085,85,53,1,0,1,True,False,cancelled_early,25.5702,0.0,0,1,27.533542015589774,27.533542015589774,0.01795799471437931,0.010624993592500687,27.562125003896654
pessimistic,150,bramev_nearest_offer,3,3,3,t00053-c00111,111,53,1,0,1,True,False,satisfied,16.9529,4.0,5,1,7.578791934065521,7.578791934065521,20.022707991302013,0.006125075742602348,27.607625001110137
pessimistic,150,bramev_nearest_offer,3,3,3,t00054-c00067,67,54,1,0,1,True,False,satisfied,25.6181,25.8,43,1,26.7080410849303,26.7080410849303,15.632874914444983,0.01100008375942707,42.35191608313471
pessimistic,150,bramev_nearest_offer,3,3,3,t00054-c00085,85,54,1,0,1,True,False,cancelled_early,21.6919,0.0,0,1,42.29308292269707,42.29308292269707,0.08979206904768944,0.005582929588854313,42.38845792133361
pessimistic,150,bramev_nearest_offer,3,3,3,t00055-c00085,85,55,1,0,1,True,False,no_show,23.7416,0.0,0,1,18.088749959133565,18.088749959133565,0.015750061720609665,0.010665971785783768,18.11516599263996
pessimistic,150,bramev_nearest_offer,3,3,3,t00057-c00017,17,57,1,0,1,True,False,cancelled_early,15.6739,0.0,0,1,5.221207975409925,5.221207975409925,102.16458409558982,0.011665979400277138,107.39745805040002
pessimistic,150,bramev_nearest_offer,3,3,3,t00057-c00020,20,57,2,0,2,True,False,satisfied,23.1623,23.2,29,1,92.4463749397546,107.34387498814613,0.10570790618658066,0.006667105481028557,107.45624999981374
pessimistic,150,bramev_nearest_offer,3,3,3,t00057-c00108,108,57,2,0,2,True,False,satisfied,16.8822,17.0,34,1,43.60524995718151,107.31454193592072,0.14404207468032837,0.005415990017354488,107.4640000006184
pessimistic,150,bramev_nearest_offer,3,3,3,t00058-c00017,17,58,1,1,1,True,False,satisfied,11.6135,3.2,4,1,299.5009169680998,299.5009169680998,54.751249961555004,0.011958065442740917,354.2641249950975
pessimistic,150,bramev_nearest_offer,3,3,3,t00058-c00036,36,58,1,0,1,True,False,cancelled_early,10.6418,0.0,0,1,20.649541984312236,20.649541984312236,272.196542005986,0.011916039511561394,292.8580000298098
pessimistic,150,bramev_nearest_offer,3,3,3,t00058-c00100,100,58,2,0,2,True,False,no_show,20.2087,0.0,0,1,270.44758398551494,292.79679199680686,0.11920800898224115,0.007625087164342403,292.92362509295344
pessimistic,150,bramev_nearest_offer,3,3,3,t00058-c00113,113,58,2,0,2,True,False,cancelled_early,19.7448,0.0,0,1,270.4246250214055,292.7739580627531,0.15166692901402712,0.005415990017354488,292.93104098178446
pessimistic,150,bramev_nearest_offer,3,3,3,t00058-c00129,129,58,1,0,1,True,False,satisfied,17.7402,18.0,30,1,15.352207934483886,15.352207934483886,277.5844170246273,0.004917033948004246,292.9415419930592
pessimistic,150,bramev_nearest_offer,3,3,3,t00059-c00036,36,59,1,0,1,True,False,no_show,17.4818,0.0,0,1,13.021124992519617,13.021124992519617,47.07366705406457,0.0066659413278102875,60.101457987912
pessimistic,150,bramev_nearest_offer,3,3,3,t00059-c00095,95,59,1,0,1,True,False,cancelled_early,18.6057,0.0,0,1,50.647999974898994,50.647999974898994,9.447208023630083,0.005041947588324547,60.1002499461174
pessimistic,150,bramev_nearest_offer,3,3,3,t00059-c00113,113,59,2,0,2,True,False,cancelled_late,22.6139,0.0,0,1,29.828791972249746,59.9429999710992,0.1687919721007347,0.005958019755780697,60.11774996295571
pessimistic,150,bramev_nearest_offer,3,3,3,t00060-c00022,22,60,2,0,2,True,False,no_show,29.6228,0.0,0,1,43.81741594988853,98.68858300615102,0.014082994312047958,0.012416974641382694,98.71508297510445
pessimistic,150,bramev_nearest_offer,3,3,3,t00060-c00095,95,60,1,0,1,True,False,cancelled_early,19.1416,0.0,0,1,76.04204199742526,76.04204199742526,22.6948750205338,0.006125075742602348,98.74304209370166
pessimistic,150,bramev_nearest_offer,3,3,3,t00061-c00051,51,61,1,0,1,True,False,no_show,18.3626,0.0,0,1,5.953541025519371,5.953541025519371,89.38591694459319,0.011541997082531452,95.3509999671951
pessimistic,150,bramev_nearest_offer,3,3,3,t00061-c00095,95,61,1,0,1,True,False,satisfied,18.8513,18.0,45,1,42.71454201079905,42.71454201079905,52.66275000758469,0.005999929271638393,95.38329194765538
pessimistic,150,bramev_nearest_offer,3,3,3,t00061-c00101,101,61,1,0,1,True,False,satisfied,29.2462,23.6,59,1,95.26633296627551,95.26633296627551,0.11991697829216719,0.004291068762540817,95.39054101333022
pessimistic,150,bramev_nearest_offer,3,3,3,t00064-c00046,46,64,1,0,1,True,False,no_show,26.3585,0.0,0,1,21.64454199373722,21.64454199373722,0.011041993275284767,0.01100008375942707,21.666584070771933
pessimistic,150,bramev_nearest_offer,3,3,3,t00064-c00113,113,64,2,0,1,True,False,cancelled_late,17.684,0.0,0,1,14.045041985809803,14.045041985809803,7.641832926310599,0.005917041562497616,21.6927919536829
pessimistic,150,bramev_nearest_offer,3,3,3,t00065-c00060,60,65,4,1,4,True,False,satisfied,28.7216,28.8,36,1,20.589167019352317,205.0245840800926,4.379124962724745,0.009916024282574654,209.41362506709993
pessimistic,150,bramev_nearest_offer,3,3,3,t00066-c00025,25,66,1,0,1,True,False,cancelled_late,20.0373,0.0,0,1,34.888208960182965,34.888208960182965,173.39154100045562,0.018208986148238182,208.29795894678682
pessimistic,150,bramev_nearest_offer,3,3,3,t00066-c00093,93,66,1,0,1,True,False,satisfied,19.5125,6.3,9,1,34.84220802783966,34.84220802783966,173.55083394795656,0.00558304600417614,208.3986250218004
pessimistic,150,bramev_nearest_offer,3,3,3,t00066-c00123,123,66,2,0,1,True,False,no_show,16.6385,0.0,0,1,49.963833997026086,49.963833997026086,158.43391604721546,0.00508397351950407,208.40283401776105
pessimistic,150,bramev_nearest_offer,3,3,3,t00067-c00141,141,67,1,0,1,True,False,cancelled_late,24.9706,0.0,0,1,141.40116597991437,141.40116597991437,0.02562499139457941,0.0153339933604002,141.44212496466935
pessimistic,150,bramev_nearest_offer,3,3,3,t00069-c00113,113,69,1,0,1,True,False,cancelled_late,18.0233,0.0,0,1,9.790832991711795,9.790832991711795,0.013167038559913635,0.01054094173014164,9.81454097200185
pessimistic,150,bramev_nearest_offer,3,3,3,t00070-c00126,126,70,3,0,3,True,False,satisfied,28.1654,17.2,43,1,413.1066659465432,596.016165916808,0.025625107809901237,0.015249941498041153,596.0570409661159
pessimistic,150,bramev_nearest_offer,3,3,3,t00070-c00146,146,70,2,0,2,True,False,no_show,29.7039,0.0,0,1,413.0760000552982,565.8830830361694,30.212583020329475,0.006792019121348858,596.1024580756202
pessimistic,150,bramev_nearest_offer,3,3,3,t00071-c00012,12,71,1,1,1,True,False,satisfied,24.5607,25.0,50,1,29.857874964363873,29.857874964363873,53.589917020872235,0.013666925951838493,83.46145891118795
pessimistic,150,bramev_nearest_offer,3,3,3,t00072-c00030,30,72,1,0,1,True,False,satisfied,30.2497,30.4,38,1,82.38287502899766,82.38287502899766,0.0922909239307046,0.005709007382392883,82.48087496031076
pessimistic,150,bramev_nearest_offer,3,3,3,t00072-c00090,90,72,1,1,1,True,False,satisfied,23.1512,16.8,24,1,197.6651670411229,197.6651670411229,44.84920797403902,0.013999990187585354,242.52837500534952
pessimistic,150,bramev_nearest_offer,3,3,3,t00072-c00094,94,72,1,0,1,True,False,satisfied,19.8038,11.6,29,1,53.19616699125618,53.19616699125618,29.256375040858984,0.004832982085645199,82.4573750142008
pessimistic,150,bramev_nearest_offer,3,3,3,t00073-c00141,141,73,2,0,2,True,False,no_show,23.1261,0.0,0,1,102.045709034428,158.82387501187623,0.10537495836615562,0.0076669966802001,158.93691696692258
pessimistic,150,bramev_nearest_offer,3,3,3,t00073-c00142,142,73,1,1,1,True,False,no_show,19.3416,0.0,0,1,174.85491698607802,174.85491698607802,68.77404102124274,0.004208995960652828,243.63316700328141
pessimistic,150,bramev_nearest_offer,3,3,3,t00074-c00053,53,74,1,0,1,True,False,no_show,22.8361,0.0,0,1,83.42691697180271,83.42691697180271,0.018000020645558834,0.01366704236716032,83.45858403481543
pessimistic,150,bramev_nearest_offer,3,3,3,t00074-c00064,64,74,2,1,2,True,False,no_show,22.3459,0.0,0,1,118.59991704113781,188.0939999828115,11.75295899156481,0.013875076547265053,199.8608340509236
pessimistic,150,bramev_nearest_offer,3,3,3,t00074-c00113,113,74,1,0,1,True,False,satisfied,19.3652,6.4,8,1,14.776125084608793,14.776125084608793,68.70120798703283,0.00666698906570673,83.48400006070733
pessimistic,150,bramev_nearest_offer,3,3,3,t00074-c00132,132,74,1,0,1,True,False,cancelled_early,21.6049,0.0,0,1,83.34529201965779,83.34529201965779,0.14237500727176666,0.004375004209578037,83.49204203113914
pessimistic,150,bramev_nearest_offer,3,3,3,t00074-c00147,147,74,1,0,1,True,False,satisfied,19.4661,7.8,13,1,22.294667083770037,22.294667083770037,61.21779198292643,0.004165922291576862,83.51662498898804
pessimistic,150,bramev_nearest_offer,3,3,3,t00075-c00013,13,75,1,1,1,True,False,satisfied,31.1025,22.0,55,1,166.11374996136874,166.11374996136874,0.01366704236716032,0.010916031897068024,166.13833303563297
pessimistic,150,bramev_nearest_offer,3,3,3,t00075-c00132,132,75,2,0,2,True,False,cancelled_late,21.624,0.0,0,1,97.82104194164276,115.06316694431007,0.09920797310769558,0.006625079549849033,115.16899999696761
pessimistic,150,bramev_nearest_offer,3,3,3,t00078-c00007,7,78,1,0,1,True,False,satisfied,20.532,6.5,13,1,6.901166052557528,6.901166052557528,6.3310000114142895,0.014625024050474167,13.246791088022292
pessimistic,150,bramev_nearest_offer,3,3,3,t00078-c00143,143,78,1,0,1,True,False,satisfied,24.9583,5.6,8,1,13.182041002437472,13.182041002437472,0.11837505735456944,0.0076249707490205765,13.308041030541062
pessimistic,150,bramev_nearest_offer,3,3,3,t00079-c00008,8,79,1,0,1,True,False,cancelled_early,35.481,0.0,0,1,84.28691606968641,84.28691606968641,0.015874975360929966,0.01466704998165369,84.317458095029
pessimistic,150,bramev_nearest_offer,3,3,3,t00079-c00073,73,79,1,0,1,True,False,breakdown,34.3858,0.0,0,1,84.24395800102502,84.24395800102502,0.12216693721711636,0.006749993190169334,84.3728749314323
pessimistic,150,bramev_nearest_offer,3,3,3,t00080-c00008,8,80,1,0,1,True,False,satisfied,35.8185,19.6,28,1,16.35170797817409,16.35170797817409,0.008541974239051342,0.01016608439385891,16.370416036807
pessimistic,150,bramev_nearest_offer,3,3,3,t00083-c00025,25,83,1,1,1,True,False,satisfied,13.0626,4.8,8,1,11.69762504287064,11.69762504287064,265.3031670488417,0.015457975678145885,277.0162500673905
pessimistic,150,bramev_nearest_offer,3,3,3,t00083-c00054,54,83,3,1,2,True,False,cancelled_early,23.6638,0.0,0,1,33.10120909009129,240.82945904228836,36.262999987229705,0.0071249669417738914,277.09958399645984
pessimistic,150,bramev_nearest_offer,3,3,3,t00083-c00074,74,83,4,1,3,True,False,no_show,18.6625,0.0,0,1,65.34004199784249,272.9309999849647,4.179167095571756,0.005582929588854313,277.11575001012534
pessimistic,150,bramev_nearest_offer,3,3,3,t00083-c00107,107,83,1,1,1,True,False,no_show,24.3712,0.0,0,1,11.60704204812646,11.60704204812646,265.5047499574721,0.00500003807246685,277.116792043671
pessimistic,150,bramev_nearest_offer,3,3,3,t00084-c00027,27,84,1,0,1,True,False,satisfied,17.3879,16.8,24,1,12.886500102467835,12.886500102467835,259.0412918943912,0.007417052984237671,271.93520904984325
pessimistic,150,bramev_nearest_offer,3,3,3,t00085-c00054,54,85,2,0,1,True,False,cancelled_late,20.0344,0.0,0,1,52.438999991863966,52.438999991863966,97.02016704250127,0.01716695260256529,149.4763339869678
pessimistic,150,bramev_nearest_offer,3,3,3,t00085-c00081,81,85,4,0,4,True,False,satisfied,18.0983,5.0,10,1,33.773417002521455,140.66866703797132,8.862916962243617,0.009041046723723412,149.54062504693866
pessimistic,150,bramev_nearest_offer,3,3,3,t00085-c00103,103,85,7,2,6,True,False,cancelled_late,26.2534,0.0,0,1,236.38587503228337,958.1177090294659,12.411582982167602,0.0069999368861317635,970.5362919485196
pessimistic,150,bramev_nearest_offer,3,3,3,t00086-c00029,29,86,1,0,1,True,False,satisfied,18.4113,3.0,6,1,34.000375075265765,34.000375075265765,5.242083920165896,0.010707997716963291,39.253166993148625
pessimistic,150,bramev_nearest_offer,3,3,3,t00086-c00086,86,86,2,0,2,True,False,cancelled_early,19.471,0.0,0,1,27.599958004429936,39.19450007379055,0.08941697888076305,0.006875023245811462,39.290792075917125
pessimistic,150,bramev_nearest_offer,3,3,3,t00087-c00054,54,87,2,0,1,True,False,satisfied,22.978,22.4,28,1,676.4964159810916,676.4964159810916,102.66704205423594,0.014332938008010387,779.1777909733355
pessimistic,150,bramev_nearest_offer,3,3,3,t00087-c00084,84,87,1,0,1,True,False,satisfied,18.7167,18.8,47,1,274.8966249637306,274.8966249637306,504.33620798867196,0.007834052667021751,779.2406670050696
pessimistic,150,bramev_nearest_offer,3,3,3,t00087-c00086,86,87,2,0,2,True,False,cancelled_late,20.9769,0.0,0,1,676.4375830534846,779.0865829447284,0.1597920199856162,0.006415997631847858,779.2527909623459
pessimistic,150,bramev_nearest_offer,3,3,3,t00088-c00122,122,88,1,0,1,True,False,satisfied,18.6286,3.0,6,1,5.33279194496572,5.33279194496572,0.014291028492152691,0.009624985978007317,5.35670795943588
pessimistic,150,bramev_nearest_offer,3,3,3,t00089-c00068,68,89,2,0,2,True,False,no_show,20.3731,0.0,0,1,55.435166927054524,68.70466703549027,0.019165920093655586,0.014167046174407005,68.73800000175834
pessimistic,150,bramev_nearest_offer,3,3,3,t00089-c00103,103,89,1,0,1,True,False,cancelled_late,22.2576,0.0,0,1,60.14716706704348,60.14716706704348,8.62820795737207,0.006417045369744301,68.7817920697853
pessimistic,150,bramev_nearest_offer,3,3,3,t00091-c00056,56,91,1,0,1,True,False,cancelled_late,25.4007,0.0,0,1,6.477833027020097,6.477833027020097,0.008584000170230865,0.00829098280519247,6.49470800999552
pessimistic,150,bramev_nearest_offer,3,3,3,t00092-c00042,42,92,1,1,1,True,False,no_show,20.2933,0.0,0,1,38.47329202108085,38.47329202108085,0.017583020962774754,0.012208009138703346,38.50308305118233
pessimistic,150,bramev_nearest_offer,3,3,3,t00092-c00069,69,92,1,1,1,True,False,cancelled_late,23.5276,0.0,0,1,38.44129201024771,38.44129201024771,0.08579192217439413,0.006208079867064953,38.53329201228917
pessimistic,150,bramev_nearest_offer,3,3,3,t00094-c00062,62,94,2,1,2,True,False,satisfied,20.6991,0.8,1,1,141.42045890912414,331.92508399952203,170.08945799898356,0.006707967258989811,502.0212499657646
pessimistic,150,bramev_nearest_offer,3,3,3,t00094-c00089,89,94,3,1,2,True,False,cancelled_late,13.8391,0.0,0,1,137.44116702582687,331.8917079595849,170.1245839940384,0.005041016265749931,502.02133296988904
pessimistic,150,bramev_nearest_offer,3,3,3,t00094-c00123,123,94,1,0,1,True,False,cancelled_early,22.9493,0.0,0,1,8.99050000589341,8.99050000589341,0.02050003968179226,0.00825000461190939,9.019250050187111
pessimistic,150,bramev_nearest_offer,3,3,3,t00095-c00051,51,95,8,0,8,True,False,satisfied,23.8746,24.5,35,1,48.03216701839119,491.75629194360226,0.023583066649734974,0.015874975360929966,491.79574998561293
pessimistic,150,bramev_nearest_offer,3,3,3,t00095-c00123,123,95,1,0,1,True,False,cancelled_late,26.2958,0.0,0,1,486.8710420560092,486.8710420560092,5.019000032916665,0.004416913725435734,491.8944590026513
pessimistic,150,bramev_nearest_offer,3,3,3,t00095-c00140,140,95,6,1,5,True,False,satisfied,20.1317,20.3,29,1,527.4184169247746,621.6877499828115,3.9011669578030705,0.014582998119294643,625.6034999387339
pessimistic,150,bramev_nearest_offer,3,3,3,t00097-c00034,34,97,1,0,1,True,False,cancelled_late,21.4551,0.0,0,1,42.26041701622307,42.26041701622307,0.015625031664967537,0.014042016118764877,42.290084064006805
pessimistic,150,bramev_nearest_offer,3,3,3,t00097-c00036,36,97,1,1,1,True,False,cancelled_early,19.6701,0.0,0,1,49.24466705415398,49.24466705415398,0.0072499969974160194,0.0074999406933784485,49.25941699184477
pessimistic,150,bramev_nearest_offer,3,3,3,t00097-c00072,72,97,1,0,1,True,False,satisfied,26.3157,12.8,32,1,42.19783307053149,42.19783307053149,0.10862492490559816,0.005958019755780697,42.312416015192866
pessimistic,150,bramev_nearest_offer,3,3,3,t00098-c00089,89,98,4,1,4,True,False,cancelled_early,25.7992,0.0,0,1,252.71645898465067,2170.8155419910327,18.77054199576378,0.008291099220514297,2189.594375086017
pessimistic,150,bramev_nearest_offer,3,3,3,t00099-c00003,3,99,6,0,6,True,False,no_show,29.0771,0.0,0,1,137.496417039074,2164.046792080626,18.669832963496447,0.018042046576738358,2182.734667090699
pessimistic,150,bramev_nearest_offer,3,3,3,t00099-c00036,36,99,6,2,5,True,False,no_show,24.2642,0.0,0,1,2350.407624966465,2650.743915932253,58.2362919813022,0.013917102478444576,2708.9941250160336
pessimistic,150,bramev_nearest_offer,3,3,3,t00099-c00099,99,99,2,0,2,True,False,cancelled_late,23.113,0.0,0,1,327.8700839728117,2182.6235000044107,0.18024991732090712,0.00608398113399744,2182.8098339028656
pessimistic,150,bramev_nearest_offer,3,3,3,t00100-c00089,89,100,3,0,3,True,False,satisfied,25.131,25.6,32,1,42.67441702540964,112.58700001053512,0.035499921068549156,0.017625046893954277,112.64012497849762
pessimistic,150,bramev_nearest_offer,3,3,3,t00100-c00117,117,100,1,0,1,True,False,satisfied,17.5377,1.2,2,1,105.36079201847315,105.36079201847315,7.320167031139135,0.006332993507385254,112.68729204311967
pessimistic,150,bramev_nearest_offer,3,3,3,t00100-c00132,132,100,1,0,1,True,False,cancelled_late,17.9136,0.0,0,1,8.452749927528203,8.452749927528203,104.23475003335625,0.005332985892891884,112.69283294677734
pessimistic,150,bramev_nearest_offer,3,3,3,t00101-c00071,71,101,1,0,1,True,False,cancelled_early,15.0474,0.0,0,1,62.09704198408872,62.09704198408872,349.00108294095844,0.006166985258460045,411.1042919103056
pessimistic,150,bramev_nearest_offer,3,3,3,t00101-c00098,98,101,1,0,1,True,False,satisfied,31.0211,19.2,48,1,410.96899996045977,410.96899996045977,0.1454170560464263,0.004749977961182594,411.1191669944674
pessimistic,150,bramev_nearest_offer,3,3,3,t00102-c00005,5,102,1,0,1,True,False,cancelled_late,15.3702,0.0,0,1,16.626583063043654,16.626583063043654,14.526500017382205,0.011167023330926895,31.164250103756785
pessimistic,150,bramev_nearest_offer,3,3,3,t00102-c00017,17,102,2,0,2,True,False,satisfied,15.647,5.6,7,1,12.22654094453901,22.138500004075468,9.073375025764108,0.0068749068304896355,31.218749936670065
pessimistic,150,bramev_nearest_offer,3,3,3,t00102-c00071,71,102,1,0,1,True,False,satisfied,28.9979,10.4,13,1,31.081791035830975,31.081791035830975,0.13470894191414118,0.004458008334040642,31.220957986079156
pessimistic,150,bramev_nearest_offer,3,3,3,t00106-c00134,134,106,2,0,2,True,False,satisfied,25.0026,1.2,2,1,3.8557499647140503,28.565292013809085,0.02445792779326439,0.015542027540504932,28.605291969142854
pessimistic,150,bramev_nearest_offer,3,3,3,t00107-c00085,85,107,1,0,1,True,False,satisfied,27.3981,3.5,7,1,7.640167023055255,7.640167023055255,48.49454096984118,0.010499963536858559,56.145207956433296
pessimistic,150,bramev_nearest_offer,3,3,3,t00107-c00135,135,107,2,0,2,True,False,no_show,21.728,0.0,0,1,50.88320793583989,56.07691698241979,0.09570806287229061,0.0072499969974160194,56.179875042289495
pessimistic,150,bramev_nearest_offer,3,3,3,t00108-c00050,50,108,1,0,1,True,False,cancelled_late,17.0906,0.0,0,1,12.8026669844985,12.8026669844985,0.011375057511031628,0.00929099041968584,12.823333032429218
pessimistic,150,bramev_nearest_offer,3,3,3,t00109-c00004,4,109,1,1,1,True,False,satisfied,24.7384,21.6,36,1,61.647624941542745,61.647624941542745,37.44441701564938,0.01100008375942707,99.10304204095155
pessimistic,150,bramev_nearest_offer,3,3,3,t00109-c00021,21,109,1,1,1,True,False,satisfied,28.4181,6.0,12,1,61.61616696044803,61.61616696044803,37.51925006508827,0.005749985575675964,99.14116701111197
pessimistic,150,bramev_nearest_offer,3,3,3,t00109-c00142,142,109,6,2,5,True,False,no_show,22.1995,0.0,0,1,240.40929193142802,537.1888749068603,10.310583980754018,0.005875015631318092,547.5053339032456
pessimistic,150,bramev_nearest_offer,3,3,3,t00110-c00050,50,110,1,0,1,True,False,satisfied,20.4545,20.8,26,1,17.753749969415367,17.753749969415367,80.32558404374868,0.004749977961182594,98.08408399112523
pessimistic,150,bramev_nearest_offer,3,3,3,t00110-c00069,69,110,1,0,1,True,False,cancelled_early,21.9162,0.0,0,1,60.50212506670505,60.50212506670505,37.57654095534235,0.003917026333510876,98.08258304838091
pessimistic,150,bramev_nearest_offer,3,3,3,t00110-c00107,107,110,2,0,2,True,False,cancelled_early,25.139,0.0,0,1,92.66070800367743,97.90816705208272,0.18229102715849876,0.005209003575146198,98.09566708281636
pessimistic,150,bramev_nearest_offer,3,3,3,t00111-c00069,69,111,3,0,3,True,False,no_show,27.1929,0.0,0,1,140.07795799989253,253.32950009033084,193.68525000754744,0.012249918654561043,447.02700001653284
pessimistic,150,bramev_nearest_offer,3,3,3,t00111-c00107,107,111,2,0,2,True,False,cancelled_early,21.9596,0.0,0,1,277.5347090791911,446.9609169755131,0.09600003249943256,0.006541959010064602,447.0634589670226
pessimistic,150,bramev_nearest_offer,3,3,3,t00111-c00121,121,111,1,0,1,True,False,satisfied,11.8774,2.1,3,1,441.81337498594075,441.81337498594075,5.2657079650089145,0.004833098500967026,447.08391604945064
pessimistic,150,bramev_nearest_offer,3,3,3,t00112-c00046,46,112,1,0,1,True,False,satisfied,31.0594,12.6,21,1,15.471291029825807,15.471291029825807,0.013666925951838493,0.010417075827717781,15.495375031605363
pessimistic,150,bramev_nearest_offer,3,3,3,t00112-c00107,107,112,3,1,2,True,False,cancelled_early,22.485,0.0,0,1,190.46058400999755,1286.7917499970645,43.00945904105902,0.0071249669417738914,1329.8083340050653
pessimistic,150,bramev_nearest_offer,3,3,3,t00112-c00111,111,112,4,1,3,True,False,cancelled_late,16.2341,0.0,0,1,190.43591595254838,1286.767499987036,43.0514159379527,0.00600004568696022,1329.8249159706756
pessimistic,150,bramev_nearest_offer,3,3,3,t00112-c00137,137,112,6,2,5,True,False,no_show,18.661,0.0,0,1,1343.8144999090582,1559.1406249441206,22.90779200848192,0.0074999406933784485,1582.055916893296
pessimistic,150,bramev_nearest_offer,3,3,3,t00113-c00064,64,113,6,0,6,True,False,cancelled_late,26.2066,0.0,0,1,42.39170788787305,1313.0561669822782,0.02545793540775776,0.01650000922381878,1313.0981249269098
pessimistic,150,bramev_nearest_offer,3,3,3,t00113-c00100,100,113,1,1,1,True,False,satisfied,21.4951,7.0,14,1,1366.9077079975978,1366.9077079975978,198.519374942407,0.004875008016824722,1565.4319579480216
pessimistic,150,bramev_nearest_offer,3,3,3,t00114-c00074,74,114,1,0,1,True,False,no_show,24.0203,0.0,0,1,42.81249991618097,42.81249991618097,208.1187500152737,0.015708967112004757,250.94695889856666
pessimistic,150,bramev_nearest_offer,3,3,3,t00114-c00077,77,114,2,0,1,True,False,no_show,21.2566,0.0,0,1,77.6783749461174,77.6783749461174,173.30166709143668,0.0070409150794148445,250.9870829526335
pessimistic,150,bramev_nearest_offer,3,3,3,t00114-c00086,86,114,1,0,1,True,False,satisfied,23.274,15.5,31,1,250.85220800247043,250.85220800247043,0.1319999573752284,0.004792003892362118,250.98899996373802
pessimistic,150,bramev_nearest_offer,3,3,3,t00114-c00107,107,114,6,2,5,True,False,cancelled_early,21.1289,0.0,0,1,354.5410829829052,525.4848749609664,4.89633297547698,0.006500049494206905,530.3877079859376
pessimistic,150,bramev_nearest_offer,3,3,3,t00114-c00138,138,114,2,1,1,True,False,no_show,23.633,0.0,0,1,294.8886670637876,294.8886670637876,48.969749943353236,0.006917049176990986,343.8653340563178
pessimistic,150,bramev_nearest_offer,3,3,3,t00115-c00047,47,115,3,0,3,True,False,cancelled_early,13.1872,0.0,0,1,28.562374995090067,91.66662499774247,0.017749960534274578,0.013750046491622925,91.69812500476837
pessimistic,150,bramev_nearest_offer,3,3,3,t00115-c00058,58,115,2,1,2,True,False,satisfied,20.0412,0.6,1,1,106.55016603413969,134.0814579743892,144.1226250026375,0.007166992872953415,278.21124996989965
pessimistic,150,bramev_nearest_offer,3,3,3,t00116-c00047,47,116,3,0,3,True,False,satisfied,9.1753,6.0,12,1,29.437792021781206,185.1927919778973,0.017583020962774754,0.013875076547265053,185.22425007540733
pessimistic,150,bramev_nearest_offer,3,3,3,t00117-c00107,107,117,1,0,1,True,False,cancelled_late,28.0801,0.0,0,1,12.590500060468912,12.590500060468912,0.013999990187585354,0.009916955605149269,12.614417006261647
pessimistic,150,bramev_nearest_offer,3,3,3,t00118-c00049,49,118,1,0,1,True,False,cancelled_late,21.0672,0.0,0,1,38.29633293207735,38.29633293207735,6.328958086669445,0.011041993275284767,44.63633301202208
pessimistic,150,bramev_nearest_offer,3,3,3,t00118-c00103,103,118,2,0,2,True,False,cancelled_early,24.298,0.0,0,1,30.40683304425329,44.57704199012369,0.10537507478147745,0.0069160014390945435,44.68933306634426
pessimistic,150,bramev_nearest_offer,3,3,3,t00118-c00132,132,118,2,1,2,True,False,cancelled_late,19.9403,0.0,0,1,60.40125002618879,98.34720904473215,12.66662497073412,0.005415990017354488,111.01925000548363
pessimistic,150,bramev_nearest_offer,3,3,3,t00119-c00056,56,119,1,0,1,True,False,satisfied,24.7706,11.2,14,1,65.01104193739593,65.01104193739593,0.016875099390745163,0.011832918971776962,65.03974995575845
pessimistic,150,bramev_nearest_offer,3,3,3,t00119-c00103,103,119,1,0,1,True,False,cancelled_late,23.9869,0.0,0,1,64.97720908373594,64.97720908373594,0.09466591291129589,0.005792011506855488,65.0776670081541
pessimistic,150,bramev_nearest_offer,3,3,3,t00119-c00111,111,119,1,0,1,True,False,no_show,21.3194,0.0,0,1,27.236124966293573,27.236124966293573,37.85212500952184,0.004875008016824722,65.09312498383224
pessimistic,150,bramev_nearest_offer,3,3,3,t00120-c00010,10,120,1,0,1,True,False,satisfied,21.2391,10.4,13,1,123.92241600900888,123.92241600900888,0.015958910807967186,0.01283304300159216,123.95120796281844
pessimistic,150,bramev_nearest_offer,3,3,3,t00120-c00022,22,120,2,0,2,True,False,cancelled_early,30.9966,0.0,0,1,62.61545792222023,123.89237491879612,0.09550002869218588,0.0076669966802001,123.99554194416851
pessimistic,150,bramev_nearest_offer,3,3,3,t00120-c00064,64,120,2,0,2,True,False,satisfied,28.257,2.4,3,1,67.53137498162687,96.271957969293,27.736958931200206,0.005416106432676315,124.01433300692588
pessimistic,150,bramev_nearest_offer,3,3,3,t00120-c00123,123,120,1,0,1,True,False,satisfied,25.2552,4.9,7,1,123.83641698397696,123.83641698397696,0.17445802222937346,0.003916909918189049,124.01479191612452
pessimistic,150,bramev_nearest_offer,3,3,3,t00121-c00022,22,121,2,2,2,True,False,satisfied,27.0187,27.6,46,1,67.91500002145767,87.04808296170086,0.016584061086177826,0.014707911759614944,87.07937493454665
pessimistic,150,bramev_nearest_offer,3,3,3,t00121-c00118,118,121,1,0,1,True,False,cancelled_late,13.4466,0.0,0,1,4.504375043325126,4.504375043325126,0.010416959412395954,0.007917056791484356,4.5227090595290065
pessimistic,150,bramev_nearest_offer,3,3,3,t00122-c00034,34,122,1,0,1,True,False,satisfied,17.8794,4.9,7,1,4.1740830056369305,4.1740830056369305,0.0071249669417738914,0.0076249707490205765,4.188832943327725
pessimistic,150,bramev_nearest_offer,3,3,3,t00123-c00063,63,123,6,2,5,True,False,no_show,15.6297,0.0,0,1,96.35395801160485,307.77075001969934,27.970624971203506,0.013582990504801273,335.75495798140764
pessimistic,150,bramev_nearest_offer,3,3,3,t00124-c00131,131,124,1,1,1,True,False,no_show,23.155,0.0,0,1,26.008999906480312,26.008999906480312,232.36291611101478,0.0063749030232429504,258.37829092051834
pessimistic,150,bramev_nearest_offer,3,3,3,t00125-c00107,107,125,6,2,5,True,False,satisfied,22.955,4.8,6,1,579.7693339409307,712.3546249931678,0.10995904449373484,0.007999944500625134,712.4725839821622
pessimistic,150,bramev_nearest_offer,3,3,3,t00125-c00132,132,125,2,0,2,True,False,cancelled_late,22.5735,0.0,0,1,118.11533302534372,253.93229094333947,0.13016699813306332,0.005708076059818268,254.06816601753235
pessimistic,150,bramev_nearest_offer,3,3,3,t00126-c00099,99,126,3,0,3,True,False,no_show,24.0032,0.0,0,1,93.65429100580513,306.35412503033876,0.02237502485513687,0.013874960131943226,306.39037501532584
pessimistic,150,bramev_nearest_offer,3,3,3,t00126-c00102,102,126,2,1,1,True,False,satisfied,18.6354,7.8,13,1,341.06929099652916,341.06929099652916,115.96262501552701,0.014291959814727306,457.0462079718709
pessimistic,150,bramev_nearest_offer,3,3,3,t00127-c00145,145,127,4,1,4,True,False,satisfied,26.6842,27.012,34,1,157.25762501824647,543.2759580435231,17.381332931108773,0.005792011506855488,560.6630829861388
pessimistic,150,bramev_nearest_offer,3,3,3,t00128-c00125,125,128,1,0,1,True,False,cancelled_late,21.4405,0.0,0,1,36.74362495075911,36.74362495075911,373.0597080430016,0.013042008504271507,409.816375002265
pessimistic,150,bramev_nearest_offer,3,3,3,t00128-c00132,132,128,3,0,3,True,False,satisfied,20.3919,14.0,35,1,115.58241699822247,409.7494169836864,0.12191606219857931,0.0076249707490205765,409.878958016634
pessimistic,150,bramev_nearest_offer,3,3,3,t00130-c00049,49,130,1,0,1,True,False,cancelled_late,17.1847,0.0,0,1,7.312458008527756,7.312458008527756,0.008833012543618679,0.007875030860304832,7.329166051931679
pessimistic,150,bramev_nearest_offer,3,3,3,t00130-c00127,127,130,1,1,1,True,False,satisfied,20.0444,9.5,19,1,18.294124980457127,18.294124980457127,182.22162500023842,0.006208079867064953,200.5219580605626
pessimistic,150,bramev_nearest_offer,3,3,3,t00131-c00026,26,131,1,0,1,True,False,cancelled_early,27.6928,0.0,0,1,192.099874955602,192.099874955602,0.016291975043714046,0.015042023733258247,192.13120895437896
pessimistic,150,bramev_nearest_offer,3,3,3,t00132-c00016,16,132,1,0,1,True,False,satisfied,20.027,8.0,20,1,10.947834001854062,10.947834001854062,0.01216609962284565,0.011416967026889324,10.971417068503797
pessimistic,150,bramev_nearest_offer,3,3,3,t00132-c00019,19,132,6,2,5,True,False,no_show,21.2361,0.0,0,1,210.0021670339629,703.7584580248222,47.79379197861999,0.0148330582305789,751.5670830616727
pessimistic,150,bramev_nearest_offer,3,3,3,t00132-c00026,26,132,1,2,1,True,False,satisfied,24.5639,24.8,62,1,639.8537500062957,639.8537500062957,111.75145802553743,0.006458954885601997,751.6116669867188
pessimistic,150,bramev_nearest_offer,3,3,3,t00133-c00043,43,133,1,0,1,True,False,satisfied,14.6898,14.7,21,1,169.01558300014585,169.01558300014585,12.140875100158155,0.01133396290242672,181.16779206320643
pessimistic,150,bramev_nearest_offer,3,3,3,t00133-c00044,44,133,1,0,1,True,False,cancelled_early,25.1115,0.0,0,1,90.90587496757507,90.90587496757507,90.29912506230175,0.006499933078885078,181.2114999629557
pessimistic,150,bramev_nearest_offer,3,3,3,t00133-c00052,52,133,2,0,2,True,False,cancelled_late,20.3872,0.0,0,1,18.664542003534734,175.33450003247708,5.8929999358952045,0.006249989382922649,181.2337499577552
pessimistic,150,bramev_nearest_offer,3,3,3,t00133-c00087,87,133,2,0,2,True,False,no_show,19.9239,0.0,0,1,168.9409160753712,181.056083063595,0.18108298536390066,0.004500034265220165,181.24166608322412
pessimistic,150,bramev_nearest_offer,3,3,3,t00134-c00044,44,134,1,0,1,True,False,cancelled_late,24.7321,0.0,0,1,89.76550004445016,89.76550004445016,467.4274589633569,0.004832982085645199,557.1977919898927
pessimistic,150,bramev_nearest_offer,3,3,3,t00134-c00066,66,134,1,0,1,True,False,satisfied,26.7698,9.6,16,1,557.0284579880536,557.0284579880536,0.1764169428497553,0.00458303838968277,557.209457969293
pessimistic,150,bramev_nearest_offer,3,3,3,t00134-c00114,114,134,1,0,1,True,False,satisfied,21.7614,6.0,12,1,22.566292085684836,22.566292085684836,534.6391249913722,0.004416913725435734,557.2098339907825
pessimistic,150,bramev_nearest_offer,3,3,3,t00134-c00128,128,134,1,0,1,True,False,satisfied,22.3203,12.0,20,1,522.2442080266774,522.2442080266774,34.961333964020014,0.0038750004023313522,557.2094169910997
pessimistic,150,bramev_nearest_offer,3,3,3,t00134-c00146,146,134,1,0,1,True,False,satisfied,36.0258,24.0,40,1,556.956332991831,556.956332991831,0.24695799220353365,0.0035420525819063187,557.2068330366164
pessimistic,150,bramev_nearest_offer,3,3,3,t00135-c00048,48,135,2,0,2,True,False,cancelled_late,21.8382,0.0,0,1,104.6782499179244,108.55016694404185,0.01670804340392351,0.013874960131943226,108.58074994757771
pessimistic,150,bramev_nearest_offer,3,3,3,t00135-c00062,62,135,1,0,1,True,False,satisfied,13.468,13.6,17,1,69.70279198139906,69.70279198139906,38.933957926929,0.006375019438564777,108.64312492776662
pessimistic,150,bramev_nearest_offer,3,3,3,t00135-c00118,118,135,2,1,1,True,False,satisfied,10.2886,5.0,10,1,220.25249991565943,220.25249991565943,27.61029207613319,0.006458023563027382,247.86925001535565
pessimistic,150,bramev_nearest_offer,3,3,3,t00135-c00125,125,135,1,0,1,True,False,satisfied,17.5862,18.2,26,1,69.65045793913305,69.65045793913305,38.97533402778208,0.004915986210107803,108.63070795312524
pessimistic,150,bramev_nearest_offer,3,3,3,t00136-c00049,49,136,1,0,1,True,False,cancelled_late,19.6745,0.0,0,1,127.25391704589128,127.25391704589128,10.726999957114458,0.012750038877129555,137.99366704188287
pessimistic,150,bramev_nearest_offer,3,3,3,t00136-c00130,130,136,2,0,2,True,False,no_show,23.6712,0.0,0,1,104.86120788846165,137.91383290663362,0.14950009062886238,0.006332993507385254,138.06966599076986
pessimistic,150,bramev_nearest_offer,3,3,3,t00137-c00052,52,137,4,0,4,True,False,no_show,23.1065,0.0,0,1,88.39479205198586,182.98412498552352,0.02108304761350155,0.014874967746436596,183.02008300088346
pessimistic,150,bramev_nearest_offer,3,3,3,t00137-c00053,53,137,1,0,1,True,False,cancelled_late,28.5315,0.0,0,1,78.18754203617573,78.18754203617573,104.86029100138694,0.006541959010064602,183.05437499657273
pessimistic,150,bramev_nearest_offer,3,3,3,t00138-c00065,65,138,2,0,2,True,False,satisfied,20.0977,20.4,51,1,59.2562499223277,72.01379199977964,0.017415964975953102,0.012833974324166775,72.04404193907976
pessimistic,150,bramev_nearest_offer,3,3,3,t00138-c00103,103,138,1,0,1,True,False,satisfied,24.7764,20.0,25,1,67.18954106327146,67.18954106327146,4.882958950474858,0.005875015631318092,72.07837502937764
pessimistic,150,bramev_nearest_offer,3,3,3,t00140-c00049,49,140,1,0,1,True,False,no_show,20.6517,0.0,0,1,18.67083297111094,18.67083297111094,0.01491699367761612,0.010750023648142815,18.6964999884367
pessimistic,150,bramev_nearest_offer,3,3,3,t00141-c00044,44,141,1,0,1,True,False,cancelled_late,23.0436,0.0,0,1,82.63820898719132,82.63820898719132,82.77416601777077,0.01108401920646429,165.42345902416855
pessimistic,150,bramev_nearest_offer,3,3,3,t00141-c00048,48,141,4,0,4,True,False,cancelled_early,21.6221,0.0,0,1,98.75945805106312,165.36666604224592,0.10529195424169302,0.007458031177520752,165.47941602766514
pessimistic,150,bramev_nearest_offer,3,3,3,t00141-c00091,91,141,3,0,2,True,False,no_show,16.1331,0.0,0,1,16.10337500460446,105.32608395442367,60.163125046528876,0.00529095996171236,165.49449996091425
pessimistic,150,bramev_nearest_offer,3,3,3,t00141-c00120,120,141,1,0,1,True,False,satisfied,21.9473,22.1011,28,1,36.7938329000026,36.7938329000026,128.69754200801253,0.004750094376504421,165.49612500239164
pessimistic,150,bramev_nearest_offer,3,3,3,t00142-c00005,5,142,2,0,2,True,False,satisfied,15.9477,16.0,40,1,26.73666598275304,81.86158293392509,0.01200009137392044,0.01291697844862938,81.88650000374764
pessimistic,150,bramev_nearest_offer,3,3,3,t00142-c00044,44,142,1,0,1,True,False,no_show,26.4716,0.0,0,1,75.15854190569371,75.15854190569371,6.761250086128712,0.0061659375205636024,81.92595792934299
pessimistic,150,bramev_nearest_offer,3,3,3,t00142-c00048,48,142,1,0,1,True,False,no_show,29.255,0.0,0,1,75.13479108456522,75.13479108456522,6.790500017814338,0.004708999767899513,81.93000010214746
pessimistic,150,bramev_nearest_offer,3,3,3,t00143-c00028,28,143,1,0,1,True,False,no_show,28.7814,0.0,0,1,46.433750074356794,46.433750074356794,6.495374953374267,0.010875053703784943,52.940000081434846
pessimistic,150,bramev_nearest_offer,3,3,3,t00143-c00148,148,143,1,0,1,True,False,satisfied,17.7978,6.3,9,1,52.87487502209842,52.87487502209842,0.0854589743539691,0.005625071935355663,52.96595906838775
pessimistic,150,bramev_nearest_offer,3,3,3,t00144-c00006,6,144,1,0,1,True,False,cancelled_late,25.2554,0.0,0,1,526.7572079319507,526.7572079319507,0.012542004697024822,0.01325004268437624,526.7829999793321
pessimistic,150,bramev_nearest_offer,3,3,3,t00144-c00053,53,144,1,0,1,True,False,satisfied,30.8269,31.2,78,1,515.6322909751907,515.6322909751907,11.207084055058658,0.0076659489423036575,526.8470409791917
pessimistic,150,bramev_nearest_offer,3,3,3,t00144-c00141,141,144,1,0,1,True,False,breakdown,31.8428,0.0,0,1,515.5987920006737,515.5987920006737,11.252167052589357,0.005790963768959045,526.856750017032
pessimistic,150,bramev_nearest_offer,3,3,3,t00145-c00055,55,145,1,0,1,True,False,no_show,20.7862,0.0,0,1,5.2647090051323175,5.2647090051323175,0.009499955922365189,0.00929099041968584,5.283499951474369
pessimistic,150,bramev_nearest_offer,3,3,3,t00146-c00116,116,146,1,0,1,True,False,satisfied,21.1294,19.2,32,1,16.245167003944516,16.245167003944516,0.018832972273230553,0.011958065442740917,16.275958041660488
pessimistic,150,bramev_nearest_offer,3,3,3,t00147-c00068,68,147,2,0,2,True,False,cancelled_late,25.5167,0.0,0,1,90.21270798984915,120.38249999750406,0.020458013750612736,0.01504190731793642,120.4179999185726
pessimistic,150,bramev_nearest_offer,3,3,3,t00148-c00025,25,148,3,1,2,True,False,cancelled_early,18.2706,0.0,0,1,34.108417108654976,67.38733302336186,10.450583999045193,0.00858306884765625,77.84650009125471
pessimistic,150,bramev_nearest_offer,3,3,3,t00148-c00135,135,148,1,0,1,True,False,cancelled_late,28.4246,0.0,0,1,15.544792055152357,15.544792055152357,0.043082982301712036,0.025958986952900887,15.61383402440697
pessimistic,150,bramev_nearest_offer,3,3,3,t00149-c00011,11,149,1,0,1,True,False,cancelled_late,25.8527,0.0,0,1,56.939000030979514,56.939000030979514,3.9772079326212406,0.020666979253292084,60.93687494285405
pessimistic,150,bramev_nearest_offer,3,3,3,t00149-c00122,122,149,7,2,6,True,False,satisfied,9.5948,10.0,20,1,157.16287505347282,562.332957983017,26.079083094373345,0.00666698906570673,588.418708066456
pessimistic,150,bramev_nearest_offer,3,3,3,t00150-c00025,25,150,3,1,2,True,False,cancelled_late,17.8953,0.0,0,1,430.76262495014817,457.9315830487758,68.14870797097683,0.01762493047863245,526.0979159502313
pessimistic,150,bramev_nearest_offer,3,3,3,t00150-c00068,68,150,1,0,1,True,False,satisfied,30.7598,30.8,77,1,63.93766694236547,63.93766694236547,7.396792061626911,0.013625016435980797,71.34808402042836
pessimistic,150,bramev_nearest_offer,3,3,3,t00151-c00036,36,151,2,0,2,True,False,satisfied,29.3587,15.5,31,1,358.2621660316363,453.5615830682218,0.1272499794140458,0.007416936568915844,453.69624998420477
pessimistic,150,bramev_nearest_offer,3,3,3,t00151-c00111,111,151,1,0,1,True,False,satisfied,26.6386,9.6,12,1,434.2101669171825,434.2101669171825,19.48645804077387,0.005500041879713535,453.7021249998361
pessimistic,150,bramev_nearest_offer,3,3,3,t00151-c00136,136,151,1,0,1,True,False,cancelled_late,24.5776,0.0,0,1,56.430333061143756,56.430333061143756,397.28529192507267,0.004333094693720341,453.71995808091015
pessimistic,150,bramev_nearest_offer,3,3,3,t00152-c00025,25,152,1,0,1,True,False,cancelled_early,20.8927,0.0,0,1,5.395333049818873,5.395333049818873,0.008292030543088913,0.009249895811080933,5.412874976173043
pessimistic,150,bramev_nearest_offer,3,3,3,t00152-c00137,137,152,4,1,4,True,False,breakdown,27.5326,0.0,0,1,17.91475003119558,764.2844170331955,4.553375067189336,0.008916947990655899,768.8467090483755
pessimistic,150,bramev_nearest_offer,3,3,3,t00153-c00025,25,153,3,0,3,True,False,satisfied,23.4576,4.8,8,1,33.17358298227191,762.3268329771236,0.015750061720609665,0.01591700129210949,762.3585000401363
pessimistic,150,bramev_nearest_offer,3,3,3,t00153-c00138,138,153,1,1,1,True,False,cancelled_early,24.7483,0.0,0,1,770.9517499897629,770.9517499897629,0.07800001185387373,0.005041016265749931,771.0347910178825
pessimistic,150,bramev_nearest_offer,3,3,3,t00153-c00142,142,153,1,0,1,True,False,no_show,28.6354,0.0,0,1,15.90570795815438,15.90570795815438,746.5125829912722,0.005417037755250931,762.4237079871818
pessimistic,150,bramev_nearest_offer,3,3,3,t00154-c00029,29,154,1,0,1,True,False,satisfied,15.9406,7.5,15,1,7.4870840180665255,7.4870840180665255,0.012625008821487427,0.009749899618327618,7.5094589265063405
pessimistic,150,bramev_nearest_offer,3,3,3,t00154-c00042,42,154,1,1,1,True,False,cancelled_early,30.6828,0.0,0,1,31.86033305246383,31.86033305246383,4.175334004685283,0.02195802517235279,36.057625082321465
pessimistic,150,bramev_nearest_offer,3,3,3,t00155-c00138,138,155,1,0,1,True,False,cancelled_late,23.5929,0.0,0,1,27.487457962706685,27.487457962706685,0.13874995056539774,0.008500064723193645,27.634707977995276
pessimistic,150,bramev_nearest_offer,3,3,3,t00156-c00042,42,156,1,0,1,True,False,cancelled_late,30.6154,0.0,0,1,21.35383407585323,21.35383407585323,0.012165983207523823,0.012584030628204346,21.378584089688957
pessimistic,150,bramev_nearest_offer,3,3,3,t00157-c00024,24,157,1,0,1,True,False,cancelled_early,24.2613,0.0,0,1,3.7362079601734877,3.7362079601734877,16.089500044472516,0.014542019926011562,19.840250024572015
pessimistic,150,bramev_nearest_offer,3,3,3,t00157-c00063,63,157,2,0,1,True,False,satisfied,19.2293,19.8,33,1,14.908042037859559,14.908042037859559,4.991124966181815,0.006707967258989811,19.905874971300364
pessimistic,150,bramev_nearest_offer,3,3,3,t00157-c00117,117,157,1,0,1,True,False,satisfied,18.0751,1.2,2,1,19.750708946958184,19.750708946958184,0.15787500888109207,0.005166046321392059,19.91375000216067
pessimistic,150,bramev_nearest_offer,3,3,3,t00158-c00024,24,158,1,0,1,True,False,no_show,26.6665,0.0,0,1,16.188040957786143,16.188040957786143,19.571000011637807,0.011541997082531452,35.77058296650648
pessimistic,150,bramev_nearest_offer,3,3,3,t00158-c00119,119,158,1,0,1,True,False,cancelled_late,23.7724,0.0,0,1,16.150582931004465,16.150582931004465,19.648374989628792,0.006084097549319267,35.805042018182576
pessimistic,150,bramev_nearest_offer,3,3,3,t00158-c00131,131,158,2,0,2,True,False,cancelled_late,25.9114,0.0,0,1,31.672499957494438,35.68370791617781,0.13599998783320189,0.005875015631318092,35.82558291964233
pessimistic,150,bramev_nearest_offer,3,3,3,t00158-c00136,136,158,1,0,1,True,False,satisfied,31.1517,0.7,1,1,16.10266708303243,16.10266708303243,19.726416910998523,0.004083034582436085,35.83316702861339
pessimistic,150,bramev_nearest_offer,3,3,3,t00159-c00074,74,159,1,0,1,True,False,satisfied,32.3704,5.6,8,1,5.208457936532795,5.208457936532795,0.014542019926011562,0.0148330582305789,5.237833014689386
pessimistic,150,bramev_nearest_offer,3,3,3,t00161-c00113,113,161,1,1,1,True,False,no_show,23.5819,0.0,0,1,5.798332975246012,5.798332975246012,98.24187494814396,0.004708068445324898,104.0449159918353
pessimistic,150,bramev_nearest_offer,3,3,3,t00162-c00070,70,162,1,0,1,True,False,cancelled_early,22.1652,0.0,0,1,98.31508400384337,98.31508400384337,4.712875001132488,0.012332922779023647,103.04029192775488
pessimistic,150,bramev_nearest_offer,3,3,3,t00162-c00076,76,162,3,0,3,True,False,no_show,21.7925,0.0,0,1,22.165625006891787,102.98304201569408,0.10912492871284485,0.0076249707490205765,103.09979191515595
pessimistic,150,bramev_nearest_offer,3,3,3,t00162-c00077,77,162,1,1,1,True,False,satisfied,27.6357,14.0,28,1,115.30591698829085,115.30591698829085,644.7364999912679,0.00566698145121336,760.04808396101
pessimistic,150,bramev_nearest_offer,3,3,3,t00162-c00123,123,162,3,1,2,True,False,no_show,20.5467,0.0,0,1,240.4577910201624,704.6101250452921,55.42633298318833,0.004875008016824722,760.0413330364972
pessimistic,150,bramev_nearest_offer,3,3,3,t00163-c00023,23,163,2,0,2,True,False,satisfied,32.4064,32.9,47,1,600.4337919875979,655.6580420583487,0.017290934920310974,0.015500001609325409,655.6908329948783
pessimistic,150,bramev_nearest_offer,3,3,3,t00163-c00070,70,163,2,0,2,True,False,cancelled_early,28.959,0.0,0,1,136.24233403243124,655.619667028077,0.11958298273384571,0.007875030860304832,655.7471250416711
pessimistic,150,bramev_nearest_offer,3,3,3,t00164-c00006,6,164,1,0,1,True,False,cancelled_late,23.8537,0.0,0,1,100.9255419485271,100.9255419485271,0.016750069335103035,0.025999965146183968,100.96829198300838
pessimistic,150,bramev_nearest_offer,3,3,3,t00164-c00070,70,164,1,0,1,True,False,satisfied,30.1792,16.0,40,1,19.724790938198566,19.724790938198566,81.30470907781273,0.007916009053587914,101.03741602506489
pessimistic,150,bramev_nearest_offer,3,3,3,t00164-c00121,121,164,1,0,1,True,False,cancelled_late,21.9353,0.0,0,1,100.86212493479252,100.86212493479252,0.17725001089274883,0.005209003575146198,101.04458394926041
pessimistic,150,bramev_nearest_offer,3,3,3,t00165-c00009,9,165,3,1,2,True,False,satisfied,22.8876,10.4,13,1,150.67670901771635,302.6963339652866,9.267708053812385,0.01420790795236826,311.97824992705137
pessimistic,150,bramev_nearest_offer,3,3,3,t00165-c00040,40,165,4,0,3,True,False,no_show,22.3666,0.0,0,1,72.08775007165968,138.73737503308803,3.079500049352646,0.016042031347751617,141.83291711378843
pessimistic,150,bramev_nearest_offer,3,3,3,t00165-c00085,85,165,1,0,1,True,False,satisfied,26.5887,10.5,21,1,33.269832958467305,33.269832958467305,108.60637505538762,0.007333001121878624,141.8835410149768
pessimistic,150,bramev_nearest_offer,3,3,3,t00165-c00104,104,165,4,0,2,True,False,satisfied,15.3109,16.0,20,1,12.859583017416298,26.974292006343603,114.91666594520211,0.006125075742602348,141.89708302728832
pessimistic,150,bramev_nearest_offer,3,3,3,t00166-c00134,134,166,2,0,2,True,False,cancelled_late,27.6511,0.0,0,1,159.6226659603417,168.87537494767457,0.10675005614757538,0.0074160052463412285,168.9895410090685
pessimistic,150,bramev_nearest_offer,3,3,3,t00167-c00017,17,167,2,0,1,True,False,satisfied,13.3816,13.6,17,1,14.771666028536856,14.771666028536856,5.211374955251813,0.017708982340991497,20.00074996612966
pessimistic,150,bramev_nearest_offer,3,3,3,t00167-c00110,110,167,4,1,2,True,False,satisfied,21.2126,21.6,27,1,156.10995795577765,266.3761660223827,178.16749995108694,0.006709014996886253,444.5503749884665
pessimistic,150,bramev_nearest_offer,3,3,3,t00168-c00019,19,168,3,1,2,True,False,no_show,20.2066,0.0,0,1,429.867000086233,444.2033329978585,3.094709012657404,0.013791024684906006,447.31183303520083
pessimistic,150,bramev_nearest_offer,3,3,3,t00168-c00064,64,168,3,0,2,True,False,satisfied,24.6014,24.8,31,1,135.0002499530092,245.26695802342147,178.08858398348093,0.013125012628734112,423.36866701953113
pessimistic,150,bramev_nearest_offer,3,3,3,t00168-c00134,134,168,2,0,2,True,False,satisfied,23.8608,24.0,40,1,411.36491706129164,423.2841250486672,0.14433299656957388,0.005583977326750755,423.4340420225635
pessimistic,150,bramev_nearest_offer,3,3,3,t00168-c00136,136,168,3,0,3,True,False,no_show,26.9483,0.0,0,1,156.5003750147298,423.2630420010537,0.17037498764693737,0.004792003892362118,423.438208992593
pessimistic,150,bramev_nearest_offer,3,3,3,t00170-c00011,11,170,2,0,2,True,False,satisfied,21.3257,20.8,26,1,24.642709060572088,65.24775002617389,16.790374997071922,0.013292068615555763,82.05141709186137
pessimistic,150,bramev_nearest_offer,3,3,3,t00170-c00081,81,170,2,0,2,True,False,cancelled_early,22.8377,0.0,0,1,58.04529204033315,81.99133398011327,0.10212499182671309,0.007916009053587914,82.10137498099357
pessimistic,150,bramev_nearest_offer,3,3,3,t00171-c00078,78,171,3,1,2,True,False,cancelled_late,15.631,0.0,0,1,28.428124962374568,39.26991706248373,2.7173329144716263,0.015292083844542503,42.0025420607999
pessimistic,150,bramev_nearest_offer,3,3,3,t00171-c00081,81,171,1,0,1,True,False,satisfied,25.2236,9.5,19,1,20.933042047545314,20.933042047545314,0.028333044610917568,0.012499978765845299,20.973875070922077
pessimistic,150,bramev_nearest_offer,3,3,3,t00171-c00121,121,171,2,0,2,True,False,satisfied,23.0171,2.1,3,1,7.5620419811457396,20.90624999254942,0.10216701775789261,0.0076249707490205765,21.016041981056333
pessimistic,150,bramev_nearest_offer,3,3,3,t00172-c00087,87,172,4,1,3,True,False,cancelled_early,17.8284,0.0,0,1,99.21758400741965,133.42058402486145,160.7337079476565,0.008042086847126484,294.1623340593651
pessimistic,150,bramev_nearest_offer,3,3,3,t00172-c00091,91,172,4,1,2,True,False,satisfied,19.3858,14.4,24,1,30.302250059321523,99.18808308430016,194.9814169202,0.005708076059818268,294.17520808055997
pessimistic,150,bramev_nearest_offer,3,3,3,t00173-c00003,3,173,1,0,1,True,False,satisfied,34.4286,34.8,87,1,273.1584580615163,273.1584580615163,0.01237494871020317,0.01200009137392044,273.1828331016004
pessimistic,150,bramev_nearest_offer,3,3,3,t00173-c00135,135,173,2,1,1,True,False,cancelled_late,26.7082,0.0,0,1,335.1582920877263,335.1582920877263,0.02479099202901125,0.012959004379808903,335.1960420841351
pessimistic,150,bramev_nearest_offer,3,3,3,t00174-c00087,87,174,4,1,3,True,False,cancelled_early,22.504,0.0,0,1,133.7955000344664,200.0017500249669,4.590958007611334,0.006375019438564777,204.5990830520168
pessimistic,150,bramev_nearest_offer,3,3,3,t00174-c00143,143,174,4,1,2,True,False,no_show,21.1307,0.0,0,1,70.19916700664908,103.86012506205589,100.72816698811948,0.005207955837249756,204.59350000601262
pessimistic,150,bramev_nearest_offer,3,3,3,t00175-c00058,58,175,3,0,3,True,False,cancelled_late,16.8176,0.0,0,1,55.63429195899516,142.3948329174891,0.017625046893954277,0.012625008821487427,142.42508297320455
pessimistic,150,bramev_nearest_offer,3,3,3,t00176-c00006,6,176,1,0,1,True,False,no_show,22.6265,0.0,0,1,26.550083071924746,26.550083071924746,0.011041993275284767,0.009207986295223236,26.570333051495254
pessimistic,150,bramev_nearest_offer,3,3,3,t00176-c00049,49,176,1,0,1,True,False,cancelled_late,22.4623,0.0,0,1,26.51800005696714,26.51800005696714,0.06545800715684891,0.005792011506855488,26.589250075630844
pessimistic,150,bramev_nearest_offer,3,3,3,t00176-c00087,87,176,4,1,3,True,False,satisfied,22.5791,23.2,29,1,70.4390830360353,205.09341603610665,12.96324993018061,0.007375027053058147,218.0640409933403
pessimistic,150,bramev_nearest_offer,3,3,3,t00177-c00058,58,177,2,0,2,True,False,cancelled_early,17.3918,0.0,0,1,17.30033289641142,190.30216592364013,0.01979200169444084,0.014458084478974342,190.33641600981355
pessimistic,150,bramev_nearest_offer,3,3,3,t00177-c00107,107,177,1,0,1,True,False,satisfied,25.6673,18.4,23,1,190.25733298622072,190.25733298622072,0.17470901366323233,0.004915986210107803,190.43695798609406
pessimistic,150,bramev_nearest_offer,3,3,3,t00177-c00135,135,177,1,0,1,True,False,cancelled_late,30.9588,0.0,0,1,144.51129199005663,144.51129199005663,45.92329193837941,0.004375004209578037,190.43895893264562
pessimistic,150,bramev_nearest_offer,3,3,3,t00178-c00052,52,178,1,0,1,True,False,no_show,22.6094,0.0,0,1,29.848249978385866,29.848249978385866,8.776375092566013,0.012708012945950031,38.63733308389783
pessimistic,150,bramev_nearest_offer,3,3,3,t00178-c00058,58,178,2,0,2,True,False,satisfied,20.8847,9.6,16,1,23.820332949981093,38.57804194558412,0.09441596921533346,0.0076669966802001,38.68012491147965
pessimistic,150,bramev_nearest_offer,3,3,3,t00179-c00093,93,179,1,0,1,True,False,no_show,17.163,0.0,0,1,24.24408297520131,24.24408297520131,0.02062495332211256,0.009875046089291573,24.274582974612713
pessimistic,150,bramev_nearest_offer,3,3,3,t00181-c00139,139,181,4,1,4,True,False,cancelled_late,20.2215,0.0,0,1,7.260625017806888,226.38258303049952,0.11558400001376867,0.008958042599260807,226.50712507311255
pessimistic,150,bramev_nearest_offer,3,3,3,t00182-c00048,48,182,6,2,5,True,False,cancelled_late,29.631,0.0,0,1,312.5451250234619,489.88433298654854,5.679333000443876,0.014834105968475342,495.5785000929609
pessimistic,150,bramev_nearest_offer,3,3,3,t00182-c00138,138,182,1,0,1,True,False,satisfied,25.7103,3.2,4,1,10.458000004291534,10.458000004291534,214.99229094479233,0.014500110410153866,225.46479105949402
pessimistic,150,bramev_nearest_offer,3,3,3,t00183-c00135,135,183,2,0,2,True,False,satisfied,27.7001,18.6,31,1,52.16779198963195,72.51129194628447,0.0402920413762331,0.015083001926541328,72.56666698958725
pessimistic,150,bramev_nearest_offer,3,3,3,t00184-c00078,78,184,1,0,1,True,False,no_show,21.4802,0.0,0,1,195.1424579601735,195.1424579601735,0.1216670498251915,0.006541959010064602,195.27066696900874
pessimistic,150,bramev_nearest_offer,3,3,3,t00185-c00034,34,185,1,0,1,True,False,satisfied,20.9188,19.6,28,1,27.4614579975605,27.4614579975605,0.012542004697024822,0.011375057511031628,27.485375059768558
pessimistic,150,bramev_nearest_offer,3,3,3,t00185-c00059,59,185,2,0,1,True,False,satisfied,27.0115,2.4,3,1,5.805124994367361,5.805124994367361,21.70208399184048,0.005249981768429279,27.512458967976272
pessimistic,150,bramev_nearest_offer,3,3,3,t00186-c00042,42,186,1,0,1,True,False,satisfied,30.162,30.4,76,1,72.65370793174952,72.65370793174952,17.991875065490603,0.011041993275284767,90.65662499051541
pessimistic,150,bramev_nearest_offer,3,3,3,t00186-c00048,48,186,1,1,1,True,False,satisfied,32.8983,9.6,12,1,132.23887502681464,132.23887502681464,0.014082994312047958,0.012999982573091984,132.26595800369978
pessimistic,150,bramev_nearest_offer,3,3,3,t00186-c00049,49,186,1,0,1,True,False,no_show,23.5641,0.0,0,1,82.72916707210243,82.72916707210243,7.9327080165967345,0.005833921022713184,90.66770900972188
pessimistic,150,bramev_nearest_offer,3,3,3,t00186-c00069,69,186,1,1,1,True,False,cancelled_early,33.2739,0.0,0,1,132.1907079545781,132.1907079545781,0.09829201735556126,0.007582944817841053,132.2965829167515
pessimistic,150,bramev_nearest_offer,3,3,3,t00186-c00092,92,186,1,0,1,True,False,no_show,24.1788,0.0,0,1,90.53245792165399,90.53245792165399,0.11470902245491743,0.004415982402861118,90.65158292651176
pessimistic,150,bramev_nearest_offer,3,3,3,t00188-c00055,55,188,1,0,1,True,False,no_show,25.3085,0.0,0,1,14.388457988388836,14.388457988388836,91.35862498078495,0.012416974641382694,105.75949994381517
pessimistic,150,bramev_nearest_offer,3,3,3,t00188-c00069,69,188,1,0,1,True,False,satisfied,33.9084,27.2,68,1,105.69795896299183,105.69795896299183,0.08875003550201654,0.006207963451743126,105.7929169619456
pessimistic,150,bramev_nearest_offer,3,3,3,t00188-c00131,131,188,1,0,1,True,False,cancelled_late,23.869,0.0,0,1,14.326124917715788,14.326124917715788,91.46866598166525,0.004584086127579212,105.79937498550862
pessimistic,150,bramev_nearest_offer,3,3,3,t00189-c00119,119,189,2,0,2,True,False,cancelled_late,27.4694,0.0,0,1,133.25887499377131,255.81879098899662,0.025999965146183968,0.014125020243227482,255.85891597438604
pessimistic,150,bramev_nearest_offer,3,3,3,t00190-c00007,7,190,6,0,6,True,False,cancelled_late,15.2306,0.0,0,1,120.37279200740159,522.3443339345977,0.016750069335103035,0.015083001926541328,522.3761670058593
pessimistic,150,bramev_nearest_offer,3,3,3,t00190-c00119,119,190,2,0,2,True,False,no_show,19.3955,0.0,0,1,120.33399997744709,444.89158294163644,77.540458063595,0.00808399636298418,522.4401250015944
pessimistic,150,bramev_nearest_offer,3,3,3,t00194-c00000,0,194,3,0,2,True,False,cancelled_late,17.5351,0.0,0,1,21.047750022262335,127.94849998317659,25.555166066624224,0.014749937690794468,153.5184159874916
pessimistic,150,bramev_nearest_offer,3,3,3,t00194-c00007,7,194,1,0,1,True,False,cancelled_late,18.483,0.0,0,1,127.91812501382083,127.91812501382083,25.658958009444177,0.006458954885601997,153.5835419781506
pessimistic,150,bramev_nearest_offer,3,3,3,t00194-c00024,24,194,1,0,1,True,False,satisfied,26.247,12.0,15,1,153.43058295547962,153.43058295547962,0.16004196368157864,0.004792003892362118,153.59541692305356
pessimistic,150,bramev_nearest_offer,3,3,3,t00194-c00080,80,194,1,0,1,True,False,cancelled_late,25.7174,0.0,0,1,153.40545901563019,153.40545901563019,0.18716591876000166,0.004125060513615608,153.5967499949038
pessimistic,150,bramev_nearest_offer,3,3,3,t00195-c00007,7,195,6,0,6,True,False,satisfied,24.9257,25.0,50,1,70.18283300567418,376.1317499447614,0.01770805101841688,0.016249949112534523,376.16570794489235
pessimistic,150,bramev_nearest_offer,3,3,3,t00197-c00000,0,197,1,0,1,True,False,no_show,19.0125,0.0,0,1,49.59866707213223,49.59866707213223,0.009916955605149269,0.013499986380338669,49.62208401411772
pessimistic,150,bramev_nearest_offer,3,3,3,t00197-c00001,1,197,1,0,1,True,False,cancelled_late,22.3914,0.0,0,1,29.870292055420578,29.870292055420578,19.778499961830676,0.006541027687489986,49.65533304493874
pessimistic,150,bramev_nearest_offer,3,3,3,t00197-c00014,14,197,1,2,1,True,False,cancelled_late,25.4601,0.0,0,1,66.04387506376952,66.04387506376952,46.82041599880904,0.012291944585740566,112.8765830071643
pessimistic,150,bramev_nearest_offer,3,3,3,t00197-c00035,35,197,1,0,1,True,False,satisfied,28.2266,16.1,23,1,9.544832981191576,9.544832981191576,40.10045900940895,0.005332985892891884,49.65062497649342
pessimistic,150,bramev_nearest_offer,3,3,3,t00198-c00123,123,198,1,0,1,True,False,no_show,24.007,0.0,0,1,7.1341670118272305,7.1341670118272305,0.010541989468038082,0.00895792618393898,7.1536669274792075
pessimistic,150,bramev_nearest_offer,3,3,3,t00198-c00138,138,198,1,0,1,True,False,satisfied,21.0389,7.2,9,1,7.102875038981438,7.102875038981438,0.05445897113531828,0.005332985892891884,7.162666996009648
pessimistic,150,bramev_nearest_offer,3,3,3,t00199-c00099,99,199,1,0,1,True,False,breakdown,28.831,0.0,0,1,53.854916943237185,53.854916943237185,0.11095800437033176,0.005624955520033836,53.97149990312755
pessimistic,150,bramev_nearest_offer,3,3,3,t00200-c00019,19,200,1,0,1,True,False,no_show,27.6708,0.0,0,1,78.66191701032221,78.66191701032221,56.95508292410523,0.011834083124995232,135.62883401755244
pessimistic,150,bramev_nearest_offer,3,3,3,t00200-c00033,33,200,5,0,5,True,False,satisfied,15.1501,15.6,26,1,20.93016600701958,135.5745829641819,0.10075001046061516,0.009207986295223236,135.68454096093774
pessimistic,150,bramev_nearest_offer,3,3,3,t00200-c00100,100,200,1,0,1,True,False,satisfied,19.3867,13.5,27,1,78.60533299390227,78.60533299390227,57.092417031526566,0.005375011824071407,135.7031250372529
pessimistic,150,bramev_nearest_offer,3,3,3,t00201-c00038,38,201,2,0,2,True,False,satisfied,14.5501,7.5,15,1,35.56904196739197,42.42612491361797,0.014917110092937946,0.0126248924061656,42.45366691611707
pessimistic,150,bramev_nearest_offer,3,3,3,t00201-c00142,142,201,2,1,2,True,False,satisfied,27.4955,2.8,4,1,46.839292044751346,103.6955420859158,4.468624945729971,0.005875015631318092,108.1700420472771
pessimistic,150,bramev_nearest_offer,3,3,3,t00202-c00083,83,202,1,0,1,True,False,no_show,24.8186,0.0,0,1,7.679166970774531,7.679166970774531,56.85708299279213,0.011083087883889675,64.54733305145055
pessimistic,150,bramev_nearest_offer,3,3,3,t00202-c00131,131,202,1,0,1,True,False,satisfied,25.7136,6.4,8,1,64.48370893485844,64.48370893485844,0.09291607420891523,0.005916925147175789,64.58254193421453
pessimistic,150,bramev_nearest_offer,3,3,3,t00203-c00130,130,203,4,0,4,True,False,cancelled_late,30.2698,0.0,0,1,128.78458306659013,546.9399159774184,0.027667032554745674,0.016042031347751617,546.9836250413209
pessimistic,150,bramev_nearest_offer,3,3,3,t00204-c00001,1,204,1,0,1,True,False,cancelled_late,25.3457,0.0,0,1,8.432207978330553,8.432207978330553,2.8950830455869436,0.026916968636214733,11.354207992553711
pessimistic,150,bramev_nearest_offer,3,3,3,t00204-c00040,40,204,1,1,1,True,False,no_show,18.4909,0.0,0,1,67.11904203984886,67.11904203984886,28.765249997377396,0.01329102087765932,95.89758305810392
pessimistic,150,bramev_nearest_offer,3,3,3,t00205-c00044,44,205,1,0,1,True,False,breakdown,28.9173,0.0,0,1,83.45987496431917,83.45987496431917,0.10354106780141592,0.006958958692848682,83.57037499081343
pessimistic,150,bramev_nearest_offer,3,3,3,t00205-c00047,47,205,2,1,1,True,False,cancelled_late,14.5272,0.0,0,1,111.44837504252791,111.44837504252791,50.94200000166893,0.01391698606312275,162.40429203025997
pessimistic,150,bramev_nearest_offer,3,3,3,t00205-c00093,93,205,1,0,1,True,False,no_show,21.0213,0.0,0,1,51.80233297869563,51.80233297869563,31.74045798368752,0.005209003575146198,83.5479999659583
pessimistic,150,bramev_nearest_offer,3,3,3,t00205-c00118,118,205,3,0,2,True,False,cancelled_late,15.419,0.0,0,1,23.799333022907376,48.32933295983821,35.2165000513196,0.005499925464391708,83.5513329366222
pessimistic,150,bramev_nearest_offer,3,3,3,t00206-c00113,113,206,1,0,1,True,False,cancelled_late,28.2788,0.0,0,1,77.75649998802692,77.75649998802692,0.12854102533310652,0.006209011189639568,77.89125002454966
pessimistic,150,bramev_nearest_offer,3,3,3,t00206-c00147,147,206,4,1,3,True,False,cancelled_late,12.8593,0.0,0,1,93.92491693142802,134.8310000030324,0.11258292943239212,0.00708398874849081,134.95066692121327
pessimistic,150,bramev_nearest_offer,3,3,3,t00207-c00076,76,207,1,0,1,True,False,cancelled_late,27.84,0.0,0,1,4.65391599573195,4.65391599573195,51.30120902322233,0.011749914847314358,55.96687493380159
pessimistic,150,bramev_nearest_offer,3,3,3,t00209-c00001,1,209,2,0,2,True,False,satisfied,25.1267,25.2,42,1,48.84549998678267,83.062042016536,204.7255829675123,0.022541964426636696,287.81016694847494
pessimistic,150,bramev_nearest_offer,3,3,3,t00209-c00047,47,209,2,0,1,True,False,satisfied,7.8649,8.0,16,1,137.6585840480402,137.6585840480402,150.19983297679573,0.007457914762198925,287.86587493959814
pessimistic,150,bramev_nearest_offer,3,3,3,t00209-c00074,74,209,2,0,2,True,False,satisfied,22.3564,12.6,18,1,137.63545802794397,287.7197499619797,0.1503330422565341,0.005208072252571583,287.8752910764888
pessimistic,150,bramev_nearest_offer,3,3,3,t00209-c00130,130,209,1,0,1,True,False,satisfied,35.0758,28.8,72,1,279.9430839950219,279.9430839950219,7.931583095341921,0.004249974153935909,287.87891706451774
pessimistic,150,bramev_nearest_offer,3,3,3,t00210-c00019,19,210,1,0,1,True,False,breakdown,23.1498,0.0,0,1,37.31733304448426,37.31733304448426,0.008499948307871819,0.009207986295223236,37.33504097908735
pessimistic,150,bramev_nearest_offer,3,3,3,t00210-c00080,80,210,1,0,1,True,False,no_show,27.3386,0.0,0,1,15.550000010989606,15.550000010989606,21.805791999213398,0.006375019438564777,37.36216702964157
pessimistic,150,bramev_nearest_offer,3,3,3,t00210-c00118,118,210,1,0,1,True,False,no_show,12.3172,0.0,0,1,33.95012498367578,33.95012498367578,3.4088330576196313,0.004499917849898338,37.36345795914531
pessimistic,150,bramev_nearest_offer,3,3,3,t00211-c00113,113,211,2,0,2,True,False,no_show,28.6756,0.0,0,1,23.235542001202703,53.53391694370657,2.79820803552866,0.015458907000720501,56.34758388623595
pessimistic,150,bramev_nearest_offer,3,3,3,t00211-c00147,147,211,2,0,2,True,False,satisfied,13.0314,13.2,22,1,40.92691699042916,56.27445806749165,0.11720892507582903,0.006832997314631939,56.39849998988211
pessimistic,150,bramev_nearest_offer,3,3,3,t00214-c00052,52,214,1,1,1,True,False,cancelled_late,28.3802,0.0,0,1,288.6780420085415,288.6780420085415,0.011750031262636185,0.009916024282574654,288.69970806408674
pessimistic,150,bramev_nearest_offer,3,3,3,t00214-c00093,93,214,3,0,3,True,False,satisfied,21.6142,21.7,31,1,243.19420906249434,279.91041704081,0.020458013750612736,0.013249926269054413,279.94412498082966
pessimistic,150,bramev_nearest_offer,3,3,3,t00214-c00143,143,214,2,0,2,True,False,satisfied,25.0751,25.2,36,1,243.16941702272743,276.18375001475215,3.811249975115061,0.006958958692848682,280.00195894856006
pessimistic,150,bramev_nearest_offer,3,3,3,t00215-c00139,139,215,2,1,2,True,False,cancelled_early,21.0447,0.0,0,1,24.491375079378486,104.21795805450529,0.025124987587332726,0.011333031579852104,104.25441607367247
pessimistic,150,bramev_nearest_offer,3,3,3,t00217-c00139,139,217,2,1,2,True,False,satisfied,22.7835,16.8,42,1,24.996125022880733,108.11837494838983,38.77112502232194,0.008124974556267262,146.89762494526803
pessimistic,150,bramev_nearest_offer,3,3,3,t00218-c00136,136,218,1,0,1,True,False,satisfied,33.9225,34.3,49,1,145.92549996450543,145.92549996450543,0.024875043891370296,0.013125012628734112,145.96350002102554
pessimistic,150,bramev_nearest_offer,3,3,3,t00219-c00078,78,219,1,0,1,True,False,cancelled_early,24.6892,0.0,0,1,41.75441700499505,41.75441700499505,0.016040983609855175,0.009209034033119678,41.77966702263802
pessimistic,150,bramev_nearest_offer,3,3,3,t00219-c00082,82,219,2,0,2,True,False,satisfied,23.2657,12.0,15,1,23.03450007457286,41.72604205086827,0.09095796849578619,0.006583984941244125,41.8235840043053
pessimistic,150,bramev_nearest_offer,3,3,3,t00219-c00117,117,219,1,0,1,True,False,cancelled_early,19.8553,0.0,0,1,32.224791939370334,32.224791939370334,9.597875061444938,0.004207948222756386,41.82687494903803
pessimistic,150,bramev_nearest_offer,3,3,3,t00220-c00032,32,220,4,1,4,True,False,satisfied,15.6944,16.0,40,1,66.11050001811236,744.4084580056369,10.219458024948835,0.00925001222640276,754.6371660428122
pessimistic,150,bramev_nearest_offer,3,3,3,t00220-c00078,78,220,1,0,1,True,False,no_show,23.9593,0.0,0,1,17.699707997962832,17.699707997962832,0.011167023330926895,0.011082971468567848,17.721957992762327
pessimistic,150,bramev_nearest_offer,3,3,3,t00220-c00117,117,220,1,0,1,True,False,cancelled_late,22.1608,0.0,0,1,13.754750019870698,13.754750019870698,3.9856659714132547,0.005416921339929104,17.745832912623882
pessimistic,150,bramev_nearest_offer,3,3,3,t00221-c00006,6,221,1,0,1,True,False,satisfied,17.6358,13.3,19,1,731.2287500826642,731.2287500826642,4.48979192879051,0.012042000889778137,735.7305840123445
pessimistic,150,bramev_nearest_offer,3,3,3,t00221-c00052,52,221,7,0,7,True,False,satisfied,29.7335,30.4,38,1,40.77325004618615,735.6655830517411,0.14187500346451998,0.007541966624557972,735.8150000218302
pessimistic,150,bramev_nearest_offer,3,3,3,t00222-c00072,72,222,1,0,1,True,False,no_show,18.8747,0.0,0,1,10.732750059105456,10.732750059105456,0.01037493348121643,0.008833012543618679,10.751958005130291
pessimistic,150,bramev_nearest_offer,3,3,3,t00224-c00021,21,224,1,0,1,True,False,no_show,24.1224,0.0,0,1,59.95699996128678,59.95699996128678,6.041542044840753,0.010750023648142815,66.00929202977568
pessimistic,150,bramev_nearest_offer,3,3,3,t00224-c00121,121,224,2,0,2,True,False,no_show,21.4335,0.0,0,1,38.27404207549989,65.95166702754796,0.091583002358675,0.006749993190169334,66.0500000230968
pessimistic,150,bramev_nearest_offer,3,3,3,t00224-c00144,144,224,1,0,1,True,False,satisfied,21.9192,14.0,28,1,51.608124980702996,51.608124980702996,14.43879201542586,0.004040892235934734,66.05095788836479
pessimistic,150,bramev_nearest_offer,3,3,3,t00226-c00000,0,226,1,1,1,True,False,satisfied,14.2862,14.4,18,1,5.0015420420095325,5.0015420420095325,13.184790965169668,0.009042094461619854,18.19537510164082
pessimistic,150,bramev_nearest_offer,3,3,3,t00227-c00014,14,227,1,1,1,True,False,no_show,25.5919,0.0,0,1,25.21316707134247,25.21316707134247,0.0076249707490205765,0.00837491825222969,25.22916696034372
pessimistic,150,bramev_nearest_offer,3,3,3,t00227-c00028,28,227,1,0,1,True,False,satisfied,33.331,12.0,30,1,17.220458015799522,17.220458015799522,0.06237498018890619,0.00566698145121336,17.288499977439642
pessimistic,150,bramev_nearest_offer,3,3,3,t00228-c00079,79,228,4,1,3,True,False,no_show,14.1718,0.0,0,1,46.0823749890551,83.82987498771399,2.595291007310152,0.015749945305287838,86.44091594032943
pessimistic,150,bramev_nearest_offer,3,3,3,t00228-c00097,97,228,3,1,2,True,False,satisfied,15.457,16.1,23,1,46.05699994135648,79.13474994711578,7.355583016760647,0.007083057425916195,86.49741602130234
pessimistic,150,bramev_nearest_offer,3,3,3,t00229-c00049,49,229,1,1,1,True,False,cancelled_early,29.8002,0.0,0,1,110.09116703644395,110.09116703644395,2.1762920077890158,0.00995793379843235,112.2774169780314
pessimistic,150,bramev_nearest_offer,3,3,3,t00229-c00117,117,229,3,1,2,True,False,satisfied,14.2203,12.0,20,1,96.17949998937547,102.69650002010167,9.594167000614107,0.006292015314102173,112.29695903602988
pessimistic,150,bramev_nearest_offer,3,3,3,t00230-c00106,106,230,1,1,1,True,False,no_show,18.5442,0.0,0,1,39.520875085145235,39.520875085145235,0.009124982170760632,0.0071249669417738914,39.53712503425777
pessimistic,150,bramev_nearest_offer,3,3,3,t00231-c00049,49,231,1,1,1,True,False,satisfied,23.8532,15.4,22,1,10.920500033535063,10.920500033535063,0.007416936568915844,0.007417052984237671,10.935334023088217
pessimistic,150,bramev_nearest_offer,3,3,3,t00233-c00114,114,233,1,0,1,True,False,no_show,24.1833,0.0,0,1,11.128125013783574,11.128125013783574,0.012917094863951206,0.008832896128296852,11.149875004775822
pessimistic,150,bramev_nearest_offer,3,3,3,t00234-c00076,76,234,1,0,1,True,False,satisfied,29.2666,9.8,14,1,4.94029198307544,4.94029198307544,0.007833004929125309,0.007375027053058147,4.955500015057623
pessimistic,150,bramev_nearest_offer,3,3,3,t00235-c00092,92,235,1,0,1,True,False,cancelled_late,29.0967,0.0,0,1,4.522916977293789,4.522916977293789,0.00858306884765625,0.0071249669417738914,4.5386250130832195
pessimistic,150,bramev_nearest_offer,3,3,3,t00236-c00056,56,236,3,0,3,True,False,cancelled_late,19.5906,0.0,0,1,23.97945907432586,57.545792078599334,0.017749960534274578,0.012792064808309078,57.57633410394192
pessimistic,150,bramev_nearest_offer,3,3,3,t00236-c00061,61,236,1,0,1,True,False,cancelled_late,27.2844,0.0,0,1,50.43979093898088,50.43979093898088,7.18766706995666,0.005875015631318092,57.633333024568856
pessimistic,150,bramev_nearest_offer,3,3,3,t00238-c00055,55,238,3,0,3,True,False,cancelled_late,29.4401,0.0,0,1,32.024834072217345,82.98191707581282,0.020832987502217293,0.01391698606312275,83.01666704937816
pessimistic,150,bramev_nearest_offer,3,3,3,t00239-c00040,40,239,4,0,4,True,False,cancelled_early,32.2132,0.0,0,1,46.406959067098796,135.10679197497666,0.01683307345956564,0.013499986380338669,135.13712503481656
pessimistic,150,bramev_nearest_offer,3,3,3,t00240-c00040,40,240,1,0,1,True,False,satisfied,32.125,9.8,14,1,4.949917085468769,4.949917085468769,0.008499948307871819,0.009167008101940155,4.967584041878581
pessimistic,150,bramev_nearest_offer,3,3,3,t00241-c00111,111,241,2,1,2,True,False,satisfied,21.8549,3.2,4,1,7.249957998283207,38.433333043940365,11.15962490439415,0.006625079549849033,49.599583027884364
pessimistic,150,bramev_nearest_offer,3,3,3,t00241-c00119,119,241,1,0,1,True,False,satisfied,28.669,4.8,12,1,3.7899999879300594,3.7899999879300594,0.0074999406933784485,0.007333001121878624,3.8048329297453165
pessimistic,150,bramev_nearest_offer,3,3,3,t00242-c00071,71,242,1,0,1,True,False,satisfied,28.182,21.6,27,1,44.713416951708496,44.713416951708496,0.015625031664967537,0.011375057511031628,44.740417040884495
pessimistic,150,bramev_nearest_offer,3,3,3,t00242-c00131,131,242,1,0,1,True,False,no_show,20.8799,0.0,0,1,5.741290980949998,5.741290980949998,39.050334016792476,0.004707952030003071,44.79633294977248
pessimistic,150,bramev_nearest_offer,3,3,3,t00243-c00013,13,243,1,0,1,True,False,cancelled_early,22.2089,0.0,0,1,34.310749964788556,34.310749964788556,0.012334086932241917,0.010624993592500687,34.3337090453133
pessimistic,150,bramev_nearest_offer,3,3,3,t00244-c00013,13,244,1,0,1,True,False,satisfied,19.1384,13.6,34,1,26.817417005077004,26.817417005077004,12.910249992273748,0.009333016350865364,39.73700001370162
pessimistic,150,bramev_nearest_offer,3,3,3,t00244-c00025,25,244,1,0,1,True,False,no_show,23.4993,0.0,0,1,31.399084022268653,31.399084022268653,8.357707993127406,0.005208072252571583,39.76200008764863
pessimistic,150,bramev_nearest_offer,3,3,3,t00244-c00059,59,244,1,0,1,True,False,no_show,30.1965,0.0,0,1,39.658833062276244,39.658833062276244,0.09608303662389517,0.0038750004023313522,39.75879109930247
pessimistic,150,bramev_nearest_offer,3,3,3,t00245-c00002,2,245,2,0,2,True,False,cancelled_late,20.4049,0.0,0,1,197.4837500602007,243.37570799980313,0.01308403443545103,0.012208009138703346,243.40100004337728
pessimistic,150,bramev_nearest_offer,3,3,3,t00245-c00046,46,245,4,1,4,True,False,satisfied,28.7963,19.2,32,1,247.9250410106033,336.20570797938854,5.008458043448627,0.008124974556267262,341.22229099739343
pessimistic,150,bramev_nearest_offer,3,3,3,t00245-c00056,56,245,3,0,3,True,False,cancelled_early,24.287,0.0,0,1,197.42887502070516,243.32087498623878,0.10495795868337154,0.006749993190169334,243.43258293811232
pessimistic,150,bramev_nearest_offer,3,3,3,t00245-c00075,75,245,2,0,2,True,False,no_show,19.015,0.0,0,1,197.40712502971292,243.29929205123335,0.14404102694243193,0.005124951712787151,243.44845802988857
pessimistic,150,bramev_nearest_offer,3,3,3,t00245-c00123,123,245,1,1,1,True,False,cancelled_late,26.575,0.0,0,1,247.85304197575897,247.85304197575897,93.33549998700619,0.00529095996171236,341.19383292272687
pessimistic,150,bramev_nearest_offer,3,3,3,t00246-c00002,2,246,1,0,1,True,False,cancelled_early,21.8238,0.0,0,1,96.4912079507485,96.4912079507485,0.008417060598731041,0.010291929356753826,96.50991694070399
pessimistic,150,bramev_nearest_offer,3,3,3,t00246-c00056,56,246,2,1,1,True,False,cancelled_late,17.8839,0.0,0,1,123.62225004471838,123.62225004471838,2.3880829103291035,0.019208993762731552,126.02954194881022
pessimistic,150,bramev_nearest_offer,3,3,3,t00246-c00142,142,246,1,0,1,True,False,satisfied,28.1333,1.4,2,1,3.2139159739017487,3.2139159739017487,93.36783410981297,0.004707952030003071,96.58645803574473
pessimistic,150,bramev_nearest_offer,3,3,3,t00247-c00002,2,247,2,1,1,True,False,cancelled_early,16.577,0.0,0,1,44.90420804359019,44.90420804359019,0.009999959729611874,0.011459109373390675,44.92566711269319
pessimistic,150,bramev_nearest_offer,3,3,3,t00247-c00112,112,247,1,0,1,True,False,satisfied,18.8211,17.5,25,1,25.872499914839864,25.872499914839864,2.488958998583257,0.007708091288805008,28.369167004711926
pessimistic,150,bramev_nearest_offer,3,3,3,t00248-c00118,118,248,6,2,6,True,False,cancelled_late,14.3439,0.0,0,1,43.74841693788767,166.17400001268834,2.8233749326318502,0.0076669966802001,169.0050419420004
pessimistic,150,bramev_nearest_offer,3,3,3,t00249-c00002,2,249,2,1,1,True,False,no_show,17.6427,0.0,0,1,72.07437499891967,72.07437499891967,80.30670799780637,0.01037493348121643,152.39145793020725
pessimistic,150,bramev_nearest_offer,3,3,3,t00249-c00094,94,249,1,0,1,True,False,cancelled_late,15.9286,0.0,0,1,7.775707985274494,7.775707985274494,0.00966701190918684,0.008041970431804657,7.793416967615485
pessimistic,150,bramev_nearest_offer,3,3,3,t00249-c00148,148,249,1,0,1,True,False,cancelled_early,22.5576,0.0,0,1,2.5849168887361884,2.5849168887361884,5.212582997046411,0.005542067810893059,7.8030419535934925
pessimistic,150,bramev_nearest_offer,3,3,3,t00250-c00094,94,250,1,0,1,True,False,satisfied,18.4089,3.2,8,1,143.51924997754395,143.51924997754395,0.08691707625985146,0.005749985575675964,143.61191703937948
pessimistic,150,bramev_nearest_offer,3,3,3,t00250-c00148,148,250,1,0,1,True,False,satisfied,20.8828,1.4,2,1,23.40820897370577,23.40820897370577,120.24175003170967,0.004624947905540466,143.65458395332098
pessimistic,150,bramev_nearest_offer,3,3,3,t00251-c00083,83,251,1,0,1,True,False,cancelled_late,28.6176,0.0,0,1,5.441042012535036,5.441042012535036,0.0074160052463412285,0.006875023245811462,5.455333041027188
pessimistic,150,bramev_nearest_offer,3,3,3,t00251-c00102,102,251,1,0,1,True,False,missed,21.6635,0.0,0,1,1.9968339474871755,1.9968339474871755,3.462207969278097,0.00558304600417614,5.464624962769449
pessimistic,150,bramev_nearest_offer,3,3,3,t00252-c00056,56,252,1,0,1,True,False,satisfied,20.1987,20.0,25,1,23.112708004191518,23.112708004191518,0.00925001222640276,0.008124974556267262,23.130082990974188
pessimistic,150,bramev_nearest_offer,3,3,3,t00254-c00102,102,254,7,0,7,True,False,cancelled_late,17.3397,0.0,0,1,29.96954193804413,169.46195799391717,0.02487492747604847,0.013959011994302273,169.50079193338752
pessimistic,150,bramev_nearest_offer,3,3,3,t00254-c00113,113,254,1,0,1,True,False,satisfied,22.0862,22.4,28,1,40.07629107218236,40.07629107218236,129.46479197125882,0.005832989700138569,169.54691603314131
pessimistic,150,bramev_nearest_offer,3,3,3,t00255-c00102,102,255,2,0,2,True,False,cancelled_early,19.7449,0.0,0,1,7.463832967914641,11.30041596479714,0.013125012628734112,0.009375042282044888,11.322916019707918
pessimistic,150,bramev_nearest_offer,3,3,3,t00255-c00142,142,255,3,1,2,True,False,no_show,24.6865,0.0,0,1,23.6126669915393,34.52766698319465,3.4807081101462245,0.005041947588324547,38.0134170409292
pessimistic,150,bramev_nearest_offer,3,3,3,t00256-c00061,61,256,1,0,1,True,False,no_show,25.8125,0.0,0,1,25.62824997585267,25.62824997585267,0.014416989870369434,0.009665964171290398,25.652332929894328
pessimistic,150,bramev_nearest_offer,3,3,3,t00256-c00102,102,256,1,0,1,True,False,satisfied,23.9471,1.8,3,1,25.60033299960196,25.60033299960196,0.07329205982387066,0.004875008016824722,25.678500067442656
pessimistic,150,bramev_nearest_offer,3,3,3,t00257-c00079,79,257,7,2,6,True,False,cancelled_late,17.8511,0.0,0,1,80.1127920858562,258.18141701165587,5.411833059042692,0.016749952919781208,263.61000002361834
pessimistic,150,bramev_nearest_offer,3,3,3,t00257-c00126,126,257,6,2,5,True,False,cancelled_early,22.6848,0.0,0,1,111.33054201491177,258.14995903056115,5.556040909141302,0.006125075742602348,263.71212501544505
pessimistic,150,bramev_nearest_offer,3,3,3,t00258-c00078,78,258,5,0,5,True,False,satisfied,24.8405,17.6,22,1,18.37829197756946,60.418416978791356,0.02079200930893421,0.01216609962284565,60.451375087723136
pessimistic,150,bramev_nearest_offer,3,3,3,t00259-c00105,105,259,2,0,2,True,False,no_show,21.3532,0.0,0,1,87.65154203865677,199.14137502200902,0.13316702097654343,0.006417045369744301,199.2809590883553
pessimistic,150,bramev_nearest_offer,3,3,3,t00260-c00126,126,260,6,2,5,True,False,satisfied,23.2632,7.2,18,1,13.073500012978911,56.42170808278024,0.11379190254956484,0.008333008736371994,56.54383299406618
pessimistic,150,bramev_nearest_offer,3,3,3,t00261-c00018,18,261,2,1,1,True,False,satisfied,16.7097,9.1,13,1,23.445290978997946,23.445290978997946,32.065499923191965,0.011417083442211151,55.52220798563212
pessimistic,150,bramev_nearest_offer,3,3,3,t00262-c00092,92,262,2,1,1,True,False,satisfied,30.4547,5.6,8,1,71.32975000422448,71.32975000422448,3.9938330883160233,0.009999959729611874,75.33358305227011
pessimistic,150,bramev_nearest_offer,3,3,3,t00263-c00079,79,263,2,1,1,True,False,satisfied,12.415,10.8,18,1,35.30174994375557,35.30174994375557,11.364041012711823,0.01366704236716032,46.67945799883455
pessimistic,150,bramev_nearest_offer,3,3,3,t00263-c00115,115,263,2,0,2,True,False,cancelled_late,21.3026,0.0,0,1,14.334124978631735,21.429916960187256,0.08937506936490536,0.006332993507385254,21.525625023059547
pessimistic,150,bramev_nearest_offer,3,3,3,t00264-c00010,10,264,2,1,1,True,False,no_show,26.2614,0.0,0,1,31.576416920870543,31.576416920870543,3.7128750700503588,0.014582998119294643,35.303874989040196
pessimistic,150,bramev_nearest_offer,3,3,3,t00264-c00090,90,264,2,0,2,True,False,satisfied,23.6454,8.4,12,1,20.11670800857246,23.990207933820784,0.10558299254626036,0.007583992555737495,24.103374918922782
pessimistic,150,bramev_nearest_offer,3,3,3,t00265-c00109,109,265,3,1,2,True,False,cancelled_late,21.3426,0.0,0,1,17.815084080211818,21.90479205455631,1.8041249131783843,0.010333023965358734,23.719249991700053
pessimistic,150,bramev_nearest_offer,3,3,3,t00266-c00122,122,266,6,1,5,True,False,cancelled_late,17.7804,0.0,0,1,20.26804198976606,114.81850000564009,2.060375059954822,0.007416936568915844,116.88629200216383
pessimistic,150,bramev_nearest_offer,3,3,3,t00267-c00055,55,267,5,0,5,True,False,no_show,29.4692,0.0,0,1,29.626250034198165,101.29991709254682,1.9814579281955957,0.014292076230049133,103.29566709697247
pessimistic,150,bramev_nearest_offer,3,3,3,t00268-c00121,121,268,2,0,1,True,False,satisfied,29.8047,10.5,15,1,4.851208999752998,4.851208999752998,1.878208015114069,0.009999959729611874,6.739416974596679
pessimistic,150,bramev_nearest_offer,3,3,3,t00269-c00008,8,269,4,1,3,True,False,cancelled_early,30.0734,0.0,0,1,10.528124985285103,27.611874975264072,1.871249987743795,0.009167008101940155,29.492291971109807
pessimistic,150,bramev_nearest_offer,3,3,3,t00269-c00083,83,269,1,0,1,True,False,cancelled_early,30.2106,0.0,0,1,7.134291925467551,7.134291925467551,0.00958307646214962,0.007875030860304832,7.151750032790005
pessimistic,150,bramev_nearest_offer,3,3,3,t00269-c00122,122,269,1,0,1,True,False,cancelled_late,18.1455,0.0,0,1,3.861416014842689,3.861416014842689,3.30566696356982,0.004958012141287327,7.172040990553796
pessimistic,150,bramev_nearest_offer,3,3,3,t00270-c00055,55,270,1,0,1,True,False,cancelled_early,25.3872,0.0,0,1,21.246957941912115,21.246957941912115,0.07262500002980232,0.005500041879713535,21.32508298382163
pessimistic,150,bramev_nearest_offer,3,3,3,t00270-c00083,83,270,1,0,1,True,False,cancelled_early,33.5822,0.0,0,1,7.568292086943984,7.568292086943984,13.756374944932759,0.00666698906570673,21.33133402094245
pessimistic,150,bramev_nearest_offer,3,3,3,t00270-c00122,122,270,1,0,1,True,False,no_show,18.9981,0.0,0,1,7.543332991190255,7.543332991190255,13.785375049337745,0.0036669662222266197,21.332375006750226
pessimistic,150,bramev_nearest_offer,3,3,3,t00271-c00008,8,271,1,0,1,True,False,cancelled_late,30.1101,0.0,0,1,8.056374965235591,8.056374965235591,1.7538750544190407,0.00833394005894661,9.818583959713578
pessimistic,150,bramev_nearest_offer,3,3,3,t00271-c00055,55,271,8,2,6,True,False,breakdown,28.8794,0.0,0,1,18.61420797649771,50.83587497938424,4.0242079412564635,0.013542012311518192,54.873624932952225
pessimistic,150,bramev_nearest_offer,3,3,3,t00271-c00083,83,271,1,0,1,True,False,no_show,24.9688,0.0,0,1,3.3076670952141285,3.3076670952141285,6.505207973532379,0.004999921657145023,9.817874990403652
pessimistic,150,bramev_nearest_offer,3,3,3,t00272-c00080,80,272,7,2,6,True,False,satisfied,33.9708,6.0,12,1,49.53275003936142,96.191875054501,3.554375027306378,0.012165983207523823,99.7584160650149
pessimistic,150,bramev_nearest_offer,3,3,3,t00272-c00101,101,272,6,1,5,True,False,no_show,18.4865,0.0,0,1,7.760999957099557,43.98699989542365,0.10825006756931543,0.008124974556267262,44.10337493754923
pessimistic,150,bramev_nearest_offer,3,3,3,t00273-c00106,106,273,1,1,1,True,False,satisfied,18.8886,3.6,6,1,60.32512499950826,60.32512499950826,36.62429202813655,0.005958019755780697,96.9553750474006
pessimistic,150,bramev_nearest_offer,3,3,3,t00273-c00109,109,273,2,0,1,True,False,satisfied,26.4796,5.0,10,1,21.714249975048006,21.714249975048006,19.542958005331457,0.00508397351950407,41.262291953898966
pessimistic,150,bramev_nearest_offer,3,3,3,t00273-c00118,118,273,2,1,2,True,False,no_show,21.0092,0.0,0,1,57.62679094914347,68.88712500222027,28.070874977856874,0.004249974153935909,96.96224995423108
pessimistic,150,bramev_nearest_offer,3,3,3,t00274-c00115,115,274,4,0,4,True,False,satisfied,11.7654,5.5,11,1,24.329083040356636,54.361000075004995,0.12824998702853918,0.005624955520033836,54.49487501755357
pessimistic,150,bramev_nearest_offer,3,3,3,t00275-c00008,8,275,7,0,7,True,False,cancelled_late,22.1179,0.0,0,1,3.3766661072149873,37.157666054554284,0.014833989553153515,0.012375065125524998,37.18487510923296
pessimistic,150,bramev_nearest_offer,3,3,3,t00275-c00108,108,275,1,0,1,True,False,cancelled_late,24.1486,0.0,0,1,15.596708981320262,15.596708981320262,21.62712498102337,0.005749985575675964,37.22958394791931
pessimistic,150,bramev_nearest_offer,3,3,3,t00275-c00123,123,275,2,0,2,True,False,no_show,30.1287,0.0,0,1,11.181000038050115,13.335125055164099,23.901124950498343,0.00500003807246685,37.24125004373491
pessimistic,150,bramev_nearest_offer,3,3,3,t00276-c00061,61,276,12,4,0,False,True,abandoned,30.3035,0.0,0,0,,,,,
pessimistic,150,bramev_nearest_offer,3,3,3,t00277-c00008,8,277,12,4,0,False,True,abandoned,23.186,0.0,0,0,,,,,
pessimistic,150,bramev_nearest_offer,3,3,3,t00277-c00041,41,277,12,4,0,False,True,abandoned,17.1813,0.0,0,0,,,,,
pessimistic,150,bramev_nearest_offer,3,3,3,t00278-c00048,48,278,1,0,1,True,False,satisfied,24.6241,4.0,5,1,15.239667030982673,15.239667030982673,6.977207958698273,0.00800006091594696,22.224875050596893
pessimistic,150,bramev_nearest_offer,3,3,3,t00278-c00072,72,278,2,0,2,True,False,satisfied,20.5927,1.2,3,1,10.520000010728836,22.162375040352345,0.0678329961374402,0.005917041562497616,22.236125078052282
pessimistic,150,bramev_nearest_offer,3,3,3,t00278-c00129,129,278,1,0,1,True,False,no_show,26.2015,0.0,0,1,8.418624987825751,8.418624987825751,13.814207981340587,0.004458008334040642,22.23729097750038
pessimistic,150,bramev_nearest_offer,3,3,3,t00279-c00108,108,279,1,0,1,True,False,cancelled_late,14.2567,0.0,0,1,8.530250051990151,8.530250051990151,11.735499952919781,0.00966701190918684,20.27541701681912
pessimistic,150,bramev_nearest_offer,3,3,3,t00280-c00002,2,280,12,4,0,False,True,abandoned,26.3893,0.0,0,0,,,,,
pessimistic,150,bramev_nearest_offer,3,3,3,t00280-c00016,16,280,7,0,7,True,False,cancelled_late,18.8477,0.0,0,1,2.667624969035387,27.210582979023457,0.025124987587332726,0.010750023648142815,27.246457990258932
pessimistic,150,bramev_nearest_offer,3,3,3,t00280-c00096,96,280,1,0,1,True,False,cancelled_late,13.9923,0.0,0,1,7.859249948523939,7.859249948523939,19.410000066272914,0.005332985892891884,27.274583000689745
pessimistic,150,bramev_nearest_offer,3,3,3,t00281-c00045,45,281,12,4,0,False,True,abandoned,20.156,0.0,0,0,,,,,
pessimistic,150,bramev_nearest_offer,3,3,3,t00281-c00083,83,281,12,4,0,False,True,abandoned,32.9285,0.0,0,0,,,,,
pessimistic,150,bramev_nearest_offer,3,3,3,t00281-c00108,108,281,12,4,0,False,True,abandoned,22.6286,0.0,0,0,,,,,
pessimistic,150,bramev_nearest_offer,3,3,3,t00281-c00131,131,281,12,4,0,False,True,abandoned,26.2487,0.0,0,0,,,,,
pessimistic,150,bramev_nearest_offer,3,3,3,t00282-c00016,16,282,12,4,0,False,True,abandoned,19.1484,0.0,0,0,,,,,
pessimistic,150,bramev_nearest_offer,3,3,3,t00282-c00021,21,282,12,4,0,False,True,abandoned,35.8339,0.0,0,0,,,,,
pessimistic,150,bramev_nearest_offer,3,3,3,t00283-c00066,66,283,3,1,2,True,False,cancelled_late,21.2807,0.0,0,1,23.574459017254412,27.509375009685755,16.269749961793423,0.012625008821487427,43.791749980300665
pessimistic,150,bramev_nearest_offer,3,3,3,t00283-c00098,98,283,12,4,0,False,True,abandoned,21.851,0.0,0,0,,,,,
pessimistic,150,bramev_nearest_offer,3,3,3,t00284-c00096,96,284,12,3,0,False,False,in_progress,20.4418,0.0,0,0,,,,,
pessimistic,150,bramev_nearest_offer,3,3,3,t00284-c00127,127,284,1,0,1,True,False,cancelled_late,20.5159,0.0,0,1,10.04325004760176,10.04325004760176,12.62770895846188,0.006458023563027382,22.677417029626667
pessimistic,150,bramev_nearest_offer,3,3,3,t00285-c00014,14,285,2,0,1,True,False,satisfied,40.1281,0.6,1,1,5.693375016562641,5.693375016562641,16.968625015579164,0.0074160052463412285,22.669416037388146
pessimistic,150,bramev_nearest_offer,3,3,3,t00285-c00029,29,285,7,2,0,False,False,in_progress,16.8324,0.0,0,0,,,,,
pessimistic,150,bramev_nearest_offer,3,3,3,t00285-c00054,54,285,1,0,1,True,False,cancelled_late,21.1543,0.0,0,1,22.565416991710663,22.565416991710663,0.06558303721249104,0.005458015948534012,22.636458044871688
pessimistic,150,bramev_nearest_offer,3,3,3,t00285-c00066,66,285,8,2,0,False,False,in_progress,14.2284,0.0,0,0,,,,,
pessimistic,150,bramev_nearest_offer,3,3,3,t00285-c00114,114,285,1,0,1,True,False,cancelled_late,22.9544,0.0,0,1,9.4319999916479,9.4319999916479,13.159207999706268,0.004458939656615257,22.595666931010783
pessimistic,150,bramev_nearest_offer,3,3,3,t00285-c00127,127,285,5,2,0,False,False,in_progress,14.874,0.0,0,0,,,,,
pessimistic,150,bramev_nearest_offer,3,3,3,t00286-c00036,36,286,3,1,0,False,False,in_progress,15.2543,0.0,0,0,,,,,
pessimistic,150,bramev_nearest_offer,3,3,3,t00286-c00054,54,286,3,1,0,False,False,in_progress,17.6202,0.0,0,0,,,,,
pessimistic,150,bramev_nearest_offer,3,3,3,t00286-c00114,114,286,1,1,0,False,False,in_progress,29.5545,0.0,0,0,,,,,
pessimistic,150,bramev_nearest_offer,3,3,3,t00287-c00092,92,287,1,0,0,False,False,in_progress,11.9193,0.0,0,0,,,,,
