scenario,nb_cars,method,seed,world_seed,grid_seed,demand_id,car_id,slot,nb_stations,nb_offers,confirmed,confirm_attempts,first_offer_ms,last_offer_ms,selection_ms,confirmation_ms,total_ms
balance,200,multistation_rep,42,42,42,t00000-c00008,8,0,6,6,True,1,300038.96345900284,1113120.3605420014,303488.97099999886,0.029417002224363387,1416609.3609590025
balance,200,multistation_rep,42,42,42,t00000-c00020,20,0,10,10,True,1,300548.3002090041,1115685.7678340022,300923.6337080001,0.008041999535635114,1416609.4095840016
balance,200,multistation_rep,42,42,42,t00000-c00024,24,0,12,12,True,1,300548.2682919974,1416609.22975,0.17412500164937228,0.005458998202811927,1416609.4093339997
balance,200,multistation_rep,42,42,42,t00000-c00025,25,0,5,5,True,1,382651.2790410052,1416609.1933330027,0.19600000086938962,0.004417001036927104,1416609.3937500045
balance,200,multistation_rep,42,42,42,t00000-c00033,33,0,5,5,True,1,300038.81950000505,1113120.2166670046,303489.1742920008,0.004165995051153004,1416609.3951250005
balance,200,multistation_rep,42,42,42,t00000-c00034,34,0,6,6,True,1,300750.3331670014,1116558.540041995,300050.84479200013,0.004208006430417299,1416609.3890420017
balance,200,multistation_rep,42,42,42,t00000-c00048,48,0,7,7,True,1,300750.3022500023,1113120.1540420006,303489.2208329984,0.004207999154459685,1416609.3790829983
balance,200,multistation_rep,42,42,42,t00000-c00059,59,0,6,6,True,1,382651.153083003,1416609.0674580047,0.29712499963352457,0.0039590013329871,1416609.3685420055
balance,200,multistation_rep,42,42,42,t00000-c00068,68,0,6,6,True,1,300750.24104200565,1116558.4471250041,300050.9076669987,0.003916997229680419,1416609.358709
balance,200,multistation_rep,42,42,42,t00000-c00092,92,0,9,9,True,1,300548.0424580019,1416609.0061659997,0.33954199898289517,0.003792003553826362,1416609.3495000023
balance,200,multistation_rep,42,42,42,t00000-c00099,99,0,5,5,True,1,302209.0436669969,1111896.733582995,304712.6003750018,0.0037089994293637574,1416609.337666996
balance,200,multistation_rep,42,42,42,t00000-c00104,104,0,6,6,True,1,302209.0133330057,1116558.3552080062,300050.9652499968,0.003417000698391348,1416609.3238750035
balance,200,multistation_rep,42,42,42,t00000-c00106,106,0,7,7,True,1,382651.00145799806,1416608.9157079987,0.39195799763547257,0.0036249984987080097,1416609.3112909948
balance,200,multistation_rep,42,42,42,t00000-c00114,114,0,7,7,True,1,301416.0717499981,1116558.2939999949,300050.9995829998,0.0037080026231706142,1416609.2972909973
balance,200,multistation_rep,42,42,42,t00000-c00121,121,0,6,6,True,1,300038.50870899623,1113317.200833997,303292.0812910015,0.0036669953260570765,1416609.2857919938
balance,200,multistation_rep,42,42,42,t00000-c00122,122,0,4,4,True,1,673154.7778750027,1111896.580917004,304712.68891699583,0.003416003892198205,1416609.2732500038
balance,200,multistation_rep,42,42,42,t00000-c00143,143,0,3,3,True,1,300038.4497920022,1111749.4046670035,304859.8530419986,0.0036659985198639333,1416609.2613750007
balance,200,multistation_rep,42,42,42,t00000-c00146,146,0,7,7,True,1,382650.84795800067,1416608.7622910053,0.4846250012633391,0.0038339931052178144,1416609.2507499997
balance,200,multistation_rep,42,42,42,t00000-c00151,151,0,6,6,True,1,300749.93600000016,1116558.1433750049,300051.09291699773,0.003957997250836343,1416609.2402499998
balance,200,multistation_rep,42,42,42,t00000-c00154,154,0,6,6,True,1,302208.7748330014,1116558.1168749996,300051.11029100226,0.0037089994293637574,1416609.2308750013
balance,200,multistation_rep,42,42,42,t00000-c00166,166,0,7,7,True,1,301415.8682079942,1111896.4380409962,304712.78291699855,0.003917004505638033,1416609.2248749991
balance,200,multistation_rep,42,42,42,t00000-c00178,178,0,6,6,True,1,300038.3105829969,1113119.7071659989,303489.50754199905,0.003749999450519681,1416609.2184579975
balance,200,multistation_rep,42,42,42,t00000-c00191,191,0,12,12,True,1,300547.66029099846,1416608.6248329957,0.5836250056745484,0.004499997885432094,1416609.2129579992
balance,200,multistation_rep,42,42,42,t00000-c00196,196,0,6,6,True,1,300038.255792002,1113119.652166999,303489.5505000022,0.003582994395401329,1416609.2062499956
balance,200,multistation_rep,42,42,42,t00001-c00025,25,1,5,5,True,1,68.64916699851165,365.15879199578194,0.018708000425249338,0.018749997252598405,365.1962499934598
balance,200,multistation_rep,42,42,42,t00003-c00160,160,3,7,7,True,1,34.45354099676479,186.70887499320088,0.022833002731204033,0.012333002814557403,186.74404099874664
balance,200,multistation_rep,42,42,42,t00006-c00179,179,6,10,10,True,1,50.959416999830864,436.99141700199107,0.030583003535866737,0.015749996236991137,437.0377500017639
balance,200,multistation_rep,42,42,42,t00007-c00077,77,7,9,9,True,1,62.123666000843514,1151.2629999997444,0.025749999622348696,0.01679100387264043,1151.3055410032393
balance,200,multistation_rep,42,42,42,t00007-c00177,177,7,3,3,True,1,491.1157500027912,900.522041003569,250.82470899360487,0.006375004886649549,1151.3531250020606
balance,200,multistation_rep,42,42,42,t00007-c00179,179,7,15,9,True,1,425.0335000033374,1151.191958997515,0.1573330009705387,0.005583002348430455,1151.354875000834
balance,200,multistation_rep,42,42,42,t00009-c00047,47,9,7,7,True,1,35.40354200231377,304.18270899826894,0.01866600359790027,0.01654199877521023,304.21791700064205
balance,200,multistation_rep,42,42,42,t00010-c00047,47,10,3,2,True,1,42.755999995279126,76.27095799398376,0.012375006917864084,0.011624993931036443,76.29495799483266
balance,200,multistation_rep,42,42,42,t00011-c00019,19,11,15,15,True,1,66.11325000267243,723.149999997986,0.0225000039790757,0.018958999135065824,723.1914590011002
balance,200,multistation_rep,42,42,42,t00011-c00047,47,11,3,1,True,1,494.57454200455686,494.57454200455686,228.66974999487866,0.006082998879719526,723.2503749983152
balance,200,multistation_rep,42,42,42,t00012-c00019,19,12,11,6,True,1,131.56966699898476,626.4968749965192,57.611167001596186,0.015249999705702066,684.1232919978211
balance,200,multistation_rep,42,42,42,t00012-c00135,135,12,4,4,True,1,58.262833998014685,684.0428750001593,0.12099999730708078,0.006209003913681954,684.17008400138
balance,200,multistation_rep,42,42,42,t00014-c00183,183,14,4,4,True,1,25.305708004452754,142.1618330059573,0.026374997105449438,0.013500000932253897,142.201708003995
balance,200,multistation_rep,42,42,42,t00015-c00081,81,15,5,5,True,1,163.0209590002778,627.5929999974323,0.019959006749559194,0.01391599653288722,627.6268750007148
balance,200,multistation_rep,42,42,42,t00015-c00106,106,15,8,7,True,1,34.28695799811976,508.9298329985468,118.72712500189664,0.007999995432328433,627.6649579958757
balance,200,multistation_rep,42,42,42,t00015-c00111,111,15,4,4,True,1,99.2222920031054,602.2508329988341,25.402250001206994,0.004917004844173789,627.6580000048853
balance,200,multistation_rep,42,42,42,t00017-c00094,94,17,12,12,True,1,222.1819999977015,4351.255499997933,90.58950000326149,0.016832993424031883,4441.861832994618
balance,200,multistation_rep,42,42,42,t00017-c00139,139,17,9,9,True,1,222.14379200158874,4441.779249995307,0.1250000059371814,0.007624999852851033,4441.911875001097
balance,200,multistation_rep,42,42,42,t00017-c00181,181,17,7,7,True,1,222.10975000052713,4351.18337500171,90.72004199697403,0.005207999492995441,4441.908624998177
balance,200,multistation_rep,42,42,42,t00018-c00148,148,18,3,3,True,1,187.26783400052227,468.3800419952604,0.027207999664824456,0.015375000657513738,468.42262499558274
balance,200,multistation_rep,42,42,42,t00018-c00149,149,18,7,7,True,1,63.11433299561031,468.3435830011149,0.11870799789903685,0.00687500141793862,468.46916600043187
balance,200,multistation_rep,42,42,42,t00019-c00149,149,19,7,6,True,1,66.74829099938506,289.8120409954572,0.026749999960884452,0.014208999346010387,289.8529999947641
balance,200,multistation_rep,42,42,42,t00020-c00052,52,20,3,3,True,1,68.33000000187894,223.0204169973149,0.01925000105984509,0.012707998394034803,223.05237499676878
balance,200,multistation_rep,42,42,42,t00021-c00005,5,21,3,3,True,1,117.41608299780637,218.83454199996777,45.0829579931451,0.01375000283587724,263.93124999594875
balance,200,multistation_rep,42,42,42,t00021-c00131,131,21,6,6,True,1,23.438625001290347,263.85983300133375,0.11204199836356565,0.007665999874006957,263.9795409995713
balance,200,multistation_rep,42,42,42,t00022-c00031,31,22,3,3,True,1,60.715332998370286,256.1023330054013,0.015166995581239462,0.013000004400964826,256.1305000053835
balance,200,multistation_rep,42,42,42,t00022-c00152,152,22,3,3,True,1,34.50837499985937,206.6406250014552,49.51533299754374,0.0062920007621869445,256.1622499997611
balance,200,multistation_rep,42,42,42,t00024-c00072,72,24,7,7,True,1,195.61320900538703,1148.549625002488,0.024916997062973678,0.016707999748177826,1148.5912499992992
balance,200,multistation_rep,42,42,42,t00025-c00037,37,25,8,8,True,1,262.18320899351966,700.3762919994188,0.021457999537233263,0.017416998161934316,700.4151669971179
balance,200,multistation_rep,42,42,42,t00025-c00194,194,25,4,4,True,1,262.1369590051472,700.3298750059912,0.12270899605937302,0.006415997631847858,700.4589999996824
balance,200,multistation_rep,42,42,42,t00026-c00109,109,26,6,6,True,1,59.669084002962336,326.4069170036237,0.024583001504652202,0.017041995306499302,326.4485420004348
balance,200,multistation_rep,42,42,42,t00027-c00049,49,27,5,5,True,1,127.61099999625003,690.0126249965979,75.06245900003705,0.015958001313265413,765.0910419979482
balance,200,multistation_rep,42,42,42,t00027-c00113,113,27,10,10,True,1,160.99554100219393,765.0129160028882,0.11850000009872019,0.008124996384140104,765.1395409993711
balance,200,multistation_rep,42,42,42,t00027-c00188,188,27,7,7,True,1,46.3966250026715,733.2394589975593,31.909625002299435,0.005791000148747116,765.1548750000075
balance,200,multistation_rep,42,42,42,t00028-c00104,104,28,7,3,True,1,147.7758749970235,249.33108400000492,75.47791599790799,0.04279200220480561,324.8517920001177
balance,200,multistation_rep,42,42,42,t00028-c00113,113,28,8,5,True,1,20.78116700431565,307.0607499976177,17.834834005043376,0.007415997970383614,324.90300000063144
balance,200,multistation_rep,42,42,42,t00029-c00076,76,29,6,6,True,1,167.93199999665376,877.7175419963896,106.52391600160627,0.01654199877521023,984.2579999967711
balance,200,multistation_rep,42,42,42,t00029-c00121,121,29,4,1,True,1,167.8915410011541,167.8915410011541,816.4058749971446,0.0066250067902728915,984.304041005089
balance,200,multistation_rep,42,42,42,t00029-c00125,125,29,6,6,True,1,210.2502919951803,984.1453339977306,0.15070800145622343,0.006417001713998616,984.3024590009009
balance,200,multistation_rep,42,42,42,t00030-c00016,16,30,5,5,True,1,46.12683300365461,629.0236249988084,189.92416700348258,0.016416001017205417,818.9642080033082
balance,200,multistation_rep,42,42,42,t00030-c00196,196,30,12,8,True,1,200.86450000235345,818.8797920010984,0.12137500016251579,0.007333001121878624,819.0085000023828
balance,200,multistation_rep,42,42,42,t00031-c00196,196,31,6,1,True,1,151.7488749959739,151.7488749959739,0.02612500247778371,0.014332996215671301,151.78933299466735
balance,200,multistation_rep,42,42,42,t00032-c00186,186,32,3,3,True,1,23.10175000457093,100.49783300200943,0.02420799864921719,0.01375000283587724,100.53579100349452
balance,200,multistation_rep,42,42,42,t00033-c00167,167,33,3,3,True,1,41.952167004637886,193.65408299927367,58.575750001182314,0.014959005056880414,252.24479200551286
balance,200,multistation_rep,42,42,42,t00033-c00186,186,33,4,3,True,1,100.80458300217288,252.1622499989462,0.12341600086074322,0.005750000127591193,252.29141599993454
balance,200,multistation_rep,42,42,42,t00035-c00151,151,35,7,5,True,1,87.60004099895013,1109.1481249968638,66.64187500427943,0.013958000636193901,1175.8039580017794
balance,200,multistation_rep,42,42,42,t00035-c00172,172,35,9,9,True,1,87.56079200247768,1175.7231669980683,0.10420800390420482,0.0072920011007227,1175.8346670030733
balance,200,multistation_rep,42,42,42,t00036-c00078,78,36,5,5,True,1,21.538375003729016,158.70216600160347,0.021209001715760678,0.012665994290728122,158.73604099760996
balance,200,multistation_rep,42,42,42,t00037-c00040,40,37,5,5,True,1,93.76212499773828,334.07458400324685,31.39625000039814,0.014290999388322234,365.4851250030333
balance,200,multistation_rep,42,42,42,t00037-c00169,169,37,7,7,True,1,34.24754200386815,365.40524999873014,0.12954200064996257,0.0070829992182552814,365.54187499859836
balance,200,multistation_rep,42,42,42,t00038-c00005,5,38,3,2,True,1,940.9635420015547,1058.465417001571,311.18399999832036,0.015416000678669661,1369.66483300057
balance,200,multistation_rep,42,42,42,t00038-c00010,10,38,9,9,True,1,84.03512500080978,1369.5972499990603,0.12345799768809229,0.008458999218419194,1369.7291669959668
balance,200,multistation_rep,42,42,42,t00038-c00040,40,38,5,4,True,1,940.8926670002984,1113.145709001401,256.58233300055144,0.005207999492995441,1369.7332500014454
balance,200,multistation_rep,42,42,42,t00038-c00058,58,38,5,5,True,1,153.07079199556028,1298.5425000006217,71.18149999587331,0.004916997568216175,1369.7289169940632
balance,200,multistation_rep,42,42,42,t00038-c00169,169,38,8,6,True,1,83.93124999565771,1179.8781249963213,189.83870900410693,0.004665998858399689,1369.7214999992866
balance,200,multistation_rep,42,42,42,t00039-c00005,5,39,7,5,True,1,134.17712500086054,1719.7552920042654,0.020125000446569175,0.015124998753890395,1719.7905420034658
balance,200,multistation_rep,42,42,42,t00039-c00010,10,39,7,4,True,1,565.3442500042729,1719.7233340048115,0.10991599992848933,0.006124995707068592,1719.839375000447
balance,200,multistation_rep,42,42,42,t00039-c00014,14,39,7,7,True,1,81.82925000437535,1520.9496669995133,198.88483300019288,0.006042006134521216,1719.8405420058407
balance,200,multistation_rep,42,42,42,t00039-c00114,114,39,8,8,True,1,134.08070799778216,1719.6601249961532,0.1741660016705282,0.004666995664592832,1719.8389579934883
balance,200,multistation_rep,42,42,42,t00039-c00119,119,39,3,3,True,1,730.9393329996965,1292.41212499619,427.42920800083084,0.004375004209578037,1719.8457080012304
balance,200,multistation_rep,42,42,42,t00040-c00114,114,40,4,3,True,1,22.84033299656585,119.26816599589074,0.021084000763949007,0.013625001884065568,119.30287499853875
balance,200,multistation_rep,42,42,42,t00042-c00062,62,42,11,11,True,1,31.44175000488758,352.9549590020906,0.02258300082758069,0.018874998204410076,352.9964170011226
balance,200,multistation_rep,42,42,42,t00043-c00180,180,43,9,9,True,1,20.623292002710514,301.1762500027544,0.02966700412798673,0.01587499718880281,301.2217920040712
balance,200,multistation_rep,42,42,42,t00043-c00182,182,43,4,4,True,1,48.68662500666687,274.131333004334,27.123583997308742,0.006333000783342868,301.2612500024261
balance,200,multistation_rep,42,42,42,t00044-c00027,27,44,3,3,True,1,33.1100829935167,120.97533299674978,0.014666999049950391,0.01375000283587724,121.00374999863561
balance,200,multistation_rep,42,42,42,t00045-c00002,2,45,11,11,True,1,147.84687499923166,1332.656083002803,71.3465000008,0.017499995010439306,1404.0200829986134
balance,200,multistation_rep,42,42,42,t00045-c00134,134,45,8,8,True,1,147.79950000229292,1403.9341669995338,0.12991600669920444,0.0076669966802001,1404.0717500029132
balance,200,multistation_rep,42,42,42,t00045-c00182,182,45,5,4,True,1,28.470417004427873,1018.4604169990052,385.6065420040977,0.005540998245123774,1404.072500001348
balance,200,multistation_rep,42,42,42,t00046-c00083,83,46,8,8,True,1,38.49350000382401,351.86800000519725,0.025374996766913682,0.01587499718880281,351.90924999915296
balance,200,multistation_rep,42,42,42,t00047-c00182,182,47,3,1,True,1,767.71899999585,767.71899999585,276.28350000304636,0.014750003174412996,1044.0172500020708
balance,200,multistation_rep,42,42,42,t00047-c00187,187,47,10,10,True,1,94.13395800220314,1043.9349580046837,0.12479200086090714,0.009457995474804193,1044.0692080010194
balance,200,multistation_rep,42,42,42,t00048-c00187,187,48,7,4,True,1,125.63887500436977,441.59904200205347,0.028708003810606897,0.015291996533051133,441.6430420023971
balance,200,multistation_rep,42,42,42,t00050-c00007,7,50,4,4,True,1,35.628833997179754,289.7179589999723,0.0155829984578304,0.014332996215671301,289.7478749946458
balance,200,multistation_rep,42,42,42,t00050-c00013,13,50,6,6,True,1,35.594459004641976,289.68349999922793,0.13704199955100194,0.006082998879719526,289.82662499765866
balance,200,multistation_rep,42,42,42,t00051-c00007,7,51,4,1,True,1,119.0381670021452,119.0381670021452,153.95237499615178,0.011750002158805728,273.0022920004558
balance,200,multistation_rep,42,42,42,t00051-c00123,123,51,4,4,True,1,118.99770899617579,272.93824999651406,0.09083400072995573,0.006250003934837878,273.03533400117885
balance,200,multistation_rep,42,42,42,t00052-c00025,25,52,7,4,True,1,68.99941599840531,797.3525409979629,110.24662500130944,0.017708996892906725,907.6168749961653
balance,200,multistation_rep,42,42,42,t00052-c00038,38,52,4,4,True,1,333.2204170001205,739.0338339973823,168.6237500034622,0.00687500141793862,907.6644590022624
balance,200,multistation_rep,42,42,42,t00052-c00043,43,52,6,6,True,1,173.2912919978844,907.5116249950952,0.1593750057509169,0.005166999471839517,907.676167000318
balance,200,multistation_rep,42,42,42,t00052-c00090,90,52,4,4,True,1,173.25883300509304,907.4790420054342,0.18941599410027266,0.0040000013541430235,907.6724580008886
balance,200,multistation_rep,42,42,42,t00053-c00038,38,53,4,2,True,1,262.1249580042786,512.4979579995852,76.26716700178804,0.016375000996049494,588.7815000023693
balance,200,multistation_rep,42,42,42,t00053-c00043,43,53,7,7,True,1,47.76816700177733,588.7109169998439,0.12112499825889245,0.007250004273373634,588.8392920023762
balance,200,multistation_rep,42,42,42,t00054-c00038,38,54,8,6,True,1,72.88729099673219,944.4535829970846,86.17254200362368,0.01587499718880281,1030.641999997897
balance,200,multistation_rep,42,42,42,t00054-c00064,64,54,4,4,True,1,92.13204200204927,1030.5667920038104,0.11308299872325733,0.006417001713998616,1030.6862920042477
balance,200,multistation_rep,42,42,42,t00054-c00093,93,54,8,8,True,1,72.81479100493016,989.2800410016207,41.39987500093412,0.00541700137546286,1030.6853330039303
balance,200,multistation_rep,42,42,42,t00055-c00037,37,55,7,5,True,1,222.87800000049174,445.5341249995399,99.12479200283997,0.014457997167482972,544.6733749995474
balance,200,multistation_rep,42,42,42,t00055-c00046,46,55,4,4,True,1,34.032084004138596,544.6011669992004,0.10933300654869527,0.00629199348622933,544.7167919992353
balance,200,multistation_rep,42,42,42,t00055-c00069,69,55,4,4,True,1,34.00008400058141,544.5692089997465,0.14075000217417255,0.005125002644490451,544.7150840045651
balance,200,multistation_rep,42,42,42,t00057-c00023,23,57,3,3,True,1,66.75199999881443,516.1850419972325,108.78216600394808,0.016874997527338564,624.9840829987079
balance,200,multistation_rep,42,42,42,t00057-c00105,105,57,6,6,True,1,118.43441599921789,624.9062080023577,0.13891699927626178,0.008040995453484356,625.0531659970875
balance,200,multistation_rep,42,42,42,t00057-c00165,165,57,8,8,True,1,97.00812499795575,574.58341599704,50.46833400410833,0.006665999535471201,625.0584160006838
balance,200,multistation_rep,42,42,42,t00058-c00001,1,58,3,3,True,1,108.0974159995094,409.4144580012653,22.824166997452267,0.013250006304588169,432.25187500502216
balance,200,multistation_rep,42,42,42,t00058-c00023,23,58,3,2,True,1,237.22479100251803,314.74470799730625,117.5469170048018,0.006458001735154539,432.2980830038432
balance,200,multistation_rep,42,42,42,t00058-c00165,165,58,7,4,True,1,48.432625000714324,432.14270799944643,0.14933400234440342,0.005125002644490451,432.2971670044353
balance,200,multistation_rep,42,42,42,t00060-c00003,3,60,3,3,True,1,71.33954200253356,384.937250004441,98.3265830000164,0.013749995559919626,483.27758300001733
balance,200,multistation_rep,42,42,42,t00060-c00141,141,60,6,6,True,1,99.27500000048894,483.2094160010456,0.10037500032922253,0.006541995389852673,483.3163329967647
balance,200,multistation_rep,42,42,42,t00061-c00012,12,61,7,7,True,1,123.79254199913703,532.3621249990538,41.20691699790768,0.014708006347063929,573.5837500033085
balance,200,multistation_rep,42,42,42,t00061-c00121,121,61,7,4,True,1,66.0333330015419,573.5124580023694,0.11037499643862247,0.006583002686966211,573.629416001495
balance,200,multistation_rep,42,42,42,t00061-c00152,152,61,3,2,True,1,414.62570799922105,489.58699999639066,84.03241699852515,0.004375004209578037,573.6237919991254
balance,200,multistation_rep,42,42,42,t00062-c00103,103,62,4,4,True,1,21.49341699987417,145.40787500300212,0.02016699727391824,0.012875003449153155,145.4409170037252
balance,200,multistation_rep,42,42,42,t00063-c00062,62,63,3,2,True,1,21.399042001576163,90.88579200033564,0.01562500256113708,0.013957993360236287,90.91537499625701
balance,200,multistation_rep,42,42,42,t00066-c00036,36,66,9,9,True,1,46.80820899375249,351.7074589981348,0.02229100209660828,0.017458994989283383,351.7472089952207
balance,200,multistation_rep,42,42,42,t00067-c00039,39,67,7,7,True,1,114.30720799398841,869.9298329956946,104.33258300326997,0.017041995306499302,974.2794579942711
balance,200,multistation_rep,42,42,42,t00067-c00084,84,67,6,6,True,1,48.90983299992513,974.2019170007552,0.13800000306218863,0.007290997018571943,974.347208000836
balance,200,multistation_rep,42,42,42,t00067-c00102,102,67,3,3,True,1,379.98229100048775,869.8582080032793,104.48091699799988,0.0054580013966187835,974.3445830026758
balance,200,multistation_rep,42,42,42,t00068-c00039,39,68,3,2,True,1,37.63162499672035,67.87379099841928,118.9035419956781,0.014667006325908005,186.7920000004233
balance,200,multistation_rep,42,42,42,t00068-c00188,188,68,3,2,True,1,37.584874997264706,186.71141699451255,0.11054100468754768,0.005166999471839517,186.82712499867193
balance,200,multistation_rep,42,42,42,t00069-c00139,139,69,5,4,True,1,77.86325000051875,552.2994580023806,45.80608299875166,0.01604200224392116,598.1215830033761
balance,200,multistation_rep,42,42,42,t00069-c00185,185,69,6,6,True,1,91.68195900565479,598.0394590005744,0.11279099999228492,0.007084003300406039,598.1593340038671
balance,200,multistation_rep,42,42,42,t00070-c00185,185,70,7,5,True,1,26.800874999025837,196.92804099759087,0.02787500125123188,0.015208999684546143,196.97112499852665
balance,200,multistation_rep,42,42,42,t00071-c00095,95,71,4,4,True,1,39.235000003827736,336.3612090033712,0.022915999579709023,0.017041995306499302,336.4011669982574
balance,200,multistation_rep,42,42,42,t00072-c00013,13,72,3,2,True,1,63.06316699919989,102.81266699894331,0.012333002814557403,0.017166996258310974,102.84216699801618
balance,200,multistation_rep,42,42,42,t00075-c00016,16,75,6,5,True,1,113.99737499596085,928.4421670017764,0.018582999473437667,0.016874997527338564,928.4776249987772
balance,200,multistation_rep,42,42,42,t00075-c00195,195,75,12,12,True,1,48.1894159966032,838.9955000020564,89.52654099994106,0.00904199987417087,928.5310830018716
balance,200,multistation_rep,42,42,42,t00076-c00063,63,76,5,5,True,1,34.283624998352025,218.65287499531405,0.01833300484577194,0.014042001566849649,218.68525000172667
balance,200,multistation_rep,42,42,42,t00077-c00117,117,77,6,6,True,1,28.288749999774154,830.2039590053027,118.99829100002535,0.01612499909242615,949.2183750044205
balance,200,multistation_rep,42,42,42,t00077-c00161,161,77,15,15,True,1,83.09833299426828,949.135707996902,0.12270799925317988,0.00875000114319846,949.2671659972984
balance,200,multistation_rep,42,42,42,t00079-c00079,79,79,7,7,True,1,178.4942080048495,436.93341700418387,108.63508300099056,0.020874998881481588,545.5893750040559
balance,200,multistation_rep,42,42,42,t00079-c00151,151,79,6,3,True,1,63.08020800497616,545.503291003115,0.12799999967683107,0.006709000444971025,545.6380000032368
balance,200,multistation_rep,42,42,42,t00080-c00050,50,80,7,7,True,1,33.186332999321166,471.2128329992993,0.020958003005944192,0.015749996236991137,471.2495409985422
balance,200,multistation_rep,42,42,42,t00080-c00162,162,80,7,7,True,1,114.19629200099735,396.3606670004083,74.93233300192514,0.008041999535635114,471.30104200186906
balance,200,multistation_rep,42,42,42,t00081-c00070,70,81,9,9,True,1,42.55974999978207,299.94829099450726,0.02329199924133718,0.020375002350192517,299.9919579960988
balance,200,multistation_rep,42,42,42,t00082-c00070,70,82,9,5,True,1,62.31612500414485,273.63237499957904,0.019958002667408437,0.015042001905385405,273.66737500415184
balance,200,multistation_rep,42,42,42,t00083-c00164,164,83,8,8,True,1,80.05487500486197,430.93408300046576,0.030333001632243395,0.015958998119458556,430.98037500021746
balance,200,multistation_rep,42,42,42,t00084-c00087,87,84,4,4,True,1,51.586707995738834,232.91924999648472,0.02104200393659994,0.014749995898455381,232.95504199631978
balance,200,multistation_rep,42,42,42,t00085-c00006,6,85,3,3,True,1,274.00124999985565,730.108083000232,133.21312500193017,0.013917000615037978,863.3351250027772
balance,200,multistation_rep,42,42,42,t00085-c00150,150,85,7,7,True,1,108.67687500285683,801.574040997366,61.79254200105788,0.0075830030255019665,863.3741660014493
balance,200,multistation_rep,42,42,42,t00085-c00174,174,85,13,13,True,1,108.64291599864373,863.2247909990838,0.14495899813482538,0.006374997610691935,863.3761249948293
balance,200,multistation_rep,42,42,42,t00086-c00175,175,86,7,7,True,1,17.430749998311512,174.48308299935888,0.02679199678823352,0.013208002201281488,174.5230829983484
balance,200,multistation_rep,42,42,42,t00087-c00075,75,87,15,15,True,1,52.23100000148406,691.1278749976191,0.026292000256944448,0.018292004824616015,691.1724590027006
balance,200,multistation_rep,42,42,42,t00088-c00158,158,88,6,6,True,1,159.48466600093525,784.9896249972517,0.033166004868689924,0.015083998732734472,785.0378750008531
balance,200,multistation_rep,42,42,42,t00088-c00163,163,88,3,3,True,1,159.4462079956429,784.9511669992353,0.12270799925317988,0.005916997906751931,785.0797919963952
balance,200,multistation_rep,42,42,42,t00089-c00018,18,89,6,6,True,1,69.25095900078304,508.52675000351155,0.0182919975486584,0.016582998796366155,508.5616249998566
balance,200,multistation_rep,42,42,42,t00089-c00163,163,89,7,4,True,1,244.88054199900944,458.981625000888,49.63345899886917,0.0072499969974160194,508.6223339967546
balance,200,multistation_rep,42,42,42,t00090-c00018,18,90,4,3,True,1,66.39891699887812,147.04962499672547,0.014959005056880414,0.013124998076818883,147.07770899985917
balance,200,multistation_rep,42,42,42,t00091-c00032,32,91,7,7,True,1,107.51095799787436,560.7035409993841,0.018167003872804344,0.014833000022917986,560.7365410032799
balance,200,multistation_rep,42,42,42,t00091-c00058,58,91,6,4,True,1,55.45470899960492,423.8895419985056,136.8936670041876,0.006374997610691935,560.7895840003039
balance,200,multistation_rep,42,42,42,t00092-c00032,32,92,7,4,True,1,42.39216700079851,162.46591699746205,0.016375000996049494,0.015208002878353,162.49750000133645
balance,200,multistation_rep,42,42,42,t00093-c00103,103,93,3,2,True,1,29.383500004769303,513.6138330053654,327.04787499824306,0.016166995919775218,840.6778749995283
balance,200,multistation_rep,42,42,42,t00093-c00126,126,93,11,11,True,1,126.40741700306535,840.5982500044047,0.12433399388100952,0.009291004971601069,840.7318750032573
balance,200,multistation_rep,42,42,42,t00094-c00071,71,94,12,12,True,1,42.21424999559531,426.45420899498276,0.024416003725491464,0.014792000001762062,426.49341699871
balance,200,multistation_rep,42,42,42,t00095-c00000,0,95,9,9,True,1,363.4922920027748,1765.8528329993715,235.8464589997311,0.017958001990336925,2001.717250001093
balance,200,multistation_rep,42,42,42,t00095-c00071,71,95,7,3,True,1,221.71858300134772,1304.3817910001962,697.3830420029117,0.007333001121878624,2001.7721660042298
balance,200,multistation_rep,42,42,42,t00095-c00120,120,95,10,10,True,1,266.75724999950035,2001.607416998013,0.16450000111944973,0.006832997314631939,2001.778749996447
balance,200,multistation_rep,42,42,42,t00095-c00156,156,95,12,12,True,1,89.98616699682316,1943.9779589956743,57.79287500627106,0.006999995093792677,2001.7778339970391
balance,200,multistation_rep,42,42,42,t00096-c00043,43,96,7,4,True,1,128.94562500150641,503.2952920009848,0.018999999156221747,0.014833000022917986,503.3291250001639
balance,200,multistation_rep,42,42,42,t00096-c00112,112,96,3,3,True,1,32.99420799885411,361.292041001434,142.06745899718953,0.006750000466126949,503.36624999908963
balance,200,multistation_rep,42,42,42,t00097-c00030,30,97,7,7,True,1,37.275416994816624,532.6038339990191,0.01737500133458525,0.01587499718880281,532.6370839975425
balance,200,multistation_rep,42,42,42,t00097-c00189,189,97,8,8,True,1,122.77337499835994,506.4017920012702,26.287125001545064,0.007875001756474376,532.6967920045718
balance,200,multistation_rep,42,42,42,t00099-c00028,28,99,4,4,True,1,62.752958001510706,266.0509170018486,0.018165999790653586,0.01654199877521023,266.08562500041444
balance,200,multistation_rep,42,42,42,t00100-c00132,132,100,5,5,True,1,75.12000000133412,301.58729200047674,0.0274580015684478,0.018749997252598405,301.6334999992978
balance,200,multistation_rep,42,42,42,t00101-c00110,110,101,10,10,True,1,305.4467920010211,2949.364209001942,24.603541001852136,0.01587499718880281,2973.983625000983
balance,200,multistation_rep,42,42,42,t00101-c00116,116,101,8,8,True,1,305.40812500112224,2973.901665995072,0.12870900536654517,0.007582995749544352,2974.037957996188
balance,200,multistation_rep,42,42,42,t00101-c00132,132,101,5,3,True,1,613.013582995336,2809.1129579988774,164.9132919992553,0.005249996320344508,2974.031499994453
balance,200,multistation_rep,42,42,42,t00101-c00153,153,101,11,11,True,1,305.3411250002682,2949.257790998672,24.765624999417923,0.005458998202811927,2974.028874996293
balance,200,multistation_rep,42,42,42,t00102-c00185,185,102,5,2,True,1,43.88137500063749,106.41745899920352,30.749541001569014,0.018292004824616015,137.18529200559715
balance,200,multistation_rep,42,42,42,t00103-c00022,22,103,5,5,True,1,291.8774999998277,782.0489589939825,160.0003330022446,0.016500001947861165,942.065791998175
balance,200,multistation_rep,42,42,42,t00103-c00091,91,103,7,7,True,1,44.113833995652385,860.9846249964903,81.13745899754576,0.008083006832748652,942.1301670008688
balance,200,multistation_rep,42,42,42,t00103-c00100,100,103,4,4,True,1,170.92850000335602,941.9504170000437,0.17233300604857504,0.005916997906751931,942.128667003999
balance,200,multistation_rep,42,42,42,t00104-c00022,22,104,5,3,True,1,1288.7209999971674,1779.4032089950633,507.96891600475647,0.017250000382773578,2287.3893750002026
balance,200,multistation_rep,42,42,42,t00104-c00073,73,104,6,6,True,1,776.076166999701,2287.312166998163,0.11745800293283537,0.007416994776576757,2287.4370419958723
balance,200,multistation_rep,42,42,42,t00104-c00100,100,104,4,1,True,1,776.0430419948534,776.0430419948534,1511.3988750017597,0.004499997885432094,2287.4464169944986
balance,200,multistation_rep,42,42,42,t00104-c00142,142,104,4,4,True,1,776.0100419982336,2287.2451250004815,0.1948749995790422,0.0040000013541430235,2287.4440000014147
balance,200,multistation_rep,42,42,42,t00104-c00168,168,104,5,5,True,1,45.13800000131596,1958.879584002716,328.55170800030464,0.005207999492995441,2287.4365000025136
balance,200,multistation_rep,42,42,42,t00104-c00170,170,104,4,4,True,1,775.950000002922,2287.1848340000724,0.24125000345520675,0.0037909994716756046,2287.4298750029993
balance,200,multistation_rep,42,42,42,t00105-c00073,73,105,4,4,True,1,281.54854199965484,1128.8100000019767,302.32799999794224,0.01654199877521023,1431.1545419986942
balance,200,multistation_rep,42,42,42,t00105-c00082,82,105,3,3,True,1,281.5107499991427,1128.7723330024164,302.4245419946965,0.006542002665810287,1431.2034169997787
balance,200,multistation_rep,42,42,42,t00105-c00100,100,105,5,3,True,1,125.08879199594958,580.8493340009591,850.3475409961538,0.005250003596302122,1431.2021250007092
balance,200,multistation_rep,42,42,42,t00105-c00168,168,105,15,9,True,1,60.10554100066656,1431.007541003055,0.18687499687075615,0.006084002961870283,1431.2005000028876
balance,200,multistation_rep,42,42,42,t00106-c00193,193,106,6,6,True,1,29.86162500019418,259.6692500010249,0.03058400034205988,0.016707999748177826,259.71654200111516
balance,200,multistation_rep,42,42,42,t00107-c00009,9,107,3,3,True,1,43.60929100221256,187.72079100017436,0.01599999814061448,0.0145840022014454,187.75137500051642
balance,200,multistation_rep,42,42,42,t00108-c00044,44,108,4,4,True,1,43.17341700516408,258.22395800059894,0.01912500010803342,0.015417004760820419,258.2585000054678
balance,200,multistation_rep,42,42,42,t00109-c00044,44,109,4,1,True,1,8941.468999997596,8941.468999997596,1618.0606250054552,0.016582998796366155,10559.546208001848
balance,200,multistation_rep,42,42,42,t00109-c00051,51,109,4,4,True,1,8941.430915998353,10559.471332999237,0.11095799709437415,0.007125003321561962,10559.589415999653
balance,200,multistation_rep,42,42,42,t00109-c00140,140,109,6,6,True,1,8941.392084001563,10559.432709000248,0.1484160020481795,0.005458998202811927,10559.586584000499
balance,200,multistation_rep,42,42,42,t00109-c00162,162,109,9,6,True,1,8941.359457996441,10112.231291997887,447.34183300170116,0.004792003892362118,10559.57791700348
balance,200,multistation_rep,42,42,42,t00110-c00129,129,110,4,4,True,1,35.16833399771713,548.4485420020064,0.026957997761201113,0.01670899655437097,548.492208996322
balance,200,multistation_rep,42,42,42,t00110-c00159,159,110,3,3,True,1,35.12970800511539,548.4103330018115,0.11883400293299928,0.00508299854118377,548.5342500032857
balance,200,multistation_rep,42,42,42,t00111-c00129,129,111,9,3,True,1,94.76504199847113,183.52791699726367,15.72633300384041,0.019416998839005828,199.2736669999431
balance,200,multistation_rep,42,42,42,t00112-c00136,136,112,7,7,True,1,37.806584005011246,188.71129200124415,0.02291700366185978,0.013707998732570559,188.74791700363858
balance,200,multistation_rep,42,42,42,t00113-c00136,136,113,7,5,True,1,39.33099999994738,350.9198750034557,121.79229199682595,0.016167003195732832,472.72833400347736
balance,200,multistation_rep,42,42,42,t00113-c00138,138,113,4,4,True,1,78.22575000318466,472.64795799856074,0.10995900083798915,0.006833004590589553,472.7647500039893
balance,200,multistation_rep,42,42,42,t00114-c00138,138,114,4,1,True,1,99.1725839994615,99.1725839994615,134.41258300008485,0.014416997146327049,233.59958399669267
balance,200,multistation_rep,42,42,42,t00114-c00199,199,114,4,4,True,1,99.13049999886425,233.51829199964413,0.12437499390216544,0.0075830030255019665,233.6502499965718
balance,200,multistation_rep,42,42,42,t00115-c00053,53,115,5,5,True,1,52.31566599832149,946.3448329988751,0.018416998500470072,0.013291006325744092,946.3765410037013
balance,200,multistation_rep,42,42,42,t00115-c00101,101,115,8,8,True,1,37.47033400577493,916.7400420046761,29.68029199837474,0.006624999514315277,946.4269590025651
balance,200,multistation_rep,42,42,42,t00115-c00127,127,115,5,5,True,1,167.22200000367593,896.2165000048117,50.201416001073085,0.005541995051316917,946.4234580009361
balance,200,multistation_rep,42,42,42,t00116-c00053,53,116,5,5,True,1,92.40712499740766,828.0279169994174,106.44795800180873,0.015499994333367795,934.4913749955595
balance,200,multistation_rep,42,42,42,t00116-c00161,161,116,13,10,True,1,77.66908399935346,934.4020839998848,0.11904099665116519,0.008000002708286047,934.5291249992442
balance,200,multistation_rep,42,42,42,t00117-c00015,15,117,3,3,True,1,14.498374999675434,61.13320899748942,0.01237499964190647,0.011000003723893315,61.15658400085522
balance,200,multistation_rep,42,42,42,t00119-c00174,174,119,3,2,True,1,36.85241699713515,60.495042002003174,0.023874999897088856,0.011915995855815709,60.53083299775608
balance,200,multistation_rep,42,42,42,t00120-c00011,11,120,4,4,True,1,27.845333999721333,200.63829200080363,0.014833000022917986,0.01412499841535464,200.6672499992419
balance,200,multistation_rep,42,42,42,t00121-c00173,173,121,9,9,True,1,84.77370799664641,486.9014169962611,0.03091600228799507,0.018499995348975062,486.9508329938981
balance,200,multistation_rep,42,42,42,t00123-c00075,75,123,5,3,True,1,32.16312499716878,144.61124999797903,0.018792001355905086,0.01412499841535464,144.6441669977503
balance,200,multistation_rep,42,42,42,t00124-c00075,75,124,5,1,True,1,170.79725000075996,170.79725000075996,0.017624995962250978,0.013166005373932421,170.82804100209614
balance,200,multistation_rep,42,42,42,t00124-c00116,116,124,3,2,True,1,32.85958299966296,119.02412500057835,51.83545799809508,0.005917005182709545,170.86550000385614
balance,200,multistation_rep,42,42,42,t00125-c00016,16,125,9,3,True,1,310.3846660014824,923.144250002224,0.015500001609325409,0.01529099972685799,923.1750410035602
balance,200,multistation_rep,42,42,42,t00125-c00021,21,125,4,4,True,1,48.814499998115934,799.7051249985816,123.50033300026553,0.0062920007621869445,923.2117499996093
balance,200,multistation_rep,42,42,42,t00125-c00116,116,125,3,1,True,1,444.62050000583986,444.62050000583986,478.5791670001345,0.004082998202648014,923.203750004177
balance,200,multistation_rep,42,42,42,t00125-c00137,137,125,4,4,True,1,48.74450000352226,799.6354999995674,123.55541700526373,0.0038750004023313522,923.1947920052335
balance,200,multistation_rep,42,42,42,t00127-c00056,56,127,6,6,True,1,37.712749995989725,475.903250000556,0.022915999579709023,0.01799999881768599,475.9441659989534
balance,200,multistation_rep,42,42,42,t00128-c00055,55,128,7,7,True,1,44.65183299907949,291.3664159932523,19.81879200320691,0.021041996660642326,311.20624999311985
balance,200,multistation_rep,42,42,42,t00128-c00056,56,128,4,1,True,1,78.96516600158066,78.96516600158066,232.29087499930756,0.006124995707068592,311.2621659965953
balance,200,multistation_rep,42,42,42,t00129-c00055,55,129,4,3,True,1,93.42070799903013,214.87924999382813,0.015791003534104675,0.01375000283587724,214.9087910001981
balance,200,multistation_rep,42,42,42,t00129-c00107,107,129,4,4,True,1,14.667959003418218,174.21379200095544,40.72900000028312,0.006542002665810287,214.94933400390437
balance,200,multistation_rep,42,42,42,t00130-c00081,81,130,5,5,True,1,15.930999994452577,476.04712499742163,0.019708000763785094,0.014833000022917986,476.08166599820834
balance,200,multistation_rep,42,42,42,t00130-c00120,120,130,7,6,True,1,102.87049999897135,405.66641699842876,70.45524999557529,0.006833004590589553,476.12849999859463
balance,200,multistation_rep,42,42,42,t00131-c00112,112,131,9,8,True,1,63.53841700183693,411.501832997601,0.025125002139247954,0.0149589977809228,411.5419169975212
balance,200,multistation_rep,42,42,42,t00132-c00089,89,132,5,5,True,1,31.51808399707079,194.55474999995204,0.02170899824704975,0.015124998753890395,194.59158399695298
balance,200,multistation_rep,42,42,42,t00133-c00089,89,133,5,5,True,1,18.429333002131898,209.66779100126587,0.020667001081164926,0.013500000932253897,209.7019580032793
balance,200,multistation_rep,42,42,42,t00135-c00045,45,135,7,7,True,1,136.20600000285776,508.9160420029657,0.01912500010803342,0.013958000636193901,508.9491250037099
balance,200,multistation_rep,42,42,42,t00135-c00185,185,135,7,3,True,1,136.1609999948996,388.59120800043456,120.39166699833004,0.006041998858563602,508.98891699762316
balance,200,multistation_rep,42,42,42,t00136-c00042,42,136,4,4,True,1,51.05804099730449,325.41058299830183,0.019874998542945832,0.018375001673121005,325.4488329985179
balance,200,multistation_rep,42,42,42,t00136-c00133,133,136,3,3,True,1,21.64529199944809,223.57558300427627,101.90124999644468,0.007084003300406039,325.48391700402135
balance,200,multistation_rep,42,42,42,t00137-c00026,26,137,7,7,True,1,62.07120900216978,322.15712500328664,0.018833998183254153,0.014332996215671301,322.19029199768556
balance,200,multistation_rep,42,42,42,t00138-c00147,147,138,7,7,True,1,55.34420799813233,259.96987499820534,0.025542001822032034,0.013707998732570559,260.00912499875994
balance,200,multistation_rep,42,42,42,t00139-c00184,184,139,5,5,True,1,24.857708005583845,145.66958300565602,0.02566699549788609,0.01333300315309316,145.708583004307
balance,200,multistation_rep,42,42,42,t00140-c00086,86,140,7,7,True,1,58.36633300350513,772.8649580021738,0.023749998945277184,0.01629199687158689,772.9049999979907
balance,200,multistation_rep,42,42,42,t00140-c00124,124,140,4,4,True,1,374.2631670029368,772.8266250051092,0.1131249955506064,0.005792004230897874,772.9455420048907
balance,200,multistation_rep,42,42,42,t00141-c00067,67,141,3,3,True,1,215.52341699862154,610.715666996839,42.91712499980349,0.013625001884065568,653.6464169985265
balance,200,multistation_rep,42,42,42,t00141-c00136,136,141,12,2,True,1,393.4511250045034,653.5733339987928,0.10225000005448237,0.0061250029830262065,653.6817090018303
balance,200,multistation_rep,42,42,42,t00141-c00197,197,141,3,3,True,1,215.44529200036777,610.6376250027097,43.0354999989504,0.004417001036927104,653.677542002697
balance,200,multistation_rep,42,42,42,t00142-c00074,74,142,6,6,True,1,54.81895799312042,408.42920799332205,0.02133400266757235,0.014915996871422976,408.46545799286105
balance,200,multistation_rep,42,42,42,t00142-c00096,96,142,6,6,True,1,38.514374995429534,368.15133299387526,40.34937500546221,0.007374997949227691,408.5080829972867
balance,200,multistation_rep,42,42,42,t00143-c00061,61,143,3,3,True,1,50.14508299791487,537.2251660010079,0.025916997401509434,0.030957999115344137,537.2820409975247
balance,200,multistation_rep,42,42,42,t00143-c00155,155,143,3,3,True,1,50.101209002605174,537.1811250006431,0.1428340037818998,0.007457994797732681,537.3314169992227
balance,200,multistation_rep,42,42,42,t00144-c00015,15,144,4,4,True,1,67.82533299701754,391.01812499575317,55.02737500501098,0.017207996279466897,446.0627079970436
balance,200,multistation_rep,42,42,42,t00144-c00057,57,144,9,9,True,1,44.181459001265466,445.98750000295695,0.11429200094426051,0.007374997949227691,446.10916700185044
balance,200,multistation_rep,42,42,42,t00146-c00005,5,146,6,2,True,1,72.5122090007062,127.5778339986573,16.811000001325738,0.018915998225566,144.4077499982086
balance,200,multistation_rep,42,42,42,t00147-c00118,118,147,8,8,True,1,44.88954100088449,241.02387500170153,0.02429099549772218,0.013374999980442226,241.0615409971797
balance,200,multistation_rep,42,42,42,t00148-c00108,108,148,4,4,True,1,58.02933299855795,342.98729200236266,0.022915999579709023,0.015916994016151875,343.0261249959585
balance,200,multistation_rep,42,42,42,t00148-c00160,160,148,7,7,True,1,34.9828750040615,287.72187499998836,55.35270900145406,0.008000002708286047,343.0825840041507
balance,200,multistation_rep,42,42,42,t00149-c00048,48,149,3,3,True,1,42.70445800648304,132.491750002373,16.3129159991513,0.018500002624932677,148.82316600414924
balance,200,multistation_rep,42,42,42,t00149-c00113,113,149,4,1,True,1,18.681082998227794,18.681082998227794,130.19995899958303,0.006333000783342868,148.88737499859417
balance,200,multistation_rep,42,42,42,t00150-c00048,48,150,3,2,True,1,46.80404099781299,78.73266599926865,0.011167001503054053,0.01020800118567422,78.75404100195738
balance,200,multistation_rep,42,42,42,t00151-c00129,129,151,7,5,True,1,82.09275000263005,299.6060840014252,12.984415996470489,0.03020900476258248,312.62070900265826
balance,200,multistation_rep,42,42,42,t00152-c00137,137,152,3,2,True,1,45.29058300249744,157.7932910004165,247.07116699573817,0.014875004126224667,404.8793330002809
balance,200,multistation_rep,42,42,42,t00152-c00157,157,152,9,9,True,1,21.932250005193055,404.8023750001448,0.12179199984529987,0.007625007128808647,404.93179200711893
balance,200,multistation_rep,42,42,42,t00153-c00180,180,153,3,3,True,1,15.346542000770569,64.05174999963492,0.022084001102484763,0.011500000255182385,64.08533400099259
balance,200,multistation_rep,42,42,42,t00155-c00004,4,155,4,4,True,1,46.42954099836061,290.5060000048252,0.01649999467190355,0.014083001588005573,290.5365830010851
balance,200,multistation_rep,42,42,42,t00156-c00017,17,156,7,7,True,1,44.04716700082645,211.07175000361167,0.016999998479150236,0.014749995898455381,211.10349999798927
balance,200,multistation_rep,42,42,42,t00157-c00060,60,157,5,5,True,1,195.452291998663,995.9831669984851,0.019791994418483227,0.014083001588005573,996.0170419944916
balance,200,multistation_rep,42,42,42,t00157-c00170,170,157,3,3,True,1,59.43291699804831,807.3359999980312,188.71137499809265,0.006166999810375273,996.0535419959342
balance,200,multistation_rep,42,42,42,t00157-c00171,171,157,16,16,True,1,99.11779100366402,911.9535409990931,84.10595900204498,0.008291004633065313,996.0677910057711
balance,200,multistation_rep,42,42,42,t00158-c00029,29,158,6,6,True,1,101.37208400556119,666.5240000002086,0.020958999812137336,0.019166000129189342,666.5641250001499
balance,200,multistation_rep,42,42,42,t00158-c00170,170,158,3,3,True,1,45.202458000858314,446.3655830040807,220.240582995757,0.007667003956157714,666.6138330037938
balance,200,multistation_rep,42,42,42,t00159-c00097,97,159,3,3,True,1,86.56816599977901,415.6532079941826,18.006250000325963,0.012208001862745732,433.6716659963713
balance,200,multistation_rep,42,42,42,t00159-c00170,170,159,9,9,True,1,28.372916996886488,433.59174999932293,0.10808299703057855,0.007875001756474376,433.70770799811
balance,200,multistation_rep,42,42,42,t00160-c00145,145,160,7,7,True,1,91.12612500030082,375.1738330029184,0.0289169984171167,0.016250000044237822,375.21900000137975
balance,200,multistation_rep,42,42,42,t00161-c00040,40,161,7,6,True,1,28.257582998776343,202.62308300152654,0.016666999727021903,0.012624994269572198,202.65237499552313
balance,200,multistation_rep,42,42,42,t00161-c00065,65,161,4,4,True,1,74.42662499670405,180.66258399630897,22.021415999915916,0.006041998858563602,202.69004199508345
balance,200,multistation_rep,42,42,42,t00162-c00080,80,162,5,5,True,1,27.332459001627285,277.6173749953159,0.019625003915280104,0.014666999049950391,277.65166699828114
balance,200,multistation_rep,42,42,42,t00163-c00041,41,163,6,6,True,1,28.006000000459608,336.26779099722626,0.018416998500470072,0.015167002857197076,336.3013749985839
balance,200,multistation_rep,42,42,42,t00164-c00041,41,164,4,4,True,1,197.10208300239174,1531.859250004345,0.020749997929669917,0.016500001947861165,1531.8965000042226
balance,200,multistation_rep,42,42,42,t00164-c00130,130,164,10,10,True,1,146.11258399963845,1396.7425840019132,135.20045799668878,0.009208000847138464,1531.9522499994491
balance,200,multistation_rep,42,42,42,t00165-c00046,46,165,3,3,True,1,91.90883299743291,259.230582996679,0.017750004190020263,0.014833996829111129,259.26316699769814
balance,200,multistation_rep,42,42,42,t00165-c00161,161,165,3,2,True,1,75.4042920016218,232.9337499977555,26.36829199764179,0.00687500141793862,259.30891699681524
balance,200,multistation_rep,42,42,42,t00167-c00098,98,167,7,7,True,1,94.13587499875575,486.44775000138907,0.02245799987576902,0.0149589977809228,486.48516699904576
balance,200,multistation_rep,42,42,42,t00167-c00106,106,167,3,2,True,1,236.5382909993059,260.7726249989355,225.7298750046175,0.005457994120661169,486.50795799767366
balance,200,multistation_rep,42,42,42,t00174-c00054,54,174,3,3,True,1,131.3155409952742,363.70845799683593,54.07970800297335,0.017291997210122645,417.8054579970194
balance,200,multistation_rep,42,42,42,t00174-c00112,112,174,7,3,True,1,81.01391599484487,417.7322079995065,0.13558299542637542,0.006834001396782696,417.87462499632966
balance,200,multistation_rep,42,42,42,t00175-c00054,54,175,3,2,True,1,105.60658400208922,186.7156669977703,104.19991699745879,0.013875003787688911,290.9294589990168
balance,200,multistation_rep,42,42,42,t00175-c00112,112,175,7,1,True,1,290.8545000027516,290.8545000027516,0.09445899922866374,0.005333000444807112,290.95429200242506
balance,200,multistation_rep,42,42,42,t00176-c00078,78,176,13,13,True,1,53.75587500020629,658.9623340041726,0.02600000152597204,0.0176659959834069,659.006000001682
balance,200,multistation_rep,42,42,42,t00177-c00015,15,177,3,1,True,1,153.37900000304217,153.37900000304217,0.012958000297658145,0.012875003449153155,153.40483300678898
balance,200,multistation_rep,42,42,42,t00177-c00034,34,177,3,3,True,1,21.03495800110977,100.46262499963632,52.99429099977715,0.007041999197099358,153.46395799861057
balance,200,multistation_rep,42,42,42,t00178-c00015,15,178,3,0,False,0,,,,,
balance,200,multistation_rep,42,42,42,t00179-c00015,15,179,3,0,False,0,,,,,
balance,200,multistation_rep,42,42,42,t00179-c00088,88,179,3,3,True,1,515.4796249989886,1563.7946670030942,364.85104199527996,0.013916003808844835,1928.659625002183
balance,200,multistation_rep,42,42,42,t00179-c00092,92,179,8,8,True,1,148.29637500224635,1820.133250002982,108.57475000375416,0.007582995749544352,1928.7155830024858
balance,200,multistation_rep,42,42,42,t00179-c00198,198,179,15,15,True,1,148.25754099729238,1928.545540999039,0.17387499974574894,0.007124996045604348,1928.7265409948304
balance,200,multistation_rep,42,42,42,t00180-c00015,15,180,3,0,False,0,,,,,
balance,200,multistation_rep,42,42,42,t00180-c00088,88,180,7,6,True,1,215.4373330049566,2637.910917001136,69.42708299902733,0.01416700251866132,2707.352167002682
balance,200,multistation_rep,42,42,42,t00180-c00092,92,180,11,11,True,1,215.40850000019418,2637.8823749982985,69.5362499973271,0.007500006176996976,2707.4261250018026
balance,200,multistation_rep,42,42,42,t00180-c00118,118,180,8,5,True,1,250.64370800100733,2707.250874998863,0.1717080012895167,0.005666996003128588,2707.4282499961555
balance,200,multistation_rep,42,42,42,t00180-c00198,198,180,9,8,True,1,615.6554580011289,2101.0455420037033,606.3767079976969,0.0061250029830262065,2707.4283750043833
balance,200,multistation_rep,42,42,42,t00181-c00015,15,181,5,1,True,1,398.8502919964958,398.8502919964958,147.1359159986605,0.030125003831926733,546.0163329989882
balance,200,multistation_rep,42,42,42,t00181-c00088,88,181,5,3,True,1,157.0168750040466,335.4862080013845,210.57220899820095,0.0077500008046627045,546.0661670003901
balance,200,multistation_rep,42,42,42,t00181-c00157,157,181,7,6,True,1,46.71450000023469,496.9844590013963,49.072665999119636,0.006166999810375273,546.0632920003263
balance,200,multistation_rep,42,42,42,t00182-c00157,157,182,7,4,True,1,57.164499994541984,179.91383299522568,23.60824999777833,0.016959005733951926,203.53904199873796
balance,200,multistation_rep,42,42,42,t00184-c00042,42,184,3,2,True,1,200.9647499944549,753.1322079958045,383.3061670011375,0.01612499909242615,1136.4544999960344
balance,200,multistation_rep,42,42,42,t00184-c00128,128,184,6,6,True,1,125.7184589994722,1136.37595900218,0.11333299335092306,0.00866700429469347,1136.4979589998256
balance,200,multistation_rep,42,42,42,t00184-c00144,144,184,5,5,True,1,100.60433299804572,987.7679159981199,148.72679200198036,0.0064169944380410016,1136.5011249945383
balance,200,multistation_rep,42,42,42,t00184-c00148,148,184,7,7,True,1,59.933707998425234,1082.7811249982915,53.71062499762047,0.005667003279086202,1136.497416999191
balance,200,multistation_rep,42,42,42,t00185-c00115,115,185,5,5,True,1,21.68179200089071,265.2887500007637,0.02704199869185686,0.014375000318977982,265.3301669997745
balance,200,multistation_rep,42,42,42,t00186-c00033,33,186,7,7,True,1,153.66300000459887,709.1770830011228,71.68349999847123,0.014500001270789653,780.8750830008648
balance,200,multistation_rep,42,42,42,t00186-c00192,192,186,6,6,True,1,44.82208300032653,780.7905829977244,0.11029199959011748,0.006833004590589553,780.9077080019051
balance,200,multistation_rep,42,42,42,t00188-c00017,17,188,3,2,True,1,251.2130840041209,524.608833999082,186.02320799982408,0.014875004126224667,710.6469170030323
balance,200,multistation_rep,42,42,42,t00188-c00083,83,188,5,5,True,1,251.17312499787658,710.575750003045,0.1019589981297031,0.0069160014390945435,710.6846250026138
balance,200,multistation_rep,42,42,42,t00190-c00012,12,190,4,4,True,1,35.95845800009556,486.02725000091596,0.017290993127971888,0.016917001630645245,486.0614579956746
balance,200,multistation_rep,42,42,42,t00190-c00047,47,190,7,4,True,1,211.33108300273307,408.60637500009034,77.51587500388268,0.007874994480516762,486.13012499845354
balance,200,multistation_rep,42,42,42,t00191-c00012,12,191,7,7,True,1,49.30270800105063,448.8593749993015,0.016999998479150236,0.015208002878353,448.891583000659
balance,200,multistation_rep,42,42,42,t00191-c00106,106,191,7,1,True,1,223.5691250025411,223.5691250025411,225.3739579973626,0.0054580013966187835,448.9485410013003
balance,200,multistation_rep,42,42,42,t00192-c00012,12,192,4,4,True,1,38.862374996824656,265.0902919995133,0.014915996871422976,0.015167002857197076,265.1203749992419
balance,200,multistation_rep,42,42,42,t00194-c00155,155,194,3,2,True,1,45.50945899973158,137.14120900112903,18.9680000039516,0.020040999515913427,156.12925000459654
balance,200,multistation_rep,42,42,42,t00195-c00124,124,195,3,3,True,1,128.74612499581417,429.9545419999049,0.023458000214304775,0.01424999936716631,429.9922499994864
balance,200,multistation_rep,42,42,42,t00197-c00146,146,197,6,6,True,1,49.83741600153735,235.742458004097,0.029374998121056706,0.01620799594093114,235.78804099815898
balance,200,multistation_rep,42,42,42,t00198-c00020,20,198,3,2,True,1,334.14245799940545,559.014083002694,79.12320899777114,0.014457997167482972,638.1517499976326
balance,200,multistation_rep,42,42,42,t00198-c00176,176,198,3,3,True,1,144.40741699945647,558.964666997781,79.21825000084937,0.006082998879719526,638.1889999975101
balance,200,multistation_rep,42,42,42,t00198-c00178,178,198,6,6,True,1,58.9719999989029,638.0385839947849,0.14104100409895182,0.006249996658880264,638.1858749955427
balance,200,multistation_rep,42,42,42,t00199-c00034,34,199,7,5,True,1,56.51779199979501,431.0317089984892,58.30158299795585,0.015083001926541328,489.3483749983716
balance,200,multistation_rep,42,42,42,t00199-c00178,178,199,6,6,True,1,99.49245800089557,489.2671670022537,0.1115830018534325,0.0070829992182552814,489.3858330033254
balance,200,multistation_rep,42,42,42,t00202-c00085,85,202,3,3,True,1,39.43037499993807,142.9194579977775,0.018459002603776753,0.011541000276338309,142.94945800065761
balance,200,multistation_rep,42,42,42,t00203-c00077,77,203,7,7,True,1,123.92279200139455,568.8772080029594,0.020375002350192517,0.013749995559919626,568.9113330008695
balance,200,multistation_rep,42,42,42,t00203-c00085,85,203,3,2,True,1,447.5559590064222,530.252875003498,38.688209002430085,0.005040994437877089,568.946125000366
balance,200,multistation_rep,42,42,42,t00204-c00085,85,204,4,0,False,0,,,,,
balance,200,multistation_rep,42,42,42,t00204-c00165,165,204,6,5,True,1,34.18058300303528,254.07716700283345,0.03141599881928414,0.01629199687158689,254.12487499852432
balance,200,multistation_rep,42,42,42,t00205-c00085,85,205,7,5,True,1,155.8993750004447,672.6786670042202,484.6533329982776,0.018416998500470072,1157.3504170009983
balance,200,multistation_rep,42,42,42,t00205-c00165,165,205,4,4,True,1,76.53158299945062,1157.2596250043716,0.12445799802662805,0.006834001396782696,1157.390917003795
balance,200,multistation_rep,42,42,42,t00205-c00190,190,205,7,7,True,1,76.49716699961573,1157.225417002337,0.15824999718461186,0.004916997568216175,1157.3885839970899
balance,200,multistation_rep,42,42,42,t00207-c00035,35,207,4,4,True,1,32.835500001965556,380.5763330019545,0.017708996892906725,0.018375001673121005,380.6124170005205
balance,200,multistation_rep,42,42,42,t00207-c00169,169,207,7,6,True,1,95.06858300301246,346.6125410050154,34.04670899908524,0.007832997653167695,380.6670830017538
balance,200,multistation_rep,42,42,42,t00209-c00092,92,209,8,5,True,1,36.68591599853244,243.72425000183284,16.9768749983632,0.019500002963468432,260.7206250031595
balance,200,multistation_rep,42,42,42,t00210-c00166,166,210,4,4,True,1,49.154708001879044,136.83491700066952,0.02591600059531629,0.01820900070015341,136.879042001965
balance,200,multistation_rep,42,42,42,t00213-c00049,49,213,4,4,True,1,46.98679199645994,154.23945899965474,0.016665995644871145,0.01279199932469055,154.2689169946243
balance,200,multistation_rep,42,42,42,t00214-c00078,78,214,6,4,True,1,126.36320800083922,373.1835829967167,0.021375002688728273,0.017042002582456917,373.2220000019879
balance,200,multistation_rep,42,42,42,t00215-c00031,31,215,14,14,True,1,60.46345800132258,933.6155420023715,0.024665998353157192,0.01912500010803342,933.6593330008327
balance,200,multistation_rep,42,42,42,t00217-c00081,81,217,10,10,True,1,712.7707910040044,8974.960416002432,0.03254199691582471,0.026292000256944448,8975.019249999605
balance,200,multistation_rep,42,42,42,t00217-c00099,99,217,7,7,True,1,712.7272500001709,8974.91699999955,0.1409579999744892,0.006750000466126949,8975.06470799999
balance,200,multistation_rep,42,42,42,t00217-c00118,118,217,5,1,True,1,4007.393708998279,4007.393708998279,4967.671375001373,0.004832996637560427,8975.06991699629
balance,200,multistation_rep,42,42,42,t00217-c00122,122,217,8,8,True,1,712.6592499989783,8974.848999998358,0.21020800340920687,0.0048340007197111845,8975.064042002487
balance,200,multistation_rep,42,42,42,t00217-c00181,181,217,6,6,True,1,280.7661670012749,8974.816624999221,0.23616699763806537,0.004458001058083028,8975.057249997917
balance,200,multistation_rep,42,42,42,t00217-c00183,183,217,5,5,True,1,280.7369580041268,8974.787541003025,0.2564590031397529,0.003957997250836343,8975.047958003415
balance,200,multistation_rep,42,42,42,t00218-c00004,4,218,5,5,True,1,148.8120420035557,1978.9222090039402,0.01945799886016175,0.01587499718880281,1978.9575419999892
balance,200,multistation_rep,42,42,42,t00218-c00099,99,218,9,9,True,1,228.50270800699946,1978.877667002962,0.12070799857610837,0.007833004929125309,1979.0062080064672
balance,200,multistation_rep,42,42,42,t00218-c00135,135,218,3,3,True,1,30.922582998755388,1250.0723330012988,728.909792000195,0.005041998520027846,1978.9871670000139
balance,200,multistation_rep,42,42,42,t00219-c00135,135,219,4,3,True,1,139.4234580002376,316.855958000815,0.024249995476566255,0.015167002857197076,316.89537499914877
balance,200,multistation_rep,42,42,42,t00220-c00034,34,220,5,4,True,1,12.902374997793231,103.80129200348165,0.012165997759439051,0.011083997378591448,103.82454199861968
balance,200,multistation_rep,42,42,42,t00222-c00157,157,222,3,1,True,1,111.5213750017574,111.5213750017574,214.36270800040802,0.01412499841535464,325.8982080005808
balance,200,multistation_rep,42,42,42,t00222-c00175,175,222,5,5,True,1,111.4827499986859,325.821457998245,0.1217500030179508,0.015166995581239462,325.9583749968442
balance,200,multistation_rep,42,42,42,t00223-c00175,175,223,3,2,True,1,54.49166700418573,116.84950000199024,0.01983399852178991,0.010957999620586634,116.88029200013261
balance,200,multistation_rep,42,42,42,t00225-c00068,68,225,1,1,True,1,47.90874999889638,47.90874999889638,429.2410830021254,0.013499993656296283,477.16333299467806
balance,200,multistation_rep,42,42,42,t00225-c00098,98,225,7,4,True,1,186.73525000485824,477.0900830044411,0.10841699986485764,0.0077079967013560236,477.2062080010073
balance,200,multistation_rep,42,42,42,t00226-c00064,64,226,6,6,True,1,25.257542001781985,671.2174170024809,86.86583300004713,0.018874998204410076,758.1021250007325
balance,200,multistation_rep,42,42,42,t00226-c00066,66,226,4,4,True,1,136.38854199962225,758.0252089974238,0.12324999988777563,0.0077500008046627045,758.1562089981162
balance,200,multistation_rep,42,42,42,t00226-c00106,106,226,5,3,True,1,424.80308299855096,597.53633299988,160.61141699901782,0.004916000762023032,758.1526659996598
balance,200,multistation_rep,42,42,42,t00227-c00059,59,227,9,9,True,1,48.786708000989165,369.8162080036127,0.022084001102484763,0.01587499718880281,369.854167001904
balance,200,multistation_rep,42,42,42,t00233-c00037,37,233,8,4,True,1,559.9885839983472,686.3879999946221,63.25604200537782,0.016582998796366155,749.6606249987963
balance,200,multistation_rep,42,42,42,t00233-c00167,167,233,7,7,True,1,155.2746669985936,749.5786669969675,0.12079199950676411,0.008957998943515122,749.7084169954178
balance,200,multistation_rep,42,42,42,t00235-c00069,69,235,8,8,True,1,78.57620799768483,486.74487499374663,0.021457999537233263,0.014417004422284663,486.78074999770615
balance,200,multistation_rep,42,42,42,t00236-c00090,90,236,3,3,True,1,19.662750004499685,345.25650000432506,229.01308299333323,0.013958000636193901,574.2835409982945
balance,200,multistation_rep,42,42,42,t00236-c00131,131,236,7,7,True,1,45.89741699601291,574.2061249984545,0.12137500016251579,0.007458002073690295,574.3349580006907
balance,200,multistation_rep,42,42,42,t00236-c00133,133,236,3,3,True,1,135.94816599652404,435.73729100171477,138.5933749988908,0.005125002644490451,574.33579100325
balance,200,multistation_rep,42,42,42,t00236-c00179,179,236,5,2,True,1,96.16479100077413,517.2974160013837,57.031750002352055,0.004249995981808752,574.3334159997175
balance,200,multistation_rep,42,42,42,t00237-c00090,90,237,4,3,True,1,182.9961249968619,496.29958299919963,0.022833999537397176,0.015541001630481333,496.3379580003675
balance,200,multistation_rep,42,42,42,t00237-c00131,131,237,7,7,True,1,30.396875001315493,430.93245799536817,65.44920799933607,0.008167000487446785,496.3898329951917
balance,200,multistation_rep,42,42,42,t00237-c00133,133,237,3,3,True,1,117.86162500357023,408.1888340006117,88.19333300198196,0.0049579975893720984,496.387125000183
balance,200,multistation_rep,42,42,42,t00238-c00130,130,238,5,2,True,1,133.02383400150575,391.41333400039,229.11437499715248,0.014041004760656506,620.5417500023032
balance,200,multistation_rep,42,42,42,t00238-c00133,133,238,5,5,True,1,154.40879100060556,620.4664580000099,0.10316700354451314,0.0072499969974160194,620.5768750005518
balance,200,multistation_rep,42,42,42,t00239-c00043,43,239,3,2,True,1,99.41237499879207,188.8560419974965,205.6127079995349,0.014292003470472991,394.4830420005019
balance,200,multistation_rep,42,42,42,t00239-c00177,177,239,3,3,True,1,21.247625001706183,320.8517919993028,73.66966600238811,0.006750000466126949,394.52820800215704
balance,200,multistation_rep,42,42,42,t00239-c00194,194,239,6,6,True,1,48.10791600175435,394.3696659989655,0.16566699923714623,0.005833004252053797,394.5411660024547
balance,200,multistation_rep,42,42,42,t00240-c00018,18,240,8,7,True,1,54.57754200324416,353.8777920039138,272.0016250023036,0.01629199687158689,625.895709003089
balance,200,multistation_rep,42,42,42,t00240-c00154,154,240,5,5,True,1,123.71545800124295,517.5280420007766,108.41341600462329,0.0072920011007227,625.9487500065006
balance,200,multistation_rep,42,42,42,t00240-c00177,177,240,6,4,True,1,405.0740000020596,625.7849159956095,0.15741700190119445,0.005583002348430455,625.9479159998591
balance,200,multistation_rep,42,42,42,t00241-c00088,88,241,5,0,False,0,,,,,
balance,200,multistation_rep,42,42,42,t00241-c00169,169,241,12,6,True,1,86.9332910006051,506.2042079953244,82.98112500051502,0.034374999813735485,589.2197079956532
balance,200,multistation_rep,42,42,42,t00242-c00088,88,242,7,3,True,1,158.0317499974626,477.6319169977796,172.59262500010664,0.019416002032812685,650.2439579999191
balance,200,multistation_rep,42,42,42,t00242-c00196,196,242,7,4,True,1,366.88249999861,635.8229170000413,14.457625002251007,0.006874994141981006,650.2874169964343
balance,200,multistation_rep,42,42,42,t00243-c00196,196,243,8,1,True,1,83.86141599476105,83.86141599476105,43.98979200050235,0.015292003809008747,127.8664999990724
balance,200,multistation_rep,42,42,42,t00244-c00024,24,244,14,14,True,1,57.47716699988814,1022.1101670031203,0.02283299545524642,0.018625003576744348,1022.1516250021523
balance,200,multistation_rep,42,42,42,t00245-c00024,24,245,10,10,True,1,48.38599999493454,796.0053339993465,68.31991599756293,0.01779200101736933,864.3430419979268
balance,200,multistation_rep,42,42,42,t00245-c00183,183,245,7,6,True,1,166.07612500229152,864.2510409990791,0.13337499694898725,0.007375005225185305,864.3917910012533
balance,200,multistation_rep,42,42,42,t00246-c00054,54,246,11,8,True,1,173.25529200024903,1448.0104169997503,14.664582995465025,0.026792004064191133,1462.7017919992795
balance,200,multistation_rep,42,42,42,t00246-c00183,183,246,6,4,True,1,957.093208002334,1199.8960830023861,262.8531669979566,0.006333000783342868,1462.755583001126
balance,200,multistation_rep,42,42,42,t00247-c00054,54,247,12,2,True,1,317.2924160026014,514.5242910002708,136.70866699976614,0.023333006538450718,651.2562910065753
balance,200,multistation_rep,42,42,42,t00247-c00114,114,247,7,6,True,1,69.32558300468372,584.4362909992924,66.86333400284639,0.007957998604979366,651.3075830007438
balance,200,multistation_rep,42,42,42,t00252-c00053,53,252,9,8,True,1,20.527542001218535,153.29600000404753,15.687208993767854,0.015958001313265413,168.99916699912865
balance,200,multistation_rep,42,42,42,t00254-c00025,25,254,4,0,False,0,,,,,
balance,200,multistation_rep,42,42,42,t00255-c00007,7,255,6,3,True,1,38.86054099712055,117.89950000093086,35.404875001404434,0.021040999854449183,153.32541600218974
balance,200,multistation_rep,42,42,42,t00255-c00025,25,255,4,0,False,0,,,,,
balance,200,multistation_rep,42,42,42,t00256-c00025,25,256,6,4,True,1,82.77812499727588,292.80016599659575,197.39345899870386,0.021708001440856606,490.21533299674047
balance,200,multistation_rep,42,42,42,t00256-c00031,31,256,3,2,True,1,395.09795799676795,472.1707080025226,18.071874997986015,0.006333000783342868,490.24891600129195
balance,200,multistation_rep,42,42,42,t00257-c00038,38,257,5,2,True,1,583.8042079994921,695.5854999978328,323.33295800344786,0.015666999388486147,1018.9341250006692
balance,200,multistation_rep,42,42,42,t00257-c00076,76,257,6,6,True,1,95.46862499701092,925.0286669994239,93.95058299560333,0.007834001735318452,1018.9870839967625
balance,200,multistation_rep,42,42,42,t00257-c00111,111,257,5,5,True,1,379.4712079979945,1018.8245410026866,0.1526669948361814,0.006000002031214535,1018.983207999554
balance,200,multistation_rep,42,42,42,t00258-c00105,105,258,5,5,True,1,20.203666004817933,169.93866600387264,0.02099999983329326,0.012833996152039617,169.97249999985797
balance,200,multistation_rep,42,42,42,t00259-c00068,68,259,3,3,True,1,131.54854100139346,666.0681249995832,121.21412499982398,0.01737500133458525,787.2996250007418
balance,200,multistation_rep,42,42,42,t00259-c00105,105,259,5,3,True,1,205.85887500055833,787.223166997137,0.14070800534682348,0.0072499969974160194,787.3711249994813
balance,200,multistation_rep,42,42,42,t00259-c00131,131,259,9,9,True,1,35.78008300246438,733.4002920033527,53.969874999893364,0.0075409989221952856,787.3777080021682
balance,200,multistation_rep,42,42,42,t00260-c00050,50,260,6,6,True,1,164.5922499956214,546.1050409940071,0.02154200046788901,0.017958001990336925,546.1445409964654
balance,200,multistation_rep,42,42,42,t00260-c00068,68,260,3,3,True,1,164.55383299762616,446.1326660020859,100.049124994257,0.007624999852851033,546.1894159961957
balance,200,multistation_rep,42,42,42,t00261-c00023,23,261,5,3,True,1,39.91837500507245,188.77654099924257,36.25854200072354,0.02020800457103178,225.05529100453714
balance,200,multistation_rep,42,42,42,t00262-c00059,59,262,5,5,True,1,623.4417500018026,1332.9207909991965,0.02016699727391824,0.015417004760820419,1332.9563750012312
balance,200,multistation_rep,42,42,42,t00262-c00090,90,262,8,7,True,1,178.30908400355838,1253.9790840019123,79.04475000395905,0.01058299676515162,1333.0344170026365
balance,200,multistation_rep,42,42,42,t00262-c00104,104,262,6,5,True,1,22.90387500397628,1168.1748749979306,164.87054100434761,0.005959002010058612,1333.0513750042883
balance,200,multistation_rep,42,42,42,t00262-c00143,143,262,8,8,True,1,178.24595799902454,1253.9164159970824,79.12650000071153,0.005292000423651189,1333.0482079982175
balance,200,multistation_rep,42,42,42,t00263-c00090,90,263,8,3,True,1,57.851625002513174,168.25999999855412,0.015666999388486147,0.011083000572398305,168.286749998515
balance,200,multistation_rep,42,42,42,t00265-c00002,2,265,4,4,True,1,255.69012500636745,1007.4075000011362,0.016917001630645245,0.014666999049950391,1007.4390840018168
balance,200,multistation_rep,42,42,42,t00265-c00019,19,265,5,4,True,1,69.68008400144754,836.0407920044963,171.42587499984074,0.00695799826644361,1007.4736250026035
balance,200,multistation_rep,42,42,42,t00265-c00037,37,265,9,6,True,1,136.57850000163307,913.7245419988176,93.74616599961882,0.0062920007621869445,1007.4769999991986
balance,200,multistation_rep,42,42,42,t00266-c00006,6,266,5,5,True,1,64.03008299821522,199.01295799354557,0.01729200448608026,0.014416000340133905,199.04466599837178
balance,200,multistation_rep,42,42,42,t00267-c00006,6,267,5,4,True,1,100.18112500256393,466.05791700130794,52.93816600169521,0.01504199462942779,519.0111249976326
balance,200,multistation_rep,42,42,42,t00267-c00194,194,267,3,3,True,1,233.1204170041019,518.9260420011124,0.1140000022132881,0.005750000127591193,519.0457920034532
balance,200,multistation_rep,42,42,42,t00269-c00008,8,269,4,4,True,1,51.20758299744921,453.61454100202536,0.01808399974834174,0.016582998796366155,453.64920800057007
balance,200,multistation_rep,42,42,42,t00269-c00053,53,269,6,4,True,1,83.35179099958623,453.5752909941948,0.12941700697410852,0.006124995707068592,453.710832996876
balance,200,multistation_rep,42,42,42,t00270-c00008,8,270,6,3,True,1,56.251374997373205,288.4937499984517,17.928749999555293,0.018250000721309334,306.4407499987283
balance,200,multistation_rep,42,42,42,t00272-c00036,36,272,6,6,True,1,211.86212499742396,662.0977919956204,0.019500002963468432,0.018749997252598405,662.1360419958364
balance,200,multistation_rep,42,42,42,t00272-c00113,113,272,4,1,True,1,211.81945800344693,211.81945800344693,450.3513749950798,0.005792004230897874,662.1766250027576
balance,200,multistation_rep,42,42,42,t00273-c00027,27,273,8,8,True,1,59.49924999731593,363.93470899929525,0.02070800110232085,0.015792000340297818,363.9712090007379
balance,200,multistation_rep,42,42,42,t00274-c00027,27,274,12,11,True,1,115.97587500000373,917.0689169986872,0.02141699951607734,0.017708000086713582,917.10804199829
balance,200,multistation_rep,42,42,42,t00274-c00066,66,274,3,2,True,1,57.960917001764756,551.4353750040755,365.71449999610195,0.007542003004346043,917.1574170031818
balance,200,multistation_rep,42,42,42,t00275-c00062,62,275,10,8,True,1,110.39062499912689,989.1727499998524,0.021249994460958987,0.016125006368383765,989.2101250006817
balance,200,multistation_rep,42,42,42,t00275-c00135,135,275,12,9,True,1,110.3462920000311,938.2205419969978,51.035958000284154,0.008374998287763447,989.2648749955697
balance,200,multistation_rep,42,42,42,t00275-c00150,150,275,3,3,True,1,16.48350000323262,641.0477079989505,348.2132499993895,0.005917005182709545,989.2668750035227
balance,200,multistation_rep,42,42,42,t00276-c00150,150,276,4,3,True,1,88.7184170060209,300.6104580053943,0.026875000912696123,0.014666999049950391,300.65200000535697
balance,200,multistation_rep,42,42,42,t00276-c00172,172,276,3,3,True,1,24.13733399589546,247.8414589932072,52.85875000117812,0.007375005225185305,300.7075839996105
balance,200,multistation_rep,42,42,42,t00277-c00149,149,277,7,3,True,1,73.5917919955682,223.86616699805018,42.59474999707891,0.017541002307552844,266.47845799743664
balance,200,multistation_rep,42,42,42,t00278-c00183,183,278,6,1,True,1,91.80024999659508,91.80024999659508,30.49674999783747,0.02195900015067309,122.31895899458323
balance,200,multistation_rep,42,42,42,t00279-c00119,119,279,3,3,True,1,398.89887499884935,815.3869579982711,314.63362499926006,0.015624995285179466,1130.0362079928163
balance,200,multistation_rep,42,42,42,t00279-c00125,125,279,9,9,True,1,89.17787500104168,1129.9570419942029,0.10775000555440784,0.007915994501672685,1130.072707994259
balance,200,multistation_rep,42,42,42,t00279-c00183,183,279,8,2,True,1,362.6632500017877,932.7859170007287,197.27216599858366,0.0048340007197111845,1130.062917000032
balance,200,multistation_rep,42,42,42,t00280-c00182,182,280,3,1,True,1,14.37370900384849,14.37370900384849,28.610249995836057,0.01412499841535464,42.9980839980999
balance,200,multistation_rep,42,42,42,t00282-c00186,186,282,15,12,True,1,31.94529099710053,731.4094999965164,166.93900000245776,0.023624997993465513,898.3721249969676
balance,200,multistation_rep,42,42,42,t00282-c00195,195,282,4,4,True,1,97.49987499526469,882.7768329938408,15.630875001079403,0.007375005225185305,898.4150830001454
balance,200,multistation_rep,42,42,42,t00284-c00102,102,284,6,6,True,1,31.530000000202563,147.95466599753127,0.01729200448608026,0.011499992979224771,147.98345799499657
balance,200,multistation_rep,42,42,42,t00285-c00121,121,285,13,5,True,1,173.79841700312681,1424.5790420027333,0.024666995159350336,0.014875004126224667,1424.618584002019
balance,200,multistation_rep,42,42,42,t00285-c00154,154,285,10,9,True,1,173.75812499813037,1395.0484579982003,29.608458004076965,0.0072499969974160194,1424.6641659992747
balance,200,multistation_rep,42,42,42,t00287-c00103,103,287,7,6,True,1,50.51204100163886,311.3338749972172,0.0225000039790757,0.0155829984578304,311.3719579996541
balance,200,multistation_rep,42,42,42,t00288-c00191,191,288,9,9,True,1,108.45854200306349,664.6163330005948,0.0351249982486479,0.018584003555588424,664.670042002399
balance,200,multistation_rep,42,42,42,t00289-c00199,199,289,7,7,True,1,32.994124994729646,348.6135419952916,0.034666998544707894,0.01925000105984509,348.66745899489615
balance,200,multistation_rep,42,42,42,t00291-c00050,50,291,4,4,True,1,42.43658400082495,172.91508399648592,0.017625003238208592,0.0155829984578304,172.94829199818196
balance,200,multistation_rep,42,42,42,t00292-c00052,52,292,9,9,True,1,121.74720800248906,870.8167080039857,0.023582993890158832,0.018250000721309334,870.8585409985972
balance,200,multistation_rep,42,42,42,t00293-c00052,52,293,3,3,True,1,50.30391599575523,361.3335830013966,0.02120799763360992,0.01645900192670524,361.37125000095693
balance,200,multistation_rep,42,42,42,t00294-c00053,53,294,5,1,True,1,45.625209000718314,45.625209000718314,40.233874999103136,0.023125001462176442,85.88220900128363
balance,200,multistation_rep,42,42,42,t00295-c00109,109,295,4,4,True,1,67.3664169953554,313.1421669968404,0.022416003048419952,0.01587499718880281,313.1804579970776
balance,200,multistation_rep,42,42,42,t00296-c00002,2,296,7,7,True,1,56.30679200112354,302.7334590005921,0.016707999748177826,0.014666999049950391,302.76483399939025
balance,200,multistation_rep,42,42,42,t00297-c00138,138,297,7,5,True,1,117.89658299676375,450.88566599588376,0.026708999939728528,0.01383299968438223,450.92620799550787
balance,200,multistation_rep,42,42,42,t00299-c00010,10,299,5,4,True,1,93.13279200432589,427.779792000365,120.12783299724106,0.014125005691312253,547.9217500032973
balance,200,multistation_rep,42,42,42,t00299-c00153,153,299,6,6,True,1,34.77329199813539,547.844749999058,0.112749999971129,0.007417002052534372,547.9649170010816
balance,200,multistation_rep,42,42,42,t00300-c00018,18,300,5,3,True,1,71.77920800313586,161.46179100178415,0.014500001270789653,0.012874996173195541,161.48916599922813
balance,200,multistation_rep,42,42,42,t00301-c00013,13,301,10,9,True,1,21.448957995744422,434.30200000148034,16.611624996585306,0.01666600292082876,450.9302910009865
balance,200,multistation_rep,42,42,42,t00301-c00075,75,301,8,4,True,1,94.91474999958882,434.25795899383957,16.68933300243225,0.005292000423651189,450.95258399669547
balance,200,multistation_rep,42,42,42,t00302-c00063,63,302,7,7,True,1,100.21187500387896,358.5786250041565,0.022959000489208847,0.015457997506018728,358.6170420021517
balance,200,multistation_rep,42,42,42,t00303-c00065,65,303,7,7,True,1,40.519125002902,416.15716699743643,0.020792002032976598,0.013875003787688911,416.1918340032571
balance,200,multistation_rep,42,42,42,t00303-c00170,170,303,7,7,True,1,113.12320900469786,341.52620900567854,74.70974999887403,0.006582995411008596,416.2425419999636
balance,200,multistation_rep,42,42,42,t00304-c00000,0,304,9,9,True,1,79.52287499938393,893.8906250041327,0.01741599407978356,0.01575000351294875,893.9237910017255
balance,200,multistation_rep,42,42,42,t00304-c00065,65,304,7,4,True,1,121.55133399937768,754.2841670001508,139.67862500430783,0.006832997314631939,893.9696250017732
balance,200,multistation_rep,42,42,42,t00304-c00170,170,304,12,11,True,1,79.43912500195438,893.8068749994272,0.1743340035318397,0.006124995707068592,893.9873339986661
balance,200,multistation_rep,42,42,42,t00305-c00039,39,305,6,3,True,1,795.4272080023657,1227.2519580001244,52.9972500007716,0.016333004168700427,1280.2655410050647
balance,200,multistation_rep,42,42,42,t00305-c00065,65,305,7,5,True,1,80.80416699522175,1280.1907079992816,0.1199589969473891,0.008166003681253642,1280.3188329999102
balance,200,multistation_rep,42,42,42,t00305-c00123,123,305,3,3,True,1,398.41241700196406,1021.3901249953778,258.92316700628726,0.00549999822396785,1280.318791999889
balance,200,multistation_rep,42,42,42,t00305-c00134,134,305,7,7,True,1,213.32712499861373,1021.3580419949722,258.9502910050214,0.005041998520027846,1280.3133749985136
balance,200,multistation_rep,42,42,42,t00306-c00031,31,306,5,4,True,1,1024.85987500404,1393.0257079991861,265.92183300090255,0.015709003491792828,1658.9632500035805
balance,200,multistation_rep,42,42,42,t00306-c00087,87,306,3,3,True,1,309.5407910004724,1183.9060409984086,475.1096250038245,0.006874994141981006,1659.022540996375
balance,200,multistation_rep,42,42,42,t00306-c00096,96,306,4,4,True,1,128.45295800070744,1543.0321660023765,115.98399999638787,0.006042006134521216,1659.0222080048989
balance,200,multistation_rep,42,42,42,t00306-c00134,134,306,12,8,True,1,86.69587499753106,1489.6412499947473,169.37412500556093,0.006499998562503606,1659.0218749988708
balance,200,multistation_rep,42,42,42,t00306-c00142,142,306,7,7,True,1,282.77887500007637,1658.7878329955856,0.22325000463752076,0.005666996003128588,1659.0167499962263
balance,200,multistation_rep,42,42,42,t00307-c00031,31,307,2,1,True,1,247.01679099962348,247.01679099962348,132.4291249984526,0.013249999028630555,379.4591659971047
balance,200,multistation_rep,42,42,42,t00307-c00186,186,307,6,4,True,1,60.28462500398746,379.3827089975821,0.13295800454216078,0.006791997293476015,379.5224589994177
balance,200,multistation_rep,42,42,42,t00308-c00031,31,308,5,0,False,0,,,,,
balance,200,multistation_rep,42,42,42,t00309-c00031,31,309,3,0,False,0,,,,,
balance,200,multistation_rep,42,42,42,t00309-c00149,149,309,9,6,True,1,53.223125003569294,369.36462500307243,0.03237499913666397,0.01779200101736933,369.41479200322647
balance,200,multistation_rep,42,42,42,t00310-c00031,31,310,5,0,False,0,,,,,
balance,200,multistation_rep,42,42,42,t00311-c00089,89,311,3,2,True,1,47.241166001185775,87.12020800157916,0.015749996236991137,0.012958000297658145,87.14891599811381
balance,200,multistation_rep,42,42,42,t00312-c00058,58,312,2,1,True,1,44.845874996099155,44.845874996099155,0.009625000529922545,0.00866700429469347,44.86416700092377
balance,200,multistation_rep,42,42,42,t00313-c00160,160,313,10,10,True,1,24.356166999496054,277.2422080015531,0.028959002520423383,0.013999997463542968,277.28516700153705
balance,200,multistation_rep,42,42,42,t00314-c00117,117,314,9,9,True,1,40.75962500064634,281.95800000685267,0.02554199454607442,0.014208002539817244,281.99775000393856
balance,200,multistation_rep,42,42,42,t00315-c00071,71,315,9,8,True,1,70.24579100107076,372.382583002036,0.022542000806424767,0.013790995581075549,372.4189159984235
balance,200,multistation_rep,42,42,42,t00317-c00005,5,317,12,8,True,1,499.9709590047132,3476.5052500006277,175.3338749986142,0.017917001969181,3651.857042001211
balance,200,multistation_rep,42,42,42,t00317-c00008,8,317,3,1,True,1,2992.7027500016266,2992.7027500016266,659.1952090020641,0.005999994755256921,3651.903958998446
balance,200,multistation_rep,42,42,42,t00317-c00046,46,317,5,5,True,1,46.459875004075,3343.9942080003675,307.89991700294195,0.005249996320344508,3651.89937499963
balance,200,multistation_rep,42,42,42,t00317-c00076,76,317,15,10,True,1,499.8630830014008,3651.70945799764,0.19833400438074023,0.005750000127591193,3651.9135420021485
balance,200,multistation_rep,42,42,42,t00317-c00119,119,317,7,7,True,1,712.4875840017921,3169.142416998511,482.7774580044206,0.005249996320344508,3651.925124999252
balance,200,multistation_rep,42,42,42,t00317-c00174,174,317,7,6,True,1,499.7975000005681,3078.587875002995,573.3270420023473,0.004665998858399689,3651.919583004201
balance,200,multistation_rep,42,42,42,t00318-c00076,76,318,9,7,True,1,109.51924999972107,549.3330000026617,0.02341700019314885,0.01629199687158689,549.3727089997265
balance,200,multistation_rep,42,42,42,t00319-c00082,82,319,3,3,True,1,100.37150000425754,611.1024999991059,154.68437500385335,0.015124998753890395,765.8020000017132
balance,200,multistation_rep,42,42,42,t00319-c00084,84,319,8,8,True,1,100.33279199706158,696.9707500029472,68.88854199496564,0.007125003321561962,765.8664170012344
balance,200,multistation_rep,42,42,42,t00319-c00184,184,319,4,4,True,1,309.34408299799543,765.6853749940637,0.17700000171316788,0.0054580013966187835,765.8678329971735
balance,200,multistation_rep,42,42,42,t00320-c00082,82,320,4,3,True,1,109.98741700313985,278.8293330013403,0.01904200325952843,0.01491699367761612,278.8632919982774
balance,200,multistation_rep,42,42,42,t00320-c00084,84,320,5,2,True,1,138.24858400039375,230.42408400215209,48.477374999492895,0.006499998562503606,278.9079590002075
balance,200,multistation_rep,42,42,42,t00322-c00055,55,322,12,8,True,1,31.87462499772664,249.43308399815578,0.01937500201165676,0.013374999980442226,249.46583400014788
balance,200,multistation_rep,42,42,42,t00323-c00040,40,323,4,3,True,1,314.4697500028997,471.7605839978205,0.017875005141831934,0.015040997823234648,471.79350000078557
balance,200,multistation_rep,42,42,42,t00323-c00066,66,323,6,4,True,1,114.05770800047321,381.43454199598636,90.3959159986698,0.0074590061558410525,471.837917000812
balance,200,multistation_rep,42,42,42,t00324-c00074,74,324,8,8,True,1,52.46525000256952,466.8010410023271,0.024374996428377926,0.014959005056880414,466.84037500381237
balance,200,multistation_rep,42,42,42,t00324-c00107,107,324,5,5,True,1,149.0131669997936,466.7615419966751,0.12033300299663097,0.0070829992182552814,466.88895799888996
balance,200,multistation_rep,42,42,42,t00326-c00162,162,326,10,8,True,1,46.82545799732907,455.6034580018604,16.326334000041243,0.018375001673121005,471.9481670035748
balance,200,multistation_rep,42,42,42,t00327-c00108,108,327,3,3,True,1,88.40924999822164,860.0763750000624,11.749333003535867,0.02341700019314885,871.8491250037914
balance,200,multistation_rep,42,42,42,t00327-c00187,187,327,9,8,True,1,171.9615000038175,674.4098340059281,197.48324999818578,0.009499999578110874,871.902584003692
balance,200,multistation_rep,42,42,42,t00328-c00120,120,328,5,4,True,1,157.83800000644987,770.8898750061053,164.8440839999239,0.017915997887030244,935.7518750039162
balance,200,multistation_rep,42,42,42,t00328-c00187,187,328,8,7,True,1,70.63437499891734,935.6642089987872,0.14270799874793738,0.009125003998633474,935.8160420015338
balance,200,multistation_rep,42,42,42,t00329-c00061,61,329,3,3,True,1,94.62924999388633,296.09308399813017,0.018040998838841915,0.015833997167646885,296.12695899413666
balance,200,multistation_rep,42,42,42,t00331-c00163,163,331,7,6,True,1,46.57562499778578,221.55908399872715,0.02662499900907278,0.01383299968438223,221.5995419974206
balance,200,multistation_rep,42,42,42,t00332-c00116,116,332,0,0,False,0,,,,,
balance,200,multistation_rep,42,42,42,t00332-c00163,163,332,3,2,True,1,27.559624999412335,198.92291699943598,49.404791003325954,0.01412499841535464,248.3418330011773
balance,200,multistation_rep,42,42,42,t00332-c00195,195,332,3,3,True,1,27.52195799985202,248.26362499879906,0.10808299703057855,0.005957997927907854,248.37766599375755
balance,200,multistation_rep,42,42,42,t00333-c00116,116,333,3,2,True,1,42.762541997944936,63.21745899913367,144.19891600118717,0.01683399750618264,207.43320899782702
balance,200,multistation_rep,42,42,42,t00333-c00193,193,333,3,3,True,1,30.24829100468196,193.15574999927776,14.31691600009799,0.0061250029830262065,207.47879100235878
balance,200,multistation_rep,42,42,42,t00334-c00116,116,334,7,5,True,1,228.93920900241937,956.5267090001726,0.028041002224199474,0.017250000382773578,956.5720000027795
balance,200,multistation_rep,42,42,42,t00334-c00125,125,334,8,5,True,1,116.32329099666094,956.493165998836,0.12820900155929849,0.006874994141981006,956.6282499945373
balance,200,multistation_rep,42,42,42,t00336-c00030,30,336,7,7,True,1,54.18670899962308,570.8162500013714,0.020583996956702322,0.015791003534104675,570.8526250018622
balance,200,multistation_rep,42,42,42,t00336-c00081,81,336,5,5,True,1,54.14495899458416,570.7749590001185,0.1008749968605116,0.006250003934837878,570.8820840009139
balance,200,multistation_rep,42,42,42,t00336-c00153,153,336,3,3,True,1,100.8693339972524,419.5673750000424,151.31108399509685,0.00549999822396785,570.8839589933632
balance,200,multistation_rep,42,42,42,t00337-c00048,48,337,6,5,True,1,37.73395800089929,380.41779099876294,16.77400000335183,0.019416998839005828,397.2112080009538
balance,200,multistation_rep,42,42,42,t00337-c00153,153,337,3,2,True,1,101.4073750047828,145.1121249992866,252.13320799957728,0.006333000783342868,397.25166599964723
balance,200,multistation_rep,42,42,42,t00338-c00079,79,338,8,8,True,1,64.19095800083596,797.2073329947307,0.024125001800712198,0.01599999814061448,797.247457994672
balance,200,multistation_rep,42,42,42,t00338-c00153,153,338,8,5,True,1,197.06437500281027,495.1448749998235,302.15354199754074,0.0079160017776303,797.3063329991419
balance,200,multistation_rep,42,42,42,t00339-c00141,141,339,6,6,True,1,42.01599999942118,196.0449590042117,0.025707995519042015,0.013625001884065568,196.0842920016148
balance,200,multistation_rep,42,42,42,t00340-c00100,100,340,8,5,True,1,81.22958299645688,461.7831669966108,0.02354100433876738,0.015166995581239462,461.8218749965308
balance,200,multistation_rep,42,42,42,t00340-c00141,141,340,6,4,True,1,22.798499994678423,365.3771249955753,96.4735420056968,0.006791997293476015,461.85745899856556
balance,200,multistation_rep,42,42,42,t00341-c00014,14,341,7,7,True,1,104.21162500279024,460.5777499964461,0.017250000382773578,0.014375000318977982,460.6093749971478
balance,200,multistation_rep,42,42,42,t00341-c00141,141,341,6,4,True,1,16.090916004031897,334.3233749983483,126.31179100571899,0.0064589985413476825,460.64162500260863
balance,200,multistation_rep,42,42,42,t00342-c00001,1,342,7,7,True,1,52.043083000171464,569.1230000011274,120.54708300274797,0.018041995645035058,689.6881249995204
balance,200,multistation_rep,42,42,42,t00342-c00168,168,342,4,4,True,1,148.70245799829718,689.6012500001234,0.14366600225912407,0.0064589985413476825,689.7513750009239
balance,200,multistation_rep,42,42,42,t00343-c00001,1,343,7,5,True,1,45.05283299658913,797.2886669958825,46.129583002766594,0.015541998436674476,843.4337919970858
balance,200,multistation_rep,42,42,42,t00343-c00071,71,343,13,5,True,1,91.70158299821196,797.2432909955387,46.22291700070491,0.007458002073690295,843.4736659983173
balance,200,multistation_rep,42,42,42,t00343-c00158,158,343,4,4,True,1,254.56641600612784,843.3135830055107,0.14808299602009356,0.005583999154623598,843.4672500006855
balance,200,multistation_rep,42,42,42,t00343-c00168,168,343,4,1,True,1,254.53491599910194,254.53491599910194,588.938834000146,0.005333000444807112,843.4790829996928
balance,200,multistation_rep,42,42,42,t00344-c00089,89,344,9,6,True,1,38.83091700117802,285.86429199640406,68.26337500388036,0.018874998204410076,354.14654199848883
balance,200,multistation_rep,42,42,42,t00344-c00158,158,344,4,1,True,1,106.28795799857471,106.28795799857471,247.90241700247861,0.006707996362820268,354.19708299741615
balance,200,multistation_rep,42,42,42,t00345-c00084,84,345,3,2,True,1,838.4383330048877,1096.6564580012346,376.49041700206,0.022833002731204033,1473.1697080060258
balance,200,multistation_rep,42,42,42,t00345-c00134,134,345,7,5,True,1,666.9416660006391,1449.6613329974934,23.553749997518025,0.008082999556791037,1473.2231659945683
balance,200,multistation_rep,42,42,42,t00345-c00158,158,345,4,1,True,1,666.9069579947973,666.9069579947973,806.3076670005103,0.005166002665646374,1473.2197909979732
balance,200,multistation_rep,42,42,42,t00346-c00101,101,346,7,7,True,1,134.24879199737916,629.453374996956,73.39195899839979,0.016707999748177826,702.8620419951039
balance,200,multistation_rep,42,42,42,t00346-c00154,154,346,3,2,True,1,93.98487499856856,606.7648749958607,96.13020800316008,0.006832997314631939,702.9019159963354
balance,200,multistation_rep,42,42,42,t00346-c00159,159,346,4,4,True,1,190.5556669953512,702.7448339940747,0.15354100469266996,0.006000002031214535,702.9043750007986
balance,200,multistation_rep,42,42,42,t00347-c00067,67,347,4,4,True,1,17.658625001786277,95.39033300097799,0.013459000911097974,0.010791001841425896,95.41458300373051
balance,200,multistation_rep,42,42,42,t00348-c00046,46,348,9,8,True,1,58.40458299644524,575.9684579970781,0.02300000051036477,0.015666999388486147,576.0071249969769
balance,200,multistation_rep,42,42,42,t00348-c00107,107,348,6,4,True,1,80.40845899813576,462.8640419978183,113.16866700508399,0.006750000466126949,576.0394590033684
balance,200,multistation_rep,42,42,42,t00349-c00146,146,349,4,4,True,1,37.88699999859091,174.06620799738448,0.022708998585585505,0.012916003470309079,174.10183299944038
balance,200,multistation_rep,42,42,42,t00351-c00094,94,351,3,3,True,1,53.43116600124631,606.4260000057402,160.91249999590218,0.01424999936716631,767.3527500010096
balance,200,multistation_rep,42,42,42,t00351-c00139,139,351,7,6,True,1,146.12354199925903,767.2761670037289,0.10666599700925872,0.007791997632011771,767.3906249983702
balance,200,multistation_rep,42,42,42,t00353-c00021,21,353,11,11,True,1,100.4542090013274,1048.6680840040208,32.400415999291,0.02183399919886142,1081.0903340025106
balance,200,multistation_rep,42,42,42,t00353-c00040,40,353,6,2,True,1,339.6093339979416,487.16254199825926,593.9641669974662,0.007291004294529557,1081.13400000002
balance,200,multistation_rep,42,42,42,t00353-c00141,141,353,7,6,True,1,100.37520799960475,1065.4237079943414,15.704792000178713,0.006375004886649549,1081.1348749994067
balance,200,multistation_rep,42,42,42,t00353-c00185,185,353,3,1,True,1,835.6354589996045,835.6354589996045,245.48458299977938,0.004499997885432094,1081.1245419972693
balance,200,multistation_rep,42,42,42,t00354-c00093,93,354,3,3,True,1,14.810833003139123,169.84483299893327,0.020334002329036593,0.014375000318977982,169.87954200158129
balance,200,multistation_rep,42,42,42,t00354-c00185,185,354,3,1,True,1,125.57949999609264,125.57949999609264,44.337541999993846,0.00650000583846122,169.92354200192494
balance,200,multistation_rep,42,42,42,t00355-c00189,189,355,3,3,True,1,25.56683299917495,101.33445799874607,0.025583001843187958,0.01412499841535464,101.37416599900462
balance,200,multistation_rep,42,42,42,t00356-c00056,56,356,3,2,True,1,29.07233299629297,102.95991699967999,13.78058299451368,0.02466700243530795,116.76516699662898
balance,200,multistation_rep,42,42,42,t00358-c00032,32,358,5,5,True,1,20.233167000696994,221.49008300038986,0.017541999113745987,0.015458004781976342,221.52308300428558
balance,200,multistation_rep,42,42,42,t00359-c00171,171,359,8,8,True,1,40.855250001186505,244.0345420036465,0.029374998121056706,0.014625002222601324,244.07854200399015
balance,200,multistation_rep,42,42,42,t00361-c00003,3,361,12,12,True,1,85.47158299916191,1116.9995419986662,0.021541003661695868,0.01966700074262917,1117.0407500030706
balance,200,multistation_rep,42,42,42,t00362-c00003,3,362,11,8,True,1,152.9614590035635,1302.8962090029381,0.021500003640539944,0.019915998564101756,1302.9376250051428
balance,200,multistation_rep,42,42,42,t00362-c00030,30,362,3,3,True,1,15.686375001678243,1030.012709001312,272.95574999880046,0.006665999535471201,1302.975124999648
balance,200,multistation_rep,42,42,42,t00362-c00045,45,362,8,8,True,1,152.88554200378712,1302.8200420012581,0.16770799993537366,0.006542002665810287,1302.9942920038593
balance,200,multistation_rep,42,42,42,t00363-c00030,30,363,5,4,True,1,16.641958005493507,470.4256660043029,95.22375000233296,0.018208993424195796,565.6676250000601
balance,200,multistation_rep,42,42,42,t00363-c00034,34,363,14,10,True,1,52.60295899643097,565.5922090008971,0.13737499830313027,0.00912499672267586,565.7387089959229
balance,200,multistation_rep,42,42,42,t00364-c00030,30,364,5,4,True,1,66.4465840018238,471.5693340040161,45.61283299699426,0.01629199687158689,517.198458997882
balance,200,multistation_rep,42,42,42,t00364-c00034,34,364,9,7,True,1,40.964124993479345,517.1271660001366,0.112292000267189,0.007582995749544352,517.2470409961534
balance,200,multistation_rep,42,42,42,t00365-c00164,164,365,9,9,True,1,92.3026669988758,1145.2949169979547,0.03112500417046249,0.016749996575526893,1145.3427919987007
balance,200,multistation_rep,42,42,42,t00366-c00188,188,366,5,4,True,1,36.60991699871374,453.3350419951603,0.031083000067155808,0.01641699782339856,453.38254199305084
balance,200,multistation_rep,42,42,42,t00369-c00137,137,369,9,7,True,1,254.45516699983273,788.7516670016339,204.5132079947507,0.017209000361617655,993.2820839967462
balance,200,multistation_rep,42,42,42,t00369-c00180,180,369,4,4,True,1,414.1405410045991,993.1932910039905,0.12937499559484422,0.008084003638941795,993.3307500032242
balance,200,multistation_rep,42,42,42,t00369-c00195,195,369,7,6,True,1,90.08470899425447,908.3774169994285,84.94566699664574,0.005665999196935445,993.3287499952712
balance,200,multistation_rep,42,42,42,t00370-c00156,156,370,7,7,True,1,125.43508400267456,1174.1261249990202,0.03408399788895622,0.019541002984624356,1174.1797499998938
balance,200,multistation_rep,42,42,42,t00370-c00165,165,370,5,4,True,1,355.3456669978914,1039.1100420019939,135.10437499644468,0.006791000487282872,1174.2212079989258
balance,200,multistation_rep,42,42,42,t00371-c00008,8,371,9,1,True,1,190.22299999778625,190.22299999778625,17.07600000372622,0.020707993826363236,207.31970799533883
balance,200,multistation_rep,42,42,42,t00371-c00165,165,371,3,1,True,1,85.50987499620533,85.50987499620533,121.84274999890476,0.006708003638777882,207.35933299874887
balance,200,multistation_rep,42,42,42,t00374-c00001,1,374,6,3,True,1,80.63324999966426,434.8254580036155,22.508709000248928,0.01391599653288722,457.3480830003973
balance,200,multistation_rep,42,42,42,t00374-c00141,141,374,7,3,True,1,212.71545800118474,457.2734169996693,0.1181659972644411,0.006333997589536011,457.39791699452326
balance,200,multistation_rep,42,42,42,t00375-c00001,1,375,4,0,False,0,,,,,
balance,200,multistation_rep,42,42,42,t00376-c00001,1,376,5,1,True,1,360.4289159993641,360.4289159993641,0.01454199809813872,0.015332996554207057,360.45879099401645
balance,200,multistation_rep,42,42,42,t00376-c00101,101,376,4,4,True,1,43.703709001420066,198.47241699608276,162.03191700333264,0.008000002708286047,360.5123340021237
balance,200,multistation_rep,42,42,42,t00377-c00080,80,377,5,5,True,1,69.96608299959917,491.38508299802197,0.022416999854613096,0.015833000361453742,491.42333299823804
balance,200,multistation_rep,42,42,42,t00378-c00043,43,378,3,1,True,1,95.41824999905657,95.41824999905657,84.39620800345438,0.013291995855979621,179.82774999836693
balance,200,multistation_rep,42,42,42,t00378-c00071,71,378,6,1,True,1,179.757249999966,179.757249999966,0.09712499740999192,0.00541700137546286,179.85979199875146
balance,200,multistation_rep,42,42,42,t00379-c00026,26,379,3,3,True,1,25.425208994420245,107.45816699636634,0.013791999663226306,0.012999997125007212,107.48495899315458
balance,200,multistation_rep,42,42,42,t00380-c00095,95,380,4,4,True,1,156.6037500015227,797.6488749991404,39.02241699688602,0.015666002582293004,836.6869579986087
balance,200,multistation_rep,42,42,42,t00380-c00110,110,380,12,12,True,1,23.717791002127342,836.6070830015815,0.11341699428157881,0.008083006832748652,836.7285830026958
balance,200,multistation_rep,42,42,42,t00381-c00014,14,381,4,3,True,1,127.00087499979418,592.7747500027181,105.4928329976974,0.01266699837287888,698.2802499987883
balance,200,multistation_rep,42,42,42,t00381-c00033,33,381,6,6,True,1,18.420667001919355,677.6628750012605,20.641000002797227,0.007374997949227691,698.311250002007
balance,200,multistation_rep,42,42,42,t00381-c00114,114,381,8,4,True,1,62.78583300445462,698.1732920030481,0.13341599697014317,0.005667003279086202,698.3123750032973
balance,200,multistation_rep,42,42,42,t00382-c00046,46,382,3,1,True,1,35.278584000479896,35.278584000479896,29.168374996515922,0.014458004443440586,64.46141700143926
balance,200,multistation_rep,42,42,42,t00383-c00046,46,383,6,1,True,1,412.95725000236416,412.95725000236416,81.6758330038283,0.02045899600489065,494.65354200219736
balance,200,multistation_rep,42,42,42,t00383-c00092,92,383,4,1,True,1,201.50850000209175,201.50850000209175,293.17120800260454,0.005666996003128588,494.6853750006994
balance,200,multistation_rep,42,42,42,t00383-c00100,100,383,4,2,True,1,240.91316600242862,357.817290998355,136.85745900147595,0.005583002348430455,494.6803330021794
balance,200,multistation_rep,42,42,42,t00383-c00146,146,383,4,1,True,1,201.44274999620393,201.44274999620393,293.2248330034781,0.003583998477552086,494.6711669981596
balance,200,multistation_rep,42,42,42,t00385-c00166,166,385,7,7,True,1,19.169874998624437,167.03183399658883,0.025083005311898887,0.016041994967963547,167.0729589968687
balance,200,multistation_rep,42,42,42,t00386-c00153,153,386,10,5,True,1,142.21345800615381,557.0694160051062,55.133083995315246,0.018500002624932677,612.2210000030464
balance,200,multistation_rep,42,42,42,t00386-c00166,166,386,6,6,True,1,17.680832999758422,595.2845409992733,16.979917003482115,0.008332994184456766,612.2727909969399
balance,200,multistation_rep,42,42,42,t00388-c00061,61,388,5,4,True,1,370.09916699753376,920.060457996442,0.02099999983329326,0.016542006051167846,920.0980000023264
balance,200,multistation_rep,42,42,42,t00388-c00126,126,388,5,5,True,1,32.09854099986842,729.6484159960528,190.51054200099315,0.007125003321561962,920.1660830003675
balance,200,multistation_rep,42,42,42,t00389-c00013,13,389,6,3,True,1,247.11041700356873,319.59254200046416,18.678250002267305,0.021500003640539944,338.292292006372
balance,200,multistation_rep,42,42,42,t00389-c00061,61,389,5,1,True,1,234.37941700103693,234.37941700103693,103.95029200299177,0.006665999535471201,338.33637500356417
balance,200,multistation_rep,42,42,42,t00390-c00061,61,390,5,0,False,0,,,,,
balance,200,multistation_rep,42,42,42,t00391-c00061,61,391,5,0,False,0,,,,,
balance,200,multistation_rep,42,42,42,t00392-c00061,61,392,5,0,False,0,,,,,
balance,200,multistation_rep,42,42,42,t00392-c00140,140,392,5,5,True,1,63.99037499795668,442.789291999361,18.499208003049716,0.024708002456463873,461.3132080048672
balance,200,multistation_rep,42,42,42,t00393-c00061,61,393,4,0,False,0,,,,,
balance,200,multistation_rep,42,42,42,t00394-c00061,61,394,4,0,False,0,,,,,
balance,200,multistation_rep,42,42,42,t00394-c00091,91,394,5,5,True,1,48.61112499929732,347.1933330001775,16.984583002340514,0.025000001187436283,364.20291600370547
balance,200,multistation_rep,42,42,42,t00395-c00035,35,395,9,9,True,1,50.0687090025167,491.316084000573,0.020375002350192517,0.01695800165180117,491.353417004575
balance,200,multistation_rep,42,42,42,t00395-c00061,61,395,4,0,False,0,,,,,
balance,200,multistation_rep,42,42,42,t00396-c00044,44,396,8,6,True,1,411.8716660013888,959.5050830030232,0.020082996343262494,0.015375000657513738,959.540541000024
balance,200,multistation_rep,42,42,42,t00396-c00061,61,396,0,0,False,0,,,,,
balance,200,multistation_rep,42,42,42,t00396-c00132,132,396,7,6,True,1,411.788916993828,912.2322089970112,47.297290999267716,0.0069590023485943675,959.5364589986275
balance,200,multistation_rep,42,42,42,t00397-c00061,61,397,4,0,False,0,,,,,
balance,200,multistation_rep,42,42,42,t00397-c00151,151,397,4,1,True,1,39.60858399659628,39.60858399659628,64.11991600180045,0.024166998628061265,103.75266699702479
balance,200,multistation_rep,42,42,42,t00398-c00061,61,398,3,1,True,1,45.94329200335778,45.94329200335778,76.6327499950421,0.02570800279499963,122.60175000119489
balance,200,multistation_rep,42,42,42,t00398-c00151,151,398,4,0,False,0,,,,,
balance,200,multistation_rep,42,42,42,t00399-c00072,72,399,3,3,True,1,77.58091600408079,336.6086250025546,14.762416001758538,0.01641699782339856,351.38745800213655
balance,200,multistation_rep,42,42,42,t00399-c00151,151,399,4,0,False,0,,,,,
balance,200,multistation_rep,42,42,42,t00400-c00072,72,400,5,2,True,1,133.88333300099475,208.43958300247323,15.985917001671623,0.01974999759113416,224.44525000173599
balance,200,multistation_rep,42,42,42,t00400-c00151,151,400,4,0,False,0,,,,,
balance,200,multistation_rep,42,42,42,t00401-c00011,11,401,11,11,True,1,72.90162500430597,1033.121291999123,21.09595799993258,0.02479200338711962,1054.2420420024428
balance,200,multistation_rep,42,42,42,t00401-c00072,72,401,5,1,True,1,542.2465000010561,542.2465000010561,512.0254580033361,0.006374997610691935,1054.278333002003
balance,200,multistation_rep,42,42,42,t00401-c00151,151,401,4,0,False,0,,,,,
balance,200,multistation_rep,42,42,42,t00402-c00070,70,402,3,2,True,1,28.320500001427718,112.45804200007115,14.411374999326654,0.014667006325908005,126.88408400572371
balance,200,multistation_rep,42,42,42,t00402-c00151,151,402,3,1,True,1,37.94283299794188,37.94283299794188,88.96575000107987,0.0054580013966187835,126.91404100041837
balance,200,multistation_rep,42,42,42,t00403-c00148,148,403,14,14,True,1,44.90045800048392,703.1829159968765,0.034666998544707894,0.017917001969181,703.2354999973904
balance,200,multistation_rep,42,42,42,t00404-c00148,148,404,5,5,True,1,29.511708999052644,198.98216699948534,0.02649999805726111,0.01570799940964207,199.02437499695225
balance,200,multistation_rep,42,42,42,t00406-c00152,152,406,5,4,True,1,45.57316600403283,153.87612500489922,15.413458000693936,0.015291996533051133,169.3048750021262
balance,200,multistation_rep,42,42,42,t00407-c00003,3,407,4,2,True,1,58.70441700244555,316.2706670045736,769.4856250018347,0.013665994629263878,1085.7699580010376
balance,200,multistation_rep,42,42,42,t00407-c00097,97,407,8,8,True,1,193.21404099900974,1085.7003749988507,0.11183300375705585,0.008082999556791037,1085.8202910021646
balance,200,multistation_rep,42,42,42,t00409-c00049,49,409,7,7,True,1,71.44145899655996,472.78499999811174,0.01974999759113416,0.017250000382773578,472.82199999608565
balance,200,multistation_rep,42,42,42,t00409-c00101,101,409,3,2,True,1,248.98437499359716,373.97712499659974,98.88599999976577,0.007125003321561962,472.8702499996871
balance,200,multistation_rep,42,42,42,t00412-c00188,188,412,7,5,True,1,68.97733300138498,471.11908300576033,30.862457999319304,0.020416999177541584,502.0019580042572
balance,200,multistation_rep,42,42,42,t00413-c00012,12,413,3,2,True,1,20.43825000146171,279.5897909963969,23.070542003551964,0.013707998732570559,302.67404099868145
balance,200,multistation_rep,42,42,42,t00413-c00086,86,413,7,7,True,1,55.24475000129314,302.6022499980172,0.11095900117652491,0.00825000461190939,302.72145900380565
balance,200,multistation_rep,42,42,42,t00414-c00094,94,414,5,3,True,1,342.1394160031923,744.6633750005276,14.690582996990997,0.01741700543789193,759.3713750029565
balance,200,multistation_rep,42,42,42,t00414-c00136,136,414,4,1,True,1,46.44141699827742,46.44141699827742,712.9697909986135,0.005084002623334527,759.4162919995142
balance,200,multistation_rep,42,42,42,t00415-c00015,15,415,5,1,True,1,101.49191600066843,101.49191600066843,331.56833400425967,0.016416001017205417,433.0766660059453
balance,200,multistation_rep,42,42,42,t00415-c00094,94,415,3,2,True,1,298.75587500282563,417.81416600133525,15.283916996850166,0.006624999514315277,433.10470799769973
balance,200,multistation_rep,42,42,42,t00416-c00016,16,416,7,2,True,1,1650.5898750037886,2234.342916002788,15.123042001505382,0.02108299668179825,2249.4870410009753
balance,200,multistation_rep,42,42,42,t00416-c00022,22,416,12,11,True,1,184.79541700071422,2105.565249999927,143.9634579946869,0.009834002412389964,2249.538541997026
balance,200,multistation_rep,42,42,42,t00416-c00073,73,416,14,10,True,1,184.7593330021482,2234.2682919988874,15.268291004758794,0.006583999493159354,2249.5431670031394
balance,200,multistation_rep,42,42,42,t00416-c00196,196,416,6,0,False,0,,,,,
balance,200,multistation_rep,42,42,42,t00417-c00175,175,417,3,2,True,1,22.187792004842777,77.76495900179725,67.98533300025156,0.020332998246885836,145.7706250002957
balance,200,multistation_rep,42,42,42,t00417-c00196,196,417,6,0,False,0,,,,,
balance,200,multistation_rep,42,42,42,t00418-c00196,196,418,2,0,False,0,,,,,
balance,200,multistation_rep,42,42,42,t00419-c00196,196,419,6,0,False,0,,,,,
balance,200,multistation_rep,42,42,42,t00420-c00007,7,420,6,3,True,1,53.039750004245434,206.88291700207628,15.036249998956919,0.017124999430961907,221.93629200046416
balance,200,multistation_rep,42,42,42,t00420-c00196,196,420,3,0,False,0,,,,,
balance,200,multistation_rep,42,42,42,t00421-c00085,85,421,5,3,True,1,118.14291699556634,273.2265419981559,44.156042000395246,0.023708002117928118,317.40629200066905
balance,200,multistation_rep,42,42,42,t00421-c00196,196,421,3,0,False,0,,,,,
balance,200,multistation_rep,42,42,42,t00422-c00196,196,422,3,0,False,0,,,,,
balance,200,multistation_rep,42,42,42,t00423-c00112,112,423,3,1,True,1,51.227459000074305,51.227459000074305,191.7972910014214,0.015208999684546143,243.03995900118025
balance,200,multistation_rep,42,42,42,t00423-c00196,196,423,8,1,True,1,227.47087500465568,227.47087500465568,15.585791996272746,0.005374997272156179,243.06204199820058
balance,200,multistation_rep,42,42,42,t00424-c00008,8,424,5,0,False,0,,,,,
balance,200,multistation_rep,42,42,42,t00424-c00169,169,424,3,1,True,1,122.46725000295555,122.46725000295555,34.08220799610717,0.02104200393659994,156.57050000299932
balance,200,multistation_rep,42,42,42,t00425-c00008,8,425,7,0,False,0,,,,,
balance,200,multistation_rep,42,42,42,t00425-c00041,41,425,5,4,True,1,59.38158299977658,662.0715000026394,0.022207997972145677,0.01575000351294875,662.1094580041245
balance,200,multistation_rep,42,42,42,t00425-c00146,146,425,3,1,True,1,87.14799999870593,87.14799999870593,574.9950000026729,0.00549999822396785,662.1484999996028
balance,200,multistation_rep,42,42,42,t00426-c00008,8,426,6,0,False,0,,,,,
balance,200,multistation_rep,42,42,42,t00426-c00009,9,426,5,5,True,1,126.41316700319294,796.5199580066837,0.021624997316394,0.014500001270789653,796.5560830052709
balance,200,multistation_rep,42,42,42,t00426-c00104,104,426,6,4,True,1,278.3445829991251,796.4812079953845,0.11558400001376867,0.007041002390906215,796.6038329977891
balance,200,multistation_rep,42,42,42,t00427-c00008,8,427,6,0,False,0,,,,,
balance,200,multistation_rep,42,42,42,t00427-c00156,156,427,5,5,True,1,142.88241699978244,1050.4499589951592,0.03125000512227416,0.014040997484698892,1050.4952499977662
balance,200,multistation_rep,42,42,42,t00428-c00008,8,428,10,0,False,0,,,,,
balance,200,multistation_rep,42,42,42,t00428-c00102,102,428,7,7,True,1,112.86587500217138,428.29450000135694,0.029000002541579306,0.013958000636193901,428.3374580045347
balance,200,multistation_rep,42,42,42,t00429-c00008,8,429,4,0,False,0,,,,,
balance,200,multistation_rep,42,42,42,t00430-c00008,8,430,11,0,False,0,,,,,
balance,200,multistation_rep,42,42,42,t00430-c00126,126,430,9,6,True,1,171.51374999957625,950.7442499962053,128.72691699885763,0.02041600237134844,1079.4915829974343
balance,200,multistation_rep,42,42,42,t00430-c00147,147,430,6,6,True,1,26.243624997732695,1050.7537910016254,28.772958998160902,0.007875001756474376,1079.5346250015427
balance,200,multistation_rep,42,42,42,t00431-c00008,8,431,8,0,False,0,,,,,
balance,200,multistation_rep,42,42,42,t00432-c00008,8,432,8,0,False,0,,,,,
balance,200,multistation_rep,42,42,42,t00432-c00083,83,432,5,5,True,1,80.27887500065845,1036.1146249997546,95.2329159990768,0.03041699528694153,1131.3779579941183
balance,200,multistation_rep,42,42,42,t00432-c00121,121,432,2,1,True,1,459.9827920028474,459.9827920028474,671.4386669991654,0.006707996362820268,1131.4281669983757
balance,200,multistation_rep,42,42,42,t00432-c00129,129,432,12,3,True,1,554.1161670043948,765.356084004452,366.0779999991064,0.0054159972933121026,1131.4395000008517
balance,200,multistation_rep,42,42,42,t00433-c00008,8,433,6,0,False,0,,,,,
balance,200,multistation_rep,42,42,42,t00433-c00018,18,433,8,7,True,1,461.1977919994388,3886.9326249987353,151.64375000313157,0.023458000214304775,4038.599833002081
balance,200,multistation_rep,42,42,42,t00433-c00129,129,433,7,1,True,1,4020.81445800286,4020.81445800286,17.820374996517785,0.006708003638777882,4038.6415410030168
balance,200,multistation_rep,42,42,42,t00433-c00173,173,433,12,12,True,1,461.12137499585515,3886.856416000228,151.8046669953037,0.008041999535635114,4038.6691249950672
balance,200,multistation_rep,42,42,42,t00433-c00197,197,433,9,9,True,1,461.09120800247183,3886.826583002403,151.84004200273193,0.005333000444807112,4038.6719580055797
balance,200,multistation_rep,42,42,42,t00434-c00008,8,434,9,0,False,0,,,,,
balance,200,multistation_rep,42,42,42,t00434-c00017,17,434,9,7,True,1,76.25750000443077,426.8541660057963,199.36474999849452,0.016166995919775218,626.2350830002106
balance,200,multistation_rep,42,42,42,t00434-c00129,129,434,6,2,True,1,257.560416997876,626.1541669955477,0.1259580021724105,0.00541700137546286,626.2855419990956
balance,200,multistation_rep,42,42,42,t00435-c00008,8,435,4,0,False,0,,,,,
balance,200,multistation_rep,42,42,42,t00435-c00017,17,435,6,2,True,1,402.47837499919115,416.6190830001142,452.9352090030443,0.01424999936716631,869.5685420025256
balance,200,multistation_rep,42,42,42,t00435-c00057,57,435,3,3,True,1,21.262750000460073,694.2542090037023,175.3818329962087,0.007041999197099358,869.6430839991081
balance,200,multistation_rep,42,42,42,t00435-c00099,99,435,8,8,True,1,67.3185419946094,742.7394170008483,126.90695799392415,0.007417002052534372,869.653791996825
balance,200,multistation_rep,42,42,42,t00435-c00148,148,435,4,4,True,1,135.88295799854677,869.4375409977511,0.20741700427606702,0.004791996616404504,869.6497499986435
balance,200,multistation_rep,42,42,42,t00436-c00008,8,436,4,0,False,0,,,,,
balance,200,multistation_rep,42,42,42,t00437-c00008,8,437,3,0,False,0,,,,,
balance,200,multistation_rep,42,42,42,t00438-c00008,8,438,6,0,False,0,,,,,
balance,200,multistation_rep,42,42,42,t00440-c00077,77,440,4,4,True,1,263.74720800231444,1125.8830829974613,0.020792002032976598,0.01666600292082876,1125.9205410024151
balance,200,multistation_rep,42,42,42,t00440-c00106,106,440,10,5,True,1,81.52029199845856,678.6286669957917,447.3282500039204,0.007582995749544352,1125.9644999954617
balance,200,multistation_rep,42,42,42,t00440-c00144,144,440,6,6,True,1,48.19829200278036,963.377792002575,162.58512499916833,0.006458001735154539,1125.9693750034785
balance,200,multistation_rep,42,42,42,t00441-c00144,144,441,6,4,True,1,61.77145800029393,442.0312500005821,30.23333300370723,0.022291998902801424,472.2868750031921
balance,200,multistation_rep,42,42,42,t00442-c00122,122,442,7,7,True,1,81.20220900309505,760.4764589996194,16.463583000586368,0.02099999983329326,776.961042000039
balance,200,multistation_rep,42,42,42,t00442-c00151,151,442,7,2,True,1,252.72099999710917,619.5939159952104,157.40629200445255,0.006666996341664344,777.0068749960046
balance,200,multistation_rep,42,42,42,t00443-c00017,17,443,6,2,True,1,241.87545900349505,837.449500002549,1193.4776669950224,0.021625004592351615,2030.9487920021638
balance,200,multistation_rep,42,42,42,t00443-c00024,24,443,5,5,True,1,518.0702079960611,1602.9722909952397,428.03750000166474,0.008374998287763447,2031.0181659951922
balance,200,multistation_rep,42,42,42,t00443-c00028,28,443,13,13,True,1,89.34191699518124,2005.738708001445,25.28804199391743,0.007875001756474376,2031.034624997119
balance,200,multistation_rep,42,42,42,t00443-c00029,29,443,6,6,True,1,37.439542000356596,1841.489582999202,189.53829199745087,0.005542002327274531,2031.03341699898
balance,200,multistation_rep,42,42,42,t00443-c00047,47,443,4,0,False,0,,,,,
balance,200,multistation_rep,42,42,42,t00443-c00113,113,443,6,3,True,1,241.71170900081052,837.2854170011124,1193.706582998857,0.004084002284798771,2030.996084002254
balance,200,multistation_rep,42,42,42,t00443-c00151,151,443,6,2,True,1,517.9120419998071,615.8774590003304,1415.1025410028524,0.003999994078185409,2030.983999997261
balance,200,multistation_rep,42,42,42,t00444-c00017,17,444,6,2,True,1,91.1944589970517,330.547249999654,334.0596670022933,0.025207998987752944,664.632125000935
balance,200,multistation_rep,42,42,42,t00444-c00024,24,444,5,5,True,1,175.8170829998562,617.0829999973648,47.59383299824549,0.008458999218419194,664.6852919948287
balance,200,multistation_rep,42,42,42,t00444-c00038,38,444,5,2,True,1,438.3774999951129,504.12008299463196,160.55629200127441,0.005540998245123774,664.6819159941515
balance,200,multistation_rep,42,42,42,t00444-c00047,47,444,4,0,False,0,,,,,
balance,200,multistation_rep,42,42,42,t00445-c00038,38,445,3,2,True,1,224.22612499940442,299.8049159941729,28.2558750041062,0.01750000228639692,328.0782910005655
balance,200,multistation_rep,42,42,42,t00445-c00047,47,445,4,0,False,0,,,,,
balance,200,multistation_rep,42,42,42,t00445-c00121,121,445,5,3,True,1,34.08679200219922,119.52454200218199,208.5674999980256,0.006624999514315277,328.0986669997219
balance,200,multistation_rep,42,42,42,t00446-c00038,38,446,13,9,True,1,73.56720799725736,731.4616659932653,19.026917005248833,0.019582999811973423,750.5081659983261
balance,200,multistation_rep,42,42,42,t00446-c00044,44,446,4,1,True,1,166.02337500080466,166.02337500080466,584.5112909955787,0.005667003279086202,750.5403329996625
balance,200,multistation_rep,42,42,42,t00446-c00047,47,446,4,0,False,0,,,,,
balance,200,multistation_rep,42,42,42,t00447-c00047,47,447,8,3,True,1,81.0201669955859,178.28633399767568,14.618916000472382,0.01737500133458525,192.92262499948265
balance,200,multistation_rep,42,42,42,t00449-c00014,14,449,7,4,True,1,255.03174999903422,1307.9534580028849,15.744707998237573,0.02183399919886142,1323.7200000003213
balance,200,multistation_rep,42,42,42,t00449-c00015,15,449,4,0,False,0,,,,,
balance,200,multistation_rep,42,42,42,t00449-c00127,127,449,5,5,True,1,407.8212079984951,1164.4836659979774,159.24158400594024,0.007208000170066953,1323.7324580040877
balance,200,multistation_rep,42,42,42,t00450-c00015,15,450,4,0,False,0,,,,,
balance,200,multistation_rep,42,42,42,t00451-c00015,15,451,3,1,True,1,332.22258399473503,332.22258399473503,200.8797910020803,0.011791998986154795,533.1141669958015
balance,200,multistation_rep,42,42,42,t00451-c00178,178,451,4,4,True,1,45.34333299670834,533.0437079974217,0.11100000119768083,0.007250004273373634,533.1619580028928
balance,200,multistation_rep,42,42,42,t00451-c00181,181,451,8,8,True,1,74.06629100296414,473.2867909988272,59.86750000010943,0.006042006134521216,533.1603330050712
balance,200,multistation_rep,42,42,42,t00452-c00157,157,452,3,1,True,1,770.5895839972072,770.5895839972072,647.879500000272,0.018915998225566,1418.4879999957047
balance,200,multistation_rep,42,42,42,t00452-c00192,192,452,6,6,True,1,46.07079199922737,1418.401916998846,0.1253750015166588,0.008417002391070127,1418.5357090027537
balance,200,multistation_rep,42,42,42,t00452-c00194,194,452,6,6,True,1,46.03983300330583,1418.3712910016766,0.15512500249315053,0.004583998816087842,1418.5310000029858
balance,200,multistation_rep,42,42,42,t00453-c00105,105,453,7,5,True,1,93.94566599803511,456.6103329998441,0.025291999918408692,0.016083002265077084,456.6517080020276
balance,200,multistation_rep,42,42,42,t00453-c00194,194,453,10,7,True,1,16.299708004225977,383.3332080030232,73.35312500072177,0.008208000508602709,456.69454100425355
balance,200,multistation_rep,42,42,42,t00454-c00064,64,454,7,7,True,1,220.52479199919617,1920.028166998236,81.57166599994525,0.015833997167646885,2001.6156669953489
balance,200,multistation_rep,42,42,42,t00454-c00128,128,454,6,6,True,1,310.04195800051093,2001.5337500008172,0.11304100189590827,0.007208996976260096,2001.6539999996894
balance,200,multistation_rep,42,42,42,t00454-c00133,133,454,7,7,True,1,310.009374996298,1839.0455419939826,162.5975830029347,0.00549999822396785,2001.6486249951413
balance,200,multistation_rep,42,42,42,t00454-c00135,135,454,7,6,True,1,514.0335420001065,1000.8041670007515,1000.8370409996132,0.005125002644490451,2001.6463330030092
balance,200,multistation_rep,42,42,42,t00454-c00150,150,454,11,8,True,1,220.3853329992853,1898.5277910032892,103.103541994642,0.0045000051613897085,2001.6358330030926
balance,200,multistation_rep,42,42,42,t00456-c00177,177,456,4,3,True,1,20.010499996715225,89.59237499948358,13.226041999587324,0.022958003683015704,102.84137500275392
balance,200,multistation_rep,42,42,42,t00458-c00000,0,458,3,3,True,1,28.9128329968662,72.8837909991853,0.012416996469255537,0.013500000932253897,72.9097079965868
balance,200,multistation_rep,42,42,42,t00459-c00113,113,459,13,11,True,1,22.495958997751586,271.0547500028042,0.028166999982204288,0.014332996215671301,271.0972499990021
balance,200,multistation_rep,42,42,42,t00460-c00116,116,460,4,3,True,1,58.01633300143294,136.06375000381377,0.022915999579709023,0.014375000318977982,136.10104100371245
balance,200,multistation_rep,42,42,42,t00461-c00078,78,461,3,2,True,1,271.61475000320934,298.97524999978486,44.47829200216802,0.028041999030392617,343.4815840009833
balance,200,multistation_rep,42,42,42,t00461-c00121,121,461,9,5,True,1,75.61516699934145,328.44741699955193,15.100541997526307,0.008082999556791037,343.55604199663503
balance,200,multistation_rep,42,42,42,t00462-c00078,78,462,4,2,True,1,205.37741700536571,363.3956670018961,0.022624997654929757,0.01737500133458525,363.4356670008856
balance,200,multistation_rep,42,42,42,t00464-c00018,18,464,7,6,True,1,182.69724999845494,822.3986250013695,0.020916995708830655,0.017291000403929502,822.4368329974823
balance,200,multistation_rep,42,42,42,t00464-c00085,85,464,8,5,True,1,182.65045800217194,822.3520410028868,0.1249999986612238,0.007875001756474376,822.4849160033045
balance,200,multistation_rep,42,42,42,t00465-c00005,5,465,7,5,True,1,194.40079199557658,968.4164579957724,0.01654199877521023,0.015167002857197076,968.4481669974048
balance,200,multistation_rep,42,42,42,t00465-c00067,67,465,3,3,True,1,119.48999999731313,546.4497919965652,422.0339579987922,0.006583999493159354,968.4903339948505
balance,200,multistation_rep,42,42,42,t00465-c00115,115,465,6,6,True,1,119.45712499436922,935.5856669935747,32.90200000628829,0.0056249991757795215,968.4932919990388
balance,200,multistation_rep,42,42,42,t00466-c00170,170,466,9,7,True,1,52.72583400073927,236.74450000544311,0.028999995265621692,0.016167003195732832,236.78966700390447
balance,200,multistation_rep,42,42,42,t00469-c00160,160,469,7,7,True,1,47.84987500170246,233.91491600341396,0.029374998121056706,0.016250000044237822,233.96054100157926
balance,200,multistation_rep,42,42,42,t00470-c00020,20,470,8,8,True,1,89.86995799932629,586.60716599843,0.023041997337713838,0.017750004190020263,586.6479579999577
balance,200,multistation_rep,42,42,42,t00472-c00047,47,472,6,4,True,1,71.64962500246475,226.30300000309944,15.840082996874116,0.02425000275252387,242.16733300272608
balance,200,multistation_rep,42,42,42,t00473-c00047,47,473,6,4,True,1,109.38170900044497,249.71375000313856,212.93137499742443,0.02195900015067309,462.66708400071366
balance,200,multistation_rep,42,42,42,t00473-c00081,81,473,12,12,True,1,33.28204099670984,448.06179099396104,14.645499999460299,0.009917006536852568,462.7172079999582
balance,200,multistation_rep,42,42,42,t00474-c00081,81,474,3,3,True,1,16.73908299562754,96.64499999780674,0.019166996935382485,0.012666001566685736,96.6768329963088
balance,200,multistation_rep,42,42,42,t00475-c00064,64,475,9,9,True,1,105.804792001436,1099.8507080003037,0.025459004973527044,0.01733299723127857,1099.8935000025085
balance,200,multistation_rep,42,42,42,t00475-c00069,69,475,11,11,True,1,105.76750000473112,1019.9854169986793,79.95070800097892,0.00904199987417087,1099.9451669995324
balance,200,multistation_rep,42,42,42,t00476-c00053,53,476,9,5,True,1,172.58791699714493,672.9919170029461,0.020332998246885836,0.015291996533051133,673.0275419977261
balance,200,multistation_rep,42,42,42,t00476-c00096,96,476,3,3,True,1,33.62841600028332,566.8859160068678,106.17024999373825,0.006624999514315277,673.0627910001203
balance,200,multistation_rep,42,42,42,t00476-c00105,105,476,3,2,True,1,110.52341599861393,615.3327909996733,57.71883400302613,0.004707995685748756,673.0563329983852
balance,200,multistation_rep,42,42,42,t00477-c00146,146,477,7,1,True,1,151.12645799672464,151.12645799672464,16.01604200550355,0.022332998923957348,167.16483300115215
balance,200,multistation_rep,42,42,42,t00478-c00068,68,478,4,4,True,1,36.38258299906738,270.825125000556,0.018999999156221747,0.015458004781976342,270.8595830044942
balance,200,multistation_rep,42,42,42,t00478-c00146,146,478,7,1,True,1,186.13491599535337,186.13491599535337,84.77050000510644,0.006333997589536011,270.91174999804934
balance,200,multistation_rep,42,42,42,t00479-c00068,68,479,3,1,True,1,277.34304199839244,277.34304199839244,0.019999999494757503,0.014125005691312253,277.3771670035785
balance,200,multistation_rep,42,42,42,t00479-c00157,157,479,5,1,True,1,277.295874999254,277.295874999254,0.11354099842719734,0.006583999493159354,277.41599999717437
balance,200,multistation_rep,42,42,42,t00480-c00118,118,480,4,3,True,1,326.71108299837215,1617.9658330001985,0.02600000152597204,0.016083999071270227,1618.0079170007957
balance,200,multistation_rep,42,42,42,t00480-c00145,145,480,8,8,True,1,72.0389999987674,1617.9294579997077,0.1450829950044863,0.007499998901039362,1618.0820409936132
balance,200,multistation_rep,42,42,42,t00480-c00182,182,480,6,4,True,1,663.9863750024233,1430.3047499997774,187.76712500402937,0.004999994416721165,1618.0768749982235
balance,200,multistation_rep,42,42,42,t00481-c00112,112,481,3,0,False,0,,,,,
balance,200,multistation_rep,42,42,42,t00481-c00118,118,481,4,3,True,1,147.94824999989942,553.9057079949998,0.027750000299420208,0.013834003766532987,553.9472919990658
balance,200,multistation_rep,42,42,42,t00481-c00145,145,481,6,3,True,1,59.86437500541797,492.96187500294764,61.02416700014146,0.006832997314631939,553.9928750004037
balance,200,multistation_rep,42,42,42,t00482-c00051,51,482,4,4,True,1,137.88358299643733,861.0243329967489,0.02075000520562753,0.017416998161934316,861.0625000001164
balance,200,multistation_rep,42,42,42,t00482-c00112,112,482,8,1,True,1,632.8414590025204,632.8414590025204,228.25995799939847,0.006082998879719526,861.1075000007986
balance,200,multistation_rep,42,42,42,t00484-c00150,150,484,8,6,True,1,286.5125000025728,625.3482910033199,0.03024999750778079,0.01737500133458525,625.3959160021623
balance,200,multistation_rep,42,42,42,t00484-c00179,179,484,4,4,True,1,77.6975000044331,625.3062079995289,0.13245900481706485,0.005707996024284512,625.4443750003702
balance,200,multistation_rep,42,42,42,t00485-c00025,25,485,3,1,True,1,295.961083000293,295.961083000293,275.22133300226415,0.014500001270789653,571.1969160038279
balance,200,multistation_rep,42,42,42,t00485-c00150,150,485,10,5,True,1,122.88562500179978,571.1207919957815,0.12550000246847048,0.007041999197099358,571.253333997447
balance,200,multistation_rep,42,42,42,t00485-c00179,179,485,4,1,True,1,55.156708003778476,55.156708003778476,516.0883339995053,0.004415996954776347,571.2494580002385
balance,200,multistation_rep,42,42,42,t00486-c00025,25,486,3,1,True,1,225.30050000204938,225.30050000204938,92.30770800058963,0.026166999305132776,317.63437500194414
balance,200,multistation_rep,42,42,42,t00486-c00170,170,486,7,4,True,1,48.45400000340305,287.98804200050654,29.68979100114666,0.007959002687130123,317.6857920043403
balance,200,multistation_rep,42,42,42,t00486-c00178,178,486,1,1,True,1,265.08112500596326,265.08112500596326,52.59924999700161,0.004832996637560427,317.6852079996024
balance,200,multistation_rep,42,42,42,t00487-c00186,186,487,4,3,True,1,21.834457998920698,79.52274999843212,13.788916003250051,0.02129199856426567,93.33295800024644
balance,200,multistation_rep,42,42,42,t00488-c00077,77,488,6,6,True,1,60.11758300155634,700.2592920034658,0.024582994228694588,0.016208003216888756,700.3000830009114
balance,200,multistation_rep,42,42,42,t00488-c00111,111,488,3,3,True,1,187.26549999701092,586.1096250009723,114.23604100127704,0.006374997610691935,700.35204099986
balance,200,multistation_rep,42,42,42,t00488-c00186,186,488,3,1,True,1,412.50200000649784,412.50200000649784,287.83870799816214,0.004499997885432094,700.3452080025454
balance,200,multistation_rep,42,42,42,t00489-c00077,77,489,6,6,True,1,338.3000419999007,841.5466250007739,0.024834000214468688,0.01937500201165676,841.590834003
balance,200,multistation_rep,42,42,42,t00489-c00130,130,489,4,1,True,1,338.2618329997058,338.2618329997058,503.36608399811666,0.007458002073690295,841.6353749998962
balance,200,multistation_rep,42,42,42,t00490-c00089,89,490,3,2,True,1,213.07662500476,312.22175000584684,115.43404099938925,0.013791999663226306,427.6695830048993
balance,200,multistation_rep,42,42,42,t00490-c00128,128,490,4,4,True,1,48.50016599812079,427.5918749990524,0.110041000880301,0.007124996045604348,427.7090409959783
balance,200,multistation_rep,42,42,42,t00491-c00121,121,491,4,0,False,0,,,,,
balance,200,multistation_rep,42,42,42,t00492-c00121,121,492,4,0,False,0,,,,,
balance,200,multistation_rep,42,42,42,t00492-c00192,192,492,3,3,True,1,42.58733399910852,163.05037499842,15.502875001402572,0.01958400389412418,178.5728340037167
balance,200,multistation_rep,42,42,42,t00493-c00024,24,493,6,5,True,1,103.75412499706727,582.9183749956428,0.018292004824616015,0.017541999113745987,582.9542089995812
balance,200,multistation_rep,42,42,42,t00493-c00121,121,493,4,0,False,0,,,,,
balance,200,multistation_rep,42,42,42,t00494-c00055,55,494,7,6,True,1,55.8566250037984,226.08079200290376,15.054082999995444,0.020332998246885836,241.1552080011461
balance,200,multistation_rep,42,42,42,t00494-c00121,121,494,4,0,False,0,,,,,
balance,200,multistation_rep,42,42,42,t00495-c00121,121,495,4,0,False,0,,,,,
balance,200,multistation_rep,42,42,42,t00496-c00063,63,496,5,5,True,1,43.20924999774434,314.18795799982036,0.022209002054296434,0.019540995708666742,314.2297079975833
balance,200,multistation_rep,42,42,42,t00496-c00121,121,496,3,1,True,1,174.36291700141737,174.36291700141737,139.8890830023447,0.005959002010058612,314.25795900577214
balance,200,multistation_rep,42,42,42,t00498-c00167,167,498,3,3,True,1,39.99304200260667,119.23745900276117,0.023790998966433108,0.012958997103851289,119.27420899883145
balance,200,multistation_rep,42,42,42,t00500-c00143,143,500,4,4,True,1,73.93816699914169,368.43812499864725,0.02704199869185686,0.017250000382773578,368.4824169977219
balance,200,multistation_rep,42,42,42,t00502-c00135,135,502,4,0,False,0,,,,,
balance,200,multistation_rep,42,42,42,t00503-c00037,37,503,11,10,True,1,74.08720799867297,620.5507919949014,15.478750006877817,0.01962499663932249,636.0491669984185
balance,200,multistation_rep,42,42,42,t00503-c00135,135,503,4,0,False,0,,,,,
balance,200,multistation_rep,42,42,42,t00504-c00065,65,504,3,2,True,1,61.31199999799719,326.81816699914634,16.039166002883576,0.01816699659684673,342.87549999862676
balance,200,multistation_rep,42,42,42,t00504-c00135,135,504,6,2,True,1,164.8311669996474,274.1272499988554,68.78195900208084,0.0069160014390945435,342.91612500237534
balance,200,multistation_rep,42,42,42,t00505-c00062,62,505,7,5,True,1,26.697916000557598,161.7581250029616,0.014707999071106315,0.011083000572398305,161.7839160026051
balance,200,multistation_rep,42,42,42,t00506-c00062,62,506,7,2,True,1,389.6631250026985,546.2979590010946,0.019874998542945832,0.01304100442212075,546.3308750040596
balance,200,multistation_rep,42,42,42,t00506-c00131,131,506,11,11,True,1,34.99079200264532,515.6814170040889,30.69541699369438,0.008082999556791037,546.38491699734
balance,200,multistation_rep,42,42,42,t00507-c00023,23,507,5,4,True,1,323.95554200047627,947.2932499993476,92.30183399631642,0.013374999980442226,1039.6084589956445
balance,200,multistation_rep,42,42,42,t00507-c00062,62,507,7,2,True,1,989.4898329948774,1039.5373749997816,0.10312499944120646,0.005832996976096183,1039.646332996199
balance,200,multistation_rep,42,42,42,t00507-c00090,90,507,8,5,True,1,72.21241700608516,896.9061669995426,142.7332080056658,0.005374997272156179,1039.6447500024806
balance,200,multistation_rep,42,42,42,t00513-c00176,176,513,10,10,True,1,205.9978749966831,901.9827079973766,0.03279200609540567,0.01783299376256764,902.0333329972345
balance,200,multistation_rep,42,42,42,t00513-c00190,190,513,7,7,True,1,55.63662500208011,820.4711669968674,81.60412500001257,0.00795800588093698,902.0832500027609
balance,200,multistation_rep,42,42,42,t00514-c00190,190,514,5,5,True,1,47.422707997611724,309.9089579991414,0.029374998121056706,0.015417004760820419,309.9537500020233
balance,200,multistation_rep,42,42,42,t00515-c00068,68,515,5,2,True,1,256.76212499820394,350.50991600292036,0.01733399403747171,0.014583005395252258,350.5418330023531
balance,200,multistation_rep,42,42,42,t00515-c00182,182,515,4,2,True,1,33.10212500218768,142.62316600070335,207.9505000001518,0.007041999197099358,350.58070800005225
balance,200,multistation_rep,42,42,42,t00516-c00040,40,516,3,1,True,1,268.8844589938526,268.8844589938526,291.69637500308454,0.015124998753890395,560.595958995691
balance,200,multistation_rep,42,42,42,t00516-c00103,103,516,3,2,True,1,24.543874998926185,437.6104580005631,123.03670799883548,0.007709000783506781,560.6548750001821
balance,200,multistation_rep,42,42,42,t00516-c00182,182,516,8,5,True,1,145.19483299955027,560.4814580001403,0.16841699834913015,0.00695799826644361,560.6568329967558
balance,200,multistation_rep,42,42,42,t00517-c00006,6,517,6,4,True,1,131.446125000366,367.8743749987916,0.015915997209958732,0.015666999388486147,367.90595799539005
balance,200,multistation_rep,42,42,42,t00517-c00166,166,517,3,3,True,1,37.57716700056335,306.3574170009815,61.608165997313336,0.006042006134521216,367.97162500442937
balance,200,multistation_rep,42,42,42,t00518-c00006,6,518,7,1,True,1,191.0518750009942,191.0518750009942,157.0110839966219,0.012750002497341484,348.0757090001134
balance,200,multistation_rep,42,42,42,t00518-c00165,165,518,4,4,True,1,37.776042001496535,347.9996250025579,0.10754200047813356,0.0061250029830262065,348.11329200601904
balance,200,multistation_rep,42,42,42,t00519-c00165,165,519,3,1,True,1,37.7680000019609,37.7680000019609,13.147208002919797,0.013333999959286302,50.92854200483998
balance,200,multistation_rep,42,42,42,t00520-c00050,50,520,6,4,True,1,31.83033299865201,825.3438329993514,0.0199169953702949,0.016083002265077084,825.3798329969868
balance,200,multistation_rep,42,42,42,t00520-c00155,155,520,8,7,True,1,219.10475000186125,732.1492089977255,93.27987500000745,0.009166004019789398,825.4382500017527
balance,200,multistation_rep,42,42,42,t00521-c00142,142,521,13,13,True,1,70.4249999980675,1530.4594579938566,0.03466700582066551,0.018124999769497663,1530.5122499994468
balance,200,multistation_rep,42,42,42,t00521-c00198,198,521,7,4,True,1,296.8411250039935,1365.2520420000656,165.29916600120487,0.006834001396782696,1530.5580420026672
balance,200,multistation_rep,42,42,42,t00522-c00043,43,522,6,1,True,1,129.42358299915213,129.42358299915213,0.013959004718344659,0.013874996511731297,129.4514170003822
balance,200,multistation_rep,42,42,42,t00523-c00043,43,523,7,2,True,1,135.3591660008533,287.1452079998562,0.017124999430961907,0.014417004422284663,287.17675000370946
balance,200,multistation_rep,42,42,42,t00524-c00040,40,524,5,3,True,1,108.99683400202775,268.3142499954556,138.86670900683384,0.014915996871422976,407.1958749991609
balance,200,multistation_rep,42,42,42,t00524-c00060,60,524,5,5,True,1,53.07495799934259,407.1188749949215,0.11704100325005129,0.007083996024448425,407.242999994196
balance,200,multistation_rep,42,42,42,t00525-c00149,149,525,3,2,True,1,61.294666993489955,177.28595799417235,12.322542002948467,0.020082996343262494,189.62858299346408
balance,200,multistation_rep,42,42,42,t00528-c00092,92,528,3,2,True,1,102.0460829968215,334.9415409975336,79.25233399873832,0.013791002857033163,414.20766599912895
balance,200,multistation_rep,42,42,42,t00528-c00123,123,528,3,3,True,1,102.00720799912233,414.1333749939804,0.10491600551176816,0.005916997906751931,414.2442079973989
balance,200,multistation_rep,42,42,42,t00529-c00063,63,529,3,2,True,1,33.07412499998463,72.9026659973897,14.32116700016195,0.021833002392668277,87.24566599994432
balance,200,multistation_rep,42,42,42,t00530-c00025,25,530,4,3,True,1,62.785082998743746,239.92749999888474,16.07262500328943,0.014749995898455381,256.0148749980726
balance,200,multistation_rep,42,42,42,t00531-c00199,199,531,5,5,True,1,23.673000003327616,308.93208400084404,0.030415998480748385,0.012834003427997231,308.9753340027528
balance,200,multistation_rep,42,42,42,t00532-c00172,172,532,9,9,True,1,57.10545900365105,507.6149169981363,0.03095800639130175,0.01816699659684673,507.66404200112447
balance,200,multistation_rep,42,42,42,t00536-c00002,2,536,3,3,True,1,344.9780830051168,1664.174625002488,290.5677079979796,0.016208003216888756,1954.7585410036845
balance,200,multistation_rep,42,42,42,t00536-c00077,77,536,10,8,True,1,148.0353329970967,1954.6823330019834,0.11029199959011748,0.007458002073690295,1954.8000830036472
balance,200,multistation_rep,42,42,42,t00536-c00090,90,536,3,1,True,1,1598.6164170026314,1598.6164170026314,356.17591699701734,0.004458001058083028,1954.7967920007068
balance,200,multistation_rep,42,42,42,t00537-c00167,167,537,3,3,True,1,32.05254199565388,355.13487499702023,13.104375000693835,0.017416998161934316,368.256666995876
balance,200,multistation_rep,42,42,42,t00537-c00185,185,537,12,4,True,1,67.83437500416767,203.94841700181132,164.34662500250852,0.006707996362820268,368.30175000068266
balance,200,multistation_rep,42,42,42,t00540-c00010,10,540,5,4,True,1,83.42220899794484,375.46295899664983,0.01575000351294875,0.01608299498911947,375.4947919951519
balance,200,multistation_rep,42,42,42,t00541-c00082,82,541,5,4,True,1,24.278166994918138,119.34170799941057,13.928166998084635,0.014208002539817244,133.28408300003503
balance,200,multistation_rep,42,42,42,t00542-c00036,36,542,5,5,True,1,30.939167001633905,325.9396249995916,0.01966700074262917,0.015249999705702066,325.97454200003995
balance,200,multistation_rep,42,42,42,t00543-c00054,54,543,7,1,True,1,461.4132089991472,461.4132089991472,372.20279100438347,0.013791999663226306,833.6297920031939
balance,200,multistation_rep,42,42,42,t00543-c00059,59,543,4,4,True,1,97.24533400003565,833.559583996248,0.11316600284771994,0.0064589985413476825,833.679208997637
balance,200,multistation_rep,42,42,42,t00543-c00074,74,543,6,6,True,1,97.2141250022105,833.5284999993746,0.1430830016033724,0.004958004865329713,833.6765410058433
balance,200,multistation_rep,42,42,42,t00544-c00054,54,544,7,1,True,1,309.2270409979392,309.2270409979392,151.37450000474928,0.01912500010803342,460.6206660027965
balance,200,multistation_rep,42,42,42,t00544-c00093,93,544,5,5,True,1,24.47625000058906,431.9243749996531,28.73216699663317,0.006791000487282872,460.66333299677353
balance,200,multistation_rep,42,42,42,t00544-c00106,106,544,4,0,False,0,,,,,
balance,200,multistation_rep,42,42,42,t00545-c00106,106,545,4,0,False,0,,,,,
balance,200,multistation_rep,42,42,42,t00545-c00124,124,545,3,2,True,1,104.39654199581128,295.3302919995622,13.444124997477047,0.01599999814061448,308.79041699517984
balance,200,multistation_rep,42,42,42,t00546-c00106,106,546,4,0,False,0,,,,,
balance,200,multistation_rep,42,42,42,t00547-c00106,106,547,4,0,False,0,,,,,
balance,200,multistation_rep,42,42,42,t00548-c00106,106,548,4,0,False,0,,,,,
balance,200,multistation_rep,42,42,42,t00548-c00180,180,548,8,8,True,1,63.02904200128978,365.8693329998641,13.378625000768807,0.01587499718880281,379.26383299782174
balance,200,multistation_rep,42,42,42,t00549-c00106,106,549,4,0,False,0,,,,,
balance,200,multistation_rep,42,42,42,t00550-c00106,106,550,4,0,False,0,,,,,
balance,200,multistation_rep,42,42,42,t00551-c00106,106,551,4,0,False,0,,,,,
balance,200,multistation_rep,42,42,42,t00551-c00153,153,551,7,3,True,1,102.93208300572587,239.3660420057131,13.804915994114708,0.01766700006555766,253.18862499989336
balance,200,multistation_rep,42,42,42,t00552-c00024,24,552,7,3,True,1,170.31025000324007,541.7727919993922,12.841458003094885,0.018999999156221747,554.6332500016433
balance,200,multistation_rep,42,42,42,t00552-c00106,106,552,7,2,True,1,278.44629200262716,452.0691670040833,102.59049999876879,0.006458001735154539,554.6661250045872
balance,200,multistation_rep,42,42,42,t00552-c00154,154,552,6,2,True,1,49.60054099501576,219.58812499360647,335.0736249994952,0.005000001692678779,554.6667499947944
balance,200,multistation_rep,42,42,42,t00553-c00190,190,553,3,2,True,1,75.19404199410928,158.81312499550404,0.028333000955171883,0.015709003491792828,158.857166999951
balance,200,multistation_rep,42,42,42,t00555-c00171,171,555,9,9,True,1,68.86699999449775,416.4872919936897,0.02937500539701432,0.014416997146327049,416.53108399623306
balance,200,multistation_rep,42,42,42,t00556-c00110,110,556,7,7,True,1,60.230584000237286,248.03666700609028,0.02420799864921719,0.01358399458695203,248.07445899932645
balance,200,multistation_rep,42,42,42,t00558-c00068,68,558,7,3,True,1,68.32766700244974,164.9572079986683,30.723542004125193,0.01629199687158689,195.6970419996651
balance,200,multistation_rep,42,42,42,t00560-c00039,39,560,7,6,True,1,48.62100000173086,244.14599999727216,0.01875000452855602,0.013124998076818883,244.17787499987753
balance,200,multistation_rep,42,42,42,t00561-c00075,75,561,12,5,True,1,222.19604199926835,696.2701250013197,41.92337499989662,0.014375000318977982,738.2078750015353
balance,200,multistation_rep,42,42,42,t00561-c00087,87,561,7,7,True,1,47.103000004426576,738.133958002436,0.10858300083782524,0.007124996045604348,738.2496659993194
balance,200,multistation_rep,42,42,42,t00562-c00114,114,562,7,5,True,1,25.924083005520515,137.83725000394043,0.018250000721309334,0.011416996130719781,137.86691700079245
balance,200,multistation_rep,42,42,42,t00563-c00159,159,563,6,6,True,1,383.4986250003567,2034.5053330020164,0.03229200228815898,0.016874997527338564,2034.554500001832
balance,200,multistation_rep,42,42,42,t00563-c00184,184,563,4,4,True,1,383.46012500551296,2034.4667919998756,0.1173330019810237,0.006374997610691935,2034.5904999994673
balance,200,multistation_rep,42,42,42,t00563-c00191,191,563,5,5,True,1,383.4272499952931,2034.434124994732,0.14483400445897132,0.0051249953685328364,2034.5840839945595
balance,200,multistation_rep,42,42,42,t00565-c00181,181,565,5,5,True,1,27.19483300461434,165.36479200294707,0.025125002139247954,0.013249999028630555,165.40316700411495
balance,200,multistation_rep,42,42,42,t00567-c00013,13,567,0,0,False,0,,,,,
balance,200,multistation_rep,42,42,42,t00568-c00013,13,568,9,8,True,1,58.50579199614003,548.9082079948275,0.016834004782140255,0.014165998436510563,548.9392079980462
balance,200,multistation_rep,42,42,42,t00568-c00187,187,568,7,6,True,1,32.258457998977974,529.443249994074,19.535083003574982,0.006417001713998616,548.984749999363
balance,200,multistation_rep,42,42,42,t00569-c00013,13,569,12,5,True,1,119.07729099766584,250.70862499705981,0.017416001355741173,0.015459001588169485,250.74150000000373
balance,200,multistation_rep,42,42,42,t00569-c00081,81,569,3,3,True,1,51.57320899888873,215.05312499357387,35.73300000425661,0.007041999197099358,250.79316699702758
balance,200,multistation_rep,42,42,42,t00570-c00098,98,570,7,4,True,1,78.77749999897787,366.27887500071665,0.02141699951607734,0.013290999049786478,366.3135829992825
balance,200,multistation_rep,42,42,42,t00570-c00175,175,570,3,2,True,1,200.57475000066916,227.08604099898366,139.25000000017462,0.005959002010058612,366.34200000116834
balance,200,multistation_rep,42,42,42,t00571-c00046,46,571,5,0,False,0,,,,,
balance,200,multistation_rep,42,42,42,t00571-c00074,74,571,4,4,True,1,51.280292005685624,347.37012500409037,0.023707994841970503,0.013459000911097974,347.40729199984344
balance,200,multistation_rep,42,42,42,t00571-c00175,175,571,3,2,True,1,187.3936669944669,286.68083399679745,60.76529099664185,0.006042006134521216,347.4521669995738
balance,200,multistation_rep,42,42,42,t00572-c00045,45,572,7,7,True,1,61.54283399519045,736.8047919953824,0.02020800457103178,0.01629199687158689,736.841291996825
balance,200,multistation_rep,42,42,42,t00572-c00046,46,572,5,0,False,0,,,,,
balance,200,multistation_rep,42,42,42,t00572-c00162,162,572,5,4,True,1,93.36762499879114,606.3350830008858,130.51820900000166,0.007041002390906215,736.8603330032784
balance,200,multistation_rep,42,42,42,t00572-c00175,175,572,3,2,True,1,495.9002909963601,539.6966659973259,197.15758399979677,0.005375004548113793,736.8596250016708
balance,200,multistation_rep,42,42,42,t00573-c00046,46,573,6,1,True,1,425.93679200217593,425.93679200217593,710.6324580017827,0.01641699782339856,1136.585667001782
balance,200,multistation_rep,42,42,42,t00573-c00048,48,573,16,14,True,1,85.4199170062202,1113.5940830063191,23.039708998112474,0.009999996109399945,1136.643792000541
balance,200,multistation_rep,42,42,42,t00574-c00002,2,574,3,3,True,1,59.73058399831643,362.2693340003025,38.70420799648855,0.013417004083748907,400.9869590008748
balance,200,multistation_rep,42,42,42,t00574-c00027,27,574,5,2,True,1,122.32912499894155,202.05770900065545,198.95849999738857,0.006458001735154539,401.0226669997792
balance,200,multistation_rep,42,42,42,t00574-c00180,180,574,5,4,True,1,122.28350000077626,400.8728750050068,0.13916599709773436,0.005292000423651189,401.0173330025282
balance,200,multistation_rep,42,42,42,t00576-c00174,174,576,6,5,True,1,86.19916700263275,738.1196670030477,44.089165996410884,0.017042002582456917,782.225875002041
balance,200,multistation_rep,42,42,42,t00576-c00184,184,576,6,6,True,1,86.1612079970655,782.1404999995138,0.12737500219373032,0.007041999197099358,782.2749170009047
balance,200,multistation_rep,42,42,42,t00578-c00033,33,578,6,6,True,1,51.060333993518725,263.0814169970108,0.019999999494757503,0.016208003216888756,263.11762499972247
balance,200,multistation_rep,42,42,42,t00578-c00034,34,578,3,2,True,1,108.72141700383509,229.37070899934042,33.78295800212072,0.006832997314631939,263.1604999987758
balance,200,multistation_rep,42,42,42,t00579-c00034,34,579,6,5,True,1,160.69066699856194,1229.5938339957502,0.019166000129189342,0.016167003195732832,1229.629166999075
balance,200,multistation_rep,42,42,42,t00579-c00120,120,579,3,2,True,1,271.37908399890875,984.3571669989615,245.31212500005495,0.006750000466126949,1229.6760419994825
balance,200,multistation_rep,42,42,42,t00579-c00183,183,579,6,2,True,1,271.34166700125206,697.7992080064723,531.8660419943626,0.005125002644490451,1229.6703750034794
balance,200,multistation_rep,42,42,42,t00579-c00198,198,579,4,4,True,1,134.8655410038191,1196.2167500023497,33.44362499774434,0.005125002644490451,1229.6655000027386
balance,200,multistation_rep,42,42,42,t00580-c00137,137,580,1,1,True,1,28.451250000216532,28.451250000216532,690.6449169982807,0.014458004443440586,719.1106250029407
balance,200,multistation_rep,42,42,42,t00580-c00198,198,580,4,4,True,1,158.9849169977242,719.0282079973258,0.12512499961303547,0.007834001735318452,719.1611669986742
balance,200,multistation_rep,42,42,42,t00581-c00032,32,581,3,3,True,1,132.99537500279257,465.6160410013399,0.016874997527338564,0.014667006325908005,465.64758300519316
balance,200,multistation_rep,42,42,42,t00581-c00141,141,581,3,1,True,1,89.29583300050581,89.29583300050581,376.37516699760454,0.006000002031214535,465.67700000014156
balance,200,multistation_rep,42,42,42,t00581-c00198,198,581,3,1,True,1,399.69591699627927,399.69591699627927,65.98358300107066,0.004583998816087842,465.684083996166
balance,200,multistation_rep,42,42,42,t00582-c00081,81,582,3,3,True,1,56.3789590014494,159.31662500224775,0.017541999113745987,0.012249998690094799,159.3464170000516
balance,200,multistation_rep,42,42,42,t00582-c00141,141,582,3,1,True,1,44.998375000432134,44.998375000432134,114.36687500099652,0.005540998245123774,159.37079099967377
balance,200,multistation_rep,42,42,42,t00583-c00001,1,583,7,4,True,1,89.72508300212212,232.06858300545719,63.258666996262036,0.023250002413988113,295.3505000041332
balance,200,multistation_rep,42,42,42,t00583-c00005,5,583,3,1,True,1,269.27958400483476,269.27958400483476,26.10104099585442,0.01200000406242907,295.3926250047516
balance,200,multistation_rep,42,42,42,t00584-c00066,66,584,9,5,True,1,55.41320799966343,266.5535420019296,14.657207997515798,0.015291996533051133,281.22604199597845
balance,200,multistation_rep,42,42,42,t00585-c00066,66,585,8,1,True,1,134.6601670011296,134.6601670011296,0.014582998119294643,0.014583005395252258,134.68933300464414
balance,200,multistation_rep,42,42,42,t00586-c00088,88,586,3,0,False,0,,,,,
balance,200,multistation_rep,42,42,42,t00587-c00088,88,587,3,0,False,0,,,,,
balance,200,multistation_rep,42,42,42,t00588-c00071,71,588,7,1,True,1,706.9399579995661,706.9399579995661,16.90345899987733,0.02083300205413252,723.8642500014976
balance,200,multistation_rep,42,42,42,t00588-c00088,88,588,9,4,True,1,211.22299999842653,633.076499994786,90.82162500271806,0.00841599830891937,723.906540995813
balance,200,multistation_rep,42,42,42,t00589-c00088,88,589,7,3,True,1,115.78683299740078,277.1116660005646,30.389708997972775,0.018207996618002653,307.51958299515536
balance,200,multistation_rep,42,42,42,t00590-c00113,113,590,3,2,True,1,303.4534159960458,765.0471659944742,403.2510420001927,0.013958000636193901,1168.312165995303
balance,200,multistation_rep,42,42,42,t00590-c00119,119,590,16,16,True,1,163.23070799990091,1168.2360000049812,0.11945799633394927,0.010250005288980901,1168.365708006604
balance,200,multistation_rep,42,42,42,t00590-c00125,125,590,6,4,True,1,126.74783299735282,1005.5181670031743,162.83866599405883,0.005917005182709545,1168.3627500024159
balance,200,multistation_rep,42,42,42,t00591-c00004,4,591,5,5,True,1,54.42012500134297,587.408207997214,14.871667000988964,0.02391599991824478,602.3037909981213
balance,200,multistation_rep,42,42,42,t00591-c00061,61,591,3,1,True,1,352.6906249971944,352.6906249971944,249.64449999970384,0.005917005182709545,602.3410420020809
balance,200,multistation_rep,42,42,42,t00594-c00189,189,594,3,3,True,1,14.558999995642807,121.44362500112038,0.0299159946735017,0.014500001270789653,121.48804099706467
balance,200,multistation_rep,42,42,42,t00596-c00154,154,596,3,3,True,1,121.0252919991035,344.0912079968257,0.027250003768131137,0.015124998753890395,344.1335829993477
balance,200,multistation_rep,42,42,42,t00597-c00058,58,597,7,5,True,1,192.56087499525165,819.183832994895,13.405334000708535,0.017291000403929502,832.6064579960075
balance,200,multistation_rep,42,42,42,t00597-c00146,146,597,14,6,True,1,192.51524999708636,662.38699999667,170.26395800348837,0.006041998858563602,832.656999999017
balance,200,multistation_rep,42,42,42,t00598-c00058,58,598,8,6,True,1,157.24437500466593,868.3683749986812,13.536167003621813,0.018500002624932677,881.923042004928
balance,200,multistation_rep,42,42,42,t00598-c00146,146,598,9,4,True,1,157.20049999799812,772.9415419962606,109.02454100141767,0.006834001396782696,881.9729169990751
balance,200,multistation_rep,42,42,42,t00599-c00187,187,599,6,5,True,1,106.99749999912456,563.3650829986436,16.7860000001383,0.01962499663932249,580.1707079954213
balance,200,multistation_rep,42,42,42,t00601-c00005,5,601,3,2,True,1,692.0593329996336,757.8672910021851,395.08099999511614,0.017459002265240997,1152.9657499995665
balance,200,multistation_rep,42,42,42,t00601-c00108,108,601,9,9,True,1,84.1349589973106,1152.8918339972734,0.12241600052220747,0.00866700429469347,1153.0229170020903
balance,200,multistation_rep,42,42,42,t00601-c00117,117,601,8,8,True,1,105.91183399810689,976.3551670039305,176.6623749936116,0.0062920007621869445,1153.0238339983043
balance,200,multistation_rep,42,42,42,t00602-c00117,117,602,6,6,True,1,28.699875001620967,741.6405000039958,0.024124994524754584,0.016333004168700427,741.6809580026893
balance,200,multistation_rep,42,42,42,t00602-c00159,159,602,5,4,True,1,62.60358299914515,634.218791994499,107.4990830020397,0.006750000466126949,741.7246249970049
balance,200,multistation_rep,42,42,42,t00603-c00018,18,603,4,3,True,1,190.9269169991603,778.324958999292,125.23554099607281,0.015541998436674476,903.5760419938015
balance,200,multistation_rep,42,42,42,t00603-c00019,19,603,14,8,True,1,107.32529199594865,903.5037919966271,0.11729200195986778,0.00875000114319846,903.6298339997302
balance,200,multistation_rep,42,42,42,t00604-c00052,52,604,5,4,True,1,94.52195800258778,295.47154199826764,0.01925000105984509,0.014707999071106315,295.5054999983986
balance,200,multistation_rep,42,42,42,t00605-c00139,139,605,12,7,True,1,64.44824999925913,395.13229099975433,0.02516699896659702,0.014083001588005573,395.17154100030893
balance,200,multistation_rep,42,42,42,t00607-c00030,30,607,12,8,True,1,51.96925000200281,612.7827090022038,8.373500000743661,0.018457998521625996,621.1746670014691
balance,200,multistation_rep,42,42,42,t00607-c00053,53,607,7,3,True,1,99.47437499795342,512.9427919964655,108.2743750012014,0.00695799826644361,621.2241249959334
balance,200,multistation_rep,42,42,42,t00608-c00007,7,608,4,3,True,1,42.9025840057875,351.28712500591064,50.34141699434258,0.012333002814557403,401.6408750030678
balance,200,multistation_rep,42,42,42,t00608-c00030,30,608,7,4,True,1,92.06170900142752,401.5752500054077,0.0958339951466769,0.006250003934837878,401.67733400448924
balance,200,multistation_rep,42,42,42,t00609-c00001,1,609,6,2,True,1,74.52400000329362,148.6892920001992,45.111666004231665,0.01750000228639692,193.81845800671726
balance,200,multistation_rep,42,42,42,t00612-c00134,134,612,11,7,True,1,226.86541599978227,1350.1624159980565,89.5322920041508,0.015332996554207057,1439.7100409987615
balance,200,multistation_rep,42,42,42,t00612-c00138,138,612,7,5,True,1,226.8278330011526,1439.6290829972713,0.11125000310130417,0.006541995389852673,1439.7468749957625
balance,200,multistation_rep,42,42,42,t00613-c00049,49,613,6,6,True,1,31.953042001987342,326.4500420045806,13.47183299367316,0.017583006410859525,339.93945800466463
balance,200,multistation_rep,42,42,42,t00613-c00141,141,613,5,0,False,0,,,,,
balance,200,multistation_rep,42,42,42,t00613-c00168,168,613,4,1,True,1,90.85912499722326,90.85912499722326,249.0778749997844,0.006207999831531197,339.9432079968392
balance,200,multistation_rep,42,42,42,t00614-c00084,84,614,7,6,True,1,51.861125000868924,208.6997079968569,0.0195419997908175,0.01383299968438223,208.7330829963321
balance,200,multistation_rep,42,42,42,t00614-c00141,141,614,3,0,False,0,,,,,
balance,200,multistation_rep,42,42,42,t00615-c00120,120,615,4,4,True,1,68.51779200223973,256.2128749996191,0.023042004613671452,0.015082994650583714,256.25099999888334
balance,200,multistation_rep,42,42,42,t00615-c00141,141,615,5,0,False,0,,,,,
balance,200,multistation_rep,42,42,42,t00616-c00141,141,616,5,0,False,0,,,,,
balance,200,multistation_rep,42,42,42,t00617-c00098,98,617,11,8,True,1,154.20304099825444,1153.260582999792,0.025291999918408692,0.017958001990336925,1153.3038330017007
balance,200,multistation_rep,42,42,42,t00617-c00107,107,617,3,3,True,1,24.02045800408814,968.3925830031512,184.96379199496005,0.006207999831531197,1153.3625829979428
balance,200,multistation_rep,42,42,42,t00617-c00141,141,617,5,0,False,0,,,,,
balance,200,multistation_rep,42,42,42,t00618-c00098,98,618,11,8,True,1,188.8032499991823,2037.7212500025053,0.0274580015684478,0.01858399627963081,2037.7672920003533
balance,200,multistation_rep,42,42,42,t00618-c00107,107,618,3,2,True,1,1295.9232499997597,1637.5589169983868,400.24945799814304,0.006750000466126949,2037.815124996996
balance,200,multistation_rep,42,42,42,t00618-c00141,141,618,3,0,False,0,,,,,
balance,200,multistation_rep,42,42,42,t00618-c00193,193,618,6,6,True,1,69.67958299355814,1807.8424999985145,229.93433300143806,0.005707996024284512,2037.782540995977
balance,200,multistation_rep,42,42,42,t00619-c00141,141,619,4,0,False,0,,,,,
balance,200,multistation_rep,42,42,42,t00620-c00026,26,620,8,8,True,1,43.15008300181944,484.8889170025359,22.364165997714736,0.01979200169444084,507.27287500194507
balance,200,multistation_rep,42,42,42,t00620-c00071,71,620,4,0,False,0,,,,,
balance,200,multistation_rep,42,42,42,t00620-c00076,76,620,5,2,True,1,108.1859580008313,304.60554199817125,202.65850000578212,0.005791000148747116,507.2698330041021
balance,200,multistation_rep,42,42,42,t00620-c00141,141,620,4,0,False,0,,,,,
balance,200,multistation_rep,42,42,42,t00621-c00032,32,621,10,4,True,1,122.78812500153435,1091.5101249993313,121.00316600117367,0.015124998753890395,1212.5284159992589
balance,200,multistation_rep,42,42,42,t00621-c00071,71,621,5,2,True,1,201.23612499446608,502.8844999978901,709.671917000378,0.006582995411008596,1212.562999993679
balance,200,multistation_rep,42,42,42,t00621-c00114,114,621,4,4,True,1,47.16700000426499,1212.415708003391,0.15645899839000776,0.005665999196935445,1212.577833000978
balance,200,multistation_rep,42,42,42,t00621-c00141,141,621,4,0,False,0,,,,,
balance,200,multistation_rep,42,42,42,t00621-c00158,158,621,3,2,True,1,502.78633299603825,1009.5799580012681,202.96445900021354,0.004040994099341333,1212.548457995581
balance,200,multistation_rep,42,42,42,t00622-c00071,71,622,8,4,True,1,154.64679199794773,241.27979199693073,375.36725000245497,0.015082994650583714,616.6621249940363
balance,200,multistation_rep,42,42,42,t00622-c00114,114,622,6,3,True,1,24.00104200205533,526.7679579992546,89.94137500121724,0.006124995707068592,616.7154579961789
balance,200,multistation_rep,42,42,42,t00622-c00141,141,622,4,0,False,0,,,,,
balance,200,multistation_rep,42,42,42,t00622-c00194,194,622,7,5,True,1,46.93099999713013,616.5233329957118,0.15854200319154188,0.005583002348430455,616.6874580012518
balance,200,multistation_rep,42,42,42,t00623-c00071,71,623,4,0,False,0,,,,,
balance,200,multistation_rep,42,42,42,t00623-c00080,80,623,10,10,True,1,57.73800000315532,983.8214170013089,113.33537499740487,0.01766700006555766,1097.1744589987793
balance,200,multistation_rep,42,42,42,t00623-c00141,141,623,6,1,True,1,904.439124999044,904.439124999044,192.78091700107325,0.0062920007621869445,1097.2263340008794
balance,200,multistation_rep,42,42,42,t00623-c00163,163,623,5,4,True,1,193.806625000434,1097.0591670047725,0.1577079965500161,0.00549999822396785,1097.2223749995464
balance,200,multistation_rep,42,42,42,t00624-c00071,71,624,4,0,False,0,,,,,
balance,200,multistation_rep,42,42,42,t00625-c00071,71,625,4,0,False,0,,,,,
balance,200,multistation_rep,42,42,42,t00626-c00056,56,626,6,3,True,1,1465.7210419973126,1804.861416996573,101.68091599916806,0.024125001800712198,1906.5664579975419
balance,200,multistation_rep,42,42,42,t00626-c00071,71,626,4,0,False,0,,,,,
balance,200,multistation_rep,42,42,42,t00626-c00148,148,626,3,3,True,1,1465.644208001322,1886.8164580053417,19.759666996833403,0.0070829992182552814,1906.5832080013934
balance,200,multistation_rep,42,42,42,t00627-c00012,12,627,5,4,True,1,24.916875001508743,242.61770799785154,13.274917000671849,0.01937500201165676,255.91200000053504
balance,200,multistation_rep,42,42,42,t00627-c00071,71,627,4,0,False,0,,,,,
balance,200,multistation_rep,42,42,42,t00628-c00071,71,628,4,0,False,0,,,,,
balance,200,multistation_rep,42,42,42,t00629-c00071,71,629,4,0,False,0,,,,,
balance,200,multistation_rep,42,42,42,t00630-c00071,71,630,3,0,False,0,,,,,
balance,200,multistation_rep,42,42,42,t00631-c00003,3,631,6,2,True,1,1062.6284159952775,1634.8891249945154,588.6947079998208,0.016250000044237822,2223.6000829943805
balance,200,multistation_rep,42,42,42,t00631-c00050,50,631,3,2,True,1,62.402125004155096,2059.4719580039964,164.16595799819333,0.006624999514315277,2223.644541001704
balance,200,multistation_rep,42,42,42,t00631-c00066,66,631,6,1,True,1,1942.9227500004345,1942.9227500004345,280.72579100262374,0.005249996320344508,2223.6537909993785
balance,200,multistation_rep,42,42,42,t00631-c00071,71,631,3,0,False,0,,,,,
balance,200,multistation_rep,42,42,42,t00631-c00101,101,631,6,5,True,1,1062.4869170060265,2223.4246250009164,0.1916250039357692,0.005750000127591193,2223.62200000498
balance,200,multistation_rep,42,42,42,t00631-c00122,122,631,3,3,True,1,1657.796708997921,2135.523208999075,88.08850000059465,0.0049579975893720984,2223.616666997259
balance,200,multistation_rep,42,42,42,t00631-c00189,189,631,7,6,True,1,1155.5077919983887,2135.4919169971254,88.11762500408804,0.004082998202648014,2223.613624999416
balance,200,multistation_rep,42,42,42,t00632-c00050,50,632,3,2,True,1,38.29870800109347,1310.167707997607,310.7008750012028,0.013625001884065568,1620.882208000694
balance,200,multistation_rep,42,42,42,t00632-c00071,71,632,7,1,True,1,1620.8117089990992,1620.8117089990992,0.11045800056308508,0.006458001735154539,1620.9286250013974
balance,200,multistation_rep,42,42,42,t00632-c00116,116,632,5,1,True,1,1587.4946670010104,1587.4946670010104,33.44241599552333,0.004334004188422114,1620.9414170007221
balance,200,multistation_rep,42,42,42,t00632-c00179,179,632,11,8,True,1,286.08233299746644,1559.4665829994483,61.47008400148479,0.006000002031214535,1620.9426670029643
balance,200,multistation_rep,42,42,42,t00632-c00189,189,632,7,5,True,1,286.0540830006357,1121.2349999987055,499.69687499833526,0.004375004209578037,1620.9362500012503
balance,200,multistation_rep,42,42,42,t00633-c00071,71,633,3,1,True,1,12.8340829978697,12.8340829978697,21.702166995964944,0.013374999980442226,34.54962499381509
balance,200,multistation_rep,42,42,42,t00634-c00041,41,634,11,8,True,1,72.7181250040303,603.1232500026817,0.021708001440856606,0.01758299913490191,603.1625410032575
balance,200,multistation_rep,42,42,42,t00635-c00000,0,635,9,9,True,1,43.72137499740347,266.3279580010567,0.01733399403747171,0.016625002899672836,266.36191699799383
balance,200,multistation_rep,42,42,42,t00636-c00132,132,636,5,3,True,1,82.22537500114413,383.30945799680194,0.023459004296455532,0.014915996871422976,383.3478329979698
balance,200,multistation_rep,42,42,42,t00637-c00104,104,637,4,4,True,1,12.107374997867737,104.15591600030893,0.01766700006555766,0.012999997125007212,104.1865829974995
balance,200,multistation_rep,42,42,42,t00640-c00047,47,640,3,2,True,1,124.68841699592303,155.79220799554605,446.63254199986113,0.013208002201281488,602.4379579976085
balance,200,multistation_rep,42,42,42,t00640-c00086,86,640,5,5,True,1,124.64787499629892,444.4543749996228,158.02966699993704,0.007499998901039362,602.4915419984609
balance,200,multistation_rep,42,42,42,t00640-c00102,102,640,9,9,True,1,22.3309170032735,602.3309590018471,0.15204100054688752,0.006791997293476015,602.4897919996874
balance,200,multistation_rep,42,42,42,t00641-c00047,47,641,3,1,True,1,12.19604200014146,12.19604200014146,20.468749993597157,0.012042000889778137,32.676833994628396
balance,200,multistation_rep,42,42,42,t00642-c00047,47,642,7,4,True,1,145.89754099870333,848.0568749946542,12.349458003882319,0.01612499909242615,860.422457997629
balance,200,multistation_rep,42,42,42,t00642-c00096,96,642,10,10,True,1,145.85829200223088,815.6835830013733,44.786792001104914,0.008999995770864189,860.4793749982491
balance,200,multistation_rep,42,42,42,t00642-c00107,107,642,9,5,True,1,145.8262919986737,617.7148749993648,242.7584580000257,0.005750000127591193,860.4790829995181
balance,200,multistation_rep,42,42,42,t00647-c00038,38,647,4,3,True,1,426.2823329991079,1207.4722920006025,0.020540996047202498,0.015584002539981157,1207.5084169991896
balance,200,multistation_rep,42,42,42,t00647-c00125,125,647,8,6,True,1,112.19337500369875,1207.4301250031567,0.12458399578463286,0.012291005987208337,1207.5670000049286
balance,200,multistation_rep,42,42,42,t00649-c00089,89,649,6,4,True,1,93.53141600149684,251.25829100579722,0.018916995031759143,0.01375000283587724,251.29095800366485
balance,200,multistation_rep,42,42,42,t00650-c00089,89,650,6,2,True,1,120.38133299938636,220.6738749955548,0.01841600169427693,0.014917000953573734,220.70720799820265
balance,200,multistation_rep,42,42,42,t00651-c00089,89,651,7,5,True,1,57.99875000229804,272.2639589992468,22.600208001676947,0.01562500256113708,294.8797920034849
balance,200,multistation_rep,42,42,42,t00651-c00100,100,651,3,1,True,1,186.6987089961185,186.6987089961185,108.20441599935293,0.00583400105824694,294.9089589965297
balance,200,multistation_rep,42,42,42,t00652-c00092,92,652,3,1,True,1,62.142709000909235,62.142709000909235,0.010666000889614224,0.008875002095010132,62.16225000389386
balance,200,multistation_rep,42,42,42,t00652-c00196,196,652,3,1,True,1,8.76770900504198,8.76770900504198,53.39624999760417,0.005374997272156179,62.16933399991831
balance,200,multistation_rep,42,42,42,t00654-c00001,1,654,7,1,True,1,437.1921660058433,437.1921660058433,422.90670899819816,0.012874996173195541,860.1117500002147
balance,200,multistation_rep,42,42,42,t00654-c00013,13,654,4,3,True,1,215.53720800147858,860.0515830039512,0.09649999992689118,0.007000002369750291,860.1550830062479
balance,200,multistation_rep,42,42,42,t00654-c00101,101,654,6,4,True,1,48.260458002914675,860.0176660038414,0.13116699847159907,0.004833003913518041,860.1536660062266
balance,200,multistation_rep,42,42,42,t00655-c00009,9,655,8,8,True,1,156.62895899731666,584.2936249973718,0.01929200516315177,0.018332997569814324,584.3312500001048
balance,200,multistation_rep,42,42,42,t00655-c00136,136,655,5,4,True,1,52.33079200115753,456.3353339981404,128.05574999947567,0.00804100272944197,584.3991250003455
balance,200,multistation_rep,42,42,42,t00656-c00009,9,656,11,9,True,1,59.95920800341992,850.5553330032853,0.018541999452281743,0.016582998796366155,850.590458001534
balance,200,multistation_rep,42,42,42,t00656-c00152,152,656,3,2,True,1,173.4687499993015,500.8761249991949,349.76787499908824,0.006166999810375273,850.6501669980935
balance,200,multistation_rep,42,42,42,t00657-c00009,9,657,8,5,True,1,84.43637500022305,1872.1670000013546,0.01883300137706101,0.017624995962250978,1872.203457998694
balance,200,multistation_rep,42,42,42,t00657-c00109,109,657,6,6,True,1,22.86183400428854,1536.9041250014561,335.3559589959332,0.0074160052463412285,1872.2675000026356
balance,200,multistation_rep,42,42,42,t00657-c00129,129,657,5,3,True,1,449.3897919965093,1872.0846669966704,0.17829200078267604,0.0047909998102113605,1872.2677499972633
balance,200,multistation_rep,42,42,42,t00657-c00140,140,657,7,7,True,1,193.7562910025008,1403.4752910010866,468.78737500082934,0.005542002327274531,1872.2682080042432
balance,200,multistation_rep,42,42,42,t00657-c00195,195,657,6,4,True,1,741.552874998888,1493.9467090007383,378.3121660017059,0.004374996933620423,1872.2632499993779
balance,200,multistation_rep,42,42,42,t00658-c00009,9,658,3,2,True,1,77.73108400579076,386.0992090048967,285.94387500197627,0.014540994015987962,672.057625000889
balance,200,multistation_rep,42,42,42,t00658-c00052,52,658,3,2,True,1,165.47200000059092,214.3688750002184,457.7157090025139,0.005832996976096183,672.0904169997084
balance,200,multistation_rep,42,42,42,t00658-c00109,109,658,6,6,True,1,110.30137499619741,671.9490830000723,0.1445419984520413,0.006290996680036187,672.0999159952044
balance,200,multistation_rep,42,42,42,t00659-c00052,52,659,3,2,True,1,51.565041998401284,102.38549999485258,82.21166700241156,0.02625000342959538,184.62341700069373
balance,200,multistation_rep,42,42,42,t00659-c00141,141,659,9,0,False,0,,,,,
balance,200,multistation_rep,42,42,42,t00660-c00141,141,660,5,0,False,0,,,,,
balance,200,multistation_rep,42,42,42,t00660-c00163,163,660,3,2,True,1,25.89375000388827,64.97870900057023,46.709791000466794,0.018624996300786734,111.70712499733781
balance,200,multistation_rep,42,42,42,t00661-c00032,32,661,3,2,True,1,60.379041999112815,765.4156249991502,198.87300000118557,0.012958997103851289,964.3015839974396
balance,200,multistation_rep,42,42,42,t00661-c00105,105,661,7,3,True,1,298.8397909939522,809.7577079970506,154.5867079985328,0.005916997906751931,964.3503329934902
balance,200,multistation_rep,42,42,42,t00661-c00141,141,661,6,0,False,0,,,,,
balance,200,multistation_rep,42,42,42,t00661-c00193,193,661,12,8,True,1,177.60350000025937,964.155749999918,0.16116700135171413,0.006624999514315277,964.3235420007841
balance,200,multistation_rep,42,42,42,t00662-c00032,32,662,8,2,True,1,150.8818340007565,371.25162500160513,70.12966700131074,0.014874996850267053,441.39616699976614
balance,200,multistation_rep,42,42,42,t00662-c00105,105,662,4,4,True,1,46.93641699850559,441.3223340015975,0.10137500066775829,0.006750000466126949,441.43045900273137
balance,200,multistation_rep,42,42,42,t00662-c00141,141,662,5,0,False,0,,,,,
balance,200,multistation_rep,42,42,42,t00663-c00079,79,663,9,9,True,1,64.62629100133199,563.6360830030753,0.02487500023562461,0.018082995666190982,563.6790409989771
balance,200,multistation_rep,42,42,42,t00663-c00105,105,663,5,4,True,1,24.565874999098014,347.277832996042,216.44341700448422,0.007208000170066953,563.7284580006963
balance,200,multistation_rep,42,42,42,t00663-c00141,141,663,4,0,False,0,,,,,
balance,200,multistation_rep,42,42,42,t00664-c00141,141,664,4,0,False,0,,,,,
balance,200,multistation_rep,42,42,42,t00664-c00164,164,664,7,7,True,1,103.10829200170701,946.6496250024647,0.03337499947519973,0.01695800165180117,946.6999580035917
balance,200,multistation_rep,42,42,42,t00665-c00141,141,665,5,0,False,0,,,,,
balance,200,multistation_rep,42,42,42,t00665-c00169,169,665,13,6,True,1,111.27000000124099,375.2953750008601,0.03162500070175156,0.012874996173195541,375.339874997735
balance,200,multistation_rep,42,42,42,t00666-c00021,21,666,6,6,True,1,409.62608299741987,1204.6341250024852,0.01733299723127857,0.015167002857197076,1204.6666250025737
balance,200,multistation_rep,42,42,42,t00666-c00022,22,666,3,3,True,1,388.43174999783514,1066.4298330011661,138.25937500223517,0.006833994120825082,1204.6960419975221
balance,200,multistation_rep,42,42,42,t00666-c00034,34,666,3,2,True,1,388.39795799867716,879.4736249983544,325.2081660029944,0.0039590013329871,1204.6857500026817
balance,200,multistation_rep,42,42,42,t00666-c00141,141,666,8,2,True,1,468.31495800142875,514.5267920015613,690.1472079989617,0.004207999154459685,1204.6782079996774
balance,200,multistation_rep,42,42,42,t00667-c00107,107,667,7,3,True,1,61.318624997511506,244.90091700135963,178.13241700059734,0.01420799526385963,423.04754199722083
balance,200,multistation_rep,42,42,42,t00667-c00179,179,667,5,4,True,1,137.20954200107371,422.9678750052699,0.1311249943682924,0.006709000444971025,423.10570900008315
balance,200,multistation_rep,42,42,42,t00668-c00086,86,668,4,4,True,1,165.12979199615074,1121.502458001487,13.317874996573664,0.018833998183254153,1134.8391669962439
balance,200,multistation_rep,42,42,42,t00668-c00107,107,668,10,4,True,1,144.9751659965841,514.7656659974018,620.1153750007506,0.006834001396782696,1134.8878749995492
balance,200,multistation_rep,42,42,42,t00668-c00134,134,668,6,5,True,1,65.19458300317638,1028.2536660015467,106.62608400161844,0.006041002052370459,1134.8857910052175
balance,200,multistation_rep,42,42,42,t00669-c00015,15,669,7,3,True,1,51.42275000252994,195.82762500067474,47.29275000136113,0.018999999156221747,243.1393750011921
balance,200,multistation_rep,42,42,42,t00669-c00017,17,669,6,2,True,1,76.15749999968102,160.65854199405294,82.50620800390607,0.005875001079402864,243.1706249990384
balance,200,multistation_rep,42,42,42,t00670-c00017,17,670,4,1,True,1,30.625708001025487,30.625708001025487,58.90975000511389,0.01266699837287888,89.54812500451226
balance,200,multistation_rep,42,42,42,t00670-c00170,170,670,3,2,True,1,8.93187500332715,58.920792005665135,30.65124999557156,0.006082998879719526,89.57812500011642
balance,200,multistation_rep,42,42,42,t00671-c00017,17,671,3,1,True,1,19.716875001904555,19.716875001904555,370.85366700193845,0.011999996786471456,390.5825420006295
balance,200,multistation_rep,42,42,42,t00671-c00099,99,671,8,8,True,1,100.5981670023175,390.5129999984638,0.12320800306042656,0.008499999239575118,390.6447080007638
balance,200,multistation_rep,42,42,42,t00672-c00189,189,672,8,3,True,1,102.99391699663829,226.44991699780803,0.027250003768131137,0.01491699367761612,226.49208399525378
balance,200,multistation_rep,42,42,42,t00674-c00133,133,674,7,7,True,1,41.1631250026403,251.96462500025518,0.02504199801478535,0.013625001884065568,252.00329200015403
balance,200,multistation_rep,42,42,42,t00676-c00067,67,676,5,5,True,1,93.54175000044052,418.8953330012737,0.02195800334447995,0.015499994333367795,418.93279099895153
balance,200,multistation_rep,42,42,42,t00676-c00158,158,676,5,2,True,1,63.350000003993046,327.2471250020317,91.72450000187382,0.006040994776412845,418.9776659986819
balance,200,multistation_rep,42,42,42,t00676-c00160,160,676,4,4,True,1,141.63483399897814,368.15950000163866,50.80716699740151,0.0054580013966187835,418.9721250004368
balance,200,multistation_rep,42,42,42,t00677-c00035,35,677,5,5,True,1,15.345583000453189,1394.5534579979721,98.5017080020043,0.01870899723144248,1493.073874997208
balance,200,multistation_rep,42,42,42,t00677-c00065,65,677,9,7,True,1,87.85270900261821,1492.9947499986156,0.11758400069084018,0.007791000825818628,1493.1201250001322
balance,200,multistation_rep,42,42,42,t00677-c00096,96,677,9,6,True,1,345.3596249964903,1394.4757919962285,98.63616600341629,0.00549999822396785,1493.1174579978688
balance,200,multistation_rep,42,42,42,t00678-c00017,17,678,3,1,True,1,46.37158399418695,46.37158399418695,1426.6943330003414,0.01591700129210949,1473.0818339958205
balance,200,multistation_rep,42,42,42,t00678-c00041,41,678,5,5,True,1,210.1137080026092,1473.0032500010566,0.11433300096541643,0.009374998626299202,1473.1269580006483
balance,200,multistation_rep,42,42,42,t00678-c00043,43,678,6,3,True,1,453.9119170003687,1370.8346670027822,102.27983300137566,0.00620899663772434,1473.1207090007956
balance,200,multistation_rep,42,42,42,t00678-c00096,96,678,7,4,True,1,620.3097499965224,1131.0811250004917,342.0319159995415,0.005666996003128588,1473.1187079960364
balance,200,multistation_rep,42,42,42,t00678-c00156,156,678,4,4,True,1,155.2191250011674,1370.7457089985837,102.35458300303435,0.005207999492995441,1473.105500001111
balance,200,multistation_rep,42,42,42,t00678-c00170,170,678,5,2,True,1,155.18854199763155,660.0878339959309,813.0111659993418,0.004125002305954695,1473.1031249975786
balance,200,multistation_rep,42,42,42,t00679-c00043,43,679,5,2,True,1,312.2241250021034,558.5938750009518,189.33170800301014,0.015791993064340204,747.9413749970263
balance,200,multistation_rep,42,42,42,t00679-c00156,156,679,4,4,True,1,65.67216699477285,747.8614579958958,0.11662500037346035,0.006916998245287687,747.9849999945145
balance,200,multistation_rep,42,42,42,t00680-c00062,62,680,5,1,True,1,104.4447499953094,104.4447499953094,839.6232500017504,0.01770900416886434,944.0857090012287
balance,200,multistation_rep,42,42,42,t00680-c00064,64,680,3,3,True,1,87.91333299450343,806.6588750007213,137.46304199594306,0.008082999556791037,944.1299999962212
balance,200,multistation_rep,42,42,42,t00680-c00156,156,680,6,5,True,1,87.87395899707917,916.3237499960815,27.811500003736,0.006041998858563602,944.141291998676
balance,200,multistation_rep,42,42,42,t00681-c00064,64,681,5,5,True,1,58.034042005601805,336.4211250009248,25.50695900572464,0.01837499439716339,361.9464590010466
balance,200,multistation_rep,42,42,42,t00681-c00156,156,681,6,2,True,1,57.98941699322313,157.75608299736632,204.21708399953786,0.006249996658880264,361.97941699356306
balance,200,multistation_rep,42,42,42,t00682-c00091,91,682,5,5,True,1,100.99245799938217,379.955999997037,23.25408300384879,0.01983399852178991,403.2299169994076
balance,200,multistation_rep,42,42,42,t00682-c00101,101,682,6,2,True,1,28.93637500528712,58.29587500193156,344.96937500080094,0.0070829992182552814,403.27233300195076
balance,200,multistation_rep,42,42,42,t00683-c00175,175,683,4,3,True,1,92.61995799897704,238.15495800226927,0.027209003746975213,0.013499993656296283,238.19566699967254
balance,200,multistation_rep,42,42,42,t00686-c00105,105,686,5,3,True,1,48.19083299662452,261.88325000111945,0.02149999636458233,0.014208002539817244,261.91895800002385
balance,200,multistation_rep,42,42,42,t00689-c00094,94,689,4,3,True,1,265.4672499993467,813.5533339955145,0.021875006495974958,0.015124998753890395,813.5903340007644
balance,200,multistation_rep,42,42,42,t00690-c00063,63,690,5,4,True,1,109.2357079978683,273.17454199510394,0.02050000330200419,0.01529099972685799,273.2103329981328
balance,200,multistation_rep,42,42,42,t00690-c00066,66,690,5,0,False,0,,,,,
balance,200,multistation_rep,42,42,42,t00691-c00066,66,691,10,0,False,0,,,,,
balance,200,multistation_rep,42,42,42,t00692-c00066,66,692,3,0,False,0,,,,,
balance,200,multistation_rep,42,42,42,t00693-c00066,66,693,3,0,False,0,,,,,
balance,200,multistation_rep,42,42,42,t00693-c00090,90,693,7,1,True,1,183.58270899625495,183.58270899625495,100.26529100287007,0.027499998395796865,283.8754999975208
balance,200,multistation_rep,42,42,42,t00693-c00186,186,693,8,2,True,1,67.94183299643919,165.6561249983497,118.27608299790882,0.007000002369750291,283.93920799862826
balance,200,multistation_rep,42,42,42,t00694-c00066,66,694,5,0,False,0,,,,,
balance,200,multistation_rep,42,42,42,t00694-c00082,82,694,8,7,True,1,34.96224999980768,931.3884579969454,134.90145900141215,0.021375002688728273,1066.3112920010462
balance,200,multistation_rep,42,42,42,t00694-c00090,90,694,14,2,True,1,373.31970800005365,555.8168749994365,510.55841599736596,0.007041999197099358,1066.3823329959996
balance,200,multistation_rep,42,42,42,t00694-c00097,97,694,6,6,True,1,125.4683750012191,1054.4140419951873,11.964292003540322,0.006458001735154539,1066.3847920004628
balance,200,multistation_rep,42,42,42,t00695-c00066,66,695,6,0,False,0,,,,,
balance,200,multistation_rep,42,42,42,t00695-c00082,82,695,8,3,True,1,120.64083299628692,1059.5746659964789,81.58016700326698,0.01824999344535172,1141.1730829931912
balance,200,multistation_rep,42,42,42,t00695-c00103,103,695,6,3,True,1,105.45891700166976,1029.123084001185,112.11425000510644,0.007499998901039362,1141.2448340051924
balance,200,multistation_rep,42,42,42,t00695-c00118,118,695,5,1,True,1,959.3070000046282,959.3070000046282,181.93154099571984,0.005000001692678779,1141.2435410020407
balance,200,multistation_rep,42,42,42,t00695-c00197,197,695,5,5,True,1,105.38899999664864,1141.022999996494,0.20983300055377185,0.0054580013966187835,1141.2382909984444
balance,200,multistation_rep,42,42,42,t00696-c00066,66,696,12,0,False,0,,,,,
balance,200,multistation_rep,42,42,42,t00696-c00082,82,696,8,3,True,1,84.48083300027065,394.50387499528006,103.91979099949822,0.014917000953573734,498.43858299573185
balance,200,multistation_rep,42,42,42,t00696-c00109,109,696,5,4,True,1,53.01037499884842,498.3603330038022,0.11533399811014533,0.007875001756474376,498.48354200366884
balance,200,multistation_rep,42,42,42,t00697-c00066,66,697,8,0,False,0,,,,,
balance,200,multistation_rep,42,42,42,t00697-c00109,109,697,5,4,True,1,41.23937500116881,665.6312919949414,11.365583006408997,0.015749996236991137,677.0126249975874
balance,200,multistation_rep,42,42,42,t00697-c00165,165,697,13,4,True,1,202.85587499529356,380.80195899965474,296.2562499960768,0.006583002686966211,677.0647919984185
balance,200,multistation_rep,42,42,42,t00697-c00177,177,697,6,3,True,1,411.72950000327546,549.9649999983376,127.08958399889525,0.005333000444807112,677.0599169976776
balance,200,multistation_rep,42,42,42,t00698-c00066,66,698,8,0,False,0,,,,,
balance,200,multistation_rep,42,42,42,t00698-c00109,109,698,3,2,True,1,42.259166999429,278.7291670028935,15.400999996927567,0.018208003893960267,294.14837500371505
balance,200,multistation_rep,42,42,42,t00698-c00177,177,698,3,1,True,1,174.25920799723826,174.25920799723826,119.93020900263218,0.006374997610691935,294.19579199748114
balance,200,multistation_rep,42,42,42,t00699-c00066,66,699,4,0,False,0,,,,,
balance,200,multistation_rep,42,42,42,t00699-c00126,126,699,7,6,True,1,90.62516700214474,657.1170000024722,0.02824999683070928,0.013374999980442226,657.1586249992833
balance,200,multistation_rep,42,42,42,t00699-c00177,177,699,4,0,False,0,,,,,
balance,200,multistation_rep,42,42,42,t00699-c00185,185,699,7,2,True,1,235.6356250020326,491.6169159987476,165.5455840009381,0.00549999822396785,657.1679999979096
balance,200,multistation_rep,42,42,42,t00700-c00066,66,700,6,0,False,0,,,,,
balance,200,multistation_rep,42,42,42,t00700-c00130,130,700,3,2,True,1,89.33662500203354,253.17374999576714,68.1942080045701,0.02445800055284053,321.3924160008901
balance,200,multistation_rep,42,42,42,t00700-c00177,177,700,4,0,False,0,,,,,
balance,200,multistation_rep,42,42,42,t00701-c00006,6,701,4,0,False,0,,,,,
balance,200,multistation_rep,42,42,42,t00701-c00066,66,701,3,0,False,0,,,,,
balance,200,multistation_rep,42,42,42,t00701-c00096,96,701,4,4,True,1,305.2800829973421,1887.0866670040414,14.53383299667621,0.023708002117928118,1901.6442080028355
balance,200,multistation_rep,42,42,42,t00701-c00100,100,701,6,2,True,1,606.0081659961725,1048.7708750006277,852.930415996525,0.006750000466126949,1901.7080409976188
balance,200,multistation_rep,42,42,42,t00701-c00130,130,701,3,2,True,1,140.70333400013624,1353.3040000038454,548.3975839961204,0.00508299854118377,1901.706666998507
balance,200,multistation_rep,42,42,42,t00701-c00157,157,701,5,1,True,1,305.18020800082013,305.18020800082013,1596.5145000009215,0.004084002284798771,1901.6987920040265
balance,200,multistation_rep,42,42,42,t00701-c00163,163,701,7,6,True,1,228.89070800010813,1686.8794999973034,214.80829100619303,0.005166999471839517,1901.6929580029682
balance,200,multistation_rep,42,42,42,t00701-c00177,177,701,8,1,True,1,1629.2014170030598,1629.2014170030598,272.47658299893374,0.003792003553826362,1901.6817920055473
balance,200,multistation_rep,42,42,42,t00702-c00006,6,702,4,0,False,0,,,,,
balance,200,multistation_rep,42,42,42,t00702-c00066,66,702,3,0,False,0,,,,,
balance,200,multistation_rep,42,42,42,t00702-c00096,96,702,4,4,True,1,142.494291998446,927.7866670017829,0.027790993044618517,0.01525000698165968,927.8297080018092
balance,200,multistation_rep,42,42,42,t00702-c00152,152,702,7,6,True,1,99.52195799996844,711.8396669975482,216.02345800056355,0.006624999514315277,927.8697499976261
balance,200,multistation_rep,42,42,42,t00702-c00177,177,702,4,0,False,0,,,,,
balance,200,multistation_rep,42,42,42,t00703-c00006,6,703,6,2,True,1,344.01216600235784,493.93275000329595,529.3307499960065,0.01833300484577194,1023.2818330041482
balance,200,multistation_rep,42,42,42,t00703-c00066,66,703,3,0,False,0,,,,,
balance,200,multistation_rep,42,42,42,t00703-c00133,133,703,14,14,True,1,78.36545800091699,1006.8817919964204,16.40975000191247,0.009832998330239207,1023.3013749966631
balance,200,multistation_rep,42,42,42,t00703-c00177,177,703,4,0,False,0,,,,,
balance,200,multistation_rep,42,42,42,t00704-c00021,21,704,6,6,True,1,25.66487500007497,1603.891584003577,34.62341600243235,0.019249993783887476,1638.5342499997932
balance,200,multistation_rep,42,42,42,t00704-c00044,44,704,7,3,True,1,106.39133299991954,1603.8516659973538,34.71495900157606,0.006707996362820268,1638.5733329952927
balance,200,multistation_rep,42,42,42,t00704-c00066,66,704,4,0,False,0,,,,,
balance,200,multistation_rep,42,42,42,t00704-c00166,166,704,7,4,True,1,145.47879100427963,1620.3697500022827,18.163207998441067,0.005207999492995441,1638.5381660002167
balance,200,multistation_rep,42,42,42,t00704-c00177,177,704,4,0,False,0,,,,,
balance,200,multistation_rep,42,42,42,t00705-c00016,16,705,10,4,True,1,188.62895799975377,1250.0553330028197,0.016250000044237822,0.015083001926541328,1250.0866660047905
balance,200,multistation_rep,42,42,42,t00705-c00066,66,705,4,0,False,0,,,,,
balance,200,multistation_rep,42,42,42,t00705-c00099,99,705,8,6,True,1,73.72229100292316,1136.2017080027726,113.8896249976824,0.007624999852851033,1250.098958000308
balance,200,multistation_rep,42,42,42,t00705-c00147,147,705,3,3,True,1,29.394707999017555,647.5676659974852,602.5370839997777,0.005333000444807112,1250.1100829977077
balance,200,multistation_rep,42,42,42,t00705-c00177,177,705,8,1,True,1,1136.1348329955945,1136.1348329955945,113.96225000498816,0.003749999450519681,1250.1008330000332
balance,200,multistation_rep,42,42,42,t00706-c00066,66,706,4,0,False,0,,,,,
balance,200,multistation_rep,42,42,42,t00706-c00099,99,706,9,8,True,1,28.221041000506375,1618.9295830045012,18.28912500059232,0.020457999198697507,1637.2391660042922
balance,200,multistation_rep,42,42,42,t00706-c00121,121,706,3,1,True,1,888.6301669990644,888.6301669990644,748.6719160006032,0.0064589985413476825,1637.308541998209
balance,200,multistation_rep,42,42,42,t00706-c00125,125,706,8,6,True,1,254.74491700151702,1580.5228329991223,56.78474999876926,0.005917005182709545,1637.3135000030743
balance,200,multistation_rep,42,42,42,t00707-c00043,43,707,12,4,True,1,92.89999999600695,1379.232957995555,130.2511250032694,0.016792000678833574,1509.5008749995031
balance,200,multistation_rep,42,42,42,t00707-c00066,66,707,3,0,False,0,,,,,
balance,200,multistation_rep,42,42,42,t00707-c00099,99,707,13,12,True,1,225.4804160038475,1509.3856660023448,0.12754199997289106,0.009374998626299202,1509.522583000944
balance,200,multistation_rep,42,42,42,t00707-c00150,150,707,6,3,True,1,326.4371250043041,1442.060625005979,67.45470899477368,0.005375004548113793,1509.520709005301
balance,200,multistation_rep,42,42,42,t00708-c00066,66,708,3,0,False,0,,,,,
balance,200,multistation_rep,42,42,42,t00708-c00070,70,708,7,6,True,1,58.40037499729078,443.94787499913946,0.024583001504652202,0.013999997463542968,443.98645799810765
balance,200,multistation_rep,42,42,42,t00708-c00184,184,708,3,2,True,1,11.736250002286397,315.6295420048991,128.3962499946938,0.006416004907805473,444.0322080045007
balance,200,multistation_rep,42,42,42,t00709-c00064,64,709,12,12,True,1,31.398874998558313,586.9345419996534,11.732624996511731,0.02058300015050918,598.6877499963157
balance,200,multistation_rep,42,42,42,t00709-c00066,66,709,3,0,False,0,,,,,
balance,200,multistation_rep,42,42,42,t00709-c00072,72,709,5,3,True,1,122.03829200007021,272.59933299501427,326.100750004116,0.0064589985413476825,598.7065419976716
balance,200,multistation_rep,42,42,42,t00710-c00032,32,710,9,0,False,0,,,,,
balance,200,multistation_rep,42,42,42,t00710-c00064,64,710,12,12,True,1,43.30508400016697,633.3306249944144,13.248584000393748,0.019541002984624356,646.5987499977928
balance,200,multistation_rep,42,42,42,t00710-c00066,66,710,7,0,False,0,,,,,
balance,200,multistation_rep,42,42,42,t00711-c00032,32,711,9,0,False,0,,,,,
balance,200,multistation_rep,42,42,42,t00711-c00064,64,711,12,12,True,1,42.97045900602825,1309.4807920060703,17.250707998755388,0.023624997993465513,1326.755125002819
balance,200,multistation_rep,42,42,42,t00711-c00066,66,711,3,0,False,0,,,,,
balance,200,multistation_rep,42,42,42,t00711-c00081,81,711,8,8,True,1,92.89370800252073,1287.763291002193,38.99512499629054,0.006624999514315277,1326.7650409979979
balance,200,multistation_rep,42,42,42,t00711-c00113,113,711,4,1,True,1,119.00579199573258,119.00579199573258,1207.7636670001084,0.004375004209578037,1326.7738340000506
balance,200,multistation_rep,42,42,42,t00712-c00066,66,712,3,0,False,0,,,,,
balance,200,multistation_rep,42,42,42,t00712-c00081,81,712,7,7,True,1,29.86316599708516,167.44774999824585,0.025083005311898887,0.013291995855979621,167.48612499941373
balance,200,multistation_rep,42,42,42,t00713-c00066,66,713,5,0,False,0,,,,,
balance,200,multistation_rep,42,42,42,t00714-c00066,66,714,7,0,False,0,,,,,
balance,200,multistation_rep,42,42,42,t00715-c00066,66,715,3,0,False,0,,,,,
balance,200,multistation_rep,42,42,42,t00716-c00046,46,716,3,0,False,0,,,,,
balance,200,multistation_rep,42,42,42,t00716-c00055,55,716,9,7,True,1,36.554040998453274,225.97841599781532,0.020792002032976598,0.01237499964190647,226.0115829994902
balance,200,multistation_rep,42,42,42,t00716-c00066,66,716,3,0,False,0,,,,,
balance,200,multistation_rep,42,42,42,t00717-c00046,46,717,3,0,False,0,,,,,
balance,200,multistation_rep,42,42,42,t00717-c00066,66,717,8,0,False,0,,,,,
balance,200,multistation_rep,42,42,42,t00718-c00022,22,718,7,5,True,1,193.3382920033182,657.2363330051303,0.018999999156221747,0.017541999113745987,657.2728750034003
balance,200,multistation_rep,42,42,42,t00718-c00046,46,718,6,1,True,1,515.2641250024317,515.2641250024317,142.03462500154274,0.006041998858563602,657.304792002833
balance,200,multistation_rep,42,42,42,t00718-c00066,66,718,4,0,False,0,,,,,
balance,200,multistation_rep,42,42,42,t00718-c00082,82,718,3,2,True,1,71.58008399710525,300.37383399758255,356.89895800169325,0.005125002644490451,657.2779170019203
balance,200,multistation_rep,42,42,42,t00719-c00066,66,719,4,0,False,0,,,,,
balance,200,multistation_rep,42,42,42,t00720-c00066,66,720,4,0,False,0,,,,,
balance,200,multistation_rep,42,42,42,t00721-c00066,66,721,4,0,False,0,,,,,
balance,200,multistation_rep,42,42,42,t00721-c00153,153,721,3,2,True,1,37.113207996299025,107.91500000050291,39.151915996626485,0.024459004634991288,147.0913750017644
balance,200,multistation_rep,42,42,42,t00722-c00066,66,722,3,0,False,0,,,,,
balance,200,multistation_rep,42,42,42,t00722-c00085,85,722,7,4,True,1,93.34079200198175,623.1794999985141,0.0264590053120628,0.015416000678669661,623.2213750045048
balance,200,multistation_rep,42,42,42,t00722-c00090,90,722,12,4,True,1,134.35066600504797,570.3904580004746,52.88979200122412,0.007374997949227691,623.287624999648
balance,200,multistation_rep,42,42,42,t00722-c00153,153,722,5,3,True,1,217.67574999830686,304.41699999937555,318.8666659989394,0.006375004886649549,623.2900410032016
balance,200,multistation_rep,42,42,42,t00723-c00066,66,723,9,0,False,0,,,,,
balance,200,multistation_rep,42,42,42,t00723-c00085,85,723,8,5,True,1,282.84266700211447,1019.1331250025542,18.407958996249363,0.02395800402155146,1037.565042002825
balance,200,multistation_rep,42,42,42,t00723-c00143,143,723,7,7,True,1,131.97499999660067,965.6456250013434,71.9570829969598,0.008957998943515122,1037.6116659972467
balance,200,multistation_rep,42,42,42,t00724-c00063,63,724,13,10,True,1,266.4208749993122,944.1855839977507,57.89783300133422,0.019208004232496023,1002.1026250033174
balance,200,multistation_rep,42,42,42,t00724-c00066,66,724,7,0,False,0,,,,,
balance,200,multistation_rep,42,42,42,t00724-c00083,83,724,7,7,True,1,112.31858400424244,990.2010419973521,11.91175000712974,0.008499999239575118,1002.1212920037215
balance,200,multistation_rep,42,42,42,t00725-c00033,33,725,4,4,True,1,35.61570800229674,183.01195799722336,0.014709003153257072,0.013124998076818883,183.03979199845344
balance,200,multistation_rep,42,42,42,t00725-c00066,66,725,7,0,False,0,,,,,
balance,200,multistation_rep,42,42,42,t00726-c00066,66,726,9,0,False,0,,,,,
balance,200,multistation_rep,42,42,42,t00727-c00005,5,727,4,3,True,1,88.45691700116731,226.4078750013141,0.015083998732734472,0.016250000044237822,226.43920900009107
balance,200,multistation_rep,42,42,42,t00727-c00066,66,727,6,0,False,0,,,,,
balance,200,multistation_rep,42,42,42,t00728-c00066,66,728,3,0,False,0,,,,,
balance,200,multistation_rep,42,42,42,t00728-c00110,110,728,6,6,True,1,62.431790996924974,248.1603330015787,0.02983299782499671,0.016083999071270227,248.20624999847496
balance,200,multistation_rep,42,42,42,t00729-c00066,66,729,3,0,False,0,,,,,
balance,200,multistation_rep,42,42,42,t00729-c00164,164,729,7,6,True,1,106.3850420032395,515.4252499996801,0.03258400101913139,0.015249999705702066,515.4730840004049
balance,200,multistation_rep,42,42,42,t00730-c00066,66,730,2,0,False,0,,,,,
balance,200,multistation_rep,42,42,42,t00730-c00118,118,730,3,1,True,1,75.00962499761954,75.00962499761954,0.021583000489044935,0.011709002137649804,75.04291700024623
balance,200,multistation_rep,42,42,42,t00731-c00005,5,731,5,4,True,1,427.60208300023805,1263.6480829969514,106.31433300295612,0.014874996850267053,1369.9772909967578
balance,200,multistation_rep,42,42,42,t00731-c00066,66,731,6,0,False,0,,,,,
balance,200,multistation_rep,42,42,42,t00731-c00073,73,731,9,7,True,1,139.05316700402182,1369.868542002223,0.12879200221505016,0.007208000170066953,1370.004542004608
balance,200,multistation_rep,42,42,42,t00731-c00091,91,731,4,3,True,1,239.87791599938646,1030.3251660006936,339.6712500034482,0.004791996616404504,1370.0012080007582
balance,200,multistation_rep,42,42,42,t00731-c00118,118,731,6,3,True,1,720.7708329951856,1136.308832996292,233.6916249987553,0.0048340007197111845,1370.005291995767
balance,200,multistation_rep,42,42,42,t00731-c00146,146,731,7,1,True,1,589.8444160047802,589.8444160047802,780.1523339949199,0.004208006430417299,1370.0009580061305
balance,200,multistation_rep,42,42,42,t00732-c00005,5,732,6,4,True,1,1100.1446669979487,1425.3661670009024,242.72566699801246,0.01704099850030616,1668.1088749974151
balance,200,multistation_rep,42,42,42,t00732-c00066,66,732,6,0,False,0,,,,,
balance,200,multistation_rep,42,42,42,t00732-c00091,91,732,12,8,True,1,193.36179200035986,1667.9940419999184,0.1205829976242967,0.008542003342881799,1668.1231670008856
balance,200,multistation_rep,42,42,42,t00732-c00115,115,732,8,8,True,1,193.32883400056744,1528.186249997816,139.94016700598877,0.007167000148911029,1668.1335840039537
balance,200,multistation_rep,42,42,42,t00732-c00118,118,732,7,3,True,1,298.09150000073714,1528.155166997749,139.96824999776436,0.004958004865329713,1668.1283750003786
balance,200,multistation_rep,42,42,42,t00732-c00196,196,732,3,1,True,1,401.861625003221,401.861625003221,1266.2533749971772,0.004207999154459685,1668.1192079995526
balance,200,multistation_rep,42,42,42,t00733-c00066,66,733,8,0,False,0,,,,,
balance,200,multistation_rep,42,42,42,t00734-c00066,66,734,6,0,False,0,,,,,
balance,200,multistation_rep,42,42,42,t00734-c00158,158,734,4,1,True,1,208.55474999552825,208.55474999552825,405.78549999918323,0.011625001206994057,614.3518749959185
balance,200,multistation_rep,42,42,42,t00734-c00173,173,734,9,9,True,1,46.83962499984773,614.2754579996108,0.11479199747554958,0.008499999239575118,614.3987499963259
balance,200,multistation_rep,42,42,42,t00735-c00066,66,735,4,0,False,0,,,,,
balance,200,multistation_rep,42,42,42,t00735-c00184,184,735,6,4,True,1,134.87908399838489,336.4914170015254,14.632042002631351,0.01933299790835008,351.1427920020651
balance,200,multistation_rep,42,42,42,t00736-c00066,66,736,5,0,False,0,,,,,
balance,200,multistation_rep,42,42,42,t00737-c00197,197,737,7,6,True,1,38.2575419935165,334.78133299649926,0.03058400034205988,0.013999997463542968,334.82591699430486
balance,200,multistation_rep,42,42,42,t00738-c00053,53,738,8,4,True,1,15.827167000679765,127.73620799998753,0.012459000572562218,0.010540999937802553,127.75920800049789
balance,200,multistation_rep,42,42,42,t00739-c00053,53,739,9,3,True,1,335.0994590000482,717.81816699513,0.01766700006555766,0.012708005669992417,717.8485420008656
balance,200,multistation_rep,42,42,42,t00739-c00131,131,739,4,4,True,1,37.82912500173552,717.7747500027181,0.09604200022295117,0.005957997927907854,717.8767500008689
balance,200,multistation_rep,42,42,42,t00742-c00057,57,742,9,9,True,1,225.8533330023056,1416.9168750013341,0.025499997718725353,0.015833000361453742,1416.9582079994143
balance,200,multistation_rep,42,42,42,t00742-c00069,69,742,3,3,True,1,149.88937500311295,945.3504160046577,471.6460419949726,0.005917005182709545,1417.002375004813
balance,200,multistation_rep,42,42,42,t00742-c00171,171,742,6,6,True,1,149.85000000160653,1416.8364169963752,0.15862500004004687,0.004749999789055437,1416.9997919962043
balance,200,multistation_rep,42,42,42,t00743-c00126,126,743,4,0,False,0,,,,,
balance,200,multistation_rep,42,42,42,t00743-c00171,171,743,8,6,True,1,29.11145800317172,442.5425420049578,0.030915995012037456,0.015500001609325409,442.58895800157916
balance,200,multistation_rep,42,42,42,t00744-c00126,126,744,3,1,True,1,65.3448329976527,65.3448329976527,22.172084005433135,0.0176659959834069,87.53458299906924
balance,200,multistation_rep,42,42,42,t00745-c00006,6,745,0,0,False,0,,,,,
balance,200,multistation_rep,42,42,42,t00745-c00029,29,745,5,5,True,1,76.43633300176589,453.555291001976,0.018333994376007468,0.016000005416572094,453.5896250017686
balance,200,multistation_rep,42,42,42,t00746-c00006,6,746,12,1,True,1,345.09229099785443,345.09229099785443,283.49154200259363,0.014166995242703706,628.5979999956908
balance,200,multistation_rep,42,42,42,t00746-c00106,106,746,3,1,True,1,463.74658300192095,463.74658300192095,164.88295800081687,0.006166999810375273,628.6357080025482
balance,200,multistation_rep,42,42,42,t00746-c00111,111,746,7,7,True,1,76.24116599617992,628.4962079953402,0.1371670005028136,0.006041002052370459,628.6394159978954
balance,200,multistation_rep,42,42,42,t00747-c00182,182,747,3,0,False,0,,,,,
balance,200,multistation_rep,42,42,42,t00748-c00018,18,748,7,6,True,1,83.96470900333952,306.7908340017311,35.34191600192571,0.01966700074262917,342.15241700439947
balance,200,multistation_rep,42,42,42,t00748-c00182,182,748,3,0,False,0,,,,,
balance,200,multistation_rep,42,42,42,t00749-c00068,68,749,8,2,True,1,578.5267500032205,723.2147090035141,207.86145799502265,0.015167002857197076,931.091334001394
balance,200,multistation_rep,42,42,42,t00749-c00155,155,749,4,3,True,1,284.7584170012851,931.0106249977252,0.1106670024455525,0.006458001735154539,931.127750001906
balance,200,multistation_rep,42,42,42,t00749-c00181,181,749,4,4,True,1,40.09033400507178,781.9125419991906,149.2020000005141,0.005542002327274531,931.120084002032
balance,200,multistation_rep,42,42,42,t00749-c00182,182,749,6,0,False,0,,,,,
balance,200,multistation_rep,42,42,42,t00750-c00182,182,750,5,0,False,0,,,,,
balance,200,multistation_rep,42,42,42,t00751-c00182,182,751,3,1,True,1,26.026624997030012,26.026624997030012,20.62991700222483,0.012500000593718141,46.66904199984856
balance,200,multistation_rep,42,42,42,t00752-c00005,5,752,3,2,True,1,7.315750000998378,22.3784589979914,10.903583002800588,0.011124997399747372,33.29316699819174
balance,200,multistation_rep,42,42,42,t00758-c00028,28,758,3,3,True,1,39.792791998479515,630.9905419984716,295.0861249992158,0.014208002539817244,926.0908750002272
balance,200,multistation_rep,42,42,42,t00758-c00087,87,758,9,9,True,1,86.49449999938952,926.0186249957769,0.1173330019810237,0.00825000461190939,926.1442080023699
balance,200,multistation_rep,42,42,42,t00758-c00110,110,758,9,8,True,1,203.96016699669417,873.6450419964967,52.493082999717444,0.005583999154623598,926.1437089953688
balance,200,multistation_rep,42,42,42,t00759-c00110,110,759,7,5,True,1,94.18183300294913,246.354708004219,0.02354199386900291,0.013125005352776498,246.39137500344077
balance,200,multistation_rep,42,42,42,t00761-c00078,78,761,9,7,True,1,98.77533299732022,915.9402919976856,12.741250000544824,0.019499995687510818,928.7010419939179
balance,200,multistation_rep,42,42,42,t00761-c00180,180,761,7,3,True,1,350.3842080026516,915.8958749976591,12.835500005166978,0.005750000127591193,928.7371250029537
balance,200,multistation_rep,42,42,42,t00762-c00180,180,762,9,5,True,1,54.781709004601,252.9039590008324,0.02937500539701432,0.015457997506018728,252.94879200373543
balance,200,multistation_rep,42,42,42,t00762-c00196,196,762,4,0,False,0,,,,,
balance,200,multistation_rep,42,42,42,t00763-c00053,53,763,14,3,True,1,35.56870900501963,1854.8817500050063,770.2941249954165,0.021874999220017344,2625.197749999643
balance,200,multistation_rep,42,42,42,t00763-c00075,75,763,4,3,True,1,1224.2116660054307,2614.238333000685,10.996707998856436,0.00720900425221771,2625.2422500037937
balance,200,multistation_rep,42,42,42,t00763-c00094,94,763,7,6,True,1,380.8306659993832,1715.3889999972307,909.8465000060969,0.006707996362820268,2625.2422079996904
balance,200,multistation_rep,42,42,42,t00763-c00095,95,763,9,9,True,1,100.68262500135461,2614.174207999895,11.060666998673696,0.0054159972933121026,2625.240290995862
balance,200,multistation_rep,42,42,42,t00763-c00196,196,763,4,0,False,0,,,,,
balance,200,multistation_rep,42,42,42,t00764-c00196,196,764,4,0,False,0,,,,,
balance,200,multistation_rep,42,42,42,t00765-c00011,11,765,5,5,True,1,57.362457999261096,327.1483749995241,0.020874998881481588,0.018417005776427686,327.187667004182
balance,200,multistation_rep,42,42,42,t00765-c00020,20,765,0,0,False,0,,,,,
balance,200,multistation_rep,42,42,42,t00765-c00196,196,765,4,0,False,0,,,,,
balance,200,multistation_rep,42,42,42,t00766-c00020,20,766,6,6,True,1,44.398457997886,340.13970799423987,0.018375001673121005,0.014417004422284663,340.1725000003353
balance,200,multistation_rep,42,42,42,t00766-c00196,196,766,6,1,True,1,160.20074999687495,160.20074999687495,179.99137500009965,0.005916997906751931,340.19804199488135
balance,200,multistation_rep,42,42,42,t00767-c00151,151,767,8,1,True,1,113.53362500085495,113.53362500085495,10.662124994269107,0.013000004400964826,124.20874999952503
balance,200,multistation_rep,42,42,42,t00768-c00037,37,768,11,10,True,1,55.08820799877867,1525.0960829944233,11.697083005856257,0.020708997908513993,1536.813874998188
balance,200,multistation_rep,42,42,42,t00768-c00077,77,768,12,8,True,1,119.34495799505385,1492.8327079978772,44.02970900264336,0.007208000170066953,1536.8696250006906
balance,200,multistation_rep,42,42,42,t00768-c00149,149,768,6,2,True,1,176.2960829946678,695.6109579987242,841.2665419964469,0.004833003913518041,1536.8823329990846
balance,200,multistation_rep,42,42,42,t00769-c00023,23,769,7,5,True,1,188.61474999721395,1187.4997920021997,309.4841669953894,0.01479100319556892,1496.9987500007846
balance,200,multistation_rep,42,42,42,t00769-c00077,77,769,13,9,True,1,372.71441699704155,1496.922166996228,0.11283299681963399,0.007792004907969385,1497.0427919979556
balance,200,multistation_rep,42,42,42,t00769-c00085,85,769,3,1,True,1,673.5406660009176,673.5406660009176,823.4924170028535,0.004666995664592832,1497.0377499994356
balance,200,multistation_rep,42,42,42,t00770-c00022,22,770,10,3,True,1,479.889334004838,989.3218750003143,0.017250000382773578,0.01445900124963373,989.3535840019467
balance,200,multistation_rep,42,42,42,t00770-c00112,112,770,7,1,True,1,813.1077910002205,813.1077910002205,176.2747499960824,0.006084002961870283,989.3886249992647
balance,200,multistation_rep,42,42,42,t00770-c00178,178,770,7,6,True,1,94.73904199694516,813.0673339983332,176.30962499970337,0.005540998245123774,989.3824999962817
balance,200,multistation_rep,42,42,42,t00771-c00092,92,771,8,5,True,1,72.21525000204565,267.4570000017411,45.515874997363426,0.017666003259364516,312.9905410023639
balance,200,multistation_rep,42,42,42,t00771-c00199,199,771,6,6,True,1,17.528917000163347,302.8318330034381,10.196916999120731,0.0075830030255019665,313.0363330055843
balance,200,multistation_rep,42,42,42,t00774-c00127,127,774,6,6,True,1,142.1320419976837,709.1572089993861,0.027250003768131137,0.01529099972685799,709.199750002881
balance,200,multistation_rep,42,42,42,t00775-c00010,10,775,3,2,True,1,48.1173750013113,123.80254200252239,0.011415999324526638,0.010291994840372354,123.82424999668729
balance,200,multistation_rep,42,42,42,t00778-c00142,142,778,5,5,True,1,29.286999997566454,250.66870800219476,0.02379199577262625,0.014292003470472991,250.70679200143786
balance,200,multistation_rep,42,42,42,t00779-c00116,116,779,8,4,True,1,162.36524999840185,470.13733300263993,0.022583997633773834,0.015749996236991137,470.1756669965107
balance,200,multistation_rep,42,42,42,t00779-c00142,142,779,3,3,True,1,71.21333299437538,354.9496249979711,115.27249999926426,0.007333001121878624,470.22945799835725
balance,200,multistation_rep,42,42,42,t00781-c00104,104,781,6,6,True,1,22.190292002051137,214.43779199762503,0.02112500078510493,0.013500000932253897,214.47241699934239
balance,200,multistation_rep,42,42,42,t00782-c00104,104,782,3,2,True,1,329.0867910036468,427.71554100181675,75.97845899726963,0.015791003534104675,503.7097910026205
balance,200,multistation_rep,42,42,42,t00782-c00123,123,782,4,4,True,1,93.70795800350606,503.6319170030765,0.11554099910426885,0.007333997928071767,503.75479200010886
balance,200,multistation_rep,42,42,42,t00782-c00135,135,782,5,1,True,1,303.67787500290433,303.67787500290433,200.06570900295628,0.004624998837243766,503.74820900469786
balance,200,multistation_rep,42,42,42,t00783-c00036,36,783,4,4,True,1,126.19850000191946,615.2939169987803,0.018749997252598405,0.01383299968438223,615.3264999957173
balance,200,multistation_rep,42,42,42,t00783-c00047,47,783,4,0,False,0,,,,,
balance,200,multistation_rep,42,42,42,t00783-c00119,119,783,7,7,True,1,55.99633299425477,553.5490829934133,61.77570900035789,0.0069160014390945435,615.3317079952103
balance,200,multistation_rep,42,42,42,t00783-c00135,135,783,5,1,True,1,377.4347910002689,377.4347910002689,237.8838340009679,0.004374996933620423,615.3229999981704
balance,200,multistation_rep,42,42,42,t00784-c00047,47,784,4,0,False,0,,,,,
balance,200,multistation_rep,42,42,42,t00784-c00049,49,784,7,7,True,1,40.17083300277591,434.3350420022034,107.02458299783757,0.01333300315309316,541.3729580031941
balance,200,multistation_rep,42,42,42,t00784-c00067,67,784,5,5,True,1,127.73133400332881,541.2998340034392,0.12587499804794788,0.007499998901039362,541.4332090003882
balance,200,multistation_rep,42,42,42,t00785-c00047,47,785,4,0,False,0,,,,,
balance,200,multistation_rep,42,42,42,t00785-c00049,49,785,7,7,True,1,66.56395900063217,387.13695899787126,10.762875004729722,0.016832993424031883,397.916666996025
balance,200,multistation_rep,42,42,42,t00785-c00110,110,785,3,2,True,1,184.0609169958043,227.05399999540532,170.9019999980228,0.006084002961870283,397.96208399639
balance,200,multistation_rep,42,42,42,t00786-c00040,40,786,9,2,True,1,50.22108399862191,1216.227249999065,151.97929200076032,0.029167000320740044,1368.235709000146
balance,200,multistation_rep,42,42,42,t00786-c00047,47,786,4,0,False,0,,,,,
balance,200,multistation_rep,42,42,42,t00786-c00073,73,786,7,5,True,1,332.7153330028523,1174.0606669991394,194.20245800574776,0.007832997653167695,1368.2709580025403
balance,200,multistation_rep,42,42,42,t00786-c00192,192,786,3,3,True,1,798.7375409938977,1339.9411249993136,28.321999998297542,0.005166002665646374,1368.2682910002768
balance,200,multistation_rep,42,42,42,t00787-c00040,40,787,3,1,True,1,1157.6782079937402,1157.6782079937402,402.4127920056344,0.01237499964190647,1560.1033749990165
balance,200,multistation_rep,42,42,42,t00787-c00047,47,787,3,1,True,1,1157.639917000779,1157.639917000779,402.49429200048326,0.005833004252053797,1560.1400420055143
balance,200,multistation_rep,42,42,42,t00787-c00120,120,787,10,7,True,1,137.83604099444347,1559.9954159988556,0.13654199574375525,0.0070829992182552814,1560.1390409938176
balance,200,multistation_rep,42,42,42,t00787-c00122,122,787,8,8,True,1,317.5136250065407,1338.348417004454,221.79558299831115,0.006249996658880264,1560.150249999424
balance,200,multistation_rep,42,42,42,t00787-c00172,172,787,7,7,True,1,90.98737499880372,1508.7942919999477,51.34604100021534,0.00549999822396785,1560.145832998387
balance,200,multistation_rep,42,42,42,t00788-c00074,74,788,4,4,True,1,76.50166600069497,462.2077910025837,0.018999999156221747,0.012459000572562218,462.2392500023125
balance,200,multistation_rep,42,42,42,t00788-c00080,80,788,4,4,True,1,117.57754199788906,423.1525419963873,39.110750003601424,0.006165995728224516,462.26945799571695
balance,200,multistation_rep,42,42,42,t00788-c00120,120,788,3,1,True,1,53.302332999010105,53.302332999010105,408.96287500072503,0.004375004209578037,462.2695830039447
balance,200,multistation_rep,42,42,42,t00789-c00080,80,789,3,3,True,1,27.9309999968973,123.7008749958477,0.015833000361453742,0.011500000255182385,123.72820799646433
balance,200,multistation_rep,42,42,42,t00790-c00080,80,790,5,5,True,1,61.2904579975293,408.55979199841386,0.02166600461350754,0.016999998479150236,408.5984580015065
balance,200,multistation_rep,42,42,42,t00791-c00084,84,791,13,10,True,1,115.95112500071991,837.268708004558,13.503999995009508,0.018457998521625996,850.7911659980891
balance,200,multistation_rep,42,42,42,t00791-c00188,188,791,3,2,True,1,43.25983400485711,701.7344589985441,149.11600000050385,0.007083006494212896,850.8575420055422
balance,200,multistation_rep,42,42,42,t00792-c00084,84,792,5,4,True,1,33.44700000161538,157.3754170021857,0.016833000699989498,0.011707998055499047,157.4039580009412
balance,200,multistation_rep,42,42,42,t00793-c00167,167,793,6,6,True,1,32.590875001915265,399.0750420052791,0.02829200093401596,0.01341600000159815,399.1167500062147
balance,200,multistation_rep,42,42,42,t00794-c00025,25,794,3,0,False,0,,,,,
balance,200,multistation_rep,42,42,42,t00794-c00167,167,794,6,4,True,1,14.447875000769272,149.63237500342075,31.604999996488914,0.01700000575510785,181.25437500566477
balance,200,multistation_rep,42,42,42,t00795-c00025,25,795,4,0,False,0,,,,,
balance,200,multistation_rep,42,42,42,t00795-c00151,151,795,11,1,True,1,142.88454200141132,142.88454200141132,60.916291004105005,0.01858399627963081,203.81941700179596
balance,200,multistation_rep,42,42,42,t00796-c00025,25,796,4,0,False,0,,,,,
balance,200,multistation_rep,42,42,42,t00796-c00093,93,796,7,7,True,1,35.66375000082189,336.44504199764924,17.31862500309944,0.01799999881768599,353.78166699956637
balance,200,multistation_rep,42,42,42,t00796-c00126,126,796,4,0,False,0,,,,,
balance,200,multistation_rep,42,42,42,t00796-c00151,151,796,11,1,True,1,218.63712499907706,218.63712499907706,135.14241699886043,0.0052910036174580455,353.78483300155494
balance,200,multistation_rep,42,42,42,t00797-c00025,25,797,4,0,False,0,,,,,
balance,200,multistation_rep,42,42,42,t00797-c00027,27,797,3,2,True,1,18.752625001070555,115.37587500060908,40.0337920000311,0.023583001166116446,155.4332500018063
balance,200,multistation_rep,42,42,42,t00797-c00126,126,797,4,0,False,0,,,,,
balance,200,multistation_rep,42,42,42,t00798-c00025,25,798,4,0,False,0,,,,,
balance,200,multistation_rep,42,42,42,t00798-c00126,126,798,3,1,True,1,91.93550000054529,91.93550000054529,56.892542001151014,0.02995799877680838,148.8580000004731
balance,200,multistation_rep,42,42,42,t00799-c00025,25,799,4,0,False,0,,,,,
balance,200,multistation_rep,42,42,42,t00799-c00075,75,799,3,1,True,1,405.6723750036326,405.6723750036326,81.77341600094223,0.013041993952356279,487.4588329985272
balance,200,multistation_rep,42,42,42,t00799-c00128,128,799,13,13,True,1,38.86233299999731,476.2676660029683,11.223166999116074,0.010000003385357559,487.50083300546976
balance,200,multistation_rep,42,42,42,t00800-c00025,25,800,5,1,True,1,269.41933300258825,269.41933300258825,88.10454199556261,0.011500000255182385,357.53537499840604
balance,200,multistation_rep,42,42,42,t00800-c00145,145,800,7,5,True,1,36.43408299831208,357.4676670032204,0.11020799865946174,0.007417002052534372,357.5852920039324
balance,200,multistation_rep,42,42,42,t00802-c00194,194,802,5,4,True,1,17.873542004963383,118.33445799857145,0.022584004909731448,0.01020800118567422,118.36725000466686
balance,200,multistation_rep,42,42,42,t00803-c00176,176,803,6,6,True,1,36.442208001972176,439.93120799859753,0.028833004762418568,0.015375000657513738,439.97541600401746
balance,200,multistation_rep,42,42,42,t00804-c00011,11,804,8,8,True,1,100.45604199694935,769.7722500015516,0.017541999113745987,0.01424999936716631,769.8040420000325
balance,200,multistation_rep,42,42,42,t00804-c00176,176,804,6,4,True,1,28.974665998248383,631.278958004259,138.54204199742526,0.006041002052370459,769.8270410037367
balance,200,multistation_rep,42,42,42,t00805-c00155,155,805,3,1,True,1,84.26874999713618,84.26874999713618,25.435042000026442,0.020166000467725098,109.72395799763035
balance,200,multistation_rep,42,42,42,t00806-c00155,155,806,3,1,True,1,77.7356670005247,77.7356670005247,24.51841699803481,0.015083001926541328,102.26916700048605
balance,200,multistation_rep,42,42,42,t00807-c00039,39,807,11,9,True,1,57.572540994442534,346.5289159939857,11.328125001455192,0.01737500133458525,357.8744159967755
balance,200,multistation_rep,42,42,42,t00808-c00178,178,808,12,11,True,1,53.76037499809172,487.49162499734666,0.03333300264785066,0.014792000001762062,487.5397499999963
balance,200,multistation_rep,42,42,42,t00809-c00178,178,809,6,3,True,1,79.5014169998467,328.1247920021997,0.02670799585757777,0.015042001905385405,328.16654199996265
balance,200,multistation_rep,42,42,42,t00811-c00046,46,811,7,1,True,1,80.70983399375109,80.70983399375109,29.85850000550272,0.017124999430961907,110.58545899868477
balance,200,multistation_rep,42,42,42,t00812-c00119,119,812,3,2,True,1,52.11487499764189,636.9723329989938,89.63158299593488,0.022209002054296434,726.626124996983
balance,200,multistation_rep,42,42,42,t00812-c00124,124,812,7,6,True,1,165.8750830029021,706.9827500017709,19.673999995575286,0.008166003681253642,726.6649160010274
balance,200,multistation_rep,42,42,42,t00813-c00160,160,813,3,3,True,1,11.44899999781046,83.52487500087591,0.020749997929669917,0.011582997103687376,83.55720799590927
balance,200,multistation_rep,42,42,42,t00814-c00137,137,814,8,5,True,1,48.30650000076275,207.29429100174457,10.650875003193505,0.01912500010803342,217.9642910050461
balance,200,multistation_rep,42,42,42,t00815-c00045,45,815,9,9,True,1,74.25166599568911,558.0328749929322,0.02075000520562753,0.016707999748177826,558.070332997886
balance,200,multistation_rep,42,42,42,t00815-c00110,110,815,3,1,True,1,341.86616700026207,341.86616700026207,216.22795800067252,0.0054580013966187835,558.0995830023312
balance,200,multistation_rep,42,42,42,t00816-c00139,139,816,6,3,True,1,48.92199999449076,342.9907079989789,0.025499997718725353,0.016250000044237822,343.03245799674187
balance,200,multistation_rep,42,42,42,t00817-c00010,10,817,4,4,True,1,171.56320899812272,1148.247208999237,0.01883300137706101,0.014999997802078724,1148.2810419984162
balance,200,multistation_rep,42,42,42,t00817-c00034,34,817,6,5,True,1,19.12787499895785,807.3405000031926,340.9740829956718,0.007499998901039362,1148.3220829977654
balance,200,multistation_rep,42,42,42,t00817-c00166,166,817,4,4,True,1,171.48495800211094,1148.1696250048117,0.14562499563908204,0.004833003913518041,1148.3200830043643
balance,200,multistation_rep,42,42,42,t00818-c00081,81,818,7,7,True,1,57.387291999475565,234.27579199778847,0.021833002392668277,0.013291995855979621,234.31091699603712
balance,200,multistation_rep,42,42,42,t00819-c00012,12,819,5,2,True,1,206.49887500621844,609.4319590047235,148.94329099479364,0.014375000318977982,758.3896249998361
balance,200,multistation_rep,42,42,42,t00819-c00067,67,819,6,6,True,1,60.67679199622944,758.3204999973532,0.10279200068907812,0.0079160017776303,758.4312079998199
balance,200,multistation_rep,42,42,42,t00822-c00168,168,822,3,1,True,1,94.75820799707435,94.75820799707435,401.26366700133076,0.010374998964834958,496.03224999736995
balance,200,multistation_rep,42,42,42,t00822-c00170,170,822,7,6,True,1,138.89987499715062,495.9617909989902,0.0963749989750795,0.00720900425221771,496.0653750022175
balance,200,multistation_rep,42,42,42,t00822-c00190,190,822,5,4,True,1,330.1079170050798,480.6019580064458,15.457958994375076,0.004916000762023032,496.0648330015829
balance,200,multistation_rep,42,42,42,t00823-c00048,48,823,14,11,True,1,183.308166997449,1119.2098749961588,0.023959000827744603,0.017333004507236183,1119.2511670014937
balance,200,multistation_rep,42,42,42,t00823-c00095,95,823,7,5,True,1,183.27033300010953,1032.5766669993754,86.72066599683603,0.007792004907969385,1119.3051250011194
balance,200,multistation_rep,42,42,42,t00824-c00002,2,824,7,6,True,1,31.62966600211803,209.58033300121315,9.736207997775637,0.01445900124963373,219.33100000023842
balance,200,multistation_rep,42,42,42,t00825-c00093,93,825,9,9,True,1,115.84287499863422,874.3926250026561,0.024583001504652202,0.01641699782339856,874.4336250019842
balance,200,multistation_rep,42,42,42,t00825-c00144,144,825,5,4,True,1,71.16762499936158,739.8152499954449,134.6602920020814,0.0072499969974160194,874.4827919945237
balance,200,multistation_rep,42,42,42,t00826-c00000,0,826,8,8,True,1,169.32549999910407,682.0711249965825,141.56312499835622,0.017250000382773578,823.6514999953215
balance,200,multistation_rep,42,42,42,t00826-c00142,142,826,4,3,True,1,386.21250000142027,823.5630420022062,0.12729199806926772,0.007208000170066953,823.6975420004455
balance,200,multistation_rep,42,42,42,t00826-c00162,162,826,8,6,True,1,55.197583002154715,719.257042001118,104.44012499647215,0.006499998562503606,823.7036669961526
balance,200,multistation_rep,42,42,42,t00826-c00167,167,826,4,1,True,1,108.35837499325862,108.35837499325862,715.3499580017524,0.004749999789055437,823.7130829948001
balance,200,multistation_rep,42,42,42,t00827-c00071,71,827,3,0,False,0,,,,,
balance,200,multistation_rep,42,42,42,t00827-c00084,84,827,7,5,True,1,121.65612500393763,277.8688750040601,127.63770799938357,0.012833996152039617,405.5194169995957
balance,200,multistation_rep,42,42,42,t00827-c00162,162,827,7,5,True,1,53.081709003890865,405.44416700140573,0.11766699753934518,0.007125003321561962,405.56895900226664
balance,200,multistation_rep,42,42,42,t00828-c00071,71,828,3,0,False,0,,,,,
balance,200,multistation_rep,42,42,42,t00828-c00162,162,828,7,5,True,1,59.73041600373108,212.0030830046744,0.023582993890158832,0.011167001503054053,212.03783300006762
balance,200,multistation_rep,42,42,42,t00829-c00071,71,829,12,1,True,1,309.2421250039479,309.2421250039479,115.99333399499301,0.0118750031106174,425.2473340020515
balance,200,multistation_rep,42,42,42,t00829-c00102,102,829,9,9,True,1,59.725042003265116,425.17762500210665,0.10479200136614963,0.008041999535635114,425.29045900300844
balance,200,multistation_rep,42,42,42,t00830-c00051,51,830,3,3,True,1,150.7924589968752,573.6895000009099,63.10574999952223,0.012625001545529813,636.8078750019777
balance,200,multistation_rep,42,42,42,t00830-c00075,75,830,0,0,False,0,,,,,
balance,200,multistation_rep,42,42,42,t00830-c00085,85,830,7,0,False,0,,,,,
balance,200,multistation_rep,42,42,42,t00830-c00102,102,830,9,9,True,1,48.54299999715295,636.6707920024055,0.09758299711393192,0.007208996976260096,636.7755839964957
balance,200,multistation_rep,42,42,42,t00831-c00059,59,831,3,3,True,1,20.091750004212372,244.01733300328488,10.895416999119334,0.017291000403929502,254.93004100280814
balance,200,multistation_rep,42,42,42,t00831-c00075,75,831,3,2,True,1,69.53270800295286,105.04741600016132,149.9128750001546,0.00687500141793862,254.96716600173386
balance,200,multistation_rep,42,42,42,t00831-c00085,85,831,4,0,False,0,,,,,
balance,200,multistation_rep,42,42,42,t00832-c00075,75,832,2,1,True,1,25.71899999747984,25.71899999747984,11.373458000889514,0.015292003809008747,37.10775000217836
balance,200,multistation_rep,42,42,42,t00832-c00085,85,832,0,0,False,0,,,,,
balance,200,multistation_rep,42,42,42,t00833-c00085,85,833,11,0,False,0,,,,,
balance,200,multistation_rep,42,42,42,t00834-c00053,53,834,6,2,True,1,298.48308300279314,469.2103749985108,0.019541002984624356,0.01599999814061448,469.24591599963605
balance,200,multistation_rep,42,42,42,t00834-c00085,85,834,11,0,False,0,,,,,
balance,200,multistation_rep,42,42,42,t00834-c00089,89,834,6,3,True,1,203.1928340002196,367.06395899818745,102.17837499658344,0.006791000487282872,469.24912499525817
balance,200,multistation_rep,42,42,42,t00835-c00007,7,835,6,6,True,1,20.1758749972214,315.13470799836796,0.016167003195732832,0.012582997442223132,315.1634579990059
balance,200,multistation_rep,42,42,42,t00836-c00007,7,836,3,2,True,1,22.49366600153735,277.76279100362444,30.042499995033722,0.01729200448608026,307.82258300314425
balance,200,multistation_rep,42,42,42,t00836-c00027,27,836,5,2,True,1,92.28212499874644,183.2150830014143,124.6364589969744,0.006750000466126949,307.85829199885484
balance,200,multistation_rep,42,42,42,t00837-c00013,13,837,3,1,True,1,19.69012500194367,19.69012500194367,9.249957998690661,0.009750001481734216,28.949833002116065
balance,200,multistation_rep,42,42,42,t00841-c00127,127,841,4,4,True,1,130.67166700056987,634.4264169965754,0.02366600529057905,0.01266699837287888,634.4627500002389
balance,200,multistation_rep,42,42,42,t00842-c00055,55,842,9,7,True,1,48.96474999986822,337.3398750045453,0.019082996004726738,0.01333300315309316,337.37229100370314
balance,200,multistation_rep,42,42,42,t00842-c00114,114,842,3,3,True,1,95.30037499644095,243.56808299489785,93.84595900337445,0.005583002348430455,337.4196250006207
balance,200,multistation_rep,42,42,42,t00843-c00055,55,843,7,5,True,1,43.06958400411531,345.956417004345,0.018124999769497663,0.013082993973512203,345.987624998088
balance,200,multistation_rep,42,42,42,t00843-c00114,114,843,4,3,True,1,98.65854100644356,316.79812500078697,29.231915999844205,0.006709000444971025,346.03675000107614
balance,200,multistation_rep,42,42,42,t00843-c00117,117,843,3,3,True,1,98.6245410022093,316.7642909975257,29.258959002618212,0.0047909998102113605,346.0280409999541
balance,200,multistation_rep,42,42,42,t00844-c00034,34,844,14,11,True,1,241.340874999878,2525.7703329989454,0.02516699896659702,0.019708000763785094,2525.8152079986758
balance,200,multistation_rep,42,42,42,t00844-c00055,55,844,7,5,True,1,241.30204199900618,2525.732041998708,0.11387500126147643,0.006750000466126949,2525.8526670004358
balance,200,multistation_rep,42,42,42,t00844-c00060,60,844,7,7,True,1,241.26925000018673,2525.69929099991,0.14833400200586766,0.005374997272156179,2525.852999999188
balance,200,multistation_rep,42,42,42,t00844-c00154,154,844,3,2,True,1,20.533750001050066,1941.9932089949725,583.8450000010198,0.00429100327892229,2525.8424999992712
balance,200,multistation_rep,42,42,42,t00845-c00038,38,845,3,2,True,1,211.83162499801256,233.94979199656518,162.23737499967683,0.021208004909567535,396.2083750011516
balance,200,multistation_rep,42,42,42,t00845-c00088,88,845,6,2,True,1,178.88045799918473,382.56133300455986,13.685374993656296,0.006334004865493625,396.25304200308165
balance,200,multistation_rep,42,42,42,t00846-c00088,88,846,6,1,True,1,248.27308300154982,248.27308300154982,25.873166996461805,0.020083003619220108,274.16633300163085
balance,200,multistation_rep,42,42,42,t00847-c00050,50,847,11,8,True,1,56.07074999716133,370.3294590013684,0.021540996385738254,0.015875004464760423,370.3668750022189
balance,200,multistation_rep,42,42,42,t00850-c00113,113,850,7,6,True,1,18.61987499432871,96.38837499369401,0.015416000678669661,0.009792005585040897,96.41358299995773
balance,200,multistation_rep,42,42,42,t00851-c00000,0,851,6,6,True,1,58.09525000222493,342.5462079976569,0.015833000361453742,0.013709002814721316,342.57575000083307
balance,200,multistation_rep,42,42,42,t00853-c00001,1,853,6,2,True,1,156.20766599749913,387.7862910012482,395.614499997464,0.016917001630645245,783.4177080003428
balance,200,multistation_rep,42,42,42,t00853-c00011,11,853,3,2,True,1,156.17129200109048,647.9121249940363,135.53883400163613,0.006000002031214535,783.4569589977036
balance,200,multistation_rep,42,42,42,t00853-c00045,45,853,4,4,True,1,47.67804200673709,771.1853340006201,12.266875004570466,0.005832996976096183,783.4580420021666
balance,200,multistation_rep,42,42,42,t00855-c00156,156,855,13,7,True,1,193.7592920003226,1310.899750002136,9.839584003202617,0.01754099503159523,1320.7568750003702
balance,200,multistation_rep,42,42,42,t00856-c00119,119,856,5,5,True,1,293.4079579936224,1260.275290995196,0.02625000342959538,0.018416998500470072,1260.319957997126
balance,200,multistation_rep,42,42,42,t00856-c00156,156,856,8,5,True,1,293.3678329936811,1137.4640409994754,122.90945899439976,0.010833005944732577,1260.38433299982
balance,200,multistation_rep,42,42,42,t00857-c00026,26,857,8,8,True,1,196.59604200569447,1208.9573340053903,0.0228749995585531,0.015207995602395386,1208.9954170005512
balance,200,multistation_rep,42,42,42,t00857-c00162,162,857,7,5,True,1,196.54787499894155,1208.9098330034176,0.12649999553104863,0.006082998879719526,1209.0424159978284
balance,200,multistation_rep,42,42,42,t00858-c00058,58,858,14,11,True,1,83.81987500615651,1035.0115000037476,0.024499997380189598,0.017666003259364516,1035.0536660043872
balance,200,multistation_rep,42,42,42,t00858-c00101,101,858,4,4,True,1,192.61012500646757,918.7427910001134,116.36954200366745,0.007333001121878624,1035.1196660049027
balance,200,multistation_rep,42,42,42,t00858-c00110,110,858,3,0,False,0,,,,,
balance,200,multistation_rep,42,42,42,t00859-c00005,5,859,13,9,True,1,431.0139589942992,2509.513874996628,63.78150000091409,0.01683399750618264,2573.3122089950484
balance,200,multistation_rep,42,42,42,t00859-c00058,58,859,12,8,True,1,430.97129200032214,2306.5752089969465,266.79087500087917,0.007624999852851033,2573.3737089976785
balance,200,multistation_rep,42,42,42,t00859-c00101,101,859,4,4,True,1,596.3044169984641,2573.192541996832,0.17241600289708003,0.00549999822396785,2573.370457997953
balance,200,multistation_rep,42,42,42,t00859-c00110,110,859,8,0,False,0,,,,,
balance,200,multistation_rep,42,42,42,t00859-c00169,169,859,7,4,True,1,430.8669580059359,2306.47087500256,266.85933300177567,0.004333000106271356,2573.334541004442
balance,200,multistation_rep,42,42,42,t00859-c00185,185,859,9,2,True,1,1241.0038340021856,1290.274250000948,1283.047083998099,0.004083005478605628,2573.3254170045257
balance,200,multistation_rep,42,42,42,t00860-c00005,5,860,11,8,True,1,51.7735840039677,1415.6333339997218,115.05941599898506,0.018541999452281743,1530.7112919981591
balance,200,multistation_rep,42,42,42,t00860-c00093,93,860,14,10,True,1,122.08362499950454,1450.2825420058798,80.4839579941472,0.008167000487446785,1530.7746670005145
balance,200,multistation_rep,42,42,42,t00860-c00110,110,860,8,0,False,0,,,,,
balance,200,multistation_rep,42,42,42,t00860-c00148,148,860,8,6,True,1,182.06508299772395,1530.554958000721,0.18087500211549923,0.00587499380344525,1530.74170799664
balance,200,multistation_rep,42,42,42,t00861-c00005,5,861,7,6,True,1,38.00500000215834,306.16487500083167,0.015249999705702066,0.01279199932469055,306.19291699986206
balance,200,multistation_rep,42,42,42,t00861-c00110,110,861,12,0,False,0,,,,,
balance,200,multistation_rep,42,42,42,t00861-c00148,148,861,3,2,True,1,142.9828330001328,273.43733300222084,32.752874998550396,0.006041998858563602,306.1962499996298
balance,200,multistation_rep,42,42,42,t00862-c00054,54,862,6,2,True,1,550.6323340014205,1285.2435420063557,179.89783299708506,0.022542000806424767,1465.1639170042472
balance,200,multistation_rep,42,42,42,t00862-c00061,61,862,4,0,False,0,,,,,
balance,200,multistation_rep,42,42,42,t00862-c00110,110,862,12,0,False,0,,,,,
balance,200,multistation_rep,42,42,42,t00862-c00148,148,862,1,1,True,1,870.4462500027148,870.4462500027148,594.6742079977412,0.006374997610691935,1465.1268329980667
balance,200,multistation_rep,42,42,42,t00862-c00178,178,862,6,4,True,1,835.0773330021184,1412.5363330022083,52.59987499448471,0.0053340045269578695,1465.14154200122
balance,200,multistation_rep,42,42,42,t00862-c00190,190,862,9,6,True,1,67.09499999851687,624.4071670007543,840.7273749980959,0.005832996976096183,1465.1403749958263
balance,200,multistation_rep,42,42,42,t00863-c00061,61,863,3,1,True,1,242.65441700117663,242.65441700117663,656.6093750006985,0.028750000637955964,899.2925420025131
balance,200,multistation_rep,42,42,42,t00863-c00110,110,863,11,0,False,0,,,,,
balance,200,multistation_rep,42,42,42,t00863-c00148,148,863,5,2,True,1,728.0019999961951,849.3096669990337,49.97916700085625,0.0069160014390945435,899.295750001329
balance,200,multistation_rep,42,42,42,t00863-c00190,190,863,3,1,True,1,727.9684160021134,727.9684160021134,171.3223749975441,0.0046670029405504465,899.295458002598
balance,200,multistation_rep,42,42,42,t00864-c00019,19,864,8,6,True,1,156.46558399748756,620.3091669958667,10.990208000293933,0.019917002646252513,631.3192919988069
balance,200,multistation_rep,42,42,42,t00864-c00110,110,864,12,0,False,0,,,,,
balance,200,multistation_rep,42,42,42,t00864-c00183,183,864,3,0,False,0,,,,,
balance,200,multistation_rep,42,42,42,t00865-c00043,43,865,4,3,True,1,199.77583400032017,470.9644999966258,0.015334000636357814,0.014666002243757248,470.99449999950593
balance,200,multistation_rep,42,42,42,t00865-c00110,110,865,12,0,False,0,,,,,
balance,200,multistation_rep,42,42,42,t00865-c00183,183,865,3,0,False,0,,,,,
balance,200,multistation_rep,42,42,42,t00866-c00030,30,866,3,3,True,1,74.7848749961122,191.5029589945334,19.344250002177432,0.01758299913490191,210.86479199584574
balance,200,multistation_rep,42,42,42,t00866-c00110,110,866,8,0,False,0,,,,,
balance,200,multistation_rep,42,42,42,t00866-c00183,183,866,6,1,True,1,149.48866699705832,149.48866699705832,61.368041002424434,0.006417001713998616,210.86312500119675
balance,200,multistation_rep,42,42,42,t00867-c00110,110,867,8,0,False,0,,,,,
balance,200,multistation_rep,42,42,42,t00868-c00110,110,868,7,0,False,0,,,,,
balance,200,multistation_rep,42,42,42,t00869-c00110,110,869,3,0,False,0,,,,,
balance,200,multistation_rep,42,42,42,t00869-c00114,114,869,3,2,True,1,35.2897499979008,67.94570799684152,220.61562500311993,0.012917000276502222,288.57425000023795
balance,200,multistation_rep,42,42,42,t00869-c00117,117,869,5,4,True,1,141.4670419981121,288.4997079963796,0.11575000098673627,0.007208996976260096,288.6226669943426
balance,200,multistation_rep,42,42,42,t00870-c00110,110,870,3,0,False,0,,,,,
balance,200,multistation_rep,42,42,42,t00870-c00117,117,870,4,3,True,1,72.74716700339923,161.45683300419478,0.024041997676249593,0.012707998394034803,161.49358300026506
balance,200,multistation_rep,42,42,42,t00871-c00110,110,871,3,0,False,0,,,,,
balance,200,multistation_rep,42,42,42,t00871-c00141,141,871,8,2,True,1,79.0975409981911,124.18391599931056,0.021917003323324025,0.01108299329644069,124.21691599593032
balance,200,multistation_rep,42,42,42,t00872-c00034,34,872,5,2,True,1,40.58562499994878,358.28945800312795,107.303166994825,0.015708006685599685,465.60833300463855
balance,200,multistation_rep,42,42,42,t00872-c00110,110,872,6,0,False,0,,,,,
balance,200,multistation_rep,42,42,42,t00872-c00141,141,872,7,2,True,1,388.591709001048,450.86787499894854,14.741334001882933,0.005750000127591193,465.61495900095906
balance,200,multistation_rep,42,42,42,t00872-c00199,199,872,7,7,True,1,108.41279199667042,430.35316699388204,35.26837500248803,0.006415997631847858,465.6279579940019
balance,200,multistation_rep,42,42,42,t00873-c00110,110,873,7,0,False,0,,,,,
balance,200,multistation_rep,42,42,42,t00873-c00141,141,873,7,2,True,1,108.01862499647541,150.87462499650428,0.02099999983329326,0.01041700306814164,150.90604199940572
balance,200,multistation_rep,42,42,42,t00874-c00110,110,874,4,0,False,0,,,,,
balance,200,multistation_rep,42,42,42,t00874-c00141,141,874,7,2,True,1,80.9632500022417,130.44333300058497,0.020209001377224922,0.009999996109399945,130.4735419980716
balance,200,multistation_rep,42,42,42,t00875-c00110,110,875,4,0,False,0,,,,,
balance,200,multistation_rep,42,42,42,t00876-c00059,59,876,3,2,True,1,700.3108330027317,821.4353329967707,25.148749999061693,0.019334001990500838,846.6034169978229
balance,200,multistation_rep,42,42,42,t00876-c00072,72,876,11,4,True,1,167.98437500256114,630.0983339970117,216.5409160006675,0.007167000148911029,846.646416997828
balance,200,multistation_rep,42,42,42,t00876-c00110,110,876,4,0,False,0,,,,,
balance,200,multistation_rep,42,42,42,t00877-c00110,110,877,3,0,False,0,,,,,
balance,200,multistation_rep,42,42,42,t00878-c00052,52,878,4,4,True,1,223.39041600207565,996.7754160024924,0.020874998881481588,0.017167003534268588,996.8134580049082
balance,200,multistation_rep,42,42,42,t00878-c00110,110,878,4,0,False,0,,,,,
balance,200,multistation_rep,42,42,42,t00878-c00124,124,878,7,4,True,1,120.86220899800537,696.1552089996985,300.66704099590424,0.0069590023485943675,996.8292089979514
balance,200,multistation_rep,42,42,42,t00879-c00110,110,879,3,0,False,0,,,,,
balance,200,multistation_rep,42,42,42,t00879-c00191,191,879,4,4,True,1,97.17924999858951,364.8611250027898,0.0324159991578199,0.01445900124963373,364.90800000319723
balance,200,multistation_rep,42,42,42,t00880-c00082,82,880,12,4,True,1,293.5628330014879,630.8913329994539,14.309584003058262,0.01920799695653841,645.2201249994687
balance,200,multistation_rep,42,42,42,t00880-c00110,110,880,6,0,False,0,,,,,
balance,200,multistation_rep,42,42,42,t00880-c00168,168,880,3,1,True,1,248.54254199453862,248.54254199453862,396.6814580053324,0.006583999493159354,645.2305839993642
balance,200,multistation_rep,42,42,42,t00880-c00191,191,880,3,3,True,1,248.51058299827855,590.6342910020612,54.58741699840175,0.005207999492995441,645.226915999956
balance,200,multistation_rep,42,42,42,t00881-c00110,110,881,3,0,False,0,,,,,
balance,200,multistation_rep,42,42,42,t00882-c00110,110,882,9,0,False,0,,,,,
balance,200,multistation_rep,42,42,42,t00883-c00027,27,883,7,3,True,1,226.79783300554845,577.9718750054599,481.6202079964569,0.01870899723144248,1059.6107919991482
balance,200,multistation_rep,42,42,42,t00883-c00110,110,883,5,0,False,0,,,,,
balance,200,multistation_rep,42,42,42,t00883-c00165,165,883,15,11,True,1,72.16662500286475,1028.3068749995437,31.306374999985565,0.00916700082598254,1059.6224170003552
balance,200,multistation_rep,42,42,42,t00884-c00041,41,884,4,3,True,1,173.79191699728835,863.3525830009603,82.26483399630524,0.015083001926541328,945.6324999991921
balance,200,multistation_rep,42,42,42,t00884-c00110,110,884,1,0,False,0,,,,,
balance,200,multistation_rep,42,42,42,t00884-c00165,165,884,11,8,True,1,62.44750000041677,938.0744579975726,7.5701669993577525,0.007875001756474376,945.6524999986868
balance,200,multistation_rep,42,42,42,t00884-c00175,175,884,4,3,True,1,173.6827920030919,626.0442080019857,319.59899999492336,0.005084002623334527,945.6482919995324
balance,200,multistation_rep,42,42,42,t00885-c00110,110,885,6,0,False,0,,,,,
balance,200,multistation_rep,42,42,42,t00886-c00110,110,886,5,0,False,0,,,,,
balance,200,multistation_rep,42,42,42,t00887-c00110,110,887,13,0,False,0,,,,,
balance,200,multistation_rep,42,42,42,t00887-c00154,154,887,12,3,True,1,272.19550000154413,657.6522920004209,0.029208000341895968,0.014917000953573734,657.6964170017163
balance,200,multistation_rep,42,42,42,t00887-c00174,174,887,3,2,True,1,90.96404199954122,323.045083998295,334.6983330047806,0.005999994755256921,657.7494169978308
balance,200,multistation_rep,42,42,42,t00888-c00110,110,888,5,0,False,0,,,,,
balance,200,multistation_rep,42,42,42,t00888-c00154,154,888,6,1,True,1,308.6894169973675,308.6894169973675,0.027667003450915217,0.012707998394034803,308.72979199921247
balance,200,multistation_rep,42,42,42,t00889-c00110,110,889,1,0,False,0,,,,,
balance,200,multistation_rep,42,42,42,t00890-c00108,108,890,7,7,True,1,65.87662499805447,465.5662500008475,0.023583001166116446,0.015958998119458556,465.6057920001331
balance,200,multistation_rep,42,42,42,t00890-c00110,110,890,2,0,False,0,,,,,
balance,200,multistation_rep,42,42,42,t00890-c00157,157,890,11,1,True,1,128.7575000023935,128.7575000023935,336.8475000024773,0.006499998562503606,465.6115000034333
balance,200,multistation_rep,42,42,42,t00891-c00033,33,891,10,10,True,1,75.32033399911597,553.058792000229,11.512707998917904,0.016666999727021903,564.5881669988739
balance,200,multistation_rep,42,42,42,t00891-c00110,110,891,6,0,False,0,,,,,
balance,200,multistation_rep,42,42,42,t00891-c00195,195,891,3,2,True,1,182.32829099724768,231.0599580014241,333.5242079992895,0.005959002010058612,564.5901250027237
balance,200,multistation_rep,42,42,42,t00894-c00063,63,894,5,4,True,1,26.959165996231604,275.1836659954279,9.839417005423456,0.016624995623715222,285.03970799647504
balance,200,multistation_rep,42,42,42,t00894-c00187,187,894,3,2,True,1,105.18258299998706,239.79187499935506,45.28812500211643,0.00695799826644361,285.08695799973793
balance,200,multistation_rep,42,42,42,t00895-c00146,146,895,4,0,False,0,,,,,
balance,200,multistation_rep,42,42,42,t00896-c00146,146,896,3,1,True,1,109.30554199876497,109.30554199876497,9.323416001279838,0.013958997442387044,118.64291699748719
balance,200,multistation_rep,42,42,42,t00897-c00146,146,897,3,1,True,1,100.51183299947297,100.51183299947297,9.136250002484303,0.014375000318977982,109.66245800227625
balance,200,multistation_rep,42,42,42,t00898-c00030,30,898,5,4,True,1,27.303666996886022,215.76612500211922,0.014083998394198716,0.012290998711250722,215.79249999922467
balance,200,multistation_rep,42,42,42,t00900-c00138,138,900,10,9,True,1,143.24758400471183,1027.4452920057229,0.02787500125123188,0.015166995581239462,1027.4883340025553
balance,200,multistation_rep,42,42,42,t00902-c00140,140,902,5,5,True,1,73.80495899997186,288.23874999943655,0.02454200148349628,0.01416700251866132,288.2774590034387
balance,200,multistation_rep,42,42,42,t00903-c00040,40,903,5,1,True,1,81.88462500402238,81.88462500402238,8.539333000953775,0.010957999620586634,90.43491600459674
balance,200,multistation_rep,42,42,42,t00904-c00035,35,904,6,6,True,1,16.510333996848203,163.84733399900142,0.014332996215671301,0.012500000593718141,163.8741669958108
balance,200,multistation_rep,42,42,42,t00905-c00035,35,905,9,8,True,1,56.47395900450647,468.47420900303405,0.018915998225566,0.01308399805566296,468.5062089993153
balance,200,multistation_rep,42,42,42,t00905-c00082,82,905,5,1,True,1,427.0203330015647,427.0203330015647,41.523916996084154,0.00541700137546286,468.54966699902434
balance,200,multistation_rep,42,42,42,t00906-c00035,35,906,9,4,True,1,80.64445800118847,1759.3436659954023,0.016959005733951926,0.01637499372009188,1759.3769999948563
balance,200,multistation_rep,42,42,42,t00906-c00051,51,906,6,5,True,1,539.9049580009887,1724.420291997376,34.995875001186505,0.008125003660097718,1759.4242920022225
balance,200,multistation_rep,42,42,42,t00906-c00082,82,906,4,0,False,0,,,,,
balance,200,multistation_rep,42,42,42,t00906-c00122,122,906,9,9,True,1,130.34287500340724,1724.351333003142,35.04058299586177,0.006709000444971025,1759.3986249994487
balance,200,multistation_rep,42,42,42,t00907-c00082,82,907,8,1,True,1,118.99937500129454,118.99937500129454,10.22887499857461,0.013250006304588169,129.24150000617374
balance,200,multistation_rep,42,42,42,t00908-c00003,3,908,9,7,True,1,236.89562499930616,1249.2540829989593,67.53533399751177,0.018083002942148596,1316.8074999994133
balance,200,multistation_rep,42,42,42,t00908-c00043,43,908,7,1,True,1,1316.730541002471,1316.730541002471,0.11512499622767791,0.0062920007621869445,1316.8519579994609
balance,200,multistation_rep,42,42,42,t00908-c00062,62,908,3,1,True,1,33.81104100117227,33.81104100117227,1283.032874998753,0.004749999789055437,1316.8486659997143
balance,200,multistation_rep,42,42,42,t00908-c00184,184,908,3,1,True,1,779.0917919992353,779.0917919992353,537.7456249989336,0.004083005478605628,1316.8415000036475
balance,200,multistation_rep,42,42,42,t00909-c00184,184,909,6,4,True,1,34.94174999650568,134.29916599852731,9.55029200122226,0.014833000022917986,143.8642909997725
balance,200,multistation_rep,42,42,42,t00910-c00150,150,910,8,4,True,1,66.57512500532903,255.1562080043368,0.02600000152597204,0.014041994290892035,255.19625000015367
balance,200,multistation_rep,42,42,42,t00911-c00105,105,911,4,4,True,1,105.12108400143916,412.50625000247965,0.022833999537397176,0.014375000318977982,412.543459002336
balance,200,multistation_rep,42,42,42,t00911-c00121,121,911,8,5,True,1,56.41745799948694,349.24291600327706,63.3535840024706,0.006749993190169334,412.6032499989378
balance,200,multistation_rep,42,42,42,t00912-c00013,13,912,4,3,True,1,232.65558300045086,716.1057500052266,0.017916994693223387,0.013875003787688911,716.1375420037075
balance,200,multistation_rep,42,42,42,t00912-c00086,86,912,3,3,True,1,46.26212499715621,590.6064169976162,125.5831250018673,0.007000002369750291,716.1965420018532
balance,200,multistation_rep,42,42,42,t00912-c00105,105,912,5,5,True,1,86.96870799758472,716.0270829990623,0.1612919950275682,0.005292000423651189,716.1936669945135
balance,200,multistation_rep,42,42,42,t00913-c00013,13,913,8,5,True,1,41.74187500029802,238.03395799768623,333.23612499953015,0.02129199856426567,571.2913749957806
balance,200,multistation_rep,42,42,42,t00913-c00015,15,913,6,2,True,1,99.00358299637446,421.44462499709334,149.87358300277265,0.006541995389852673,571.3247499952558
balance,200,multistation_rep,42,42,42,t00913-c00159,159,913,0,0,False,0,,,,,
balance,200,multistation_rep,42,42,42,t00913-c00190,190,913,3,1,True,1,541.6153330006637,541.6153330006637,29.677166996407323,0.004583002009894699,571.2970829990809
balance,200,multistation_rep,42,42,42,t00913-c00198,198,913,4,2,True,1,204.07404199795565,336.85041699936846,234.433124998759,0.00470800296170637,571.2882500010892
balance,200,multistation_rep,42,42,42,t00914-c00015,15,914,6,2,True,1,425.6271249978454,1022.2517080037505,1232.135666999966,0.015624995285179466,2254.4029999990016
balance,200,multistation_rep,42,42,42,t00914-c00056,56,914,10,9,True,1,330.8300410062657,2254.330125004344,0.11799999629147351,0.008499999239575118,2254.456624999875
balance,200,multistation_rep,42,42,42,t00914-c00159,159,914,10,8,True,1,330.78870800090954,2087.668708001729,166.7814169995836,0.006333000783342868,2254.456458002096
balance,200,multistation_rep,42,42,42,t00914-c00177,177,914,8,1,True,1,1051.1237079990678,1051.1237079990678,1203.3330839985865,0.00429100327892229,2254.4610830009333
balance,200,multistation_rep,42,42,42,t00914-c00198,198,914,7,2,True,1,136.30466599715874,1144.8644999982207,1109.584416000871,0.0040000013541430235,2254.452916000446
balance,200,multistation_rep,42,42,42,t00915-c00009,9,915,6,2,True,1,802.5760410018847,1394.8977910040412,293.64670899667544,0.014500001270789653,1688.5590000019874
balance,200,multistation_rep,42,42,42,t00915-c00156,156,915,4,3,True,1,762.4464590044226,1688.4775840007933,0.11370800348231569,0.006707996362820268,1688.5980000006384
balance,200,multistation_rep,42,42,42,t00915-c00159,159,915,8,5,True,1,102.9869170015445,1688.4457920023124,0.14762500359211117,0.00654099858365953,1688.5999580044881
balance,200,multistation_rep,42,42,42,t00916-c00159,159,916,3,2,True,1,31.771916001162026,84.11979099764721,0.013459000911097974,0.009499999578110874,84.14274999813642
balance,200,multistation_rep,42,42,42,t00917-c00159,159,917,3,2,True,1,81.85450000019046,194.10366599913687,0.023125001462176442,0.015416997484862804,194.1422079980839
balance,200,multistation_rep,42,42,42,t00918-c00159,159,918,5,2,True,1,43.2684999977937,92.76741700159619,28.47358299914049,0.016999998479150236,121.25799999921583
balance,200,multistation_rep,42,42,42,t00919-c00136,136,919,3,1,True,1,26.70904199476354,26.70904199476354,18.601291005325038,0.011874995834659785,45.322207995923236
balance,200,multistation_rep,42,42,42,t00920-c00136,136,920,3,1,True,1,22.801749997597653,22.801749997597653,18.17624999966938,0.010792005923576653,40.98879200319061
balance,200,multistation_rep,42,42,42,t00922-c00191,191,922,7,7,True,1,123.54325000342214,491.53025000123307,0.029834001907147467,0.014999997802078724,491.5750840009423
balance,200,multistation_rep,42,42,42,t00924-c00132,132,924,3,3,True,1,11.964541001361795,78.51462499820627,0.015500001609325409,0.009707997378427535,78.53983299719403
balance,200,multistation_rep,42,42,42,t00925-c00131,131,925,7,7,True,1,77.02716699714074,509.50824999745237,0.026041998353321105,0.01383299968438223,509.54812499549007
balance,200,multistation_rep,42,42,42,t00925-c00132,132,925,3,3,True,1,50.333458006207366,421.6011660028016,87.9748750012368,0.006499998562503606,509.5825410026009
balance,200,multistation_rep,42,42,42,t00925-c00179,179,925,3,2,True,1,152.89258400298422,494.954667003185,14.616916996601503,0.005041001713834703,509.57662500150036
balance,200,multistation_rep,42,42,42,t00926-c00076,76,926,3,2,True,1,38.54220899665961,192.9437090002466,9.611290995962918,0.018292004824616015,202.57329200103413
balance,200,multistation_rep,42,42,42,t00927-c00076,76,927,4,1,True,1,94.67520800535567,94.67520800535567,30.98787499766331,0.016874997527338564,125.67995800054632
balance,200,multistation_rep,42,42,42,t00928-c00061,61,928,8,1,True,1,254.16854200011585,254.16854200011585,12.026374999550171,0.018915998225566,266.2138329978916
balance,200,multistation_rep,42,42,42,t00928-c00092,92,928,3,2,True,1,26.20841599855339,79.46737499878509,186.77479100006167,0.007624999852851033,266.2497909986996
balance,200,multistation_rep,42,42,42,t00932-c00181,181,932,3,3,True,1,11.763000002247281,137.71604200155707,58.677082997746766,0.011500000255182385,196.40462499955902
balance,200,multistation_rep,42,42,42,t00932-c00186,186,932,6,2,True,1,57.78070799715351,196.32554100098787,0.08887500007404014,0.005458998202811927,196.41987499926472
balance,200,multistation_rep,42,42,42,t00933-c00116,116,933,6,3,True,1,62.191625002014916,158.02075000101468,0.020667001081164926,0.012249998690094799,158.05366700078594
balance,200,multistation_rep,42,42,42,t00933-c00146,146,933,3,0,False,0,,,,,
balance,200,multistation_rep,42,42,42,t00934-c00146,146,934,7,2,True,1,91.42533400154207,169.61299999820767,10.438709003210533,0.014582998119294643,180.0662919995375
balance,200,multistation_rep,42,42,42,t00935-c00054,54,935,4,0,False,0,,,,,
balance,200,multistation_rep,42,42,42,t00936-c00054,54,936,8,2,True,1,290.82275000109803,631.6845420005848,27.416375000029802,0.025875000574160367,659.1267920011887
balance,200,multistation_rep,42,42,42,t00936-c00090,90,936,3,1,True,1,347.49837499839487,347.49837499839487,311.6609159988002,0.006542002665810287,659.1658329998609
balance,200,multistation_rep,42,42,42,t00936-c00107,107,936,7,1,True,1,123.6095420026686,123.6095420026686,535.5430419949698,0.0047909998102113605,659.1573749974486
balance,200,multistation_rep,42,42,42,t00936-c00170,170,936,3,2,True,1,72.02891699853353,409.3002079971484,249.84229200344998,0.004499997885432094,659.1469999984838
balance,200,multistation_rep,42,42,42,t00937-c00118,118,937,5,1,True,1,106.28312500193715,106.28312500193715,8.7463329982711,0.015792000340297818,115.04525000054855
balance,200,multistation_rep,42,42,42,t00937-c00170,170,937,4,1,True,1,37.98891699989326,37.98891699989326,77.07316600135528,0.006333997589536011,115.06841699883807
balance,200,multistation_rep,42,42,42,t00938-c00153,153,938,6,1,True,1,183.40558300405974,183.40558300405974,8.943791995989159,0.01866600359790027,192.3680410036468
balance,200,multistation_rep,42,42,42,t00938-c00170,170,938,4,1,True,1,31.288457998016383,31.288457998016383,161.11616700072773,0.007041999197099358,192.4116669979412
balance,200,multistation_rep,42,42,42,t00940-c00065,65,940,9,5,True,1,49.997916001302656,600.7698329995037,0.019833001715596765,0.014999997802078724,600.8046659990214
balance,200,multistation_rep,42,42,42,t00940-c00106,106,940,3,0,False,0,,,,,
balance,200,multistation_rep,42,42,42,t00940-c00129,129,940,6,2,True,1,279.0412499962258,477.2594160021981,123.54316699929768,0.006166999810375273,600.8087500013062
balance,200,multistation_rep,42,42,42,t00941-c00106,106,941,3,0,False,0,,,,,
balance,200,multistation_rep,42,42,42,t00942-c00103,103,942,8,6,True,1,49.984416997176595,241.65554199862527,0.020958003005944192,0.013042001228313893,241.68954200285953
balance,200,multistation_rep,42,42,42,t00942-c00106,106,942,3,0,False,0,,,,,
balance,200,multistation_rep,42,42,42,t00943-c00037,37,943,9,6,True,1,109.78637499647448,642.5093750003725,16.516082992893644,0.01366700598737225,659.0391249992535
balance,200,multistation_rep,42,42,42,t00943-c00064,64,943,7,7,True,1,109.74608299875399,658.9664170023752,0.11858299694722518,0.006583002686966211,659.0915830020094
balance,200,multistation_rep,42,42,42,t00943-c00106,106,943,7,1,True,1,216.22212499642046,216.22212499642046,442.8557080027531,0.00404199818149209,659.081874997355
balance,200,multistation_rep,42,42,42,t00944-c00037,37,944,9,6,True,1,45.11879199708346,295.3488749990356,0.018667000404093415,0.012582997442223132,295.38012499688193
balance,200,multistation_rep,42,42,42,t00944-c00106,106,944,3,0,False,0,,,,,
balance,200,multistation_rep,42,42,42,t00945-c00069,69,945,3,3,True,1,63.02137499733362,283.44495900091715,19.240540997998323,0.015666999388486147,302.70116699830396
balance,200,multistation_rep,42,42,42,t00945-c00106,106,945,5,1,True,1,136.60408400028246,136.60408400028246,166.13012499874458,0.0054159972933121026,302.73962499632034
balance,200,multistation_rep,42,42,42,t00945-c00196,196,945,7,1,True,1,188.1322499975795,188.1322499975795,114.59866700170096,0.004416004230733961,302.7353330035112
balance,200,multistation_rep,42,42,42,t00946-c00069,69,946,3,3,True,1,71.5032500011148,335.2606249973178,10.047583004052285,0.014666999049950391,345.32287500042
balance,200,multistation_rep,42,42,42,t00946-c00106,106,946,5,1,True,1,198.2514170013019,198.2514170013019,147.1078749964363,0.00541700137546286,345.36470899911365
balance,200,multistation_rep,42,42,42,t00947-c00004,4,947,7,6,True,1,74.38620799803175,473.4563329984667,105.62187500181608,0.01983399852178991,579.0980419988045
balance,200,multistation_rep,42,42,42,t00947-c00069,69,947,3,3,True,1,238.36179199861363,561.4141670012032,17.722332995617762,0.0067920045694336295,579.1432920013904
balance,200,multistation_rep,42,42,42,t00947-c00106,106,947,4,0,False,0,,,,,
balance,200,multistation_rep,42,42,42,t00948-c00016,16,948,3,1,True,1,42.77104199718451,42.77104199718451,39.25237499788636,0.013708006008528173,82.0371250010794
balance,200,multistation_rep,42,42,42,t00948-c00106,106,948,3,0,False,0,,,,,
balance,200,multistation_rep,42,42,42,t00949-c00020,20,949,3,3,True,1,61.399874997732695,237.7591249969555,0.016917001630645245,0.01529099972685799,237.791332998313
balance,200,multistation_rep,42,42,42,t00949-c00106,106,949,5,1,True,1,141.549332998693,141.549332998693,96.2745420038118,0.006249996658880264,237.83012499916367
balance,200,multistation_rep,42,42,42,t00950-c00154,154,950,5,1,True,1,139.21541599847842,139.21541599847842,205.47458399960306,0.0262079993262887,344.71620799740776
balance,200,multistation_rep,42,42,42,t00950-c00168,168,950,3,1,True,1,273.1684590035002,273.1684590035002,71.58516599884024,0.006709000444971025,344.7603340027854
balance,200,multistation_rep,42,42,42,t00953-c00171,171,953,3,3,True,1,39.81045900582103,176.36108400620287,0.0249579970841296,0.012333002814557403,176.39837500610156
balance,200,multistation_rep,42,42,42,t00954-c00087,87,954,7,7,True,1,75.68062499922235,489.2937080003321,68.488916993374,0.015791003534104675,557.7984159972402
balance,200,multistation_rep,42,42,42,t00954-c00193,193,954,4,4,True,1,115.90970800170908,557.7172500052257,0.1194159995066002,0.007083996024448425,557.8437500007567
balance,200,multistation_rep,42,42,42,t00955-c00097,97,955,4,4,True,1,195.47195800259942,892.9502079990925,0.023792003048583865,0.01608299498911947,892.9900829971302
balance,200,multistation_rep,42,42,42,t00955-c00115,115,955,5,5,True,1,22.085958000388928,709.1169160048594,183.90729199745692,0.007000002369750291,893.031208004686
balance,200,multistation_rep,42,42,42,t00958-c00182,182,958,7,4,True,1,92.85616700071841,241.1838749976596,24.23879200068768,0.016417005099356174,265.4390840034466
balance,200,multistation_rep,42,42,42,t00960-c00118,118,960,6,4,True,1,23.46512499934761,103.3510409979499,16.952042002230883,0.01424999936716631,120.31733299954794
balance,200,multistation_rep,42,42,42,t00961-c00118,118,961,2,2,True,1,69.58295900403755,101.63054199801991,0.018500002624932677,0.010458003089297563,101.65950000373414
balance,200,multistation_rep,42,42,42,t00963-c00068,68,963,3,0,False,0,,,,,
balance,200,multistation_rep,42,42,42,t00964-c00068,68,964,3,0,False,0,,,,,
balance,200,multistation_rep,42,42,42,t00964-c00107,107,964,4,0,False,0,,,,,
balance,200,multistation_rep,42,42,42,t00965-c00068,68,965,3,0,False,0,,,,,
balance,200,multistation_rep,42,42,42,t00965-c00090,90,965,9,2,True,1,104.78641700319713,445.3262090028147,0.023166001483332366,0.012333999620750546,445.3617090039188
balance,200,multistation_rep,42,42,42,t00965-c00107,107,965,5,2,True,1,201.6986669987091,238.9311250008177,206.4632920009899,0.006082998879719526,445.4005000006873
balance,200,multistation_rep,42,42,42,t00965-c00137,137,965,3,2,True,1,29.538750000938307,357.4262920010369,87.96433299721684,0.005000001692678779,445.39562499994645
balance,200,multistation_rep,42,42,42,t00966-c00068,68,966,3,0,False,0,,,,,
balance,200,multistation_rep,42,42,42,t00967-c00068,68,967,4,0,False,0,,,,,
balance,200,multistation_rep,42,42,42,t00967-c00181,181,967,5,5,True,1,42.54575000231853,178.13749999913853,10.20983300259104,0.01629199687158689,188.36362499860115
balance,200,multistation_rep,42,42,42,t00968-c00005,5,968,10,7,True,1,89.47883400105638,696.225499996217,25.733250004122965,0.015833997167646885,721.9745839975076
balance,200,multistation_rep,42,42,42,t00968-c00068,68,968,4,0,False,0,,,,,
balance,200,multistation_rep,42,42,42,t00968-c00103,103,968,15,11,True,1,89.40699999948265,711.9325829989975,10.048500000266358,0.007874994480516762,721.9889579937444
balance,200,multistation_rep,42,42,42,t00969-c00068,68,969,3,1,True,1,73.95254100265447,73.95254100265447,7.643874996574596,0.011791998986154795,81.60820799821522
balance,200,multistation_rep,42,42,42,t00970-c00018,18,970,4,3,True,1,70.70258299791021,178.68604099930963,245.09712500002934,0.012417003745213151,423.7955830030842
balance,200,multistation_rep,42,42,42,t00970-c00133,133,970,14,14,True,1,25.861416994303,423.72387499926845,0.1252919973921962,0.008167000487446785,423.8573339971481
balance,200,multistation_rep,42,42,42,t00971-c00006,6,971,9,1,True,1,553.4764170006383,553.4764170006383,85.4749999998603,0.011249998351559043,638.9626669988502
balance,200,multistation_rep,42,42,42,t00971-c00018,18,971,4,1,True,1,317.3994590033544,317.3994590033544,321.5828749962384,0.005207999492995441,638.9875419990858
balance,200,multistation_rep,42,42,42,t00971-c00079,79,971,9,9,True,1,69.15904199559009,638.8624169994728,0.13270799536257982,0.008000002708286047,639.0031249975436
balance,200,multistation_rep,42,42,42,t00971-c00084,84,971,3,2,True,1,177.04566699831048,277.13179199781734,361.8579160029185,0.004374996933620423,638.9940829976695
balance,200,multistation_rep,42,42,42,t00972-c00018,18,972,3,1,True,1,45.18391600140603,45.18391600140603,67.5794999988284,0.012124997738283128,112.77554099797271
balance,200,multistation_rep,42,42,42,t00972-c00104,104,972,3,2,True,1,78.51045799907297,102.7597499996773,10.029041994130239,0.00650000583846122,112.795291999646
balance,200,multistation_rep,42,42,42,t00973-c00017,17,973,3,1,True,1,238.11724999541184,238.11724999541184,374.2941670061555,0.017499995010439306,612.4289169965778
balance,200,multistation_rep,42,42,42,t00973-c00025,25,973,4,2,True,1,285.6984169993666,435.34716699650744,177.12016600125935,0.007542003004346043,612.4748750007711
balance,200,multistation_rep,42,42,42,t00973-c00113,113,973,5,5,True,1,238.04141599975992,602.1199579990935,10.348208001232706,0.005459005478769541,612.4736250058049
balance,200,multistation_rep,42,42,42,t00973-c00163,163,973,4,3,True,1,285.62508300092304,470.7448750050389,141.71649999479996,0.0038750004023313522,612.4652500002412
balance,200,multistation_rep,42,42,42,t00974-c00194,194,974,4,4,True,1,7.262333994731307,81.03554199624341,0.017541999113745987,0.009208000847138464,81.0622919962043
balance,200,multistation_rep,42,42,42,t00975-c00106,106,975,3,1,True,1,182.6667500063195,182.6667500063195,81.68024999758927,0.013083001249469817,264.36008300515823
balance,200,multistation_rep,42,42,42,t00975-c00194,194,975,7,4,True,1,49.85533400031272,264.28695900540333,0.13162499817553908,0.008040995453484356,264.42662499903236
balance,200,multistation_rep,42,42,42,t00976-c00106,106,976,3,1,True,1,184.73099999391707,184.73099999391707,78.01562500389991,0.012333002814557403,262.75895800063154
balance,200,multistation_rep,42,42,42,t00976-c00111,111,976,4,4,True,1,24.946875004388858,262.68704200629145,0.12562499614432454,0.007415997970383614,262.82008300040616
balance,200,multistation_rep,42,42,42,t00977-c00096,96,977,8,7,True,1,63.23424999573035,302.6949170016451,23.000332999799866,0.014582998119294643,325.70983299956424
balance,200,multistation_rep,42,42,42,t00977-c00106,106,977,6,0,False,0,,,,,
balance,200,multistation_rep,42,42,42,t00978-c00083,83,978,7,7,True,1,116.6628330029198,723.7669169990113,0.022666004952043295,0.013833996490575373,723.8034170004539
balance,200,multistation_rep,42,42,42,t00978-c00106,106,978,10,2,True,1,530.8499579987256,572.8273329950753,151.01154200237943,0.006041998858563602,723.8449169963133
balance,200,multistation_rep,42,42,42,t00980-c00038,38,980,11,8,True,1,63.89329100056784,454.44729100563563,6.6350419947411865,0.016625002899672836,461.0989580032765
balance,200,multistation_rep,42,42,42,t00983-c00047,47,983,8,5,True,1,66.04079200042179,354.15454199392116,0.01716599945211783,0.013125005352776498,354.18483299872605
balance,200,multistation_rep,42,42,42,t00983-c00078,78,983,5,4,True,1,121.88650000462076,220.45900000375696,133.76216699543875,0.007333001121878624,354.2285000003176
balance,200,multistation_rep,42,42,42,t00987-c00103,103,987,12,10,True,1,76.62762499967357,1064.6195000008447,0.026291992980986834,0.015875004464760423,1064.6616669982905
balance,200,multistation_rep,42,42,42,t00987-c00164,164,987,4,3,True,1,244.95604100229684,958.8855830006651,105.8084169999347,0.006583002686966211,1064.7005830032867
balance,200,multistation_rep,42,42,42,t00988-c00016,16,988,5,1,True,1,62.156250001862645,62.156250001862645,285.5497499986086,0.01591700129210949,347.72191700176336
balance,200,multistation_rep,42,42,42,t00988-c00164,164,988,3,2,True,1,192.2860840059002,336.7617500043707,11.001499995472841,0.0072920011007227,347.77054200094426
balance,200,multistation_rep,42,42,42,t00989-c00100,100,989,10,7,True,1,147.13395800208673,685.2216250044876,0.022790998627897352,0.014375000318977982,685.2587910034345
balance,200,multistation_rep,42,42,42,t00990-c00069,69,990,4,4,True,1,52.99504100548802,298.57916600303724,0.016999998479150236,0.012500000593718141,298.6086660021101
balance,200,multistation_rep,42,42,42,t00991-c00005,5,991,7,5,True,1,87.54358300211607,1046.0722499992698,580.0712499985821,0.01712500670691952,1626.1606250045588
balance,200,multistation_rep,42,42,42,t00991-c00020,20,991,10,10,True,1,269.42741699895123,1626.0829169987119,0.12641699868254364,0.009625000529922545,1626.2189589979243
balance,200,multistation_rep,42,42,42,t00991-c00099,99,991,7,5,True,1,87.46237499872223,1439.2707079969114,186.9590420028544,0.006333000783342868,1626.2360830005491
balance,200,multistation_rep,42,42,42,t00991-c00143,143,991,7,7,True,1,161.8767920008395,1518.2684999963385,107.95950000465382,0.006249996658880264,1626.2342499976512
balance,200,multistation_rep,42,42,42,t00992-c00020,20,992,8,4,True,1,327.12112499575596,1111.943040996266,0.019874998542945832,0.01554200571263209,1111.9784580005216
balance,200,multistation_rep,42,42,42,t00992-c00109,109,992,3,3,True,1,108.53291700186674,1111.8970829993486,0.11554199591046199,0.006958005542401224,1112.0195830008015
balance,200,multistation_rep,42,42,42,t00992-c00117,117,992,5,2,True,1,509.85462500102585,567.6343329978408,544.3751670027268,0.004624998837243766,1112.0141249994049
balance,200,multistation_rep,42,42,42,t00993-c00070,70,993,7,4,True,1,119.31595799978822,289.52270800073165,0.018083002942148596,0.013749995559919626,289.5545409992337
balance,200,multistation_rep,42,42,42,t00994-c00070,70,994,7,7,True,1,69.99749999522464,601.8012499989709,38.35416599758901,0.014874996850267053,640.1702909934102
balance,200,multistation_rep,42,42,42,t00994-c00182,182,994,7,2,True,1,452.24266699369764,640.0871249934426,0.11270800314377993,0.005875001079402864,640.2057079976657
balance,200,multistation_rep,42,42,42,t00995-c00197,197,995,8,6,True,1,74.86249999783468,319.42187499953434,0.03129200194962323,0.015249999705702066,319.46841700118966
balance,200,multistation_rep,42,42,42,t00997-c00074,74,997,6,5,True,1,73.61562499863794,253.51033399783773,24.97787500033155,0.011915995855815709,278.5001249940251
balance,200,multistation_rep,42,42,42,t00997-c00180,180,997,8,4,True,1,41.31812500418164,278.42320800118614,0.10474999726284295,0.006584006769116968,278.5345420052181
balance,200,multistation_rep,42,42,42,t00998-c00180,180,998,11,6,True,1,114.41337499854853,612.3694999987492,0.027707996196113527,0.012875003449153155,612.4100829983945
balance,200,multistation_rep,42,42,42,t00998-c00181,181,998,7,6,True,1,181.39254100242397,382.89079099922674,229.5512500058976,0.00629199348622933,612.4483329986106
balance,200,multistation_rep,42,42,42,t00998-c00194,194,998,3,2,True,1,63.682291001896374,521.0179580026306,91.41549999912968,0.004333000106271356,612.4377910018666
balance,200,multistation_rep,42,42,42,t01001-c00114,114,1001,6,5,True,1,39.18595900177024,132.38908399944194,0.017250000382773578,0.010540999937802553,132.4168749997625
balance,200,multistation_rep,42,42,42,t01002-c00114,114,1002,4,3,True,1,7.986875003552996,68.16045900632162,0.011124997399747372,0.008582996088080108,68.18016699980944
balance,200,multistation_rep,42,42,42,t01004-c00049,49,1004,4,4,True,1,28.2886250060983,210.4309580026893,56.37816699891118,0.012917000276502222,266.822042001877
balance,200,multistation_rep,42,42,42,t01004-c00128,128,1004,4,4,True,1,22.828708999441005,266.7507499936619,0.10841699986485764,0.006375004886649549,266.8655419984134
balance,200,multistation_rep,42,42,42,t01005-c00128,128,1005,3,3,True,1,26.93804199952865,122.30483299936168,0.015833997167646885,0.009125003998633474,122.32979200052796
balance,200,multistation_rep,42,42,42,t01006-c00006,6,1006,4,0,False,0,,,,,
balance,200,multistation_rep,42,42,42,t01006-c00158,158,1006,7,5,True,1,50.20858399802819,212.18424999824492,16.707083996152505,0.013707998732570559,228.90504199313
balance,200,multistation_rep,42,42,42,t01007-c00006,6,1007,4,0,False,0,,,,,
balance,200,multistation_rep,42,42,42,t01008-c00006,6,1008,4,0,False,0,,,,,
balance,200,multistation_rep,42,42,42,t01008-c00173,173,1008,13,13,True,1,82.39599999797065,890.4997079953318,10.43641700380249,0.023957996745593846,900.9600829958799
balance,200,multistation_rep,42,42,42,t01009-c00006,6,1009,7,3,True,1,86.36833299533464,209.8614579954301,30.48687500267988,0.018625003576744348,240.36695800168673
balance,200,multistation_rep,42,42,42,t01010-c00112,112,1010,7,1,True,1,138.05491600214737,138.05491600214737,0.022624997654929757,0.01683399750618264,138.09437499730848
balance,200,multistation_rep,42,42,42,t01011-c00038,38,1011,7,5,True,1,68.5087499950896,242.71991599380272,6.89708400022937,0.014750003174412996,249.6317499972065
balance,200,multistation_rep,42,42,42,t01012-c00038,38,1012,7,5,True,1,57.14195899781771,197.81412500014994,6.523833995743189,0.01237499964190647,204.35033399553504
balance,200,multistation_rep,42,42,42,t01013-c00096,96,1013,9,1,True,1,209.00908399926266,209.00908399926266,151.2308750025113,0.013457996828947216,360.2534169986029
balance,200,multistation_rep,42,42,42,t01013-c00166,166,1013,8,4,True,1,49.31966699950863,360.17720800009556,0.13191699690651149,0.007875001756474376,360.31699999875855
balance,200,multistation_rep,42,42,42,t01014-c00096,96,1014,7,5,True,1,50.6606249982724,432.67241699504666,0.021792002371512353,0.014666002243757248,432.70887499966193
balance,200,multistation_rep,42,42,42,t01015-c00081,81,1015,3,3,True,1,28.92858300037915,312.4400000015157,146.92995799850905,0.014666999049950391,459.38462499907473
balance,200,multistation_rep,42,42,42,t01015-c00089,89,1015,8,5,True,1,124.45412499801023,459.31283299432835,0.11708300007740036,0.00758399983169511,459.43749999423744
balance,200,multistation_rep,42,42,42,t01016-c00053,53,1016,4,3,True,1,44.73229200084461,106.04687500017462,0.010667004971764982,0.009707997378427535,106.06725000252482
balance,200,multistation_rep,42,42,42,t01017-c00053,53,1017,7,1,True,1,71.1263749981299,71.1263749981299,53.708667001046706,0.01158300437964499,124.84662500355626
balance,200,multistation_rep,42,42,42,t01017-c00092,92,1017,3,2,True,1,24.722374997509178,109.21166699699825,15.648207998310681,0.005917005182709545,124.86579200049164
balance,200,multistation_rep,42,42,42,t01018-c00046,46,1018,9,1,True,1,81.97654099785723,81.97654099785723,0.008374998287763447,0.008584000170230865,81.99349999631522
balance,200,multistation_rep,42,42,42,t01020-c00097,97,1020,7,7,True,1,408.8859580006101,2467.805000000226,101.53333299967926,0.016292004147544503,2569.3546250040527
balance,200,multistation_rep,42,42,42,t01020-c00147,147,1020,9,9,True,1,408.8449999981094,2569.272875000024,0.1381250040140003,0.006832997314631939,2569.417833001353
balance,200,multistation_rep,42,42,42,t01021-c00097,97,1021,4,4,True,1,262.42616699892096,1204.2174999951385,0.02245799987576902,0.014625002222601324,1204.2545829972369
balance,200,multistation_rep,42,42,42,t01021-c00111,111,1021,3,3,True,1,68.37604199972702,943.8334169972222,260.44966599874897,0.0062920007621869445,1204.2893749967334
balance,200,multistation_rep,42,42,42,t01022-c00111,111,1022,6,3,True,1,465.53891700023087,941.66199999745,76.36133400228573,0.014833000022917986,1018.0381669997587
balance,200,multistation_rep,42,42,42,t01022-c00160,160,1022,9,9,True,1,93.93895800167229,1017.9592909989879,0.12295899796299636,0.008875002095010132,1018.0911249990459
balance,200,multistation_rep,42,42,42,t01023-c00021,21,1023,3,3,True,1,86.94949999335222,404.3987089971779,205.49529099662323,0.013791999663226306,609.9077919934643
balance,200,multistation_rep,42,42,42,t01023-c00160,160,1023,11,11,True,1,54.843666999659035,609.8277919954853,0.1168750022770837,0.00883299799170345,609.9534999957541
balance,200,multistation_rep,42,42,42,t01025-c00125,125,1025,6,4,True,1,41.53508399758721,192.47933400038164,0.022082997020334005,0.012500000593718141,192.5139169979957
balance,200,multistation_rep,42,42,42,t01026-c00108,108,1026,5,5,True,1,25.153625007078517,377.1564170019701,0.022207997972145677,0.015584002539981157,377.19420900248224
balance,200,multistation_rep,42,42,42,t01028-c00002,2,1028,3,3,True,1,68.55745799839497,216.59320799517445,87.20833300321829,0.011500000255182385,303.8130409986479
balance,200,multistation_rep,42,42,42,t01028-c00057,57,1028,4,4,True,1,83.26204100012546,303.7507499975618,0.08629100193502381,0.005709000106435269,303.84274999960326
balance,200,multistation_rep,42,42,42,t01029-c00194,194,1029,5,3,True,1,40.191750005760696,98.77820800465997,9.252249998098705,0.03366699820617214,108.06412500096485
balance,200,multistation_rep,42,42,42,t01030-c00151,151,1030,5,1,True,1,92.20812500279862,92.20812500279862,0.018207996618002653,0.011458003427833319,92.23779100284446
balance,200,multistation_rep,42,42,42,t01031-c00181,181,1031,4,3,True,1,103.34516700095264,230.95275000378024,0.025291999918408692,0.013791999663226306,230.99183400336187
balance,200,multistation_rep,42,42,42,t01033-c00142,142,1033,7,5,True,1,105.6794579999405,350.2280829998199,0.02516699896659702,0.012832999345846474,350.26608299813233
balance,200,multistation_rep,42,42,42,t01033-c00165,165,1033,3,1,True,1,142.62112500000512,142.62112500000512,207.67024999804562,0.0054580013966187835,350.29683299944736
balance,200,multistation_rep,42,42,42,t01034-c00077,77,1034,5,4,True,1,65.34437500522472,479.5135840031435,0.020250001398380846,0.015624995285179466,479.54945899982704
balance,200,multistation_rep,42,42,42,t01035-c00128,128,1035,7,6,True,1,66.28529199952027,258.0822919990169,9.89158300217241,0.015624995285179466,267.9894999964745
balance,200,multistation_rep,42,42,42,t01037-c00005,5,1037,12,8,True,1,25.492666994978208,367.2827919945121,5.543500003113877,0.013666998711414635,372.8399589963374
balance,200,multistation_rep,42,42,42,t01037-c00050,50,1037,3,3,True,1,74.99387500138255,333.09037500293925,39.78900000220165,0.006249996658880264,372.8856250017998
balance,200,multistation_rep,42,42,42,t01038-c00005,5,1038,3,2,True,1,24.267416003567632,36.77629100275226,0.007499998901039362,0.0076669966802001,36.7914579983335
balance,200,multistation_rep,42,42,42,t01039-c00039,39,1039,3,1,True,1,82.31920900288969,82.31920900288969,0.010832998668774962,0.010249998013023287,82.34029199957149
balance,200,multistation_rep,42,42,42,t01040-c00039,39,1040,10,7,True,1,42.33666700019967,501.5119590025279,0.018375001673121005,0.013874996511731297,501.5442090007127
balance,200,multistation_rep,42,42,42,t01042-c00166,166,1042,7,4,True,1,49.491500001749955,141.98758299608016,0.023709006200078875,0.011790994904004037,142.02308299718425
balance,200,multistation_rep,42,42,42,t01043-c00122,122,1043,8,8,True,1,30.48145799402846,376.07158299942967,0.02633300027810037,0.013958997442387044,376.11187499715015
balance,200,multistation_rep,42,42,42,t01044-c00005,5,1044,9,6,True,1,22.558458003913984,99.5403749984689,18.143083005270455,0.012166994565632194,117.695624998305
balance,200,multistation_rep,42,42,42,t01045-c00010,10,1045,7,4,True,1,29.99695800099289,98.45679200225277,0.00962499325396493,0.009291004971601069,98.47570800047833
balance,200,multistation_rep,42,42,42,t01046-c00044,44,1046,4,1,True,1,261.3592499983497,261.3592499983497,629.4740000012098,0.013707998732570559,890.846957998292
balance,200,multistation_rep,42,42,42,t01046-c00045,45,1046,3,2,True,1,498.49483399884775,847.9979589974391,42.88950000045588,0.005791000148747116,890.8932499980438
balance,200,multistation_rep,42,42,42,t01046-c00095,95,1046,5,4,True,1,88.25329200044507,734.7100830011186,156.17079199728323,0.005125002644490451,890.8860000010463
balance,200,multistation_rep,42,42,42,t01046-c00145,145,1046,8,4,True,1,305.9557910019066,881.3472500041826,9.523665998131037,0.004624998837243766,890.8755410011509
balance,200,multistation_rep,42,42,42,t01047-c00000,0,1047,5,5,True,1,343.8485410006251,664.5155829974101,0.012750002497341484,0.012416996469255537,664.5407499963767
balance,200,multistation_rep,42,42,42,t01047-c00044,44,1047,4,1,True,1,63.957999998820014,63.957999998820014,600.607708998723,0.0054580013966187835,664.5711669989396
balance,200,multistation_rep,42,42,42,t01047-c00102,102,1047,8,8,True,1,129.26483399496647,606.3703749969136,58.20533399673877,0.00650000583846122,664.5822089994908
balance,200,multistation_rep,42,42,42,t01048-c00044,44,1048,4,1,True,1,244.597207994957,244.597207994957,48.579334004898556,0.019582999811973423,293.1961249996675
balance,200,multistation_rep,42,42,42,t01048-c00158,158,1048,3,1,True,1,134.37270800204715,134.37270800204715,158.85812499618623,0.006834001396782696,293.23766699963016
balance,200,multistation_rep,42,42,42,t01049-c00034,34,1049,7,5,True,1,180.0365840026643,635.3668340016156,0.01704099850030616,0.0145840022014454,635.3984590023174
balance,200,multistation_rep,42,42,42,t01049-c00158,158,1049,6,3,True,1,139.9533750009141,500.61670900322497,134.8194579986739,0.006583002686966211,635.4427500045858
balance,200,multistation_rep,42,42,42,t01050-c00006,6,1050,7,1,True,1,271.7445000016596,271.7445000016596,117.82133299857378,0.01220900594489649,389.5780420061783
balance,200,multistation_rep,42,42,42,t01050-c00023,23,1050,7,6,True,1,62.34487499750685,389.5139590022154,0.10208299499936402,0.00866700429469347,389.6247090015095
balance,200,multistation_rep,42,42,42,t01051-c00046,46,1051,7,4,True,1,143.00087499577785,405.08199999749195,23.63895800226601,0.019499995687510818,428.74045799544547
balance,200,multistation_rep,42,42,42,t01052-c00046,46,1052,7,4,True,1,158.11320899956627,467.00162499473663,25.129708999884315,0.01654100196901709,492.14787499658996
balance,200,multistation_rep,42,42,42,t01053-c00046,46,1053,7,4,True,1,394.19345799979055,1138.9595410000766,665.9297090009204,0.020207997295074165,1804.909457998292
balance,200,multistation_rep,42,42,42,t01053-c00067,67,1053,6,6,True,1,66.39995799923781,1792.5842909971834,12.361500004772097,0.008458999218419194,1804.954250001174
balance,200,multistation_rep,42,42,42,t01053-c00130,130,1053,8,7,True,1,394.1143749980256,1690.4503330006264,114.49783299758565,0.006459005817305297,1804.9546250040294
balance,200,multistation_rep,42,42,42,t01054-c00048,48,1054,8,4,True,1,70.41762500011828,297.39320799853886,0.018042002920992672,0.015500001609325409,297.4267500030692
balance,200,multistation_rep,42,42,42,t01055-c00012,12,1055,3,2,True,1,258.277792003355,924.3287080025766,0.017250000382773578,0.013958997442387044,924.3599170004018
balance,200,multistation_rep,42,42,42,t01055-c00029,29,1055,3,3,True,1,258.2383330009179,924.2895410061465,0.09641699580242857,0.005916997906751931,924.3918749998556
balance,200,multistation_rep,42,42,42,t01056-c00029,29,1056,3,3,True,1,85.4012080017128,265.6056250052643,0.017041995306499302,0.01345800410490483,265.6361250046757
balance,200,multistation_rep,42,42,42,t01058-c00036,36,1058,3,3,True,1,58.715125000162516,229.52837500633905,34.246499999426305,0.022790998627897352,263.79766600439325
balance,200,multistation_rep,42,42,42,t01058-c00120,120,1058,12,3,True,1,131.9868749997113,263.71691600070335,0.10949999705189839,0.0062920007621869445,263.83270799851744
balance,200,multistation_rep,42,42,42,t01059-c00022,22,1059,5,3,True,1,97.08908299944596,464.23816600145074,0.015958998119458556,0.015040997823234648,464.26916599739343
balance,200,multistation_rep,42,42,42,t01059-c00157,157,1059,8,1,True,1,357.1860000010929,357.1860000010929,107.11829199863132,0.006041998858563602,464.3103339985828
balance,200,multistation_rep,42,42,42,t01060-c00152,152,1060,5,4,True,1,47.88529199868208,158.05116699630162,9.064958001545165,0.015708996215835214,167.13183399406262
balance,200,multistation_rep,42,42,42,t01061-c00021,21,1061,8,8,True,1,144.80408300005365,749.0771250013495,0.01883300137706101,0.01774999691406265,749.1137079996406
balance,200,multistation_rep,42,42,42,t01063-c00141,141,1063,4,2,True,1,22.427416995924432,80.42266700067557,8.113083000353072,0.013624994608107954,88.54937499563675
balance,200,multistation_rep,42,42,42,t01064-c00002,2,1064,13,12,True,1,77.25370799744269,1371.1336249980377,0.021667001419700682,0.018040998838841915,1371.1733329982962
balance,200,multistation_rep,42,42,42,t01064-c00149,149,1064,3,2,True,1,21.007625000493135,881.4052090019686,489.8070830022334,0.006374997610691935,1371.2186670018127
balance,200,multistation_rep,42,42,42,t01064-c00175,175,1064,7,5,True,1,383.9422079981887,1245.0518749974435,126.16066600457998,0.005333997251000255,1371.2178749992745
balance,200,multistation_rep,42,42,42,t01065-c00033,33,1065,15,15,True,1,37.38933400018141,463.13529199687764,0.0225000039790757,0.014874996850267053,463.172666997707
balance,200,multistation_rep,42,42,42,t01066-c00091,91,1066,9,8,True,1,66.39629200071795,319.5730419975007,6.622291999519803,0.015166006051003933,326.2105000030715
balance,200,multistation_rep,42,42,42,t01067-c00188,188,1067,3,2,True,1,35.47045899904333,94.08191699913004,7.996207998075988,0.01270900247618556,102.09083399968222
balance,200,multistation_rep,42,42,42,t01070-c00050,50,1070,5,4,True,1,11.346750005031936,168.32262500247452,0.011916999937966466,0.00912499672267586,168.34366699913517
balance,200,multistation_rep,42,42,42,t01071-c00050,50,1071,5,4,True,1,76.71387500158744,552.15175000194,0.018541999452281743,0.012958000297658145,552.1832500016899
balance,200,multistation_rep,42,42,42,t01071-c00123,123,1071,3,3,True,1,87.68520900048316,424.0032500019879,128.20662499871105,0.006499998562503606,552.2163749992615
balance,200,multistation_rep,42,42,42,t01073-c00135,135,1073,3,1,True,1,28.634750000492204,28.634750000492204,16.35458400414791,0.011790994904004037,45.00112499954412
balance,200,multistation_rep,42,42,42,t01074-c00028,28,1074,8,8,True,1,590.504667001369,1849.1303340051672,8.863666000252124,0.017583995941095054,1858.0115840013605
balance,200,multistation_rep,42,42,42,t01074-c00126,126,1074,6,1,True,1,1139.744125001016,1139.744125001016,718.2994160029921,0.005916997906751931,1858.049458001915
balance,200,multistation_rep,42,42,42,t01074-c00128,128,1074,9,7,True,1,47.843082997133024,1661.2989579953137,196.74370900611393,0.006124995707068592,1858.0487919971347
balance,200,multistation_rep,42,42,42,t01074-c00133,133,1074,9,9,True,1,590.3966670011869,1849.0225420027855,9.01720799447503,0.005542002327274531,1858.0452919995878
balance,200,multistation_rep,42,42,42,t01076-c00108,108,1076,11,10,True,1,108.1694160020561,1100.7215830031782,0.0265829949057661,0.018542006728239357,1100.7667080048122
balance,200,multistation_rep,42,42,42,t01078-c00172,172,1078,3,3,True,1,43.47350000170991,245.194041999639,0.025417000870220363,0.013165998097974807,245.2326249986072
balance,200,multistation_rep,42,42,42,t01080-c00120,120,1080,3,2,True,1,193.0735409987392,580.5083749946789,30.52587500133086,0.01841600169427693,611.052665997704
balance,200,multistation_rep,42,42,42,t01080-c00146,146,1080,10,2,True,1,238.19237499992596,290.70862499793293,320.3800830015098,0.006750000466126949,611.0954579999088
balance,200,multistation_rep,42,42,42,t01080-c00169,169,1080,3,2,True,1,31.926832998578902,444.7342080020462,166.36891699454281,0.005375004548113793,611.1085000011371
balance,200,multistation_rep,42,42,42,t01080-c00176,176,1080,7,3,True,1,86.44795799773419,325.604416000715,285.49570899485843,0.005083005817141384,611.1052080013906
balance,200,multistation_rep,42,42,42,t01081-c00077,77,1081,7,6,True,1,135.58899999770802,533.630957994319,61.02862500119954,0.015500001609325409,594.6750829971279
balance,200,multistation_rep,42,42,42,t01081-c00146,146,1081,6,2,True,1,398.7185000005411,578.9499579987023,15.772999999171589,0.0054580013966187835,594.7284159992705
balance,200,multistation_rep,42,42,42,t01081-c00170,170,1081,5,4,True,1,7.089415994414594,449.99279100011336,144.7261669964064,0.005166999471839517,594.7241249959916
balance,200,multistation_rep,42,42,42,t01082-c00077,77,1082,4,4,True,1,45.689708000281826,471.4942080026958,0.01966700074262917,0.01341600000159815,471.52729100344004
balance,200,multistation_rep,42,42,42,t01084-c00139,139,1084,4,4,True,1,55.62754200218478,375.4001249981229,0.025667002773843706,0.014915996871422976,375.4407079977682
balance,200,multistation_rep,42,42,42,t01085-c00075,75,1085,7,4,True,1,90.53929099900415,231.49762499815552,0.018165999790653586,0.012500000593718141,231.5282909985399
balance,200,multistation_rep,42,42,42,t01086-c00037,37,1086,6,4,True,1,64.82162499742117,282.40912500041304,0.015666999388486147,0.013874996511731297,282.43866699631326
balance,200,multistation_rep,42,42,42,t01087-c00116,116,1087,4,3,True,1,65.8834999994724,140.9510420053266,0.013958000636193901,0.012624994269572198,140.97762500023236
balance,200,multistation_rep,42,42,42,t01088-c00116,116,1088,4,3,True,1,92.19891599786934,199.9587909958791,0.020375002350192517,0.011167001503054053,199.99033299973235
balance,200,multistation_rep,42,42,42,t01090-c00015,15,1090,7,0,False,0,,,,,
balance,200,multistation_rep,42,42,42,t01091-c00015,15,1091,7,3,True,1,58.243624996975996,144.03370799846016,18.568041996331885,0.013250006304588169,162.61500000109663
balance,200,multistation_rep,42,42,42,t01093-c00150,150,1093,10,4,True,1,41.50020799716003,152.49545800179476,7.809707996784709,0.015875004464760423,160.32104100304423
balance,200,multistation_rep,42,42,42,t01094-c00023,23,1094,4,3,True,1,253.35420899500605,925.8256249959231,0.016666999727021903,0.014083001588005573,925.8563749972382
balance,200,multistation_rep,42,42,42,t01094-c00033,33,1094,4,3,True,1,253.3159579979838,925.787375002983,0.09441599831916392,0.006041998858563602,925.8878330001608
balance,200,multistation_rep,42,42,42,t01094-c00082,82,1094,11,1,True,1,279.90699999645585,279.90699999645585,645.9807080027531,0.004417001036927104,925.8921250002459
balance,200,multistation_rep,42,42,42,t01094-c00150,150,1094,6,1,True,1,702.9338330030441,702.9338330030441,222.94216699810931,0.0037909994716756046,925.8797910006251
balance,200,multistation_rep,42,42,42,t01095-c00033,33,1095,4,3,True,1,478.2381670011091,999.6987920021638,532.5535000010859,0.01566599530633539,1532.267957998556
balance,200,multistation_rep,42,42,42,t01095-c00071,71,1095,6,2,True,1,378.4193339961348,413.1729589935276,1119.1301660001045,0.006166999810375273,1532.3092919934425
balance,200,multistation_rep,42,42,42,t01095-c00101,101,1095,9,4,True,1,347.57495899975765,1532.1552500026883,0.14508399908663705,0.005207999492995441,1532.305542001268
balance,200,multistation_rep,42,42,42,t01095-c00148,148,1095,16,8,True,1,347.540000002482,1532.1202080012881,0.18854199879569933,0.005708003300242126,1532.314458003384
balance,200,multistation_rep,42,42,42,t01096-c00101,101,1096,12,6,True,1,30.897458003892098,223.9623749992461,0.022833002731204033,0.013500000932253897,223.99870800290955
balance,200,multistation_rep,42,42,42,t01097-c00007,7,1097,5,5,True,1,384.40616599837085,929.6737499971641,0.016083002265077084,0.014457997167482972,929.7042909965967
balance,200,multistation_rep,42,42,42,t01097-c00055,55,1097,3,2,True,1,384.3635000012,778.8306660004309,150.90108400181634,0.005665999196935445,929.7374160014442
balance,200,multistation_rep,42,42,42,t01097-c00174,174,1097,7,6,True,1,426.3582499988843,878.8344580025296,50.8902079964173,0.005500005499925464,929.7301660044468
balance,200,multistation_rep,42,42,42,t01099-c00013,13,1099,5,3,True,1,115.49404200195568,380.25637499958975,82.59825000277488,0.014709003153257072,462.8693340055179
balance,200,multistation_rep,42,42,42,t01099-c00093,93,1099,9,7,True,1,55.82366599992383,462.7972910020617,0.11712499690474942,0.009249997674487531,462.9236659966409
balance,200,multistation_rep,42,42,42,t01100-c00001,1,1100,5,2,True,1,198.04712499899324,429.18837499746587,405.2128330004052,0.01375000283587724,834.414958000707
balance,200,multistation_rep,42,42,42,t01100-c00080,80,1100,5,5,True,1,110.96312500012573,834.3414580012904,0.11037500371458009,0.007624999852851033,834.4594580048579
balance,200,multistation_rep,42,42,42,t01100-c00121,121,1100,7,4,True,1,59.20145900017815,693.6202500000945,140.8339170011459,0.005917005182709545,834.4600840064231
balance,200,multistation_rep,42,42,42,t01100-c00123,123,1100,3,2,True,1,371.6427500039572,653.6622080020607,180.785124997783,0.004250003257766366,834.4515830031014
balance,200,multistation_rep,42,42,42,t01104-c00041,41,1104,12,7,True,1,105.80691599898273,694.3837500002701,0.019208004232496023,0.013874996511731297,694.4168330010143
balance,200,multistation_rep,42,42,42,t01105-c00041,41,1105,12,7,True,1,97.3295000003418,968.6060000021826,0.020957995729986578,0.013917000615037978,968.6408749985276
balance,200,multistation_rep,42,42,42,t01105-c00131,131,1105,6,6,True,1,22.66829099971801,842.8462079973542,125.82937499973923,0.007417002052534372,968.682999999146
balance,200,multistation_rep,42,42,42,t01105-c00184,184,1105,6,3,True,1,540.9427920021699,842.8104170016013,125.86412499513244,0.00462500611320138,968.679167002847
balance,200,multistation_rep,42,42,42,t01106-c00043,43,1106,4,0,False,0,,,,,
balance,200,multistation_rep,42,42,42,t01107-c00043,43,1107,3,0,False,0,,,,,
balance,200,multistation_rep,42,42,42,t01107-c00167,167,1107,7,5,True,1,37.66929099947447,192.9007910002838,0.026084002456627786,0.012624994269572198,192.93949999701
balance,200,multistation_rep,42,42,42,t01108-c00019,19,1108,6,6,True,1,79.2472920002183,1295.104500000889,0.018999999156221747,0.0155829984578304,1295.139082998503
balance,200,multistation_rep,42,42,42,t01108-c00043,43,1108,6,1,True,1,1063.6609159992076,1063.6609159992076,231.5206670027692,0.005916997906751931,1295.1874999998836
balance,200,multistation_rep,42,42,42,t01109-c00050,50,1109,5,2,True,1,55.02775000059046,125.71645899879513,0.014458004443440586,0.01237499964190647,125.74329200288048
balance,200,multistation_rep,42,42,42,t01111-c00199,199,1111,7,7,True,1,67.82295800076099,334.7073749973788,0.028208000003360212,0.012458003766369075,334.7480410011485
balance,200,multistation_rep,42,42,42,t01114-c00119,119,1114,7,5,True,1,31.48312499979511,115.62637500173878,0.01925000105984509,0.011834003089461476,115.65745900588809
balance,200,multistation_rep,42,42,42,t01115-c00009,9,1115,7,3,True,1,76.35066600050777,184.6476659993641,14.46974999998929,0.01424999936716631,199.13166599872056
balance,200,multistation_rep,42,42,42,t01115-c00185,185,1115,3,0,False,0,,,,,
balance,200,multistation_rep,42,42,42,t01116-c00156,156,1116,5,0,False,0,,,,,
balance,200,multistation_rep,42,42,42,t01116-c00185,185,1116,10,4,True,1,88.20029199705459,261.1996249979711,48.08162500557955,0.016250000044237822,309.2975000035949
balance,200,multistation_rep,42,42,42,t01117-c00059,59,1117,4,3,True,1,262.7420839999104,980.3828750009416,8.754624999710359,0.016500001947861165,989.1540000025998
balance,200,multistation_rep,42,42,42,t01117-c00156,156,1117,12,3,True,1,437.316584000655,846.853667004325,142.32862499920884,0.007000002369750291,989.1892920059036
balance,200,multistation_rep,42,42,42,t01117-c00185,185,1117,10,4,True,1,66.81612499960465,532.2049579990562,456.97679199656704,0.0056249991757795215,989.187374994799
balance,200,multistation_rep,42,42,42,t01119-c00130,130,1119,4,2,True,1,194.56095799978357,452.74520800012397,152.24691700132098,0.014707999071106315,605.006833000516
balance,200,multistation_rep,42,42,42,t01119-c00150,150,1119,8,4,True,1,87.42604199505877,604.9314579940983,0.10908400145126507,0.007875001756474376,605.048416997306
balance,200,multistation_rep,42,42,42,t01120-c00187,187,1120,7,6,True,1,103.98004200396826,650.4680840007495,0.028624999686144292,0.016291000065393746,650.513000000501
balance,200,multistation_rep,42,42,42,t01121-c00075,75,1121,9,2,True,1,333.61883299949113,874.4811669967021,8.630208001704887,0.01737500133458525,883.1287499997416
balance,200,multistation_rep,42,42,42,t01121-c00187,187,1121,7,6,True,1,129.01066699851071,830.995582997275,52.17083400202682,0.00833300146041438,883.1747500007623
balance,200,multistation_rep,42,42,42,t01122-c00063,63,1122,3,2,True,1,34.24608299974352,75.313624998671,8.019207998586353,0.015042001905385405,83.34787499916274
balance,200,multistation_rep,42,42,42,t01125-c00015,15,1125,8,4,True,1,103.15279099449981,355.9674579955754,280.3344999992987,0.016707999748177826,636.3186659946223
balance,200,multistation_rep,42,42,42,t01125-c00081,81,1125,8,8,True,1,42.49662499933038,630.1227910007583,6.233000000065658,0.008124996384140104,636.3639159972081
balance,200,multistation_rep,42,42,42,t01125-c00177,177,1125,6,1,True,1,573.4827089981991,573.4827089981991,62.87083299685037,0.004333000106271356,636.3578749951557
balance,200,multistation_rep,42,42,42,t01126-c00104,104,1126,4,3,True,1,120.19287500152132,198.37158400332555,0.02112500078510493,0.01354100095340982,198.40625000506407
balance,200,multistation_rep,42,42,42,t01126-c00177,177,1126,4,0,False,0,,,,,
balance,200,multistation_rep,42,42,42,t01126-c00183,183,1126,6,1,True,1,72.99416699970607,72.99416699970607,125.40533299761591,0.005875001079402864,198.40537499840138
balance,200,multistation_rep,42,42,42,t01127-c00177,177,1127,8,1,True,1,191.49387500510784,191.49387500510784,12.140415994508658,0.014667006325908005,203.6489580059424
balance,200,multistation_rep,42,42,42,t01127-c00183,183,1127,6,1,True,1,68.34083300054772,68.34083300054772,135.327750002034,0.005208996299188584,203.67379199888092
balance,200,multistation_rep,42,42,42,t01129-c00026,26,1129,5,5,True,1,84.35954099695664,350.5557079988648,0.01604200224392116,0.012999997125007212,350.58474999823375
balance,200,multistation_rep,42,42,42,t01130-c00026,26,1130,3,3,True,1,55.44358299812302,173.6531249989639,0.015207995602395386,0.01237499964190647,173.6807079942082
balance,200,multistation_rep,42,42,42,t01131-c00018,18,1131,3,1,True,1,213.27083399955882,213.27083399955882,376.01408299815375,0.013417004083748907,589.2983340017963
balance,200,multistation_rep,42,42,42,t01131-c00026,26,1131,3,3,True,1,124.35337499482557,479.330124995613,109.99995900056092,0.0070829992182552814,589.3371669953922
balance,200,multistation_rep,42,42,42,t01131-c00093,93,1131,12,5,True,1,72.76329200249165,582.8074169985484,6.530750004458241,0.006166999810375273,589.344334002817
balance,200,multistation_rep,42,42,42,t01132-c00026,26,1132,3,2,True,1,182.37858400243567,402.5100420039962,10.088292001455557,0.018165999790653586,412.6165000052424
balance,200,multistation_rep,42,42,42,t01132-c00108,108,1132,6,2,True,1,122.87566699524177,305.7850420009345,106.87333299574675,0.007041999197099358,412.66541699587833
balance,200,multistation_rep,42,42,42,t01134-c00172,172,1134,9,9,True,1,91.46941600192804,630.664500000421,0.029582995921373367,0.017833001038525254,630.7119159973809
balance,200,multistation_rep,42,42,42,t01135-c00172,172,1135,9,9,True,1,121.12816700391704,835.9877080001752,0.03112500417046249,0.016958998457994312,836.0357920028036
balance,200,multistation_rep,42,42,42,t01137-c00107,107,1137,8,2,True,1,318.97920800111024,751.5862920045038,143.01820800028509,0.014291996194515377,894.6187920009834
balance,200,multistation_rep,42,42,42,t01137-c00127,127,1137,5,4,True,1,201.68137500149896,894.5414589979919,0.11695799912558869,0.007667003956157714,894.6660840010736
balance,200,multistation_rep,42,42,42,t01137-c00171,171,1137,6,5,True,1,92.78962499956833,751.5080000011949,143.15279199945508,0.006375004886649549,894.6671670055366
balance,200,multistation_rep,42,42,42,t01138-c00139,139,1138,7,4,True,1,92.63312500115717,265.6508330037468,0.023125001462176442,0.012624994269572198,265.68658299947856
balance,200,multistation_rep,42,42,42,t01139-c00113,113,1139,4,1,True,1,19.969083004980348,19.969083004980348,17.697791998216417,0.009791998309083283,37.67666700150585
balance,200,multistation_rep,42,42,42,t01140-c00162,162,1140,3,1,True,1,76.04383300349582,76.04383300349582,15.984166995622218,0.011500000255182385,92.03949999937322
balance,200,multistation_rep,42,42,42,t01142-c00010,10,1142,5,4,True,1,72.27599999896483,355.1912920011091,0.015915997209958732,0.016792000678833574,355.2239999989979
balance,200,multistation_rep,42,42,42,t01143-c00010,10,1143,5,4,True,1,91.68962499825284,584.9605840048753,0.014915996871422976,0.013625001884065568,584.9891250036308
balance,200,multistation_rep,42,42,42,t01143-c00192,192,1143,3,3,True,1,145.81258399994113,454.1129589997581,130.90304099750938,0.006209003913681954,585.0222090011812
balance,200,multistation_rep,42,42,42,t01144-c00124,124,1144,6,1,True,1,102.17541699967114,102.17541699967114,16.531916000531055,0.0106250008684583,118.71795800107066
balance,200,multistation_rep,42,42,42,t01145-c00062,62,1145,3,2,True,1,13.458333000016864,50.8661249987199,0.008666997018735856,0.007500006176996976,50.88229200191563
balance,200,multistation_rep,42,42,42,t01148-c00064,64,1148,3,3,True,1,30.524209003488068,115.78133400325896,0.012707998394034803,0.010249998013023287,115.80429199966602
balance,200,multistation_rep,42,42,42,t01149-c00094,94,1149,6,3,True,1,90.98820799408713,372.6154169999063,0.019874998542945832,0.011832999007310718,372.64712499745656
balance,200,multistation_rep,42,42,42,t01150-c00094,94,1150,3,2,True,1,250.84870799764758,422.8972079945379,0.02154200046788901,0.01383299968438223,422.93258299469016
balance,200,multistation_rep,42,42,42,t01151-c00023,23,1151,7,5,True,1,264.25112500146497,843.7560419988586,84.07004099717597,0.01700000575510785,927.8430830017896
balance,200,multistation_rep,42,42,42,t01151-c00043,43,1151,7,1,True,1,927.7703749976354,927.7703749976354,0.10766600462375209,0.006624999514315277,927.8846660017734
balance,200,multistation_rep,42,42,42,t01153-c00090,90,1153,11,3,True,1,51.298833001055755,206.20933300233446,5.463708999741357,0.023125001462176442,211.696167003538
balance,200,multistation_rep,42,42,42,t01155-c00040,40,1155,4,0,False,0,,,,,
balance,200,multistation_rep,42,42,42,t01155-c00058,58,1155,3,2,True,1,71.23666600091383,160.84312500606757,19.92812499520369,0.01912500010803342,180.7903750013793
balance,200,multistation_rep,42,42,42,t01156-c00040,40,1156,7,5,True,1,71.3177910001832,145.61562499875436,72.32516600197414,0.01445900124963373,217.95525000197813
balance,200,multistation_rep,42,42,42,t01156-c00105,105,1156,3,3,True,1,39.07933300069999,211.42116600094596,6.56650000018999,0.00620899663772434,217.99387499777367
balance,200,multistation_rep,42,42,42,t01158-c00178,178,1158,3,1,True,1,89.62283300206764,89.62283300206764,6.447166997531895,0.014208002539817244,96.08420800213935
balance,200,multistation_rep,42,42,42,t01161-c00056,56,1161,7,5,True,1,133.1575000003795,486.6083749948302,0.018083002942148596,0.013875003787688911,486.64033300156007
balance,200,multistation_rep,42,42,42,t01163-c00086,86,1163,6,6,True,1,91.12162499513943,582.3623339965707,0.021166000806260854,0.01562500256113708,582.3991249999381
balance,200,multistation_rep,42,42,42,t01163-c00114,114,1163,9,8,True,1,51.91029200068442,528.9116670028307,53.54654099937761,0.007791997632011771,582.4659999998403
balance,200,multistation_rep,42,42,42,t01164-c00073,73,1164,3,1,True,1,278.49266699922737,278.49266699922737,461.2633329961682,0.013500000932253897,739.7694999963278
balance,200,multistation_rep,42,42,42,t01164-c00086,86,1164,7,7,True,1,173.03166700003203,739.697500001057,0.11045899736927822,0.007957998604979366,739.8159169970313
balance,200,multistation_rep,42,42,42,t01164-c00125,125,1164,3,1,True,1,545.96641700482,545.96641700482,193.83512499916833,0.004292000085115433,739.8058340040734
balance,200,multistation_rep,42,42,42,t01164-c00144,144,1164,4,1,True,1,172.96358299790882,172.96358299790882,566.841417006799,0.004415996954776347,739.8094160016626
balance,200,multistation_rep,42,42,42,t01164-c00153,153,1164,5,3,True,1,407.32150000258116,666.6495000026771,73.15091700002085,0.004374996933620423,739.8047919996316
balance,200,multistation_rep,42,42,42,t01165-c00125,125,1165,10,5,True,1,267.33641699684085,605.1443749965983,8.662250002089422,0.015416997484862804,613.8220419961726
balance,200,multistation_rep,42,42,42,t01165-c00144,144,1165,4,1,True,1,97.35566600284074,97.35566600284074,516.4961249975022,0.0062920007621869445,613.8580830011051
balance,200,multistation_rep,42,42,42,t01166-c00062,62,1166,7,3,True,1,37.30375000304775,193.73154200002318,7.949416001792997,0.01270900247618556,201.69366700429237
balance,200,multistation_rep,42,42,42,t01167-c00062,62,1167,4,3,True,1,86.33341699896846,519.2540420030127,0.017790996935218573,0.012750002497341484,519.2845830024453
balance,200,multistation_rep,42,42,42,t01167-c00140,140,1167,9,9,True,1,33.91050000209361,444.8465000023134,74.46874999732245,0.007333001121878624,519.3225830007577
balance,200,multistation_rep,42,42,42,t01168-c00030,30,1168,4,1,True,1,198.174334000214,198.174334000214,26.378208000096492,0.010292002116329968,224.56283400242683
balance,200,multistation_rep,42,42,42,t01168-c00179,179,1168,10,2,True,1,99.66987500229152,224.49108400178375,0.09766600123839453,0.0069590023485943675,224.59570900537074
balance,200,multistation_rep,42,42,42,t01168-c00190,190,1168,3,1,True,1,155.3383339996799,155.3383339996799,69.24883300234796,0.004542001988738775,224.5917090040166
balance,200,multistation_rep,42,42,42,t01169-c00195,195,1169,0,0,False,0,,,,,
balance,200,multistation_rep,42,42,42,t01170-c00195,195,1170,4,3,True,1,155.80633300123736,416.8636670001433,0.026958005037158728,0.01316699490416795,416.90379200008465
balance,200,multistation_rep,42,42,42,t01171-c00057,57,1171,6,6,True,1,95.39487500296673,455.17237500462215,0.017209000361617655,0.013083001249469817,455.20266700623324
balance,200,multistation_rep,42,42,42,t01171-c00068,68,1171,11,3,True,1,62.49058300454635,313.4002500009956,141.82508300291374,0.006249996658880264,455.2315830005682
balance,200,multistation_rep,42,42,42,t01172-c00162,162,1172,4,1,True,1,29.983624997839797,29.983624997839797,245.64675000146963,0.019166996935382485,275.6495419962448
balance,200,multistation_rep,42,42,42,t01172-c00171,171,1172,3,2,True,1,119.50845800311072,268.16470800258685,7.536208002420608,0.006916998245287687,275.70783300325274
balance,200,multistation_rep,42,42,42,t01173-c00162,162,1173,4,1,True,1,39.76683400105685,39.76683400105685,21.20541600015713,0.01133399928221479,60.983584000496194
balance,200,multistation_rep,42,42,42,t01174-c00136,136,1174,11,4,True,1,55.97095799748786,573.0110410004272,541.7981670034351,0.014999997802078724,1114.8242080016644
balance,200,multistation_rep,42,42,42,t01174-c00162,162,1174,0,0,False,0,,,,,
balance,200,multistation_rep,42,42,42,t01174-c00187,187,1174,8,7,True,1,169.20145799667807,1114.706207998097,0.11037500371458009,0.007916998583823442,1114.8245000003953
balance,200,multistation_rep,42,42,42,t01175-c00162,162,1175,4,1,True,1,223.24583300360246,223.24583300360246,915.7477080007084,0.016166995919775218,1139.0097080002306
balance,200,multistation_rep,42,42,42,t01175-c00187,187,1175,9,2,True,1,640.7750840007793,1138.928209002188,0.12454099487513304,0.0077500008046627045,1139.0604999978677
balance,200,multistation_rep,42,42,42,t01175-c00191,191,1175,5,5,True,1,82.43012500315672,838.1092499985243,300.9446670039324,0.005832996976096183,1139.0597499994328
balance,200,multistation_rep,42,42,42,t01178-c00005,5,1178,5,4,True,1,55.09570799767971,146.38216699677287,0.011165997420903295,0.01604200224392116,146.4093749964377
balance,200,multistation_rep,42,42,42,t01179-c00065,65,1179,5,5,True,1,455.98949999839533,689.703959003964,0.018749997252598405,0.014332996215671301,689.7370419974322
balance,200,multistation_rep,42,42,42,t01179-c00154,154,1179,3,1,True,1,455.9488750019227,455.9488750019227,233.81854200124508,0.005333000444807112,689.7727500036126
balance,200,multistation_rep,42,42,42,t01180-c00053,53,1180,5,1,True,1,105.17737500049407,105.17737500049407,241.67458299780264,0.013707998732570559,346.8656659970293
balance,200,multistation_rep,42,42,42,t01180-c00092,92,1180,9,6,True,1,32.63150000566384,339.64333300536964,7.251291994180065,0.007708003977313638,346.902333003527
balance,200,multistation_rep,42,42,42,t01184-c00118,118,1184,3,1,True,1,43.05179100629175,43.05179100629175,7.309208995138761,0.008499999239575118,50.36950000067009
balance,200,multistation_rep,42,42,42,t01185-c00087,87,1185,3,3,True,1,183.92820800363552,262.3735829984071,7.155042003432754,0.013666998711414635,269.54229200055124
balance,200,multistation_rep,42,42,42,t01185-c00157,157,1185,6,3,True,1,22.576750001462642,161.14949999609962,108.4270840001409,0.006833004590589553,269.5834170008311
balance,200,multistation_rep,42,42,42,t01187-c00072,72,1187,6,4,True,1,248.56370800262084,766.9181250021211,0.02141699951607734,0.014458004443440586,766.9540000060806
balance,200,multistation_rep,42,42,42,t01187-c00186,186,1187,6,0,False,0,,,,,
balance,200,multistation_rep,42,42,42,t01188-c00086,86,1188,9,9,True,1,56.38191600155551,410.2859159975196,0.023125001462176442,0.015083998732734472,410.32412499771453
balance,200,multistation_rep,42,42,42,t01188-c00186,186,1188,5,1,True,1,274.30683299462544,274.30683299462544,136.04337500146357,0.006166999810375273,410.3563749958994
balance,200,multistation_rep,42,42,42,t01191-c00082,82,1191,4,0,False,0,,,,,
balance,200,multistation_rep,42,42,42,t01191-c00160,160,1191,4,4,True,1,17.91083300486207,312.9194159992039,6.657834004727192,0.016291000065393746,319.5935410039965
balance,200,multistation_rep,42,42,42,t01191-c00170,170,1191,4,2,True,1,118.49924999842187,312.88712499372195,6.754083005944267,0.005457994120661169,319.6466659937869
balance,200,multistation_rep,42,42,42,t01192-c00082,82,1192,3,0,False,0,,,,,
balance,200,multistation_rep,42,42,42,t01192-c00160,160,1192,3,3,True,1,363.3120419981424,641.3322089938447,0.029541006369981915,0.013791999663226306,641.3755419998779
balance,200,multistation_rep,42,42,42,t01192-c00172,172,1192,5,4,True,1,88.20524999464396,588.4885839986964,52.93895799695747,0.006917005521245301,641.4344590011751
balance,200,multistation_rep,42,42,42,t01193-c00079,79,1193,5,5,True,1,52.63725000259001,401.81358299741987,0.01925000105984509,0.014792000001762062,401.8476249984815
balance,200,multistation_rep,42,42,42,t01193-c00082,82,1193,3,0,False,0,,,,,
balance,200,multistation_rep,42,42,42,t01193-c00106,106,1193,3,0,False,0,,,,,
balance,200,multistation_rep,42,42,42,t01193-c00160,160,1193,3,3,True,1,86.91391599859344,273.874500002421,127.95645799633348,0.007041999197099358,401.83799999795156
balance,200,multistation_rep,42,42,42,t01194-c00047,47,1194,9,5,True,1,63.513916997180786,600.6631249983911,101.94058300112374,0.016041994967963547,702.6197499944828
balance,200,multistation_rep,42,42,42,t01194-c00069,69,1194,4,4,True,1,171.4008340059081,702.5444590035477,0.1112910031224601,0.007541995728388429,702.6632920023985
balance,200,multistation_rep,42,42,42,t01194-c00082,82,1194,4,0,False,0,,,,,
balance,200,multistation_rep,42,42,42,t01194-c00106,106,1194,3,0,False,0,,,,,
balance,200,multistation_rep,42,42,42,t01195-c00082,82,1195,3,1,True,1,26.605999999446794,26.605999999446794,62.57658299728064,0.011791998986154795,89.19437499571359
balance,200,multistation_rep,42,42,42,t01195-c00106,106,1195,5,1,True,1,70.04358300036984,70.04358300036984,19.165625002642628,0.005583002348430455,89.2147910053609
balance,200,multistation_rep,42,42,42,t01196-c00082,82,1196,3,1,True,1,44.522333999339025,44.522333999339025,244.35870799788972,0.011916999937966466,288.8929589971667
balance,200,multistation_rep,42,42,42,t01196-c00193,193,1196,5,4,True,1,44.47766699740896,288.8199589942815,0.10370800009695813,0.006917005521245301,288.9305839998997
balance,200,multistation_rep,42,42,42,t01198-c00035,35,1198,13,5,True,1,57.94787500053644,277.81729200069094,0.015958001313265413,0.011999996786471456,277.8452499987907
balance,200,multistation_rep,42,42,42,t01200-c00049,49,1200,5,5,True,1,23.782333002600353,167.01008300151443,0.017250000382773578,0.012167001841589808,167.0395000037388
balance,200,multistation_rep,42,42,42,t01200-c00180,180,1200,1,1,True,1,30.26141699956497,30.26141699956497,136.79166600195458,0.005667003279086202,167.05875000479864
balance,200,multistation_rep,42,42,42,t01201-c00196,196,1201,8,3,True,1,86.27666600659722,242.0347910010605,0.026708999939728528,0.013958000636193901,242.07545800163643
balance,200,multistation_rep,42,42,42,t01202-c00003,3,1202,9,4,True,1,450.04695800162153,2204.9734160027583,0.014999997802078724,0.015167002857197076,2205.0035830034176
balance,200,multistation_rep,42,42,42,t01202-c00051,51,1202,10,8,True,1,306.40112499531824,2008.603124995716,196.44645800144644,0.008499999239575118,2205.058082996402
balance,200,multistation_rep,42,42,42,t01202-c00137,137,1202,6,6,True,1,28.68000000307802,1748.8157500047237,456.23966599669075,0.006041998858563602,2205.061458000273
balance,200,multistation_rep,42,42,42,t01204-c00117,117,1204,6,6,True,1,181.51891700108536,361.26187500485685,0.023458997020497918,0.014625002222601324,361.29995900409995
balance,200,multistation_rep,42,42,42,t01204-c00159,159,1204,4,3,True,1,47.08195899729617,342.55558400036534,18.782915998599492,0.006834001396782696,361.3453340003616
balance,200,multistation_rep,42,42,42,t01205-c00060,60,1205,7,7,True,1,88.89300000009825,799.105124999187,85.40091699978802,0.012124997738283128,884.5181669967133
balance,200,multistation_rep,42,42,42,t01205-c00078,78,1205,5,2,True,1,566.528916999232,619.1365839986247,265.40895799553255,0.005750000127591193,884.5512919942848
balance,200,multistation_rep,42,42,42,t01205-c00103,103,1205,11,10,True,1,171.08804199961014,884.4107500044629,0.13100000069243833,0.0070829992182552814,884.5488330043736
balance,200,multistation_rep,42,42,42,t01206-c00088,88,1206,3,1,True,1,343.90029100177344,343.90029100177344,161.36237499449635,0.010750001820269972,505.27341599809006
balance,200,multistation_rep,42,42,42,t01206-c00103,103,1206,5,5,True,1,47.08608300279593,505.2071660029469,0.09145899821305647,0.0061250029830262065,505.304750004143
balance,200,multistation_rep,42,42,42,t01207-c00138,138,1207,3,2,True,1,79.34354100143537,234.78437500307336,7.61929099826375,0.014666999049950391,242.41833300038707
balance,200,multistation_rep,42,42,42,t01208-c00136,136,1208,7,2,True,1,99.7815829978208,152.17283299716655,35.28399999777321,0.01424999936716631,187.47108299430693
balance,200,multistation_rep,42,42,42,t01210-c00118,118,1210,7,2,True,1,50.374375001410954,95.71487499488285,5.174292004085146,0.0109999964479357,100.90016699541593
balance,200,multistation_rep,42,42,42,t01211-c00027,27,1211,9,5,True,1,67.03116700373357,485.8448340019095,12.941749999299645,0.01774999691406265,498.8043339981232
balance,200,multistation_rep,42,42,42,t01211-c00118,118,1211,9,2,True,1,177.5020420027431,300.5877920004423,198.2575829970301,0.00687500141793862,498.85224999889033
balance,200,multistation_rep,42,42,42,t01211-c00182,182,1211,9,1,True,1,485.7648750039516,485.7648750039516,13.07608299975982,0.004083995008841157,498.84504199872026
balance,200,multistation_rep,42,42,42,t01212-c00016,16,1212,6,4,True,1,42.559166002320126,329.27712500531925,0.01424999936716631,0.015915997209958732,329.3072910018964
balance,200,multistation_rep,42,42,42,t01212-c00182,182,1212,9,1,True,1,265.309458001866,265.309458001866,64.02700000035111,0.00587499380344525,329.34233299602056
balance,200,multistation_rep,42,42,42,t01213-c00096,96,1213,11,3,True,1,115.42254200321622,1109.4858750002459,7.140708003134932,0.01654199877521023,1116.643125002156
balance,200,multistation_rep,42,42,42,t01213-c00144,144,1213,4,4,True,1,76.12162500299746,934.357917001762,182.3418749991106,0.0070829992182552814,1116.7068750000908
balance,200,multistation_rep,42,42,42,t01213-c00182,182,1213,6,2,True,1,310.0455830062856,1071.7798750047223,44.91591700207209,0.005207999492995441,1116.7010000062874
balance,200,multistation_rep,42,42,42,t01213-c00186,186,1213,9,4,True,1,446.04195799911395,1020.5004579984234,96.1867500009248,0.005041998520027846,1116.6922499978682
balance,200,multistation_rep,42,42,42,t01214-c00025,25,1214,7,1,True,1,566.4861249970272,566.4861249970272,0.012249998690094799,0.011167001503054053,566.5095419972204
balance,200,multistation_rep,42,42,42,t01214-c00096,96,1214,12,7,True,1,57.921833998989314,509.6704169991426,56.87466699600918,0.007708003977313638,566.5527919991291
balance,200,multistation_rep,42,42,42,t01214-c00157,157,1214,11,1,True,1,443.47758399817394,443.47758399817394,123.0563329954748,0.0040000013541430235,566.5379169950029
balance,200,multistation_rep,42,42,42,t01215-c00025,25,1215,3,0,False,0,,,,,
balance,200,multistation_rep,42,42,42,t01216-c00025,25,1216,7,1,True,1,154.27025000099093,154.27025000099093,0.009583003702573478,0.011500000255182385,154.29133300494868
balance,200,multistation_rep,42,42,42,t01220-c00102,102,1220,10,10,True,1,35.914916996262036,352.380666998215,0.023917004000395536,0.014999997802078724,352.4195840000175
balance,200,multistation_rep,42,42,42,t01221-c00023,23,1221,7,4,True,1,148.60116700583603,557.8011670004344,0.015292003809008747,0.014165998436510563,557.8306250026799
balance,200,multistation_rep,42,42,42,t01221-c00074,74,1221,3,3,True,1,254.29841699951794,406.5349590018741,151.34816600038903,0.006333997589536011,557.8894589998526
balance,200,multistation_rep,42,42,42,t01222-c00023,23,1222,4,2,True,1,71.6455829970073,188.5690830022213,15.409833999001421,0.01570799940964207,203.99462500063237
balance,200,multistation_rep,42,42,42,t01223-c00011,11,1223,3,2,True,1,48.53104100038763,104.47970800305484,7.07995799893979,0.012167001841589808,111.57183300383622
balance,200,multistation_rep,42,42,42,t01226-c00034,34,1226,5,2,True,1,43.1256250012666,90.2559169990127,11.995250002655666,0.011040996469091624,102.26220799813746
balance,200,multistation_rep,42,42,42,t01229-c00166,166,1229,3,3,True,1,6.315582999377511,37.70762500062119,0.011665993952192366,0.008167000487446785,37.72745799506083
balance,200,multistation_rep,42,42,42,t01231-c00038,38,1231,12,8,True,1,145.7814169989433,961.881249997532,44.91004200099269,0.016458005120512098,1006.8077500036452
balance,200,multistation_rep,42,42,42,t01231-c00143,143,1231,9,9,True,1,145.73687499796506,997.3502499997267,9.49012499768287,0.008000002708286047,1006.8483750001178
balance,200,multistation_rep,42,42,42,t01231-c00154,154,1231,6,0,False,0,,,,,
balance,200,multistation_rep,42,42,42,t01232-c00046,46,1232,5,1,True,1,444.92545800312655,444.92545800312655,127.30229199951282,0.01204099680762738,572.239790999447
balance,200,multistation_rep,42,42,42,t01232-c00154,154,1232,4,1,True,1,136.73199999902863,136.73199999902863,435.5290409948793,0.00541700137546286,572.2664579952834
balance,200,multistation_rep,42,42,42,t01232-c00163,163,1232,4,3,True,1,258.4539169984055,572.1268749985029,0.13787500211037695,0.005666996003128588,572.2704169966164
balance,200,multistation_rep,42,42,42,t01233-c00119,119,1233,4,1,True,1,275.6477920047473,275.6477920047473,651.5914579940727,0.012834003427997231,927.252084002248
balance,200,multistation_rep,42,42,42,t01233-c00137,137,1233,3,1,True,1,8.135000003676396,8.135000003676396,919.1676669943263,0.005541005521081388,927.3082080035238
balance,200,multistation_rep,42,42,42,t01233-c00142,142,1233,5,4,True,1,564.4465830046101,842.7296250010841,84.56816700345371,0.005915993824601173,927.3037079983624
balance,200,multistation_rep,42,42,42,t01233-c00149,149,1233,8,2,True,1,503.16995799948927,730.745000000752,196.54199999786215,0.004542001988738775,927.2915420006029
balance,200,multistation_rep,42,42,42,t01233-c00154,154,1233,4,1,True,1,275.5122919988935,275.5122919988935,651.7722080025123,0.0036669953260570765,927.2881669967319
balance,200,multistation_rep,42,42,42,t01233-c00194,194,1233,7,4,True,1,346.85229099704884,927.047749995836,0.22937500034458935,0.00429100327892229,927.2814159994596
balance,200,multistation_rep,42,42,42,t01234-c00119,119,1234,4,1,True,1,24.13633299875073,24.13633299875073,546.85220799729,0.011459000234026462,570.9999999962747
balance,200,multistation_rep,42,42,42,t01234-c00149,149,1234,7,2,True,1,286.2257079978008,505.32899999961955,65.69158299680566,0.005375004548113793,571.0259580009733
balance,200,multistation_rep,42,42,42,t01234-c00194,194,1234,6,3,True,1,136.54566700279247,570.891584000492,0.12054100079694763,0.004875000740867108,571.0170000020298
balance,200,multistation_rep,42,42,42,t01234-c00198,198,1234,7,1,True,1,207.88904200162506,207.88904200162506,363.11204099911265,0.0036249984987080097,571.0047079992364
balance,200,multistation_rep,42,42,42,t01236-c00004,4,1236,3,2,True,1,294.0442089966382,574.8081669953535,0.015666999388486147,0.013583005056716502,574.8374169997987
balance,200,multistation_rep,42,42,42,t01236-c00084,84,1236,3,2,True,1,80.33604199590627,294.00816700217547,280.88020799623337,0.005458998202811927,574.8938339966116
balance,200,multistation_rep,42,42,42,t01237-c00004,4,1237,4,4,True,1,165.1999590030755,787.4401670051157,0.016957994375843555,0.01770900416886434,787.4748340036604
balance,200,multistation_rep,42,42,42,t01237-c00017,17,1237,5,0,False,0,,,,,
balance,200,multistation_rep,42,42,42,t01238-c00017,17,1238,4,1,True,1,39.22466700169025,39.22466700169025,17.572124997968785,0.011542004358489066,56.808334004017524
balance,200,multistation_rep,42,42,42,t01239-c00012,12,1239,3,3,True,1,116.72950000502169,256.62216700584395,4.829499994229991,0.013125005352776498,261.4647920054267
balance,200,multistation_rep,42,42,42,t01239-c00165,165,1239,7,5,True,1,36.62974999315338,197.40170899603982,64.08545799786225,0.007624999852851033,261.4947919937549
balance,200,multistation_rep,42,42,42,t01240-c00100,100,1240,4,2,True,1,144.3117919989163,174.04466700099874,77.77129199530464,0.013291006325744092,251.82925000262912
balance,200,multistation_rep,42,42,42,t01240-c00146,146,1240,7,3,True,1,74.6215420003864,229.80041700066067,22.060415998566896,0.006166999810375273,251.86699999903794
balance,200,multistation_rep,42,42,42,t01241-c00100,100,1241,3,1,True,1,29.842833006114233,29.842833006114233,10.967958995024674,0.009957999282050878,40.82075000042096
balance,200,multistation_rep,42,42,42,t01244-c00078,78,1244,6,6,True,1,136.5324590005912,757.7065419973223,0.0212500017369166,0.015875004464760423,757.743667003524
balance,200,multistation_rep,42,42,42,t01246-c00076,76,1246,3,2,True,1,34.23304099851521,122.38654099928681,0.0145840022014454,0.010707997716963291,122.41183299920522
balance,200,multistation_rep,42,42,42,t01247-c00096,96,1247,6,3,True,1,188.29245900269598,549.3867499972112,0.020542000129353255,0.013417004083748907,549.4207090014243
balance,200,multistation_rep,42,42,42,t01247-c00182,182,1247,11,6,True,1,77.35237500310177,446.3973329984583,103.05675000563497,0.007374997949227691,549.4614580020425
balance,200,multistation_rep,42,42,42,t01248-c00089,89,1248,12,9,True,1,56.90329199569533,1095.0559170014458,346.1207500004093,0.019790997612290084,1441.1964579994674
balance,200,multistation_rep,42,42,42,t01248-c00129,129,1248,10,4,True,1,494.53579200053355,1429.6027919990593,11.627499996393453,0.006624999514315277,1441.236916994967
balance,200,multistation_rep,42,42,42,t01249-c00052,52,1249,9,6,True,1,76.4078329957556,393.195791002654,0.0186669931281358,0.016250000044237822,393.2307079958264
balance,200,multistation_rep,42,42,42,t01250-c00020,20,1250,11,10,True,1,73.99820899445331,757.0519169967156,0.02091700298478827,0.01529099972685799,757.0881249994272
balance,200,multistation_rep,42,42,42,t01251-c00118,118,1251,5,0,False,0,,,,,
balance,200,multistation_rep,42,42,42,t01252-c00000,0,1252,3,3,True,1,130.90691700199386,464.6938330042758,77.10779199987883,0.013207994925323874,541.81483299908
balance,200,multistation_rep,42,42,42,t01252-c00045,45,1252,7,6,True,1,38.221541995881125,345.9860419970937,195.85775000450667,0.008082999556791037,541.8518750011572
balance,200,multistation_rep,42,42,42,t01252-c00118,118,1252,3,1,True,1,440.4737919976469,440.4737919976469,101.37587499775691,0.004542001988738775,541.8542089973926
balance,200,multistation_rep,42,42,42,t01252-c00147,147,1252,4,4,True,1,70.23299999855226,541.6687909964821,0.17495900101494044,0.005041001713834703,541.8487909992109
balance,200,multistation_rep,42,42,42,t01253-c00045,45,1253,7,6,True,1,30.23508399928687,201.25387500593206,76.47316699876683,0.013500000932253897,277.74054200563114
balance,200,multistation_rep,42,42,42,t01253-c00147,147,1253,3,3,True,1,86.24341700488003,272.773208002036,4.994374998204876,0.005583999154623598,277.77316699939547
balance,200,multistation_rep,42,42,42,t01255-c00025,25,1255,3,1,True,1,25.691333001304884,25.691333001304884,12.260582996532321,0.009000003046821803,37.960916000884026
balance,200,multistation_rep,42,42,42,t01256-c00175,175,1256,7,6,True,1,46.566333003283944,171.04841700347606,5.243749998044223,0.012666001566685736,176.30483300308697
balance,200,multistation_rep,42,42,42,t01257-c00041,41,1257,3,2,True,1,45.54633299994748,261.74216600338696,51.95775000174763,0.015749996236991137,313.7156660013716
balance,200,multistation_rep,42,42,42,t01257-c00175,175,1257,5,5,True,1,86.61479099828284,313.6364579986548,0.11616700066952035,0.00804100272944197,313.76066600205377
balance,200,multistation_rep,42,42,42,t01258-c00151,151,1258,5,0,False,0,,,,,
balance,200,multistation_rep,42,42,42,t01259-c00151,151,1259,6,3,True,1,76.20612499886192,149.6682500001043,17.230917001143098,0.013958000636193901,166.9131250018836
balance,200,multistation_rep,42,42,42,t01260-c00070,70,1260,5,4,True,1,63.00599999667611,278.4307499969145,0.01945900294231251,0.013790995581075549,278.4639999954379
balance,200,multistation_rep,42,42,42,t01261-c00113,113,1261,7,6,True,1,38.96991699730279,143.5851249989355,0.021624997316394,0.012750002497341484,143.61949999874923
balance,200,multistation_rep,42,42,42,t01261-c00141,141,1261,3,0,False,0,,,,,
balance,200,multistation_rep,42,42,42,t01262-c00141,141,1262,5,1,True,1,71.36937500035856,71.36937500035856,0.013791999663226306,0.009082999895326793,71.39224999991711
balance,200,multistation_rep,42,42,42,t01264-c00132,132,1264,5,3,True,1,60.34699999872828,200.08566599426558,0.024209002731367946,0.01599999814061448,200.12587499513756
balance,200,multistation_rep,42,42,42,t01265-c00132,132,1265,5,5,True,1,274.73320799617795,760.5961249937536,0.02466700243530795,0.014208002539817244,760.6349999987287
balance,200,multistation_rep,42,42,42,t01265-c00144,144,1265,3,2,True,1,219.12187499401625,600.8284159979667,159.8329170010402,0.006417001713998616,760.6677500007208
balance,200,multistation_rep,42,42,42,t01267-c00067,67,1267,12,12,True,1,37.43866700096987,386.9239999985439,0.02495900116628036,0.01599999814061448,386.9649589978508
balance,200,multistation_rep,42,42,42,t01269-c00122,122,1269,8,8,True,1,42.70020800322527,247.67591600539163,0.022249994799494743,0.011374999303370714,247.7095409994945
balance,200,multistation_rep,42,42,42,t01270-c00142,142,1270,1,1,True,1,56.95016699610278,56.95016699610278,0.011125004675704986,0.009874995157588273,56.97116699593607
balance,200,multistation_rep,42,42,42,t01271-c00071,71,1271,7,2,True,1,41.60795899952063,79.91616700019222,6.0325829981593415,0.011625001206994057,85.96037499955855
balance,200,multistation_rep,42,42,42,t01273-c00083,83,1273,6,6,True,1,56.25783400319051,537.801334001415,0.02216600114479661,0.014500001270789653,537.8380000038305
balance,200,multistation_rep,42,42,42,t01274-c00012,12,1274,7,6,True,1,234.90745900198817,969.9317090053228,59.049124996818136,0.013707998732570559,1028.9945420008735
balance,200,multistation_rep,42,42,42,t01274-c00081,81,1274,3,3,True,1,75.26112499908777,854.5699160022195,174.45487499935552,0.006499998562503606,1029.0312910001376
balance,200,multistation_rep,42,42,42,t01274-c00173,173,1274,7,7,True,1,75.22058299946366,1028.8784579970525,0.1597500013303943,0.006417001713998616,1029.0446250000969
balance,200,multistation_rep,42,42,42,t01275-c00081,81,1275,3,3,True,1,13.302209001267329,363.25850000139326,43.32774999784306,0.012500000593718141,406.59874999983003
balance,200,multistation_rep,42,42,42,t01275-c00173,173,1275,8,7,True,1,77.8960840034415,406.5216670060181,0.112292000267189,0.0070409951149486005,406.64100000140024
balance,200,multistation_rep,42,42,42,t01276-c00040,40,1276,7,4,True,1,292.3242500037304,2383.534957996744,9.30045800487278,0.024458997359033674,2392.859874998976
balance,200,multistation_rep,42,42,42,t01276-c00054,54,1276,15,6,True,1,292.28545899968594,2050.0850419994094,342.8340000027674,0.007499998901039362,2392.926542001078
balance,200,multistation_rep,42,42,42,t01276-c00115,115,1276,9,9,True,1,292.2479589979048,2383.457208998152,9.461000001465436,0.0070829992182552814,2392.9252919988357
balance,200,multistation_rep,42,42,42,t01276-c00133,133,1276,5,5,True,1,28.88554200035287,2277.917209001316,114.99662500136765,0.0054159972933121026,2392.919249999977
balance,200,multistation_rep,42,42,42,t01277-c00040,40,1277,4,3,True,1,81.27795800101012,132.07600000168895,82.9328749969136,0.01237499964190647,215.02124999824446
balance,200,multistation_rep,42,42,42,t01277-c00113,113,1277,7,6,True,1,41.166041999531444,214.95370799675584,0.10383399785496294,0.007333001121878624,215.06487499573268
balance,200,multistation_rep,42,42,42,t01278-c00015,15,1278,6,0,False,0,,,,,
balance,200,multistation_rep,42,42,42,t01278-c00121,121,1278,7,5,True,1,61.70550000388175,194.6578750066692,21.356166995246895,0.015833000361453742,216.02987500227755
balance,200,multistation_rep,42,42,42,t01279-c00015,15,1279,3,1,True,1,472.59095899789827,472.59095899789827,159.11912500450853,0.013624994608107954,631.7237089970149
balance,200,multistation_rep,42,42,42,t01279-c00121,121,1279,12,7,True,1,74.82454200362554,631.6495420032879,0.1099579967558384,0.008082999556791037,631.7675829996006
balance,200,multistation_rep,42,42,42,t01279-c00198,198,1279,8,2,True,1,189.65308299812023,570.7922920046258,60.96074999368284,0.004583002009894699,631.7576250003185
balance,200,multistation_rep,42,42,42,t01280-c00033,33,1280,12,11,True,1,33.122125001682434,361.7751249985304,0.019750004867091775,0.013207994925323874,361.8080829983228
balance,200,multistation_rep,42,42,42,t01281-c00049,49,1281,5,5,True,1,40.16816699731862,159.67633399850456,0.015333003830164671,0.011500000255182385,159.7031670025899
balance,200,multistation_rep,42,42,42,t01282-c00006,6,1282,5,2,True,1,14.142041996819898,60.66633299633395,12.789584005076904,0.01058299676515162,73.466499998176
balance,200,multistation_rep,42,42,42,t01283-c00169,169,1283,7,1,True,1,66.73987500107614,66.73987500107614,10.442999999213498,0.011374999303370714,77.19424999959301
balance,200,multistation_rep,42,42,42,t01284-c00147,147,1284,12,12,True,1,76.94229199842084,962.475499996799,0.02987500192830339,0.015833000361453742,962.5212079990888
balance,200,multistation_rep,42,42,42,t01286-c00112,112,1286,7,1,True,1,76.28904200100806,76.28904200100806,0.010916002793237567,0.009584000508766621,76.30954200431006
balance,200,multistation_rep,42,42,42,t01288-c00174,174,1288,7,6,True,1,62.09816699993098,430.3859999999986,155.53420800279127,0.014625002222601324,585.9348330050125
balance,200,multistation_rep,42,42,42,t01288-c00197,197,1288,5,5,True,1,123.48383399512386,580.6527499953518,5.309709005814511,0.006124995707068592,585.9685839968733
balance,200,multistation_rep,42,42,42,t01289-c00039,39,1289,6,6,True,1,74.74062499386491,438.7268339996808,0.01733299723127857,0.01454199809813872,438.75870899501024
balance,200,multistation_rep,42,42,42,t01290-c00039,39,1290,4,3,True,1,70.51958400552394,165.891417003877,0.012582997442223132,0.01091699959943071,165.91491700091865
balance,200,multistation_rep,42,42,42,t01291-c00076,76,1291,3,2,True,1,352.65312499541324,614.5792909956072,405.4121670051245,0.012916993000544608,1020.0043749937322
balance,200,multistation_rep,42,42,42,t01291-c00097,97,1291,9,8,True,1,96.89591699861921,1019.9314579949714,0.10370900417910889,0.007999995432328433,1020.0431669945829
balance,200,multistation_rep,42,42,42,t01291-c00101,101,1291,3,2,True,1,371.0358329990413,898.0837919953046,121.953083005792,0.005166999471839517,1020.0420420005685
balance,200,multistation_rep,42,42,42,t01295-c00148,148,1295,3,2,True,1,48.6887500010198,119.61200000223471,0.027082998713012785,0.016500001947861165,119.65558300289558
balance,200,multistation_rep,42,42,42,t01297-c00099,99,1297,5,4,True,1,98.38454100099625,291.29029100295156,10.168458997213747,0.014541001291945577,301.47329100145726
balance,200,multistation_rep,42,42,42,t01297-c00107,107,1297,9,3,True,1,33.92195799824549,233.61566600215156,67.89737499639159,0.006542002665810287,301.51958300120896
balance,200,multistation_rep,42,42,42,t01298-c00041,41,1298,4,2,True,1,50.38662500010105,127.54766600119183,16.27037499565631,0.02462499833200127,143.84266599518014
balance,200,multistation_rep,42,42,42,t01298-c00107,107,1298,3,0,False,0,,,,,
balance,200,multistation_rep,42,42,42,t01299-c00107,107,1299,3,0,False,0,,,,,
balance,200,multistation_rep,42,42,42,t01300-c00107,107,1300,7,1,True,1,85.88829200016335,85.88829200016335,235.2644170023268,0.025332999939564615,321.1780420024297
balance,200,multistation_rep,42,42,42,t01300-c00168,168,1300,5,1,True,1,314.3236660034745,314.3236660034745,6.891749995702412,0.006709000444971025,321.2221249996219
balance,200,multistation_rep,42,42,42,t01300-c00185,185,1300,7,0,False,0,,,,,
balance,200,multistation_rep,42,42,42,t01301-c00185,185,1301,7,3,True,1,37.32262500125216,85.95408399560256,13.066999999864493,0.0225000039790757,99.04358399944613
balance,200,multistation_rep,42,42,42,t01302-c00128,128,1302,6,4,True,1,281.61191700201016,364.75183299626224,0.02237500302726403,0.012750002497341484,364.78695800178684
balance,200,multistation_rep,42,42,42,t01302-c00158,158,1302,6,3,True,1,50.204833001771476,216.8893330017454,147.94895899831317,0.006750000466126949,364.8450420005247
balance,200,multistation_rep,42,42,42,t01303-c00091,91,1303,10,9,True,1,96.17245900153648,764.8820840040571,5.729790995246731,0.020209001377224922,770.6320840006811
balance,200,multistation_rep,42,42,42,t01303-c00128,128,1303,6,1,True,1,632.0519169967156,632.0519169967156,138.62575000530342,0.006999995093792677,770.6846669971128
balance,200,multistation_rep,42,42,42,t01304-c00104,104,1304,13,6,True,1,130.31620800029486,303.72391599667026,190.28137499844888,0.015083998732734472,494.0203749938519
balance,200,multistation_rep,42,42,42,t01304-c00128,128,1304,3,1,True,1,432.13708399707684,432.13708399707684,61.91566600318765,0.00620899663772434,494.0589589969022
balance,200,multistation_rep,42,42,42,t01304-c00167,167,1304,7,5,True,1,59.7167090018047,488.3699170022737,5.680833004589658,0.0056249991757795215,494.05637500603916
balance,200,multistation_rep,42,42,42,t01305-c00043,43,1305,8,1,True,1,80.80454200535314,80.80454200535314,6.393207993824035,0.011500000255182385,87.20924999943236
balance,200,multistation_rep,42,42,42,t01306-c00036,36,1306,5,5,True,1,283.51987499627285,760.2321669983212,0.019999999494757503,0.013292003131937236,760.2654590009479
balance,200,multistation_rep,42,42,42,t01306-c00049,49,1306,3,2,True,1,283.48141699825646,760.1938329971745,0.09583400242263451,0.005207999492995441,760.2948749990901
balance,200,multistation_rep,42,42,42,t01306-c00121,121,1306,3,1,True,1,501.88770800014026,501.88770800014026,258.39920900034485,0.004375004209578037,760.2912920046947
balance,200,multistation_rep,42,42,42,t01307-c00040,40,1307,3,1,True,1,173.25495899422094,173.25495899422094,142.48824999958742,0.012750002497341484,315.7559589963057
balance,200,multistation_rep,42,42,42,t01307-c00048,48,1307,6,4,True,1,53.657374999602325,315.69499999750406,0.11529200128279626,0.007417002052534372,315.8177090008394
balance,200,multistation_rep,42,42,42,t01308-c00040,40,1308,10,3,True,1,82.23654200264718,576.3124170043739,267.4759999936214,0.015208002878353,843.8036250008736
balance,200,multistation_rep,42,42,42,t01308-c00053,53,1308,12,4,True,1,125.84045900439378,722.5172920007026,121.32166700030211,0.0074160052463412285,843.846375006251
balance,200,multistation_rep,42,42,42,t01308-c00132,132,1308,6,4,True,1,180.99029199947836,843.6883749964181,0.14820800424786285,0.006041998858563602,843.8426249995246
balance,200,multistation_rep,42,42,42,t01310-c00112,112,1310,3,1,True,1,18.46654100518208,18.46654100518208,130.3289589995984,0.009249997674487531,148.80475000245497
balance,200,multistation_rep,42,42,42,t01310-c00166,166,1310,4,4,True,1,35.412999997788575,148.74250000139,0.06924999615876004,0.006207999831531197,148.8179579973803
balance,200,multistation_rep,42,42,42,t01311-c00018,18,1311,7,2,True,1,50.2560840031947,93.0450000014389,4.892500001005828,0.010166993888560683,97.94766699633328
balance,200,multistation_rep,42,42,42,t01312-c00018,18,1312,7,2,True,1,48.52424999990035,168.1243330021971,78.81441700010328,0.013040997146163136,246.95179099944653
balance,200,multistation_rep,42,42,42,t01312-c00176,176,1312,4,3,True,1,70.68337500095367,241.9818749986007,4.99600000330247,0.00620899663772434,246.98408399854088
balance,200,multistation_rep,42,42,42,t01313-c00173,173,1313,7,6,True,1,77.97174999723211,368.77587500202935,0.027582995244301856,0.01416700251866132,368.8176249997923
balance,200,multistation_rep,42,42,42,t01313-c00176,176,1313,4,3,True,1,185.39529100235086,316.68879100470804,52.163749998726416,0.007541995728388429,368.86008299916284
balance,200,multistation_rep,42,42,42,t01314-c00131,131,1314,3,3,True,1,36.89908399974229,142.06145900243428,41.27941600017948,0.010124997061211616,183.35099999967497
balance,200,multistation_rep,42,42,42,t01314-c00145,145,1314,7,4,True,1,27.851708000525832,183.2869580030092,0.07816700235707685,0.006290996680036187,183.37141600204632
balance,200,multistation_rep,42,42,42,t01315-c00101,101,1315,7,3,True,1,10.155374999158084,58.345292003650684,3.956082997319754,0.009499999578110874,62.31087500054855
balance,200,multistation_rep,42,42,42,t01316-c00075,75,1316,6,3,True,1,339.4962910024333,403.34687499853317,360.3690000018105,0.017291000403929502,763.7331660007476
balance,200,multistation_rep,42,42,42,t01316-c00095,95,1316,11,7,True,1,96.69299999950454,732.9687500023283,30.796500002907123,0.008124996384140104,763.7733750016196
balance,200,multistation_rep,42,42,42,t01317-c00114,114,1317,5,4,True,1,52.663040994957555,160.77487499569543,0.014875004126224667,0.012790995242539793,160.8025409950642
balance,200,multistation_rep,42,42,42,t01318-c00037,37,1318,3,2,True,1,94.95449999667471,156.54725000058534,0.011625001206994057,0.011791998986154795,156.57066700077849
balance,200,multistation_rep,42,42,42,t01323-c00063,63,1323,4,3,True,1,19.72595800179988,80.5705829989165,6.335292004223447,0.010915995517279953,86.91679099865723
balance,200,multistation_rep,42,42,42,t01325-c00002,2,1325,5,3,True,1,607.5344589989982,845.8156670021708,368.15554199711187,0.014290999388322234,1213.985499998671
balance,200,multistation_rep,42,42,42,t01325-c00022,22,1325,8,4,True,1,155.20583300531143,1213.9115410027443,0.11516700033098459,0.007374997949227691,1214.0340830010246
balance,200,multistation_rep,42,42,42,t01325-c00064,64,1325,4,4,True,1,155.17020900006173,1213.8752920000115,0.1629999969736673,0.005207999492995441,1214.0434999964782
balance,200,multistation_rep,42,42,42,t01325-c00199,199,1325,7,7,True,1,249.5627919997787,1213.8366250001127,0.19629199960036203,0.004624998837243766,1214.0375419985503
balance,200,multistation_rep,42,42,42,t01326-c00001,1,1326,8,2,True,1,189.2395419999957,290.67916700296337,7.010040993918665,0.01445900124963373,297.70366699813167
balance,200,multistation_rep,42,42,42,t01326-c00022,22,1326,5,4,True,1,30.8512920018984,238.94516700238455,58.78970799676608,0.0077500008046627045,297.7426249999553
balance,200,multistation_rep,42,42,42,t01327-c00077,77,1327,4,3,True,1,18.16741699440172,87.30820899654645,0.011415999324526638,0.01054200401995331,87.33016699989093
balance,200,multistation_rep,42,42,42,t01328-c00050,50,1328,5,2,True,1,20.944750001945067,33.76520900201285,0.009208000847138464,0.008999995770864189,33.783416998630855
balance,200,multistation_rep,42,42,42,t01329-c00068,68,1329,6,2,True,1,82.94941699568881,167.85212499962654,6.944374996237457,0.011042000551242381,174.80754199641524
balance,200,multistation_rep,42,42,42,t01330-c00109,109,1330,9,5,True,1,40.98379100469174,458.9405830047326,0.021749998268205673,0.013249999028630555,458.97558300202945
balance,200,multistation_rep,42,42,42,t01330-c00116,116,1330,4,3,True,1,125.6282909962465,373.0159159968025,85.98658400296699,0.006791000487282872,459.0092910002568
balance,200,multistation_rep,42,42,42,t01330-c00150,150,1330,3,2,True,1,58.00604200339876,178.47541700029979,280.5242500035092,0.0049579975893720984,459.0046250013984
balance,200,multistation_rep,42,42,42,t01331-c00184,184,1331,7,4,True,1,35.02204200049164,98.65495899430243,0.019166000129189342,0.009875002433545887,98.68399999686517
balance,200,multistation_rep,42,42,42,t01332-c00120,120,1332,4,1,True,1,181.1353329976555,181.1353329976555,271.69204199890373,0.013707998732570559,452.8410829952918
balance,200,multistation_rep,42,42,42,t01332-c00188,188,1332,12,7,True,1,40.74858399690129,439.62579199433094,13.25600000564009,0.008625000191386789,452.8904170001624
balance,200,multistation_rep,42,42,42,t01333-c00029,29,1333,9,9,True,1,57.10658399766544,664.4220419984777,0.020874998881481588,0.015958001313265413,664.4588749986724
balance,200,multistation_rep,42,42,42,t01336-c00007,7,1336,6,6,True,1,51.1155839994899,313.13483400299447,0.015040997823234648,0.013167002180125564,313.1630420029978
balance,200,multistation_rep,42,42,42,t01338-c00054,54,1338,3,0,False,0,,,,,
balance,200,multistation_rep,42,42,42,t01338-c00164,164,1338,5,4,True,1,66.03608399746008,291.1307089962065,12.250125000718981,0.014583005395252258,303.39541700232076
balance,200,multistation_rep,42,42,42,t01339-c00054,54,1339,3,0,False,0,,,,,
balance,200,multistation_rep,42,42,42,t01339-c00093,93,1339,7,6,True,1,53.4516249972512,666.4799580030376,0.026166999305132776,0.013457996828947216,666.5195829991717
balance,200,multistation_rep,42,42,42,t01339-c00111,111,1339,4,3,True,1,214.05958299874328,361.0575000056997,305.5162909950013,0.0067920045694336295,666.5805830052705
balance,200,multistation_rep,42,42,42,t01340-c00054,54,1340,7,3,True,1,229.25941600260558,517.8430000014487,93.15066599810962,0.0162090000230819,611.0098749995814
balance,200,multistation_rep,42,42,42,t01340-c00137,137,1340,7,2,True,1,563.2871669949964,610.929832997499,0.11512500350363553,0.005709000106435269,611.0506670011091
balance,200,multistation_rep,42,42,42,t01342-c00058,58,1342,8,6,True,1,83.95466700312681,370.5686670000432,0.01866600359790027,0.014583994925487787,370.6019169985666
balance,200,multistation_rep,42,42,42,t01343-c00005,5,1343,7,4,True,1,338.3377499994822,745.108707997133,0.01366700598737225,0.013290999049786478,745.1356660021702
balance,200,multistation_rep,42,42,42,t01343-c00058,58,1343,8,6,True,1,97.9905419953866,722.4603750000824,22.70404199953191,0.008292001439258456,745.1727090010536
balance,200,multistation_rep,42,42,42,t01343-c00156,156,1343,8,2,True,1,245.5171249966952,641.1473329935689,104.03416700137313,0.00508299854118377,745.1865829934832
balance,200,multistation_rep,42,42,42,t01344-c00058,58,1344,12,8,True,1,69.50995900115231,610.7119590014918,0.025165994884446263,0.020459003280848265,610.7575839996571
balance,200,multistation_rep,42,42,42,t01344-c00156,156,1344,7,2,True,1,186.29241699818522,556.710666998697,54.09929100278532,0.006166999810375273,610.8161250012927
balance,200,multistation_rep,42,42,42,t01345-c00058,58,1345,7,6,True,1,264.5244170053047,789.4756669993512,46.9100830014213,0.016167003195732832,836.4019170039683
balance,200,multistation_rep,42,42,42,t01345-c00156,156,1345,7,2,True,1,139.72758300224086,690.1943330012728,146.26345800206764,0.006583999493159354,836.4643750028335
balance,200,multistation_rep,42,42,42,t01345-c00183,183,1345,6,1,True,1,830.4421669963631,830.4421669963631,6.012999998347368,0.004458001058083028,836.4596249957685
balance,200,multistation_rep,42,42,42,t01346-c00050,50,1346,3,2,True,1,500.60574999952223,1065.1562920029392,331.1744169986923,0.015083001926541328,1396.345792003558
balance,200,multistation_rep,42,42,42,t01346-c00058,58,1346,3,2,True,1,379.0658750003786,1065.1216249971185,331.26837499730755,0.0069160014390945435,1396.3969159958651
balance,200,multistation_rep,42,42,42,t01346-c00075,75,1346,11,7,True,1,192.29479099885793,1199.0157079999335,197.37608300056309,0.006541995389852673,1396.3983329958864
balance,200,multistation_rep,42,42,42,t01346-c00080,80,1346,11,11,True,1,57.06258399732178,1389.5677089967648,6.844374998763669,0.007791000825818628,1396.4198749963543
balance,200,multistation_rep,42,42,42,t01346-c00183,183,1346,6,1,True,1,1244.602874998236,1244.602874998236,151.80404200509656,0.0038329962990246713,1396.4107499996317
balance,200,multistation_rep,42,42,42,t01347-c00036,36,1347,8,8,True,1,318.0067080029403,1564.8795000015525,0.02108299668179825,0.01700000575510785,1564.9175830039894
balance,200,multistation_rep,42,42,42,t01347-c00105,105,1347,5,5,True,1,317.96462499914924,1564.8371670031338,0.11545799497980624,0.006583999493159354,1564.9592089976068
balance,200,multistation_rep,42,42,42,t01348-c00105,105,1348,5,5,True,1,51.84533399733482,241.8495840029209,0.02149999636458233,0.011832999007310718,241.88291699829279
balance,200,multistation_rep,42,42,42,t01351-c00005,5,1351,3,1,True,1,520.5034160026116,520.5034160026116,645.8141249968321,0.011417003406677395,1166.3289580028504
balance,200,multistation_rep,42,42,42,t01351-c00022,22,1351,7,6,True,1,109.65808299806667,1015.2032499972847,151.17162500246195,0.008290997357107699,1166.3831659971038
balance,200,multistation_rep,42,42,42,t01351-c00037,37,1351,4,3,True,1,473.8947919977363,1093.7250839997432,72.64820799900917,0.005583002348430455,1166.3788750011008
balance,200,multistation_rep,42,42,42,t01351-c00064,64,1351,5,5,True,1,395.7905409988598,1166.1989159983932,0.16929199773585424,0.005207999492995441,1166.373415995622
balance,200,multistation_rep,42,42,42,t01352-c00005,5,1352,4,1,True,1,29.004875003010966,29.004875003010966,4.437749994394835,0.007500006176996976,33.4501250035828
balance,200,multistation_rep,42,42,42,t01353-c00081,81,1353,7,7,True,1,20.824124992941506,128.81391599512426,0.01641699782339856,0.012667005648836493,128.8429999985965
balance,200,multistation_rep,42,42,42,t01355-c00117,117,1355,7,6,True,1,28.77374999661697,854.8333750004531,184.06541700096568,0.01587499718880281,1038.9146669986076
balance,200,multistation_rep,42,42,42,t01355-c00127,127,1355,8,6,True,1,150.43483300541993,1038.8332080037799,0.11916700168512762,0.007791997632011771,1038.960167003097
balance,200,multistation_rep,42,42,42,t01356-c00132,132,1356,10,4,True,1,74.43775000137975,380.6552090027253,15.067749998706859,0.017291000403929502,395.7402500018361
balance,200,multistation_rep,42,42,42,t01358-c00076,76,1358,3,2,True,1,65.88508399727289,255.43629199819406,0.017124999430961907,0.013042001228313893,255.46645899885334
balance,200,multistation_rep,42,42,42,t01360-c00123,123,1360,4,4,True,1,70.83629100088729,310.11541599582415,0.021084000763949007,0.012541000614874065,310.149040997203
balance,200,multistation_rep,42,42,42,t01360-c00180,180,1360,3,2,True,1,38.16241699678358,236.41512500034878,73.75499999761814,0.0061250029830262065,310.17625000094995
balance,200,multistation_rep,42,42,42,t01361-c00180,180,1361,7,7,True,1,25.75937499932479,183.3114589971956,0.023583001166116446,0.012416996469255537,183.34745899483096
balance,200,multistation_rep,42,42,42,t01362-c00009,9,1362,9,4,True,1,34.862083004554734,646.9297080038814,0.014500001270789653,0.016166995919775218,646.960375001072
balance,200,multistation_rep,42,42,42,t01362-c00180,180,1362,9,6,True,1,122.79083299654303,646.8779999995604,0.10920799832092598,0.006542002665810287,646.9937500005472
balance,200,multistation_rep,42,42,42,t01363-c00168,168,1363,3,1,True,1,32.39695799857145,32.39695799857145,13.342625003133435,0.009333001798950136,45.74891600350384
balance,200,multistation_rep,42,42,42,t01364-c00007,7,1364,6,6,True,1,42.535374996077735,337.848249997478,0.016375000996049494,0.014457997167482972,337.8790829956415
balance,200,multistation_rep,42,42,42,t01365-c00126,126,1365,9,5,True,1,82.52395900490228,315.6288750033127,6.9992089993320405,0.012666001566685736,322.64075000421144
balance,200,multistation_rep,42,42,42,t01366-c00021,21,1366,6,6,True,1,39.151624994701706,274.162832996808,0.015083998732734472,0.012625001545529813,274.19054199708626
balance,200,multistation_rep,42,42,42,t01367-c00170,170,1367,6,3,True,1,27.94062499742722,100.69099999964237,0.014999997802078724,0.008791001164354384,100.7147909986088
balance,200,multistation_rep,42,42,42,t01368-c00010,10,1368,5,4,True,1,95.68254199984949,502.9937500003143,0.014959005056880414,0.012999997125007212,503.0217090024962
balance,200,multistation_rep,42,42,42,t01369-c00095,95,1369,3,2,True,1,22.903042001416907,327.1718339965446,0.02245799987576902,0.01424999936716631,327.2085419957875
balance,200,multistation_rep,42,42,42,t01369-c00188,188,1369,5,2,True,1,52.730582996446174,327.1314169978723,0.1233750008395873,0.006415997631847858,327.2612079963437
balance,200,multistation_rep,42,42,42,t01370-c00139,139,1370,3,2,True,1,30.477000000246335,104.68129200307885,0.013457996828947216,0.010000003385357559,104.70475000329316
balance,200,multistation_rep,42,42,42,t01371-c00139,139,1371,6,1,True,1,186.31674999778625,186.31674999778625,0.021457999537233263,0.012416996469255537,186.35062499379274
balance,200,multistation_rep,42,42,42,t01372-c00139,139,1372,6,1,True,1,173.49000000103842,173.49000000103842,0.016457997844554484,0.011042000551242381,173.51749999943422
balance,200,multistation_rep,42,42,42,t01374-c00013,13,1374,3,1,True,1,31.098999999812804,31.098999999812804,0.006166999810375273,0.007957998604979366,31.11312499822816
balance,200,multistation_rep,42,42,42,t01375-c00064,64,1375,3,2,True,1,80.14150000235531,186.84666699846275,17.764542004442774,0.010791001841425896,204.62200000474695
balance,200,multistation_rep,42,42,42,t01375-c00074,74,1375,7,4,True,1,22.010625005350448,204.55875000334345,0.08133400115184486,0.006832997314631939,204.64691700180992
balance,200,multistation_rep,42,42,42,t01381-c00034,34,1381,3,2,True,1,261.5132920036558,529.9086669983808,205.44850000442239,0.013749995559919626,735.3709169983631
balance,200,multistation_rep,42,42,42,t01381-c00075,75,1381,3,1,True,1,695.9145000000717,695.9145000000717,39.49545799696352,0.00541700137546286,735.4153749984107
balance,200,multistation_rep,42,42,42,t01381-c00087,87,1381,8,8,True,1,47.88429199834354,730.1219999935711,5.289083004754502,0.0072499969974160194,735.418332995323
balance,200,multistation_rep,42,42,42,t01381-c00092,92,1381,11,9,True,1,144.04637499683304,625.6338749954011,109.77679100324167,0.005875001079402864,735.4165409997222
balance,200,multistation_rep,42,42,42,t01382-c00034,34,1382,5,2,True,1,66.45279100484913,192.25620799988974,52.3853750055423,0.012707998394034803,244.65429100382607
balance,200,multistation_rep,42,42,42,t01382-c00092,92,1382,7,4,True,1,66.41600000148173,236.92291699990164,7.756082995911129,0.006417001713998616,244.68541699752677
balance,200,multistation_rep,42,42,42,t01386-c00179,179,1386,8,4,True,1,95.15058300166856,294.85395799565595,5.888375002541579,0.014208002539817244,300.75654100073734
balance,200,multistation_rep,42,42,42,t01387-c00180,180,1387,7,6,True,1,57.95683299947996,226.7627499968512,0.025250003091059625,0.01266699837287888,226.80066699831514
balance,200,multistation_rep,42,42,42,t01388-c00164,164,1388,11,10,True,1,90.08920799533371,577.4706659940421,0.02950000634882599,0.015249999705702066,577.5154160000966
balance,200,multistation_rep,42,42,42,t01389-c00164,164,1389,4,1,True,1,49.943999998504296,49.943999998504296,4.799750000529457,0.008999995770864189,54.75274999480462
balance,200,multistation_rep,42,42,42,t01390-c00090,90,1390,7,1,True,1,56.767458001559135,56.767458001559135,96.51829199719941,0.010458003089297563,153.29620800184784
balance,200,multistation_rep,42,42,42,t01390-c00170,170,1390,5,2,True,1,97.512790998735,153.2260829990264,0.10512500011827797,0.006583002686966211,153.33779100183165
balance,200,multistation_rep,42,42,42,t01391-c00090,90,1391,4,3,True,1,30.072249996010214,87.35483299824409,0.010541996743995696,0.009250004950445145,87.37462499993853
balance,200,multistation_rep,42,42,42,t01392-c00047,47,1392,5,1,True,1,64.94287499663187,64.94287499663187,10.100665997015312,0.012167001841589808,75.05570799548877
balance,200,multistation_rep,42,42,42,t01393-c00055,55,1393,5,5,True,1,38.02029199869139,394.045291999646,0.020083003619220108,0.013916993339080364,394.0792919966043
balance,200,multistation_rep,42,42,42,t01393-c00082,82,1393,9,1,True,1,394.0090410033008,394.0090410033008,0.10108399874297902,0.005374997272156179,394.11549999931594
balance,200,multistation_rep,42,42,42,t01394-c00058,58,1394,9,6,True,1,36.06420899450313,430.2382499954547,71.72779200482182,0.012917000276502222,501.978959000553
balance,200,multistation_rep,42,42,42,t01394-c00108,108,1394,11,5,True,1,111.25275000085821,501.9021249972866,0.11129199992865324,0.006291003955993801,502.01970800117124
balance,200,multistation_rep,42,42,42,t01395-c00058,58,1395,5,4,True,1,46.81104100018274,218.0809159981436,4.697374999523163,0.011916999937966466,222.79020799760474
balance,200,multistation_rep,42,42,42,t01396-c00026,26,1396,4,4,True,1,84.18387499841629,416.5762080010609,0.015249999705702066,0.012500000593718141,416.6039580013603
balance,200,multistation_rep,42,42,42,t01396-c00065,65,1396,6,3,True,1,31.806416998733766,351.84825000033015,64.78775000141468,0.006166999810375273,416.6421670015552
balance,200,multistation_rep,42,42,42,t01396-c00140,140,1396,3,3,True,1,128.72375000006286,305.2311249994091,111.40449999948032,0.005375004548113793,416.6410000034375
balance,200,multistation_rep,42,42,42,t01397-c00106,106,1397,9,4,True,1,45.47666599682998,130.0690409989329,11.627916996076237,0.011333002476021647,141.70829099748516
balance,200,multistation_rep,42,42,42,t01399-c00146,146,1399,3,0,False,0,,,,,
balance,200,multistation_rep,42,42,42,t01400-c00125,125,1400,7,3,True,1,86.03541699994821,233.97554199618753,4.308125004172325,0.012249998690094799,238.29591699904995
balance,200,multistation_rep,42,42,42,t01400-c00146,146,1400,9,4,True,1,46.270874998299405,168.02520799683407,70.29624999995576,0.006834001396782696,238.32829199818661
balance,200,multistation_rep,42,42,42,t01401-c00036,36,1401,8,8,True,1,21.95637499971781,247.2898339983658,0.01787499786587432,0.012707998394034803,247.3204169946257
balance,200,multistation_rep,42,42,42,t01402-c00135,135,1402,7,5,True,1,51.35083299683174,235.56679199828068,0.020624996977858245,0.009666000551078469,235.59708299580961
balance,200,multistation_rep,42,42,42,t01403-c00044,44,1403,3,2,True,1,113.75904200394871,291.1966250030673,37.54912500153296,0.011958996765315533,328.7577090013656
balance,200,multistation_rep,42,42,42,t01403-c00046,46,1403,3,0,False,0,,,,,
balance,200,multistation_rep,42,42,42,t01403-c00124,124,1403,8,5,True,1,39.36199999589007,245.45862499508075,83.30762500554556,0.005957997927907854,328.7722079985542
balance,200,multistation_rep,42,42,42,t01403-c00171,171,1403,6,4,True,1,101.61520799738355,328.6176659967168,0.1430000047548674,0.0043339969124644995,328.76499999838416
balance,200,multistation_rep,42,42,42,t01404-c00044,44,1404,6,1,True,1,33.1903339974815,33.1903339974815,28.53420800238382,0.009666997357271612,61.734208997222595
balance,200,multistation_rep,42,42,42,t01404-c00046,46,1404,3,0,False,0,,,,,
balance,200,multistation_rep,42,42,42,t01405-c00046,46,1405,5,1,True,1,170.9811249966151,170.9811249966151,7.931207997899037,0.00916700082598254,178.92149999534013
balance,200,multistation_rep,42,42,42,t01405-c00153,153,1405,7,5,True,1,51.43333299929509,145.86079199943924,33.07245800533565,0.006582995411008596,178.9398330001859
balance,200,multistation_rep,42,42,42,t01407-c00030,30,1407,8,2,True,1,85.13608299836051,270.5495830014115,0.011916999937966466,0.009875002433545887,270.57137500378303
balance,200,multistation_rep,42,42,42,t01407-c00192,192,1407,8,8,True,1,17.989833002502564,242.87524999817833,27.72216599987587,0.007542003004346043,270.60495800105855
balance,200,multistation_rep,42,42,42,t01408-c00175,175,1408,4,3,True,1,99.7990830001072,302.21937500027707,0.0265829949057661,0.011625001206994057,302.25758299638983
balance,200,multistation_rep,42,42,42,t01408-c00192,192,1408,4,3,True,1,99.75970799860079,302.1804579984746,0.11125000310130417,0.005000001692678779,302.2967080032686
balance,200,multistation_rep,42,42,42,t01409-c00175,175,1409,7,5,True,1,29.894499995862134,106.84866599331144,0.015584002539981157,0.01012500433716923,106.87437500018859
balance,200,multistation_rep,42,42,42,t01410-c00160,160,1410,9,9,True,1,24.80662500602193,142.23691600636812,0.018749997252598405,0.010750001820269972,142.266416005441
balance,200,multistation_rep,42,42,42,t01412-c00096,96,1412,6,2,True,1,15.358208998804912,30.750958998396527,13.765707997663412,0.008082999556791037,44.52474999561673
balance,200,multistation_rep,42,42,42,t01413-c00177,177,1413,4,2,True,1,14.781750003749039,35.87062500446336,6.385624998074491,0.008875002095010132,42.265125004632864
balance,200,multistation_rep,42,42,42,t01414-c00177,177,1414,4,2,True,1,8.231833002355415,27.609541997662745,6.231457999092527,0.010042000212706625,33.85104199696798
balance,200,multistation_rep,42,42,42,t01415-c00069,69,1415,9,8,True,1,21.319084000424482,134.5424590035691,0.01424999936716631,0.009916002454701811,134.56662500539096
balance,200,multistation_rep,42,42,42,t01415-c00190,190,1415,8,1,True,1,110.64700000133598,110.64700000133598,23.918416001833975,0.00549999822396785,134.57091600139393
balance,200,multistation_rep,42,42,42,t01418-c00062,62,1418,7,2,True,1,52.28229200292844,88.1598340056371,0.00870799703989178,0.007916998583823442,88.17645900126081
balance,200,multistation_rep,42,42,42,t01418-c00103,103,1418,4,3,True,1,10.93254100123886,71.85054100409616,16.33358399703866,0.0054580013966187835,88.18958300253144
balance,200,multistation_rep,42,42,42,t01419-c00019,19,1419,5,4,True,1,45.06266600219533,205.3215830019326,43.387958001403604,0.01041700306814164,248.71995800640434
balance,200,multistation_rep,42,42,42,t01419-c00059,59,1419,12,9,True,1,34.78354099934222,242.2342909994768,6.489542000053916,0.006333000783342868,248.73016600031406
balance,200,multistation_rep,42,42,42,t01419-c00062,62,1419,7,2,True,1,182.17783400177723,242.20004199742107,6.514082997455262,0.003750006726477295,248.7178750016028
balance,200,multistation_rep,42,42,42,t01419-c00103,103,1419,5,2,True,1,13.336250005522743,139.31337500252994,109.3849590033642,0.003207998815923929,248.70154200471006
balance,200,multistation_rep,42,42,42,t01419-c00156,156,1419,3,1,True,1,90.52158299891744,90.52158299891744,158.16312500101048,0.0033750038710422814,248.68808300379897
balance,200,multistation_rep,42,42,42,t01420-c00055,55,1420,1,0,False,0,,,,,
balance,200,multistation_rep,42,42,42,t01420-c00165,165,1420,4,3,True,1,19.733041001018137,48.08700000285171,0.011832999007310718,0.007667003956157714,48.10650000581518
balance,200,multistation_rep,42,42,42,t01421-c00055,55,1421,13,9,True,1,14.873667001666036,119.69745800161036,0.013749995559919626,0.009750001481734216,119.72095799865201
balance,200,multistation_rep,42,42,42,t01421-c00175,175,1421,3,2,True,1,98.52837500511669,110.15079100616276,9.569958994688932,0.005250003596302122,119.726000004448
balance,200,multistation_rep,42,42,42,t01422-c00038,38,1422,4,3,True,1,25.564750001649372,62.56762500561308,0.008124996384140104,0.007624999852851033,62.58337500185007
balance,200,multistation_rep,42,42,42,t01422-c00119,119,1422,3,2,True,1,8.397666999371722,40.133792004780844,22.441582994360942,0.005209003575146198,62.58058400271693
balance,200,multistation_rep,42,42,42,t01424-c00179,179,1424,12,3,True,1,22.75258399458835,40.35324999858858,0.009916999260894954,0.007458002073690295,40.370624999923166
balance,200,multistation_rep,42,42,42,t01425-c00000,0,1425,6,6,True,1,15.04387499880977,181.43379200046184,0.011290998372714967,0.009584000508766621,181.45466699934332
balance,200,multistation_rep,42,42,42,t01425-c00045,45,1425,4,4,True,1,8.836834000248928,181.39383400557563,0.06866599869681522,0.0057919969549402595,181.46829200122738
balance,200,multistation_rep,42,42,42,t01425-c00106,106,1425,9,3,True,1,55.684416998701636,103.63474999758182,77.82041699829279,0.004416004230733961,181.45958300010534
balance,200,multistation_rep,42,42,42,t01425-c00139,139,1425,7,2,True,1,44.52291699999478,153.70466699823737,27.74745799979428,0.0039590013329871,181.45608399936464
balance,200,multistation_rep,42,42,42,t01426-c00106,106,1426,12,4,True,1,14.303124997240957,60.25229099759599,28.62016700237291,0.00870799703989178,88.8811659970088
balance,200,multistation_rep,42,42,42,t01426-c00113,113,1426,8,6,True,1,14.266666999901645,86.27408299798844,2.6081670002895407,0.006707996362820268,88.8889579946408
balance,200,multistation_rep,42,42,42,t01430-c00152,152,1430,4,3,True,1,10.488500003702939,24.849917004758026,0.009249997674487531,0.007624999852851033,24.866792002285365
balance,200,multistation_rep,42,42,42,t01430-c00194,194,1430,3,2,True,1,4.138707998208702,13.82374999957392,11.03483300539665,0.005166999471839517,24.86375000444241
balance,200,multistation_rep,42,42,42,t01431-c00035,35,1431,5,2,True,1,16.487542001414113,21.213874999375548,0.006750000466126949,0.0072920011007227,21.227917000942398
balance,200,multistation_rep,42,42,42,t01431-c00194,194,1431,3,2,True,1,2.6578339966363274,5.912791995797306,15.300167004170362,0.004415996954776347,21.217374996922445
balance,200,multistation_rep,42,42,42,t01433-c00086,86,1433,9,9,True,1,3.938083005778026,42.87954100436764,4.526500000793021,0.010374998964834958,47.416416004125495
balance,200,multistation_rep,42,42,42,t01433-c00199,199,1433,4,3,True,1,6.737749994499609,47.346624996862374,0.07912499859230593,0.006291003955993801,47.432040999410674
balance,200,multistation_rep,42,42,42,t01434-c00057,57,1434,14,14,True,1,3.053084001294337,67.18641699990258,0.015375000657513738,0.009374998626299202,67.21116699918639
balance,200,multistation_rep,42,42,42,t01434-c00160,160,1434,9,8,True,1,5.295750001096167,63.81720799981849,3.391416998056229,0.0061250029830262065,67.21475000085775
balance,200,multistation_rep,42,42,42,t01435-c00160,160,1435,9,9,True,1,2.214249994722195,25.208958999428432,0.012415999663062394,0.007541995728388429,25.228916994819883
balance,200,multistation_rep,42,42,42,t01436-c00089,89,1436,3,2,True,1,11.03562500065891,13.234750003903173,5.3483750016312115,0.006750000466126949,18.58987500600051
balance,200,multistation_rep,42,42,42,t01436-c00160,160,1436,5,5,True,1,3.3045829986804165,18.53875000233529,0.04370800161268562,0.005292000423651189,18.587750004371628
balance,200,multistation_rep,42,42,42,t01437-c00067,67,1437,10,10,True,1,2.2346249970723875,21.477333997609094,0.011707998055499047,0.00795800588093698,21.49700000154553
balance,200,multistation_rep,42,42,42,t01438-c00067,67,1438,11,11,True,1,2.077582998026628,22.746665999875404,0.014583994925487787,0.009374998626299202,22.77062499342719
