scenario,nb_cars,method,seed,world_seed,grid_seed,demand_id,car_id,slot,nb_stations,nb_offers,confirmed,confirm_attempts,first_offer_ms,last_offer_ms,selection_ms,confirmation_ms,total_ms
balance,200,multistation,42,42,42,t00000-c00008,8,0,6,6,True,1,300041.0395419967,1115355.5551669998,303510.01041599375,0.029125003493390977,1418865.594707997
balance,200,multistation,42,42,42,t00000-c00020,20,0,10,10,True,1,300552.03162499674,1117930.1118329968,300935.5154590012,0.008625000191386789,1418865.6359169981
balance,200,multistation,42,42,42,t00000-c00024,24,0,12,12,True,1,300551.99749999883,1418865.4563750024,0.17195899999933317,0.006082998879719526,1418865.6344170012
balance,200,multistation,42,42,42,t00000-c00025,25,0,5,5,True,1,382687.7956669996,1418865.4251250045,0.19458399765426293,0.004333000106271356,1418865.6240420023
balance,200,multistation,42,42,42,t00000-c00033,33,0,5,5,True,1,300040.76216700196,1115355.2779169986,303510.21337499697,0.004083005478605628,1418865.495375001
balance,200,multistation,42,42,42,t00000-c00034,34,0,6,6,True,1,300755.4629160004,1118803.0894999974,300062.34300000506,0.004499997885432094,1418865.4370000004
balance,200,multistation,42,42,42,t00000-c00048,48,0,7,7,True,1,300755.4304169971,1115355.1625420004,303510.2582909967,0.0037919962778687477,1418865.4246249935
balance,200,multistation,42,42,42,t00000-c00059,59,0,6,6,True,1,382687.48629200127,1418865.115667002,0.2929159963969141,0.0035000048228539526,1418865.4120830032
balance,200,multistation,42,42,42,t00000-c00068,68,0,6,6,True,1,300755.3692080037,1118802.9950409983,300062.4014589994,0.0037910067476332188,1418865.4002910042
balance,200,multistation,42,42,42,t00000-c00092,92,0,9,9,True,1,300551.59316700156,1418865.0537089999,0.33237499883398414,0.0040000013541430235,1418865.3900839998
balance,200,multistation,42,42,42,t00000-c00099,99,0,5,5,True,1,302212.8753750003,1114130.633708999,304734.7398329948,0.0036670026020146906,1418865.3772089966
balance,200,multistation,42,42,42,t00000-c00104,104,0,6,6,True,1,302212.8446670031,1118802.9015829961,300062.45825000224,0.0036249984987080097,1418865.3634579969
balance,200,multistation,42,42,42,t00000-c00106,106,0,7,7,True,1,382687.33250000514,1418864.9619170027,0.385041996196378,0.0037080026231706142,1418865.3506670017
balance,200,multistation,42,42,42,t00000-c00114,114,0,7,7,True,1,301419.57399999956,1118802.8424579971,300062.4932089995,0.0033750038710422814,1418865.3390420005
balance,200,multistation,42,42,42,t00000-c00121,121,0,6,6,True,1,300040.3994590015,1115551.4457919998,303313.876500004,0.003707995347213,1418865.3259999992
balance,200,multistation,42,42,42,t00000-c00122,122,0,4,4,True,1,673847.5691669956,1114130.4830419975,304734.8268749993,0.0033329997677356005,1418865.3132499966
balance,200,multistation,42,42,42,t00000-c00143,143,0,3,3,True,1,300040.34041699924,1113982.6218330055,304882.6756249982,0.0037089994293637574,1418865.301167003
balance,200,multistation,42,42,42,t00000-c00146,146,0,7,7,True,1,382687.18191700464,1418864.8111670045,0.47620799887226894,0.0037080026231706142,1418865.291083006
balance,200,multistation,42,42,42,t00000-c00151,151,0,6,6,True,1,300755.0644579969,1118802.6920830016,300062.5841669971,0.003792003553826362,1418865.2800420022
balance,200,multistation,42,42,42,t00000-c00154,154,0,6,6,True,1,302212.60620799876,1118802.663249997,300062.60133300384,0.0036669953260570765,1418865.268249996
balance,200,multistation,42,42,42,t00000-c00166,166,0,7,7,True,1,301419.3655409981,1114130.334250003,304734.9201249963,0.004207999154459685,1418865.2585829985
balance,200,multistation,42,42,42,t00000-c00178,178,0,6,6,True,1,300040.19441700075,1115354.7097920019,303510.53725000384,0.0036249984987080097,1418865.2506670041
balance,200,multistation,42,42,42,t00000-c00191,191,0,12,12,True,1,300551.20512499707,1418864.6663749968,0.5739580010413192,0.004417001036927104,1418865.244749999
balance,200,multistation,42,42,42,t00000-c00196,196,0,6,6,True,1,300040.1381249976,1115354.6534580018,303510.58024999656,0.003583001671358943,1418865.237291
balance,200,multistation,42,42,42,t00001-c00025,25,1,5,5,True,1,58.501667001110036,355.6580419972306,0.018292004824616015,0.015624995285179466,355.6919589973404
balance,200,multistation,42,42,42,t00003-c00160,160,3,7,7,True,1,34.083416998328175,184.80012499639997,0.028792004741262645,0.01412499841535464,184.8430419995566
balance,200,multistation,42,42,42,t00006-c00179,179,6,10,10,True,1,50.23062500549713,434.30862500099465,0.0335000004270114,0.016208003216888756,434.35833300463855
balance,200,multistation,42,42,42,t00007-c00077,77,7,9,9,True,1,99.8927909968188,1353.1878329959,0.02641700120875612,0.01787499786587432,1353.2321249949746
balance,200,multistation,42,42,42,t00007-c00177,177,7,3,3,True,1,547.0947089997935,1102.6962500036461,250.57599999854574,0.00620899663772434,1353.2784589988296
balance,200,multistation,42,42,42,t00007-c00179,179,7,15,15,True,1,99.8142909957096,1353.109208001115,0.16516699542989954,0.007333001121878624,1353.2817079976667
balance,200,multistation,42,42,42,t00009-c00047,47,9,7,7,True,1,35.34304200002225,304.21100000239676,0.01966700074262917,0.015332996554207057,304.2459999996936
balance,200,multistation,42,42,42,t00010-c00047,47,10,3,3,True,1,31.149666996498127,91.6797499958193,0.015875004464760423,0.011166994227096438,91.70679199451115
balance,200,multistation,42,42,42,t00011-c00019,19,11,15,15,True,1,71.50120900041657,752.4604169957456,0.022875006834510714,0.017541999113745987,752.5008340016939
balance,200,multistation,42,42,42,t00011-c00047,47,11,3,3,True,1,28.940000003785826,575.4325000016252,177.11520800366998,0.005999994755256921,752.5537080000504
balance,200,multistation,42,42,42,t00012-c00019,19,12,11,11,True,1,67.9361250004149,874.8389590036822,57.61733299732441,0.017917001969181,932.4742090029758
balance,200,multistation,42,42,42,t00012-c00135,135,12,4,4,True,1,108.9359159959713,932.387540997297,0.12258400238351896,0.006333000783342868,932.5164580004639
balance,200,multistation,42,42,42,t00014-c00183,183,14,4,4,True,1,25.337749997561332,141.48700000077952,0.027499998395796865,0.01245799649041146,141.52695799566573
balance,200,multistation,42,42,42,t00015-c00081,81,15,5,5,True,1,158.61408300406765,637.7254160033772,0.021166997612453997,0.014542005374096334,637.7611250063637
balance,200,multistation,42,42,42,t00015-c00106,106,15,8,8,True,1,29.476167001121212,519.3105840007775,118.48124999960419,0.0077500008046627045,637.7995840011863
balance,200,multistation,42,42,42,t00015-c00111,111,15,4,4,True,1,95.00654099974781,612.5494579973747,25.23841700167395,0.004958004865329713,637.792833003914
balance,200,multistation,42,42,42,t00017-c00094,94,17,12,12,True,1,673.9417500066338,5153.365917001793,91.13549999892712,0.018083002942148596,5244.519500003662
balance,200,multistation,42,42,42,t00017-c00139,139,17,9,9,True,1,673.9027079966036,5244.432166000479,0.13270899944473058,0.0070829992182552814,5244.571957999142
balance,200,multistation,42,42,42,t00017-c00181,181,17,7,7,True,1,673.8685840027756,5153.29266700428,91.27091700065648,0.0051249953685328364,5244.568709000305
balance,200,multistation,42,42,42,t00018-c00148,148,18,3,3,True,1,188.9467910004896,470.2780410007108,0.03183400258421898,0.01620799594093114,470.32608299923595
balance,200,multistation,42,42,42,t00018-c00149,149,18,7,7,True,1,64.131166000152,470.24108299956424,0.12491700181271881,0.006832997314631939,470.3728329986916
balance,200,multistation,42,42,42,t00019-c00149,149,19,7,7,True,1,66.82245900447015,313.8716250032303,0.029292001272551715,0.014749995898455381,313.9156670004013
balance,200,multistation,42,42,42,t00020-c00052,52,20,3,3,True,1,63.53608299832558,221.33754199603572,0.01895800232887268,0.014457997167482972,221.37095799553208
balance,200,multistation,42,42,42,t00021-c00005,5,21,3,3,True,1,114.83454100380186,216.50545800366672,45.34899999998743,0.013207994925323874,261.86766599857947
balance,200,multistation,42,42,42,t00021-c00131,131,21,6,6,True,1,21.145541002624668,261.7922080025892,0.11358300253050402,0.007333997928071767,261.91312500304775
balance,200,multistation,42,42,42,t00022-c00031,31,22,3,3,True,1,57.38020900025731,248.41879199811956,0.018083002942148596,0.014083998394198716,248.4509589994559
balance,200,multistation,42,42,42,t00022-c00152,152,22,3,3,True,1,31.090707998373546,186.27154199930374,62.206291004258674,0.005709000106435269,248.48354200366884
balance,200,multistation,42,42,42,t00024-c00072,72,24,7,7,True,1,196.3193749979837,1151.4589580037864,0.02499999391147867,0.02416700590401888,1151.508125003602
balance,200,multistation,42,42,42,t00025-c00037,37,25,8,8,True,1,261.9842499989318,698.6907079990488,0.022583997633773834,0.018124999769497663,698.731416996452
balance,200,multistation,42,42,42,t00025-c00194,194,25,4,4,True,1,261.9396670052083,698.646083001222,0.126584003737662,0.007290997018571943,698.7799580019782
balance,200,multistation,42,42,42,t00026-c00109,109,26,6,6,True,1,58.83233300119173,316.18254099885235,0.02341700019314885,0.014292003470472991,316.22025000251597
balance,200,multistation,42,42,42,t00027-c00049,49,27,5,5,True,1,123.54233299993211,669.307749994914,75.65474999864819,0.015083001926541328,744.9775829954888
balance,200,multistation,42,42,42,t00027-c00113,113,27,10,10,True,1,156.98979199805763,744.9042500011274,0.1221249985974282,0.008082999556791037,745.0344579992816
balance,200,multistation,42,42,42,t00027-c00188,188,27,7,7,True,1,42.58750000008149,712.8662079994683,32.17945799406152,0.006000002031214535,745.051665995561
balance,200,multistation,42,42,42,t00028-c00104,104,28,7,7,True,1,94.41795899329009,371.3868749982794,88.63199999905191,0.015208999684546143,460.03408399701584
balance,200,multistation,42,42,42,t00028-c00113,113,28,8,8,True,1,20.814959003473632,459.9536250025267,0.12479200086090714,0.008458002412226051,460.0868750057998
balance,200,multistation,42,42,42,t00029-c00076,76,29,6,6,True,1,166.76804199960316,1115.2007499986212,108.32108299655374,0.01654199877521023,1223.5383749939501
balance,200,multistation,42,42,42,t00029-c00121,121,29,4,4,True,1,166.72725000535138,1115.1601660021697,108.411959001387,0.006415997631847858,1223.5785410011886
balance,200,multistation,42,42,42,t00029-c00125,125,29,6,6,True,1,208.70645800459897,1223.4233749986743,0.1449170013074763,0.006624999514315277,1223.574916999496
balance,200,multistation,42,42,42,t00030-c00016,16,30,5,5,True,1,37.96508300001733,796.8201670009876,190.19049999769777,0.01750000228639692,987.0281670009717
balance,200,multistation,42,42,42,t00030-c00196,196,30,12,12,True,1,80.05316700291587,986.9430420003482,0.12283300020499155,0.00895900302566588,987.0748340035789
balance,200,multistation,42,42,42,t00031-c00196,196,31,6,6,True,1,36.08787499979371,300.1361659989925,0.03149999974993989,0.014542005374096334,300.18220800411655
balance,200,multistation,42,42,42,t00032-c00186,186,32,3,3,True,1,24.82816600240767,104.64695800328627,0.027666996174957603,0.013500000932253897,104.68812500039348
balance,200,multistation,42,42,42,t00033-c00167,167,33,3,3,True,1,64.83275000209687,216.23554100369802,58.83762499433942,0.01562500256113708,275.0887910005986
balance,200,multistation,42,42,42,t00033-c00186,186,33,4,4,True,1,38.504666001244914,275.0058329984313,0.1140000022132881,0.006624999514315277,275.1264580001589
balance,200,multistation,42,42,42,t00035-c00151,151,35,7,7,True,1,157.15120800450677,1356.6664579993812,66.26529200002551,0.017416001355741173,1422.9491660007625
balance,200,multistation,42,42,42,t00035-c00172,172,35,9,9,True,1,157.11662499961676,1422.8687089998857,0.12145799701102078,0.007791997632011771,1422.9979589945287
balance,200,multistation,42,42,42,t00036-c00078,78,36,5,5,True,1,21.35495800030185,157.52424999664072,0.021457999537233263,0.015417004760820419,157.56112500093877
balance,200,multistation,42,42,42,t00037-c00040,40,37,5,5,True,1,92.16875000129221,335.75050000217743,31.298709000111558,0.014290999388322234,367.0635000016773
balance,200,multistation,42,42,42,t00037-c00169,169,37,7,7,True,1,33.71983300166903,366.9844579999335,0.13154200132703409,0.006874994141981006,367.1228749954025
balance,200,multistation,42,42,42,t00038-c00005,5,38,3,3,True,1,19.45075000548968,1074.3769580003573,312.2666250055772,0.01649999467190355,1386.6600830006064
balance,200,multistation,42,42,42,t00038-c00010,10,38,9,9,True,1,88.50841599632986,1386.589040994295,0.13108400162309408,0.00875000114319846,1386.7288749970612
balance,200,multistation,42,42,42,t00038-c00040,40,38,5,5,True,1,338.868958002422,1133.01487499848,253.71204100520117,0.005374997272156179,1386.7322910009534
balance,200,multistation,42,42,42,t00038-c00058,58,38,5,5,True,1,167.79520799900638,1316.7437910014996,69.97733400203288,0.004832996637560427,1386.72595800017
balance,200,multistation,42,42,42,t00038-c00169,169,38,8,8,True,1,88.40649999910966,1199.0809579947381,187.6369590027025,0.004833003913518041,1386.7227500013541
balance,200,multistation,42,42,42,t00039-c00005,5,39,7,7,True,1,177.59012500027893,2372.143792003044,0.018916995031759143,0.016000005416572094,2372.1787090034923
balance,200,multistation,42,42,42,t00039-c00010,10,39,7,7,True,1,177.553417001036,2372.107124996546,0.1106670024455525,0.009292001777794212,2372.2270840007695
balance,200,multistation,42,42,42,t00039-c00014,14,39,7,7,True,1,68.37033299962059,2269.547625000996,102.67183300311444,0.006833994120825082,2372.2262919982313
balance,200,multistation,42,42,42,t00039-c00114,114,39,8,8,True,1,177.4837920020218,2372.0375420016353,0.18095799896400422,0.004666995664592832,2372.223166996264
balance,200,multistation,42,42,42,t00039-c00119,119,39,3,3,True,1,1304.0040839987341,2037.6742919979733,334.5515000037267,0.003999994078185409,2372.229791995778
balance,200,multistation,42,42,42,t00040-c00114,114,40,4,4,True,1,22.92450000095414,138.18675000220537,0.0232499951380305,0.012417003745213151,138.22241700108862
balance,200,multistation,42,42,42,t00042-c00062,62,42,11,11,True,1,31.137042002228554,351.16054199897917,0.027000001864507794,0.017250000382773578,351.20479200122645
balance,200,multistation,42,42,42,t00043-c00180,180,43,9,9,True,1,20.519915997283533,297.03445799532346,0.03237500641262159,0.01691699435468763,297.0837499960908
balance,200,multistation,42,42,42,t00043-c00182,182,43,4,4,True,1,52.63820900290739,269.84433400502894,27.27791600045748,0.006874994141981006,297.1291249996284
balance,200,multistation,42,42,42,t00044-c00027,27,44,3,3,True,1,34.91183300502598,126.81595799949719,0.01658300607232377,0.01358399458695203,126.84612500015646
balance,200,multistation,42,42,42,t00045-c00002,2,45,11,11,True,1,151.98554200469516,1443.6842080031056,70.24950000050012,0.01974999759113416,1513.9534580011969
balance,200,multistation,42,42,42,t00045-c00134,134,45,8,8,True,1,151.93879100115737,1513.8652910027304,0.1322089956374839,0.008291004633065313,1514.005791003001
balance,200,multistation,42,42,42,t00045-c00182,182,45,5,5,True,1,28.826458001276478,1383.25333299872,130.7463750054012,0.006166999810375273,1514.0058750039316
balance,200,multistation,42,42,42,t00046-c00083,83,46,8,8,True,1,42.39412499737227,346.5436670012423,0.02516699896659702,0.017124999430961907,346.58595899963984
balance,200,multistation,42,42,42,t00047-c00182,182,47,3,3,True,1,23.006916999293026,1016.6713340004208,115.5200409993995,0.015249999705702066,1132.206624999526
balance,200,multistation,42,42,42,t00047-c00187,187,47,10,10,True,1,100.64187500393018,1132.1232499976759,0.1185830042231828,0.00904199987417087,1132.2508750017732
balance,200,multistation,42,42,42,t00048-c00187,187,48,7,7,True,1,148.91883300151676,751.2629160046345,0.03345900040585548,0.016416001017205417,751.3127910060575
balance,200,multistation,42,42,42,t00050-c00007,7,50,4,4,True,1,39.78545800055144,298.5142920006183,0.017291000403929502,0.015792000340297818,298.5473750013625
balance,200,multistation,42,42,42,t00050-c00013,13,50,6,6,True,1,39.750500000081956,298.4798750039772,0.1249999986612238,0.007166003342717886,298.61204100598115
balance,200,multistation,42,42,42,t00051-c00007,7,51,4,4,True,1,156.0363749958924,445.9902919988963,0.017124999430961907,0.01570799940964207,446.0231249977369
balance,200,multistation,42,42,42,t00051-c00123,123,51,4,4,True,1,155.99508400191553,445.9485420011333,0.11620800069067627,0.006041998858563602,446.07079200068256
balance,200,multistation,42,42,42,t00052-c00025,25,52,7,7,True,1,69.9172919994453,881.0015830022166,109.9253749998752,0.016083999071270227,990.9430420011631
balance,200,multistation,42,42,42,t00052-c00038,38,52,4,4,True,1,367.06516700360226,822.6397500038729,168.34141699655447,0.00654099858365953,990.987707999011
balance,200,multistation,42,42,42,t00052-c00043,43,52,6,6,True,1,184.70633400283987,990.8331250044284,0.1604169956408441,0.006041998858563602,990.9995839989278
balance,200,multistation,42,42,42,t00052-c00090,90,52,4,4,True,1,184.6734579958138,990.8002500014845,0.19424999481998384,0.004166002327110618,990.9986659986316
balance,200,multistation,42,42,42,t00053-c00038,38,53,4,4,True,1,218.0653750037891,547.2245830023894,76.58445799461333,0.015500001609325409,623.8245409986121
balance,200,multistation,42,42,42,t00053-c00043,43,53,7,7,True,1,36.43916700093541,623.7530840007821,0.1208749963552691,0.007125003321561962,623.8810840004589
balance,200,multistation,42,42,42,t00054-c00038,38,54,8,8,True,1,73.74279200303135,903.8928750014747,41.19091699976707,0.016625002899672836,945.1004170041415
balance,200,multistation,42,42,42,t00054-c00064,64,54,4,4,True,1,99.23079200234497,945.022792002419,0.115916998765897,0.006249996658880264,945.1449589978438
balance,200,multistation,42,42,42,t00054-c00093,93,54,8,8,True,1,73.67079200048465,903.8202079973416,41.32062500139,0.00549999822396785,945.1463329969556
balance,200,multistation,42,42,42,t00055-c00037,37,55,7,7,True,1,120.13295799988555,560.8152080021682,97.35499999806052,0.018292004824616015,658.1885000050534
balance,200,multistation,42,42,42,t00055-c00046,46,55,4,4,True,1,120.09562500315951,658.109959003923,0.12458299897843972,0.007000002369750291,658.2415420052712
balance,200,multistation,42,42,42,t00055-c00069,69,55,4,4,True,1,120.06233300053282,658.0765420003445,0.15712500317022204,0.00516599538968876,658.2388329989044
balance,200,multistation,42,42,42,t00057-c00023,23,57,3,3,True,1,50.485542000387795,509.1422080004122,114.80562500219094,0.014875004126224667,623.9627080067294
balance,200,multistation,42,42,42,t00057-c00105,105,57,6,6,True,1,101.21970799809787,623.8880419987254,0.13520799984689802,0.008124996384140104,624.0313749949564
balance,200,multistation,42,42,42,t00057-c00165,165,57,8,8,True,1,80.54333300242433,574.1241249997984,49.90537500270875,0.006249996658880264,624.035749999166
balance,200,multistation,42,42,42,t00058-c00001,1,58,3,3,True,1,111.21670799911954,310.49774999701185,22.667500001261942,0.013040997146163136,333.17829099541996
balance,200,multistation,42,42,42,t00058-c00165,165,58,7,7,True,1,25.624291993153747,333.0996249933378,0.12070800585206598,0.007709000783506781,333.22804199997336
balance,200,multistation,42,42,42,t00059-c00023,23,59,3,3,True,1,38.522290997207165,162.9967909975676,0.017958998796530068,0.014958000974729657,163.02970799733885
balance,200,multistation,42,42,42,t00060-c00003,3,60,3,3,True,1,49.184291005076375,398.21095800289186,106.99204199772794,0.014583005395252258,505.21758300601505
balance,200,multistation,42,42,42,t00060-c00141,141,60,6,6,True,1,76.45966699783457,505.1435829955153,0.1094170002033934,0.0077500008046627045,505.2607499965234
balance,200,multistation,42,42,42,t00061-c00012,12,61,7,7,True,1,74.68945900473045,418.0093750037486,0.018416998500470072,0.013416996807791293,418.04120899905683
balance,200,multistation,42,42,42,t00061-c00152,152,61,3,3,True,1,31.64883299905341,375.24029099586187,42.836166998313274,0.006250003934837878,418.08270799811
balance,200,multistation,42,42,42,t00062-c00103,103,62,4,4,True,1,76.28079099958995,411.15795799851185,0.023957996745593846,0.013959004718344659,411.1958749999758
balance,200,multistation,42,42,42,t00062-c00121,121,62,7,7,True,1,49.501458001032006,355.4035000051954,55.824582996137906,0.007167000148911029,411.2352500014822
balance,200,multistation,42,42,42,t00063-c00062,62,63,3,3,True,1,21.48575000319397,104.69787500187522,0.015500001609325409,0.0109999964479357,104.72437499993248
balance,200,multistation,42,42,42,t00066-c00036,36,66,9,9,True,1,46.34783299843548,345.89733299799263,0.022000000171829015,0.014958000974729657,345.9342909991392
balance,200,multistation,42,42,42,t00067-c00039,39,67,7,7,True,1,125.18654100131243,826.736458002415,103.77658299694303,0.016666999727021903,930.5297079990851
balance,200,multistation,42,42,42,t00067-c00084,84,67,6,6,True,1,60.30958300107159,930.4491660004715,0.1277920018765144,0.006542002665810287,930.5835000050138
balance,200,multistation,42,42,42,t00067-c00102,102,67,3,3,True,1,353.5464999949909,826.6609169950243,103.9130830031354,0.004791996616404504,930.5787919947761
balance,200,multistation,42,42,42,t00068-c00039,39,68,3,3,True,1,36.85704200324835,397.2446250045323,0.02004199632210657,0.014583005395252258,397.27925000624964
balance,200,multistation,42,42,42,t00068-c00188,188,68,3,3,True,1,36.810833000345156,397.1985410025809,0.11862499377457425,0.00541700137546286,397.32258299773093
balance,200,multistation,42,42,42,t00069-c00139,139,69,5,5,True,1,91.1820830006036,644.2952079960378,45.402209005260374,0.016999998479150236,689.7144169997773
balance,200,multistation,42,42,42,t00069-c00185,185,69,6,6,True,1,104.8393750024843,689.6282919988153,0.12970800162293017,0.008125003660097718,689.7661250040983
balance,200,multistation,42,42,42,t00070-c00185,185,70,7,7,True,1,26.09866700368002,247.3139580033603,0.0305419962387532,0.015042001905385405,247.35954200150445
balance,200,multistation,42,42,42,t00071-c00095,95,71,4,4,True,1,39.017541996145155,318.46720799512696,0.024334003683179617,0.014416000340133905,318.50595799915027
balance,200,multistation,42,42,42,t00072-c00013,13,72,3,3,True,1,28.212082994286902,124.67537499469472,0.014583005395252258,0.013041993952356279,124.70299999404233
balance,200,multistation,42,42,42,t00074-c00016,16,74,6,6,True,1,42.77908299991395,464.4816250001895,0.018124999769497663,0.01799999881768599,464.5177499987767
balance,200,multistation,42,42,42,t00075-c00195,195,75,12,12,True,1,48.32616700150538,528.2887919966015,0.03579199983505532,0.017041005776263773,528.3416250022128
balance,200,multistation,42,42,42,t00076-c00063,63,76,5,5,True,1,31.622167000023182,221.32874999806518,0.02154200046788901,0.014875004126224667,221.3651670026593
balance,200,multistation,42,42,42,t00077-c00117,117,77,6,6,True,1,21.427583997137845,821.312542000669,119.8883749966626,0.01720800355542451,941.2181250008871
balance,200,multistation,42,42,42,t00077-c00161,161,77,15,15,True,1,75.68666699808091,941.1329170034151,0.12883299496024847,0.010083000233862549,941.2718329986092
balance,200,multistation,42,42,42,t00079-c00079,79,79,7,7,True,1,167.67570799856912,519.7407910018228,167.57899999356596,0.016750003851484507,687.3365409992402
balance,200,multistation,42,42,42,t00079-c00151,151,79,6,6,True,1,55.45866700413171,687.2540000040317,0.11779199849115685,0.007124996045604348,687.3789169985685
balance,200,multistation,42,42,42,t00080-c00050,50,80,7,7,True,1,37.12808300042525,479.2822919989703,0.02079099795082584,0.01375000283587724,479.316832999757
balance,200,multistation,42,42,42,t00080-c00162,162,80,7,7,True,1,114.35287499625701,402.54245799587807,76.80149999941932,0.006708003638777882,479.35066599893617
balance,200,multistation,42,42,42,t00081-c00070,70,81,9,9,True,1,42.81745800108183,299.97083300258964,0.02512499486329034,0.016167003195732832,300.01212500064867
balance,200,multistation,42,42,42,t00082-c00070,70,82,9,9,True,1,52.53320799965877,363.82687500008615,0.023917004000395536,0.014749995898455381,363.865541999985
balance,200,multistation,42,42,42,t00083-c00164,164,83,8,8,True,1,79.61570800398476,431.8091670065769,0.030082999728620052,0.01504199462942779,431.85429200093495
balance,200,multistation,42,42,42,t00084-c00087,87,84,4,4,True,1,55.16075000195997,248.5292500059586,0.0228749995585531,0.014665994967799634,248.56679100048495
balance,200,multistation,42,42,42,t00085-c00006,6,85,3,3,True,1,220.65133399883052,697.9169999976875,132.63404199824436,0.013917000615037978,830.5649589965469
balance,200,multistation,42,42,42,t00085-c00150,150,85,7,7,True,1,73.72216699877754,769.2862500043702,61.31737499526935,0.007250004273373634,830.610875003913
balance,200,multistation,42,42,42,t00085-c00174,174,85,13,13,True,1,73.69024999934481,830.4564579957514,0.15054200048325583,0.006750000466126949,830.6137499967008
balance,200,multistation,42,42,42,t00086-c00175,175,86,7,7,True,1,25.948000002244953,180.74524999974528,0.029542003176175058,0.014208002539817244,180.78900000546128
balance,200,multistation,42,42,42,t00087-c00075,75,87,15,15,True,1,53.10737500258256,705.4904579999857,0.028833004762418568,0.018958999135065824,705.5382500038831
balance,200,multistation,42,42,42,t00088-c00158,158,88,6,6,True,1,193.22391599416733,1001.017333001073,0.03062499308725819,0.01554200571263209,1001.0634999998729
balance,200,multistation,42,42,42,t00088-c00163,163,88,3,3,True,1,193.18683299934492,1000.9802499989746,0.12170799891464412,0.006084002961870283,1001.1080420008511
balance,200,multistation,42,42,42,t00089-c00018,18,89,6,6,True,1,113.45370900380658,606.2717919994611,0.01912500010803342,0.01695800165180117,606.307875001221
balance,200,multistation,42,42,42,t00089-c00163,163,89,7,7,True,1,26.6500419966178,556.7012500032433,49.66341699764598,0.007208000170066953,606.3718750010594
balance,200,multistation,42,42,42,t00090-c00018,18,90,4,4,True,1,92.35962500679307,378.96412500413135,0.01733299723127857,0.01554200571263209,378.99700000707526
balance,200,multistation,42,42,42,t00090-c00058,58,90,3,3,True,1,49.69649999839021,324.7324159965501,54.3069170016679,0.006916998245287687,379.0462499964633
balance,200,multistation,42,42,42,t00091-c00032,32,91,7,7,True,1,52.547042003425304,253.8621250059805,0.017499995010439306,0.013083001249469817,253.8927080022404
balance,200,multistation,42,42,42,t00092-c00032,32,92,7,7,True,1,49.25300000468269,242.52737500501098,0.019291997887194157,0.016625002899672836,242.56329200579785
balance,200,multistation,42,42,42,t00093-c00103,103,93,3,3,True,1,20.147083996562287,526.3615000003483,305.7804589989246,0.01579099625814706,832.157749995531
balance,200,multistation,42,42,42,t00093-c00126,126,93,11,11,True,1,116.62912500469247,832.0755420063506,0.11962499411311,0.009916999260894954,832.2050839997246
balance,200,multistation,42,42,42,t00094-c00071,71,94,12,12,True,1,42.701874997874256,433.22937499760883,0.025542001822032034,0.016624995623715222,433.2715419950546
balance,200,multistation,42,42,42,t00095-c00000,0,95,9,9,True,1,363.69637500320096,2086.061291003716,293.8829170016106,0.016792000678833574,2379.9610000060056
balance,200,multistation,42,42,42,t00095-c00071,71,95,7,7,True,1,222.31691599881742,2321.942999995372,58.055375004187226,0.007499998901039362,2380.00587499846
balance,200,multistation,42,42,42,t00095-c00120,120,95,10,10,True,1,267.4474579980597,2379.842957998335,0.15420900308527052,0.006165995728224516,2380.0033329971484
balance,200,multistation,42,42,42,t00095-c00156,156,95,12,12,True,1,90.77683299983619,2321.871583000757,58.12004199833609,0.006082998879719526,2379.9977079979726
balance,200,multistation,42,42,42,t00096-c00043,43,96,7,7,True,1,115.77158300497103,693.3527500004857,0.02154200046788901,0.016833000699989498,693.3911250016536
balance,200,multistation,42,42,42,t00096-c00112,112,96,3,3,True,1,19.859584004734643,517.2722499992233,176.15766700328095,0.006916998245287687,693.4368340007495
balance,200,multistation,42,42,42,t00097-c00030,30,97,7,7,True,1,37.31237499596318,535.6368329958059,0.01766700006555766,0.014625002222601324,535.669124998094
balance,200,multistation,42,42,42,t00097-c00189,189,97,8,8,True,1,127.21245899592759,509.85149999905843,25.85720899514854,0.0079160017776303,535.7166249959846
balance,200,multistation,42,42,42,t00099-c00028,28,99,4,4,True,1,63.10504199791467,278.47354199911933,0.022042004275135696,0.015833000361453742,278.5114170037559
balance,200,multistation,42,42,42,t00100-c00132,132,100,5,5,True,1,75.11995799723081,317.2970419982448,0.02958300319733098,0.016624995623715222,317.34324999706587
balance,200,multistation,42,42,42,t00101-c00110,110,101,10,10,True,1,305.20487500325544,3121.451667000656,24.691708000318613,0.017625003238208592,3146.161000004213
balance,200,multistation,42,42,42,t00101-c00116,116,101,8,8,True,1,305.16579200048,3146.0751670019818,0.1267080006073229,0.007624999852851033,3146.209500002442
balance,200,multistation,42,42,42,t00101-c00132,132,101,5,5,True,1,853.3552080043592,2981.4526660047704,164.747583999997,0.006165995728224516,3146.2064160004957
balance,200,multistation,42,42,42,t00101-c00153,153,101,11,11,True,1,305.09845900087385,3121.344292005233,24.85645799606573,0.0056249991757795215,3146.2063750004745
balance,200,multistation,42,42,42,t00102-c00185,185,102,5,5,True,1,43.848833003721666,236.64354200445814,0.02970799687318504,0.015958001313265413,236.6892080026446
balance,200,multistation,42,42,42,t00103-c00022,22,103,5,5,True,1,283.6487499953364,793.3724579997943,160.48737499659183,0.015792000340297818,953.8756249967264
balance,200,multistation,42,42,42,t00103-c00091,91,103,7,7,True,1,29.5591659960337,872.6932909994503,81.23362500191433,0.00758399983169511,953.9345000011963
balance,200,multistation,42,42,42,t00103-c00100,100,103,4,4,True,1,145.84129200375173,953.7711250013672,0.15791699843248352,0.005375004548113793,953.9344170043478
balance,200,multistation,42,42,42,t00104-c00022,22,104,5,5,True,1,691.3714999973308,1932.8807079946273,810.9363750045304,0.01758299913490191,2743.8346659982926
balance,200,multistation,42,42,42,t00104-c00073,73,104,6,6,True,1,596.0691669970402,2743.752834001498,0.12366599548840895,0.007167000148911029,2743.883666997135
balance,200,multistation,42,42,42,t00104-c00100,100,104,4,4,True,1,596.0355839997646,2743.7191669960157,0.1688330012257211,0.004417001036927104,2743.8924169982783
balance,200,multistation,42,42,42,t00104-c00142,142,104,4,4,True,1,596.0030420028488,2743.6865830022725,0.19866700313286856,0.003749999450519681,2743.889000004856
balance,200,multistation,42,42,42,t00104-c00168,168,104,5,5,True,1,30.625125000369735,2124.608750003972,619.267124995531,0.004792003892362118,2743.8806670033955
balance,200,multistation,42,42,42,t00104-c00170,170,104,4,3,True,1,595.9432499948889,2743.6266250006156,0.2430829990771599,0.0034999975468963385,2743.8732079972397
balance,200,multistation,42,42,42,t00105-c00073,73,105,4,4,True,1,319.52808299683966,1622.6197079959093,301.07300000236137,0.01629199687158689,1923.7089999951422
balance,200,multistation,42,42,42,t00105-c00082,82,105,3,3,True,1,319.49058300233446,1622.582040996349,301.1682500000461,0.006709000444971025,1923.75699999684
balance,200,multistation,42,42,42,t00105-c00100,100,105,5,5,True,1,198.0567919963505,1622.5494589962182,301.2033330014674,0.005333000444807112,1923.7581249981304
balance,200,multistation,42,42,42,t00105-c00168,168,105,15,15,True,1,78.1818329996895,1923.5629579998204,0.18883399752667174,0.006750000466126949,1923.7585419978132
balance,200,multistation,42,42,42,t00106-c00193,193,106,6,6,True,1,20.69679200212704,264.1041250026319,0.032916999771259725,0.014915996871422976,264.1519579992746
balance,200,multistation,42,42,42,t00107-c00009,9,107,3,3,True,1,30.21650000300724,183.16208400210598,0.01599999814061448,0.013791002857033163,183.19187500310363
balance,200,multistation,42,42,42,t00108-c00044,44,108,4,4,True,1,52.35945899767103,740.3999999951338,62.63608400331577,0.014749995898455381,803.0508339943481
balance,200,multistation,42,42,42,t00108-c00162,162,108,13,13,True,1,115.5792499994277,802.9699590042583,0.13374999980442226,0.009540999599266797,803.113250003662
balance,200,multistation,42,42,42,t00109-c00044,44,109,4,4,True,1,463.6842919935589,1888.6338329975842,0.023458997020497918,0.020083003619220108,1888.677374998224
balance,200,multistation,42,42,42,t00109-c00051,51,109,4,4,True,1,463.64891700068256,1888.5987079993356,0.11941699631279334,0.006166999810375273,1888.7242919954588
balance,200,multistation,42,42,42,t00109-c00140,140,109,6,6,True,1,463.61125000112224,1888.5610830038786,0.15574999997625127,0.005207999492995441,1888.7220410033478
balance,200,multistation,42,42,42,t00110-c00129,129,110,4,4,True,1,195.60262499726377,550.4860829969402,0.029542003176175058,0.016707999748177826,550.5323329998646
balance,200,multistation,42,42,42,t00110-c00159,159,110,3,3,True,1,195.5672499971115,550.4508329977398,0.13920800120104104,0.005916997906751931,550.5959579968476
balance,200,multistation,42,42,42,t00111-c00129,129,111,9,9,True,1,62.832499999785796,392.27383300021756,0.027916998078580946,0.016417005099356174,392.3181670033955
balance,200,multistation,42,42,42,t00112-c00136,136,112,7,7,True,1,37.73224999895319,185.82837500434835,0.02691699774004519,0.013374999980442226,185.86866700206883
balance,200,multistation,42,42,42,t00113-c00136,136,113,7,7,True,1,39.78024999378249,377.26762499369215,121.15620800614124,0.01641699782339856,498.4402499976568
balance,200,multistation,42,42,42,t00113-c00138,138,113,4,4,True,1,68.04937499691732,498.35808300122153,0.10370899690315127,0.0061250029830262065,498.4679170011077
balance,200,multistation,42,42,42,t00114-c00138,138,114,4,4,True,1,124.46358400484314,529.2293340025935,0.026540998078417033,0.015167002857197076,529.2710420035291
balance,200,multistation,42,42,42,t00114-c00199,199,114,4,4,True,1,124.42195799667388,529.1878329953761,0.11741700291167945,0.0057919969549402595,529.3110419952427
balance,200,multistation,42,42,42,t00115-c00053,53,115,5,5,True,1,51.916750002419576,952.585958999407,0.02079099795082584,0.016292004147544503,952.6230420015054
balance,200,multistation,42,42,42,t00115-c00101,101,115,8,8,True,1,37.18174999812618,922.9881249993923,29.691583004023414,0.00758399983169511,952.6872920032474
balance,200,multistation,42,42,42,t00115-c00127,127,115,5,5,True,1,161.33262500079582,902.7812500062282,49.897540993697476,0.005667003279086202,952.6844580032048
balance,200,multistation,42,42,42,t00116-c00053,53,116,5,5,True,1,93.45100000064122,965.9916250020615,106.04629199951887,0.01766700006555766,1072.055584001646
balance,200,multistation,42,42,42,t00116-c00161,161,116,13,13,True,1,78.44320800359128,1071.9678750028834,0.13583299732999876,0.00970800465438515,1072.1134160048678
balance,200,multistation,42,42,42,t00117-c00015,15,117,3,3,True,1,17.614333002711646,61.266374999831896,0.01041700306814164,0.01058299676515162,61.28737499966519
balance,200,multistation,42,42,42,t00119-c00174,174,119,3,3,True,1,20.137833002081607,65.66791600198485,0.0182919975486584,0.011208001524209976,65.69741600105772
balance,200,multistation,42,42,42,t00120-c00011,11,120,4,4,True,1,29.232875000161584,203.3016659988789,0.01750000228639692,0.013833996490575373,203.33299999765586
balance,200,multistation,42,42,42,t00121-c00173,173,121,9,9,True,1,75.4657080033212,476.32941699703224,0.032125004508998245,0.016416001017205417,476.37795800255844
balance,200,multistation,42,42,42,t00123-c00075,75,123,5,5,True,1,27.47879199887393,197.5466250005411,0.023500004317611456,0.01570799940964207,197.58583300426835
balance,200,multistation,42,42,42,t00124-c00016,16,124,7,7,True,1,184.34304199763574,1003.8110840032459,0.020082996343262494,0.01750000228639692,1003.8486670018756
balance,200,multistation,42,42,42,t00124-c00075,75,124,5,5,True,1,94.64700000535231,954.7664589990745,49.12624999997206,0.007875001756474376,1003.9005840008031
balance,200,multistation,42,42,42,t00124-c00116,116,124,3,3,True,1,94.60970800137147,902.0954579973477,101.7949170054635,0.00508299854118377,1003.8954580013524
balance,200,multistation,42,42,42,t00125-c00021,21,125,4,4,True,1,50.013708001642954,766.4017499992042,0.021500003640539944,0.01925000105984509,766.4425000039046
balance,200,multistation,42,42,42,t00125-c00116,116,125,3,3,True,1,32.741708993853536,461.70420899579767,304.78458300058264,0.007832997653167695,766.4966249940335
balance,200,multistation,42,42,42,t00125-c00137,137,125,4,4,True,1,49.93583299801685,766.3242909984547,0.16575000336160883,0.005208996299188584,766.4952499981155
balance,200,multistation,42,42,42,t00127-c00056,56,127,6,6,True,1,34.99662499962142,503.77495900465874,0.021124993509147316,0.015791003534104675,503.811875001702
balance,200,multistation,42,42,42,t00128-c00055,55,128,7,7,True,1,44.843832998594735,405.3627079993021,110.51008399954299,0.01695800165180117,515.8897500004969
balance,200,multistation,42,42,42,t00128-c00056,56,128,4,4,True,1,77.0682919974206,515.8110419943114,0.1373330014757812,0.007167000148911029,515.9555419959361
balance,200,multistation,42,42,42,t00129-c00055,55,129,4,4,True,1,81.79770900460426,236.17041700344998,0.020082996343262494,0.013459000911097974,236.20395900070434
balance,200,multistation,42,42,42,t00129-c00107,107,129,4,4,True,1,16.1454160042922,194.79633300215937,41.44945799635025,0.006709000444971025,236.2524999989546
balance,200,multistation,42,42,42,t00130-c00081,81,130,5,5,True,1,15.942124999128282,474.4379590047174,0.022915999579709023,0.014917000953573734,474.4757920052507
balance,200,multistation,42,42,42,t00130-c00120,120,130,7,7,True,1,96.94354199746158,421.8333749959129,52.68508300650865,0.008333998266607523,474.52679200068815
balance,200,multistation,42,42,42,t00132-c00089,89,132,5,5,True,1,85.90600000025006,372.9944579972653,0.02274999860674143,0.01633400097489357,373.0335419968469
balance,200,multistation,42,42,42,t00132-c00112,112,132,3,3,True,1,45.13825000321958,319.46270800108323,53.624166997906286,0.006708003638777882,373.0935830026283
balance,200,multistation,42,42,42,t00133-c00089,89,133,5,5,True,1,23.13220799987903,212.6896250047139,0.023207998310681432,0.014332996215671301,212.72716599924024
balance,200,multistation,42,42,42,t00135-c00045,45,135,7,7,True,1,59.88983299903339,298.76983299618587,0.021375002688728273,0.01445900124963373,298.80566700012423
balance,200,multistation,42,42,42,t00136-c00042,42,136,4,4,True,1,123.47795799723826,649.8707499995362,0.020207997295074165,0.01554200571263209,649.9065000025439
balance,200,multistation,42,42,42,t00136-c00133,133,136,3,3,True,1,17.068374996597413,507.63283299602335,142.30545800091932,0.006667003617621958,649.9449580005603
balance,200,multistation,42,42,42,t00136-c00185,185,136,7,7,True,1,84.6945829980541,548.052625003038,101.88795799331274,0.006375004886649549,649.9469580012374
balance,200,multistation,42,42,42,t00137-c00026,26,137,7,7,True,1,61.670208000577986,325.148290998186,0.019166996935382485,0.016000005416572094,325.18345800053794
balance,200,multistation,42,42,42,t00138-c00147,147,138,7,7,True,1,56.07533399597742,266.20799999363953,0.027084002795163542,0.012875003449153155,266.24795899988385
balance,200,multistation,42,42,42,t00139-c00184,184,139,5,5,True,1,20.607874997949693,132.8012919984758,0.023957996745593846,0.011542004358489066,132.83679199957987
balance,200,multistation,42,42,42,t00140-c00086,86,140,7,7,True,1,57.111125002847984,615.2231250016484,0.026166999305132776,0.016083002265077084,615.2653750032187
balance,200,multistation,42,42,42,t00140-c00124,124,140,4,4,True,1,225.58762499829754,615.184207999846,0.1114999977289699,0.005667003279086202,615.301375000854
balance,200,multistation,42,42,42,t00141-c00067,67,141,3,3,True,1,191.3465420002467,721.6237920001731,104.27687500487082,0.014582998119294643,825.9152500031632
balance,200,multistation,42,42,42,t00141-c00136,136,141,12,12,True,1,53.78516700147884,825.8357500017155,0.12554199929581955,0.009374998626299202,825.9706669996376
balance,200,multistation,42,42,42,t00141-c00197,197,141,3,3,True,1,191.26666599913733,721.5439579958911,104.41741700196872,0.004624998837243766,825.9659999966971
balance,200,multistation,42,42,42,t00142-c00074,74,142,6,6,True,1,51.574791003076825,398.73879100196064,0.022916996385902166,0.01604200224392116,398.77775000059046
balance,200,multistation,42,42,42,t00142-c00096,96,142,6,6,True,1,29.668208000657614,358.9825410017511,39.836459000071045,0.007875001756474376,398.8268750035786
balance,200,multistation,42,42,42,t00143-c00061,61,143,3,3,True,1,119.180416004383,399.0784999987227,0.026583002181723714,0.018416998500470072,399.1234999994049
balance,200,multistation,42,42,42,t00143-c00155,155,143,3,3,True,1,119.13662499864586,399.03475000028266,0.12479099677875638,0.005583999154623598,399.16512499621604
balance,200,multistation,42,42,42,t00144-c00015,15,144,4,4,True,1,68.27008300024318,390.6103749977774,54.990374999761116,0.017541002307552844,445.61829099984607
balance,200,multistation,42,42,42,t00144-c00057,57,144,9,9,True,1,34.53733299829764,445.5405409971718,0.11537500540725887,0.008999995770864189,445.6649159983499
balance,200,multistation,42,42,42,t00146-c00005,5,146,6,6,True,1,22.920875002455432,162.2814170041238,0.018667000404093415,0.01945799886016175,162.31954200338805
balance,200,multistation,42,42,42,t00147-c00118,118,147,8,8,True,1,36.82716700132005,238.5750419998658,0.02474999928381294,0.015541001630481333,238.61533300078008
balance,200,multistation,42,42,42,t00148-c00108,108,148,4,4,True,1,60.88833300600527,301.2397080019582,0.024291999579872936,0.014666999049950391,301.27866700058803
balance,200,multistation,42,42,42,t00148-c00160,160,148,7,7,True,1,28.99795900157187,245.47345899918582,55.85104099736782,0.006750000466126949,301.33124999701977
balance,200,multistation,42,42,42,t00149-c00048,48,149,3,3,True,1,39.32541600079276,221.34758299944224,67.65695800277172,0.0149589977809228,289.0194999999949
balance,200,multistation,42,42,42,t00149-c00113,113,149,4,3,True,1,26.426833006553352,288.9417920014239,0.12475000403355807,0.006207999831531197,289.072750005289
balance,200,multistation,42,42,42,t00149-c00180,180,149,4,4,True,1,26.388875005068257,288.9039159999811,0.15979200543370098,0.0049579975893720984,289.0686660030042
balance,200,multistation,42,42,42,t00150-c00048,48,150,3,3,True,1,14.748124995094258,91.07766599481693,0.0158340044436045,0.011500000255182385,91.10499999951571
balance,200,multistation,42,42,42,t00151-c00129,129,151,7,7,True,1,70.25616600003559,376.5371659974335,0.0264590053120628,0.016332996892742813,376.5799579996383
balance,200,multistation,42,42,42,t00152-c00157,157,152,9,9,True,1,21.86424999672454,342.87633399799233,0.03175000165356323,0.01612499909242615,342.9242089987383
balance,200,multistation,42,42,42,t00153-c00137,137,153,5,5,True,1,26.692500003264286,196.94729200273287,0.030625000363215804,0.015457997506018728,196.9933750006021
balance,200,multistation,42,42,42,t00155-c00004,4,155,4,4,True,1,39.87558300286764,326.6112080018502,0.017625003238208592,0.015207995602395386,326.6440410006908
balance,200,multistation,42,42,42,t00156-c00017,17,156,7,7,True,1,37.47516599833034,206.207583003561,0.017791993741411716,0.013958000636193901,206.23933299793862
balance,200,multistation,42,42,42,t00157-c00060,60,157,5,5,True,1,141.3128330023028,938.351833006891,0.021124993509147316,0.014875004126224667,938.3878330045263
balance,200,multistation,42,42,42,t00157-c00170,170,157,3,3,True,1,25.746957995579578,745.3034159989329,193.11666700377828,0.006124995707068592,938.4262079984182
balance,200,multistation,42,42,42,t00157-c00171,171,157,16,16,True,1,59.39424999814946,854.801999994379,83.63179200387094,0.008499999239575118,938.4422919974895
balance,200,multistation,42,42,42,t00158-c00029,29,158,6,6,True,1,82.36566599953221,634.690083003079,0.020667001081164926,0.01695800165180117,634.727708005812
balance,200,multistation,42,42,42,t00158-c00170,170,158,3,3,True,1,29.37108300102409,414.16516699973727,220.59937499579974,0.006041002052370459,634.7705829975894
balance,200,multistation,42,42,42,t00159-c00097,97,159,3,3,True,1,61.308791002375074,396.8924579967279,21.94825000333367,0.013999997463542968,418.8547079975251
balance,200,multistation,42,42,42,t00159-c00170,170,159,9,9,True,1,24.39366700127721,418.77970800123876,0.12070899538230151,0.009291004971601069,418.90970800159266
balance,200,multistation,42,42,42,t00160-c00145,145,160,7,7,True,1,90.09870799491182,386.5182499939692,0.04416700539877638,0.01774999691406265,386.58016699628206
balance,200,multistation,42,42,42,t00161-c00040,40,161,7,7,True,1,24.820708997140173,204.75054199778242,0.01945799886016175,0.013167002180125564,204.7831669988227
balance,200,multistation,42,42,42,t00161-c00065,65,161,4,4,True,1,69.78108300245367,183.66004199924646,21.157583003514446,0.0070829992182552814,204.82470800197916
balance,200,multistation,42,42,42,t00162-c00080,80,162,5,5,True,1,25.57495899964124,273.36724999622675,0.022542000806424767,0.016167003195732832,273.4059590002289
balance,200,multistation,42,42,42,t00163-c00041,41,163,6,6,True,1,26.539124999544583,319.48654200095916,0.02024999412242323,0.014416000340133905,319.5212079954217
balance,200,multistation,42,42,42,t00164-c00041,41,164,4,4,True,1,181.62383299932117,1512.6423749970854,0.019625003915280104,0.015083001926541328,1512.6770830029272
balance,200,multistation,42,42,42,t00164-c00130,130,164,10,10,True,1,133.75783299852628,1376.9844580019708,135.73279199772514,0.008292001439258456,1512.7255420011352
balance,200,multistation,42,42,42,t00165-c00046,46,165,3,3,True,1,85.9228749977774,326.0692499970901,0.018791004549711943,0.014334000297822058,326.1023750019376
balance,200,multistation,42,42,42,t00165-c00161,161,165,3,3,True,1,71.08795800013468,286.7060419957852,39.424416005203966,0.005750000127591193,326.13620800111676
balance,200,multistation,42,42,42,t00167-c00098,98,167,7,7,True,1,89.53350000228966,496.3449160059099,0.02337499608984217,0.013459000911097974,496.38175000291085
balance,200,multistation,42,42,42,t00167-c00106,106,167,3,3,True,1,233.15200000070035,432.07454200455686,64.32425000093644,0.005665999196935445,496.40445800469024
balance,200,multistation,42,42,42,t00174-c00054,54,174,3,3,True,1,37.99250000156462,190.58879100339254,0.01925000105984509,0.014166995242703706,190.6222079996951
balance,200,multistation,42,42,42,t00175-c00054,54,175,3,3,True,1,242.7319170019473,617.3535420020926,56.043832999421284,0.015124998753890395,673.4125000002678
balance,200,multistation,42,42,42,t00175-c00112,112,175,7,7,True,1,79.97620899550384,673.3374169998569,0.11299999459879473,0.007792004907969385,673.4582089993637
balance,200,multistation,42,42,42,t00176-c00078,78,176,13,13,True,1,423.80929199862294,1822.508959005063,0.029582995921373367,0.020542000129353255,1822.5590840011137
balance,200,multistation,42,42,42,t00176-c00112,112,176,8,8,True,1,423.7695419942611,1748.4665419979137,74.13104199804366,0.007665999874006957,1822.6052499958314
balance,200,multistation,42,42,42,t00177-c00015,15,177,3,3,True,1,42.94720799953211,172.06099999748403,0.01587499718880281,0.013791999663226306,172.09066699433606
balance,200,multistation,42,42,42,t00177-c00034,34,177,3,3,True,1,20.742374996189028,131.04637499782257,41.10533399943961,0.0070829992182552814,172.15879199648043
balance,200,multistation,42,42,42,t00178-c00015,15,178,3,3,True,1,29.172875001677312,124.6955419992446,0.01575000351294875,0.014582998119294643,124.72587500087684
balance,200,multistation,42,42,42,t00179-c00088,88,179,3,3,True,1,494.69412499456666,1464.3002089942456,389.5597500013537,0.01758299913490191,1853.8775419947342
balance,200,multistation,42,42,42,t00179-c00092,92,179,8,8,True,1,129.30083299579564,1744.7263750000275,109.20449999684934,0.008082999556791037,1853.9389579964336
balance,200,multistation,42,42,42,t00179-c00198,198,179,15,15,True,1,129.26112500281306,1853.7572499990347,0.1851250053732656,0.007832997653167695,1853.9502080020611
balance,200,multistation,42,42,42,t00180-c00088,88,180,7,7,True,1,187.3163329946692,2883.4085409980617,70.30295900040073,0.016999998479150236,2953.7284999969415
balance,200,multistation,42,42,42,t00180-c00092,92,180,11,11,True,1,187.28145800560014,2883.373541000765,70.4155420025927,0.0072499969974160194,2953.796333000355
balance,200,multistation,42,42,42,t00180-c00118,118,180,8,8,True,1,223.09633399709128,2953.618874998938,0.17025000124704093,0.006124995707068592,2953.795249995892
balance,200,multistation,42,42,42,t00180-c00198,198,180,9,9,True,1,596.5023750031833,2630.6203339991043,323.16725000418955,0.006333000783342868,2953.7939170040772
balance,200,multistation,42,42,42,t00181-c00088,88,181,5,5,True,1,150.02679200551938,508.5386670034495,33.406374997866806,0.014583005395252258,541.9596250067116
balance,200,multistation,42,42,42,t00181-c00157,157,181,7,7,True,1,46.90495900285896,541.8781250045868,0.11866699787788093,0.0075830030255019665,542.0043750054901
balance,200,multistation,42,42,42,t00182-c00157,157,182,7,7,True,1,57.32541700126603,264.64554199628765,0.029000002541579306,0.013208002201281488,264.6877500010305
balance,200,multistation,42,42,42,t00184-c00042,42,184,3,3,True,1,197.83804200415034,790.1339169984567,400.61200000491226,0.015332996554207057,1190.7612499999232
balance,200,multistation,42,42,42,t00184-c00128,128,184,6,6,True,1,115.5610420028097,1190.6832500026212,0.11654200352495536,0.0077079967013560236,1190.8075000028475
balance,200,multistation,42,42,42,t00184-c00144,144,184,5,5,True,1,89.30233299906831,1035.070749996521,155.73341699928278,0.006375004886649549,1190.8105420006905
balance,200,multistation,42,42,42,t00184-c00148,148,184,7,7,True,1,37.91987500153482,1137.7325840003323,53.06962499889778,0.005833004252053797,1190.8080420034821
balance,200,multistation,42,42,42,t00185-c00115,115,185,5,5,True,1,28.30858300148975,268.141624997952,0.024916000256780535,0.015084006008692086,268.1816250042175
balance,200,multistation,42,42,42,t00186-c00033,33,186,7,7,True,1,152.47700000327313,597.3735419975128,71.96437500533648,0.01649999467190355,669.3544169975212
balance,200,multistation,42,42,42,t00186-c00192,192,186,6,6,True,1,44.21991600247566,669.2661250053789,0.13145800039637834,0.007167000148911029,669.4047500059241
balance,200,multistation,42,42,42,t00188-c00017,17,188,3,3,True,1,582.5135000050068,922.163333001663,121.52112500189105,0.015291996533051133,1043.699750000087
balance,200,multistation,42,42,42,t00188-c00083,83,188,5,5,True,1,582.4721669996507,1043.6245829987456,0.10929199925158173,0.006541995389852673,1043.740416993387
balance,200,multistation,42,42,42,t00190-c00012,12,190,4,4,True,1,301.39300000155345,662.286207996658,0.01608400634722784,0.014999997802078724,662.3172920008074
balance,200,multistation,42,42,42,t00190-c00047,47,190,7,7,True,1,301.35770900233183,619.37233399658,42.99587500281632,0.007333001121878624,662.3755420005182
balance,200,multistation,42,42,42,t00191-c00012,12,191,7,7,True,1,34.03249999973923,277.591999998549,0.018041995645035058,0.015375000657513738,277.62541699485155
balance,200,multistation,42,42,42,t00192-c00012,12,192,4,4,True,1,89.44424999936018,535.7820409990381,0.016666999727021903,0.015708006685599685,535.8144160054508
balance,200,multistation,42,42,42,t00192-c00106,106,192,7,7,True,1,50.34716699447017,481.2040420001722,54.6512079963577,0.0077500008046627045,535.8629999973346
balance,200,multistation,42,42,42,t00195-c00124,124,195,3,3,True,1,118.40329100232339,584.1218330024276,137.48012499854667,0.015457997506018728,721.6174159984803
balance,200,multistation,42,42,42,t00195-c00155,155,195,3,3,True,1,186.61679100478068,721.5337910020025,0.112749999971129,0.006166999810375273,721.652708001784
balance,200,multistation,42,42,42,t00197-c00146,146,197,6,6,True,1,33.92625000560656,234.39508300361922,0.027292000595480204,0.015749996236991137,234.4381250004517
balance,200,multistation,42,42,42,t00198-c00020,20,198,3,3,True,1,154.80666700022994,521.8787090052501,80.52862499607727,0.013249999028630555,602.420584000356
balance,200,multistation,42,42,42,t00198-c00176,176,198,3,3,True,1,154.75775000231806,521.8298749969108,80.61554199957754,0.005125002644490451,602.4505419991328
balance,200,multistation,42,42,42,t00198-c00178,178,198,6,6,True,1,59.799791997647844,602.3084999978892,0.13020900223637,0.006000002031214535,602.4447090021567
balance,200,multistation,42,42,42,t00199-c00034,34,199,7,7,True,1,29.863292002119124,385.6187920027878,58.52316699747462,0.013916003808844835,444.1558750040713
balance,200,multistation,42,42,42,t00199-c00178,178,199,6,6,True,1,73.94400000339374,444.075083003554,0.10449999535921961,0.006166999810375273,444.1857499987236
balance,200,multistation,42,42,42,t00202-c00085,85,202,3,3,True,1,31.190583998977672,136.248084003455,0.019957995391450822,0.015083001926541328,136.283125000773
balance,200,multistation,42,42,42,t00203-c00077,77,203,7,7,True,1,95.82941600092454,463.5188750035013,0.02349999704165384,0.016416001017205417,463.55879100156017
balance,200,multistation,42,42,42,t00203-c00085,85,203,3,3,True,1,33.492750000732485,419.55849999794737,44.041291999747045,0.006499998562503606,463.6062919962569
balance,200,multistation,42,42,42,t00204-c00085,85,204,4,4,True,1,101.05837500304915,605.5447090038797,0.024708002456463873,0.015249999705702066,605.5846670060419
balance,200,multistation,42,42,42,t00204-c00165,165,204,6,6,True,1,101.0145409964025,605.5009159972542,0.12645900278585032,0.007374997949227691,605.6347499979893
balance,200,multistation,42,42,42,t00205-c00165,165,205,4,4,True,1,78.31808400078444,613.6242089996813,0.030832998163532466,0.016167003195732832,613.6712090010406
balance,200,multistation,42,42,42,t00205-c00190,190,205,7,7,True,1,78.27837499644374,613.5849580023205,0.12445799802662805,0.007083996024448425,613.7164999963716
balance,200,multistation,42,42,42,t00207-c00035,35,207,4,4,True,1,32.783750000817236,387.6872499968158,0.01875000452855602,0.01529099972685799,387.7212910010712
balance,200,multistation,42,42,42,t00207-c00169,169,207,7,7,True,1,94.86079199996311,353.68291700433474,34.08349999517668,0.007500006176996976,387.7739170056884
balance,200,multistation,42,42,42,t00209-c00092,92,209,8,8,True,1,35.70937499898719,308.74458300240804,0.026458998036105186,0.016625002899672836,308.7876670033438
balance,200,multistation,42,42,42,t00210-c00031,31,210,7,7,True,1,61.534708002000116,393.9069580010255,30.710958999407012,0.013958000636193901,424.6318750010687
balance,200,multistation,42,42,42,t00210-c00166,166,210,4,4,True,1,90.88087500276743,424.5511670014821,0.10274999658577144,0.005875001079402864,424.6597919991473
balance,200,multistation,42,42,42,t00213-c00049,49,213,4,4,True,1,31.77658299682662,136.11233299889136,0.01820900070015341,0.013790995581075549,136.1443329951726
balance,200,multistation,42,42,42,t00214-c00078,78,214,6,6,True,1,54.7068749947357,455.4062909955974,0.02370899892412126,0.016375000996049494,455.44637499551754
balance,200,multistation,42,42,42,t00217-c00081,81,217,10,10,True,1,325.80491700355196,17026.484292000532,0.03216700133634731,0.023957996745593846,17026.540416998614
balance,200,multistation,42,42,42,t00217-c00099,99,217,7,7,True,1,325.76662500650855,17026.445957999385,0.13700000272365287,0.006667003617621958,17026.589625005727
balance,200,multistation,42,42,42,t00217-c00118,118,217,5,5,True,1,43.17258299852256,11083.940083000925,5942.654416998266,0.005708003300242126,17026.600208002492
balance,200,multistation,42,42,42,t00217-c00122,122,217,8,8,True,1,325.70154200220713,17026.38066700456,0.20820799545617774,0.004417001036927104,17026.593292001053
balance,200,multistation,42,42,42,t00217-c00181,181,217,6,6,True,1,230.82258300564718,17026.346999999078,0.23241600138135254,0.0039590013329871,17026.583375001792
balance,200,multistation,42,42,42,t00217-c00183,183,217,5,5,True,1,230.789499997627,17026.313624999602,0.2512909995857626,0.003792003553826362,17026.568708002742
balance,200,multistation,42,42,42,t00218-c00004,4,218,5,5,True,1,144.83879099861952,1695.4394999993383,0.019874998542945832,0.01700000575510785,1695.4763750036363
balance,200,multistation,42,42,42,t00218-c00099,99,218,9,9,True,1,199.8048750028829,1695.3940000021248,0.11987500329269096,0.008666000212542713,1695.52254100563
balance,200,multistation,42,42,42,t00218-c00135,135,218,3,3,True,1,23.914917001093272,1105.426374997478,590.0880000044708,0.0051249953685328364,1695.5194999973173
balance,200,multistation,42,42,42,t00219-c00135,135,219,4,4,True,1,57.066249995841645,267.5971249991562,0.027624999347608536,0.01629199687158689,267.6410419953754
balance,200,multistation,42,42,42,t00220-c00034,34,220,5,5,True,1,17.38341699820012,113.8140420007403,0.0182919975486584,0.014582998119294643,113.84691699640825
balance,200,multistation,42,42,42,t00222-c00157,157,222,3,3,True,1,111.9054579976364,382.9236250021495,0.028624999686144292,0.013999997463542968,382.9662499992992
balance,200,multistation,42,42,42,t00222-c00175,175,222,5,5,True,1,111.86625000118511,382.88454199937405,0.11524999717948958,0.00687500141793862,383.0066669979715
balance,200,multistation,42,42,42,t00223-c00175,175,223,3,3,True,1,19.73633299348876,103.5414999932982,0.026749999960884452,0.013875003787688911,103.58212499704678
balance,200,multistation,42,42,42,t00225-c00068,68,225,1,1,True,1,18.43570799974259,18.43570799974259,657.8987499960931,0.012417003745213151,676.3468749995809
balance,200,multistation,42,42,42,t00225-c00098,98,225,7,7,True,1,146.89937500224914,676.2759580014972,0.10045900125987828,0.008290997357107699,676.3847080001142
balance,200,multistation,42,42,42,t00226-c00066,66,226,4,4,True,1,44.88758300431073,257.54125000094064,0.019291997887194157,0.014041004760656506,257.5745830035885
balance,200,multistation,42,42,42,t00227-c00059,59,227,9,9,True,1,49.25408300186973,540.0340830019559,0.023124994186218828,0.015167002857197076,540.0723749989993
balance,200,multistation,42,42,42,t00227-c00106,106,227,5,5,True,1,108.74662499554688,505.33174999873154,34.763208001095336,0.006166999810375273,540.1011249996372
balance,200,multistation,42,42,42,t00233-c00037,37,233,8,8,True,1,15.888459005509503,614.0306670058635,64.46966699877521,0.015207995602395386,678.5155420002411
balance,200,multistation,42,42,42,t00233-c00167,167,233,7,7,True,1,151.36750000237953,678.4324580003158,0.11170899961143732,0.008166003681253642,678.5523330036085
balance,200,multistation,42,42,42,t00234-c00064,64,234,11,11,True,1,43.216584002948366,475.44620900589507,0.025290995836257935,0.018250000721309334,475.48975000245264
balance,200,multistation,42,42,42,t00235-c00018,18,235,6,5,True,1,34.91808300168486,125.9443330054637,0.015166995581239462,0.013500000932253897,125.9730000019772
balance,200,multistation,42,42,42,t00236-c00131,131,236,7,7,True,1,17.09254100569524,501.5599160033162,0.027000001864507794,0.01587499718880281,501.6027910023695
balance,200,multistation,42,42,42,t00236-c00133,133,236,3,3,True,1,87.22112500254298,324.55295900581405,177.11287499696482,0.0072499969974160194,501.6730839997763
balance,200,multistation,42,42,42,t00236-c00179,179,236,5,5,True,1,45.478750005713664,439.5711660035886,62.10595899756299,0.00616600300418213,501.68329100415576
balance,200,multistation,42,42,42,t00237-c00131,131,237,7,7,True,1,30.75445799913723,265.98195800033864,0.026416993932798505,0.012875003449153155,266.0212499977206
balance,200,multistation,42,42,42,t00237-c00133,133,237,3,3,True,1,93.27258299890673,243.48683300195262,22.560375000466593,0.005833993782289326,266.0530419962015
balance,200,multistation,42,42,42,t00238-c00130,130,238,5,5,True,1,114.58979199960595,875.565957998333,57.18587499723071,0.014375000318977982,932.7662079958827
balance,200,multistation,42,42,42,t00238-c00133,133,238,5,5,True,1,136.9820410036482,932.6880000007804,0.1038330010487698,0.006707996362820268,932.798540998192
balance,200,multistation,42,42,42,t00239-c00043,43,239,3,3,True,1,97.99904100509593,365.2109160029795,46.20199999772012,0.015417004760820419,411.42833300546044
balance,200,multistation,42,42,42,t00239-c00177,177,239,3,3,True,1,16.601499999524094,304.8779589953483,106.59500000474509,0.007374997949227691,411.4803339980426
balance,200,multistation,42,42,42,t00239-c00194,194,239,6,6,True,1,43.79204099677736,411.31795800174586,0.17616699915379286,0.006624999514315277,411.500750000414
balance,200,multistation,42,42,42,t00240-c00154,154,240,5,5,True,1,69.59979199746158,376.6885419972823,83.02316700428491,0.015040997823234648,459.72674999939045
balance,200,multistation,42,42,42,t00240-c00177,177,240,6,6,True,1,18.150500000047032,459.6427080032299,0.11200000153621659,0.00687500141793862,459.7615830061841
balance,200,multistation,42,42,42,t00241-c00088,88,241,5,5,True,1,170.91279099986423,1339.4494999956805,0.024916000256780535,0.016917001630645245,1339.491332997568
balance,200,multistation,42,42,42,t00241-c00169,169,241,12,12,True,1,47.89916700246977,1103.2594579955912,236.27670900168596,0.009957999282050878,1339.5461249965592
balance,200,multistation,42,42,42,t00242-c00196,196,242,7,7,True,1,19.151084001350682,267.4100419972092,0.032125004508998245,0.013207994925323874,267.4553749966435
balance,200,multistation,42,42,42,t00243-c00090,90,243,6,6,True,1,22.25370799715165,333.01154199580196,35.64870799891651,0.012667005648836493,368.6729170003673
balance,200,multistation,42,42,42,t00243-c00196,196,243,8,8,True,1,22.20879200467607,368.5920000061742,0.1199589969473891,0.00654099858365953,368.71850000170525
balance,200,multistation,42,42,42,t00244-c00024,24,244,14,14,True,1,87.84016699792119,1563.1145000006654,0.02554199454607442,0.023332999262493104,1563.163374994474
balance,200,multistation,42,42,42,t00244-c00054,54,244,3,3,True,1,374.53104100131895,1260.554125001363,302.6645829959307,0.007542003004346043,1563.226250000298
balance,200,multistation,42,42,42,t00244-c00090,90,244,6,6,True,1,17.746750003425404,1420.6754589977209,142.54908300063107,0.005750000127591193,1563.2302919984795
balance,200,multistation,42,42,42,t00245-c00024,24,245,10,10,True,1,59.38991700531915,1660.2126249999856,73.05725000333041,0.017708000086713582,1733.2875830034027
balance,200,multistation,42,42,42,t00245-c00054,54,245,7,7,True,1,283.3716250024736,1495.8310829970287,237.50162500073202,0.007499998901039362,1733.3402079966618
balance,200,multistation,42,42,42,t00245-c00183,183,245,7,7,True,1,504.77508399490034,1733.1719169960706,0.1657920001889579,0.005541005521081388,1733.3432500017807
balance,200,multistation,42,42,42,t00246-c00183,183,246,6,6,True,1,23.435874994902406,215.4802919976646,0.0311659969156608,0.015084006008692086,215.52654200058896
balance,200,multistation,42,42,42,t00247-c00114,114,247,7,7,True,1,37.44916700088652,178.7546250052401,0.026332993002142757,0.013292003131937236,178.79425000137417
balance,200,multistation,42,42,42,t00252-c00031,31,252,9,9,True,1,178.49050000222633,1584.750250003708,0.02320900239283219,0.016957994375843555,1584.7904170004767
balance,200,multistation,42,42,42,t00252-c00053,53,252,9,9,True,1,178.45137500262354,1584.7111660041264,0.11183400056324899,0.006791000487282872,1584.829791005177
balance,200,multistation,42,42,42,t00252-c00069,69,252,11,11,True,1,178.41729200154077,1371.0514170015813,213.77116599614965,0.007041999197099358,1584.829624996928
balance,200,multistation,42,42,42,t00253-c00025,25,253,4,4,True,1,39.12149999814574,177.5539590016706,0.018415994418319315,0.014042001566849649,177.58641699765576
balance,200,multistation,42,42,42,t00256-c00113,113,256,11,11,True,1,28.781791996152606,300.8056249964284,0.029584000003524125,0.015208002878353,300.85041699931026
balance,200,multistation,42,42,42,t00257-c00038,38,257,5,5,True,1,192.94104199798312,1012.3286669986555,293.54633299954,0.015124998753890395,1305.8901249969495
balance,200,multistation,42,42,42,t00257-c00076,76,257,6,6,True,1,192.89970899990294,1210.9868749976158,94.93308400124079,0.00654099858365953,1305.9264999974403
balance,200,multistation,42,42,42,t00257-c00111,111,257,5,5,True,1,615.4611249949085,1305.7753749963013,0.1372500046272762,0.005041998520027846,1305.9176669994486
balance,200,multistation,42,42,42,t00258-c00105,105,258,5,5,True,1,23.333208002441097,154.0432910042,0.022416999854613096,0.015249999705702066,154.08095800376032
balance,200,multistation,42,42,42,t00259-c00105,105,259,5,5,True,1,136.78566599992337,467.81383299821755,0.023624997993465513,0.013582997780758888,467.8510409939918
balance,200,multistation,42,42,42,t00259-c00131,131,259,9,9,True,1,29.473624999809545,400.89520800393075,66.98370799858822,0.008709001122042537,467.887625003641
balance,200,multistation,42,42,42,t00260-c00050,50,260,6,6,True,1,32.10787500574952,243.76195900549646,0.021457999537233263,0.016707999748177826,243.80012500478188
balance,200,multistation,42,42,42,t00261-c00068,68,261,1,1,True,1,58.96824999945238,58.96824999945238,0.01887500548036769,0.010958996426779777,58.99808400135953
balance,200,multistation,42,42,42,t00262-c00059,59,262,5,5,True,1,364.5161669992376,1124.8429580009542,0.02279200271004811,0.01766700006555766,1124.8834170037298
balance,200,multistation,42,42,42,t00262-c00068,68,262,3,3,True,1,153.65433300030418,842.2865419997834,282.644833001541,0.007957998604979366,1124.9393329999293
balance,200,multistation,42,42,42,t00262-c00104,104,262,6,6,True,1,153.6219580011675,1004.1334999987157,120.80412499926751,0.007000002369750291,1124.944625000353
balance,200,multistation,42,42,42,t00262-c00143,143,262,8,8,True,1,213.92808399832575,1046.0971249995055,78.8416249997681,0.006583999493159354,1124.9453339987667
balance,200,multistation,42,42,42,t00265-c00002,2,265,4,4,True,1,757.3810840040096,2091.988833999494,0.01720800355542451,0.015958001313265413,2092.022000004363
balance,200,multistation,42,42,42,t00265-c00019,19,265,5,5,True,1,60.90908299665898,1773.5098330012988,318.5509169998113,0.007832997653167695,2092.0685829987633
balance,200,multistation,42,42,42,t00265-c00027,27,265,11,11,True,1,168.55829199630534,2035.5579579991172,56.51266699715052,0.008292001439258456,2092.078916997707
balance,200,multistation,42,42,42,t00265-c00037,37,265,9,9,True,1,168.52754199499032,2003.2243329987978,88.86391700070817,0.006082998879719526,2092.0943329983857
balance,200,multistation,42,42,42,t00266-c00006,6,266,5,5,True,1,329.6060829961789,904.3052919951151,217.47679100371897,0.016250000044237822,1121.7983329988783
balance,200,multistation,42,42,42,t00266-c00027,27,266,6,6,True,1,32.03887499694247,984.3163339974126,137.53120800538454,0.008041999535635114,1121.8555840023328
balance,200,multistation,42,42,42,t00266-c00036,36,266,11,11,True,1,102.73183300159872,1121.6842080029892,0.16591699386481196,0.007500006176996976,1121.857625003031
balance,200,multistation,42,42,42,t00267-c00006,6,267,5,5,True,1,63.65404200187186,451.41933400009293,0.01925000105984509,0.016040998161770403,451.45462499931455
balance,200,multistation,42,42,42,t00267-c00194,194,267,3,3,True,1,206.1167919964646,451.3691249958356,0.12458300625439733,0.00620899663772434,451.4999169987277
balance,200,multistation,42,42,42,t00268-c00135,135,268,4,4,True,1,64.31883299956098,243.50295800104504,42.57024999969872,0.01375000283587724,286.08695800357964
balance,200,multistation,42,42,42,t00268-c00150,150,268,4,4,True,1,33.08058300171979,286.00808300689096,0.11183399328729138,0.006624999514315277,286.12654199969256
balance,200,multistation,42,42,42,t00269-c00008,8,269,4,4,True,1,478.1868330028374,2341.3279580054223,0.020749997929669917,0.017958001990336925,2341.3666660053423
balance,200,multistation,42,42,42,t00269-c00053,53,269,6,6,True,1,532.9014999952051,2341.287999995984,0.13258300168672577,0.00695799826644361,2341.4275409959373
balance,200,multistation,42,42,42,t00269-c00090,90,269,4,4,True,1,478.1108749957639,2341.252957994584,0.1632089988561347,0.004375004209578037,2341.4205419976497
balance,200,multistation,42,42,42,t00269-c00150,150,269,8,7,True,1,478.07550000288757,2341.2173749966314,0.20162500004516914,0.005333000444807112,2341.4243329971214
balance,200,multistation,42,42,42,t00269-c00182,182,269,6,6,True,1,478.0430829996476,2341.1848329997156,0.22812500537838787,0.004666995664592832,2341.4176250007586
balance,200,multistation,42,42,42,t00270-c00008,8,270,6,6,True,1,103.27337499620626,617.236583995691,0.01875000452855602,0.016540994693059474,617.2718749949127
balance,200,multistation,42,42,42,t00270-c00090,90,270,4,4,True,1,103.23170800256776,617.1952500008047,0.11029199959011748,0.006041002052370459,617.3115830024472
balance,200,multistation,42,42,42,t00273-c00066,66,273,7,7,True,1,72.58787499449681,365.87754100037273,0.023083994165062904,0.015000005078036338,365.91562499961583
balance,200,multistation,42,42,42,t00275-c00062,62,275,10,10,True,1,34.94774999853689,371.94379099673824,0.025417000870220363,0.018208003893960267,371.9874160015024
balance,200,multistation,42,42,42,t00275-c00103,103,275,3,3,True,1,95.59854200051632,304.38062499888474,67.64320899674203,0.006750000466126949,372.0305839960929
balance,200,multistation,42,42,42,t00276-c00172,172,276,3,3,True,1,30.502542002068367,143.11433299735654,0.025291999918408692,0.01237499964190647,143.15199999691686
balance,200,multistation,42,42,42,t00277-c00149,149,277,7,7,True,1,314.8688749934081,1199.4424169970443,0.03141599881928414,0.01575000351294875,1199.4895829993766
balance,200,multistation,42,42,42,t00277-c00183,183,277,6,6,True,1,28.633499998250045,1199.4023750012275,0.11354099842719734,0.0062920007621869445,1199.5222080004169
balance,200,multistation,42,42,42,t00278-c00183,183,278,6,6,True,1,45.34345799766015,348.3182920026593,0.032582996936980635,0.016707999748177826,348.36758299934445
balance,200,multistation,42,42,42,t00279-c00119,119,279,3,3,True,1,216.80762500182027,536.6977079975186,183.7097919997177,0.015875004464760423,720.4233750017011
balance,200,multistation,42,42,42,t00279-c00125,125,279,9,9,True,1,89.8531249986263,720.3464580015861,0.1087079945136793,0.007709000783506781,720.4628749968833
balance,200,multistation,42,42,42,t00282-c00186,186,282,15,15,True,1,32.32125000067754,754.6220000003814,0.03695800114655867,0.0182919975486584,754.6772499990766
balance,200,multistation,42,42,42,t00282-c00195,195,282,4,4,True,1,93.1927089986857,713.5654170051566,41.14437499811174,0.006750000466126949,754.7165420037345
balance,200,multistation,42,42,42,t00284-c00102,102,284,6,6,True,1,200.06166600069264,628.810499998508,0.024583001504652202,0.017042002582456917,628.8521250025951
balance,200,multistation,42,42,42,t00284-c00154,154,284,7,7,True,1,103.02654100087238,596.8447909981478,32.04416700464208,0.008625000191386789,628.8975830029813
balance,200,multistation,42,42,42,t00285-c00023,23,285,11,11,True,1,96.60266699938802,698.6960419962998,0.022833002731204033,0.018041995645035058,698.736916994676
balance,200,multistation,42,42,42,t00287-c00199,199,287,6,6,True,1,34.261624998180196,269.1545830020914,0.032457995985168964,0.01741700543789193,269.20445800351445
balance,200,multistation,42,42,42,t00288-c00191,191,288,9,9,True,1,88.25274999981048,620.709959002852,0.03458299761405215,0.017416998161934316,620.761958998628
balance,200,multistation,42,42,42,t00291-c00050,50,291,4,4,True,1,33.80879200267373,161.52762500132667,0.021375002688728273,0.018499995348975062,161.56749999936437
balance,200,multistation,42,42,42,t00292-c00052,52,292,9,9,True,1,120.4731250036275,817.3440410027979,0.024458997359033674,0.019166000129189342,817.3876660002861
balance,200,multistation,42,42,42,t00293-c00052,52,293,3,3,True,1,61.724167004285846,261.65587500145193,0.023041997337713838,0.018500002624932677,261.6974170014146
balance,200,multistation,42,42,42,t00294-c00053,53,294,5,5,True,1,18.588041995826643,138.564791996032,0.020542000129353255,0.013249999028630555,138.59858399518998
balance,200,multistation,42,42,42,t00295-c00109,109,295,4,4,True,1,65.40641699393746,298.496041999897,0.02445800055284053,0.014999997802078724,298.5354999982519
balance,200,multistation,42,42,42,t00296-c00002,2,296,7,7,True,1,131.0192500022822,923.1163329968695,32.021875005739275,0.0165839956025593,955.1547919982113
balance,200,multistation,42,42,42,t00296-c00010,10,296,9,9,True,1,130.97966699569952,862.9220419970807,92.27133300009882,0.007708003977313638,955.2010830011568
balance,200,multistation,42,42,42,t00296-c00121,121,296,4,4,True,1,363.2634169989615,955.0419590013917,0.15341599646490067,0.005792004230897874,955.2011670020875
balance,200,multistation,42,42,42,t00299-c00153,153,299,6,6,True,1,38.346082998032216,299.1222079945146,0.03112500417046249,0.014999997802078724,299.16833299648715
balance,200,multistation,42,42,42,t00301-c00013,13,301,10,10,True,1,21.287541996571235,186.19916700117756,0.01787499786587432,0.012791002518497407,186.22983300156193
balance,200,multistation,42,42,42,t00302-c00063,63,302,7,7,True,1,45.94879200158175,257.80466700234683,0.02195800334447995,0.014499993994832039,257.84112499968614
balance,200,multistation,42,42,42,t00303-c00018,18,303,3,3,True,1,33.607708995987196,399.46799999597715,107.69391700159758,0.01383299968438223,507.1757499972591
balance,200,multistation,42,42,42,t00303-c00065,65,303,7,7,True,1,62.08370899548754,507.1031670013326,0.10629199823597446,0.007832997653167695,507.21729199722176
balance,200,multistation,42,42,42,t00303-c00170,170,303,7,7,True,1,116.2167500006035,433.949083002517,73.27570799679961,0.007084003300406039,507.231875002617
balance,200,multistation,42,42,42,t00304-c00000,0,304,9,9,True,1,59.245125004963484,975.8023750036955,0.019499995687510818,0.017250000382773578,975.8391249997658
balance,200,multistation,42,42,42,t00304-c00065,65,304,7,7,True,1,89.07491600257345,728.7585000012768,247.12324999563862,0.00804100272944197,975.8897909996449
balance,200,multistation,42,42,42,t00304-c00170,170,304,12,12,True,1,59.161916993616614,975.7192920005764,0.18124999769497663,0.006458001735154539,975.9070000000065
balance,200,multistation,42,42,42,t00305-c00039,39,305,6,6,True,1,54.4058750019758,1517.158250004286,53.15116600104375,0.01587499718880281,1570.3252910025185
balance,200,multistation,42,42,42,t00305-c00065,65,305,7,7,True,1,151.38529099931475,1570.2506660018116,0.11324999650241807,0.007458998879883438,1570.371374997194
balance,200,multistation,42,42,42,t00305-c00123,123,305,3,3,True,1,581.8062920006923,1341.2286670063622,229.1367910002009,0.00549999822396785,1570.370958004787
balance,200,multistation,42,42,42,t00305-c00134,134,305,7,7,True,1,257.362500000454,1341.1970410015783,229.164459000458,0.0056249991757795215,1570.3671250012121
balance,200,multistation,42,42,42,t00306-c00075,75,306,9,9,True,1,38.88025000196649,1473.6220830018283,273.8151250014198,0.01974999759113416,1747.4569580008392
balance,200,multistation,42,42,42,t00306-c00087,87,306,3,3,True,1,500.6603340007132,1368.3995000028517,379.10049999482,0.0072920011007227,1747.5072919987724
balance,200,multistation,42,42,42,t00306-c00096,96,306,4,4,True,1,179.97508300322806,1681.241250000312,66.25870800053235,0.005166999471839517,1747.5051250003162
balance,200,multistation,42,42,42,t00306-c00134,134,306,12,12,True,1,94.29900000395719,1628.305750004074,119.19225000019651,0.006082998879719526,1747.5040830031503
balance,200,multistation,42,42,42,t00306-c00142,142,306,7,7,True,1,476.81829200155335,1747.2754589980468,0.21566600480582565,0.004666995664592832,1747.4957919985172
balance,200,multistation,42,42,42,t00307-c00186,186,307,6,6,True,1,34.05312499671709,218.1674160019611,0.03037499845959246,0.013416996807791293,218.21120799722848
balance,200,multistation,42,42,42,t00309-c00149,149,309,9,9,True,1,37.99054200499086,329.02266699966276,0.030250004783738405,0.013917000615037978,329.06683400506154
balance,200,multistation,42,42,42,t00311-c00007,7,311,7,7,True,1,28.704874996037688,167.9272499968647,0.015292003809008747,0.010832998668774962,167.9533749993425
balance,200,multistation,42,42,42,t00312-c00058,58,312,2,2,True,1,55.620457998884376,109.24799999338575,0.017958001990336925,0.011292002454865724,109.27724999783095
balance,200,multistation,42,42,42,t00313-c00160,160,313,10,10,True,1,24.464959002216347,240.6722500018077,0.031000003218650818,0.013999997463542968,240.7172500024899
balance,200,multistation,42,42,42,t00314-c00117,117,314,9,9,True,1,33.27749999880325,260.729875000834,0.02629099617479369,0.013333999959286302,260.7694999969681
balance,200,multistation,42,42,42,t00315-c00071,71,315,9,9,True,1,41.072792002523784,676.1788750009146,0.024291999579872936,0.015333003830164671,676.2185000043246
balance,200,multistation,42,42,42,t00315-c00082,82,315,3,3,True,1,133.714666000742,640.7511659999727,35.492541996063665,0.006042006134521216,676.2497500021709
balance,200,multistation,42,42,42,t00316-c00076,76,316,7,7,True,1,110.81504199682968,845.7757919968572,52.50474999775179,0.01912500010803342,898.299666994717
balance,200,multistation,42,42,42,t00316-c00082,82,316,3,3,True,1,417.08637500414625,898.2174999982817,0.13437500456348062,0.006665999535471201,898.3585410023807
balance,200,multistation,42,42,42,t00317-c00008,8,317,3,3,True,1,78.92016699770465,1639.1034170010244,517.9937499997322,0.01641699782339856,2157.11358399858
balance,200,multistation,42,42,42,t00317-c00076,76,317,15,15,True,1,252.64291599887656,2157.035582997196,0.12395800149533898,0.011416996130719781,2157.170957994822
balance,200,multistation,42,42,42,t00317-c00119,119,317,7,7,True,1,398.35725000011735,1730.8036250033183,426.3670000000275,0.006999995093792677,2157.1776249984396
balance,200,multistation,42,42,42,t00317-c00174,174,317,7,7,True,1,252.5742090001586,2026.1666250007693,131.00545899942517,0.004540997906588018,2157.176624998101
balance,200,multistation,42,42,42,t00319-c00005,5,319,3,3,True,1,68.86095800291514,722.3295000003418,162.49066599993967,0.01758400321705267,884.8377500034985
balance,200,multistation,42,42,42,t00319-c00084,84,319,8,8,True,1,68.8189579959726,808.8981670007342,75.99529100116342,0.008916998922359198,884.90237500082
balance,200,multistation,42,42,42,t00319-c00184,184,319,4,4,True,1,283.57949999917764,884.7203749974142,0.19987500127172098,0.007124996045604348,884.9273749947315
balance,200,multistation,42,42,42,t00320-c00084,84,320,5,5,True,1,29.70645800087368,180.57991700334242,0.023832995793782175,0.016417005099356174,180.62016700423555
balance,200,multistation,42,42,42,t00321-c00066,66,321,5,5,True,1,100.98516699508764,564.8138749966165,0.0228749995585531,0.018999999156221747,564.8557499953313
balance,200,multistation,42,42,42,t00322-c00055,55,322,12,12,True,1,21.0218749998603,298.57404199719895,0.02516699896659702,0.015124998753890395,298.61433399491943
balance,200,multistation,42,42,42,t00323-c00040,40,323,4,4,True,1,104.07137499714736,608.065666994662,0.019417006114963442,0.013499993656296283,608.0985839944333
balance,200,multistation,42,42,42,t00323-c00093,93,323,12,12,True,1,26.30858399788849,558.1635419948725,49.96850000316044,0.009249997674487531,608.1412919957074
balance,200,multistation,42,42,42,t00324-c00074,74,324,8,8,True,1,49.20079099974828,274.4178330030991,0.025749999622348696,0.015416997484862804,274.4590000002063
balance,200,multistation,42,42,42,t00326-c00061,61,326,4,4,True,1,120.75991700112354,726.3650829991093,0.02112500078510493,0.014875004126224667,726.4010830040206
balance,200,multistation,42,42,42,t00326-c00141,141,326,12,12,True,1,21.440415999677498,588.7999159967876,137.6319170012721,0.008708004315849394,726.4405410023755
balance,200,multistation,42,42,42,t00327-c00141,141,327,6,6,True,1,24.975125001219567,824.147791005089,124.42266699508764,0.016417005099356174,948.5868750052759
balance,200,multistation,42,42,42,t00327-c00162,162,327,5,5,True,1,303.4624169958988,948.5047919952194,0.1405830043950118,0.0077079967013560236,948.6530829963158
balance,200,multistation,42,42,42,t00327-c00187,187,327,9,9,True,1,87.90204199613072,886.1087920013233,62.54112500027986,0.006374997610691935,948.6562919992139
balance,200,multistation,42,42,42,t00328-c00046,46,328,4,4,True,1,106.87704200245207,1109.3218340029125,0.018874998204410076,0.016500001947861165,1109.3572090030648
balance,200,multistation,42,42,42,t00328-c00120,120,328,5,5,True,1,186.12062499596504,923.5625000001164,185.82729199988535,0.007624999852851033,1109.3974169998546
balance,200,multistation,42,42,42,t00328-c00141,141,328,7,7,True,1,65.57116600015434,1054.670541001542,54.72324999573175,0.005917005182709545,1109.3997080024565
balance,200,multistation,42,42,42,t00328-c00187,187,328,8,8,True,1,65.53733299369924,1039.3007079983363,70.08804199722363,0.005792004230897874,1109.3945419997908
balance,200,multistation,42,42,42,t00331-c00163,163,331,7,7,True,1,34.297958001843654,314.8300829998334,0.02995900285895914,0.013624994608107954,314.87366699730046
balance,200,multistation,42,42,42,t00331-c00195,195,331,3,3,True,1,112.32958299660822,279.0769999992335,35.853499997756444,0.00654099858365953,314.9370409955736
balance,200,multistation,42,42,42,t00332-c00108,108,332,4,4,True,1,70.29016699380009,419.71170799661195,0.02641700120875612,0.015124998753890395,419.7532499965746
balance,200,multistation,42,42,42,t00332-c00163,163,332,3,3,True,1,70.2469169991673,419.668709000689,0.11295799777144566,0.005125002644490451,419.7867920011049
balance,200,multistation,42,42,42,t00333-c00193,193,333,3,3,True,1,43.09383399959188,175.06337499798974,0.028208996809553355,0.012750002497341484,175.10433399729664
balance,200,multistation,42,42,42,t00334-c00125,125,334,8,8,True,1,103.97566699975869,1036.7043750011362,0.029249997169245034,0.016917001630645245,1036.750541999936
balance,200,multistation,42,42,42,t00336-c00153,153,336,3,3,True,1,24.302750003698748,90.96500000305241,0.01920799695653841,0.010957999620586634,90.99516599962953
balance,200,multistation,42,42,42,t00337-c00048,48,337,6,6,True,1,34.688082996581215,888.6000409984263,53.98099999729311,0.01562500256113708,942.5966659982805
balance,200,multistation,42,42,42,t00337-c00101,101,337,7,7,True,1,128.43220899958396,942.5190839974675,0.1157080041593872,0.007582995749544352,942.6423749973765
balance,200,multistation,42,42,42,t00337-c00153,153,337,3,3,True,1,256.1194579975563,767.1169169989298,175.51520800043363,0.004583002009894699,942.6367080013733
balance,200,multistation,42,42,42,t00338-c00079,79,338,8,8,True,1,44.41883300023619,926.6002910007956,0.02554199454607442,0.016542006051167846,926.6423750013928
balance,200,multistation,42,42,42,t00338-c00153,153,338,8,8,True,1,181.6674170040642,748.265292000724,178.4199579997221,0.008542003342881799,926.693792003789
balance,200,multistation,42,42,42,t00340-c00116,116,340,2,2,True,1,68.71991699881619,123.885999993945,78.56820900633465,0.012499993317760527,202.46670899359742
balance,200,multistation,42,42,42,t00340-c00141,141,340,6,6,True,1,17.195874999742955,202.39179100462934,0.12641699868254364,0.0070829992182552814,202.52529100253014
balance,200,multistation,42,42,42,t00341-c00014,14,341,7,7,True,1,65.74491700303042,821.5923340030713,0.01912500010803342,0.016416001017205417,821.6278750041965
balance,200,multistation,42,42,42,t00341-c00067,67,341,3,3,True,1,403.07612500328105,781.4741670008516,40.18229099892778,0.006834001396782696,821.6632920011762
balance,200,multistation,42,42,42,t00341-c00116,116,341,3,3,True,1,22.160374996019527,674.5200829973328,147.13816699804738,0.005375004548113793,821.6636249999283
balance,200,multistation,42,42,42,t00341-c00138,138,341,3,3,True,1,403.0076659983024,781.4054999980726,40.246333002869505,0.004249995981808752,821.6560829969239
balance,200,multistation,42,42,42,t00342-c00001,1,342,7,7,True,1,176.23066699889023,1298.4787500026869,132.7622919998248,0.01608299498911947,1431.2571249975008
balance,200,multistation,42,42,42,t00342-c00071,71,342,13,13,True,1,176.19237499457086,1298.4399999986636,132.8744589991402,0.008666000212542713,1431.3231249980163
balance,200,multistation,42,42,42,t00342-c00168,168,342,4,4,True,1,310.34087499574525,1431.14549999882,0.16725000023143366,0.005125002644490451,1431.317875001696
balance,200,multistation,42,42,42,t00343-c00001,1,343,7,7,True,1,30.572625000786502,670.1665410000714,164.88904199650278,0.016792000678833574,835.0723749972531
balance,200,multistation,42,42,42,t00343-c00100,100,343,3,3,True,1,259.8659579962259,641.7302499976358,193.38695800252026,0.006624999514315277,835.1238329996704
balance,200,multistation,42,42,42,t00343-c00158,158,343,4,4,True,1,175.26754199934658,834.9575419997564,0.1561659955768846,0.004708999767899513,835.1184169951011
balance,200,multistation,42,42,42,t00343-c00168,168,343,4,4,True,1,175.23733300185995,834.9274170032004,0.19712500215973705,0.004165995051153004,835.1287080004113
balance,200,multistation,42,42,42,t00344-c00030,30,344,10,10,True,1,150.236749999749,1370.88587499602,107.41583300114144,0.017708996892906725,1478.3194169940543
balance,200,multistation,42,42,42,t00344-c00081,81,344,7,7,True,1,367.7341250004247,1098.4399160006433,379.91695899836486,0.008458002412226051,1478.3653330014204
balance,200,multistation,42,42,42,t00344-c00107,107,344,7,7,True,1,115.47979200258851,1393.553250003606,84.8140419984702,0.006666996341664344,1478.373958998418
balance,200,multistation,42,42,42,t00344-c00154,154,344,5,5,True,1,90.73445800459012,1370.7835000022897,107.58216599788284,0.0053340045269578695,1478.3710000046995
balance,200,multistation,42,42,42,t00344-c00158,158,344,4,4,True,1,207.21533400501357,1478.1448749999981,0.21608400129480287,0.00470800296170637,1478.3656670042546
balance,200,multistation,42,42,42,t00345-c00134,134,345,7,7,True,1,326.63475000299513,1265.3453750026529,0.030499999411404133,0.016874997527338564,1265.3927499995916
balance,200,multistation,42,42,42,t00345-c00158,158,345,4,4,True,1,326.5950829954818,1265.3064170008292,0.11466599971754476,0.006041998858563602,1265.4271249994054
balance,200,multistation,42,42,42,t00346-c00084,84,346,3,3,True,1,55.223957999260165,361.9994999971823,81.09058300033212,0.01416700251866132,443.10425000003306
balance,200,multistation,42,42,42,t00346-c00159,159,346,4,4,True,1,109.38245799479773,443.0266249983106,0.10604199633235112,0.007041002390906215,443.13970799703384
balance,200,multistation,42,42,42,t00347-c00089,89,347,9,9,True,1,37.50912500254344,320.25404200248886,0.02612500247778371,0.014540994015987962,320.29470799898263
balance,200,multistation,42,42,42,t00349-c00032,32,349,8,8,True,1,257.61679200513754,662.8772080002818,0.022250002075452358,0.01654199877521023,662.9160000011325
balance,200,multistation,42,42,42,t00349-c00146,146,349,4,4,True,1,257.5710840028478,662.8316670030472,0.1253750015166588,0.006333000783342868,662.9633750053472
balance,200,multistation,42,42,42,t00351-c00094,94,351,3,3,True,1,66.95537499763304,293.3004579972476,0.022667001758236438,0.015249999705702066,293.3383749987115
balance,200,multistation,42,42,42,t00352-c00040,40,352,5,5,True,1,31.38125000259606,110.28541599807795,0.014875004126224667,0.010458999895490706,110.31075000209967
balance,200,multistation,42,42,42,t00353-c00021,21,353,11,11,True,1,52.25937499926658,646.1146660003578,0.02179199509555474,0.015458004781976342,646.1519160002354
balance,200,multistation,42,42,42,t00355-c00189,189,355,3,3,True,1,26.2161249993369,74.91187499545049,0.019208004232496023,0.00912499672267586,74.94020799640566
balance,200,multistation,42,42,42,t00356-c00003,3,356,8,8,True,1,76.55645799968624,476.4732500043465,0.017916994693223387,0.014750003174412996,476.5059170022141
balance,200,multistation,42,42,42,t00357-c00003,3,357,6,6,True,1,23.62800000264542,357.02712499914924,0.01979200169444084,0.015500001609325409,357.062417002453
balance,200,multistation,42,42,42,t00359-c00046,46,359,9,9,True,1,77.37924999673851,901.0792919943924,0.021875006495974958,0.015915997209958732,901.1170829980983
balance,200,multistation,42,42,42,t00359-c00171,171,359,8,8,True,1,77.33304100111127,840.7592080038739,60.38920799619518,0.007167000148911029,901.155583000218
balance,200,multistation,42,42,42,t00359-c00185,185,359,5,5,True,1,306.4933749992633,779.9193339960766,121.23175000306219,0.006041002052370459,901.1571250011912
balance,200,multistation,42,42,42,t00360-c00141,141,360,12,12,True,1,56.334499997319654,704.5790419942932,54.451957999845035,0.016709003830328584,759.0477089979686
balance,200,multistation,42,42,42,t00360-c00166,166,360,7,7,True,1,56.29587500152411,704.5403750016703,54.54570800065994,0.006791997293476015,759.0928749996237
balance,200,multistation,42,42,42,t00360-c00185,185,360,5,5,True,1,84.28045799519168,758.9237079955637,0.17458300135331228,0.005458998202811927,759.1037499951199
balance,200,multistation,42,42,42,t00361-c00166,166,361,5,5,True,1,13.575208002293948,106.89566600194667,0.025000001187436283,0.012333999620750546,106.93300000275485
balance,200,multistation,42,42,42,t00362-c00045,45,362,8,8,True,1,54.63550000422401,319.31208400055766,0.02020800457103178,0.015749996236991137,319.3480420013657
balance,200,multistation,42,42,42,t00365-c00164,164,365,9,9,True,1,90.38237500499235,805.7183330020052,0.030625000363215804,0.01683399750618264,805.7657919998746
balance,200,multistation,42,42,42,t00366-c00180,180,366,7,7,True,1,28.023209000821225,362.0092920027673,95.45362499920884,0.016083002265077084,457.47900000424124
balance,200,multistation,42,42,42,t00366-c00188,188,366,5,5,True,1,119.74554100015666,457.3906250006985,0.13308299821801484,0.007167000148911029,457.5308749990654
balance,200,multistation,42,42,42,t00367-c00101,101,367,9,9,True,1,153.87516699411208,1359.8788749950472,0.029041999368928373,0.018083002942148596,1359.9259999973583
balance,200,multistation,42,42,42,t00367-c00139,139,367,7,7,True,1,208.40954199957196,1305.515583997476,54.450540999823716,0.008542003342881799,1359.9746670006425
balance,200,multistation,42,42,42,t00367-c00195,195,367,7,7,True,1,153.80274999915855,1214.1158340018592,145.86295800108928,0.006332993507385254,1359.9851249964559
balance,200,multistation,42,42,42,t00368-c00107,107,368,10,10,True,1,28.46170800330583,383.2270420025452,0.028665999707300216,0.017291997210122645,383.2729999994626
balance,200,multistation,42,42,42,t00369-c00043,43,369,12,12,True,1,51.246750001155306,431.22004099859623,0.02487500023562461,0.017250000382773578,431.26216599921463
balance,200,multistation,42,42,42,t00370-c00030,30,370,6,6,True,1,47.64679200161481,260.85420900199097,0.02024999412242323,0.015041005099192262,260.8895000012126
balance,200,multistation,42,42,42,t00371-c00008,8,371,9,9,True,1,81.14595799997915,757.7347499973257,0.020083003619220108,0.018416998500470072,757.7732499994454
balance,200,multistation,42,42,42,t00371-c00030,30,371,6,6,True,1,113.62116599775618,660.2701660012826,97.54195899586193,0.008458002412226051,757.8205829995568
balance,200,multistation,42,42,42,t00372-c00001,1,372,2,2,True,1,86.10679200501181,266.471625000122,65.55933300114702,0.014834004105068743,332.0457920053741
balance,200,multistation,42,42,42,t00372-c00030,30,372,6,6,True,1,31.39658400323242,331.9742090025102,0.12458299897843972,0.007916998583823442,332.10670900007244
balance,200,multistation,42,42,42,t00373-c00001,1,373,5,5,True,1,364.7019999989425,1051.1032919966965,0.015249999705702066,0.015249999705702066,1051.133791996108
balance,200,multistation,42,42,42,t00373-c00156,156,373,4,4,True,1,364.65316700196126,959.1617499972926,92.0087920021615,0.006916998245287687,1051.1774589976994
balance,200,multistation,42,42,42,t00376-c00137,137,376,5,5,True,1,27.612334000878036,185.7780840000487,0.026540998078417033,0.013625001884065568,185.81825000001118
balance,200,multistation,42,42,42,t00377-c00071,71,377,8,8,True,1,30.211625002266373,287.0730420036125,0.023916996724437922,0.015000005078036338,287.111959005415
balance,200,multistation,42,42,42,t00378-c00034,34,378,3,3,True,1,16.280125004414003,67.94770799751859,0.010750001820269972,0.00895900302566588,67.96741700236453
balance,200,multistation,42,42,42,t00379-c00026,26,379,3,3,True,1,27.756584000599105,150.39041700219968,34.38704200380016,0.01208300091093406,184.78954200691078
balance,200,multistation,42,42,42,t00379-c00034,34,379,3,3,True,1,44.899625005200505,184.72366700007115,0.09612500434741378,0.006333000783342868,184.8261250052019
balance,200,multistation,42,42,42,t00380-c00095,95,380,4,4,True,1,192.46649999695364,853.7341659975937,84.9932089986396,0.01479100319556892,938.7421659994288
balance,200,multistation,42,42,42,t00380-c00110,110,380,12,12,True,1,29.00329200201668,887.2826250008075,51.49683399940841,0.008625000191386789,938.7880840004073
balance,200,multistation,42,42,42,t00380-c00165,165,380,4,4,True,1,88.82154199818615,938.6267919981037,0.15108300431165844,0.005666996003128588,938.7835419984185
balance,200,multistation,42,42,42,t00381-c00014,14,381,4,4,True,1,1076.0874999978114,2471.3812919944758,350.2814160019625,0.01575000351294875,2821.678457999951
balance,200,multistation,42,42,42,t00381-c00033,33,381,6,6,True,1,772.5126660006936,2737.1968330044183,84.52187499642605,0.007832997653167695,2821.7265409984975
balance,200,multistation,42,42,42,t00381-c00089,89,381,6,6,True,1,772.4781249999069,2799.402958000428,22.32229200308211,0.005999994755256921,2821.7312499982654
balance,200,multistation,42,42,42,t00381-c00114,114,381,8,8,True,1,802.3447500017937,2821.5392920028535,0.18295799964107573,0.006207999831531197,2821.728458002326
balance,200,multistation,42,42,42,t00381-c00146,146,381,6,6,True,1,772.4127500041504,2737.0951249977225,84.62204200623091,0.0038329962990246713,2821.7210000002524
balance,200,multistation,42,42,42,t00381-c00165,165,381,5,5,True,1,1028.6371249967488,2471.211833995767,350.4946250031935,0.0040000013541430235,2821.7104590003146
balance,200,multistation,42,42,42,t00382-c00056,56,382,5,5,True,1,75.92220800142968,430.914374999702,0.022125001123640686,0.016582998796366155,430.953082999622
balance,200,multistation,42,42,42,t00383-c00092,92,383,4,4,True,1,29.87454100366449,114.46837500261609,0.019833001715596765,0.01245799649041146,114.5006660008221
balance,200,multistation,42,42,42,t00384-c00151,151,384,3,3,True,1,20.67387499846518,72.0319579995703,0.018416998500470072,0.01041700306814164,72.0607920011389
balance,200,multistation,42,42,42,t00385-c00151,151,385,3,3,True,1,28.647332997934427,117.279416997917,0.024916000256780535,0.013124998076818883,117.3174579962506
balance,200,multistation,42,42,42,t00386-c00153,153,386,10,10,True,1,83.1606659994577,704.1841249956633,0.032500000088475645,0.016416001017205417,704.233040996769
balance,200,multistation,42,42,42,t00387-c00061,61,387,5,5,True,1,214.12470899667824,1244.3227089970605,0.02354100433876738,0.01587499718880281,1244.3621249985881
balance,200,multistation,42,42,42,t00387-c00100,100,387,9,9,True,1,80.14566600468243,1046.2939580029342,198.12124999589287,0.008000002708286047,1244.4232080015354
balance,200,multistation,42,42,42,t00388-c00009,9,388,5,5,True,1,332.9074579960434,1993.5022499994375,0.01883300137706101,0.017374994058627635,1993.5384579948732
balance,200,multistation,42,42,42,t00388-c00061,61,388,5,5,True,1,332.86566600145306,1993.4600000051432,0.12033299572067335,0.006542002665810287,1993.5868750035297
balance,200,multistation,42,42,42,t00388-c00126,126,388,5,5,True,1,36.15104200434871,1718.5804170003394,275.0115000017104,0.005750000127591193,1993.5976670021773
balance,200,multistation,42,42,42,t00389-c00061,61,389,5,5,True,1,149.40312500402797,815.1862919985433,0.02300000051036477,0.01875000452855602,815.2280420035822
balance,200,multistation,42,42,42,t00391-c00013,13,391,3,3,True,1,18.060583002807107,53.893750002316665,0.015958001313265413,0.01308399805566296,53.92279200168559
balance,200,multistation,42,42,42,t00392-c00140,140,392,5,5,True,1,28.17908399447333,260.6908339948859,0.027750000299420208,0.014083001588005573,260.73266699677333
balance,200,multistation,42,42,42,t00393-c00046,46,393,7,7,True,1,70.82733399874996,511.11562499863794,0.022250002075452358,0.017166996258310974,511.1550419969717
balance,200,multistation,42,42,42,t00394-c00044,44,394,8,8,True,1,103.25691600155551,1150.7184580041212,0.02316699828952551,0.014999997802078724,1150.7566250002128
balance,200,multistation,42,42,42,t00394-c00046,46,394,7,7,True,1,165.2462080019177,1097.431708003569,53.354584000771865,0.006915994163136929,1150.793207998504
balance,200,multistation,42,42,42,t00394-c00091,91,394,5,5,True,1,25.356875004945323,1011.2485839999863,139.5394999999553,0.005708003300242126,1150.7937920032418
balance,200,multistation,42,42,42,t00395-c00035,35,395,9,9,True,1,54.42362499888986,354.8057079970022,0.0228749995585531,0.015792000340297818,354.844374996901
balance,200,multistation,42,42,42,t00396-c00132,132,396,7,7,True,1,55.48891700163949,257.7995420069783,0.027290996513329446,0.012750002497341484,257.83958300598897
balance,200,multistation,42,42,42,t00399-c00072,72,399,3,3,True,1,67.28724999993574,1057.7486250040238,301.621583996166,0.01570799940964207,1359.3859169995994
balance,200,multistation,42,42,42,t00399-c00086,86,399,8,8,True,1,112.77920800057473,1224.3221660028212,135.11779200052842,0.007791997632011771,1359.4477500009816
balance,200,multistation,42,42,42,t00399-c00097,97,399,6,6,True,1,251.89166700147325,1359.2759999955888,0.16458400205010548,0.005791000148747116,1359.4463749977876
balance,200,multistation,42,42,42,t00399-c00101,101,399,3,3,True,1,424.5069169992348,1224.258332993486,135.17579200561158,0.003957997250836343,1359.4380829963484
balance,200,multistation,42,42,42,t00400-c00072,72,400,5,5,True,1,45.354625006439164,350.2331250056159,0.022291998902801424,0.0155829984578304,350.2710000029765
balance,200,multistation,42,42,42,t00401-c00011,11,401,11,11,True,1,76.12895799684338,1242.2143750009127,160.83975000219652,0.019166000129189342,1403.0732910032384
balance,200,multistation,42,42,42,t00401-c00072,72,401,5,5,True,1,269.4778749937541,1402.9886659991462,0.12279200018383563,0.0070829992182552814,1403.1185409985483
balance,200,multistation,42,42,42,t00402-c00003,3,402,9,9,True,1,81.9002089992864,474.84962500311667,0.018749997252598405,0.01604200224392116,474.8844170026132
balance,200,multistation,42,42,42,t00402-c00070,70,402,3,3,True,1,24.132667000230867,355.2436250029132,119.68212499778019,0.007124996045604348,474.932874996739
balance,200,multistation,42,42,42,t00403-c00148,148,403,14,14,True,1,45.47199999797158,612.6657909990172,0.03241699596401304,0.018542006728239357,612.7167500017094
balance,200,multistation,42,42,42,t00404-c00148,148,404,5,5,True,1,17.763750001904555,167.35641700506676,0.02316699828952551,0.012666001566685736,167.39225000492297
balance,200,multistation,42,42,42,t00406-c00152,152,406,5,5,True,1,29.17216700006975,204.9345830018865,0.025291999918408692,0.013249999028630555,204.97312500083353
balance,200,multistation,42,42,42,t00408-c00012,12,408,7,7,True,1,54.68404199928045,375.531375000719,0.01895800232887268,0.01504199462942779,375.5653749976773
balance,200,multistation,42,42,42,t00409-c00049,49,409,7,7,True,1,43.18724999757251,460.4182499970193,79.28212499973597,0.016333004168700427,539.716708000924
balance,200,multistation,42,42,42,t00409-c00080,80,409,4,4,True,1,178.61641600029543,539.6361250022892,0.11249999806750566,0.006416004907805473,539.7550410052645
balance,200,multistation,42,42,42,t00412-c00188,188,412,7,7,True,1,73.60683299339144,630.0357499931124,0.03291600296506658,0.0149589977809228,630.0836249938584
balance,200,multistation,42,42,42,t00414-c00136,136,414,4,4,True,1,27.11437499965541,131.04749999911292,0.023208995116874576,0.01158300437964499,131.08229199860943
balance,200,multistation,42,42,42,t00415-c00094,94,415,3,3,True,1,118.8462089994573,488.6107499987702,0.025334004021715373,0.01945799886016175,488.65554200165207
balance,200,multistation,42,42,42,t00416-c00022,22,416,12,12,True,1,547.4990420043468,3819.326667005953,121.37145799351856,0.01779200101736933,3940.715917000489
balance,200,multistation,42,42,42,t00416-c00073,73,416,14,14,True,1,547.4533340020571,3886.6033340018475,54.15708299551625,0.008500006515532732,3940.7689170038793
balance,200,multistation,42,42,42,t00416-c00094,94,416,3,3,True,1,372.65654200018616,3253.9449999967474,686.8163330000243,0.005375004548113793,3940.76670800132
balance,200,multistation,42,42,42,t00416-c00150,150,416,6,6,True,1,372.6204579943442,3509.1965829997207,431.559249998827,0.005957997927907854,3940.7617909964756
balance,200,multistation,42,42,42,t00416-c00196,196,416,6,6,True,1,754.142582998611,3940.5190000034054,0.22945799719309434,0.005292000423651189,3940.753750001022
balance,200,multistation,42,42,42,t00417-c00102,102,417,3,3,True,1,29.415083001367748,313.8773329992546,0.022916996385902166,0.013500000932253897,313.91374999657273
balance,200,multistation,42,42,42,t00417-c00175,175,417,3,3,True,1,29.3729999975767,313.8351250017877,0.12008300109300762,0.005875001079402864,313.9610830039601
balance,200,multistation,42,42,42,t00418-c00016,16,418,3,3,True,1,14.128041002550162,95.08091599855106,0.013417004083748907,0.012874996173195541,95.10720799880801
balance,200,multistation,42,42,42,t00419-c00113,113,419,5,5,True,1,21.68145799805643,104.66179200011538,0.020083003619220108,0.01129199517890811,104.69316699891351
balance,200,multistation,42,42,42,t00420-c00041,41,420,7,7,True,1,64.03637499897741,459.00329199503176,0.02262500493088737,0.016457997844554484,459.0423749978072
balance,200,multistation,42,42,42,t00421-c00151,151,421,8,8,True,1,44.914291000168305,285.1178750061081,0.027707996196113527,0.013500000932253897,285.15908300323645
balance,200,multistation,42,42,42,t00422-c00015,15,422,3,3,True,1,16.50204099860275,533.1551249983022,119.95404100161977,0.012874996173195541,653.1220409960952
balance,200,multistation,42,42,42,t00422-c00146,146,422,7,7,True,1,90.80329099379014,584.2663329967763,68.88162499672035,0.006417001713998616,653.1543749952107
balance,200,multistation,42,42,42,t00422-c00151,151,422,4,4,True,1,142.7275419991929,653.0207499963581,0.12354200589470565,0.00508299854118377,653.149375000794
balance,200,multistation,42,42,42,t00423-c00112,112,423,3,3,True,1,19.46516699536005,106.3662500018836,0.02179199509555474,0.012625001545529813,106.40066699852468
balance,200,multistation,42,42,42,t00424-c00008,8,424,5,5,True,1,73.7193329987349,764.835290996416,0.019875005818903446,0.01683399750618264,764.8719999997411
balance,200,multistation,42,42,42,t00424-c00169,169,424,3,3,True,1,85.85399999719812,433.02275000314694,331.8922499965993,0.0072499969974160194,764.9222499967436
balance,200,multistation,42,42,42,t00426-c00104,104,426,6,6,True,1,34.09595899574924,186.22720900020795,0.024082997697405517,0.012999997125007212,186.26429199503036
balance,200,multistation,42,42,42,t00428-c00135,135,428,9,9,True,1,68.2797919944278,440.94262499856995,0.02845799463102594,0.013709002814721316,440.9847919960157
balance,200,multistation,42,42,42,t00429-c00099,99,429,4,4,True,1,249.43545799760614,874.628917001246,0.025207998987752944,0.01979200169444084,874.6739170019282
balance,200,multistation,42,42,42,t00429-c00126,126,429,7,7,True,1,249.3956670004991,874.5889580022776,0.1184170032502152,0.00695799826644361,874.7143330037943
balance,200,multistation,42,42,42,t00430-c00147,147,430,6,6,True,1,22.884375001012813,640.632957998605,134.98779200017452,0.018749997252598405,775.6394999960321
balance,200,multistation,42,42,42,t00430-c00156,156,430,4,4,True,1,190.9377499978291,775.5520840000827,0.13112500164425,0.007832997653167695,775.6910419993801
balance,200,multistation,42,42,42,t00432-c00083,83,432,5,5,True,1,53.62562499794876,1227.139791000809,766.0159169972758,0.017625003238208592,1993.173333001323
balance,200,multistation,42,42,42,t00432-c00122,122,432,8,8,True,1,339.7587500003283,1870.1035420017433,123.11666599998716,0.008916998922359198,1993.2291250006529
balance,200,multistation,42,42,42,t00432-c00129,129,432,12,12,True,1,339.7251659989706,1993.0560409993632,0.1707500050542876,0.008124996384140104,1993.2349160008016
balance,200,multistation,42,42,42,t00433-c00129,129,433,7,7,True,1,361.5535419958178,1962.67141700082,0.029165996238589287,0.016709003830328584,1962.7172920008888
balance,200,multistation,42,42,42,t00433-c00173,173,433,12,12,True,1,115.70108400337631,1883.8911250059027,78.89304199488834,0.011042000551242381,1962.7952090013423
balance,200,multistation,42,42,42,t00433-c00197,197,433,9,9,True,1,115.66704100550851,1883.8574580004206,78.93725000030827,0.006624999514315277,1962.8013330002432
balance,200,multistation,42,42,42,t00434-c00017,17,434,9,9,True,1,50.20554100337904,801.9117500007269,0.021541003661695868,0.017583995941095054,801.9508750003297
balance,200,multistation,42,42,42,t00434-c00129,129,434,6,6,True,1,156.4073749977979,801.8656249987544,0.1397500018356368,0.006417001713998616,802.011792002304
balance,200,multistation,42,42,42,t00435-c00017,17,435,6,6,True,1,150.88212500268128,597.6390830037417,0.019582999811973423,0.014749995898455381,597.6734159994521
balance,200,multistation,42,42,42,t00435-c00057,57,435,3,3,True,1,26.079707997268997,488.7057919986546,109.02508300205227,0.006333000783342868,597.7372080014902
balance,200,multistation,42,42,42,t00435-c00113,113,435,7,7,True,1,48.90258300292771,510.24612500623334,87.4866669983021,0.005916001100558788,597.738708005636
balance,200,multistation,42,42,42,t00435-c00148,148,435,4,4,True,1,85.92891699663596,597.5376249989495,0.19258399697719142,0.004624998837243766,597.7348339947639
balance,200,multistation,42,42,42,t00436-c00017,17,436,3,3,True,1,17.649291003181133,97.50233300292166,0.01274999522138387,0.01091699959943071,97.52599999774247
balance,200,multistation,42,42,42,t00437-c00017,17,437,3,3,True,1,19.707042003574315,106.37250000581844,0.013541997759602964,0.012124997738283128,106.39816700131632
balance,200,multistation,42,42,42,t00439-c00025,25,439,10,10,True,1,58.36566699872492,387.35320800333284,0.020667001081164926,0.014375000318977982,387.388250004733
balance,200,multistation,42,42,42,t00440-c00025,25,440,9,9,True,1,173.69741699803853,1227.30708400195,0.021624997316394,0.017750004190020263,1227.3464590034564
balance,200,multistation,42,42,42,t00440-c00106,106,440,10,10,True,1,55.546458999742754,1155.7164999976521,71.66754200443393,0.008875002095010132,1227.392917004181
balance,200,multistation,42,42,42,t00440-c00144,144,440,6,6,True,1,33.34062499925494,1138.495334002073,88.89620799891418,0.0062920007621869445,1227.3978340017493
balance,200,multistation,42,42,42,t00441-c00144,144,441,6,6,True,1,57.57520800398197,612.0784580052714,0.027207999664824456,0.017166996258310974,612.1228330011945
balance,200,multistation,42,42,42,t00443-c00024,24,443,5,5,True,1,274.23866699973587,893.6806670026272,152.4373329957598,0.013875003787688911,1046.1318750021746
balance,200,multistation,42,42,42,t00443-c00028,28,443,13,13,True,1,57.761541997024324,1007.1156670019263,39.0748329955386,0.008417002391070127,1046.198916999856
balance,200,multistation,42,42,42,t00443-c00047,47,443,4,4,True,1,141.74916699994355,1046.0321249993285,0.1622080017114058,0.00549999822396785,1046.199832999264
balance,200,multistation,42,42,42,t00444-c00024,24,444,5,5,True,1,112.61187500349479,437.70737500017276,62.585958003182895,0.01375000283587724,500.30708300619153
balance,200,multistation,42,42,42,t00444-c00044,44,444,4,4,True,1,39.40300000249408,500.2374169998802,0.09162500646198168,0.00654099858365953,500.33558300492587
balance,200,multistation,42,42,42,t00445-c00077,77,445,7,7,True,1,97.76920799777145,413.3269579979242,0.02479200338711962,0.016040998161770403,413.3677909994731
balance,200,multistation,42,42,42,t00446-c00150,150,446,8,8,True,1,47.77012500562705,238.07200000010198,0.03175000165356323,0.01412499841535464,238.1178750001709
balance,200,multistation,42,42,42,t00447-c00150,150,447,8,8,True,1,71.86495800124248,311.2047079994227,0.029625000024680048,0.015249999705702066,311.24958299915306
balance,200,multistation,42,42,42,t00448-c00015,15,448,4,4,True,1,20.885500001895707,155.99441700032912,0.018625003576744348,0.01383299968438223,156.02687500359025
balance,200,multistation,42,42,42,t00449-c00014,14,449,7,7,True,1,221.93983300530817,1591.7154580019997,0.01995899947360158,0.016165999113582075,1591.7515830005868
balance,200,multistation,42,42,42,t00449-c00127,127,449,5,5,True,1,553.1277920017601,1445.7682080028462,146.0167499972158,0.007375005225185305,1591.7923330052872
balance,200,multistation,42,42,42,t00450-c00121,121,450,0,0,False,0,,,,,
balance,200,multistation,42,42,42,t00451-c00038,38,451,16,16,True,1,40.026333001151215,793.1685419971473,0.025583001843187958,0.018624996300786734,793.2127499952912
balance,200,multistation,42,42,42,t00451-c00121,121,451,4,4,True,1,130.8896670016111,554.7303339990322,238.5400830025901,0.006666996341664344,793.2770839979639
balance,200,multistation,42,42,42,t00451-c00178,178,451,4,4,True,1,62.90708300366532,741.3883749977686,51.888041001802776,0.004875000740867108,793.2812910003122
balance,200,multistation,42,42,42,t00452-c00038,38,452,11,11,True,1,90.6392910037539,1424.58116600028,0.023459004296455532,0.015416000678669661,1424.6200410052552
balance,200,multistation,42,42,42,t00452-c00067,67,452,5,5,True,1,240.40808299469063,1003.5790420006379,421.0954999944079,0.007458002073690295,1424.6819999971194
balance,200,multistation,42,42,42,t00452-c00121,121,452,3,3,True,1,388.66958300059196,912.2235830000136,512.4520840035984,0.005041001713834703,1424.6807080053259
balance,200,multistation,42,42,42,t00452-c00192,192,452,6,6,True,1,48.59174999728566,1393.9494590013055,30.71858300245367,0.004832996637560427,1424.6728750003967
balance,200,multistation,42,42,42,t00452-c00194,194,452,6,6,True,1,48.565334000159055,1393.923208997876,30.738624998775776,0.004041001375298947,1424.665874998027
balance,200,multistation,42,42,42,t00453-c00038,38,453,11,11,True,1,53.43858400010504,944.2689169954974,37.93408300407464,0.015334000636357814,982.2183340002084
balance,200,multistation,42,42,42,t00453-c00105,105,453,7,7,True,1,162.45429199625505,982.1358330009389,0.11066699516959488,0.006667003617621958,982.2531669997261
balance,200,multistation,42,42,42,t00453-c00194,194,453,10,10,True,1,16.354667000996415,897.9254169971682,84.3181669988553,0.005916001100558788,982.2494999971241
balance,200,multistation,42,42,42,t00454-c00029,29,454,4,4,True,1,72.06083399796626,866.0504590006894,0.018582999473437667,0.01641699782339856,866.0854589979863
balance,200,multistation,42,42,42,t00454-c00128,128,454,6,6,True,1,17.855250000138767,748.2429580049939,117.8842919980525,0.008666997018735856,866.1359170000651
balance,200,multistation,42,42,42,t00454-c00133,133,454,7,7,True,1,17.821624998759944,694.8362910043215,171.2914589952561,0.006000002031214535,866.1337500016089
balance,200,multistation,42,42,42,t00456-c00177,177,456,4,4,True,1,34.95649999968009,188.2428329990944,45.941083000798244,0.01358399458695203,234.19749999447959
balance,200,multistation,42,42,42,t00456-c00181,181,456,7,7,True,1,17.74779199331533,234.11537499487167,0.12387500464683399,0.007582995749544352,234.24683299526805
balance,200,multistation,42,42,42,t00458-c00000,0,458,3,3,True,1,12.15687500371132,64.61141700128792,0.01208300091093406,0.012625001545529813,64.63612500374438
balance,200,multistation,42,42,42,t00461-c00078,78,461,3,3,True,1,18.43979200202739,66.76079200406093,0.01383299968438223,0.00912499672267586,66.78375000046799
balance,200,multistation,42,42,42,t00462-c00078,78,462,4,4,True,1,63.06570800370537,327.7465420032968,0.022624997654929757,0.013290999049786478,327.7824580000015
balance,200,multistation,42,42,42,t00463-c00157,157,463,3,3,True,1,19.717416995263193,79.45012499840232,0.022084001102484763,0.01049999991664663,79.48270899942145
balance,200,multistation,42,42,42,t00464-c00112,112,464,7,7,True,1,80.12116699683247,336.923916998785,0.027374997443985194,0.014416000340133905,336.9657079965691
balance,200,multistation,42,42,42,t00465-c00018,18,465,8,8,True,1,68.19000000541564,518.2327500006068,0.020332998246885836,0.014792000001762062,518.2678749988554
balance,200,multistation,42,42,42,t00465-c00115,115,465,6,6,True,1,25.066499998501968,486.97954200179083,31.31483300239779,0.0072920011007227,518.3016670052893
balance,200,multistation,42,42,42,t00466-c00007,7,466,3,3,True,1,18.638333000126295,225.85566699854098,53.40633300511399,0.01758299913490191,279.2795830027899
balance,200,multistation,42,42,42,t00466-c00170,170,466,9,9,True,1,44.42733399628196,279.1993749997346,0.11691699910443276,0.007667003956157714,279.32395900279516
balance,200,multistation,42,42,42,t00467-c00081,81,467,10,10,True,1,14.582541996787768,150.6008330034092,0.020499996026046574,0.011709002137649804,150.6330420015729
balance,200,multistation,42,42,42,t00468-c00081,81,468,12,12,True,1,20.641707997128833,243.8748749991646,0.024790999304968864,0.013709002814721316,243.9133750012843
balance,200,multistation,42,42,42,t00469-c00160,160,469,7,7,True,1,35.915667001972906,177.64983400411438,0.027457994292490184,0.012708005669992417,177.69000000407686
balance,200,multistation,42,42,42,t00470-c00020,20,470,8,8,True,1,87.85358400200494,502.76004199986346,0.01695800165180117,0.015375000657513738,502.7923750021728
balance,200,multistation,42,42,42,t00471-c00146,146,471,3,3,True,1,34.955458002514206,173.4540410034242,0.02787500125123188,0.01504199462942779,173.49695799930487
balance,200,multistation,42,42,42,t00472-c00146,146,472,8,8,True,1,51.276375001179986,289.07941700163065,0.029457994969561696,0.01424999936716631,289.1231249959674
balance,200,multistation,42,42,42,t00473-c00047,47,473,6,6,True,1,40.964250001707114,219.83375000127126,0.01912500010803342,0.01391599653288722,219.86679099791218
balance,200,multistation,42,42,42,t00474-c00047,47,474,3,3,True,1,17.926833003002685,75.02170800580643,0.014583994925487787,0.012500000593718141,75.04879200132564
balance,200,multistation,42,42,42,t00476-c00005,5,476,3,3,True,1,341.85833399533294,890.8397919949493,99.81466700264718,0.013666001905221492,990.6681249995017
balance,200,multistation,42,42,42,t00476-c00053,53,476,9,9,True,1,154.7352920024423,918.5990830010269,72.11083400034113,0.008625000191386789,990.7185420015594
balance,200,multistation,42,42,42,t00476-c00096,96,476,3,3,True,1,23.547499993583187,820.4842919949442,170.22716600331478,0.004875000740867108,990.7163329989999
balance,200,multistation,42,42,42,t00476-c00105,105,476,3,3,True,1,341.7520420043729,890.733291998913,99.9717920058174,0.004540997906588018,990.709625002637
balance,200,multistation,42,42,42,t00476-c00135,135,476,8,8,True,1,154.63741600251524,990.4977499973029,0.20420800137799233,0.00541700137546286,990.7073750000563
balance,200,multistation,42,42,42,t00478-c00182,182,478,3,3,True,1,21.153083005629014,114.77200000081211,0.02341600338695571,0.012291995517443866,114.80770799971651
balance,200,multistation,42,42,42,t00480-c00064,64,480,6,6,True,1,12.99999999901047,1329.2039160005515,221.1914999934379,0.015792000340297818,1550.4112079943297
balance,200,multistation,42,42,42,t00480-c00068,68,480,3,3,True,1,346.02395899855765,1113.1842090035207,437.25870799971744,0.005832996976096183,1550.4487500002142
balance,200,multistation,42,42,42,t00480-c00069,69,480,7,7,True,1,75.01616700028535,1372.341458001756,178.11724999774015,0.006084002961870283,1550.4647920024581
balance,200,multistation,42,42,42,t00480-c00118,118,480,4,4,True,1,199.81037500110688,1550.2625410008477,0.19166700076311827,0.004792003892362118,1550.4590000055032
balance,200,multistation,42,42,42,t00480-c00121,121,480,4,4,True,1,199.7808329979307,1550.2329579976504,0.22066699602873996,0.004041001375298947,1550.4576659950544
balance,200,multistation,42,42,42,t00480-c00145,145,480,8,8,True,1,256.77816700044787,1550.2017920007347,0.2435830028844066,0.005083995347376913,1550.4504589989665
balance,200,multistation,42,42,42,t00481-c00068,68,481,4,4,True,1,84.74175000446849,406.1301670008106,237.24283300543902,0.01504199462942779,643.3880420008791
balance,200,multistation,42,42,42,t00481-c00118,118,481,4,4,True,1,26.387166006315965,643.3095410029637,0.10541699884925038,0.00695799826644361,643.4219160000794
balance,200,multistation,42,42,42,t00481-c00145,145,481,6,6,True,1,68.82495799800381,601.3863750049495,42.03041699656751,0.005708003300242126,643.4225000048173
balance,200,multistation,42,42,42,t00482-c00051,51,482,4,4,True,1,119.96050000016112,584.537791000912,0.01858399627963081,0.01412499841535464,584.570499995607
balance,200,multistation,42,42,42,t00484-c00179,179,484,4,4,True,1,40.69266700389562,188.89866700192215,0.0295409990940243,0.013208999007474631,188.94141700002365
balance,200,multistation,42,42,42,t00485-c00025,25,485,3,3,True,1,57.38312500034226,248.342999999295,32.85679200052982,0.013500000932253897,281.21329200075706
balance,200,multistation,42,42,42,t00485-c00178,178,485,0,0,False,0,,,,,
balance,200,multistation,42,42,42,t00485-c00179,179,485,4,4,True,1,23.570208002638537,281.10458300216123,0.11554199591046199,0.006665999535471201,281.22679099760717
balance,200,multistation,42,42,42,t00486-c00170,170,486,7,7,True,1,33.62841600028332,404.6260830000392,79.1828750006971,0.016833000699989498,483.8257910014363
balance,200,multistation,42,42,42,t00486-c00178,178,486,4,4,True,1,87.99637499760138,483.73679100041045,0.13004199718125165,0.00695799826644361,483.87379099585814
balance,200,multistation,42,42,42,t00487-c00186,186,487,4,4,True,1,9.898249998514075,88.97962500486756,0.020916995708830655,0.01012500433716923,89.01066700491356
balance,200,multistation,42,42,42,t00488-c00111,111,488,3,3,True,1,22.50708299834514,303.1410829935339,0.026458001229912043,0.016000005416572094,303.1835410001804
balance,200,multistation,42,42,42,t00488-c00186,186,488,3,3,True,1,22.469332994660363,303.1034579980769,0.12612499995157123,0.006041998858563602,303.23562499688705
balance,200,multistation,42,42,42,t00489-c00130,130,489,4,4,True,1,62.52679199678823,260.9062499977881,0.02570800279499963,0.015208999684546143,260.94716700026765
balance,200,multistation,42,42,42,t00490-c00128,128,490,4,4,True,1,39.20045799895888,327.74704199982807,0.02487500023562461,0.016165999113582075,327.7880829991773
balance,200,multistation,42,42,42,t00490-c00157,157,490,4,4,True,1,52.66604200005531,253.97300000622636,73.8534999982221,0.006583999493159354,327.8330840039416
balance,200,multistation,42,42,42,t00491-c00167,167,491,5,5,True,1,26.313666996429674,232.12945900013437,0.031249997846316546,0.013707998732570559,232.17441699671326
balance,200,multistation,42,42,42,t00492-c00062,62,492,15,15,True,1,29.716582997934893,769.2779999997583,0.02704199869185686,0.017708000086713582,769.3227499985369
balance,200,multistation,42,42,42,t00492-c00077,77,492,6,6,True,1,77.32758299971465,730.5156250004075,38.86416600289522,0.007834001735318452,769.387625005038
balance,200,multistation,42,42,42,t00493-c00062,62,493,7,7,True,1,196.38041599682765,945.5526249948889,183.9959999997518,0.016833000699989498,1129.5654579953407
balance,200,multistation,42,42,42,t00493-c00077,77,493,6,6,True,1,151.2508749947301,1129.4832919957116,0.13737499830313027,0.007792004907969385,1129.6284589989227
balance,200,multistation,42,42,42,t00493-c00192,192,493,5,5,True,1,151.20933299476746,1129.4416249947972,0.17666700296103954,0.005583002348430455,1129.6238750001066
balance,200,multistation,42,42,42,t00494-c00024,24,494,6,6,True,1,169.00829199585132,990.1805830013473,0.022291998902801424,0.016457997844554484,990.2193329980946
balance,200,multistation,42,42,42,t00494-c00055,55,494,7,7,True,1,212.03062499989755,813.4164579969365,176.8343330040807,0.007791997632011771,990.2585829986492
balance,200,multistation,42,42,42,t00494-c00062,62,494,4,4,True,1,168.93466700275894,990.1070420019096,0.14683300105389208,0.004959001671522856,990.258834004635
balance,200,multistation,42,42,42,t00496-c00063,63,496,5,5,True,1,30.276958001195453,207.55916699999943,0.019291001081001014,0.012917000276502222,207.59137500135694
balance,200,multistation,42,42,42,t00497-c00018,18,497,7,7,True,1,61.95804200251587,310.4406670026947,0.018332997569814324,0.015000005078036338,310.47400000534253
balance,200,multistation,42,42,42,t00498-c00090,90,498,3,3,True,1,15.378582997072954,92.80337499512825,0.017250000382773578,0.012125005014240742,92.83275000052527
balance,200,multistation,42,42,42,t00500-c00143,143,500,4,4,True,1,47.46762500144541,199.65354200394358,0.023207998310681432,0.011249998351559043,199.68800000060583
balance,200,multistation,42,42,42,t00501-c00064,64,501,3,3,True,1,28.714833002595697,238.43662500439677,79.12762499472592,0.013374999980442226,317.57762499910314
balance,200,multistation,42,42,42,t00501-c00190,190,501,4,4,True,1,53.46291699970607,317.49916700209724,0.11208299838472158,0.0061250029830262065,317.617375003465
balance,200,multistation,42,42,42,t00502-c00043,43,502,7,7,True,1,132.89066599827493,882.8911660020822,0.021792002371512353,0.015457997506018728,882.9284160019597
balance,200,multistation,42,42,42,t00502-c00166,166,502,5,5,True,1,27.866333999554627,811.43449999945,71.5530840025167,0.0075409989221952856,882.995125000889
balance,200,multistation,42,42,42,t00502-c00190,190,502,7,7,True,1,132.8094170021359,882.8099579986883,0.18012500368058681,0.005333997251000255,882.9954169996199
balance,200,multistation,42,42,42,t00503-c00043,43,503,7,7,True,1,49.47958300181199,295.35858300369,37.55237499717623,0.014417004422284663,332.9253750052885
balance,200,multistation,42,42,42,t00503-c00103,103,503,4,4,True,1,66.03650000033667,332.8462919962476,0.10612500045681372,0.006499998562503606,332.9589169952669
balance,200,multistation,42,42,42,t00504-c00065,65,504,3,3,True,1,26.300291996449232,92.78416699817171,0.018708000425249338,0.011500000255182385,92.81437499885214
balance,200,multistation,42,42,42,t00506-c00131,131,506,11,11,True,1,33.089374999690335,364.5786249981029,0.02975000097649172,0.014625002222601324,364.623000001302
balance,200,multistation,42,42,42,t00511-c00006,6,511,3,3,True,1,39.702333000604995,892.9048749996582,337.6709580043098,0.014833000022917986,1230.590666003991
balance,200,multistation,42,42,42,t00511-c00010,10,511,3,3,True,1,250.60233399563003,1206.3376250007423,24.309000000357628,0.006374997610691935,1230.6529999987106
balance,200,multistation,42,42,42,t00511-c00050,50,511,7,7,True,1,61.735959003272,1230.4862090022652,0.1602909978828393,0.006834001396782696,1230.6533340015449
balance,200,multistation,42,42,42,t00511-c00121,121,511,3,3,True,1,250.52887499623466,1206.264000000374,24.378875001275446,0.004707995685748756,1230.6475829973351
balance,200,multistation,42,42,42,t00512-c00006,6,512,3,3,True,1,29.33066700643394,313.178375006828,64.8132499991334,0.014499993994832039,378.0061249999562
balance,200,multistation,42,42,42,t00512-c00037,37,512,6,6,True,1,73.3247090029181,377.93516700185137,0.10450000263517722,0.007582995749544352,378.0472500002361
balance,200,multistation,42,42,42,t00513-c00176,176,513,10,10,True,1,80.7157500021276,594.7908340021968,0.034040996979456395,0.018541999452281743,594.8434169986285
balance,200,multistation,42,42,42,t00515-c00068,68,515,5,5,True,1,102.30912500264822,706.841582999914,0.02020800457103178,0.016166995919775218,706.8779580004048
balance,200,multistation,42,42,42,t00515-c00182,182,515,6,6,True,1,73.50899999437388,629.4829170001321,77.42729199526366,0.007708003977313638,706.9179169993731
balance,200,multistation,42,42,42,t00516-c00182,182,516,4,4,True,1,15.882332998444326,143.9215830032481,0.027707996196113527,0.012208998668938875,143.96149999811314
balance,200,multistation,42,42,42,t00518-c00040,40,518,3,3,True,1,79.3199590043514,220.55658400495304,23.00558299612021,0.01333300315309316,243.57550000422634
balance,200,multistation,42,42,42,t00518-c00082,82,518,7,7,True,1,31.574249995173886,243.4990409965394,0.12691700248979032,0.006582995411008596,243.6325409944402
balance,200,multistation,42,42,42,t00519-c00040,40,519,5,5,True,1,44.14620800525881,207.51250000466825,0.020040999515913427,0.013708995538763702,207.54624999972293
balance,200,multistation,42,42,42,t00520-c00036,36,520,3,3,True,1,45.5466669955058,183.13341699831653,0.019166000129189342,0.016666999727021903,183.16924999817275
balance,200,multistation,42,42,42,t00521-c00142,142,521,13,13,True,1,70.00395900104195,2278.106417004892,109.28579199389787,0.020375002350192517,2387.41258400114
balance,200,multistation,42,42,42,t00521-c00155,155,521,6,6,True,1,515.2663749977364,2387.31912500225,0.13712499639950693,0.008374998287763447,2387.4646249969373
balance,200,multistation,42,42,42,t00521-c00198,198,521,7,7,True,1,515.230666998832,2139.5611250045476,247.90133399801562,0.0070409951149486005,2387.469499997678
balance,200,multistation,42,42,42,t00523-c00085,85,523,3,3,True,1,38.31812499993248,316.45441699947696,26.70149999903515,0.013166005373932421,343.16908300388604
balance,200,multistation,42,42,42,t00523-c00149,149,523,7,7,True,1,74.8943330036127,343.0922080005985,0.11837499914690852,0.007917005859781057,343.21850000560516
balance,200,multistation,42,42,42,t00524-c00060,60,524,5,5,True,1,50.241666998772416,221.18762499303557,0.02445800055284053,0.01595900539541617,221.22804199898383
balance,200,multistation,42,42,42,t00528-c00090,90,528,9,9,True,1,33.179040998220444,234.6712500002468,0.023665998014621437,0.012874996173195541,234.70779099443462
balance,200,multistation,42,42,42,t00529-c00063,63,529,3,3,True,1,105.8504999964498,416.68475000187755,162.80154199921526,0.014917000953573734,579.5012090020464
balance,200,multistation,42,42,42,t00529-c00093,93,529,8,8,True,1,71.55916699412046,579.4247089943383,0.11579100100789219,0.008625000191386789,579.5491249955376
balance,200,multistation,42,42,42,t00529-c00167,167,529,3,3,True,1,29.190208995714784,374.16795900207944,205.3731659980258,0.005666996003128588,579.5467919961084
balance,200,multistation,42,42,42,t00532-c00172,172,532,9,9,True,1,56.62512500566663,398.40591700340156,0.031167000997811556,0.015082994650583714,398.45216699904995
balance,200,multistation,42,42,42,t00535-c00123,123,535,7,7,True,1,59.979999998176936,505.98333300149534,0.028875001589767635,0.01783299376256764,506.0300409968477
balance,200,multistation,42,42,42,t00535-c00199,199,535,5,5,True,1,158.33245900284965,446.05029199738055,60.017708005034365,0.006624999514315277,506.07462500192923
balance,200,multistation,42,42,42,t00536-c00002,2,536,3,3,True,1,122.99862499639858,403.5181660001399,41.95920899655903,0.014416000340133905,445.49179099703906
balance,200,multistation,42,42,42,t00536-c00165,165,536,10,10,True,1,32.10658399621025,445.4117089990177,0.11620800069067627,0.009166993550024927,445.5370839932584
balance,200,multistation,42,42,42,t00537-c00054,54,537,11,11,True,1,134.99791699723573,1405.7982500016806,0.026124995201826096,0.01995899947360158,1405.844333996356
balance,200,multistation,42,42,42,t00537-c00165,165,537,7,7,True,1,134.9512080050772,1274.669417005498,131.23337499564514,0.008166003681253642,1405.9109580048244
balance,200,multistation,42,42,42,t00538-c00023,23,538,3,3,True,1,43.93737500504358,769.3577080062823,75.69649999641115,0.01333300315309316,845.0675410058466
balance,200,multistation,42,42,42,t00538-c00054,54,538,8,8,True,1,156.51162499852944,844.9990000008256,0.10900000052060932,0.007333997928071767,845.1153339992743
balance,200,multistation,42,42,42,t00539-c00077,77,539,4,4,True,1,39.94858400255907,295.104042001185,0.02270800177939236,0.015792000340297818,295.1425420033047
balance,200,multistation,42,42,42,t00540-c00116,116,540,4,4,True,1,18.68287500110455,89.7798750011134,0.020291998225729913,0.011249998351559043,89.81141699769069
balance,200,multistation,42,42,42,t00541-c00190,190,541,3,3,True,1,22.209041999303736,117.99337499542162,0.02633300027810037,0.013125005352776498,118.0328330010525
balance,200,multistation,42,42,42,t00543-c00059,59,543,4,4,True,1,390.301666004234,1014.2579160019523,0.021792002371512353,0.015624995285179466,1014.295332999609
balance,200,multistation,42,42,42,t00543-c00074,74,543,6,6,True,1,390.26333299989346,1014.2193749998114,0.12162500206613913,0.008167000487446785,1014.349167002365
balance,200,multistation,42,42,42,t00544-c00106,106,544,4,4,True,1,26.481417000468355,128.6404170023161,0.022416999854613096,0.01354100095340982,128.67637500312412
balance,200,multistation,42,42,42,t00545-c00124,124,545,3,3,True,1,39.86862499732524,154.4203750017914,0.021957996068522334,0.013791999663226306,154.45612499752315
balance,200,multistation,42,42,42,t00546-c00154,154,546,6,6,True,1,54.34275000152411,364.50116600462934,0.03012499655596912,0.014375000318977982,364.5456660015043
balance,200,multistation,42,42,42,t00547-c00089,89,547,8,8,True,1,30.602500002714805,238.23675000312505,0.021665997337549925,0.01412499841535464,238.27254099887796
balance,200,multistation,42,42,42,t00549-c00092,92,549,3,3,True,1,12.931458993989509,65.89704199723201,0.02004199632210657,0.01129100564867258,65.92837499920279
balance,200,multistation,42,42,42,t00550-c00171,171,550,5,5,True,1,261.2202909949701,745.8697080001002,0.03241699596401304,0.014750003174412996,745.9168749992386
balance,200,multistation,42,42,42,t00550-c00180,180,550,8,8,True,1,261.18133300042246,745.8312499948079,0.11962500138906762,0.007417002052534372,745.9582919982495
balance,200,multistation,42,42,42,t00551-c00153,153,551,7,7,True,1,42.17866600083653,218.60512500279583,0.02600000152597204,0.012499993317760527,218.64362499763956
balance,200,multistation,42,42,42,t00553-c00024,24,553,4,4,True,1,73.01054099661997,353.0223749985453,0.01737500133458525,0.013582997780758888,353.0533329976606
balance,200,multistation,42,42,42,t00554-c00159,159,554,4,4,True,1,49.48616700130515,216.07425000547664,0.028416994609870017,0.014375000318977982,216.1170420004055
balance,200,multistation,42,42,42,t00556-c00110,110,556,7,7,True,1,37.674541999876965,167.63187500328058,0.02745899837464094,0.013000004400964826,167.6723340060562
balance,200,multistation,42,42,42,t00557-c00068,68,557,7,7,True,1,70.2738340041833,345.5186670034891,0.022499996703118086,0.014417004422284663,345.5555840046145
balance,200,multistation,42,42,42,t00560-c00039,39,560,7,7,True,1,50.098207997507416,236.49524999927962,0.019166000129189342,0.013417004083748907,236.52783300349256
balance,200,multistation,42,42,42,t00562-c00114,114,562,7,7,True,1,16.45033299428178,107.084749994101,0.025458000891376287,0.013208999007474631,107.12341699399985
balance,200,multistation,42,42,42,t00563-c00085,85,563,8,8,True,1,630.8885410035145,2034.600416001922,0.027417001547291875,0.017250000382773578,2034.645083003852
balance,200,multistation,42,42,42,t00563-c00184,184,563,4,4,True,1,630.8458330022404,2034.5577080006478,0.12508399959187955,0.006250003934837878,2034.6890420041746
balance,200,multistation,42,42,42,t00563-c00191,191,563,5,5,True,1,630.8162919958704,2034.5284169961815,0.1521660014986992,0.004875000740867108,2034.685457998421
balance,200,multistation,42,42,42,t00565-c00162,162,565,5,5,True,1,45.99654200137593,249.12445800146088,0.02870900061680004,0.013374999980442226,249.16654200205812
balance,200,multistation,42,42,42,t00567-c00013,13,567,0,0,False,0,,,,,
balance,200,multistation,42,42,42,t00567-c00087,87,567,9,9,True,1,257.5709160009865,1141.211916001339,145.04574999591568,0.017625003238208592,1286.2752910004929
balance,200,multistation,42,42,42,t00567-c00113,113,567,14,14,True,1,106.05520800163504,1286.1940000002505,0.13566599955083802,0.009374998626299202,1286.3390409984277
balance,200,multistation,42,42,42,t00567-c00158,158,567,9,9,True,1,106.02420799841639,1286.1634580040118,0.17491699691163376,0.005708003300242126,1286.3440830042236
balance,200,multistation,42,42,42,t00568-c00013,13,568,9,9,True,1,163.70458400342613,720.7417500030715,0.018416998500470072,0.013791999663226306,720.7739590012352
balance,200,multistation,42,42,42,t00568-c00185,185,568,5,5,True,1,141.8134170016856,617.1709170012036,103.66425000393065,0.007582995749544352,720.8427500008838
balance,200,multistation,42,42,42,t00568-c00187,187,568,7,7,True,1,141.78150000225287,701.9578339968575,18.88116600457579,0.00541700137546286,720.8444170028088
balance,200,multistation,42,42,42,t00569-c00013,13,569,12,12,True,1,14.96620800025994,298.6238749945187,0.021457999537233263,0.01554200571263209,298.66087499976857
balance,200,multistation,42,42,42,t00569-c00032,32,569,3,3,True,1,77.53450000018347,278.272042000026,20.4293749993667,0.007167000148911029,298.7085839995416
balance,200,multistation,42,42,42,t00570-c00027,27,570,7,7,True,1,69.27991699922131,590.6302500006859,137.90787500329316,0.016041994967963547,728.554166998947
balance,200,multistation,42,42,42,t00570-c00098,98,570,7,7,True,1,138.29433300270466,728.4747910016449,0.11912499758182094,0.008209004590753466,728.6021250038175
balance,200,multistation,42,42,42,t00570-c00175,175,570,3,3,True,1,16.578749993641395,559.7532499959925,168.83933300414355,0.005750000127591193,728.5983330002637
balance,200,multistation,42,42,42,t00571-c00074,74,571,4,4,True,1,41.20150000380818,234.07141700590728,0.01966700074262917,0.013540993677452207,234.10462500032736
balance,200,multistation,42,42,42,t00571-c00175,175,571,3,3,True,1,21.477125003002584,188.2670830018469,45.870125002693385,0.006417001713998616,234.1436250062543
balance,200,multistation,42,42,42,t00572-c00045,45,572,7,7,True,1,43.05016600119416,416.6823330015177,0.022000000171829015,0.01570799940964207,416.72004100109916
balance,200,multistation,42,42,42,t00572-c00175,175,572,3,3,True,1,16.163833999598864,300.24395899818046,116.51979100133758,0.007458998879883438,416.7712089983979
balance,200,multistation,42,42,42,t00573-c00048,48,573,16,16,True,1,88.83808400423732,1218.9943750054226,0.028833994292654097,0.016625002899672836,1219.039834002615
balance,200,multistation,42,42,42,t00573-c00141,141,573,6,6,True,1,30.741708003915846,1176.6295000052196,42.44495799503056,0.006417001713998616,1219.0808750019642
balance,200,multistation,42,42,42,t00574-c00002,2,574,3,3,True,1,171.69120800099336,549.9807080050232,52.51483299798565,0.014583994925487787,602.5101249979343
balance,200,multistation,42,42,42,t00574-c00141,141,574,6,6,True,1,171.64391600090312,602.4340000003576,0.10645799920894206,0.006750000466126949,602.5472080000327
balance,200,multistation,42,42,42,t00575-c00184,184,575,4,4,True,1,15.9780000030878,87.27662500314182,0.028541995561681688,0.015792000340297818,87.3209589990438
balance,200,multistation,42,42,42,t00576-c00174,174,576,6,6,True,1,21.66791699710302,570.7284169984632,71.44345800043084,0.014874996850267053,642.1867499957443
balance,200,multistation,42,42,42,t00576-c00180,180,576,7,7,True,1,48.11804200289771,642.0811670031981,0.12345799768809229,0.007875001756474376,642.2125000026426
balance,200,multistation,42,42,42,t00576-c00181,181,576,9,9,True,1,21.567374998994637,642.0403749943944,0.1567090002936311,0.005791000148747116,642.2028749948367
balance,200,multistation,42,42,42,t00579-c00075,75,579,4,4,True,1,121.89799999759998,987.4209999979939,62.795874997391365,0.01591700129210949,1050.2327919966774
balance,200,multistation,42,42,42,t00579-c00120,120,579,3,3,True,1,156.79766700486653,754.345250003098,295.9284579992527,0.006834001396782696,1050.2805420037475
balance,200,multistation,42,42,42,t00579-c00183,183,579,6,6,True,1,156.76262500346638,1050.1159170016763,0.15604100190103054,0.0057919969549402595,1050.2777500005323
balance,200,multistation,42,42,42,t00579-c00198,198,579,4,4,True,1,121.79062500217697,987.3135419984465,62.95504199806601,0.005083005817141384,1050.2736670023296
balance,200,multistation,42,42,42,t00580-c00081,81,580,3,3,True,1,109.5969590023742,486.4919999963604,223.8796670062584,0.016666999727021903,710.3883340023458
balance,200,multistation,42,42,42,t00580-c00198,198,580,4,4,True,1,100.81545900175115,710.3034999963711,0.10837500303750858,0.006750000466126949,710.4186249998747
balance,200,multistation,42,42,42,t00581-c00198,198,581,3,3,True,1,123.60045799869113,537.6479999977164,0.03375000233063474,0.016999998479150236,537.6987499985262
balance,200,multistation,42,42,42,t00582-c00004,4,582,5,5,True,1,41.524374995788094,513.673249995918,0.018291000742465258,0.016917001630645245,513.7084579982911
balance,200,multistation,42,42,42,t00583-c00046,46,583,3,3,True,1,14.577707996068057,361.7192919991794,38.360915998055134,0.015334000636357814,400.0955419978709
balance,200,multistation,42,42,42,t00583-c00119,119,583,6,6,True,1,14.533082998241298,400.0169159990037,0.12104200141038746,0.009832998330239207,400.1477909987443
balance,200,multistation,42,42,42,t00583-c00137,137,583,4,4,True,1,51.646540996443946,146.59799999935785,253.54637499549426,0.007250004273373634,400.1516249991255
balance,200,multistation,42,42,42,t00586-c00033,33,586,8,8,True,1,28.498583000327926,239.3618330024765,0.01983399852178991,0.014375000318977982,239.39604200131726
balance,200,multistation,42,42,42,t00586-c00146,146,586,3,3,True,1,79.35241700033657,218.28633299446665,21.145000006072223,0.005750000127591193,239.43708300066646
balance,200,multistation,42,42,42,t00587-c00146,146,587,3,3,True,1,11.552916999789886,66.83991700265324,0.027832997147925198,0.01366700598737225,66.88141700578853
balance,200,multistation,42,42,42,t00588-c00071,71,588,7,7,True,1,42.27595900010783,208.60108399938326,0.02391599991824478,0.012583994248416275,208.63758399354992
balance,200,multistation,42,42,42,t00590-c00125,125,590,6,6,True,1,30.334083996422123,678.3839999989141,0.0272089964710176,0.015083001926541328,678.4262919973116
balance,200,multistation,42,42,42,t00590-c00154,154,590,3,3,True,1,129.1538750010659,561.3125000018044,117.1354589969269,0.006207999831531197,678.4541669985629
balance,200,multistation,42,42,42,t00593-c00005,5,593,3,3,True,1,66.14845799776958,149.27320800052257,17.853083998488728,0.012832999345846474,167.13912499835715
balance,200,multistation,42,42,42,t00593-c00081,81,593,7,7,True,1,23.5452080014511,167.07279099500738,0.10025000665336847,0.006833994120825082,167.17987499578157
balance,200,multistation,42,42,42,t00594-c00159,159,594,15,15,True,1,127.07062499976018,1716.2712909994298,0.03312499757157639,0.0175420063897036,1716.321958003391
balance,200,multistation,42,42,42,t00594-c00189,189,594,3,3,True,1,18.590625004435424,1201.4848750040983,514.8693750015809,0.006124995707068592,1716.3603750013863
balance,200,multistation,42,42,42,t00597-c00058,58,597,7,7,True,1,79.54687500023283,394.8945840020315,0.02337499608984217,0.014166005712468177,394.9321250038338
balance,200,multistation,42,42,42,t00598-c00058,58,598,8,8,True,1,66.55637500080047,370.37483300082386,0.0228749995585531,0.01562500256113708,370.41333300294355
balance,200,multistation,42,42,42,t00599-c00034,34,599,3,3,True,1,201.61187500343658,477.123541997571,300.8811660038191,0.01629199687158689,778.0209999982617
balance,200,multistation,42,42,42,t00599-c00187,187,599,6,6,True,1,105.417207996652,777.9363750014454,0.14691700198454782,0.008582996088080108,778.091874999518
balance,200,multistation,42,42,42,t00600-c00034,34,600,4,4,True,1,83.773458005453,494.34029099938925,0.019209001038689166,0.015083001926541328,494.3745830023545
balance,200,multistation,42,42,42,t00600-c00086,86,600,7,7,True,1,70.01120900531532,470.4165000002831,24.0094590044464,0.008208000508602709,494.4341670052381
balance,200,multistation,42,42,42,t00600-c00088,88,600,3,3,True,1,37.31916600372642,446.3343750030617,48.09112499788171,0.005750000127591193,494.431250001071
balance,200,multistation,42,42,42,t00601-c00076,76,601,4,4,True,1,194.70562499918742,1031.9189169968013,0.02462499833200127,0.01729200448608026,1031.9608339996194
balance,200,multistation,42,42,42,t00601-c00088,88,601,7,7,True,1,79.90758300002199,867.5415420002537,164.46620799979428,0.0077500008046627045,1032.0155000008526
balance,200,multistation,42,42,42,t00601-c00117,117,601,8,8,True,1,194.62958299845923,1031.842583004618,0.16408299416070804,0.005875001079402864,1032.0125409998582
balance,200,multistation,42,42,42,t00602-c00117,117,602,6,6,True,1,32.413290995464195,258.5450829938054,0.025042005290742964,0.01412499841535464,258.5842499975115
balance,200,multistation,42,42,42,t00603-c00019,19,603,14,14,True,1,108.59070900187362,1576.3847499983967,0.027709000278264284,0.01904099917737767,1576.4314999978524
balance,200,multistation,42,42,42,t00603-c00108,108,603,9,9,True,1,37.276290997397155,1427.327665995108,149.14804200088838,0.008957998943515122,1576.4846659949399
balance,200,multistation,42,42,42,t00603-c00168,168,603,3,3,True,1,426.5240829990944,1205.277583001589,371.19779200293124,0.005292000423651189,1576.4806670049438
balance,200,multistation,42,42,42,t00604-c00052,52,604,5,5,True,1,79.45091700094054,297.6715830009198,0.02145900361938402,0.01612499909242615,297.7091670036316
balance,200,multistation,42,42,42,t00605-c00141,141,605,10,10,True,1,40.37433300254634,404.8259170012898,0.030333001632243395,0.014957993698772043,404.8712079966208
balance,200,multistation,42,42,42,t00607-c00030,30,607,12,12,True,1,37.42270899965661,418.78137499588775,0.022084001102484763,0.014416000340133905,418.81787499733036
balance,200,multistation,42,42,42,t00608-c00030,30,608,7,7,True,1,95.05995800282108,891.2629580008797,0.018499995348975062,0.01383299968438223,891.2952909959131
balance,200,multistation,42,42,42,t00608-c00032,32,608,12,12,True,1,95.02241600421257,891.2252910013194,0.11162499868078157,0.007875001756474376,891.3447910017567
balance,200,multistation,42,42,42,t00610-c00026,26,610,7,7,True,1,42.89012499793898,183.23024999699555,0.016292004147544503,0.012207994586788118,183.2587499957299
balance,200,multistation,42,42,42,t00611-c00005,5,611,4,4,True,1,20.226417000230867,89.8197499991511,0.013374999980442226,0.012582997442223132,89.84570799657376
balance,200,multistation,42,42,42,t00612-c00134,134,612,11,11,True,1,87.31466699828161,930.8029169988004,0.03162500070175156,0.018332997569814324,930.8528749970719
balance,200,multistation,42,42,42,t00613-c00049,49,613,6,6,True,1,19.703124999068677,403.14174999366514,25.517792004393414,0.015833000361453742,428.67537499842
balance,200,multistation,42,42,42,t00613-c00053,53,613,11,11,True,1,43.79412499838509,428.5983750014566,0.12162500206613913,0.00912499672267586,428.7291250002454
balance,200,multistation,42,42,42,t00615-c00041,41,615,14,14,True,1,61.943250002514105,950.8620839987998,0.025749999622348696,0.019208004232496023,950.9070420026546
balance,200,multistation,42,42,42,t00615-c00120,120,615,4,4,True,1,178.08762499771547,729.5827499983716,221.36000000318745,0.007290997018571943,950.9500409985776
balance,200,multistation,42,42,42,t00616-c00099,99,616,3,3,True,1,23.024499998427927,84.66108300490305,0.01766700006555766,0.01391599653288722,84.6926660015015
balance,200,multistation,42,42,42,t00617-c00084,84,617,6,6,True,1,25.273624996771105,1828.8156659982633,0.028041999030392617,0.014792000001762062,1828.8584999972954
balance,200,multistation,42,42,42,t00617-c00098,98,617,11,11,True,1,132.2780410046107,1828.7795830037794,0.130749998788815,0.007582995749544352,1828.9179159983178
balance,200,multistation,42,42,42,t00618-c00098,98,618,11,11,True,1,164.21891700156266,1310.2651669978513,16.737416000978556,0.017042002582456917,1327.0196250014124
balance,200,multistation,42,42,42,t00618-c00139,139,618,7,7,True,1,164.18170799443033,1326.935290999245,0.12004199379589409,0.007458002073690295,1327.0627909951145
balance,200,multistation,42,42,42,t00619-c00001,1,619,10,10,True,1,53.19737499667099,379.86233300034655,0.01816699659684673,0.016874997527338564,379.89737499447074
balance,200,multistation,42,42,42,t00620-c00071,71,620,4,4,True,1,68.26787500176579,294.96662499877857,0.02008400042541325,0.014999997802078724,295.00170899700606
balance,200,multistation,42,42,42,t00620-c00101,101,620,7,7,True,1,27.131499999086373,240.18033299944364,54.87600000196835,0.007458998879883438,295.06379200029187
balance,200,multistation,42,42,42,t00621-c00071,71,621,5,5,True,1,116.07141599961324,458.03991600405425,91.33287499571452,0.014917000953573734,549.3877080007223
balance,200,multistation,42,42,42,t00621-c00102,102,621,6,6,True,1,67.25900000310503,549.3077910068678,0.13416699948720634,0.007041999197099358,549.4490000055521
balance,200,multistation,42,42,42,t00621-c00114,114,621,4,4,True,1,67.22929199895589,549.278124999546,0.16479199985042214,0.004707995685748756,549.4476249950822
balance,200,multistation,42,42,42,t00622-c00071,71,622,8,8,True,1,115.21516700304346,1106.7719999991823,151.16595900326502,0.014500001270789653,1257.952459003718
balance,200,multistation,42,42,42,t00622-c00114,114,622,6,6,True,1,24.147625001205597,1219.4260420001228,38.57329099992057,0.006250003934837878,1258.0055830039782
balance,200,multistation,42,42,42,t00622-c00158,158,622,6,6,True,1,241.41079199762316,1106.6942920006113,151.30183300061617,0.004875000740867108,1258.0010000019684
balance,200,multistation,42,42,42,t00622-c00194,194,622,7,7,True,1,53.625417000148445,1257.802542000718,0.18349999299971387,0.005333000444807112,1257.9913749941625
balance,200,multistation,42,42,42,t00623-c00003,3,623,7,7,True,1,79.84749999741325,561.0822919989005,61.28491599520203,0.015584002539981157,622.3827919966425
balance,200,multistation,42,42,42,t00623-c00071,71,623,4,4,True,1,118.38170900591649,622.3065840022173,0.10754100367194042,0.006791997293476015,622.4209170031827
balance,200,multistation,42,42,42,t00623-c00122,122,623,4,4,True,1,233.0102909982088,519.0407499976573,103.37108300154796,0.005333000444807112,622.41716599965
balance,200,multistation,42,42,42,t00625-c00136,136,625,7,7,True,1,32.31008299917448,334.5516659974237,0.028875001589767635,0.01604200224392116,334.5965830012574
balance,200,multistation,42,42,42,t00625-c00163,163,625,3,3,True,1,63.550999999279156,246.00383300276008,88.6341250006808,0.006750000466126949,334.644708003907
balance,200,multistation,42,42,42,t00626-c00000,0,626,3,3,True,1,23.306749993935227,76.06866599962814,0.011124997399747372,0.012124997738283128,76.09191599476617
balance,200,multistation,42,42,42,t00627-c00193,193,627,5,5,True,1,15.14066600066144,250.22266599989962,0.029916998755652457,0.013875003787688911,250.26645800244296
balance,200,multistation,42,42,42,t00628-c00086,86,628,7,7,True,1,85.51337500102818,329.0896670005168,68.7557499986724,0.017124999430961907,397.86254199862015
balance,200,multistation,42,42,42,t00628-c00104,104,628,8,8,True,1,17.31104099599179,397.782374995586,0.11549999908311293,0.008000002708286047,397.9058749973774
balance,200,multistation,42,42,42,t00629-c00179,179,629,8,8,True,1,47.4024580034893,240.53537500003586,0.031042000045999885,0.013457996828947216,240.5798749969108
balance,200,multistation,42,42,42,t00630-c00066,66,630,9,9,True,1,56.20745800115401,651.9287499977509,0.025749999622348696,0.018042002920992672,651.9725420002942
balance,200,multistation,42,42,42,t00630-c00132,132,630,5,5,True,1,115.21783300122479,546.2393750058254,105.78704100043979,0.0076669966802001,652.0340830029454
balance,200,multistation,42,42,42,t00631-c00012,12,631,11,11,True,1,118.16533400269691,1143.2533749975846,35.72254200116731,0.01729200448608026,1178.993209003238
balance,200,multistation,42,42,42,t00631-c00066,66,631,7,7,True,1,65.90587500249967,1178.9103749979404,0.11837499914690852,0.007333001121878624,1179.0360829982092
balance,200,multistation,42,42,42,t00631-c00189,189,631,7,7,True,1,225.15316699718824,1014.9122919974616,164.11299999890616,0.006624999514315277,1179.031916995882
balance,200,multistation,42,42,42,t00632-c00189,189,632,7,7,True,1,74.9799169934704,324.4083329991554,0.03408399788895622,0.015541001630481333,324.45795799867483
balance,200,multistation,42,42,42,t00634-c00140,140,634,3,3,True,1,28.527125003165565,123.05662500148173,0.023665998014621437,0.01308399805566296,123.09337499755202
balance,200,multistation,42,42,42,t00635-c00007,7,635,7,7,True,1,43.7316669995198,194.08087500050897,0.016166995919775218,0.015457997506018728,194.11249999393476
balance,200,multistation,42,42,42,t00636-c00050,50,636,4,4,True,1,48.76449999574106,206.92650000273716,0.019082996004726738,0.016874997527338564,206.96245799626922
balance,200,multistation,42,42,42,t00637-c00050,50,637,5,5,True,1,19.937375000154134,610.0833750024321,89.22712499770569,0.013625001884065568,699.3241250020219
balance,200,multistation,42,42,42,t00637-c00141,141,637,12,12,True,1,78.45037500374019,699.2407090001507,0.11341599747538567,0.00837500556372106,699.3625000031898
balance,200,multistation,42,42,42,t00639-c00107,107,639,3,3,True,1,14.758749995962717,81.67749999847729,0.022959000489208847,0.01424999936716631,81.71470899833366
balance,200,multistation,42,42,42,t00640-c00100,100,640,7,7,True,1,65.29237499489682,344.21529199607903,0.023125001462176442,0.01629199687158689,344.2547089944128
balance,200,multistation,42,42,42,t00640-c00107,107,640,3,3,True,1,145.32454200525535,303.50441700284136,40.768291997665074,0.005708003300242126,344.2784170038067
balance,200,multistation,42,42,42,t00642-c00096,96,642,10,10,True,1,43.18200000125216,489.7734580008546,28.78141700057313,0.012874996173195541,518.5677499976009
balance,200,multistation,42,42,42,t00642-c00148,148,642,5,5,True,1,100.03020799922524,518.4892499964917,0.10170799941988662,0.006166999810375273,518.597124995722
balance,200,multistation,42,42,42,t00643-c00047,47,643,7,7,True,1,67.47887500387151,406.4366250022431,0.02154200046788901,0.015042001905385405,406.47320900461636
balance,200,multistation,42,42,42,t00643-c00101,101,643,7,7,True,1,67.43695899785962,406.3945000016247,0.13970899453852326,0.00687500141793862,406.54108399758115
balance,200,multistation,42,42,42,t00644-c00047,47,644,6,6,True,1,80.16779099853011,349.4540829997277,0.018874998204410076,0.014750003174412996,349.4877080011065
balance,200,multistation,42,42,42,t00644-c00196,196,644,8,8,True,1,32.10708299593534,310.0728749996051,39.468625000154134,0.007333001121878624,349.54883300088113
balance,200,multistation,42,42,42,t00645-c00047,47,645,7,7,True,1,37.135209000553004,156.29429199907463,0.019582999811973423,0.012208998668938875,156.32608399755554
balance,200,multistation,42,42,42,t00647-c00125,125,647,8,8,True,1,95.68645800027298,812.2614160020021,0.029625000024680048,0.01750000228639692,812.3085410043132
balance,200,multistation,42,42,42,t00648-c00032,32,648,7,7,True,1,81.84233299834887,349.2712909937836,0.019917002646252513,0.01412499841535464,349.30533299484523
balance,200,multistation,42,42,42,t00649-c00032,32,649,7,7,True,1,73.62370799819473,312.6356249995297,0.019874998542945832,0.014625002222601324,312.67012500029523
balance,200,multistation,42,42,42,t00650-c00009,9,650,12,12,True,1,39.62320899881888,757.957499998156,70.61958400299773,0.01566599530633539,828.59274999646
balance,200,multistation,42,42,42,t00650-c00099,99,650,7,7,True,1,184.7523749966058,828.5178329970222,0.1232089998666197,0.007375005225185305,828.648417002114
balance,200,multistation,42,42,42,t00651-c00009,9,651,10,10,True,1,66.81091700011166,711.6225419958937,48.26629099989077,0.015417004760820419,759.9042500005453
balance,200,multistation,42,42,42,t00651-c00099,99,651,7,7,True,1,159.32491699641105,759.8224169996683,0.13158300134819,0.007374997949227691,759.9613749989658
balance,200,multistation,42,42,42,t00652-c00009,9,652,12,12,True,1,45.33516600349685,634.2749160030507,0.02050000330200419,0.021208994439803064,634.3166250007926
balance,200,multistation,42,42,42,t00652-c00099,99,652,3,3,True,1,184.99208400317002,579.5001669976045,54.87900000298396,0.007000002369750291,634.3861670029582
balance,200,multistation,42,42,42,t00653-c00009,9,653,12,12,True,1,50.202040998556186,912.1382080047624,0.021874999220017344,0.01779200101736933,912.1778750049998
balance,200,multistation,42,42,42,t00653-c00056,56,653,5,5,True,1,257.68383299873676,850.638625001011,61.58224999671802,0.007667003956157714,912.2285420016851
balance,200,multistation,42,42,42,t00654-c00013,13,654,4,4,True,1,20.97433299786644,113.4310830020695,0.012083997717127204,0.01195799995912239,113.45512499974575
balance,200,multistation,42,42,42,t00655-c00070,70,655,4,4,True,1,34.671082998102065,644.3642079975689,0.021875006495974958,0.015166995581239462,644.4012499996461
balance,200,multistation,42,42,42,t00655-c00152,152,655,8,8,True,1,120.82600000576349,579.6410000039032,64.80054099665722,0.008584000170230865,644.4501250007306
balance,200,multistation,42,42,42,t00656-c00052,52,656,15,15,True,1,104.80262499913806,1354.5183329988504,0.027750000299420208,0.018124999769497663,1354.5642079989193
balance,200,multistation,42,42,42,t00657-c00052,52,657,7,7,True,1,420.9459589983453,1425.9069999970961,240.2922920009587,0.016750003851484507,1666.2160420019063
balance,200,multistation,42,42,42,t00657-c00109,109,657,6,6,True,1,269.2176660057157,1573.1263750058133,93.12554099597037,0.007084003300406039,1666.259000005084
balance,200,multistation,42,42,42,t00657-c00129,129,657,5,5,True,1,898.320332998992,1666.0899159978726,0.16566699923714623,0.005708003300242126,1666.26129100041
balance,200,multistation,42,42,42,t00657-c00195,195,657,6,6,True,1,269.139832998917,1543.7085410012514,122.53937499917811,0.004749999789055437,1666.2526660002186
balance,200,multistation,42,42,42,t00658-c00001,1,658,9,9,True,1,44.77237499668263,1178.362083999673,130.62324999918928,0.017124999430961907,1309.0024589982932
balance,200,multistation,42,42,42,t00658-c00109,109,658,6,6,True,1,121.69462499878136,1122.605417003797,186.4298750006128,0.007457994797732681,1309.0427499992074
balance,200,multistation,42,42,42,t00658-c00138,138,658,7,7,True,1,276.2972919954336,1308.8838749972638,0.149125000461936,0.006207999831531197,1309.0392079975572
balance,200,multistation,42,42,42,t00659-c00041,41,659,4,4,True,1,48.07749999599764,277.3914999997942,0.0182919975486584,0.01629199687158689,277.4260839942144
balance,200,multistation,42,42,42,t00661-c00163,163,661,3,3,True,1,22.72833300230559,94.74787500221282,0.018792001355905086,0.010707997716963291,94.77737500128569
balance,200,multistation,42,42,42,t00662-c00067,67,662,6,6,True,1,65.81758399988757,372.26495899813017,0.021790998289361596,0.013084005331620574,372.29983400175115
balance,200,multistation,42,42,42,t00662-c00150,150,662,10,10,True,1,33.051334001356736,347.8708749971702,24.464542002533562,0.007916998583823442,372.34333399828756
balance,200,multistation,42,42,42,t00663-c00043,43,663,3,3,True,1,274.4823329994688,609.1026249996503,599.4587079985649,0.014500001270789653,1208.575832999486
balance,200,multistation,42,42,42,t00663-c00061,61,663,5,5,True,1,168.512667005416,1151.32245800487,57.29820899432525,0.007291004294529557,1208.6279580034898
balance,200,multistation,42,42,42,t00663-c00079,79,663,9,9,True,1,31.342333000793587,1208.4697080063052,0.1531249945401214,0.006750000466126949,1208.6295830013114
balance,200,multistation,42,42,42,t00663-c00105,105,663,7,7,True,1,206.05083299597027,608.9968750020489,599.6240829990711,0.0057919969549402595,1208.626749998075
balance,200,multistation,42,42,42,t00664-c00043,43,664,9,9,True,1,34.82491700560786,1369.5263340050587,0.023999993572942913,0.02216600114479661,1369.5724999997765
balance,200,multistation,42,42,42,t00664-c00105,105,664,4,4,True,1,151.0335419952753,1323.4207089990377,46.1829999985639,0.00654099858365953,1369.6102499961853
balance,200,multistation,42,42,42,t00664-c00164,164,664,7,7,True,1,150.99641700362554,1323.3835420032847,46.23729099694174,0.006417001713998616,1369.6272500019404
balance,200,multistation,42,42,42,t00665-c00063,63,665,8,8,True,1,63.388832997588906,1355.68579199753,0.02349999704165384,0.01512500602984801,1355.7244170006015
balance,200,multistation,42,42,42,t00665-c00105,105,665,5,5,True,1,24.552749993745238,1147.5213749945397,208.23420800297754,0.007041999197099358,1355.7626249967143
balance,200,multistation,42,42,42,t00665-c00107,107,665,9,9,True,1,43.682999996235594,1246.0895830008667,109.66175000066869,0.006249996658880264,1355.7575829981943
balance,200,multistation,42,42,42,t00665-c00169,169,665,13,13,True,1,157.13058300025295,1355.5774169944925,0.17141600255854428,0.005916997906751931,1355.7547499949578
balance,200,multistation,42,42,42,t00666-c00021,21,666,6,6,True,1,243.0157920025522,1681.5693329990609,0.0212500017369166,0.01737500133458525,1681.6079580021324
balance,200,multistation,42,42,42,t00666-c00092,92,666,5,5,True,1,260.21504199889023,1307.0644170002197,374.5779169985326,0.0072499969974160194,1681.6495839957497
balance,200,multistation,42,42,42,t00666-c00179,179,666,7,7,True,1,242.93833399860887,1681.4917500014417,0.15741699462523684,0.005500005499925464,1681.6546670015668
balance,200,multistation,42,42,42,t00667-c00062,62,667,4,4,True,1,114.38316600106191,283.8483749947045,32.71583300374914,0.015124998753890395,316.57933299720753
balance,200,multistation,42,42,42,t00667-c00080,80,667,7,7,True,1,46.534249995602295,316.5072499978123,0.11891699978150427,0.008458002412226051,316.63462500000605
balance,200,multistation,42,42,42,t00668-c00134,134,668,6,6,True,1,118.39554100151872,729.6493330068188,0.029499999072868377,0.01641699782339856,729.695250003715
balance,200,multistation,42,42,42,t00669-c00038,38,669,7,7,True,1,29.539292001572903,148.0254580019391,0.018500002624932677,0.013917000615037978,148.05787500517908
balance,200,multistation,42,42,42,t00670-c00022,22,670,8,8,True,1,415.81616699841106,2434.4492919990444,0.02329199924133718,0.019750004867091775,2434.492334003153
balance,200,multistation,42,42,42,t00670-c00170,170,670,3,3,True,1,11.914041999261826,1613.7989589988138,820.7195830036653,0.0064169944380410016,2434.524958996917
balance,200,multistation,42,42,42,t00670-c00193,193,670,6,6,True,1,415.7305839980836,2434.3637920028414,0.14829199790256098,0.005041001713834703,2434.5171250024578
balance,200,multistation,42,42,42,t00672-c00101,101,672,4,4,True,1,62.068792001809925,225.0122499972349,0.023459004296455532,0.014499993994832039,225.0502089955262
balance,200,multistation,42,42,42,t00672-c00116,116,672,6,6,True,1,26.941124997392762,182.87629199767252,42.21249999682186,0.007041002390906215,225.0958329968853
balance,200,multistation,42,42,42,t00673-c00189,189,673,8,8,True,1,55.962333994102664,318.89037499786355,0.03362500137882307,0.015166995581239462,318.9391669948236
balance,200,multistation,42,42,42,t00674-c00133,133,674,7,7,True,1,34.53162500227336,183.4727079985896,0.025458000891376287,0.01270900247618556,183.51087500195717
balance,200,multistation,42,42,42,t00675-c00018,18,675,6,6,True,1,31.067791001987644,170.08999999961816,0.014749995898455381,0.011833006283268332,170.11658300179988
balance,200,multistation,42,42,42,t00676-c00097,97,676,11,11,True,1,94.90637500130106,963.4802080036025,0.028208000003360212,0.016375000996049494,963.5247910046019
balance,200,multistation,42,42,42,t00676-c00160,160,676,4,4,True,1,182.19474999932572,768.6383749969536,194.92212500335881,0.006666996341664344,963.5671669966541
balance,200,multistation,42,42,42,t00677-c00017,17,677,5,5,True,1,43.87141700135544,1204.7769999990123,176.92404199624434,0.016666999727021903,1381.7177089949837
balance,200,multistation,42,42,42,t00677-c00035,35,677,5,5,True,1,21.930249997240026,1321.3208749948535,60.461375003797,0.007832997653167695,1381.7900829963037
balance,200,multistation,42,42,42,t00677-c00065,65,677,9,9,True,1,214.8589579956024,1381.6128749967902,0.17825000395532697,0.00733299384592101,1381.7984579945914
balance,200,multistation,42,42,42,t00677-c00096,96,677,9,9,True,1,214.825707997079,1321.2543329937034,60.53662500198698,0.0048340007197111845,1381.7957919964101
balance,200,multistation,42,42,42,t00678-c00017,17,678,5,5,True,1,39.51966700697085,406.7771250047372,19.880125000781845,0.01383299968438223,426.6710830052034
balance,200,multistation,42,42,42,t00678-c00096,96,678,7,7,True,1,72.92716699885204,374.21012499544304,52.51745900022797,0.0075830030255019665,426.7351669986965
balance,200,multistation,42,42,42,t00678-c00170,170,678,5,5,True,1,16.57316600176273,426.5570830029901,0.167958001838997,0.005709000106435269,426.73075000493554
balance,200,multistation,42,42,42,t00679-c00017,17,679,7,7,True,1,27.661000000080094,1181.145833004848,0.023833999875932932,0.020624996977858245,1181.190292001702
balance,200,multistation,42,42,42,t00679-c00066,66,679,7,7,True,1,194.57562499883352,1181.1040000029607,0.14312499843072146,0.007167000148911029,1181.2542920015403
balance,200,multistation,42,42,42,t00679-c00166,166,679,5,5,True,1,27.578583001741208,1181.0645000005024,0.18125000497093424,0.004832996637560427,1181.250583002111
balance,200,multistation,42,42,42,t00680-c00017,17,680,4,4,True,1,28.116250003222376,133.30741600657348,0.015958998119458556,0.012541000614874065,133.3359160053078
balance,200,multistation,42,42,42,t00682-c00091,91,682,5,5,True,1,338.1913339981111,740.4865420030546,79.34174999536481,0.014666999049950391,819.8429589974694
balance,200,multistation,42,42,42,t00682-c00158,158,682,7,7,True,1,118.73620800179197,819.7611249997863,0.11462499969638884,0.0070829992182552814,819.8828329987009
balance,200,multistation,42,42,42,t00683-c00015,15,683,3,3,True,1,228.2558329970925,455.9724999999162,41.3979999939329,0.013292003131937236,497.383791996981
balance,200,multistation,42,42,42,t00683-c00113,113,683,4,4,True,1,228.21491699869512,455.9310420008842,41.48933299438795,0.00650000583846122,497.4268750011106
balance,200,multistation,42,42,42,t00683-c00175,175,683,4,4,True,1,252.5218339942512,497.27687500126194,0.14370899589266628,0.005665999196935445,497.42624999635154
balance,200,multistation,42,42,42,t00687-c00103,103,687,4,4,True,1,23.524208001617808,118.0808330027503,0.019249993783887476,0.011334006558172405,118.11141700309236
balance,200,multistation,42,42,42,t00688-c00100,100,688,3,3,True,1,78.49333400372416,352.38379200018244,96.03712500393158,0.01383299968438223,448.4347500037984
balance,200,multistation,42,42,42,t00688-c00105,105,688,5,5,True,1,91.15133299928857,448.3593750046566,0.10929199925158173,0.006832997314631939,448.4755000012228
balance,200,multistation,42,42,42,t00689-c00094,94,689,4,4,True,1,99.7534589987481,550.3015840004082,0.023582993890158832,0.019208004232496023,550.3443749985308
balance,200,multistation,42,42,42,t00690-c00082,82,690,4,4,True,1,49.54491600074107,224.14362500421703,0.01904099917737767,0.012208998668938875,224.17487500206335
balance,200,multistation,42,42,42,t00690-c00118,118,690,3,3,True,1,25.23033299803501,188.34058299398748,35.87445800076239,0.005542002327274531,224.22058299707714
balance,200,multistation,42,42,42,t00691-c00082,82,691,3,3,True,1,9.611500005121343,228.28479199961293,127.1315410049283,0.015416997484862804,355.4317500020261
balance,200,multistation,42,42,42,t00691-c00156,156,691,4,4,True,1,48.86324999824865,355.3506250027567,0.1310419975197874,0.006791000487282872,355.4884580007638
balance,200,multistation,42,42,42,t00692-c00001,1,692,3,3,True,1,138.28383299551206,1534.1737909984658,212.93650000006892,0.015042001905385405,1747.1253330004402
balance,200,multistation,42,42,42,t00692-c00043,43,692,7,7,True,1,241.26062499999534,1747.0500839990564,0.11916599760297686,0.008041999535635114,1747.177291996195
balance,200,multistation,42,42,42,t00692-c00082,82,692,3,3,True,1,138.20491600199603,1534.0951660036808,213.07354199961992,0.00470800296170637,1747.1734160062624
balance,200,multistation,42,42,42,t00692-c00107,107,692,8,8,True,1,241.19012500159442,1746.979666997504,0.18041700241155922,0.004832996637560427,1747.164916996553
balance,200,multistation,42,42,42,t00692-c00156,156,692,4,4,True,1,638.6920410004677,1675.8631659977254,71.30187500297325,0.004875000740867108,1747.1699160014396
balance,200,multistation,42,42,42,t00693-c00107,107,693,7,7,True,1,48.783792000904214,1193.05620900559,193.83466599538224,0.01604200224392116,1386.9069170032162
balance,200,multistation,42,42,42,t00693-c00156,156,693,7,7,True,1,141.80287499766564,1334.1842079971684,52.75979200087022,0.007875001756474376,1386.951874999795
balance,200,multistation,42,42,42,t00693-c00186,186,693,8,8,True,1,329.5052499961457,1386.7881670012139,0.1720000000204891,0.0055829950724728405,1386.9657499963068
balance,200,multistation,42,42,42,t00694-c00126,126,694,8,8,True,1,84.6992080041673,609.1145829996094,61.75608400371857,0.01529099972685799,670.8859580030548
balance,200,multistation,42,42,42,t00694-c00156,156,694,4,4,True,1,41.67187499842839,670.8065830025589,0.10712500079534948,0.006582995411008596,670.9202909987653
balance,200,multistation,42,42,42,t00695-c00046,46,695,9,9,True,1,18.37441599491285,275.7187909955974,0.021749998268205673,0.014667006325908005,275.7552080001915
balance,200,multistation,42,42,42,t00696-c00089,89,696,4,4,True,1,160.6932080030674,752.5040000036824,0.025082998035941273,0.015042001905385405,752.5441250036238
balance,200,multistation,42,42,42,t00696-c00109,109,696,5,5,True,1,160.65399999934016,752.4648329999764,0.1320000010309741,0.006916998245287687,752.6037499992526
balance,200,multistation,42,42,42,t00697-c00089,89,697,5,5,True,1,18.73816599982092,337.3111249966314,62.0930410004803,0.015292003809008747,399.4194580009207
balance,200,multistation,42,42,42,t00697-c00109,109,697,5,5,True,1,48.66079099883791,399.3427499954123,0.13025000225752592,0.007624999852851033,399.4806249975227
balance,200,multistation,42,42,42,t00698-c00064,64,698,3,3,True,1,44.61175000324147,678.398374999233,191.30979100009426,0.015459001588169485,869.7236250009155
balance,200,multistation,42,42,42,t00698-c00089,89,698,6,6,True,1,44.57537500275066,818.7236670055427,51.050791997113265,0.00695799826644361,869.7814170009224
balance,200,multistation,42,42,42,t00698-c00109,109,698,3,3,True,1,44.54108299978543,678.327250003349,191.44520799454767,0.005166999471839517,869.7776249973685
balance,200,multistation,42,42,42,t00698-c00151,151,698,7,7,True,1,69.37583400576841,869.5808750053402,0.1874999943538569,0.0061250029830262065,869.7745000026771
balance,200,multistation,42,42,42,t00699-c00064,64,699,5,5,True,1,11.8024580006022,438.02216600306565,93.08404199691722,0.012707998394034803,531.1189159983769
balance,200,multistation,42,42,42,t00699-c00090,90,699,7,7,True,1,40.12504199636169,476.11987499840325,55.020833999151364,0.00654099858365953,531.1472499961383
balance,200,multistation,42,42,42,t00699-c00112,112,699,5,5,True,1,56.88666700007161,531.0112920051324,0.1382080008625053,0.005541995051316917,531.1550420010462
balance,200,multistation,42,42,42,t00700-c00063,63,700,5,5,True,1,294.14008299499983,1139.8047919938108,0.0212500017369166,0.016333004168700427,1139.8423749997164
balance,200,multistation,42,42,42,t00700-c00090,90,700,11,11,True,1,149.13745899684727,1031.0119589994429,108.87841599469539,0.009916999260894954,1139.9002919933992
balance,200,multistation,42,42,42,t00700-c00130,130,700,3,3,True,1,43.046167003922164,878.7800840000273,261.11608300561784,0.0056249991757795215,1139.901792004821
balance,200,multistation,42,42,42,t00700-c00152,152,700,7,7,True,1,116.57525000191526,1080.74870800192,59.16304199490696,0.006375004886649549,1139.9181250017136
balance,200,multistation,42,42,42,t00701-c00096,96,701,4,4,True,1,103.43070800445275,622.5693750020582,0.024291999579872936,0.015165998775046319,622.6088330004131
balance,200,multistation,42,42,42,t00701-c00130,130,701,3,3,True,1,67.03541699971538,524.5387089962605,98.11095800250769,0.006417001713998616,622.6560840004822
balance,200,multistation,42,42,42,t00702-c00163,163,702,4,4,True,1,44.2234579968499,281.2498749990482,0.03316700167488307,0.01587499718880281,281.2989169979119
balance,200,multistation,42,42,42,t00703-c00133,133,703,14,14,True,1,51.19295899930876,643.9063750003697,0.03379199915798381,0.018708000425249338,643.958874999953
balance,200,multistation,42,42,42,t00704-c00021,21,704,6,6,True,1,68.98304199421545,1803.565249996609,72.75904199923389,0.013875003787688911,1876.3381669996306
balance,200,multistation,42,42,42,t00704-c00096,96,704,7,7,True,1,68.93700000364333,1803.5191669987398,72.85945799958427,0.008000002708286047,1876.3866250010324
balance,200,multistation,42,42,42,t00704-c00146,146,704,14,14,True,1,110.37908300204435,1876.22000000556,0.1658749970374629,0.00833300146041438,1876.3942080040579
balance,200,multistation,42,42,42,t00705-c00125,125,705,8,8,True,1,236.7133749939967,1459.4853339949623,0.0324159991578199,0.017875005141831934,1459.535624999262
balance,200,multistation,42,42,42,t00705-c00147,147,705,3,3,True,1,24.31883399549406,1299.5400840009097,160.0387079961365,0.006833004590589553,1459.5856250016368
balance,200,multistation,42,42,42,t00705-c00197,197,705,7,7,True,1,236.642000003485,1459.4142920032027,0.16904099902603775,0.005292000423651189,1459.5886250026524
balance,200,multistation,42,42,42,t00706-c00034,34,706,3,3,True,1,9.7165419938392,41.96508299355628,0.015334000636357814,0.0118750031106174,41.992291997303255
balance,200,multistation,42,42,42,t00707-c00006,6,707,7,7,True,1,21.29958400473697,234.95262500364333,0.01683399750618264,0.013249999028630555,234.98270900017815
balance,200,multistation,42,42,42,t00708-c00177,177,708,3,3,True,1,10.848707999684848,46.894708000763785,0.015332996554207057,0.008834002073854208,46.918874999391846
balance,200,multistation,42,42,42,t00709-c00016,16,709,7,7,True,1,60.22333299915772,266.748166999605,0.017291000403929502,0.01629199687158689,266.78174999688054
balance,200,multistation,42,42,42,t00709-c00177,177,709,3,3,True,1,12.436249999154825,233.30804199940758,33.49945800437126,0.005750000127591193,266.81325000390643
balance,200,multistation,42,42,42,t00710-c00177,177,710,7,7,True,1,11.113291999208741,173.31629199907184,0.028999995265621692,0.012167001841589808,173.35745899617905
balance,200,multistation,42,42,42,t00711-c00044,44,711,8,8,True,1,38.7417079982697,1041.5506249992177,0.024166998628061265,0.01654100196901709,1041.5913329998148
balance,200,multistation,42,42,42,t00711-c00177,177,711,6,6,True,1,121.97400000150083,1041.503833999741,0.12741600221488625,0.007458998879883438,1041.6387090008357
balance,200,multistation,42,42,42,t00715-c00082,82,715,3,3,True,1,31.976874997781124,171.89574999792967,36.54300000198418,0.012875003449153155,208.451625003363
balance,200,multistation,42,42,42,t00715-c00185,185,715,5,5,True,1,17.574917001184076,208.37399999436457,0.11954200454056263,0.0077079967013560236,208.50124999560649
balance,200,multistation,42,42,42,t00716-c00055,55,716,9,9,True,1,17.88341599603882,125.2817079948727,0.018083002942148596,0.010791998647619039,125.31058299646247
balance,200,multistation,42,42,42,t00717-c00083,83,717,11,11,True,1,79.19604200287722,729.8129590053577,0.02995799877680838,0.019166996935382485,729.8620840010699
balance,200,multistation,42,42,42,t00718-c00143,143,718,9,9,True,1,71.41941699956078,735.7149580057012,38.16387499682605,0.015167002857197076,773.8940000053844
balance,200,multistation,42,42,42,t00718-c00157,157,718,4,4,True,1,19.505584001308307,773.8140000001295,0.11520899715833366,0.007166003342717886,773.9363750006305
balance,200,multistation,42,42,42,t00719-c00165,165,719,4,4,True,1,17.627207998884842,101.35158299817704,0.028333997761365026,0.018124999769497663,101.3980419957079
balance,200,multistation,42,42,42,t00721-c00153,153,721,3,3,True,1,17.294290999416262,109.11879099876387,0.024209002731367946,0.01354100095340982,109.15654100244865
balance,200,multistation,42,42,42,t00722-c00153,153,722,5,5,True,1,16.513417001988273,173.72475000593113,0.028208996809553355,0.013374999980442226,173.76633400272112
balance,200,multistation,42,42,42,t00723-c00022,22,723,9,9,True,1,103.88008299923968,612.2190829992178,0.02237500302726403,0.016666999727021903,612.2581250019721
balance,200,multistation,42,42,42,t00724-c00025,25,724,3,3,True,1,18.852749999496154,121.24845899961656,0.019999999494757503,0.014875004126224667,121.28333400323754
balance,200,multistation,42,42,42,t00725-c00118,118,725,7,7,True,1,22.88395799405407,106.76920799596701,0.02274999860674143,0.012167001841589808,106.80412499641534
balance,200,multistation,42,42,42,t00726-c00118,118,726,7,7,True,1,20.493707997957245,96.41308299615048,0.027000001864507794,0.013917000615037978,96.45399999863002
balance,200,multistation,42,42,42,t00727-c00064,64,727,6,6,True,1,20.928124999045394,365.5779580003582,21.919042002991773,0.013416996807791293,387.51041700015776
balance,200,multistation,42,42,42,t00727-c00118,118,727,7,7,True,1,63.65779200132238,387.4316250003176,0.13095799658913165,0.007917005859781057,387.5705000027665
balance,200,multistation,42,42,42,t00728-c00064,64,728,3,3,True,1,29.829416998836678,1072.8791670044302,145.04629199655028,0.013457996828947216,1217.9389169978094
balance,200,multistation,42,42,42,t00728-c00090,90,728,9,9,True,1,173.25354200147558,1217.8647079999791,0.12812500062864274,0.008374998287763447,1218.0012079988956
balance,200,multistation,42,42,42,t00728-c00110,110,728,6,6,True,1,302.1543329959968,1101.0124999957043,116.98145800619386,0.006166999810375273,1218.0001250017085
balance,200,multistation,42,42,42,t00728-c00164,164,728,7,7,True,1,173.18462500406895,1168.8760000033653,49.113041000964586,0.005374997272156179,1217.994416001602
balance,200,multistation,42,42,42,t00729-c00064,64,729,3,3,True,1,31.892624996544328,111.04991599859204,0.01750000228639692,0.010791998647619039,111.07820799952606
balance,200,multistation,42,42,42,t00731-c00073,73,731,9,9,True,1,101.00920800323365,1084.071249999397,0.030583003535866737,0.021583997295238078,1084.123417000228
balance,200,multistation,42,42,42,t00731-c00081,81,731,6,6,True,1,13.198291999287903,922.6117090001935,161.55254100158345,0.00916700082598254,1084.173417002603
balance,200,multistation,42,42,42,t00731-c00091,91,731,4,4,True,1,250.78141699486878,922.5815419995342,161.60791699803667,0.005957997927907854,1084.1954169954988
balance,200,multistation,42,42,42,t00732-c00081,81,732,6,6,True,1,10.57612500153482,1121.872625000833,173.786667000968,0.015416997484862804,1295.674708999286
balance,200,multistation,42,42,42,t00732-c00091,91,732,12,12,True,1,138.46799999737414,1295.599040997331,0.12400000559864566,0.009499999578110874,1295.7325410025078
balance,200,multistation,42,42,42,t00732-c00115,115,732,8,8,True,1,138.43725000333507,1183.3068330015521,112.4229170018225,0.005957997927907854,1295.7357080013026
balance,200,multistation,42,42,42,t00733-c00057,57,733,5,5,True,1,40.709415996389,150.89783299481496,0.017042002582456917,0.01333300315309316,150.9282080005505
balance,200,multistation,42,42,42,t00734-c00173,173,734,9,9,True,1,46.6893750053714,292.12704200472217,0.03183299850206822,0.014833000022917986,292.17370800324716
balance,200,multistation,42,42,42,t00735-c00072,72,735,7,7,True,1,44.635666999965906,188.464250000834,0.019041995983570814,0.011165997420903295,188.49445799423847
balance,200,multistation,42,42,42,t00736-c00106,106,736,4,4,True,1,25.874250000924803,395.90745799796423,48.55137500271667,0.01424999936716631,444.47308300004806
balance,200,multistation,42,42,42,t00736-c00151,151,736,10,10,True,1,74.83441699878313,444.3915419979021,0.12204099766677245,0.008584000170230865,444.5221669957391
balance,200,multistation,42,42,42,t00737-c00151,151,737,8,8,True,1,54.229916000622325,268.62508300109766,0.0297920050797984,0.015249999705702066,268.67012500588316
balance,200,multistation,42,42,42,t00738-c00126,126,738,5,5,True,1,76.55970800260548,281.73616700223647,0.027874993975274265,0.015166006051003933,281.77920800226275
balance,200,multistation,42,42,42,t00739-c00131,131,739,4,4,True,1,28.60583399888128,337.4864589932258,0.027541005692910403,0.01424999936716631,337.5282499982859
balance,200,multistation,42,42,42,t00739-c00184,184,739,7,7,True,1,106.96491700218758,299.04229199746624,38.52112500317162,0.0069160014390945435,337.57033300207695
balance,200,multistation,42,42,42,t00740-c00178,178,740,5,5,True,1,22.484417000669055,80.37412500561913,0.0182919975486584,0.00941699545364827,80.40183399862144
balance,200,multistation,42,42,42,t00741-c00066,66,741,11,11,True,1,169.80029200203717,1246.1155419950956,0.024958004360087216,0.017166996258310974,1246.157666995714
balance,200,multistation,42,42,42,t00742-c00006,6,742,6,6,True,1,156.76520799752325,1558.5932499961928,0.018792001355905086,0.01612499909242615,1558.628166996641
balance,200,multistation,42,42,42,t00742-c00010,10,742,8,8,True,1,156.72574999916833,1558.5534580022795,0.11095799709437415,0.007208996976260096,1558.6716249963501
balance,200,multistation,42,42,42,t00742-c00033,33,742,3,3,True,1,26.74279200437013,800.9929590043612,757.6669159971061,0.005333997251000255,1558.6652089987183
balance,200,multistation,42,42,42,t00742-c00121,121,742,8,8,True,1,233.07204200682463,819.6530420027557,739.002292000805,0.0052910036174580455,1558.6606250071782
balance,200,multistation,42,42,42,t00743-c00171,171,743,8,8,True,1,30.700958996021654,243.98274999839487,0.027709000278264284,0.014625002222601324,244.02508400089573
balance,200,multistation,42,42,42,t00744-c00171,171,744,8,8,True,1,33.93245899496833,294.6512089984026,0.031083000067155808,0.015083001926541328,294.6973750003963
balance,200,multistation,42,42,42,t00745-c00180,180,745,5,5,True,1,16.86191600310849,129.4366660004016,0.023874999897088856,0.013042001228313893,129.473583001527
balance,200,multistation,42,42,42,t00746-c00180,180,746,4,4,True,1,71.01237500319257,371.773500002746,0.029374998121056706,0.014417004422284663,371.81729200528935
balance,200,multistation,42,42,42,t00746-c00197,197,746,7,7,True,1,52.896583001711406,329.1377499990631,42.72037500049919,0.00833300146041438,371.8664580010227
balance,200,multistation,42,42,42,t00748-c00036,36,748,15,15,True,1,60.309750006126706,753.4751250059344,0.026416993932798505,0.016625002899672836,753.5181670027669
balance,200,multistation,42,42,42,t00749-c00068,68,749,8,8,True,1,39.84320900053717,417.286541996873,0.021375002688728273,0.012500000593718141,417.32041700015543
balance,200,multistation,42,42,42,t00751-c00069,69,751,3,3,True,1,33.871708998049144,226.65404199506156,31.515583003056236,0.012500000593718141,258.1821249987115
balance,200,multistation,42,42,42,t00751-c00181,181,751,5,5,True,1,49.57987499801675,258.1060839947895,0.1111250021494925,0.006624999514315277,258.2238339964533
balance,200,multistation,42,42,42,t00752-c00155,155,752,6,6,True,1,103.24541699810652,584.3797919951612,0.031708004826214164,0.015541998436674476,584.4270419984241
balance,200,multistation,42,42,42,t00752-c00199,199,752,4,4,True,1,13.01045799482381,584.338332999323,0.1195840013679117,0.006790993211325258,584.4647079939023
balance,200,multistation,42,42,42,t00753-c00028,28,753,4,4,True,1,47.29287500231294,512.5383340055123,0.019166000129189342,0.014666999049950391,512.5721670046914
balance,200,multistation,42,42,42,t00753-c00067,67,753,6,6,True,1,91.05854199879104,512.4966250004945,0.10354199912399054,0.006832997314631939,512.6069999969332
balance,200,multistation,42,42,42,t00755-c00029,29,755,11,11,True,1,149.08345800358802,1270.5693329990027,15.648125001462176,0.015500001609325409,1286.2329580020742
balance,200,multistation,42,42,42,t00755-c00111,111,755,3,3,True,1,32.29908300272655,953.5654580031405,332.697374993586,0.006000002031214535,1286.2688329987577
balance,200,multistation,42,42,42,t00755-c00119,119,755,7,7,True,1,66.54875000094762,1286.1193339995225,0.14037499931873754,0.005791000148747116,1286.26549999899
balance,200,multistation,42,42,42,t00757-c00087,87,757,4,4,True,1,26.547665998805314,186.33287500415463,0.022000000171829015,0.0192909938050434,186.3741659981315
balance,200,multistation,42,42,42,t00758-c00005,5,758,3,3,True,1,57.20533300336683,193.93354099884164,157.65604199987138,0.012625001545529813,351.60220800025854
balance,200,multistation,42,42,42,t00758-c00110,110,758,9,9,True,1,41.56879099900834,351.5332910028519,0.11891699978150427,0.007874994480516762,351.66008299711393
balance,200,multistation,42,42,42,t00759-c00005,5,759,8,8,True,1,146.45600000221748,752.6274999981979,0.016500001947861165,0.014917000953573734,752.6589170010993
balance,200,multistation,42,42,42,t00759-c00110,110,759,7,7,True,1,69.03420799790183,730.1427080019494,22.56779199524317,0.007875001756474376,752.718374998949
balance,200,multistation,42,42,42,t00759-c00149,149,759,5,5,True,1,49.307374996715225,730.1087499945424,22.600750002311543,0.005250003596302122,752.7147500004503
balance,200,multistation,42,42,42,t00759-c00178,178,759,3,3,True,1,49.27766699984204,571.7654169930029,180.94050000217976,0.004375004209578037,752.7102919993922
balance,200,multistation,42,42,42,t00760-c00005,5,760,11,11,True,1,31.972333999874536,718.2526249962393,160.5257090050145,0.017207996279466897,878.7955419975333
balance,200,multistation,42,42,42,t00760-c00053,53,760,4,4,True,1,64.95629200071562,744.995334003761,133.82474999525584,0.006499998562503606,878.8265839975793
balance,200,multistation,42,42,42,t00760-c00095,95,760,5,5,True,1,156.91658300056588,878.6805830022786,0.15150000399444252,0.0059589947341009974,878.8380420010071
balance,200,multistation,42,42,42,t00760-c00122,122,760,3,3,True,1,8.837041998049244,582.3489589965902,296.4752080006292,0.0046670029405504465,878.82883400016
balance,200,multistation,42,42,42,t00761-c00053,53,761,5,5,True,1,20.598750001227017,125.63975000375649,0.01779200101736933,0.01254099333891645,125.67008299811278
balance,200,multistation,42,42,42,t00762-c00128,128,762,9,9,True,1,22.121583999251015,260.3246250000666,0.029874994652345777,0.016625002899672836,260.3711249976186
balance,200,multistation,42,42,42,t00763-c00094,94,763,7,7,True,1,279.16074999666307,1378.8419170014095,0.027582995244301856,0.01750000228639692,1378.8869999989402
balance,200,multistation,42,42,42,t00764-c00178,178,764,5,5,True,1,62.869666995538864,452.1835839987034,0.02970799687318504,0.016083002265077084,452.22937499784166
balance,200,multistation,42,42,42,t00764-c00184,184,764,3,3,True,1,16.708833994925953,355.60295899631456,96.65895799844293,0.00687500141793862,452.2687919961754
balance,200,multistation,42,42,42,t00765-c00011,11,765,5,5,True,1,31.81774999393383,227.09199999371776,0.01512500602984801,0.013291995855979621,227.1204169956036
balance,200,multistation,42,42,42,t00765-c00020,20,765,0,0,False,0,,,,,
balance,200,multistation,42,42,42,t00766-c00020,20,766,6,6,True,1,26.533583004493266,199.33108300028834,0.01708300260361284,0.013917000615037978,199.362083003507
balance,200,multistation,42,42,42,t00769-c00104,104,769,4,4,True,1,20.1600829968811,95.62666599958902,0.015124998753890395,0.009916999260894954,95.65170799760381
balance,200,multistation,42,42,42,t00770-c00104,104,770,4,4,True,1,21.35854200605536,94.39662500517443,0.017124999430961907,0.010291994840372354,94.42404199944576
balance,200,multistation,42,42,42,t00771-c00037,37,771,10,10,True,1,44.765874998120125,290.8999159990344,0.02195900015067309,0.01208300091093406,290.933958000096
balance,200,multistation,42,42,42,t00773-c00135,135,773,5,5,True,1,30.01774999574991,265.68145899364026,0.024791006580926478,0.012249998690094799,265.7184999989113
balance,200,multistation,42,42,42,t00774-c00022,22,774,3,3,True,1,718.887665992952,1745.7859579953947,159.99462499894435,0.014333003491628915,1905.7949159978307
balance,200,multistation,42,42,42,t00774-c00127,127,774,6,6,True,1,390.5199159999029,1905.7122910016915,0.1111250021494925,0.007333997928071767,1905.830750001769
balance,200,multistation,42,42,42,t00774-c00135,135,774,5,5,True,1,390.48654199723387,1624.6469580000849,281.1706670036074,0.005249996320344508,1905.8228750000126
balance,200,multistation,42,42,42,t00778-c00093,93,778,5,5,True,1,110.20741600077599,373.960500000976,0.023290995159186423,0.014292003470472991,373.9980829996057
balance,200,multistation,42,42,42,t00778-c00142,142,778,5,5,True,1,32.869999995455146,330.47999999689637,43.548875000851694,0.007124996045604348,374.03599999379367
balance,200,multistation,42,42,42,t00779-c00142,142,779,3,3,True,1,195.29645900183823,608.1327920037438,0.0262079993262887,0.012708995200227946,608.1717089982703
balance,200,multistation,42,42,42,t00779-c00182,182,779,3,3,True,1,195.25595799495932,608.0915829952573,0.09854200470726937,0.005166999471839517,608.1952919994364
balance,200,multistation,42,42,42,t00780-c00040,40,780,3,3,True,1,11.56625000294298,421.27945800166344,135.38354200136382,0.01608299498911947,556.6790829980164
balance,200,multistation,42,42,42,t00780-c00192,192,780,9,9,True,1,78.50054200389422,556.588625004224,0.14262499462347478,0.008792005246505141,556.740042004094
balance,200,multistation,42,42,42,t00781-c00005,5,781,5,5,True,1,33.377374995325226,158.94966699852375,0.01612499909242615,0.013249999028630555,158.9790419966448
balance,200,multistation,42,42,42,t00781-c00040,40,781,3,3,True,1,9.269542002584785,127.06116699700942,31.940667002345435,0.006374997610691935,159.00820899696555
balance,200,multistation,42,42,42,t00783-c00188,188,783,3,3,True,1,24.557290998927783,111.53562499384861,0.026583002181723714,0.011417003406677395,111.57362499943702
balance,200,multistation,42,42,42,t00784-c00010,10,784,4,4,True,1,116.21683400153415,1223.2436669946765,70.33025000419002,0.013874996511731297,1293.5877919953782
balance,200,multistation,42,42,42,t00784-c00049,49,784,7,7,True,1,29.236166999908164,1094.3583749976824,199.2620419987361,0.007832997653167695,1293.6282499940717
balance,200,multistation,42,42,42,t00784-c00119,119,784,13,13,True,1,214.43112500128336,1293.47612499987,0.16095799946924672,0.008041999535635114,1293.645124998875
balance,200,multistation,42,42,42,t00785-c00049,49,785,7,7,True,1,41.90254199784249,355.85737499786774,0.021749998268205673,0.013167002180125564,355.89229199831607
balance,200,multistation,42,42,42,t00785-c00053,53,785,5,5,True,1,120.44454199349275,328.0948339961469,27.828083002532367,0.006249996658880264,355.92916699533816
balance,200,multistation,42,42,42,t00785-c00110,110,785,3,3,True,1,120.40737499773968,328.05787499819417,27.860415997565724,0.004250003257766366,355.92254099901766
balance,200,multistation,42,42,42,t00786-c00073,73,786,7,7,True,1,229.28787500131875,1136.1217919984483,0.024917004338931292,0.017915997887030244,1136.1646250006743
balance,200,multistation,42,42,42,t00786-c00078,78,786,3,3,True,1,27.119875005155336,933.4434999982477,202.75937500264263,0.00841599830891937,1136.2112909991993
balance,200,multistation,42,42,42,t00787-c00120,120,787,10,10,True,1,81.04337500117254,860.6107079976937,0.029292001272551715,0.015291996533051133,860.6552919954993
balance,200,multistation,42,42,42,t00787-c00172,172,787,7,7,True,1,23.87425000051735,829.0902500011725,31.618667002476286,0.0072920011007227,860.7162090047495
balance,200,multistation,42,42,42,t00788-c00067,67,788,8,8,True,1,610.9801669954322,2882.806082998286,0.02662499900907278,0.01858399627963081,2882.8512919935747
balance,200,multistation,42,42,42,t00788-c00074,74,788,4,4,True,1,610.9473329997854,2882.77333300357,0.12270899605937302,0.006207999831531197,2882.9022499994608
balance,200,multistation,42,42,42,t00788-c00075,75,788,3,3,True,1,42.72116699576145,2559.231582999928,323.6675000007381,0.00587499380344525,2882.9049579944694
balance,200,multistation,42,42,42,t00788-c00120,120,788,3,3,True,1,42.68679099914152,2559.197915994446,323.694875005458,0.004374996933620423,2882.8971659968374
balance,200,multistation,42,42,42,t00788-c00167,167,788,6,6,True,1,610.8478750029462,2882.6738330026274,0.2132500012521632,0.004874993464909494,2882.8919579973444
balance,200,multistation,42,42,42,t00789-c00126,126,789,4,4,True,1,38.05566600203747,453.23341600305866,50.96600000251783,0.014583994925487787,504.214000000502
balance,200,multistation,42,42,42,t00789-c00167,167,789,6,6,True,1,56.57166599849006,504.13499999558553,0.12487500498536974,0.008374998287763447,504.26824999885866
balance,200,multistation,42,42,42,t00793-c00168,168,793,4,4,True,1,66.7645840003388,349.70295899984194,0.030082999728620052,0.01575000351294875,349.7487920030835
balance,200,multistation,42,42,42,t00794-c00077,77,794,3,3,True,1,27.04658299626317,862.0656249986496,99.59862499817973,0.01424999936716631,961.6784999961965
balance,200,multistation,42,42,42,t00794-c00084,84,794,11,11,True,1,99.95708299538819,961.60591700027,0.1331249950453639,0.008791001164354384,961.7478329964797
balance,200,multistation,42,42,42,t00795-c00084,84,795,7,7,True,1,43.884083002922125,283.33220800413983,0.02316699828952551,0.012042000889778137,283.36741700331913
balance,200,multistation,42,42,42,t00795-c00137,137,795,3,3,True,1,112.45983299886575,252.29662499623373,31.09191700059455,0.005916001100558788,283.39445799792884
balance,200,multistation,42,42,42,t00796-c00077,77,796,7,7,True,1,33.53224999591475,459.31191699492047,0.02433299960102886,0.015292003809008747,459.3515419983305
balance,200,multistation,42,42,42,t00798-c00123,123,798,11,11,True,1,41.669374993944075,414.47420899930876,0.02858299558283761,0.016666999727021903,414.5194589946186
balance,200,multistation,42,42,42,t00800-c00145,145,800,7,7,True,1,30.574291005905252,221.89562499988824,0.02625000342959538,0.013290999049786478,221.93516600236762
balance,200,multistation,42,42,42,t00802-c00027,27,802,14,14,True,1,41.032208006072324,661.0246250056662,0.02366699482081458,0.017124999430961907,661.0654169999179
balance,200,multistation,42,42,42,t00802-c00194,194,802,5,5,True,1,76.09091699850978,466.8890419998206,194.20804100082023,0.0072499969974160194,661.1043329976383
balance,200,multistation,42,42,42,t00803-c00176,176,803,6,6,True,1,39.954041996679734,301.65183400094975,0.029165996238589287,0.01375000283587724,301.6947500000242
balance,200,multistation,42,42,42,t00804-c00011,11,804,8,8,True,1,104.06550000334391,773.5000000029686,0.01858399627963081,0.016041005437728018,773.534625004686
balance,200,multistation,42,42,42,t00804-c00166,166,804,5,5,True,1,233.1609169996227,658.6438329977682,114.92600000201492,0.007374997949227691,773.5772079977323
balance,200,multistation,42,42,42,t00804-c00176,176,804,6,6,True,1,32.261250002193265,725.0727089995053,48.503541001991834,0.006041998858563602,773.5822920003557
balance,200,multistation,42,42,42,t00807-c00039,39,807,11,11,True,1,173.4111670011771,953.5455420045764,0.02404100087005645,0.016999998479150236,953.5865830039256
balance,200,multistation,42,42,42,t00807-c00093,93,807,3,3,True,1,28.454457999032456,777.9477500007488,175.68062499776715,0.00695799826644361,953.6353329967824
balance,200,multistation,42,42,42,t00807-c00190,190,807,8,8,True,1,79.75024999905145,895.8901660007541,57.738417002838105,0.007041999197099358,953.6356250027893
balance,200,multistation,42,42,42,t00808-c00155,155,808,8,8,True,1,146.111917005328,803.8296250015264,0.029625000024680048,0.01575000351294875,803.8750000050641
balance,200,multistation,42,42,42,t00809-c00155,155,809,8,8,True,1,139.72562499839114,753.9827500004321,0.030666000384371728,0.01766700006555766,754.0310830008821
balance,200,multistation,42,42,42,t00810-c00092,92,810,7,7,True,1,32.26224999525584,145.96837499993853,0.025791996449697763,0.012958000297658145,146.0071249966859
balance,200,multistation,42,42,42,t00812-c00023,23,812,4,4,True,1,174.7029999969527,850.7800000006682,0.02029100141953677,0.01641699782339856,850.8167079999112
balance,200,multistation,42,42,42,t00812-c00124,124,812,7,7,True,1,114.81949999870267,748.7005829971167,102.16379199846415,0.009041003067977726,850.8734159986489
balance,200,multistation,42,42,42,t00813-c00160,160,813,3,3,True,1,208.3146660006605,759.5900829983293,249.1264999989653,0.014083001588005573,1008.7306659988826
balance,200,multistation,42,42,42,t00813-c00162,162,813,8,8,True,1,123.51920799846994,1008.650541996758,0.11783300578827038,0.007582995749544352,1008.7759579982958
balance,200,multistation,42,42,42,t00813-c00178,178,813,6,6,True,1,68.54987499536946,1008.6183329985943,0.1617500020074658,0.005374997272156179,1008.7854579978739
balance,200,multistation,42,42,42,t00814-c00162,162,814,9,9,True,1,44.43383299803827,306.193666998297,0.030333001632243395,0.015332996554207057,306.2393329964834
balance,200,multistation,42,42,42,t00815-c00045,45,815,9,9,True,1,142.5283330027014,804.7470830060774,0.021957996068522334,0.015124998753890395,804.7841660008999
balance,200,multistation,42,42,42,t00815-c00110,110,815,3,3,True,1,35.65891600010218,530.9992500042426,273.8109159981832,0.007125003321561962,804.8172910057474
balance,200,multistation,42,42,42,t00815-c00162,162,815,7,7,True,1,56.653459003428,739.6744590005255,65.13591600378277,0.006834001396782696,804.8172090057051
balance,200,multistation,42,42,42,t00818-c00081,81,818,3,3,True,1,9.45691699598683,47.59504200046649,0.01204099680762738,0.008791997970547527,47.61587499524467
balance,200,multistation,42,42,42,t00819-c00085,85,819,7,7,True,1,115.78074999852106,690.8752090021153,0.02608299837447703,0.016707999748177826,690.918000000238
balance,200,multistation,42,42,42,t00819-c00102,102,819,8,8,True,1,115.74354200274684,690.8377500003553,0.1400420005666092,0.007708003977313638,690.9855000048992
balance,200,multistation,42,42,42,t00820-c00085,85,820,7,7,True,1,143.56733299791813,723.8219159989967,0.022542000806424767,0.01383299968438223,723.8582909994875
balance,200,multistation,42,42,42,t00820-c00095,95,820,3,3,True,1,70.68529199750628,643.5062079981435,80.37341700401157,0.006666996341664344,723.8862919984967
balance,200,multistation,42,42,42,t00820-c00102,102,820,5,5,True,1,200.07554199401056,674.6259999999893,49.25304199423408,0.005750000127591193,723.884791994351
balance,200,multistation,42,42,42,t00821-c00167,167,821,8,8,True,1,39.98399999545654,460.106624996115,0.030875002266839147,0.016166995919775218,460.1536669943016
balance,200,multistation,42,42,42,t00822-c00139,139,822,15,15,True,1,71.48595900071086,944.651709003665,0.03587499668356031,0.01833300484577194,944.7059170051944
balance,200,multistation,42,42,42,t00823-c00048,48,823,14,14,True,1,128.76849999884143,1126.6244590005954,0.02487500023562461,0.015457997506018728,1126.664791998337
balance,200,multistation,42,42,42,t00823-c00119,119,823,7,7,True,1,128.72575000073994,1064.2053750052582,62.493582998286,0.006916998245287687,1126.7058750017895
balance,200,multistation,42,42,42,t00824-c00002,2,824,7,7,True,1,17.569957999512553,241.833250001946,0.01758299913490191,0.014666999049950391,241.86550000013085
balance,200,multistation,42,42,42,t00825-c00142,142,825,7,7,True,1,28.919915996084455,390.82541599782417,0.029499999072868377,0.016584002878516912,390.87149999977555
balance,200,multistation,42,42,42,t00826-c00018,18,826,5,5,True,1,133.59437499457272,726.6363329981687,0.01820900070015341,0.015249999705702066,726.6697919985745
balance,200,multistation,42,42,42,t00826-c00075,75,826,3,3,True,1,18.120833003195003,592.739250001614,133.96525000280235,0.00654099858365953,726.711041003
balance,200,multistation,42,42,42,t00826-c00144,144,826,7,7,True,1,104.43279099854408,650.9684159973403,75.73629199760035,0.007500006176996976,726.7122080011177
balance,200,multistation,42,42,42,t00828-c00000,0,828,7,7,True,1,36.44291700038593,164.40912499820115,0.013582997780758888,0.011417003406677395,164.4341249993886
balance,200,multistation,42,42,42,t00830-c00051,51,830,3,3,True,1,104.6818329996313,487.1287499991013,58.43345800531097,0.014374993043020368,545.5765829974553
balance,200,multistation,42,42,42,t00830-c00084,84,830,5,5,True,1,20.560542005114257,545.5028750002384,0.09825000597629696,0.008291994163300842,545.609417000378
balance,200,multistation,42,42,42,t00831-c00059,59,831,3,3,True,1,25.52695899794344,182.98633400263498,25.82366599381203,0.013292003131937236,208.82329199957894
balance,200,multistation,42,42,42,t00831-c00174,174,831,3,3,True,1,41.1099170014495,208.74787499633385,0.11379200441297144,0.006750000466126949,208.86841700121295
balance,200,multistation,42,42,42,t00833-c00170,170,833,3,3,True,1,8.507250000548083,50.32495799969183,0.020125000446569175,0.010249998013023287,50.355332998151425
balance,200,multistation,42,42,42,t00834-c00154,154,834,4,4,True,1,29.606708005303517,205.15500000328757,0.024916997062973678,0.01166600122814998,205.1915830015787
balance,200,multistation,42,42,42,t00836-c00027,27,836,8,8,True,1,56.79175000113901,415.9040000013192,81.47504099906655,0.01766700006555766,497.3967080004513
balance,200,multistation,42,42,42,t00836-c00041,41,836,4,4,True,1,93.49658300197916,497.3202500041225,0.110041000880301,0.007791997632011771,497.4380830026348
balance,200,multistation,42,42,42,t00837-c00013,13,837,3,3,True,1,7.208375005575363,31.085375005204696,0.009916999260894954,0.009290997695643455,31.104583002161235
balance,200,multistation,42,42,42,t00838-c00116,116,838,3,3,True,1,8.206874997995328,38.95691700017778,0.01745799818309024,0.00908400397747755,38.98345900233835
balance,200,multistation,42,42,42,t00839-c00196,196,839,1,1,True,1,20.911624997097533,20.911624997097533,0.010415998985990882,0.007084003300406039,20.92912499938393
balance,200,multistation,42,42,42,t00840-c00113,113,840,6,6,True,1,10.135541997442488,98.21633399405982,0.02445800055284053,0.013791999663226306,98.25458399427589
balance,200,multistation,42,42,42,t00841-c00127,127,841,4,4,True,1,92.9882499985979,543.1739159976132,0.024333996407222003,0.014333003491628915,543.2125829975121
balance,200,multistation,42,42,42,t00842-c00055,55,842,9,9,True,1,62.76679100119509,418.5458749998361,0.02229100209660828,0.015583995264023542,418.5837499971967
balance,200,multistation,42,42,42,t00842-c00093,93,842,3,3,True,1,24.0387500016368,324.2722920040251,94.36670799914282,0.00687500141793862,418.64587500458583
balance,200,multistation,42,42,42,t00842-c00114,114,842,3,3,True,1,117.7929170007701,345.4870830028085,73.1521249981597,0.005041998520027846,418.64424999948824
balance,200,multistation,42,42,42,t00843-c00055,55,843,7,7,True,1,29.90954199776752,434.61008399754064,0.02149999636458233,0.014166005712468177,434.6457499996177
balance,200,multistation,42,42,42,t00843-c00114,114,843,4,4,True,1,90.00429199659266,412.87704199930886,21.824333001859486,0.007167000148911029,434.70854200131726
balance,200,multistation,42,42,42,t00843-c00117,117,843,3,3,True,1,89.9719580047531,412.844958002097,21.853541999007575,0.005083005817141384,434.7035830069217
balance,200,multistation,42,42,42,t00844-c00055,55,844,7,6,True,1,105.71708399947966,834.412333999353,101.66641599789727,0.015167002857197076,936.0939170001075
balance,200,multistation,42,42,42,t00844-c00060,60,844,7,7,True,1,105.67895799613325,834.3741249991581,101.75641699606786,0.006750000466126949,936.1372919956921
balance,200,multistation,42,42,42,t00844-c00061,61,844,4,4,True,1,156.5059589993325,935.9855840011733,0.14179099525790662,0.005709000106435269,936.1330839965376
balance,200,multistation,42,42,42,t00844-c00101,101,844,5,5,True,1,8.528583995939698,710.4877500023576,225.63220899610315,0.005166002665646374,936.1251250011264
balance,200,multistation,42,42,42,t00844-c00162,162,844,3,3,True,1,357.46279200247955,767.3341670015361,168.79224999865983,0.004583002009894699,936.1310000022058
balance,200,multistation,42,42,42,t00845-c00026,26,845,8,8,True,1,69.88912500673905,505.9605000060401,0.01945799886016175,0.014042001566849649,505.9940000064671
balance,200,multistation,42,42,42,t00845-c00101,101,845,12,11,True,1,69.84987499890849,480.1425829937216,25.89170800638385,0.007458998879883438,506.0417499989853
balance,200,multistation,42,42,42,t00846-c00043,43,846,3,3,True,1,21.179791998292785,158.6469589965418,0.018250000721309334,0.01679100387264043,158.68200000113575
balance,200,multistation,42,42,42,t00848-c00190,190,848,4,4,True,1,10.806708000018261,146.9399580018944,0.02545899769756943,0.013290999049786478,146.97870799864177
balance,200,multistation,42,42,42,t00849-c00148,148,849,3,3,True,1,12.861458999395836,512.0948339972529,290.2374580007745,0.01708300260361284,802.349375000631
balance,200,multistation,42,42,42,t00849-c00168,168,849,4,4,True,1,89.76699999766424,802.26112499804,0.14037499931873754,0.008000002708286047,802.409500000067
balance,200,multistation,42,42,42,t00849-c00190,190,849,3,3,True,1,104.76345799543196,593.2403749975492,209.15416599746095,0.005583999154623598,802.4001249941648
balance,200,multistation,42,42,42,t00851-c00034,34,851,9,9,True,1,9.476709004957229,254.11916700250003,0.01933299790835008,0.01237499964190647,254.1508750000503
balance,200,multistation,42,42,42,t00852-c00054,54,852,4,4,True,1,44.75658299634233,504.2096249962924,0.020291998225729913,0.015666002582293004,504.2455829971004
balance,200,multistation,42,42,42,t00853-c00000,0,853,7,7,True,1,17.834250000305474,817.1283339979709,144.86966600088635,0.017416998161934316,962.0154169970192
balance,200,multistation,42,42,42,t00853-c00045,45,853,4,4,True,1,77.01416700001573,961.9387499988079,0.11537499813130125,0.006667003617621958,962.0607920005568
balance,200,multistation,42,42,42,t00853-c00088,88,853,4,4,True,1,180.1986249993206,728.4510419995058,233.60425000282703,0.00508299854118377,962.060375000874
balance,200,multistation,42,42,42,t00853-c00148,148,853,7,7,True,1,76.94437499594642,961.8692500007455,0.1936249973368831,0.005249996320344508,962.0681249944028
balance,200,multistation,42,42,42,t00854-c00011,11,854,3,3,True,1,92.01287500036415,742.671291998704,25.90720800071722,0.014500001270789653,768.593000000692
balance,200,multistation,42,42,42,t00854-c00088,88,854,4,4,True,1,91.96995900128968,742.6287090056576,26.00091599742882,0.006542002665810287,768.6361670057522
balance,200,multistation,42,42,42,t00854-c00148,148,854,3,3,True,1,109.3848330056062,768.4846660049516,0.14554199879057705,0.005166999471839517,768.635375003214
balance,200,multistation,42,42,42,t00855-c00148,148,855,6,6,True,1,14.271041000029072,223.25320800155168,0.02866699651349336,0.013999997463542968,223.29587499552872
balance,200,multistation,42,42,42,t00856-c00019,19,856,9,9,True,1,61.41587500314927,893.9223749985103,0.024000000848900527,0.02116700488841161,893.9675420042477
balance,200,multistation,42,42,42,t00856-c00183,183,856,5,5,True,1,142.41450000554323,893.8720420046593,0.1374159983242862,0.0069590023485943675,894.0164170053322
balance,200,multistation,42,42,42,t00857-c00110,110,857,3,3,True,1,18.714290999923833,90.76129100139951,0.022667001758236438,0.01266699837287888,90.79662500153063
balance,200,multistation,42,42,42,t00858-c00030,30,858,5,5,True,1,21.663250001438428,207.67666599567747,23.082834006345365,0.011915995855815709,230.77141599787865
balance,200,multistation,42,42,42,t00858-c00050,50,858,3,3,True,1,114.43724999844562,230.7005830007256,0.08458299998892471,0.005249996320344508,230.79041599703487
balance,200,multistation,42,42,42,t00859-c00075,75,859,0,0,False,0,,,,,
balance,200,multistation,42,42,42,t00860-c00053,53,860,6,6,True,1,65.69770899659488,545.3797500013025,74.49020899366587,0.016625002899672836,619.886583997868
balance,200,multistation,42,42,42,t00860-c00075,75,860,6,6,True,1,65.66166600532597,545.3435410017846,74.59191700036172,0.006666996341664344,619.942124998488
balance,200,multistation,42,42,42,t00860-c00169,169,860,5,5,True,1,279.99733299657237,619.7717499962891,0.1814580027712509,0.006750000466126949,619.9599579995265
balance,200,multistation,42,42,42,t00861-c00075,75,861,1,1,True,1,66.77191700146068,66.77191700146068,0.01587499718880281,0.01304100442212075,66.8008330030716
balance,200,multistation,42,42,42,t00862-c00038,38,862,11,11,True,1,40.46020899841096,339.22262499982025,0.022708998585585505,0.014457997167482972,339.2597919955733
balance,200,multistation,42,42,42,t00862-c00150,150,862,4,4,True,1,12.959958999999799,311.5339590003714,27.76862500468269,0.007832997653167695,339.31041700270725
balance,200,multistation,42,42,42,t00864-c00196,196,864,3,3,True,1,22.558541997568682,99.04475000075763,0.031042000045999885,0.013749995559919626,99.08954199636355
balance,200,multistation,42,42,42,t00866-c00012,12,866,15,15,True,1,131.8019579994143,2069.9089170011575,0.021874999220017344,0.017833001038525254,2069.948625001416
balance,200,multistation,42,42,42,t00866-c00058,58,866,5,5,True,1,30.606375003117137,1769.1520420048619,300.83333299990045,0.006499998562503606,2069.991875003325
balance,200,multistation,42,42,42,t00866-c00199,199,866,9,9,True,1,131.71729099849472,2008.4886660042685,61.507333994086366,0.005375004548113793,2070.001375002903
balance,200,multistation,42,42,42,t00867-c00058,58,867,7,7,True,1,63.935040998330805,364.6053329939605,0.020792002032976598,0.014541001291945577,364.6406659972854
balance,200,multistation,42,42,42,t00868-c00062,62,868,6,6,True,1,26.298333999875467,162.3874170036288,0.020542000129353255,0.012500000593718141,162.42045900435187
balance,200,multistation,42,42,42,t00869-c00052,52,869,7,7,True,1,66.42204099625815,790.1914579997538,21.150291999219917,0.015457997506018728,811.3572079964797
balance,200,multistation,42,42,42,t00869-c00114,114,869,3,3,True,1,195.80741700337967,646.3561249984195,165.03820800426183,0.007291993824765086,811.4016249965061
balance,200,multistation,42,42,42,t00869-c00122,122,869,6,6,True,1,195.77316700451775,811.241916999279,0.15250000433297828,0.007165996066760272,811.4015829996788
balance,200,multistation,42,42,42,t00871-c00085,85,871,12,12,True,1,73.29683400166687,1194.1931250039488,0.02920899714808911,0.020332998246885836,1194.2426669993438
balance,200,multistation,42,42,42,t00871-c00117,117,871,4,4,True,1,93.27783299522707,1076.9090829999186,117.37633300072048,0.008584000170230865,1194.2940000008093
balance,200,multistation,42,42,42,t00872-c00117,117,872,6,6,True,1,20.89995799906319,113.11800000112271,0.023125001462176442,0.013083001249469817,113.15420800383436
balance,200,multistation,42,42,42,t00873-c00007,7,873,3,3,True,1,13.488000004144851,78.20999999967171,0.015292003809008747,0.014416997146327049,78.23970900062704
balance,200,multistation,42,42,42,t00874-c00007,7,874,3,3,True,1,172.1770000003744,583.9180839975597,123.52783299866132,0.014666999049950391,707.460583995271
balance,200,multistation,42,42,42,t00874-c00059,59,874,6,6,True,1,43.55854100140277,707.386291003786,0.10958399798255414,0.00833300146041438,707.504208003229
balance,200,multistation,42,42,42,t00874-c00086,86,874,5,5,True,1,112.80220899789128,583.8395419996232,123.6575420043664,0.005832996976096183,707.5029170009657
balance,200,multistation,42,42,42,t00875-c00154,154,875,7,7,True,1,98.80187499948079,1083.8301670009969,0.031000003218650818,0.01608299498911947,1083.8772499992047
balance,200,multistation,42,42,42,t00875-c00185,185,875,10,10,True,1,157.44574999553151,945.4221669948311,138.50270800321596,0.008208997314795852,1083.9330839953618
balance,200,multistation,42,42,42,t00876-c00154,154,876,7,7,True,1,89.13991699955659,494.4828329971642,0.028750000637955964,0.013666998711414635,494.5252499965136
balance,200,multistation,42,42,42,t00877-c00034,34,877,8,8,True,1,26.179041000432335,161.06808300537523,0.016332996892742813,0.012083997717127204,161.0964999999851
balance,200,multistation,42,42,42,t00878-c00124,124,878,7,7,True,1,105.6443749985192,560.9468329930678,0.02787500125123188,0.01424999936716631,560.9889579936862
balance,200,multistation,42,42,42,t00879-c00027,27,879,4,4,True,1,70.32695799716748,409.9529579980299,0.018292004824616015,0.014790995919611305,409.9860409987741
balance,200,multistation,42,42,42,t00879-c00046,46,879,7,7,True,1,30.515291000483558,309.5911249984056,100.43612500157906,0.007999995432328433,410.03524999541696
balance,200,multistation,42,42,42,t00880-c00082,82,880,12,12,True,1,30.126999998174142,278.8791249986389,0.0262079993262887,0.0155829984578304,278.920915996423
balance,200,multistation,42,42,42,t00882-c00191,191,882,15,15,True,1,64.6177090020501,936.3697500011767,0.03662500239443034,0.016999998479150236,936.4233750020503
balance,200,multistation,42,42,42,t00883-c00140,140,883,5,5,True,1,73.15295799344312,336.3401249953313,0.027207999664824456,0.014500001270789653,336.3818329962669
balance,200,multistation,42,42,42,t00883-c00191,191,883,3,3,True,1,53.41370800306322,291.054624998651,45.3667910041986,0.006958995072636753,336.4283749979222
balance,200,multistation,42,42,42,t00884-c00047,47,884,4,4,True,1,14.602125003875699,86.79679199849488,0.012875003449153155,0.009208000847138464,86.81887500279117
balance,200,multistation,42,42,42,t00888-c00040,40,888,3,3,True,1,156.5896660031285,329.3837910023285,45.73312499996973,0.01308399805566296,375.1300000003539
balance,200,multistation,42,42,42,t00888-c00195,195,888,7,7,True,1,67.74466700153425,375.0518330052728,0.1237499964190647,0.0077500008046627045,375.1833330024965
balance,200,multistation,42,42,42,t00889-c00043,43,889,13,13,True,1,324.6609999987413,2638.0396250024205,42.65016700082924,0.018624996300786734,2680.7084169995505
balance,200,multistation,42,42,42,t00889-c00146,146,889,6,6,True,1,539.3964579998283,2680.618291000428,0.13124999532010406,0.008084003638941795,2680.757624999387
balance,200,multistation,42,42,42,t00889-c00156,156,889,11,11,True,1,324.5808749998105,2587.2773750015767,93.49179199489299,0.006542002665810287,2680.7757089991355
balance,200,multistation,42,42,42,t00890-c00009,9,890,10,10,True,1,112.41437499847962,896.2791669982835,115.15891699673375,0.01666600292082876,1011.454749997938
balance,200,multistation,42,42,42,t00890-c00030,30,890,6,6,True,1,173.9085419976618,1011.3747089999379,0.12062500172760338,0.008290997357107699,1011.5036249990226
balance,200,multistation,42,42,42,t00890-c00146,146,890,6,6,True,1,134.52941600553459,1011.3329160012654,0.163417003932409,0.006332993507385254,1011.5026659987052
balance,200,multistation,42,42,42,t00890-c00156,156,890,3,3,True,1,72.67195899476064,699.4875419986784,312.0015419990523,0.004916000762023032,1011.4939999984927
balance,200,multistation,42,42,42,t00891-c00108,108,891,7,7,True,1,69.04266700439621,360.8488750032848,0.02508400211809203,0.015332996554207057,360.8892920019571
balance,200,multistation,42,42,42,t00891-c00175,175,891,8,8,True,1,33.303791999060195,325.04758299910463,35.88495899748523,0.009916002454701811,360.94245799904456
balance,200,multistation,42,42,42,t00892-c00141,141,892,11,11,True,1,34.10683299443917,311.0638750004,0.03212499723304063,0.014416000340133905,311.1104159979732
balance,200,multistation,42,42,42,t00893-c00141,141,893,3,3,True,1,17.42533299693605,88.1792910004151,0.0162090000230819,0.009875002433545887,88.20537500287173
balance,200,multistation,42,42,42,t00894-c00071,71,894,5,5,True,1,81.84041699860245,677.0963750022929,0.02308299735886976,0.016083999071270227,677.135541998723
balance,200,multistation,42,42,42,t00894-c00141,141,894,5,5,True,1,22.074790998885874,431.4100409974344,245.7647920018644,0.0072920011007227,677.1821250003995
balance,200,multistation,42,42,42,t00894-c00157,157,894,3,3,True,1,223.84874999988824,636.9461670037708,40.2393329932238,0.005459005478769541,677.1909590024734
balance,200,multistation,42,42,42,t00894-c00187,187,894,3,3,True,1,223.81850000238046,636.9158750021597,40.266042000439484,0.004499997885432094,677.1864170004847
balance,200,multistation,42,42,42,t00895-c00141,141,895,12,12,True,1,29.987875001097564,270.7054589991458,0.03170799755025655,0.014208002539817244,270.75137499923585
balance,200,multistation,42,42,42,t00896-c00061,61,896,6,6,True,1,78.10820799932117,641.7293330014218,0.022250002075452358,0.01799999881768599,641.7695830023149
balance,200,multistation,42,42,42,t00897-c00159,159,897,1,1,True,1,163.8390839943895,163.8390839943895,65.6399159997818,0.01229200279340148,229.49129199696472
balance,200,multistation,42,42,42,t00897-c00190,190,897,3,3,True,1,37.69870800169883,229.4136249984149,0.127500003145542,0.006707996362820268,229.54783299792325
balance,200,multistation,42,42,42,t00898-c00159,159,898,5,5,True,1,34.21525000157999,248.19820899574552,0.026208006602246314,0.013666998711414635,248.23808400105918
balance,200,multistation,42,42,42,t00899-c00159,159,899,5,5,True,1,43.47970899834763,345.0633749962435,0.027624999347608536,0.014292003470472991,345.1052919990616
balance,200,multistation,42,42,42,t00900-c00159,159,900,3,3,True,1,18.223584003862925,111.09816699899966,0.0191670042113401,0.009875002433545887,111.12720900564454
balance,200,multistation,42,42,42,t00901-c00136,136,901,6,6,True,1,45.96887499792501,389.637665997725,0.02487500023562461,0.011625001206994057,389.6741659991676
balance,200,multistation,42,42,42,t00901-c00159,159,901,3,3,True,1,45.93279199616518,340.5306670028949,49.179999994521495,0.005416004569269717,389.7160830019857
balance,200,multistation,42,42,42,t00902-c00136,136,902,7,7,True,1,31.701457999588456,144.90020800440107,0.022542000806424767,0.01245799649041146,144.9352080016979
balance,200,multistation,42,42,42,t00903-c00034,34,903,3,3,True,1,46.43408300034935,263.7102919979952,0.018500002624932677,0.012290998711250722,263.7410829993314
balance,200,multistation,42,42,42,t00903-c00080,80,903,3,3,True,1,46.39237499941373,263.66870800120523,0.10399999882793054,0.006207999831531197,263.7789159998647
balance,200,multistation,42,42,42,t00904-c00035,35,904,6,6,True,1,28.65554200252518,273.67145900643663,0.016582998796366155,0.012166994565632194,273.70020899979863
balance,200,multistation,42,42,42,t00904-c00080,80,904,3,3,True,1,12.45270900108153,193.15620900306385,80.58037499722559,0.006207999831531197,273.74279200012097
balance,200,multistation,42,42,42,t00905-c00035,35,905,9,9,True,1,139.13804099865956,1249.6048329994665,0.02170799416489899,0.018042002920992672,1249.6445829965523
balance,200,multistation,42,42,42,t00905-c00080,80,905,11,11,True,1,139.09366700681858,1095.9572090068832,153.74566599348327,0.009209004929289222,1249.7120840052958
balance,200,multistation,42,42,42,t00905-c00082,82,905,5,5,True,1,230.35204200277803,1173.1039580045035,76.60320899594808,0.00616600300418213,1249.7133330034558
balance,200,multistation,42,42,42,t00906-c00035,35,906,9,9,True,1,48.306625001714565,2382.534584001405,0.0225000039790757,0.016582998796366155,2382.5736670041806
balance,200,multistation,42,42,42,t00906-c00051,51,906,6,6,True,1,246.46929200389422,2317.060125002172,65.55283399939071,0.007791000825818628,2382.6207500023884
balance,200,multistation,42,42,42,t00906-c00082,82,906,4,4,True,1,246.43816699972376,2317.029124998953,65.58499999664491,0.004749999789055437,2382.618874995387
balance,200,multistation,42,42,42,t00907-c00198,198,907,3,3,True,1,53.17412500153296,227.43337499559857,0.02991700603161007,0.013332995877135545,227.47662499750732
balance,200,multistation,42,42,42,t00908-c00076,76,908,3,3,True,1,253.0175420033629,728.357459003746,0.023125001462176442,0.015749996236991137,728.3963340014452
balance,200,multistation,42,42,42,t00908-c00198,198,908,3,3,True,1,252.9699160004384,728.3100410058978,0.13745899923378602,0.005875001079402864,728.453375006211
balance,200,multistation,42,42,42,t00909-c00004,4,909,8,8,True,1,33.58616699551931,863.652166997781,0.01920799695653841,0.016083999071270227,863.6874589938088
balance,200,multistation,42,42,42,t00909-c00076,76,909,5,5,True,1,335.39720800035866,761.7953329972806,101.93270900344942,0.0072499969974160194,863.7352919977275
balance,200,multistation,42,42,42,t00910-c00003,3,910,8,8,True,1,129.84599999617785,1041.5936669960502,0.018541999452281743,0.018291000742465258,1041.630499996245
balance,200,multistation,42,42,42,t00910-c00089,89,910,8,8,True,1,129.800750000868,1041.5480410010787,0.12254199828021228,0.006958005542401224,1041.6775410049013
balance,200,multistation,42,42,42,t00911-c00063,63,911,7,7,True,1,51.90570899867453,223.9033340010792,0.02237500302726403,0.011290998372714967,223.93700000247918
balance,200,multistation,42,42,42,t00913-c00103,103,913,3,3,True,1,33.69583300082013,128.48545800079592,37.81041700131027,0.011374999303370714,166.30725000140956
balance,200,multistation,42,42,42,t00913-c00105,105,913,4,4,True,1,21.480457995494362,166.23145799530903,0.08420900121564046,0.007166003342717886,166.3228329998674
balance,200,multistation,42,42,42,t00914-c00033,33,914,5,5,True,1,44.211707994691096,690.2728749992093,0.019957995391450822,0.01270900247618556,690.305541997077
balance,200,multistation,42,42,42,t00914-c00105,105,914,5,5,True,1,44.1695420013275,690.230917003646,0.1033750013448298,0.005457994120661169,690.3397499991115
balance,200,multistation,42,42,42,t00918-c00106,106,918,3,3,True,1,8.857250002620276,68.0724590056343,0.016833000699989498,0.009874995157588273,68.09916700149188
balance,200,multistation,42,42,42,t00919-c00015,15,919,3,3,True,1,100.81262500170851,375.9787079980015,35.90541700395988,0.011666998034343123,411.8957919999957
balance,200,multistation,42,42,42,t00919-c00106,106,919,7,7,True,1,43.80595900147455,411.8242500044289,0.11141700088046491,0.007124996045604348,411.942792001355
balance,200,multistation,42,42,42,t00919-c00165,165,919,3,3,True,1,9.27229200169677,339.6206249963143,72.31662500271341,0.005292000423651189,411.94254199945135
balance,200,multistation,42,42,42,t00920-c00015,15,920,6,6,True,1,188.06475000019418,1465.4093330027536,168.2185829995433,0.017209000361617655,1633.6451250026585
balance,200,multistation,42,42,42,t00920-c00072,72,920,9,9,True,1,165.32087499945192,1633.5662499986938,0.12674999743467197,0.010042000212706625,1633.7030419963412
balance,200,multistation,42,42,42,t00920-c00106,106,920,8,8,True,1,165.2867079974385,1425.9233330012648,207.77749999979278,0.006207999831531197,1633.7070410008891
balance,200,multistation,42,42,42,t00921-c00106,106,921,8,8,True,1,17.026667002937756,414.81345900683664,0.02629099617479369,0.014917000953573734,414.854667003965
balance,200,multistation,42,42,42,t00921-c00146,146,921,7,7,True,1,101.87487499933923,401.84479099843884,13.043792001553811,0.007416994776576757,414.8959999947692
balance,200,multistation,42,42,42,t00922-c00165,165,922,5,5,True,1,18.008999999437947,169.3018329970073,0.023459004296455532,0.011541000276338309,169.3368330015801
balance,200,multistation,42,42,42,t00922-c00181,181,922,3,3,True,1,32.16045800218126,112.59608299587853,56.76195900014136,0.006791000487282872,169.36483299650718
balance,200,multistation,42,42,42,t00924-c00121,121,924,7,7,True,1,32.87774999625981,153.94279199972516,0.02649999805726111,0.013083001249469817,153.9823749990319
balance,200,multistation,42,42,42,t00925-c00054,54,925,3,3,True,1,124.54770800104598,1021.7113749968121,166.58775000541937,0.014332996215671301,1188.3134579984471
balance,200,multistation,42,42,42,t00925-c00131,131,925,7,7,True,1,228.48712500126567,1093.4447920008097,94.906833001005,0.008958995749708265,1188.3605839975644
balance,200,multistation,42,42,42,t00925-c00191,191,925,9,9,True,1,228.44920799980173,1188.1973749987083,0.15645800158381462,0.007000002369750291,1188.3608330026618
balance,200,multistation,42,42,42,t00926-c00085,85,926,7,7,True,1,184.8723750008503,1385.7885830002488,0.029041999368928373,0.016292004147544503,1385.8339170037652
balance,200,multistation,42,42,42,t00926-c00138,138,926,4,4,True,1,796.4087500004098,1385.7469590002438,0.1238330005435273,0.007000002369750291,1385.877792003157
balance,200,multistation,42,42,42,t00928-c00005,5,928,8,8,True,1,19.569666997995228,102.25650000211317,0.01637499372009188,0.013500000932253897,102.28637499676552
balance,200,multistation,42,42,42,t00929-c00005,5,929,7,7,True,1,72.16829100070754,325.36550000077114,0.01741599407978356,0.013625001884065568,325.396540996735
balance,200,multistation,42,42,42,t00929-c00017,17,929,7,7,True,1,72.12862499727635,325.3258749973611,0.12054199760314077,0.006000002031214535,325.45241699699545
balance,200,multistation,42,42,42,t00930-c00005,5,930,5,5,True,1,72.48899999831337,194.3126670012134,0.016624995623715222,0.013165998097974807,194.3424579949351
balance,200,multistation,42,42,42,t00930-c00118,118,930,6,6,True,1,8.434125003986992,181.03891600185307,13.336500000150409,0.007000002369750291,194.38241600437323
balance,200,multistation,42,42,42,t00932-c00056,56,932,4,4,True,1,93.72929099481553,812.2613329978776,0.02245799987576902,0.015666999388486147,812.2994579971419
balance,200,multistation,42,42,42,t00932-c00129,129,932,3,3,True,1,32.3465830006171,636.4173750043847,175.92266599967843,0.007083996024448425,812.3471250000875
balance,200,multistation,42,42,42,t00932-c00186,186,932,6,6,True,1,126.61137500253972,812.1807920033461,0.1617500020074658,0.007041999197099358,812.3495840045507
balance,200,multistation,42,42,42,t00933-c00006,6,933,8,8,True,1,53.1506250044913,280.5321250052657,0.016874997527338564,0.013290999049786478,280.5622910018428
balance,200,multistation,42,42,42,t00934-c00153,153,934,15,15,True,1,52.22166600287892,691.4412080004695,0.03458299761405215,0.01900000643217936,691.4947910045157
balance,200,multistation,42,42,42,t00935-c00013,13,935,7,7,True,1,19.061249993683305,108.03345799649833,0.013541997759602964,0.011208001524209976,108.05820799578214
balance,200,multistation,42,42,42,t00936-c00013,13,936,6,6,True,1,8.07366700610146,131.82345800305484,0.013834003766532987,0.011624993931036443,131.8489170007524
balance,200,multistation,42,42,42,t00937-c00106,106,937,4,4,True,1,397.01912499731407,702.4145420000423,183.74045800010208,0.01750000228639692,886.1725000024308
balance,200,multistation,42,42,42,t00937-c00154,154,937,6,6,True,1,49.591750001127366,886.0856250030338,0.14191700029186904,0.008540999260731041,886.2360830025864
balance,200,multistation,42,42,42,t00938-c00106,106,938,9,9,True,1,27.134375006426126,232.14179200294893,0.023792003048583865,0.013958000636193901,232.1795420066337
balance,200,multistation,42,42,42,t00939-c00103,103,939,8,8,True,1,41.803791995334905,385.0832079988322,46.414666998316534,0.014792000001762062,431.5126669971505
balance,200,multistation,42,42,42,t00939-c00106,106,939,9,9,True,1,41.76479200395988,431.43337500077905,0.10112499876413494,0.007041999197099358,431.5415419987403
balance,200,multistation,42,42,42,t00940-c00064,64,940,7,7,True,1,46.80437500064727,335.2078329990036,74.77300000027753,0.013833996490575373,409.9946669957717
balance,200,multistation,42,42,42,t00940-c00065,65,940,9,9,True,1,27.206499995372724,409.9193749934784,0.10783400648506358,0.008124996384140104,410.0353339963476
balance,200,multistation,42,42,42,t00942-c00037,37,942,3,3,True,1,13.4974169995985,97.01199999835808,0.012500000593718141,0.012333999620750546,97.03683399857255
balance,200,multistation,42,42,42,t00943-c00074,74,943,6,6,True,1,51.5388330022688,507.4367909983266,0.020291998225729913,0.012542004697024822,507.46962500124937
balance,200,multistation,42,42,42,t00943-c00170,170,943,7,7,True,1,99.90308399574133,411.985458995332,95.50899999885587,0.006583002686966211,507.50104199687485
balance,200,multistation,42,42,42,t00943-c00179,179,943,7,7,True,1,27.135167001688387,463.77220900467364,43.718665998312645,0.006916998245287687,507.4977920012316
balance,200,multistation,42,42,42,t00944-c00001,1,944,10,10,True,1,64.82283300283598,621.2734579967218,24.476834005326964,0.013624994608107954,645.7639169966569
balance,200,multistation,42,42,42,t00944-c00099,99,944,3,3,True,1,12.4447499983944,513.5152079965337,132.27683300647186,0.006083995685912669,645.7981249986915
balance,200,multistation,42,42,42,t00944-c00170,170,944,11,11,True,1,64.73733299935702,645.6479580010637,0.14545900194207206,0.006374997610691935,645.7997920006164
balance,200,multistation,42,42,42,t00945-c00170,170,945,9,9,True,1,15.936666997731663,123.48624999867752,0.029125003493390977,0.013249999028630555,123.52862500119954
balance,200,multistation,42,42,42,t00946-c00037,37,946,12,12,True,1,20.96000000165077,315.4639170024893,0.02383300306973979,0.014416997146327049,315.5021670027054
balance,200,multistation,42,42,42,t00947-c00137,137,947,11,11,True,1,11.561875006009359,411.5590000001248,0.03145800292259082,0.01750000228639692,411.6079580053338
balance,200,multistation,42,42,42,t00949-c00020,20,949,3,3,True,1,493.95524999999907,1409.6216249963618,114.91487500461517,0.01704099850030616,1524.5535409994773
balance,200,multistation,42,42,42,t00949-c00112,112,949,7,7,True,1,213.7020410009427,1409.5778749979218,115.00925000291318,0.008625000191386789,1524.5957500010263
balance,200,multistation,42,42,42,t00949-c00156,156,949,11,11,True,1,74.5922500063898,1524.437250001938,0.16041700291680172,0.008666997018735856,1524.6063340018736
balance,200,multistation,42,42,42,t00950-c00181,181,950,8,8,True,1,27.702667000994552,161.96870899875648,0.026916000933852047,0.0118750031106174,162.00750000280095
balance,200,multistation,42,42,42,t00952-c00118,118,952,8,8,True,1,40.05308299383614,549.4129579965374,0.026749999960884452,0.01412499841535464,549.4538329949137
balance,200,multistation,42,42,42,t00952-c00132,132,952,6,6,True,1,106.21595800330397,478.3986249967711,71.096875006333,0.006207999831531197,549.5017080029356
balance,200,multistation,42,42,42,t00953-c00118,118,953,1,1,True,1,326.39595799992094,326.39595799992094,152.03399999882095,0.013208002201281488,478.44316600094317
balance,200,multistation,42,42,42,t00953-c00132,132,953,6,6,True,1,79.1174579935614,478.36495799856493,0.12116699508624151,0.008500006515532732,478.4946250001667
balance,200,multistation,42,42,42,t00953-c00171,171,953,3,3,True,1,11.809166993771214,394.98729199840454,83.49674999772105,0.005542002327274531,478.4895839984529
balance,200,multistation,42,42,42,t00954-c00097,97,954,7,7,True,1,191.40825000067707,866.5232920029666,103.15729199646739,0.014165998436510563,969.6947499978705
balance,200,multistation,42,42,42,t00954-c00116,116,954,11,11,True,1,20.923167001456022,969.6138750005048,0.1142089968197979,0.008208000508602709,969.7362919978332
balance,200,multistation,42,42,42,t00955-c00113,113,955,9,9,True,1,34.14608399907593,386.4251669947407,0.026500005333218724,0.01504199462942779,386.46670899470337
balance,200,multistation,42,42,42,t00955-c00115,115,955,5,5,True,1,15.810749995580409,369.79341699770885,16.714165998564567,0.007499998901039362,386.51508299517445
balance,200,multistation,42,42,42,t00957-c00068,68,957,12,12,True,1,160.01300000061747,1013.7765420004143,0.026790999982040375,0.016666999727021903,1013.8200000001234
balance,200,multistation,42,42,42,t00957-c00107,107,957,5,5,True,1,6.8792500023846515,670.6683750016964,343.1909999999334,0.007250004273373634,1013.8666250059032
balance,200,multistation,42,42,42,t00957-c00158,158,957,9,9,True,1,159.93874999549007,1013.7020829934045,0.16016700101317838,0.006250003934837878,1013.8684999983525
balance,200,multistation,42,42,42,t00958-c00092,92,958,6,5,True,1,21.10045800509397,147.6401660038391,0.020209001377224922,0.011874995834659785,147.672250001051
balance,200,multistation,42,42,42,t00958-c00103,103,958,3,3,True,1,9.112332998483907,134.1057500030729,13.588541994977277,0.0056249991757795215,147.69991699722596
balance,200,multistation,42,42,42,t00959-c00177,177,959,3,3,True,1,14.1613329979009,50.503292004577816,0.015374993381556123,0.008708004315849394,50.52737500227522
balance,200,multistation,42,42,42,t00960-c00069,69,960,3,3,True,1,8.887374999176245,176.2280409966479,44.48741700616665,0.01237499964190647,220.72783300245646
balance,200,multistation,42,42,42,t00960-c00090,90,960,4,4,True,1,43.96395799994934,220.6545829976676,0.11995900422334671,0.006874994141981006,220.78141699603293
balance,200,multistation,42,42,42,t00961-c00069,69,961,3,3,True,1,29.600875001051463,1478.1390829957672,0.02487500023562461,0.013542005035560578,1478.1775000010384
balance,200,multistation,42,42,42,t00961-c00087,87,961,3,3,True,1,29.56166699732421,1478.1005830009235,0.11941699631279334,0.005083005817141384,1478.2250830030534
balance,200,multistation,42,42,42,t00961-c00163,163,961,3,3,True,1,29.52750000258675,1478.0669169995235,0.15145800716709346,0.003958994057029486,1478.2223340007477
balance,200,multistation,42,42,42,t00962-c00069,69,962,7,7,True,1,50.70949999935692,250.1851249980973,0.021375002688728273,0.013249999028630555,250.21974999981467
balance,200,multistation,42,42,42,t00965-c00117,117,965,10,10,True,1,39.07108300336404,307.6541660047951,0.027666996174957603,0.013958000636193901,307.69579100160627
balance,200,multistation,42,42,42,t00966-c00182,182,966,7,7,True,1,42.340875006630085,284.7209580068011,0.03229199501220137,0.014416000340133905,284.7676660021534
balance,200,multistation,42,42,42,t00968-c00100,100,968,7,7,True,1,55.41004100086866,272.81220800068695,0.023624997993465513,0.012832999345846474,272.84866599802626
balance,200,multistation,42,42,42,t00970-c00133,133,970,14,14,True,1,15.917124997940846,192.73258299654117,0.03216700133634731,0.014208002539817244,192.77895800041733
balance,200,multistation,42,42,42,t00971-c00079,79,971,9,9,True,1,33.176874996570405,227.75320900109364,0.023832995793782175,0.014625002222601324,227.79166699911002
balance,200,multistation,42,42,42,t00973-c00083,83,973,6,6,True,1,51.02208300377242,520.0531670052442,0.02266599767608568,0.014291996194515377,520.0901249991148
balance,200,multistation,42,42,42,t00974-c00194,194,974,4,4,True,1,9.527875001367647,54.82250000204658,0.018917002307716757,0.0106250008684583,54.852042005222756
balance,200,multistation,42,42,42,t00975-c00006,6,975,1,1,True,1,81.59325000451645,81.59325000451645,135.95479099603835,0.023833999875932932,217.57187500043074
balance,200,multistation,42,42,42,t00975-c00194,194,975,7,7,True,1,21.591208002064377,217.4811660006526,0.12224999954923987,0.009083996701519936,217.61249999690335
balance,200,multistation,42,42,42,t00976-c00193,193,976,5,5,True,1,15.33854200533824,173.7637080004788,0.03341700357850641,0.014958000974729657,173.81208300503204
balance,200,multistation,42,42,42,t00981-c00104,104,981,3,3,True,1,117.53424999915296,196.87487500050338,41.357333000632934,0.013707998732570559,238.24591599986888
balance,200,multistation,42,42,42,t00981-c00181,181,981,6,6,True,1,17.50079200428445,238.16583300504135,0.11516699305502698,0.007417002052534372,238.2884170001489
balance,200,multistation,42,42,42,t00982-c00147,147,982,5,5,True,1,34.56120900227688,472.1509170049103,39.77550000126939,0.015166995581239462,511.94158400176093
balance,200,multistation,42,42,42,t00982-c00180,180,982,11,11,True,1,74.17275000625523,511.8572090068483,0.12599999899975955,0.008999995770864189,511.9922090016189
balance,200,multistation,42,42,42,t00983-c00180,180,983,10,10,True,1,27.90866699797334,220.0591250002617,0.03166699752910063,0.012791002518497407,220.1035830003093
balance,200,multistation,42,42,42,t00985-c00018,18,985,6,6,True,1,165.36474999884376,1110.17729100422,0.0182919975486584,0.016582998796366155,1110.212166000565
balance,200,multistation,42,42,42,t00985-c00107,107,985,7,7,True,1,42.677749996073544,929.3103340023663,180.95783299941104,0.007957998604979366,1110.2761250003823
balance,200,multistation,42,42,42,t00985-c00111,111,985,7,7,True,1,143.94683399586938,1043.8370419942657,66.43187499867054,0.0067920045694336295,1110.2757089975057
balance,200,multistation,42,42,42,t00986-c00018,18,986,7,7,True,1,89.32116700452752,658.8979170046514,37.67387499829056,0.01612499909242615,696.5879170020344
balance,200,multistation,42,42,42,t00986-c00025,25,986,5,5,True,1,42.86020900326548,626.4556250025635,70.1855000006617,0.007499998901039362,696.6486250021262
balance,200,multistation,42,42,42,t00986-c00128,128,986,6,6,True,1,116.98187499860069,696.4724170029513,0.17087499873014167,0.006708003638777882,696.6500000053202
balance,200,multistation,42,42,42,t00987-c00018,18,987,3,3,True,1,244.87075000070035,686.6657919963473,0.020291998225729913,0.015041005099192262,686.7011249996722
balance,200,multistation,42,42,42,t00987-c00128,128,987,7,7,True,1,46.31241600145586,686.6235830020742,0.11979199916822836,0.007250004273373634,686.7506250055158
balance,200,multistation,42,42,42,t00988-c00164,164,988,4,4,True,1,97.5788330033538,454.30550000310177,0.029625000024680048,0.015082994650583714,454.35020799777703
balance,200,multistation,42,42,42,t00989-c00090,90,989,3,3,True,1,191.64133400045102,842.6680839984328,58.176332997391,0.013625001884065568,900.8580419977079
balance,200,multistation,42,42,42,t00989-c00143,143,989,3,3,True,1,116.58524999802466,807.6289999953588,93.26687500288244,0.006207999831531197,900.9020829980727
balance,200,multistation,42,42,42,t00989-c00164,164,989,3,3,True,1,116.55045799852815,807.5942499999655,93.29537500161678,0.004333000106271356,900.8939580016886
balance,200,multistation,42,42,42,t00989-c00184,184,989,9,9,True,1,145.29954099998577,900.7105830023647,0.1722919987514615,0.006624999514315277,900.8895000006305
balance,200,multistation,42,42,42,t00990-c00020,20,990,4,4,True,1,100.60349999548635,410.78724999533733,0.018584003555588424,0.014707999071106315,410.820541997964
balance,200,multistation,42,42,42,t00990-c00184,184,990,9,9,True,1,25.83916600269731,410.73816600692226,0.13987499551149085,0.008417002391070127,410.8864580048248
balance,200,multistation,42,42,42,t00991-c00020,20,991,10,10,True,1,96.54170800058637,787.7497500012396,0.02195800334447995,0.0162090000230819,787.7879170046072
balance,200,multistation,42,42,42,t00992-c00070,70,992,7,7,True,1,48.10283400001936,229.90162500354927,0.02112500078510493,0.013791999663226306,229.9365420039976
balance,200,multistation,42,42,42,t00993-c00070,70,993,7,7,True,1,53.87333399994532,396.2401669996325,0.0301670006592758,0.01941599475685507,396.2897499950486
balance,200,multistation,42,42,42,t00993-c00081,81,993,13,13,True,1,53.837499996006954,396.204291995673,0.1528330030851066,0.00912499672267586,396.36624999548076
balance,200,multistation,42,42,42,t00994-c00096,96,994,8,8,True,1,24.488792005286086,275.59662500425475,0.024041997676249593,0.015333003830164671,275.63600000576116
balance,200,multistation,42,42,42,t00996-c00158,158,996,6,6,True,1,42.07570799917448,448.58804200339364,0.028957998438272625,0.01599999814061448,448.6329999999725
balance,200,multistation,42,42,42,t00997-c00158,158,997,14,14,True,1,83.64504200289957,1046.6345829991042,0.034000004234258085,0.018874998204410076,1046.6874580015428
balance,200,multistation,42,42,42,t00998-c00084,84,998,6,6,True,1,89.8203749966342,561.3725000002887,0.022708998585585505,0.016375000996049494,561.4115839998703
balance,200,multistation,42,42,42,t00998-c00194,194,998,3,3,True,1,16.568416998779867,460.2657089999411,101.18412500014529,0.006999995093792677,561.4568339951802
balance,200,multistation,42,42,42,t01001-c00114,114,1001,6,6,True,1,122.77850000100443,656.1049160009134,199.25504199636634,0.015500001609325409,855.375457998889
balance,200,multistation,42,42,42,t01001-c00182,182,1001,15,15,True,1,52.3802079987945,855.290249994141,0.14120800187811255,0.010959003702737391,855.4424169997219
balance,200,multistation,42,42,42,t01002-c00102,102,1002,4,4,True,1,22.96166699670721,165.8925840019947,0.021874999220017344,0.012124997738283128,165.926583998953
balance,200,multistation,42,42,42,t01002-c00114,114,1002,4,4,True,1,34.40112499811221,136.00541699997848,29.9584579988732,0.007124996045604348,165.97099999489728
balance,200,multistation,42,42,42,t01003-c00109,109,1003,7,7,True,1,62.443291004456114,297.0887500050594,0.0249579970841296,0.013124998076818883,297.12683300022036
balance,200,multistation,42,42,42,t01004-c00122,122,1004,6,6,True,1,28.74770799826365,172.49254099442624,0.02099999983329326,0.01091699959943071,172.52445799385896
balance,200,multistation,42,42,42,t01005-c00049,49,1005,7,7,True,1,144.60341700032586,825.8646250033053,71.72720899689011,0.016625002899672836,897.608459003095
balance,200,multistation,42,42,42,t01005-c00069,69,1005,6,6,True,1,53.27995799598284,897.5314579947735,0.11587500193854794,0.007709000783506781,897.6550419974956
balance,200,multistation,42,42,42,t01005-c00166,166,1005,7,7,True,1,144.52850000088802,825.7899169984739,71.86162500147475,0.005707996024284512,897.657249995973
balance,200,multistation,42,42,42,t01006-c00151,151,1006,6,6,True,1,15.468167002836708,252.79179200151702,0.026792004064191133,0.012999997125007212,252.83158400270622
balance,200,multistation,42,42,42,t01007-c00036,36,1007,3,3,True,1,35.14491699752398,153.10979200148722,0.017915997887030244,0.014334000297822058,153.14204199967207
balance,200,multistation,42,42,42,t01008-c00046,46,1008,6,6,True,1,213.47537499968894,713.8689589992282,0.023665998014621437,0.020375002350192517,713.912999999593
balance,200,multistation,42,42,42,t01008-c00173,173,1008,13,13,True,1,44.9535419975291,663.9309169986518,50.02541599969845,0.01416700251866132,713.9705000008689
balance,200,multistation,42,42,42,t01011-c00016,16,1011,5,5,True,1,45.64333299640566,258.30999999743653,0.016999998479150236,0.01562500256113708,258.3426249984768
balance,200,multistation,42,42,42,t01014-c00181,181,1014,6,6,True,1,35.694124999281485,212.46370899461908,0.030583003535866737,0.016833000699989498,212.51112499885494
balance,200,multistation,42,42,42,t01015-c00038,38,1015,3,3,True,1,17.614417003642302,95.46125000633765,0.015916994016151875,0.0118750031106174,95.48904200346442
balance,200,multistation,42,42,42,t01016-c00010,10,1016,15,15,True,1,20.413250000274274,281.52620799664874,0.023917004000395536,0.01599999814061448,281.56612499878975
balance,200,multistation,42,42,42,t01017-c00128,128,1017,8,8,True,1,63.371666001330595,511.74758299748646,0.027125002816319466,0.01587499718880281,511.7905829974916
balance,200,multistation,42,42,42,t01017-c00142,142,1017,3,3,True,1,16.195582997170277,334.83966600033455,176.97741700249026,0.005957997927907854,511.8230410007527
balance,200,multistation,42,42,42,t01020-c00097,97,1020,14,14,True,1,151.22587500081863,2061.8812500033528,0.03083399496972561,0.01945799886016175,2061.9315419971826
balance,200,multistation,42,42,42,t01021-c00097,97,1021,11,11,True,1,125.98083399643656,1381.1767919978593,0.03149999974993989,0.02112500078510493,1381.2294169983943
balance,200,multistation,42,42,42,t01023-c00021,21,1023,3,3,True,1,28.62308300245786,117.46137499721954,0.012708005669992417,0.012541997421067208,117.4866250003106
balance,200,multistation,42,42,42,t01026-c00125,125,1026,6,6,True,1,17.842667002696544,204.16162500623614,0.02308299735886976,0.012958997103851289,204.19766700069886
balance,200,multistation,42,42,42,t01027-c00108,108,1027,5,5,True,1,34.34766700229375,335.9903340024175,0.02237500302726403,0.012874996173195541,336.025584001618
balance,200,multistation,42,42,42,t01028-c00002,2,1028,3,3,True,1,24.28870799485594,131.12029199692188,36.69595799874514,0.011500000255182385,167.8277499959222
balance,200,multistation,42,42,42,t01028-c00057,57,1028,4,4,True,1,40.222957999503706,167.76108300109627,0.08541699935449287,0.006583002686966211,167.85308300313773
balance,200,multistation,42,42,42,t01029-c00041,41,1029,4,4,True,1,42.8968329943018,222.94404199783457,0.015457997506018728,0.012583004718180746,222.97208300005877
balance,200,multistation,42,42,42,t01030-c00041,41,1030,3,3,True,1,20.47058400057722,1500.2520840062061,376.7873749966384,0.013083001249469817,1877.052542004094
balance,200,multistation,42,42,42,t01030-c00053,53,1030,8,8,True,1,467.8872080039582,1828.8574580001296,48.24391700094566,0.009000003046821803,1877.110375004122
balance,200,multistation,42,42,42,t01030-c00096,96,1030,7,7,True,1,467.8550830067252,1567.2350830063806,309.8897499949089,0.006542002665810287,1877.1313750039553
balance,200,multistation,42,42,42,t01030-c00111,111,1030,7,7,True,1,100.41400000045542,1783.0511670035776,94.0824999997858,0.005875001079402864,1877.1395420044428
balance,200,multistation,42,42,42,t01030-c00194,194,1030,13,13,True,1,467.7925830037566,1876.8892500011134,0.2528749973862432,0.00608300615567714,1877.1482080046553
balance,200,multistation,42,42,42,t01031-c00053,53,1031,8,8,True,1,156.75604200077942,1601.1134580039652,0.02420899545541033,0.016333004168700427,1601.1540000035893
balance,200,multistation,42,42,42,t01031-c00096,96,1031,12,12,True,1,48.95408300217241,1577.9707499968936,23.233042003994342,0.010415998985990882,1601.214207999874
balance,200,multistation,42,42,42,t01031-c00111,111,1031,9,9,True,1,141.82037499995204,1549.6844169974793,51.52558300324017,0.006791997293476015,1601.216791998013
balance,200,multistation,42,42,42,t01035-c00078,78,1035,8,8,True,1,129.5714170046267,640.8400840009563,20.22745800059056,0.01266699837287888,661.0802089999197
balance,200,multistation,42,42,42,t01035-c00160,160,1035,3,3,True,1,321.8277499981923,640.7996249981807,20.308915998612065,0.006209003913681954,661.1147500007064
balance,200,multistation,42,42,42,t01035-c00166,166,1035,7,7,True,1,33.624666997639,660.9677090018522,0.1484159947722219,0.007042006473056972,661.1231670030975
balance,200,multistation,42,42,42,t01036-c00095,95,1036,3,3,True,1,108.9621659994009,329.08108300034655,38.03599999810103,0.01366700598737225,367.13075000443496
balance,200,multistation,42,42,42,t01036-c00160,160,1036,5,5,True,1,28.47916700557107,367.0525420020567,0.12362500274321064,0.006791000487282872,367.1829580052872
balance,200,multistation,42,42,42,t01039-c00039,39,1039,3,3,True,1,39.70070800278336,556.922540999949,93.74329200363718,0.012499993317760527,650.6783329969039
balance,200,multistation,42,42,42,t01039-c00092,92,1039,4,4,True,1,62.10270900191972,650.6062500047847,0.11574999371077865,0.007375005225185305,650.7293750037206
balance,200,multistation,42,42,42,t01039-c00174,174,1039,3,3,True,1,39.616250003746245,556.8385000005946,93.8781660006498,0.004916997568216175,650.7215829988127
balance,200,multistation,42,42,42,t01039-c00188,188,1039,7,7,True,1,128.63900000229478,623.0920420057373,27.61974999884842,0.005707996024284512,650.71750000061
balance,200,multistation,42,42,42,t01040-c00039,39,1040,10,10,True,1,42.22312499769032,676.0054999977001,88.40374999999767,0.0162090000230819,764.4254589977209
balance,200,multistation,42,42,42,t01040-c00046,46,1040,5,5,True,1,138.9787080042879,764.349167002365,0.11487500160001218,0.0075409989221952856,764.4715830028872
balance,200,multistation,42,42,42,t01041-c00046,46,1041,5,5,True,1,33.05345899570966,160.88179199869046,0.01695800165180117,0.012333999620750546,160.911083999963
balance,200,multistation,42,42,42,t01042-c00000,0,1042,7,7,True,1,456.51845799875446,1247.5675829991815,110.49516699858941,0.017042002582456917,1358.0797920003533
balance,200,multistation,42,42,42,t01042-c00045,45,1042,3,3,True,1,21.71700000326382,1162.4862919998122,195.63112500327406,0.0072499969974160194,1358.1246670000837
balance,200,multistation,42,42,42,t01042-c00046,46,1042,5,5,True,1,456.44179199734936,1357.9670000035549,0.14916699728928506,0.005916997906751931,1358.122083998751
balance,200,multistation,42,42,42,t01042-c00149,149,1042,8,8,True,1,48.586375000013504,1265.3781670014723,92.73337500053458,0.006708003638777882,1358.1182500056457
balance,200,multistation,42,42,42,t01043-c00197,197,1043,5,5,True,1,18.739708000794053,208.86704100121278,0.03183400258421898,0.01420799526385963,208.91308299906086
balance,200,multistation,42,42,42,t01045-c00005,5,1045,4,4,True,1,26.732332997198682,102.77295799460262,0.009957999282050878,0.010084004316013306,102.79299999820068
balance,200,multistation,42,42,42,t01046-c00145,145,1046,8,8,True,1,41.26758300117217,236.7943329954869,0.026084002456627786,0.012500000593718141,236.83291699853726
balance,200,multistation,42,42,42,t01047-c00038,38,1047,3,3,True,1,106.24120799911907,442.21749999996973,90.38016699923901,0.014540994015987962,532.6122079932247
balance,200,multistation,42,42,42,t01047-c00077,77,1047,6,6,True,1,106.20137499790872,532.5374999956694,0.13608300650957972,0.007041999197099358,532.680625001376
balance,200,multistation,42,42,42,t01048-c00038,38,1048,3,3,True,1,13.919958997576032,77.34791700204369,0.012624994269572198,0.01091699959943071,77.37145899591269
balance,200,multistation,42,42,42,t01049-c00044,44,1049,5,5,True,1,31.9783329978236,256.1232910011313,0.01904200325952843,0.014666999049950391,256.15700000344077
balance,200,multistation,42,42,42,t01050-c00016,16,1050,4,4,True,1,86.02929100015899,520.2912499953527,65.55483300326159,0.015749996236991137,585.8618329948513
balance,200,multistation,42,42,42,t01050-c00044,44,1050,5,5,True,1,36.90045900293626,585.7870839972747,0.10808300430653617,0.007041999197099358,585.9022090007784
balance,200,multistation,42,42,42,t01050-c00101,101,1050,3,3,True,1,36.862041997665074,450.1841669989517,135.71787500404753,0.0049579975893720984,585.9070000005886
balance,200,multistation,42,42,42,t01051-c00044,44,1051,12,12,True,1,66.37300000147661,1205.4428749979706,0.027041001885663718,0.017250000382773578,1205.487166000239
balance,200,multistation,42,42,42,t01051-c00101,101,1051,3,3,True,1,11.260665996815078,1004.3737500018324,201.15166599862278,0.0064589985413476825,1205.5318749989965
balance,200,multistation,42,42,42,t01052-c00067,67,1052,3,3,True,1,15.914250005153008,1541.067333004321,328.1044169998495,0.016792000678833574,1869.1885420048493
balance,200,multistation,42,42,42,t01052-c00130,130,1052,12,12,True,1,109.555957998964,1869.106208003359,0.1267079933313653,0.009292001777794212,1869.242207998468
balance,200,multistation,42,42,42,t01053-c00150,150,1053,7,7,True,1,24.639957999170292,124.73649999446934,0.01925000105984509,0.011625001206994057,124.76737499673618
balance,200,multistation,42,42,42,t01054-c00048,48,1054,8,8,True,1,134.77374999638414,607.6458749957965,18.299208997632377,0.01575000351294875,625.9608339969418
balance,200,multistation,42,42,42,t01054-c00050,50,1054,3,3,True,1,13.301999999384861,532.0544580026763,93.95179199782433,0.006832997314631939,626.0130829978152
balance,200,multistation,42,42,42,t01054-c00150,150,1054,7,7,True,1,38.424958001996856,625.8453749978798,0.16033300198614597,0.006667003617621958,626.0123750034836
balance,200,multistation,42,42,42,t01055-c00128,128,1055,3,3,True,1,15.038375000585802,727.430999999342,194.2948330033687,0.017124999430961907,921.7429580021417
balance,200,multistation,42,42,42,t01055-c00135,135,1055,5,5,True,1,85.58337500289781,921.6464170021936,0.12224999954923987,0.008291994163300842,921.7769589959062
balance,200,multistation,42,42,42,t01055-c00152,152,1055,5,5,True,1,142.84533300087787,921.6133329973673,0.15629200061084703,0.0054580013966187835,921.7750829993747
balance,200,multistation,42,42,42,t01059-c00029,29,1059,6,6,True,1,24.79454199783504,317.0646250000573,0.018541999452281743,0.014040997484698892,317.09720799699426
balance,200,multistation,42,42,42,t01060-c00021,21,1060,8,8,True,1,211.96762500039767,933.389249999891,115.60166699928232,0.013791999663226306,1049.0047089988366
balance,200,multistation,42,42,42,t01060-c00029,29,1060,6,6,True,1,31.608542005415075,1012.1085840000887,36.93458300404018,0.007541995728388429,1049.0507089998573
balance,200,multistation,42,42,42,t01060-c00119,119,1060,9,9,True,1,49.78612500417512,1048.8897920004092,0.15541700122412294,0.007499998901039362,1049.0527090005344
balance,200,multistation,42,42,42,t01062-c00120,120,1062,4,4,True,1,8.38104199647205,74.03583399718627,0.015875004464760423,0.009499999578110874,74.06120900122914
balance,200,multistation,42,42,42,t01063-c00002,2,1063,13,13,True,1,55.4544580008951,652.4340830001165,0.02016699727391824,0.016208003216888756,652.4704580006073
balance,200,multistation,42,42,42,t01066-c00091,91,1066,9,9,True,1,43.93766700377455,287.95087500475347,0.022374995751306415,0.011791998986154795,287.98504199949093
balance,200,multistation,42,42,42,t01068-c00022,22,1068,4,4,True,1,63.08391699712956,320.0311670007068,0.01608299498911947,0.012249998690094799,320.059499994386
balance,200,multistation,42,42,42,t01068-c00157,157,1068,3,3,True,1,69.64241700188722,232.83837500639493,87.25420799601125,0.0062920007621869445,320.09887500316836
balance,200,multistation,42,42,42,t01069-c00005,5,1069,7,7,True,1,15.073292001034133,75.69966700248187,0.014165998436510563,0.009959003364201635,75.72379200428259
balance,200,multistation,42,42,42,t01073-c00012,12,1073,9,9,True,1,39.38895900500938,2410.7799170014914,0.01979200169444084,0.016790996596682817,2410.8164999997825
balance,200,multistation,42,42,42,t01073-c00028,28,1073,8,8,True,1,574.6380829950795,2357.284957994125,53.57291700056521,0.009333001798950136,2410.867207996489
balance,200,multistation,42,42,42,t01073-c00062,62,1073,5,5,True,1,574.6024580002995,2357.249541004421,53.60987500171177,0.005916997906751931,2410.8653330040397
balance,200,multistation,42,42,42,t01073-c00175,175,1073,4,4,True,1,574.5646670038695,2357.2115839997423,53.642958002456,0.004374996933620423,2410.858916999132
balance,200,multistation,42,42,42,t01074-c00126,126,1074,3,3,True,1,56.08891700103413,234.79329200199572,128.89729200105648,0.015040997823234648,363.70562500087544
balance,200,multistation,42,42,42,t01074-c00133,133,1074,9,9,True,1,15.019667000160553,363.63008299667854,0.11883400293299928,0.008625000191386789,363.7575419998029
balance,200,multistation,42,42,42,t01077-c00087,87,1077,5,5,True,1,183.32995800301433,1068.2169159990735,0.024834000214468688,0.015500001609325409,1068.2572500008973
balance,200,multistation,42,42,42,t01077-c00108,108,1077,11,11,True,1,83.7952080037212,1014.0029160029371,54.3046249949839,0.009959003364201635,1068.3175000012852
balance,200,multistation,42,42,42,t01078-c00172,172,1078,3,3,True,1,194.72004099952755,545.9383749985136,0.030540999432560056,0.014375000318977982,545.9832909982651
balance,200,multistation,42,42,42,t01078-c00178,178,1078,3,3,True,1,194.68200000119396,545.9003329960979,0.1167090013041161,0.00616600300418213,546.0232080004062
balance,200,multistation,42,42,42,t01079-c00034,34,1079,4,4,True,1,140.91137499781325,492.6017920006416,0.01912500010803342,0.013083001249469817,492.6340000019991
balance,200,multistation,42,42,42,t01079-c00150,150,1079,11,11,True,1,40.2188340012799,492.5519169992185,0.1143749977927655,0.00866700429469347,492.674959001306
balance,200,multistation,42,42,42,t01080-c00043,43,1080,6,6,True,1,27.752374997362494,318.5149159980938,0.021750005544163287,0.014666999049950391,318.5513330026879
balance,200,multistation,42,42,42,t01082-c00047,47,1082,3,3,True,1,14.795417002460454,67.63495800259989,0.0106250008684583,0.009166993550024927,67.65474999701837
balance,200,multistation,42,42,42,t01084-c00082,82,1084,3,3,True,1,213.25116700609215,805.0763749997714,62.43108300259337,0.013834003766532987,867.5212920061313
balance,200,multistation,42,42,42,t01084-c00120,120,1084,3,3,True,1,213.21249999891734,805.037624995748,62.51858299947344,0.006375004886649549,867.5625830001081
balance,200,multistation,42,42,42,t01084-c00169,169,1084,4,4,True,1,38.32229100225959,867.4087500039604,0.14616599946748465,0.005875001079402864,867.5607910045073
balance,200,multistation,42,42,42,t01085-c00196,196,1085,4,4,True,1,21.7899999988731,137.8569580047042,0.022499996703118086,0.011958996765315533,137.89141699817264
balance,200,multistation,42,42,42,t01086-c00089,89,1086,5,5,True,1,20.490666000114288,210.14387500326848,0.021040999854449183,0.014874996850267053,210.1797909999732
balance,200,multistation,42,42,42,t01087-c00037,37,1087,7,7,True,1,54.365958996640984,242.7549169951817,0.017458005459047854,0.013459000911097974,242.78583400155185
balance,200,multistation,42,42,42,t01088-c00050,50,1088,7,7,True,1,46.814582994556986,367.9534999973839,0.020207997295074165,0.012583004718180746,367.98629099939717
balance,200,multistation,42,42,42,t01088-c00141,141,1088,6,6,True,1,9.96833299723221,342.4436249988503,25.581916997907683,0.00687500141793862,368.0324169981759
balance,200,multistation,42,42,42,t01089-c00050,50,1089,9,9,True,1,120.62754100043094,1553.8049579990911,0.023917004000395536,0.017291000403929502,1553.8461660034955
balance,200,multistation,42,42,42,t01089-c00093,93,1089,9,9,True,1,120.57120799727272,1553.7485829991056,0.11912499758182094,0.00758399983169511,1553.875291996519
balance,200,multistation,42,42,42,t01089-c00139,139,1089,3,3,True,1,23.440666998794768,1354.9960000018473,198.87129199923947,0.00516599538968876,1553.8724579964764
balance,200,multistation,42,42,42,t01092-c00123,123,1092,6,6,True,1,55.637750003370456,463.473250005336,0.027707996196113527,0.015584002539981157,463.5165420040721
balance,200,multistation,42,42,42,t01092-c00148,148,1092,3,3,True,1,127.49316600093152,360.8298749968526,102.71975000068778,0.007125003321561962,463.55675000086194
balance,200,multistation,42,42,42,t01092-c00176,176,1092,7,7,True,1,44.839416994364,420.8729169986327,42.68445799971232,0.007124996045604348,463.56449999439064
balance,200,multistation,42,42,42,t01093-c00081,81,1093,5,5,True,1,6.583207999938168,93.51208300358849,0.013666998711414635,0.009208000847138464,93.53495800314704
balance,200,multistation,42,42,42,t01094-c00015,15,1094,5,5,True,1,189.57795800088206,870.0219580059638,130.12087499373592,0.014000004739500582,1000.1568330044392
balance,200,multistation,42,42,42,t01094-c00062,62,1094,5,5,True,1,331.9489159985096,1000.0842500012368,0.10949999705189839,0.007458002073690295,1000.2012080003624
balance,200,multistation,42,42,42,t01094-c00077,77,1094,9,9,True,1,83.84475000639213,964.3217500051833,35.8909999995376,0.007374997949227691,1000.2201250026701
balance,200,multistation,42,42,42,t01095-c00019,19,1095,7,7,True,1,99.02083400083939,2630.6069169950206,302.8393330023391,0.014625002222601324,2933.4608749995823
balance,200,multistation,42,42,42,t01095-c00033,33,1095,4,4,True,1,136.6837919995305,2912.205749998975,21.292000004905276,0.007291993824765086,2933.505041997705
balance,200,multistation,42,42,42,t01095-c00062,62,1095,4,4,True,1,136.64949999656528,2912.1716669978923,21.323665998352226,0.005459005478769541,2933.5007920017233
balance,200,multistation,42,42,42,t01095-c00077,77,1095,10,10,True,1,493.4873329984839,2912.140250002267,21.35462500154972,0.007208000170066953,2933.5020830039866
balance,200,multistation,42,42,42,t01095-c00165,165,1095,5,5,True,1,136.58058299915865,2912.1037919976516,21.387166001659352,0.004209003236610442,2933.4951670025475
balance,200,multistation,42,42,42,t01095-c00170,170,1095,9,9,True,1,98.84966699610231,2933.2554590000655,0.23158299882197753,0.005333000444807112,2933.4923749993322
balance,200,multistation,42,42,42,t01096-c00183,183,1096,4,4,True,1,9.81583300017519,89.86629099672427,0.020334002329036593,0.010832998668774962,89.89745799772209
balance,200,multistation,42,42,42,t01097-c00183,183,1097,7,7,True,1,16.46541599620832,207.18912500160513,0.03012499655596912,0.014375000318977982,207.23362499848008
balance,200,multistation,42,42,42,t01099-c00055,55,1099,3,3,True,1,18.948167002236005,101.14004200295312,0.015082994650583714,0.009667004633229226,101.16479200223694
balance,200,multistation,42,42,42,t01102-c00071,71,1102,5,5,True,1,9.69745800102828,137.6994160018512,0.022000000171829015,0.01412499841535464,137.7355410004384
balance,200,multistation,42,42,42,t01103-c00199,199,1103,6,6,True,1,11.672708002151921,191.68633300432703,0.029124996217433363,0.011834003089461476,191.72729200363392
balance,200,multistation,42,42,42,t01104-c00007,7,1104,11,11,True,1,131.12333299795864,1100.4510420025326,65.74966599873733,0.01612499909242615,1166.2168330003624
balance,200,multistation,42,42,42,t01104-c00009,9,1104,9,9,True,1,131.08550000470132,1166.1411250024685,0.11325000377837569,0.007874994480516762,1166.2622500007274
balance,200,multistation,42,42,42,t01104-c00075,75,1104,7,7,True,1,131.05008399725193,1166.1057499950402,0.15150000399444252,0.005333997251000255,1166.2625839962857
balance,200,multistation,42,42,42,t01105-c00010,10,1105,4,4,True,1,46.93158299778588,385.4483329996583,0.014334000297822058,0.014750003174412996,385.47741700313054
balance,200,multistation,42,42,42,t01105-c00086,86,1105,3,3,True,1,78.28812499792548,270.62445799674606,114.9042079996434,0.0069590023485943675,385.53562499873806
balance,200,multistation,42,42,42,t01105-c00131,131,1105,6,6,True,1,7.917208000435494,312.8012909946847,72.73183400684502,0.005915993824601173,385.5390409953543
balance,200,multistation,42,42,42,t01106-c00010,10,1106,5,5,True,1,46.96166700159665,359.6842920014751,0.015541998436674476,0.012416006939020008,359.7122500068508
balance,200,multistation,42,42,42,t01106-c00086,86,1106,3,3,True,1,58.21095899591455,274.9534169997787,84.79791699937778,0.007165996066760272,359.75849999522325
balance,200,multistation,42,42,42,t01107-c00023,23,1107,3,3,True,1,25.448124993999954,121.38691699510673,0.013374999980442226,0.0118750031106174,121.41216699819779
balance,200,multistation,42,42,42,t01110-c00059,59,1110,5,5,True,1,24.98554199701175,198.58945900341496,0.019874998542945832,0.013124998076818883,198.62245900003472
balance,200,multistation,42,42,42,t01111-c00064,64,1111,4,4,True,1,18.058292000205256,89.9707920034416,0.01274999522138387,0.009916002454701811,89.99345800111769
balance,200,multistation,42,42,42,t01112-c00167,167,1112,12,12,True,1,41.07187500630971,370.2565420026076,0.031916002626530826,0.013459000911097974,370.30191700614523
balance,200,multistation,42,42,42,t01113-c00013,13,1113,3,3,True,1,18.33887500106357,757.3590410029283,176.70595899835462,0.01341600000159815,934.0784160012845
balance,200,multistation,42,42,42,t01113-c00187,187,1113,14,14,True,1,86.27612500276882,933.9987080020364,0.1204169966513291,0.009542003681417555,934.1286670023692
balance,200,multistation,42,42,42,t01114-c00187,187,1114,16,16,True,1,77.53916700312402,1138.2168749987613,0.039000005926936865,0.016333993698935956,1138.2722089983872
balance,200,multistation,42,42,42,t01116-c00185,185,1116,9,9,True,1,41.59100000106264,284.5491249972838,0.03229200228815898,0.01774999691406265,284.599166996486
balance,200,multistation,42,42,42,t01117-c00185,185,1117,3,3,True,1,27.355500002158806,104.3586250016233,0.0185410026460886,0.011666998034343123,104.38883300230373
balance,200,multistation,42,42,42,t01118-c00026,26,1118,5,5,True,1,25.389958995219786,1435.3699999992386,213.75204200012377,0.017958001990336925,1649.1400000013527
balance,200,multistation,42,42,42,t01118-c00130,130,1118,8,8,True,1,167.6619580030092,1649.05620799982,0.14195800031302497,0.007959002687130123,1649.20612500282
balance,200,multistation,42,42,42,t01119-c00026,26,1119,3,3,True,1,27.559583002584986,122.91054199886275,0.015000005078036338,0.011332995200064033,122.93687499914085
balance,200,multistation,42,42,42,t01120-c00026,26,1120,3,3,True,1,23.314042002311908,540.6091670010937,36.938083001587074,0.013917000615037978,577.5611670032959
balance,200,multistation,42,42,42,t01120-c00063,63,1120,11,11,True,1,53.48587500338908,577.4899169991841,0.11808300041593611,0.008916998922359198,577.6169169985224
balance,200,multistation,42,42,42,t01121-c00026,26,1121,4,4,True,1,90.77275000163354,1541.6624159988714,0.022167005226947367,0.014666999049950391,1541.6992500031483
balance,200,multistation,42,42,42,t01121-c00123,123,1121,4,4,True,1,90.73158300452633,1541.6220410043024,0.12337499356362969,0.006459005817305297,1541.7518750036834
balance,200,multistation,42,42,42,t01121-c00146,146,1121,4,4,True,1,90.70133299974259,1541.5918750004494,0.1576670038048178,0.004874993464909494,1541.754416997719
balance,200,multistation,42,42,42,t01122-c00093,93,1122,7,7,True,1,40.285000002768356,261.14912499906495,40.74804200354265,0.014375000318977982,301.9115420029266
balance,200,multistation,42,42,42,t01122-c00146,146,1122,4,4,True,1,62.20979100180557,301.8310410043341,0.11041700054192916,0.006041998858563602,301.9475000037346
balance,200,multistation,42,42,42,t01123-c00015,15,1123,7,7,True,1,141.8182919951505,503.88179199944716,44.246957993891556,0.014042001566849649,548.1427919949056
balance,200,multistation,42,42,42,t01123-c00172,172,1123,7,7,True,1,64.98987499799114,548.0573749955511,0.11854100011987612,0.00825000461190939,548.1841660002829
balance,200,multistation,42,42,42,t01124-c00033,33,1124,7,7,True,1,109.66820800240384,752.2476250014734,56.34108300000662,0.013666998711414635,808.6023750001914
balance,200,multistation,42,42,42,t01124-c00043,43,1124,5,5,True,1,35.33158399659442,808.5279169972637,0.12041700392728671,0.006832997314631939,808.6551669985056
balance,200,multistation,42,42,42,t01124-c00172,172,1124,4,4,True,1,154.89208299550228,661.7584169944166,146.88804100296693,0.005583999154623598,808.6520419965382
balance,200,multistation,42,42,42,t01125-c00033,33,1125,7,7,True,1,45.65720800019335,386.36258299811743,0.021208004909567535,0.014792000001762062,386.39858300302876
balance,200,multistation,42,42,42,t01125-c00171,171,1125,3,3,True,1,140.14937500178348,334.89433400245616,51.54991599556524,0.006709000444971025,386.4509589984664
balance,200,multistation,42,42,42,t01126-c00116,116,1126,8,8,True,1,14.830457999778446,138.07429099688306,0.022166997950989753,0.013000004400964826,138.10945799923502
balance,200,multistation,42,42,42,t01127-c00116,116,1127,4,4,True,1,22.894416993949562,115.72841699671699,0.013917000615037978,0.010249998013023287,115.75258399534505
balance,200,multistation,42,42,42,t01128-c00113,113,1128,3,3,True,1,11.357750001479872,33.25258300174028,0.011583993909880519,0.008416005584876984,33.272583001235034
balance,200,multistation,42,42,42,t01129-c00050,50,1129,10,10,True,1,43.96912499942118,356.7991659947438,0.02262500493088737,0.015208999684546143,356.83699999935925
balance,200,multistation,42,42,42,t01130-c00068,68,1130,9,9,True,1,146.54745900043054,820.4277919940068,0.02604200562927872,0.016332996892742813,820.4701669965289
balance,200,multistation,42,42,42,t01130-c00086,86,1130,8,8,True,1,37.90974999719765,718.8810410007136,101.62620899791364,0.009208000847138464,820.5164579994744
balance,200,multistation,42,42,42,t01130-c00104,104,1130,9,9,True,1,49.38154199771816,820.3504170014639,0.15612499555572867,0.007000002369750291,820.5135419993894
balance,200,multistation,42,42,42,t01131-c00005,5,1131,6,6,True,1,15.796291001606733,88.21462500054622,0.01200000406242907,0.009499999578110874,88.23612500418676
balance,200,multistation,42,42,42,t01132-c00005,5,1132,5,5,True,1,6.523208001453895,37.39750000386266,0.008957998943515122,0.008084003638941795,37.41454200644512
balance,200,multistation,42,42,42,t01133-c00108,108,1133,6,6,True,1,87.78691699990304,579.615125003329,0.022374995751306415,0.01412499841535464,579.6516249974957
balance,200,multistation,42,42,42,t01135-c00136,136,1135,3,3,True,1,82.25529199989978,309.4147919982788,173.31054100213805,0.015291996533051133,482.7406249969499
balance,200,multistation,42,42,42,t01135-c00192,192,1135,9,9,True,1,39.30699999909848,482.6530409991392,0.11029199959011748,0.009208000847138464,482.77254099957645
balance,200,multistation,42,42,42,t01138-c00005,5,1138,3,3,True,1,4.348084003140684,35.15687500475906,0.008958995749708265,0.009250004950445145,35.17508400545921
balance,200,multistation,42,42,42,t01140-c00075,75,1140,7,7,True,1,53.53266600286588,250.11312500282656,0.02274999860674143,0.014666002243757248,250.15054100367706
balance,200,multistation,42,42,42,t01141-c00018,18,1141,5,5,True,1,226.6695409998647,745.042791000742,198.16879199788673,0.014042001566849649,943.2256250001956
balance,200,multistation,42,42,42,t01141-c00058,58,1141,4,4,True,1,106.30250000394881,943.1509589994675,0.11508300667628646,0.007832997653167695,943.273875003797
balance,200,multistation,42,42,42,t01141-c00139,139,1141,10,10,True,1,71.88266699813539,889.0562919987133,54.21641599969007,0.007709000783506781,943.2804169991869
balance,200,multistation,42,42,42,t01142-c00030,30,1142,5,5,True,1,32.21754200058058,109.90487500384916,0.015749996236991137,0.010792005923576653,109.93141700600972
balance,200,multistation,42,42,42,t01143-c00127,127,1143,4,4,True,1,65.02279200503835,297.92433400143636,0.023250002413988113,0.012832999345846474,297.9604170031962
balance,200,multistation,42,42,42,t01144-c00094,94,1144,6,6,True,1,263.3457499978249,2016.0437910017208,0.02508400211809203,0.01612499909242615,2016.0850000029313
balance,200,multistation,42,42,42,t01144-c00121,121,1144,6,6,True,1,20.35404200432822,1770.3977920027683,245.73599999712314,0.007500006176996976,2016.1412920060684
balance,200,multistation,42,42,42,t01144-c00124,124,1144,6,6,True,1,263.2715419968008,2015.9695420006756,0.16529199638171121,0.005750000127591193,2016.1405839971849
balance,200,multistation,42,42,42,t01145-c00040,40,1145,3,3,True,1,96.92941699904623,438.8965000034659,153.66520899988245,0.013790995581075549,592.5754999989294
balance,200,multistation,42,42,42,t01145-c00094,94,1145,5,5,True,1,87.99333299975842,592.5075419945642,0.10045800445368513,0.007208000170066953,592.615207999188
balance,200,multistation,42,42,42,t01146-c00156,156,1146,9,9,True,1,67.5502499943832,683.661041999585,0.030707997211720794,0.015375000657513738,683.7071249974542
balance,200,multistation,42,42,42,t01151-c00023,23,1151,4,4,True,1,67.37587499810616,318.181332993845,0.01741700543789193,0.017250000382773578,318.21599999966566
balance,200,multistation,42,42,42,t01153-c00162,162,1153,13,13,True,1,35.54950000398094,432.0003750035539,0.0314170029014349,0.016041994967963547,432.0478340014233
balance,200,multistation,42,42,42,t01156-c00179,179,1156,3,3,True,1,20.794834003027063,73.00762500381097,0.026249996153637767,0.012625001545529813,73.04650000151014
balance,200,multistation,42,42,42,t01157-c00144,144,1157,3,3,True,1,18.898166999861132,106.13324999576434,0.02316699828952551,0.011708005331456661,106.16812499938533
balance,200,multistation,42,42,42,t01158-c00105,105,1158,3,3,True,1,25.530290993629023,408.41045799606945,114.65095799940173,0.015459001588169485,523.0768749970593
balance,200,multistation,42,42,42,t01158-c00137,137,1158,7,7,True,1,58.194083998387214,431.4606249972712,91.66087500489084,0.008708993846084923,523.1302089960082
balance,200,multistation,42,42,42,t01158-c00144,144,1158,4,4,True,1,110.44416599906981,522.9604580017622,0.1584999990882352,0.005707996024284512,523.1246659968747
balance,200,multistation,42,42,42,t01159-c00001,1,1159,3,3,True,1,22.85012500215089,122.08279100013897,0.011667005310300738,0.01245799649041146,122.10691600193968
balance,200,multistation,42,42,42,t01160-c00119,119,1160,10,10,True,1,130.3903750012978,1040.296582999872,0.02995799877680838,0.018834005459211767,1040.345375004108
balance,200,multistation,42,42,42,t01160-c00171,171,1160,7,7,True,1,130.35245799983386,973.7183329998516,66.6878749980242,0.0070829992182552814,1040.413290997094
balance,200,multistation,42,42,42,t01161-c00119,119,1161,10,10,True,1,32.967749997624196,259.8260829981882,0.025417000870220363,0.014833000022917986,259.86633299908135
balance,200,multistation,42,42,42,t01161-c00195,195,1161,0,0,False,0,,,,,
balance,200,multistation,42,42,42,t01162-c00195,195,1162,13,13,True,1,95.90795800613705,845.9369580014027,0.03716700302902609,0.016707999748177826,845.9908330041799
balance,200,multistation,42,42,42,t01163-c00114,114,1163,9,9,True,1,21.422500001790468,185.75441699795192,0.026583002181723714,0.013459000911097974,185.79445900104474
balance,200,multistation,42,42,42,t01164-c00073,73,1164,3,3,True,1,36.59433400025591,230.04329200193752,0.020374995074234903,0.013042001228313893,230.07670899824006
balance,200,multistation,42,42,42,t01165-c00074,74,1165,8,8,True,1,13.937292002083268,125.0168750048033,0.015749996236991137,0.010374998964834958,125.04300000000512
balance,200,multistation,42,42,42,t01166-c00125,125,1166,7,7,True,1,46.66466599883279,230.02233300212538,0.024499997380189598,0.012750002497341484,230.0595830020029
balance,200,multistation,42,42,42,t01167-c00125,125,1167,9,9,True,1,94.27016699919477,1092.8007920010714,150.35604200238595,0.017915997887030244,1243.1747500013444
balance,200,multistation,42,42,42,t01167-c00187,187,1167,6,6,True,1,270.73429099982604,1243.084000001545,0.12529100058600307,0.007499998901039362,1243.216791001032
balance,200,multistation,42,42,42,t01168-c00187,187,1168,6,6,True,1,59.45479199726833,756.0782919972553,0.031833005778025836,0.0195419997908175,756.1296670028241
balance,200,multistation,42,42,42,t01169-c00080,80,1169,3,3,True,1,53.28641600499395,433.57470800401643,92.27337499760324,0.01266699837287888,525.8607499999925
balance,200,multistation,42,42,42,t01169-c00103,103,1169,4,4,True,1,121.53283299994655,525.7825420048903,0.10724999447120354,0.007125003321561962,525.896917002683
balance,200,multistation,42,42,42,t01169-c00136,136,1169,4,4,True,1,121.49645899626194,525.7461669971235,0.1520000005257316,0.005125002644490451,525.9032920002937
balance,200,multistation,42,42,42,t01170-c00041,41,1170,4,4,True,1,553.4832909979741,2859.7762909994344,0.022959000489208847,0.016457997844554484,2859.815707997768
balance,200,multistation,42,42,42,t01170-c00103,103,1170,4,4,True,1,553.4460420021787,2859.7390829963842,0.112292000267189,0.006458001735154539,2859.8578329983866
balance,200,multistation,42,42,42,t01170-c00154,154,1170,8,8,True,1,76.33466699917335,2445.7565839984454,414.1043330018874,0.007791997632011771,2859.868708997965
balance,200,multistation,42,42,42,t01170-c00177,177,1170,5,5,True,1,553.379541997856,2859.672791993944,0.18291700689587742,0.0047909998102113605,2859.86050000065
balance,200,multistation,42,42,42,t01171-c00053,53,1171,10,10,True,1,32.235999999102205,546.947333998105,46.65858299995307,0.014875004126224667,593.6207920021843
balance,200,multistation,42,42,42,t01171-c00057,57,1171,6,6,True,1,78.13508300023386,593.5460830005468,0.10350000229664147,0.00687500141793862,593.6564580042614
balance,200,multistation,42,42,42,t01171-c00177,177,1171,9,9,True,1,32.15566700237105,546.8672920032986,46.78029099886771,0.005374997272156179,593.6529579994385
balance,200,multistation,42,42,42,t01173-c00190,190,1173,7,7,True,1,36.83383300085552,173.54170799808344,0.029082999390084296,0.01270900247618556,173.5834999999497
balance,200,multistation,42,42,42,t01174-c00106,106,1174,8,8,True,1,16.713625002012122,191.92199999815784,0.02416700590401888,0.013416996807791293,191.95958400086965
balance,200,multistation,42,42,42,t01175-c00191,191,1175,5,5,True,1,51.62812500202563,342.8901669976767,0.03145800292259082,0.014708995877299458,342.9363339964766
balance,200,multistation,42,42,42,t01178-c00153,153,1178,1,1,True,1,25.203332996170502,25.203332996170502,0.011250005627516657,0.00733299384592101,25.22191599564394
balance,200,multistation,42,42,42,t01179-c00065,65,1179,5,5,True,1,14.444666005147155,182.4795830034418,29.282082999998238,0.01270900247618556,211.77437500591623
balance,200,multistation,42,42,42,t01179-c00186,186,1179,4,4,True,1,53.00295800407184,211.69720800389769,0.11270799586782232,0.007167000148911029,211.81708299991442
balance,200,multistation,42,42,42,t01180-c00172,172,1180,3,3,True,1,44.54099999566097,191.05791699985275,0.029374998121056706,0.01391599653288722,191.1012079945067
balance,200,multistation,42,42,42,t01184-c00102,102,1184,6,6,True,1,34.70037499937462,251.30179199913982,0.02462499833200127,0.014333003491628915,251.34075000096345
balance,200,multistation,42,42,42,t01184-c00162,162,1184,3,3,True,1,14.01616699877195,190.96087499929126,60.41266700049164,0.0070829992182552814,251.38062499900116
balance,200,multistation,42,42,42,t01185-c00162,162,1185,12,12,True,1,33.70833300141385,540.440042001137,81.36866600398207,0.017041995306499302,621.8257500004256
balance,200,multistation,42,42,42,t01185-c00198,198,1185,4,4,True,1,107.06604200095171,621.7367919962271,0.13279200356919318,0.00695799826644361,621.8765419980627
balance,200,multistation,42,42,42,t01186-c00069,69,1186,4,4,True,1,59.42704100016272,295.09395800414495,0.020791994757018983,0.013707998732570559,295.12845799763454
balance,200,multistation,42,42,42,t01186-c00107,107,1186,7,7,True,1,24.195666999730747,229.65058300178498,65.51916700118454,0.008082999556791037,295.1778330025263
balance,200,multistation,42,42,42,t01186-c00162,162,1186,0,0,False,0,,,,,
balance,200,multistation,42,42,42,t01187-c00162,162,1187,3,3,True,1,22.325375000946224,131.50070799747482,0.022750005882699043,0.01091699959943071,131.53437500295695
balance,200,multistation,42,42,42,t01189-c00137,137,1189,7,7,True,1,19.31033299479168,95.81533299933653,0.025082998035941273,0.014666999049950391,95.85508299642242
balance,200,multistation,42,42,42,t01190-c00157,157,1190,8,8,True,1,31.385417001729365,171.28224999760278,0.0225000039790757,0.011416996130719781,171.31616699771257
balance,200,multistation,42,42,42,t01191-c00004,4,1191,6,6,True,1,66.97837499814341,846.7989169948851,154.83337500336347,0.01612499909242615,1001.648416997341
balance,200,multistation,42,42,42,t01191-c00056,56,1191,4,4,True,1,202.6186669972958,1001.5700000003562,0.12549999519251287,0.007125003321561962,1001.7026249988703
balance,200,multistation,42,42,42,t01191-c00180,180,1191,3,3,True,1,81.11887500126613,514.5615420042304,487.1338749944698,0.0056249991757795215,1001.701041997876
balance,200,multistation,42,42,42,t01192-c00004,4,1192,9,9,True,1,110.92333299893653,718.0640000005951,0.018415994418319315,0.018500002624932677,718.1009159976384
balance,200,multistation,42,42,42,t01193-c00079,79,1193,5,5,True,1,44.0723749998142,224.07745899545262,0.021333005861379206,0.013707998732570559,224.11250000004657
balance,200,multistation,42,42,42,t01193-c00090,90,1193,3,3,True,1,15.231834004225675,138.14862500294112,85.99912499630591,0.007417002052534372,224.15516700129956
balance,200,multistation,42,42,42,t01195-c00027,27,1195,3,3,True,1,9.294208000937942,87.63187500153435,0.010042000212706625,0.008791001164354384,87.65070800291141
balance,200,multistation,42,42,42,t01196-c00117,117,1196,11,11,True,1,103.76512500079116,432.3492500043358,0.028624999686144292,0.01462499494664371,432.39249999896856
balance,200,multistation,42,42,42,t01196-c00159,159,1196,5,5,True,1,23.165042002801783,365.2120000042487,67.21999999717809,0.007333997928071767,432.43933399935486
balance,200,multistation,42,42,42,t01197-c00035,35,1197,8,8,True,1,35.881374999007676,225.30970799562056,0.01937500201165676,0.01266699837287888,225.3417499960051
balance,200,multistation,42,42,42,t01197-c00049,49,1197,3,3,True,1,84.77908399800071,200.6840839967481,24.682541006768588,0.006541995389852673,225.37316699890653
balance,200,multistation,42,42,42,t01201-c00129,129,1201,7,7,True,1,65.8775840056478,601.7890840012114,0.024916000256780535,0.013917000615037978,601.8279170020833
balance,200,multistation,42,42,42,t01202-c00003,3,1202,7,7,True,1,85.53116700204555,434.02208400220843,0.016375000996049494,0.013999997463542968,434.052459000668
balance,200,multistation,42,42,42,t01203-c00088,88,1203,3,3,True,1,140.12424999964423,7491.431374997774,358.8706660011667,0.015167002857197076,7850.317208001798
balance,200,multistation,42,42,42,t01203-c00092,92,1203,4,4,True,1,140.08512500004144,7832.714208998368,17.636541000683792,0.0064589985413476825,7850.357208997593
balance,200,multistation,42,42,42,t01203-c00096,96,1203,5,5,True,1,364.1152499985765,7798.132750001969,52.215333002095576,0.005916997906751931,7850.354000001971
balance,200,multistation,42,42,42,t01203-c00118,118,1203,7,7,True,1,216.63804099807749,7798.098624996783,52.25670800427906,0.005292000423651189,7850.3606250014855
balance,200,multistation,42,42,42,t01203-c00140,140,1203,3,3,True,1,139.98354200157337,7491.290666999703,359.0543750033248,0.004374996933620423,7850.349416999961
balance,200,multistation,42,42,42,t01203-c00170,170,1203,7,7,True,1,164.10316599649377,7850.104915996781,0.23304200294660404,0.005541995051316917,7850.3434999947785
balance,200,multistation,42,42,42,t01203-c00186,186,1203,3,3,True,1,139.92070899985265,7491.227792001155,359.1013329933048,0.003625005774665624,7850.332750000234
balance,200,multistation,42,42,42,t01204-c00096,96,1204,5,5,True,1,64.92983399948571,673.3845839989954,0.025583001843187958,0.01608299498911947,673.4262499958277
balance,200,multistation,42,42,42,t01204-c00138,138,1204,3,3,True,1,64.89345800218871,673.3487080055056,0.09841699647950009,0.0054580013966187835,673.4525830033817
balance,200,multistation,42,42,42,t01205-c00060,60,1205,7,7,True,1,77.15733299846761,307.91224999848055,0.02154200046788901,0.01562500256113708,307.9494170015096
balance,200,multistation,42,42,42,t01206-c00112,112,1206,7,7,True,1,50.82525000034366,246.01804200210609,0.022790998627897352,0.011500000255182385,246.05233300098917
balance,200,multistation,42,42,42,t01207-c00023,23,1207,6,6,True,1,73.49954200617503,1349.166708001576,0.018541999452281743,0.017167003534268588,1349.2024170045624
balance,200,multistation,42,42,42,t01207-c00144,144,1207,4,4,True,1,411.8710420007119,1174.5120420018793,174.7222909980337,0.007834001735318452,1349.2421670016483
balance,200,multistation,42,42,42,t01207-c00193,193,1207,3,3,True,1,411.8350829958217,1174.4760000001406,174.75983299664222,0.005333000444807112,1349.2411659972277
balance,200,multistation,42,42,42,t01208-c00178,178,1208,3,3,True,1,5.878791002032813,72.01816599990707,0.015292003809008747,0.008417002391070127,72.04187500610715
balance,200,multistation,42,42,42,t01209-c00017,17,1209,9,9,True,1,35.3775420007878,220.7804169956944,0.017666003259364516,0.01454199809813872,220.8126249970519
balance,200,multistation,42,42,42,t01211-c00041,41,1211,3,3,True,1,39.65933300059987,146.78208300028928,0.017916994693223387,0.013958000636193901,146.8139579956187
balance,200,multistation,42,42,42,t01214-c00051,51,1214,3,3,True,1,36.08291599812219,257.75729099405,144.26645900675794,0.011665993952192366,402.0354159947601
balance,200,multistation,42,42,42,t01214-c00149,149,1214,7,7,True,1,15.068958004121669,401.95891699841013,0.10425000073155388,0.0070829992182552814,402.07024999835994
balance,200,multistation,42,42,42,t01215-c00149,149,1215,3,3,True,1,81.0090000013588,225.22545800165972,0.01774999691406265,0.01012500433716923,225.25333300291095
balance,200,multistation,42,42,42,t01215-c00184,184,1215,7,7,True,1,26.330957996833604,162.87891599495197,62.39083400578238,0.006665999535471201,225.27641600026982
balance,200,multistation,42,42,42,t01217-c00160,160,1217,7,7,True,1,27.967542002443224,112.76720900059445,0.021291001758072525,0.010666997695807368,112.79916700004833
balance,200,multistation,42,42,42,t01218-c00160,160,1218,6,6,True,1,247.63658399751876,548.0129589996068,0.03191599535057321,0.015167002857197076,548.0600419978146
balance,200,multistation,42,42,42,t01218-c00174,174,1218,4,4,True,1,247.59629199979827,547.9719590002787,0.14283299969974905,0.006374997610691935,548.1211669975892
balance,200,multistation,42,42,42,t01219-c00157,157,1219,5,5,True,1,69.82279200019548,329.39320899458835,0.027082998713012785,0.014542005374096334,329.43483399867546
balance,200,multistation,42,42,42,t01219-c00160,160,1219,6,6,True,1,30.135540997434873,272.9882080020616,56.483832995581906,0.007250004273373634,329.47929100191686
balance,200,multistation,42,42,42,t01220-c00011,11,1220,5,5,True,1,13.337666001461912,204.18441599758808,0.013374999980442226,0.01083400275092572,204.20862500031944
balance,200,multistation,42,42,42,t01222-c00154,154,1222,6,6,True,1,75.25549999991199,659.4988750002813,0.029999995604157448,0.015833000361453742,659.5447079962469
balance,200,multistation,42,42,42,t01223-c00100,100,1223,8,8,True,1,107.0430830004625,783.0094159944565,0.026166999305132776,0.01512500602984801,783.0507079997915
balance,200,multistation,42,42,42,t01223-c00122,122,1223,7,7,True,1,168.45854200073518,759.2299169991747,23.8672499981476,0.007833004929125309,783.1050000022515
balance,200,multistation,42,42,42,t01223-c00142,142,1223,3,3,True,1,260.00425000529503,759.1961250000168,23.9000000001397,0.00462500611320138,783.1007500062697
balance,200,multistation,42,42,42,t01223-c00154,154,1223,3,3,True,1,73.1649160006782,685.8582080021733,97.22958299971651,0.0048340007197111845,783.0926250026096
balance,200,multistation,42,42,42,t01224-c00100,100,1224,5,5,True,1,8.321499997691717,81.96595800109208,0.01454199809813872,0.009707997378427535,81.99020799656864
balance,200,multistation,42,42,42,t01225-c00166,166,1225,5,5,True,1,10.791583001264371,54.91091599833453,0.01408400567015633,0.008332994184456766,54.933332998189144
balance,200,multistation,42,42,42,t01226-c00076,76,1226,4,4,True,1,55.71137499646284,260.1543330019922,0.02045899600489065,0.012290998711250722,260.18708299670834
balance,200,multistation,42,42,42,t01227-c00163,163,1227,5,5,True,1,49.82470899994951,261.81558400276117,0.02112500078510493,0.009832998330239207,261.8465420018765
balance,200,multistation,42,42,42,t01229-c00118,118,1229,4,4,True,1,33.11395800119499,134.89654099976178,0.015209006960503757,0.010082992957904935,134.9218329996802
balance,200,multistation,42,42,42,t01230-c00118,118,1230,3,3,True,1,451.2151660019299,871.1724579989095,298.1068330045673,0.013791999663226306,1169.29308300314
balance,200,multistation,42,42,42,t01230-c00147,147,1230,3,3,True,1,528.0640839991975,883.1104589989991,286.2094160009292,0.006541995389852673,1169.3264169953181
balance,200,multistation,42,42,42,t01230-c00198,198,1230,6,6,True,1,451.14204099809285,1169.1788329990231,0.16041700291680172,0.006499998562503606,1169.3457500005024
balance,200,multistation,42,42,42,t01231-c00147,147,1231,8,8,True,1,34.992749999219086,196.75358400127152,0.02579099964350462,0.014042001566849649,196.79341700248187
balance,200,multistation,42,42,42,t01234-c00052,52,1234,3,3,True,1,35.06362500047544,410.0881659978768,0.01937500201165676,0.01416700251866132,410.1217080024071
balance,200,multistation,42,42,42,t01234-c00067,67,1234,3,3,True,1,35.02383299928624,410.0482909998391,0.11249999806750566,0.006624999514315277,410.1674159974209
balance,200,multistation,42,42,42,t01235-c00143,143,1235,5,5,True,1,57.36875000002328,323.38704200083157,34.00220799812814,0.012333002814557403,357.40158300177427
balance,200,multistation,42,42,42,t01235-c00194,194,1235,5,5,True,1,57.32670900033554,357.32020899740746,0.10641600238159299,0.006374997610691935,357.43299999739975
balance,200,multistation,42,42,42,t01236-c00096,96,1236,3,3,True,1,12.413917000230867,92.44691700587282,0.013540993677452207,0.010375006240792572,92.47083300579106
balance,200,multistation,42,42,42,t01236-c00194,194,1236,3,3,True,1,5.023625002650078,69.80579100491013,22.674791995086707,0.006333000783342868,92.48691600078018
balance,200,multistation,42,42,42,t01237-c00099,99,1237,3,3,True,1,6.98904200544348,75.03183300286764,0.014500001270789653,0.0109999964479357,75.05733300058637
balance,200,multistation,42,42,42,t01238-c00101,101,1238,4,4,True,1,22.398500004783273,91.77441600331804,0.014874996850267053,0.009292001777794212,91.7985830019461
balance,200,multistation,42,42,42,t01239-c00045,45,1239,9,9,True,1,31.598207999195438,223.34679200139362,0.017291000403929502,0.011791998986154795,223.3758750007837
balance,200,multistation,42,42,42,t01240-c00045,45,1240,10,10,True,1,30.409334001888055,228.02795900497586,0.019999999494757503,0.012832999345846474,228.06079200381646
balance,200,multistation,42,42,42,t01242-c00081,81,1242,9,9,True,1,17.536583000037353,122.04004100203747,0.017624995962250978,0.01233400689670816,122.07000000489643
balance,200,multistation,42,42,42,t01243-c00081,81,1243,7,7,True,1,13.379290998273063,71.87720799993258,0.01237499964190647,0.008957998943515122,71.898540998518
balance,200,multistation,42,42,42,t01244-c00113,113,1244,6,6,True,1,4.186124999250751,54.89320899505401,0.01491600414738059,0.010124997061211616,54.9182499962626
balance,200,multistation,42,42,42,t01245-c00128,128,1245,12,12,True,1,32.10637500160374,376.28733400197234,0.028791000659111887,0.013833996490575373,376.329958999122
balance,200,multistation,42,42,42,t01246-c00128,128,1246,12,12,True,1,44.652208998741116,341.1306250054622,0.029124996217433363,0.013958997442387044,341.173708999122
balance,200,multistation,42,42,42,t01247-c00128,128,1247,12,12,True,1,41.54329099401366,496.76241599809146,0.027834001230075955,0.014582998119294643,496.8048329974408
balance,200,multistation,42,42,42,t01249-c00112,112,1249,7,7,True,1,30.947582999942824,158.89791600056924,0.022833999537397176,0.012249998690094799,158.93299999879673
balance,200,multistation,42,42,42,t01250-c00020,20,1250,11,11,True,1,40.10558300069533,433.2270420054556,0.02099999983329326,0.015457997506018728,433.2635000027949
balance,200,multistation,42,42,42,t01253-c00047,47,1253,7,7,True,1,32.80454200285021,138.8481670001056,0.014083001588005573,0.009999996109399945,138.872249997803
balance,200,multistation,42,42,42,t01254-c00072,72,1254,5,5,True,1,64.40670899610268,538.3163340011379,0.022374995751306415,0.01345800410490483,538.3521670009941
balance,200,multistation,42,42,42,t01255-c00000,0,1255,6,6,True,1,30.74229200137779,198.12995900429087,0.012874996173195541,0.023665998014621437,198.16649999847868
balance,200,multistation,42,42,42,t01257-c00025,25,1257,3,3,True,1,17.33737500035204,258.91675000457326,0.01920799695653841,0.016707999748177826,258.952666001278
balance,200,multistation,42,42,42,t01257-c00175,175,1257,3,3,True,1,17.287750000832602,258.8677919993643,0.13166700227884576,0.005750000127591193,259.0052090017707
balance,200,multistation,42,42,42,t01258-c00025,25,1258,3,3,True,1,203.34162499784725,907.648499996867,53.345667001849506,0.011916999937966466,961.0060839986545
balance,200,multistation,42,42,42,t01258-c00038,38,1258,8,8,True,1,20.378374996653292,960.9398749962565,0.08966700261225924,0.008000002708286047,961.0375420015771
balance,200,multistation,42,42,42,t01258-c00158,158,1258,3,3,True,1,203.25799999409355,907.5652079991414,53.463291995285545,0.003958004526793957,961.0324579989538
balance,200,multistation,42,42,42,t01258-c00175,175,1258,7,7,True,1,55.982999998377636,907.5337079993915,53.48895899805939,0.005125002644490451,961.0277920000954
balance,200,multistation,42,42,42,t01259-c00043,43,1259,3,3,True,1,22.034583002096042,118.68545800098218,0.014625002222601324,0.010584000847302377,118.71066700405208
balance,200,multistation,42,42,42,t01259-c00142,142,1259,1,1,True,1,61.668791000556666,61.668791000556666,57.0592919975752,0.005250003596302122,118.73333300172817
balance,200,multistation,42,42,42,t01260-c00113,113,1260,7,7,True,1,20.635541004594415,737.1795830040355,0.025999994250014424,0.014542005374096334,737.2201250036596
balance,200,multistation,42,42,42,t01260-c00144,144,1260,5,5,True,1,121.85037499875762,721.8311670003459,15.429708000738174,0.008041999535635114,737.2689170006197
balance,200,multistation,42,42,42,t01261-c00054,54,1261,6,6,True,1,117.59979199996451,529.7383329962031,0.022416999854613096,0.01654199877521023,529.7772919948329
balance,200,multistation,42,42,42,t01262-c00082,82,1262,4,4,True,1,14.95062500180211,429.4067079972592,89.13687500171363,0.013042001228313893,518.5566250002012
balance,200,multistation,42,42,42,t01262-c00101,101,1262,5,5,True,1,67.01670899929013,367.0265000037034,151.56770899920957,0.006750000466126949,518.6009590033791
balance,200,multistation,42,42,42,t01262-c00147,147,1262,6,6,True,1,58.295374998124316,518.4431250017951,0.14725000073667616,0.004958994395565242,518.5953339969274
balance,200,multistation,42,42,42,t01263-c00082,82,1263,5,5,True,1,12.900875000923406,552.4407920020167,83.36154199787416,0.014583005395252258,635.8169170052861
balance,200,multistation,42,42,42,t01263-c00132,132,1263,8,8,True,1,73.58429199666716,635.739207995357,0.10579200170468539,0.008000002708286047,635.85299999977
balance,200,multistation,42,42,42,t01264-c00132,132,1264,5,5,True,1,55.26112500228919,328.2820829990669,0.027084002795163542,0.014083001588005573,328.3232500034501
balance,200,multistation,42,42,42,t01264-c00182,182,1264,3,3,True,1,55.22408400429413,328.24516700202366,0.11575000098673627,0.007125003321561962,328.36804200633196
balance,200,multistation,42,42,42,t01265-c00148,148,1265,3,3,True,1,83.63712500431575,285.49441599898273,0.024209002731367946,0.016165999113582075,285.5347910008277
balance,200,multistation,42,42,42,t01265-c00182,182,1265,8,8,True,1,31.209249995299615,229.26504199858755,56.30820799706271,0.007875001756474376,285.58112499740673
balance,200,multistation,42,42,42,t01266-c00115,115,1266,8,8,True,1,17.542542002047412,421.84083300526254,28.01908399851527,0.014083001588005573,449.8740000053658
balance,200,multistation,42,42,42,t01266-c00182,182,1266,7,7,True,1,58.02995799604105,449.7887079996872,0.11883399565704167,0.008000002708286047,449.9155419980525
balance,200,multistation,42,42,42,t01269-c00049,49,1269,6,6,True,1,12.351625002338551,126.58587499754503,0.01929200516315177,0.013625001884065568,126.61879200459225
balance,200,multistation,42,42,42,t01271-c00012,12,1271,7,7,True,1,171.49066700221738,1064.9168750023819,0.01641699782339856,0.014083001588005573,1064.9473750017933
balance,200,multistation,42,42,42,t01271-c00076,76,1271,4,4,True,1,171.45195900229737,959.3142090016045,105.65933299949393,0.005542002327274531,1064.9790840034257
balance,200,multistation,42,42,42,t01271-c00118,118,1271,4,4,True,1,780.8882080062176,1037.3684160003904,27.596874999289867,0.0046670029405504465,1064.9699580026208
balance,200,multistation,42,42,42,t01272-c00083,83,1272,6,6,True,1,60.53495899686823,347.1553749986924,0.020958999812137336,0.012582997442223132,347.1889169959468
balance,200,multistation,42,42,42,t01273-c00034,34,1273,9,9,True,1,79.80437499645632,540.7168749952689,0.022416003048419952,0.015792000340297818,540.7550829986576
balance,200,multistation,42,42,42,t01273-c00036,36,1273,3,3,True,1,135.1502499965136,367.28579200280365,173.50358299881918,0.006083995685912669,540.7954589973087
balance,200,multistation,42,42,42,t01273-c00084,84,1273,4,4,True,1,53.63612499786541,540.6426659974386,0.1409169999533333,0.005542002327274531,540.7891249997192
balance,200,multistation,42,42,42,t01274-c00173,173,1274,7,7,True,1,31.076249993930105,256.1977079967619,0.028458001906983554,0.013500000932253897,256.23966599960113
balance,200,multistation,42,42,42,t01275-c00173,173,1275,8,8,True,1,43.89137500402285,227.32337500201538,0.02787500125123188,0.011541000276338309,227.36279100354295
balance,200,multistation,42,42,42,t01276-c00133,133,1276,5,5,True,1,23.131916001148056,115.62270799913676,0.01887500548036769,0.009457995474804193,115.65104100009194
balance,200,multistation,42,42,42,t01277-c00023,23,1277,3,3,True,1,64.60466700082179,288.1390000038664,0.016666999727021903,0.013541997759602964,288.169209001353
balance,200,multistation,42,42,42,t01278-c00005,5,1278,5,5,True,1,88.11283300019568,1098.8270829984685,98.07579200423788,0.015207995602395386,1196.9180829983088
balance,200,multistation,42,42,42,t01278-c00023,23,1278,4,4,True,1,226.2020419948385,1028.666832993622,168.29375000088476,0.008167000487446785,1196.9687499949941
balance,200,multistation,42,42,42,t01278-c00097,97,1278,10,10,True,1,69.9549169949023,1196.805374995165,0.15795799845363945,0.007875001756474376,1196.9712079953752
balance,200,multistation,42,42,42,t01283-c00046,46,1283,6,6,True,1,31.01224999409169,329.2371249990538,63.98766699567204,0.013083001249469817,393.2378749959753
balance,200,multistation,42,42,42,t01283-c00078,78,1283,4,4,True,1,77.90087500325171,393.1674999985262,0.10366600326960906,0.006583999493159354,393.27775000128895
balance,200,multistation,42,42,42,t01284-c00087,87,1284,5,5,True,1,42.83358300017426,142.65666600113036,0.015208999684546143,0.011458003427833319,142.68333300424274
balance,200,multistation,42,42,42,t01285-c00070,70,1285,3,3,True,1,7.193375000497326,75.21258299675537,0.011374999303370714,0.00916700082598254,75.23312499688473
balance,200,multistation,42,42,42,t01286-c00053,53,1286,11,11,True,1,24.681041999429,274.9161249957979,0.019917002646252513,0.012958000297658145,274.9489999987418
balance,200,multistation,42,42,42,t01288-c00039,39,1288,6,6,True,1,72.48137500573648,341.4907500045956,0.018124999769497663,0.012790995242539793,341.52166599960765
balance,200,multistation,42,42,42,t01288-c00146,146,1288,3,3,True,1,34.23704199667554,289.13845799979754,52.42329199973028,0.006166999810375273,341.5679169993382
balance,200,multistation,42,42,42,t01289-c00039,39,1289,6,6,True,1,33.228459004021715,212.9217920009978,0.015417004760820419,0.011415999324526638,212.94862500508316
balance,200,multistation,42,42,42,t01290-c00199,199,1290,4,4,True,1,6.668916998023633,42.297874999349006,0.014042001566849649,0.008582996088080108,42.320499997003935
balance,200,multistation,42,42,42,t01291-c00166,166,1291,8,8,True,1,27.123082996695302,214.5652079998399,0.025083994842134416,0.010916002793237567,214.60120799747529
balance,200,multistation,42,42,42,t01294-c00049,49,1294,3,3,True,1,9.058749994437676,54.84629199781921,0.009458002750761807,0.007916998583823442,54.86366699915379
balance,200,multistation,42,42,42,t01297-c00137,137,1297,3,3,True,1,77.35991700610612,158.45925000030547,0.025792003725655377,0.012500000593718141,158.49754200462485
balance,200,multistation,42,42,42,t01297-c00150,150,1297,5,5,True,1,17.805499999667518,136.2844169998425,22.247832996072248,0.007167000148911029,158.53941699606366
balance,200,multistation,42,42,42,t01298-c00165,165,1298,7,7,True,1,15.7965000034892,139.55212500150083,0.024209002731367946,0.013083001249469817,139.58941700548166
balance,200,multistation,42,42,42,t01299-c00064,64,1299,7,7,True,1,78.07679200050188,613.5681250016205,0.020624996977858245,0.013875003787688911,613.602625002386
balance,200,multistation,42,42,42,t01299-c00167,167,1299,12,12,True,1,78.02987499599112,594.9734579990036,18.65729199926136,0.008499999239575118,613.6392499975045
balance,200,multistation,42,42,42,t01300-c00095,95,1300,3,3,True,1,36.50587500305846,229.5684170021559,0.03091600228799507,0.01766700006555766,229.61700000450946
balance,200,multistation,42,42,42,t01300-c00121,121,1300,3,3,True,1,24.130333003995474,146.60829200147418,83.04416600003606,0.008625000191386789,229.66108300170163
balance,200,multistation,42,42,42,t01301-c00121,121,1301,3,3,True,1,21.282249996147584,72.02066599711543,0.018167003872804344,0.011541997082531452,72.05037499807077
balance,200,multistation,42,42,42,t01302-c00104,104,1302,8,7,True,1,80.5536249972647,478.5366249998333,118.15037499764003,0.014833000022917986,596.7018329974962
balance,200,multistation,42,42,42,t01302-c00182,182,1302,9,9,True,1,80.50837499467889,596.616124996217,0.12012499792035669,0.007499998901039362,596.7437499930384
balance,200,multistation,42,42,42,t01302-c00188,188,1302,3,3,True,1,204.2103749990929,478.45808300189674,118.27700000139885,0.004791996616404504,596.739874999912
balance,200,multistation,42,42,42,t01303-c00025,25,1303,4,4,True,1,216.67433399852598,2005.3751669984194,0.01925000105984509,0.015208002878353,2005.4096250023576
balance,200,multistation,42,42,42,t01303-c00048,48,1303,7,7,True,1,141.67404199542943,1901.541332998022,103.91370899742469,0.008458002412226051,2005.463499997859
balance,200,multistation,42,42,42,t01303-c00091,91,1303,10,10,True,1,141.63829199969769,1901.5053340044688,103.95458299899474,0.006832997314631939,2005.4667500007781
balance,200,multistation,42,42,42,t01306-c00012,12,1306,6,6,True,1,46.63750000327127,322.4134160045651,0.01612499909242615,0.0149589977809228,322.4445000014384
balance,200,multistation,42,42,42,t01307-c00132,132,1307,8,8,True,1,62.14700000418816,333.66537500114646,0.025959001504816115,0.01345800410490483,333.7047920067562
balance,200,multistation,42,42,42,t01312-c00063,63,1312,11,11,True,1,27.145125000970438,233.3089169987943,0.020957995729986578,0.013625001884065568,233.34349999640835
balance,200,multistation,42,42,42,t01314-c00037,37,1314,3,3,True,1,263.80145900475327,980.552417000581,43.18875000171829,0.011500000255182385,1023.7526670025545
balance,200,multistation,42,42,42,t01314-c00131,131,1314,3,3,True,1,527.3641250023502,993.1534580027801,30.618917000538204,0.006207999831531197,1023.7785830031498
balance,200,multistation,42,42,42,t01314-c00145,145,1314,7,7,True,1,308.362333002151,1023.6437499988824,0.12954100384376943,0.006834001396782696,1023.780125004123
balance,200,multistation,42,42,42,t01314-c00173,173,1314,5,5,True,1,263.6860419952427,980.4370419951738,43.3328330036602,0.005207999492995441,1023.775082998327
balance,200,multistation,42,42,42,t01315-c00036,36,1315,7,7,True,1,90.91245900344802,385.68887500150595,0.018917002307716757,0.012291995517443866,385.7200839993311
balance,200,multistation,42,42,42,t01317-c00114,114,1317,5,5,True,1,30.894166993675753,96.29991700057872,0.014666999049950391,0.008249997335951775,96.32283399696462
balance,200,multistation,42,42,42,t01319-c00002,2,1319,6,6,True,1,47.0149999964633,306.8077499992796,0.016041994967963547,0.012875003449153155,306.83666699769674
balance,200,multistation,42,42,42,t01322-c00196,196,1322,8,8,True,1,52.53787500259932,247.1914999987348,0.032417003239970654,0.012790995242539793,247.2367079972173
balance,200,multistation,42,42,42,t01323-c00016,16,1323,8,8,True,1,309.4382499984931,1351.8441249980242,0.020250001398380846,0.016582998796366155,1351.880957998219
balance,200,multistation,42,42,42,t01323-c00018,18,1323,3,3,True,1,221.94866700010607,781.9879589951597,569.9245830037398,0.006624999514315277,1351.9191669984139
balance,200,multistation,42,42,42,t01323-c00033,33,1323,4,4,True,1,309.3676249991404,1351.773875001527,0.14799999917158857,0.004875000740867108,1351.9267500014394
balance,200,multistation,42,42,42,t01323-c00050,50,1323,7,7,True,1,235.9685420015012,1250.1781250030035,101.7387920001056,0.006082998879719526,1351.9230000019888
balance,200,multistation,42,42,42,t01323-c00141,141,1323,6,6,True,1,221.84500000003027,1239.6035839992692,112.30429099668982,0.004375004209578037,1351.9122500001686
balance,200,multistation,42,42,42,t01324-c00018,18,1324,5,5,True,1,23.032375000184402,468.38420800486347,121.87974999687867,0.014416997146327049,590.2783749988885
balance,200,multistation,42,42,42,t01324-c00078,78,1324,4,4,True,1,152.30766600143397,590.202916006092,0.10341699817217886,0.0072920011007227,590.3136250053649
balance,200,multistation,42,42,42,t01325-c00064,64,1325,4,4,True,1,26.433625003846828,273.6902500037104,0.020792002032976598,0.013124998076818883,273.7241670038202
balance,200,multistation,42,42,42,t01325-c00089,89,1325,6,6,True,1,56.385292002232745,273.65104199998314,0.10687499889172614,0.007624999852851033,273.7655419987277
balance,200,multistation,42,42,42,t01326-c00074,74,1326,7,7,True,1,19.837375002680346,216.39900000445778,20.297207993280608,0.012750002497341484,236.70895800023573
balance,200,multistation,42,42,42,t01326-c00106,106,1326,9,9,True,1,49.27470799884759,236.6325000039069,0.10779099829960614,0.007541995728388429,236.7478329979349
balance,200,multistation,42,42,42,t01328-c00121,121,1328,7,7,True,1,105.50700000021607,1129.8152080053114,0.026875000912696123,0.017291997210122645,1129.8593750034343
balance,200,multistation,42,42,42,t01328-c00135,135,1328,7,7,True,1,75.50949999858858,1108.8412500030245,21.073750001960434,0.008915994840208441,1129.923915999825
balance,200,multistation,42,42,42,t01328-c00185,185,1328,8,8,True,1,75.47537499340251,1015.0384579974343,114.88891699991655,0.006707996362820268,1129.9340829937137
balance,200,multistation,42,42,42,t01330-c00126,126,1330,7,7,True,1,55.912208001245745,427.8463750015362,0.02712499554036185,0.01412499841535464,427.88762499549193
balance,200,multistation,42,42,42,t01330-c00169,169,1330,6,6,True,1,85.62499999970896,389.92429099744186,38.00795900315279,0.007832997653167695,427.9400829982478
balance,200,multistation,42,42,42,t01331-c00022,22,1331,6,6,True,1,176.4011670020409,1108.9568749957834,0.021750005544163287,0.017041995306499302,1108.995666996634
balance,200,multistation,42,42,42,t01331-c00054,54,1331,5,5,True,1,176.36174999643117,1108.9182919968152,0.13287500041769817,0.00616600300418213,1109.0573330002371
balance,200,multistation,42,42,42,t01332-c00022,22,1332,11,11,True,1,619.3766249998589,1305.98445799842,0.02483299613231793,0.015792000340297818,1306.0250829948927
balance,200,multistation,42,42,42,t01332-c00077,77,1332,7,7,True,1,619.3343750055647,1305.941750004422,0.11179199645994231,0.007791997632011771,1306.0613339985139
balance,200,multistation,42,42,42,t01332-c00151,151,1332,7,7,True,1,619.2967909955769,1305.903832995682,0.1551670065964572,0.005999994755256921,1306.0649999970337
balance,200,multistation,42,42,42,t01333-c00010,10,1333,7,7,True,1,74.0021669989801,515.9282919994439,94.35141600260977,0.01670899655437097,610.296416998608
balance,200,multistation,42,42,42,t01333-c00164,164,1333,4,4,True,1,141.8037919938797,610.216416993353,0.12437500117812306,0.007291004294529557,610.3480829988257
balance,200,multistation,42,42,42,t01335-c00015,15,1335,5,5,True,1,80.64970900159096,537.6221249971422,0.01750000228639692,0.013374999980442226,537.6529999994091
balance,200,multistation,42,42,42,t01335-c00120,120,1335,11,11,True,1,45.149915997171775,488.982875001966,48.716874996898696,0.01020800118567422,537.7099580000504
balance,200,multistation,42,42,42,t01336-c00058,58,1336,4,4,True,1,64.89725000574253,349.22912500042,0.020250001398380846,0.013709002814721316,349.26308400463313
balance,200,multistation,42,42,42,t01336-c00176,176,1336,4,4,True,1,64.85058399994159,283.2203340003616,66.09162499808008,0.007208000170066953,349.31916699861176
balance,200,multistation,42,42,42,t01337-c00058,58,1337,7,7,True,1,212.57150000019465,1110.473416003515,230.08799999661278,0.017541999113745987,1340.5789579992415
balance,200,multistation,42,42,42,t01337-c00076,76,1337,5,5,True,1,212.53254100156482,1340.497666002193,0.1299170035053976,0.006791997293476015,1340.6343750029919
balance,200,multistation,42,42,42,t01337-c00176,176,1337,9,9,True,1,268.3056249952642,1046.9307919993298,293.69312500057276,0.006832997314631939,1340.6307499972172
balance,200,multistation,42,42,42,t01338-c00058,58,1338,5,5,True,1,13.126249999913853,105.3094590024557,0.013083001249469817,0.01049999991664663,105.33304200362181
balance,200,multistation,42,42,42,t01339-c00058,58,1339,5,5,True,1,81.45774999866262,514.5662920040195,45.66941599478014,0.016500001947861165,560.2522080007475
balance,200,multistation,42,42,42,t01339-c00140,140,1339,3,3,True,1,39.79087499465095,397.5500419983291,162.7585000023828,0.007124996045604348,560.3156669967575
balance,200,multistation,42,42,42,t01339-c00188,188,1339,5,5,True,1,102.178917004494,560.1349999997183,0.17283399938605726,0.006000002031214535,560.3138340011355
balance,200,multistation,42,42,42,t01340-c00007,7,1340,6,6,True,1,111.63400000077672,1533.1310420006048,47.06008300126996,0.01654199877521023,1580.20766700065
balance,200,multistation,42,42,42,t01340-c00050,50,1340,3,3,True,1,111.59645899897441,1078.9794589945814,501.2672910015681,0.007417002052534372,1580.254166998202
balance,200,multistation,42,42,42,t01340-c00058,58,1340,7,7,True,1,153.88508300384274,1533.0603750044247,47.193832993798424,0.006917005521245301,1580.2611250037444
balance,200,multistation,42,42,42,t01340-c00093,93,1340,8,8,True,1,435.1689999966766,1580.0678329978837,0.18224999803351238,0.006166999810375273,1580.2562499957276
balance,200,multistation,42,42,42,t01341-c00111,111,1341,4,4,True,1,54.71416700311238,277.4731250028708,0.02466700243530795,0.014707999071106315,277.5125000043772
balance,200,multistation,42,42,42,t01342-c00105,105,1342,11,11,True,1,38.35037499811733,283.75837500061607,0.027750000299420208,0.014291996194515377,283.80041699711
balance,200,multistation,42,42,42,t01343-c00105,105,1343,9,9,True,1,54.67008399864426,319.6147499984363,0.027666996174957603,0.013083001249469817,319.65549999586074
balance,200,multistation,42,42,42,t01343-c00106,106,1343,6,6,True,1,12.408458002028055,288.1255419997615,31.557374997646548,0.006833004590589553,319.6897500019986
balance,200,multistation,42,42,42,t01344-c00029,29,1344,6,6,True,1,98.83295799954794,459.92883299913956,0.0212500017369166,0.015875004464760423,459.96595800534124
balance,200,multistation,42,42,42,t01344-c00106,106,1344,7,7,True,1,20.833000002312474,363.09404199710116,96.9073330052197,0.008124996384140104,460.009499998705
balance,200,multistation,42,42,42,t01345-c00009,9,1345,5,5,True,1,30.273625001427718,303.828792006243,39.13533299783012,0.013958000636193901,342.97808300470933
balance,200,multistation,42,42,42,t01345-c00117,117,1345,9,9,True,1,49.289916998532135,342.90154200425604,0.11370799620635808,0.008708004315849394,343.02395800477825
balance,200,multistation,42,42,42,t01348-c00037,37,1348,5,5,True,1,13.657915995281655,415.61041599925375,0.019708997569978237,0.012707998394034803,415.64283299521776
balance,200,multistation,42,42,42,t01348-c00109,109,1348,8,8,True,1,76.41045800119173,383.84145800228,31.833124994591344,0.007542003004346043,415.68212499987567
balance,200,multistation,42,42,42,t01351-c00064,64,1351,7,7,True,1,58.68308400386013,272.4411669987603,0.021792002371512353,0.013958000636193901,272.476917001768
balance,200,multistation,42,42,42,t01352-c00068,68,1352,5,5,True,1,26.47695899941027,188.55145900306525,0.018582999473437667,0.011666998034343123,188.58170900057303
balance,200,multistation,42,42,42,t01354-c00095,95,1354,7,7,True,1,183.55541700293543,850.1322090014582,0.026374997105449438,0.015958001313265413,850.174541999877
balance,200,multistation,42,42,42,t01355-c00132,132,1355,3,3,True,1,56.33933300123317,207.99079200514825,0.022000000171829015,0.011541000276338309,208.02433300559642
balance,200,multistation,42,42,42,t01356-c00183,183,1356,7,7,True,1,32.252832999802195,167.992000002414,0.021166000806260854,0.01091699959943071,168.02408300281968
balance,200,multistation,42,42,42,t01357-c00022,22,1357,5,5,True,1,139.39625000057276,522.6234159999876,75.24016700335778,0.013457996828947216,597.8770410001744
balance,200,multistation,42,42,42,t01357-c00119,119,1357,4,4,True,1,52.921124995918944,597.8042089991504,0.10787499923026189,0.007333001121878624,597.9194169995026
balance,200,multistation,42,42,42,t01357-c00183,183,1357,7,7,True,1,26.520708001044113,541.405667005165,56.50549999700161,0.00687500141793862,597.9180420035846
balance,200,multistation,42,42,42,t01359-c00116,116,1359,3,3,True,1,39.09925000334624,454.0938330028439,0.027709000278264284,0.015333003830164671,454.1368750069523
balance,200,multistation,42,42,42,t01359-c00197,197,1359,3,3,True,1,39.05441700044321,454.049458996451,0.12900000001536682,0.007333001121878624,454.18579199758824
balance,200,multistation,42,42,42,t01362-c00021,21,1362,5,5,True,1,37.11729199858382,229.0168330000597,0.01599999814061448,0.012500000593718141,229.04533299879404
balance,200,multistation,42,42,42,t01362-c00075,75,1362,3,3,True,1,7.138583998312242,144.82308400329202,84.24999999988358,0.006082998879719526,229.07916700205533
balance,200,multistation,42,42,42,t01363-c00036,36,1363,7,7,True,1,47.89262499980396,468.21591700427234,0.019582999811973423,0.01587499718880281,468.2513750012731
balance,200,multistation,42,42,42,t01364-c00180,180,1364,4,4,True,1,13.6789169991971,64.80775000090944,0.014042001566849649,0.009082999895326793,64.83087500237161
balance,200,multistation,42,42,42,t01365-c00180,180,1365,4,4,True,1,13.565375003963709,64.00829199992586,0.015833000361453742,0.008167000487446785,64.03229200077476
balance,200,multistation,42,42,42,t01366-c00127,127,1366,5,5,True,1,77.61329200002365,598.8072500040289,0.025291999918408692,0.014332996215671301,598.846875000163
balance,200,multistation,42,42,42,t01366-c00180,180,1366,6,6,True,1,5.158457999641541,459.23729200148955,139.63670800148975,0.006707996362820268,598.8807079993421
balance,200,multistation,42,42,42,t01367-c00081,81,1367,3,3,True,1,5.005499995604623,24.374999993597157,0.008541006536688656,0.006833994120825082,24.39037499425467
balance,200,multistation,42,42,42,t01368-c00007,7,1368,3,3,True,1,15.456084001925774,92.02191700023832,0.009917006536852568,0.009332994522992522,92.04116700129816
balance,200,multistation,42,42,42,t01371-c00013,13,1371,3,3,True,1,7.976624998264015,34.57337500003632,0.010042000212706625,0.011249998351559043,34.59466699860059
balance,200,multistation,42,42,42,t01380-c00139,139,1380,3,3,True,1,17.454207998525817,84.00325000548037,0.013749995559919626,0.009625000529922545,84.02662500157021
balance,200,multistation,42,42,42,t01381-c00139,139,1381,6,6,True,1,38.62004199618241,323.9323340021656,0.023540997062809765,0.01237499964190647,323.9682499988703
balance,200,multistation,42,42,42,t01382-c00139,139,1382,7,7,True,1,72.95808399794623,386.92012499814155,0.02600000152597204,0.011417003406677395,386.9575420030742
balance,200,multistation,42,42,42,t01383-c00030,30,1383,7,7,True,1,24.777874998108018,176.18691599636804,0.016958998457994312,0.01208300091093406,176.21595799573697
balance,200,multistation,42,42,42,t01384-c00099,99,1384,5,5,True,1,176.7578329963726,981.6582499988726,0.022416003048419952,0.013666998711414635,981.6943330006325
balance,200,multistation,42,42,42,t01384-c00125,125,1384,6,6,True,1,137.3678750023828,926.4675840022392,55.256250001548324,0.007624999852851033,981.7314590036403
balance,200,multistation,42,42,42,t01384-c00164,164,1384,3,3,True,1,137.3322500003269,788.7731250011711,192.9497090022778,0.005374997272156179,981.7282090007211
balance,200,multistation,42,42,42,t01385-c00062,62,1385,6,6,True,1,76.98195799457608,384.840582999459,0.021084000763949007,0.015124998753890395,384.87679199897684
balance,200,multistation,42,42,42,t01385-c00065,65,1385,3,3,True,1,112.6337500027148,355.5893750017276,29.34583400201518,0.00695799826644361,384.9421670020092
balance,200,multistation,42,42,42,t01385-c00164,164,1385,3,3,True,1,55.409374996088445,318.40637500135927,66.53258400183404,0.006124995707068592,384.9450839989004
balance,200,multistation,42,42,42,t01386-c00062,62,1386,8,8,True,1,45.44679199898383,420.662791999348,35.35016700334381,0.015833000361453742,456.02879200305324
balance,200,multistation,42,42,42,t01386-c00103,103,1386,5,5,True,1,72.43679200473707,455.9475000060047,0.11099999392172322,0.007624999852851033,456.0661249997793
balance,200,multistation,42,42,42,t01386-c00112,112,1386,4,4,True,1,45.37120799795957,420.5870000005234,35.48866599885514,0.00541700137546286,456.081083000754
balance,200,multistation,42,42,42,t01387-c00103,103,1387,3,3,True,1,49.14712499885354,162.66545899998164,49.45420799776912,0.013708006008528173,212.13337500375928
balance,200,multistation,42,42,42,t01387-c00112,112,1387,4,4,True,1,42.393292002088856,212.05945900146617,0.10762499732663855,0.006708003638777882,212.17379200243158
balance,200,multistation,42,42,42,t01388-c00058,58,1388,7,7,True,1,63.45495800633216,317.8300420040614,0.016375000996049494,0.011541000276338309,317.8579580053338
balance,200,multistation,42,42,42,t01389-c00055,55,1389,5,5,True,1,17.122875004133675,386.541625004611,42.19129199918825,0.011541997082531452,428.74445900088176
balance,200,multistation,42,42,42,t01389-c00058,58,1389,7,7,True,1,80.60879099502927,428.67487499461276,0.08879100641934201,0.006916998245287687,428.7705829992774
balance,200,multistation,42,42,42,t01391-c00071,71,1391,7,7,True,1,24.589249995187856,288.5217079965514,88.28737500152783,0.018083002942148596,376.8271660010214
balance,200,multistation,42,42,42,t01391-c00107,107,1391,7,7,True,1,79.37862499966286,376.744792003592,0.11387500126147643,0.007457994797732681,376.8661249996512
balance,200,multistation,42,42,42,t01391-c00180,180,1391,4,4,True,1,47.44283299805829,376.70737499865936,0.1622080017114058,0.004666995664592832,376.87424999603536
balance,200,multistation,42,42,42,t01392-c00107,107,1392,7,7,True,1,23.96141700592125,140.26320799894165,0.018417005776427686,0.010707997716963291,140.29233300243504
balance,200,multistation,42,42,42,t01393-c00075,75,1393,8,8,True,1,85.3765830033808,543.502125001396,62.23720800335286,0.016375000996049494,605.755708005745
balance,200,multistation,42,42,42,t01393-c00119,119,1393,9,9,True,1,47.51570899679791,605.6762500011246,0.11137499677715823,0.009374998626299202,605.796999996528
balance,200,multistation,42,42,42,t01395-c00040,40,1395,8,8,True,1,4.977042000973597,1305.3429999999935,0.022041996999178082,0.01716599945211783,1305.3822079964448
balance,200,multistation,42,42,42,t01395-c00086,86,1395,12,12,True,1,160.71950000332436,1147.4653750046855,157.97279099933803,0.008999995770864189,1305.4471659997944
balance,200,multistation,42,42,42,t01395-c00108,108,1395,11,11,True,1,160.68404099496547,1305.2647079966846,0.17779199697542936,0.00608300615567714,1305.4485829998157
balance,200,multistation,42,42,42,t01396-c00040,40,1396,7,7,True,1,26.608790998579934,121.4976659975946,0.01737500133458525,0.01270900247618556,121.52775000140537
balance,200,multistation,42,42,42,t01397-c00170,170,1397,11,11,True,1,20.085042000573594,218.21720900334185,0.03220799408154562,0.015249999705702066,218.2646669971291
balance,200,multistation,42,42,42,t01398-c00192,192,1398,7,7,True,1,48.49908300093375,268.44933300162666,0.02129199856426567,0.01049999991664663,268.48112500010757
balance,200,multistation,42,42,42,t01399-c00192,192,1399,7,7,True,1,47.22754200338386,263.30295800289605,0.031042000045999885,0.012500000593718141,263.34650000353577
balance,200,multistation,42,42,42,t01400-c00123,123,1400,6,6,True,1,23.153750000346918,193.54733300133375,0.024916997062973678,0.01158300437964499,193.58383300277637
balance,200,multistation,42,42,42,t01402-c00177,177,1402,3,3,True,1,13.345041996217333,52.2993749982561,0.013249999028630555,0.007833004929125309,52.320458002213854
balance,200,multistation,42,42,42,t01403-c00177,177,1403,3,3,True,1,14.781957994273398,54.5587499946123,0.015124998753890395,0.008625000191386789,54.582499993557576
balance,200,multistation,42,42,42,t01404-c00019,19,1404,3,3,True,1,21.845124996616505,83.31079100025818,0.009499999578110874,0.009875002433545887,83.33016600226983
balance,200,multistation,42,42,42,t01406-c00026,26,1406,11,11,True,1,30.770249999477528,700.3286670005764,0.022332998923957348,0.01641699782339856,700.3674169973237
balance,200,multistation,42,42,42,t01406-c00059,59,1406,4,4,True,1,109.89174999849638,657.962833000056,42.43929199583363,0.006833004590589553,700.4089580004802
balance,200,multistation,42,42,42,t01406-c00080,80,1406,7,7,True,1,109.85720800090348,657.9284170002211,42.472790999454446,0.00541700137546286,700.406625001051
balance,200,multistation,42,42,42,t01407-c00062,62,1407,6,6,True,1,11.332583999319468,352.75554200052284,40.07795799407177,0.012959004379808903,392.8464589989744
balance,200,multistation,42,42,42,t01407-c00124,124,1407,7,7,True,1,66.05225000384962,392.76737500040326,0.10804100020322949,0.006542002665810287,392.8819580032723
balance,200,multistation,42,42,42,t01407-c00171,171,1407,3,3,True,1,131.0531249982887,274.33025000209454,118.53837499802466,0.00470800296170637,392.8733330030809
balance,200,multistation,42,42,42,t01408-c00044,44,1408,5,5,True,1,60.51074999413686,201.31629199750023,19.17183300247416,0.009457995474804193,220.4975829954492
balance,200,multistation,42,42,42,t01408-c00179,179,1408,7,7,True,1,27.424083004007116,220.42716600117274,0.08558399713365361,0.006791000487282872,220.51954099879367
balance,200,multistation,42,42,42,t01409-c00041,41,1409,5,5,True,1,26.34175000275718,89.66920900275,0.0155829984578304,0.011042000551242381,89.69583400175907
balance,200,multistation,42,42,42,t01410-c00044,44,1410,5,5,True,1,55.11349999869708,258.67387499602046,57.631625000794884,0.011708005331456661,316.3172080021468
balance,200,multistation,42,42,42,t01410-c00113,113,1410,4,4,True,1,42.82437499932712,316.2438749932335,0.09625000529922545,0.006999995093792677,316.3471249936265
balance,200,multistation,42,42,42,t01410-c00175,175,1410,4,4,True,1,42.783750002854504,316.20308400306385,0.13595799828181043,0.004916997568216175,316.3439589989139
balance,200,multistation,42,42,42,t01411-c00000,0,1411,8,8,True,1,23.76574999652803,174.29750000155764,0.01454199809813872,0.012042000889778137,174.32408400054555
balance,200,multistation,42,42,42,t01411-c00175,175,1411,7,7,True,1,31.393208002555184,157.79625000141095,16.550500004086643,0.007499998901039362,174.35425000439864
balance,200,multistation,42,42,42,t01412-c00100,100,1412,6,6,True,1,17.037249999702908,124.6024159991066,0.0158340044436045,0.009915995178744197,124.62816599872895
balance,200,multistation,42,42,42,t01414-c00069,69,1414,5,5,True,1,7.401915994705632,77.43774999835296,0.010957999620586634,0.008499999239575118,77.45720799721312
balance,200,multistation,42,42,42,t01415-c00092,92,1415,7,7,True,1,32.41791699838359,174.02737500378862,50.2771669998765,0.0109999964479357,224.31554200011306
balance,200,multistation,42,42,42,t01415-c00190,190,1415,8,8,True,1,14.825208003458101,224.2423330026213,0.094832998001948,0.006250003934837878,224.3434160045581
balance,200,multistation,42,42,42,t01416-c00055,55,1416,1,1,True,1,79.64062500104774,79.64062500104774,17.532874997414183,0.009208000847138464,97.18270799930906
balance,200,multistation,42,42,42,t01416-c00092,92,1416,6,6,True,1,17.377291005686857,97.11779100325657,0.08545899618184194,0.0075830030255019665,97.21083300246391
balance,200,multistation,42,42,42,t01418-c00096,96,1418,9,9,True,1,14.867875004711095,121.88420800521271,0.018916995031759143,0.010000003385357559,121.91312500362983
balance,200,multistation,42,42,42,t01420-c00170,170,1420,11,11,True,1,32.95983400312252,192.55749999865657,0.027834001230075955,0.011250005627516657,192.59658400551416
balance,200,multistation,42,42,42,t01420-c00199,199,1420,7,7,True,1,32.91991599689936,192.5175409996882,0.0963749989750795,0.0069590023485943675,192.62087500101188
balance,200,multistation,42,42,42,t01423-c00045,45,1423,6,6,True,1,14.669249998405576,80.88695899641607,0.010666000889614224,0.008125003660097718,80.90575000096578
balance,200,multistation,42,42,42,t01423-c00175,175,1423,3,3,True,1,5.729541000619065,70.28400000126567,10.618207998049911,0.006000002031214535,80.9082080013468
balance,200,multistation,42,42,42,t01424-c00027,27,1424,7,7,True,1,18.227291999210138,124.83624999731546,7.1448329981649294,0.009374998626299202,131.9904579941067
balance,200,multistation,42,42,42,t01424-c00040,40,1424,8,8,True,1,9.654250003222842,131.928250004421,0.06579099863301963,0.006374997610691935,132.0004160006647
balance,200,multistation,42,42,42,t01424-c00152,152,1424,4,4,True,1,40.58458300278289,108.8305829980527,23.172959001385607,0.005125002644490451,132.0086670020828
balance,200,multistation,42,42,42,t01425-c00040,40,1425,3,3,True,1,3.6437500020838343,65.72733299981337,13.413375003437977,0.008499999239575118,79.14920800249092
balance,200,multistation,42,42,42,t01425-c00112,112,1425,7,7,True,1,11.531541997101158,79.08716699603247,0.06316600047284737,0.005750000127591193,79.1560829966329
balance,200,multistation,42,42,42,t01426-c00001,1,1426,12,12,True,1,8.063417000812478,100.96158299711533,8.142709004459903,0.009832998330239207,109.11412499990547
balance,200,multistation,42,42,42,t01426-c00067,67,1426,4,4,True,1,15.388584004540462,109.04795900569297,0.061374994402285665,0.005708003300242126,109.1150420033955
balance,200,multistation,42,42,42,t01427-c00057,57,1427,3,3,True,1,21.620791994791944,59.11391699919477,18.377207998128142,0.008208000508602709,77.49933299783152
balance,200,multistation,42,42,42,t01427-c00067,67,1427,6,6,True,1,12.990084003831726,77.44408400321845,0.05733300349675119,0.005916997906751931,77.50733400462195
balance,200,multistation,42,42,42,t01427-c00136,136,1427,5,5,True,1,5.654291999235284,69.92149999859976,7.573000002594199,0.004458001058083028,77.49895800225204
balance,200,multistation,42,42,42,t01428-c00075,75,1428,1,1,True,1,2.278292005939875,2.278292005939875,26.73204099846771,0.006791997293476015,29.01712500170106
balance,200,multistation,42,42,42,t01428-c00172,172,1428,4,4,True,1,8.63000000390457,28.961374999198597,0.04587500006891787,0.005542002327274531,29.01279200159479
balance,200,multistation,42,42,42,t01429-c00086,86,1429,6,6,True,1,6.053332996089011,30.99658300197916,0.009374998626299202,0.007041999197099358,31.01299999980256
balance,200,multistation,42,42,42,t01430-c00082,82,1430,9,9,True,1,13.315249998413492,70.17645800078753,6.618416999117471,0.011750002158805728,76.80662500206381
balance,200,multistation,42,42,42,t01430-c00153,153,1430,9,9,True,1,5.519040998478886,76.73391600110335,0.09941699681803584,0.008000002708286047,76.84133300062967
balance,200,multistation,42,42,42,t01435-c00028,28,1435,11,11,True,1,15.376499999547377,80.98237500234973,0.01733399403747171,0.00979100150289014,81.00949999789009
balance,200,multistation,42,42,42,t01435-c00035,35,1435,5,5,True,1,11.885542000527494,80.94262500526384,0.08449999586446211,0.0056249991757795215,81.03275000030408
balance,200,multistation,42,42,42,t01435-c00090,90,1435,6,6,True,1,11.848333000671118,80.90541700221365,0.1172499978565611,0.0047909998102113605,81.02745799988043
balance,200,multistation,42,42,42,t01435-c00139,139,1435,4,4,True,1,11.813500001153443,80.87045799766202,0.14820799697190523,0.003917004505638033,81.02258299913956
balance,200,multistation,42,42,42,t01435-c00184,184,1435,7,6,True,1,4.6444160034297965,71.38025000313064,9.629125001083594,0.0041249950299970806,81.01349999924423
balance,200,multistation,42,42,42,t01436-c00028,28,1436,12,12,True,1,10.066041999380104,58.210875002259854,0.013499993656296283,0.008875002095010132,58.23324999801116
balance,200,multistation,42,42,42,t01436-c00090,90,1436,4,4,True,1,4.587791998346802,55.21145799866645,3.016334005224053,0.005750000127591193,58.23354200401809
balance,200,multistation,42,42,42,t01436-c00160,160,1436,9,9,True,1,4.553416998533066,55.177041998831555,3.0475829989882186,0.0049579975893720984,58.229582995409146
balance,200,multistation,42,42,42,t01437-c00102,102,1437,3,2,True,1,14.971249998779967,18.887708996771835,2.11666600080207,0.008334005542565137,21.01270900311647
balance,200,multistation,42,42,42,t01437-c00194,194,1437,7,7,True,1,3.9630829996895045,20.95299999928102,0.06333299825200811,0.007374997949227691,21.023707995482255
balance,200,multistation,42,42,42,t01438-c00194,194,1438,3,2,True,1,13.137250003637746,16.650792000291403,1.923124997119885,0.007167000148911029,18.5810839975602
balance,200,multistation,42,42,42,t01438-c00195,195,1438,7,7,True,1,3.66054199548671,18.527499996707775,0.04837500455323607,0.005832996976096183,18.581707998237107
balance,200,multistation,42,42,42,t01439-c00156,156,1439,5,5,True,1,1.6707499962649308,8.838292000291403,0.019374994735699147,0.022916006855666637,8.88058300188277
