scenario,nb_cars,method,seed,world_seed,grid_seed,demand_id,car_id,slot,nb_stations,nb_offers,confirmed,confirm_attempts,first_offer_ms,last_offer_ms,selection_ms,confirmation_ms,total_ms
pessimistic,50,greedy,42,42,42,t00000-c00008,8,0,1,1,True,1,258.2756670017261,258.2756670017261,111.17262499465141,0.014457997167482972,369.462749993545
pessimistic,50,greedy,42,42,42,t00000-c00020,20,0,1,1,True,1,164.08866600249894,164.08866600249894,205.4097499931231,0.0061250029830262065,369.5045409986051
pessimistic,50,greedy,42,42,42,t00000-c00024,24,0,1,1,True,1,369.3622499995399,369.3622499995399,0.1356249995296821,0.004292000085115433,369.5021669991547
pessimistic,50,greedy,42,42,42,t00000-c00025,25,0,1,1,True,1,96.41012499923818,96.41012499923818,273.0810420034686,0.00404199818149209,369.4952090008883
pessimistic,50,greedy,42,42,42,t00000-c00033,33,0,1,1,True,1,47.81283299962524,47.81283299962524,321.68537500547245,0.00449999060947448,369.50270799570717
pessimistic,50,greedy,42,42,42,t00000-c00034,34,0,1,1,True,1,131.9466669956455,131.9466669956455,237.54324999754317,0.0037919962778687477,369.49370898946654
pessimistic,50,greedy,42,42,42,t00000-c00048,48,0,1,1,True,1,307.697417010786,307.697417010786,61.78524999995716,0.0034580007195472717,369.4861250114627
pessimistic,50,greedy,42,42,42,t00001-c00025,25,1,1,1,True,1,59.668000001693144,59.668000001693144,0.013416996807791293,0.01274999522138387,59.69416699372232
pessimistic,50,greedy,42,42,42,t00009-c00047,47,9,1,1,True,1,60.83804200170562,60.83804200170562,0.017332989955320954,0.017541999113745987,60.872916990774684
pessimistic,50,greedy,42,42,42,t00010-c00047,47,10,1,1,True,1,33.77033300057519,33.77033300057519,0.014083998394198716,0.01375000283587724,33.79816700180527
pessimistic,50,greedy,42,42,42,t00011-c00019,19,11,1,1,True,1,69.69808299618308,69.69808299618308,0.01808301021810621,0.02341700019314885,69.73958300659433
pessimistic,50,greedy,42,42,42,t00011-c00047,47,11,1,1,True,1,31.135750003159046,31.135750003159046,38.65341699565761,0.006750007742084563,69.79591700655874
pessimistic,50,greedy,42,42,42,t00012-c00019,19,12,1,1,True,1,57.173959008650854,57.173959008650854,0.014374993043020368,0.015083001926541328,57.203417003620416
pessimistic,50,greedy,42,42,42,t00021-c00005,5,21,1,1,True,1,20.146291994024068,20.146291994024068,0.00970800465438515,0.010042000212706625,20.16604199889116
pessimistic,50,greedy,42,42,42,t00022-c00031,31,22,1,1,True,1,33.00045899231918,33.00045899231918,0.01116600469686091,0.011958996765315533,33.02358399378136
pessimistic,50,greedy,42,42,42,t00025-c00037,37,25,1,1,True,1,43.4834170009708,43.4834170009708,0.015208002878353,0.013625001884065568,43.51225000573322
pessimistic,50,greedy,42,42,42,t00026-c00037,37,26,1,1,True,1,29.9046659929445,29.9046659929445,0.009000010322779417,0.009625000529922545,29.923291003797203
pessimistic,50,greedy,42,42,42,t00027-c00037,37,27,1,1,True,1,59.993375005433336,59.993375005433336,0.01479100319556892,0.013708995538763702,60.02187500416767
pessimistic,50,greedy,42,42,42,t00027-c00049,49,27,1,1,True,1,25.733417001902126,25.733417001902126,34.30508299788926,0.00504200579598546,60.04354200558737
pessimistic,50,greedy,42,42,42,t00030-c00016,16,30,1,1,True,1,83.32733299175743,83.32733299175743,0.013417011359706521,0.013208002201281488,83.35395800531842
pessimistic,50,greedy,42,42,42,t00031-c00016,16,31,1,1,True,1,85.63833301013801,85.63833301013801,0.01491699367761612,0.014874996850267053,85.6681250006659
pessimistic,50,greedy,42,42,42,t00032-c00033,33,32,1,1,True,1,54.549874999793246,54.549874999793246,0.0159579940373078,0.012999997125007212,54.57883299095556
pessimistic,50,greedy,42,42,42,t00037-c00040,40,37,1,1,True,1,27.50733299762942,27.50733299762942,0.020917010260745883,0.01983299443963915,27.548083002329804
pessimistic,50,greedy,42,42,42,t00038-c00005,5,38,1,1,True,1,30.586624998250045,30.586624998250045,57.80333299480844,0.015249999705702066,88.40520799276419
pessimistic,50,greedy,42,42,42,t00038-c00010,10,38,1,1,True,1,88.3349170035217,88.3349170035217,0.11816700862254947,0.006124988431110978,88.45920900057536
pessimistic,50,greedy,42,42,42,t00038-c00040,40,38,1,1,True,1,47.57183400215581,47.57183400215581,40.8867910009576,0.0046670029405504465,88.46329200605396
pessimistic,50,greedy,42,42,42,t00039-c00005,5,39,1,1,True,1,107.99870800110511,107.99870800110511,68.13433399656788,0.015875004464760423,176.14891700213775
pessimistic,50,greedy,42,42,42,t00039-c00010,10,39,1,1,True,1,107.9603750113165,107.9603750113165,68.22587498754729,0.00650000583846122,176.19275000470225
pessimistic,50,greedy,42,42,42,t00039-c00014,14,39,1,1,True,1,176.04733399639372,176.04733399639372,0.13712499639950693,0.0043330073822289705,176.18879200017545
pessimistic,50,greedy,42,42,42,t00044-c00027,27,44,1,1,True,1,46.50333299650811,46.50333299650811,0.018458013073541224,0.0153339933604002,46.53712500294205
pessimistic,50,greedy,42,42,42,t00045-c00002,2,45,1,1,True,1,63.100416999077424,63.100416999077424,0.014125005691312253,0.01504199462942779,63.129583999398164
pessimistic,50,greedy,42,42,42,t00050-c00007,7,50,1,1,True,1,63.42341699928511,63.42341699928511,0.014208009815774858,0.015999990864656866,63.45362499996554
pessimistic,50,greedy,42,42,42,t00050-c00013,13,50,1,1,True,1,32.319375008228235,32.319375008228235,31.181457990896888,0.006250003934837878,63.50708300305996
pessimistic,50,greedy,42,42,42,t00051-c00007,7,51,1,1,True,1,90.16654100560118,90.16654100560118,0.013958997442387044,0.014082994312047958,90.19458299735561
pessimistic,50,greedy,42,42,42,t00051-c00013,13,51,1,1,True,1,90.12833300221246,90.12833300221246,0.08687499212101102,0.0050000089686363935,90.2202080033021
pessimistic,50,greedy,42,42,42,t00052-c00025,25,52,1,1,True,1,74.78895799431484,74.78895799431484,87.36900000076275,0.015166995581239462,162.17312499065883
pessimistic,50,greedy,42,42,42,t00052-c00038,38,52,1,1,True,1,107.94533298758324,107.94533298758324,54.26420801086351,0.006374990334734321,162.2159159887815
pessimistic,50,greedy,42,42,42,t00052-c00043,43,52,1,1,True,1,162.07154199946672,162.07154199946672,0.14783299411647022,0.00462500611320138,162.2239999996964
pessimistic,50,greedy,42,42,42,t00053-c00038,38,53,1,1,True,1,113.22787500103004,113.22787500103004,0.018749997252598405,0.013833006960339844,113.26045800524298
pessimistic,50,greedy,42,42,42,t00053-c00043,43,53,1,1,True,1,66.30074999702629,66.30074999702629,47.00720799155533,0.006000002031214535,113.31395799061283
pessimistic,50,greedy,42,42,42,t00054-c00038,38,54,1,1,True,1,22.694499988574535,22.694499988574535,0.009583003702573478,0.008792005246505141,22.712874997523613
pessimistic,50,greedy,42,42,42,t00055-c00046,46,55,1,1,True,1,21.328124988940544,21.328124988940544,0.010832998668774962,0.010957999620586634,21.349915987229906
pessimistic,50,greedy,42,42,42,t00057-c00023,23,57,1,1,True,1,70.64583299506921,70.64583299506921,0.013875003787688911,0.012042000889778137,70.67174999974668
pessimistic,50,greedy,42,42,42,t00058-c00001,1,58,1,1,True,1,101.77904101146851,101.77904101146851,0.01462499494664371,0.013084005331620574,101.80675001174677
pessimistic,50,greedy,42,42,42,t00058-c00023,23,58,1,1,True,1,51.63329199422151,51.63329199422151,50.19179100054316,0.0051249953685328364,101.8302079901332
pessimistic,50,greedy,42,42,42,t00060-c00003,3,60,1,1,True,1,73.05691699730232,73.05691699730232,33.83225000288803,0.012207994586788118,106.90137499477714
pessimistic,50,greedy,42,42,42,t00060-c00037,37,60,1,1,True,1,106.83816600067075,106.83816600067075,0.08966699533630162,0.0051670067477971315,106.93300000275485
pessimistic,50,greedy,42,42,42,t00061-c00012,12,61,1,1,True,1,25.57012499892153,25.57012499892153,0.007957991329021752,0.00866700429469347,25.586749994545244
pessimistic,50,greedy,42,42,42,t00066-c00036,36,66,1,1,True,1,38.69208399555646,38.69208399555646,0.008874994819052517,0.008916002116166055,38.70987499249168
pessimistic,50,greedy,42,42,42,t00067-c00039,39,67,1,1,True,1,66.69183399935719,66.69183399935719,0.014416000340133905,0.013208991731517017,66.71945899142884
pessimistic,50,greedy,42,42,42,t00068-c00039,39,68,1,1,True,1,26.44283400150016,26.44283400150016,0.010832998668774962,0.009625000529922545,26.463292000698857
pessimistic,50,greedy,42,42,42,t00085-c00006,6,85,1,1,True,1,26.15812499425374,26.15812499425374,0.011041003745049238,0.010499992640689015,26.179665990639478
pessimistic,50,greedy,42,42,42,t00089-c00018,18,89,1,1,True,1,45.766791998175904,45.766791998175904,0.012874996173195541,0.011791998986154795,45.791458993335254
pessimistic,50,greedy,42,42,42,t00090-c00018,18,90,1,1,True,1,49.48758399405051,49.48758399405051,0.013166005373932421,0.013791999663226306,49.51454199908767
pessimistic,50,greedy,42,42,42,t00091-c00032,32,91,1,1,True,1,49.40941699896939,49.40941699896939,0.01333300315309316,0.010749994544312358,49.4334999966668
pessimistic,50,greedy,42,42,42,t00092-c00032,32,92,1,1,True,1,46.565416996600106,46.565416996600106,0.012624994269572198,0.011042007827199996,46.58908399869688
pessimistic,50,greedy,42,42,42,t00095-c00000,0,95,1,1,True,1,48.0430419993354,48.0430419993354,0.011249998351559043,0.01200000406242907,48.06629200174939
pessimistic,50,greedy,42,42,42,t00096-c00014,14,96,1,1,True,1,45.425459000398405,45.425459000398405,59.1404160077218,0.013249999028630555,104.57912500714883
pessimistic,50,greedy,42,42,42,t00096-c00043,43,96,1,1,True,1,104.5102080097422,104.5102080097422,0.10154199844691902,0.005166992195881903,104.616917000385
pessimistic,50,greedy,42,42,42,t00097-c00014,14,97,1,1,True,1,106.0693340114085,106.0693340114085,0.012707998394034803,0.010916992323473096,106.09295900212601
pessimistic,50,greedy,42,42,42,t00097-c00030,30,97,1,1,True,1,29.768042004434392,29.768042004434392,76.35175000177696,0.00508299854118377,106.12487500475254
pessimistic,50,greedy,42,42,42,t00098-c00014,14,98,1,1,True,1,102.74399998888839,102.74399998888839,0.013667013263329864,0.01216698728967458,102.7698339894414
pessimistic,50,greedy,42,42,42,t00099-c00014,14,99,1,1,True,1,96.96041699498892,96.96041699498892,58.34141701052431,0.015375000657513738,155.31720900617074
pessimistic,50,greedy,42,42,42,t00099-c00028,28,99,1,1,True,1,155.2495829964755,155.2495829964755,0.09545900684315711,0.00549999822396785,155.35054200154264
pessimistic,50,greedy,42,42,42,t00103-c00022,22,103,1,1,True,1,28.008542009047233,28.008542009047233,0.011374999303370714,0.010791991371661425,28.030708999722265
pessimistic,50,greedy,42,42,42,t00104-c00001,1,104,1,1,True,1,166.1023749911692,166.1023749911692,0.012625008821487427,0.013999990187585354,166.12899999017827
pessimistic,50,greedy,42,42,42,t00104-c00022,22,104,1,1,True,1,114.40512500121258,114.40512500121258,51.78179100039415,0.0062920007621869445,166.19320800236892
pessimistic,50,greedy,42,42,42,t00104-c00037,37,104,1,1,True,1,79.23833400127478,79.23833400127478,86.94824999838602,0.004749992513097823,166.1913339921739
pessimistic,50,greedy,42,42,42,t00105-c00001,1,105,1,1,True,1,38.08954199485015,38.08954199485015,0.015958008589223027,0.015541998436674476,38.12104200187605
pessimistic,50,greedy,42,42,42,t00106-c00001,1,106,1,1,True,1,24.24904100189451,24.24904100189451,0.008749993867240846,0.010333998943679035,24.26812499470543
pessimistic,50,greedy,42,42,42,t00107-c00001,1,107,1,1,True,1,153.32299999136012,153.32299999136012,0.013666009181179106,0.015208992408588529,153.3518749929499
pessimistic,50,greedy,42,42,42,t00107-c00009,9,107,1,1,True,1,62.63562499952968,62.63562499952968,90.73566700681113,0.005541995051316917,153.37683400139213
pessimistic,50,greedy,42,42,42,t00108-c00044,44,108,1,1,True,1,64.79241700435523,64.79241700435523,0.016874997527338564,0.015540994354523718,64.82483299623709
pessimistic,50,greedy,42,42,42,t00109-c00044,44,109,1,1,True,1,61.80691599729471,61.80691599729471,0.01516701013315469,0.014082994312047958,61.83616600173991
pessimistic,50,greedy,42,42,42,t00117-c00015,15,117,1,1,True,1,16.52666700829286,16.52666700829286,0.009750001481734216,0.010207993909716606,16.546625003684312
pessimistic,50,greedy,42,42,42,t00118-c00015,15,118,1,1,True,1,28.068333005649038,28.068333005649038,0.00812498910818249,0.009249997674487531,28.085707992431708
pessimistic,50,greedy,42,42,42,t00119-c00015,15,119,1,1,True,1,15.9616669989191,15.9616669989191,0.008791001164354384,0.00825000461190939,15.978708004695363
pessimistic,50,greedy,42,42,42,t00120-c00011,11,120,1,1,True,1,64.39904199214652,64.39904199214652,0.010792005923576653,0.01158300437964499,64.42141700244974
pessimistic,50,greedy,42,42,42,t00120-c00015,15,120,1,1,True,1,17.7842909906758,17.7842909906758,46.65091700735502,0.005291993147693574,64.44049999117851
pessimistic,50,greedy,42,42,42,t00121-c00015,15,121,1,1,True,1,36.24899999704212,36.24899999704212,0.013124998076818883,0.012750009773299098,36.27487500489224
pessimistic,50,greedy,42,42,42,t00124-c00030,30,124,1,1,True,1,23.824749994673766,23.824749994673766,0.011500000255182385,0.01154201163444668,23.847792006563395
pessimistic,50,greedy,42,42,42,t00125-c00021,21,125,1,1,True,1,21.732209002948366,21.732209002948366,60.30591600574553,0.012208998668938875,82.05033400736284
pessimistic,50,greedy,42,42,42,t00125-c00030,30,125,1,1,True,1,81.98629200342111,81.98629200342111,0.08433300536125898,0.0051249953685328364,82.0757500041509
pessimistic,50,greedy,42,42,42,t00135-c00045,45,135,1,1,True,1,52.18616699858103,52.18616699858103,0.015500001609325409,0.012042000889778137,52.21370900108013
pessimistic,50,greedy,42,42,42,t00136-c00042,42,136,1,1,True,1,56.106000003637746,56.106000003637746,0.013541997759602964,0.011666998034343123,56.13120899943169
pessimistic,50,greedy,42,42,42,t00137-c00026,26,137,1,1,True,1,45.17495799518656,45.17495799518656,110.85429199738428,0.01287501072511077,156.04212500329595
pessimistic,50,greedy,42,42,42,t00137-c00042,42,137,1,1,True,1,155.9746660059318,155.9746660059318,0.08270899706985801,0.00508299854118377,156.06245800154284
pessimistic,50,greedy,42,42,42,t00142-c00043,43,142,1,1,True,1,90.639916001237,90.639916001237,0.016000005416572094,0.0117499876068905,90.66766599426046
pessimistic,50,greedy,42,42,42,t00146-c00005,5,146,1,1,True,1,40.87458399590105,40.87458399590105,0.01695800165180117,0.022833002731204033,40.91437500028405
pessimistic,50,greedy,42,42,42,t00149-c00048,48,149,1,1,True,1,32.01608400559053,32.01608400559053,0.018125007045455277,0.016915990272536874,32.05112500290852
pessimistic,50,greedy,42,42,42,t00150-c00048,48,150,1,1,True,1,26.742292000562884,26.742292000562884,0.01391599653288722,0.013541997759602964,26.769749994855374
pessimistic,50,greedy,42,42,42,t00153-c00046,46,153,1,1,True,1,36.49091599800158,36.49091599800158,0.011209005606360734,0.011665993952192366,36.513790997560136
pessimistic,50,greedy,42,42,42,t00155-c00004,4,155,1,1,True,1,113.39025000052061,113.39025000052061,0.013500000932253897,0.013084005331620574,113.41683400678448
pessimistic,50,greedy,42,42,42,t00156-c00004,4,156,1,1,True,1,95.09316700859927,95.09316700859927,0.01420799526385963,0.013124998076818883,95.12050000193994
pessimistic,50,greedy,42,42,42,t00156-c00017,17,156,1,1,True,1,39.55737499927636,39.55737499927636,55.587750000995584,0.005666996003128588,95.15079199627507
pessimistic,50,greedy,42,42,42,t00157-c00017,17,157,1,1,True,1,36.923916995874606,36.923916995874606,0.008166010957211256,0.009083989425562322,36.94116699625738
pessimistic,50,greedy,42,42,42,t00158-c00017,17,158,1,1,True,1,131.35554100153968,131.35554100153968,0.015708996215835214,0.013666009181179106,131.3849160069367
pessimistic,50,greedy,42,42,42,t00158-c00029,29,158,1,1,True,1,95.00720800133422,95.00720800133422,36.41524999693502,0.005333989975042641,131.42779198824428
pessimistic,50,greedy,42,42,42,t00159-c00017,17,159,1,1,True,1,34.825041992007755,34.825041992007755,0.011625001206994057,0.010957999620586634,34.847624992835335
pessimistic,50,greedy,42,42,42,t00160-c00017,17,160,1,1,True,1,42.18154099362437,42.18154099362437,0.01370901009067893,0.010957999620586634,42.20620800333563
pessimistic,50,greedy,42,42,42,t00161-c00017,17,161,1,1,True,1,62.65512500249315,62.65512500249315,0.0153339933604002,0.013875003787688911,62.68433399964124
pessimistic,50,greedy,42,42,42,t00161-c00040,40,161,1,1,True,1,26.158167005633004,26.158167005633004,36.55925000202842,0.00549999822396785,62.72291700588539
pessimistic,50,greedy,42,42,42,t00162-c00001,1,162,1,1,True,1,85.2407500060508,85.2407500060508,27.20970798691269,0.015542012988589704,112.46600000595208
pessimistic,50,greedy,42,42,42,t00162-c00017,17,162,1,1,True,1,112.39812499843538,112.39812499843538,0.10512500011827797,0.006832997314631939,112.51008299586829
pessimistic,50,greedy,42,42,42,t00163-c00017,17,163,1,1,True,1,101.68362500553485,101.68362500553485,0.015249999705702066,0.01637499372009188,101.71524999896064
pessimistic,50,greedy,42,42,42,t00163-c00041,41,163,1,1,True,1,62.706583994440734,62.706583994440734,39.06650000135414,0.0061250029830262065,101.7792089987779
pessimistic,50,greedy,42,42,42,t00164-c00017,17,164,1,1,True,1,27.979416991001926,27.979416991001926,100.90766700159293,0.014125005691312253,128.90120899828617
pessimistic,50,greedy,42,42,42,t00164-c00041,41,164,1,1,True,1,128.83370800409466,128.83370800409466,0.09391699859406799,0.0056249991757795215,128.9332500018645
pessimistic,50,greedy,42,42,42,t00170-c00026,26,170,1,1,True,1,40.39124998962507,40.39124998962507,0.014334000297822058,0.011708005331456661,40.417291995254345
pessimistic,50,greedy,42,42,42,t00177-c00034,34,177,1,1,True,1,21.531999998842366,21.531999998842366,0.009249997674487531,0.009958006558008492,21.551208003074862
pessimistic,50,greedy,42,42,42,t00185-c00048,48,185,1,1,True,1,76.19804100249894,76.19804100249894,0.01637499372009188,0.014125005691312253,76.22854100191034
pessimistic,50,greedy,42,42,42,t00190-c00012,12,190,1,1,True,1,64.78104200505186,64.78104200505186,0.012707998394034803,0.014292003470472991,64.80804200691637
pessimistic,50,greedy,42,42,42,t00190-c00047,47,190,1,1,True,1,31.382792003569193,31.382792003569193,33.46916699956637,0.0064580090111121535,64.85841701214667
pessimistic,50,greedy,42,42,42,t00191-c00012,12,191,1,1,True,1,44.00995800097007,44.00995800097007,0.011916999937966466,0.01233299553859979,44.03420799644664
pessimistic,50,greedy,42,42,42,t00192-c00012,12,192,1,1,True,1,34.33991699421313,34.33991699421313,0.011208001524209976,0.011833006283268332,34.362958002020605
pessimistic,50,greedy,42,42,42,t00198-c00020,20,198,1,1,True,1,36.491000006208196,36.491000006208196,0.013291995855979621,0.011167008779011667,36.51545901084319
pessimistic,50,greedy,42,42,42,t00199-c00034,34,199,1,1,True,1,30.631040994194336,30.631040994194336,0.013291995855979621,0.009333001798950136,30.653665991849266
pessimistic,50,greedy,42,42,42,t00207-c00035,35,207,1,1,True,1,27.24487500381656,27.24487500381656,0.010207993909716606,0.009584007784724236,27.264667005511
pessimistic,50,greedy,42,42,42,t00210-c00031,31,210,1,1,True,1,59.25195800955407,59.25195800955407,0.016541991499252617,0.014833000022917986,59.283333001076244
pessimistic,50,greedy,42,42,42,t00211-c00031,31,211,1,1,True,1,44.18183300003875,44.18183300003875,0.012542004697024822,0.010957999620586634,44.20533300435636
pessimistic,50,greedy,42,42,42,t00212-c00031,31,212,1,1,True,1,70.90845800121315,70.90845800121315,0.01362498733215034,0.012832999345846474,70.93491598789115
pessimistic,50,greedy,42,42,42,t00213-c00031,31,213,1,1,True,1,34.52895800000988,34.52895800000988,32.873584001208656,0.01404101203661412,67.41658301325515
pessimistic,50,greedy,42,42,42,t00213-c00049,49,213,1,1,True,1,67.35004199435934,67.35004199435934,0.09304100240115076,0.005209003575146198,67.44829200033564
pessimistic,50,greedy,42,42,42,t00220-c00034,34,220,1,1,True,1,21.970792004140094,21.970792004140094,0.023415996110998094,0.02316699828952551,22.017374998540618
pessimistic,50,greedy,42,42,42,t00221-c00033,33,221,1,1,True,1,44.27749999740627,44.27749999740627,46.68183400644921,0.01479098864365369,90.97412499249913
pessimistic,50,greedy,42,42,42,t00221-c00047,47,221,1,1,True,1,90.89879199746065,90.89879199746065,0.09287500870414078,0.005665991920977831,90.99733299808577
pessimistic,50,greedy,42,42,42,t00222-c00041,41,222,1,1,True,1,165.63820799638052,165.63820799638052,0.01983399852178991,0.014250006643123925,165.67229200154543
pessimistic,50,greedy,42,42,42,t00222-c00047,47,222,1,1,True,1,165.60049999679904,165.60049999679904,0.10312499944120646,0.005915993824601173,165.70954099006485
pessimistic,50,greedy,42,42,42,t00223-c00047,47,223,1,1,True,1,31.87183299451135,31.87183299451135,0.012750009773299098,0.012707998394034803,31.897291002678685
pessimistic,50,greedy,42,42,42,t00227-c00012,12,227,1,1,True,1,61.601624998729676,61.601624998729676,0.015333003830164671,0.01316699490416795,61.63012499746401
pessimistic,50,greedy,42,42,42,t00233-c00035,35,233,1,1,True,1,45.76929200266022,45.76929200266022,0.016749996575526893,0.013625001884065568,45.799667001119815
pessimistic,50,greedy,42,42,42,t00235-c00018,18,235,1,1,True,1,18.15158400859218,18.15158400859218,0.009333001798950136,0.00999998883344233,18.170916999224573
pessimistic,50,greedy,42,42,42,t00244-c00024,24,244,1,1,True,1,97.1780419931747,97.1780419931747,0.012999997125007212,0.012415999663062394,97.20345798996277
pessimistic,50,greedy,42,42,42,t00245-c00024,24,245,1,1,True,1,42.52045800967608,42.52045800967608,44.1397499962477,0.013083001249469817,86.67329100717325
pessimistic,50,greedy,42,42,42,t00245-c00034,34,245,1,1,True,1,86.61141600168776,86.61141600168776,0.07441699563059956,0.0046670029405504465,86.69050000025891
pessimistic,50,greedy,42,42,42,t00246-c00034,34,246,1,1,True,1,64.45450001046993,64.45450001046993,0.014457997167482972,0.01233299553859979,64.48129100317601
pessimistic,50,greedy,42,42,42,t00249-c00025,25,249,1,1,True,1,44.64125000231434,44.64125000231434,0.01420799526385963,0.014999997802078724,44.670457995380275
pessimistic,50,greedy,42,42,42,t00253-c00033,33,253,1,1,True,1,28.362000011838973,28.362000011838973,0.013040989870205522,0.010875010048039258,28.385916011757217
pessimistic,50,greedy,42,42,42,t00257-c00038,38,257,1,1,True,1,30.95616601058282,30.95616601058282,0.010124989785254002,0.009625000529922545,30.975916000897996
pessimistic,50,greedy,42,42,42,t00262-c00008,8,262,1,1,True,1,65.42954099131748,65.42954099131748,71.6263340000296,0.014999997802078724,137.07087498914916
pessimistic,50,greedy,42,42,42,t00262-c00023,23,262,1,1,True,1,137.00191699899733,137.00191699899733,0.1230000052601099,0.0061250029830262065,137.13104200724047
pessimistic,50,greedy,42,42,42,t00263-c00008,8,263,1,1,True,1,45.7549580023624,45.7549580023624,0.009750001481734216,0.009875002433545887,45.77458300627768
pessimistic,50,greedy,42,42,42,t00264-c00008,8,264,1,1,True,1,43.33825000503566,43.33825000503566,0.013540993677452207,0.012500007869675756,43.36429100658279
pessimistic,50,greedy,42,42,42,t00265-c00002,2,265,1,1,True,1,163.71791700657923,163.71791700657923,32.49262498866301,0.015291007002815604,196.22583300224505
pessimistic,50,greedy,42,42,42,t00265-c00008,8,265,1,1,True,1,125.5708329990739,125.5708329990739,70.71487499342766,0.0067920045694336295,196.292499997071
pessimistic,50,greedy,42,42,42,t00265-c00019,19,265,1,1,True,1,94.24274999764748,94.24274999764748,102.04875000636093,0.004959001671522856,196.29645900567994
pessimistic,50,greedy,42,42,42,t00265-c00027,27,265,1,1,True,1,196.0942919977242,196.0942919977242,0.18925000040326267,0.0038330035749822855,196.28737500170246
pessimistic,50,greedy,42,42,42,t00266-c00002,2,266,1,1,True,1,189.73820901010185,189.73820901010185,59.27308299578726,0.012792006600648165,249.02408401248977
pessimistic,50,greedy,42,42,42,t00266-c00008,8,266,1,1,True,1,98.4220410027774,98.4220410027774,150.62400000169873,0.005750000127591193,249.05179100460373
pessimistic,50,greedy,42,42,42,t00266-c00013,13,266,1,1,True,1,98.39058399666101,98.39058399666101,150.66524999565445,0.004290996002964675,249.06012498831842
pessimistic,50,greedy,42,42,42,t00266-c00027,27,266,1,1,True,1,248.89608300873078,248.89608300873078,0.14974999066907912,0.003792010829783976,249.04962501022965
pessimistic,50,greedy,42,42,42,t00266-c00036,36,266,1,1,True,1,148.41191699088085,148.41191699088085,100.62187499715947,0.0041660096030682325,249.0379579976434
pessimistic,50,greedy,42,42,42,t00267-c00008,8,267,1,1,True,1,45.669750004890375,45.669750004890375,0.011957992683164775,0.010709001799114048,45.692416999372654
pessimistic,50,greedy,42,42,42,t00276-c00035,35,276,1,1,True,1,55.76916699646972,55.76916699646972,0.015458004781976342,0.012625008821487427,55.797250010073185
pessimistic,50,greedy,42,42,42,t00277-c00006,6,277,1,1,True,1,27.885708012036048,27.885708012036048,0.008874994819052517,0.009875002433545887,27.904458009288646
pessimistic,50,greedy,42,42,42,t00278-c00006,6,278,1,1,True,1,44.608416996197775,44.608416996197775,0.01333300315309316,0.010749994544312358,44.63249999389518
pessimistic,50,greedy,42,42,42,t00281-c00033,33,281,1,1,True,1,34.27062499395106,34.27062499395106,0.01333300315309316,0.01145798887591809,34.29541598598007
pessimistic,50,greedy,42,42,42,t00290-c00015,15,290,1,1,True,1,30.00554200843908,30.00554200843908,0.018499995348975062,0.015832993085496128,30.03987499687355
pessimistic,50,greedy,42,42,42,t00296-c00010,10,296,1,1,True,1,47.07337499712594,47.07337499712594,0.016833000699989498,0.016999998479150236,47.10720799630508
pessimistic,50,greedy,42,42,42,t00300-c00002,2,300,1,1,True,1,45.94737499428447,45.94737499428447,0.014250006643123925,0.014499993994832039,45.97612499492243
pessimistic,50,greedy,42,42,42,t00301-c00031,31,301,1,1,True,1,43.36033399158623,43.36033399158623,0.010583011317066848,0.01145798887591809,43.382374991779216
pessimistic,50,greedy,42,42,42,t00302-c00031,31,302,1,1,True,1,37.32004199991934,37.32004199991934,0.011124997399747372,0.010792005923576653,37.341959003242664
pessimistic,50,greedy,42,42,42,t00303-c00043,43,303,1,1,True,1,26.4145420078421,26.4145420078421,0.010540999937802553,0.010624993592500687,26.435708001372404
pessimistic,50,greedy,42,42,42,t00304-c00000,0,304,1,1,True,1,23.049165989505127,23.049165989505127,42.039834006573074,0.010791001841425896,65.09979099791963
pessimistic,50,greedy,42,42,42,t00304-c00018,18,304,1,1,True,1,65.04129199311137,65.04129199311137,0.07458300387952477,0.00504200579598546,65.12091700278688
pessimistic,50,greedy,42,42,42,t00311-c00007,7,311,1,1,True,1,36.79362499678973,36.79362499678973,53.61004199949093,0.018582999473437667,90.4222499957541
pessimistic,50,greedy,42,42,42,t00311-c00039,39,311,1,1,True,1,90.34995800175238,90.34995800175238,0.10620900138746947,0.006457994459196925,90.46262499759905
pessimistic,50,greedy,42,42,42,t00317-c00033,33,317,1,1,True,1,34.78866699151695,34.78866699151695,0.010458010365255177,0.010709001799114048,34.80983400368132
pessimistic,50,greedy,42,42,42,t00319-c00005,5,319,1,1,True,1,21.96716699108947,21.96716699108947,0.008083006832748652,0.008542003342881799,21.9837920012651
pessimistic,50,greedy,42,42,42,t00321-c00006,6,321,1,1,True,1,48.04083400813397,48.04083400813397,0.011665993952192366,0.013084005331620574,48.06558400741778
pessimistic,50,greedy,42,42,42,t00322-c00006,6,322,1,1,True,1,39.36387499561533,39.36387499561533,0.01012500433716923,0.009874987881630659,39.38387498783413
pessimistic,50,greedy,42,42,42,t00323-c00040,40,323,1,1,True,1,22.698957996908575,22.698957996908575,0.010458999895490706,0.010500007192604244,22.71991700399667
pessimistic,50,greedy,42,42,42,t00324-c00040,40,324,1,1,True,1,27.646999995340593,27.646999995340593,0.009082999895326793,0.008792005246505141,27.664875000482425
pessimistic,50,greedy,42,42,42,t00325-c00046,46,325,1,1,True,1,42.26958300569095,42.26958300569095,0.013084005331620574,0.010707997716963291,42.29337500873953
pessimistic,50,greedy,42,42,42,t00326-c00046,46,326,1,1,True,1,27.784624995547347,27.784624995547347,0.010332994861528277,0.009458002750761807,27.804415993159637
pessimistic,50,greedy,42,42,42,t00327-c00046,46,327,1,1,True,1,35.6135829933919,35.6135829933919,0.011042007827199996,0.010207993909716606,35.63483299512882
pessimistic,50,greedy,42,42,42,t00328-c00046,46,328,1,1,True,1,29.224249999970198,29.224249999970198,0.01012500433716923,0.010124989785254002,29.24449999409262
pessimistic,50,greedy,42,42,42,t00339-c00007,7,339,1,1,True,1,46.84412499773316,46.84412499773316,0.012707998394034803,0.012124990462325513,46.86895798658952
pessimistic,50,greedy,42,42,42,t00340-c00032,32,340,1,1,True,1,34.90758300176822,34.90758300176822,0.012707998394034803,0.015958998119458556,34.93624999828171
pessimistic,50,greedy,42,42,42,t00344-c00040,40,344,1,1,True,1,49.320499994792044,49.320499994792044,0.01416700251866132,0.010415998985990882,49.345082996296696
pessimistic,50,greedy,42,42,42,t00345-c00040,40,345,1,1,True,1,40.249666999443434,40.249666999443434,0.012874996173195541,0.011791009455919266,40.27433300507255
pessimistic,50,greedy,42,42,42,t00346-c00040,40,346,1,1,True,1,31.334708008216694,31.334708008216694,0.008874994819052517,0.008792005246505141,31.35237500828225
pessimistic,50,greedy,42,42,42,t00347-c00021,21,347,1,1,True,1,43.37062498962041,43.37062498962041,0.012792006600648165,0.010207993909716606,43.393624990130775
pessimistic,50,greedy,42,42,42,t00352-c00016,16,352,1,1,True,1,58.50875000760425,58.50875000760425,0.01608299498911947,0.016584002878516912,58.541417005471885
pessimistic,50,greedy,42,42,42,t00355-c00013,13,355,1,1,True,1,20.361250004498288,20.361250004498288,0.009374998626299202,0.010624993592500687,20.381249996717088
pessimistic,50,greedy,42,42,42,t00356-c00013,13,356,0,0,False,0,,,,,
pessimistic,50,greedy,42,42,42,t00357-c00013,13,357,1,1,True,1,26.90299999085255,26.90299999085255,0.009167008101940155,0.009625000529922545,26.921791999484412
pessimistic,50,greedy,42,42,42,t00361-c00003,3,361,1,1,True,1,59.010915996623226,59.010915996623226,0.012624994269572198,0.011916999937966466,59.035457990830764
pessimistic,50,greedy,42,42,42,t00362-c00003,3,362,1,1,True,1,88.55645799485501,88.55645799485501,0.011334006558172405,0.012707998394034803,88.58049999980722
pessimistic,50,greedy,42,42,42,t00362-c00045,45,362,1,1,True,1,42.37262500100769,42.37262500100769,46.23862500011455,0.004707995685748756,88.61595799680799
pessimistic,50,greedy,42,42,42,t00363-c00003,3,363,1,1,True,1,45.39574999944307,45.39574999944307,0.009082999895326793,0.010208008461631835,45.41504100780003
pessimistic,50,greedy,42,42,42,t00366-c00037,37,366,1,1,True,1,37.85829100525007,37.85829100525007,0.008417002391070127,0.008582996088080108,37.87529100372922
pessimistic,50,greedy,42,42,42,t00367-c00037,37,367,1,1,True,1,43.13383300905116,43.13383300905116,0.008582996088080108,0.00954199640545994,43.1519580015447
pessimistic,50,greedy,42,42,42,t00372-c00017,17,372,1,1,True,1,82.7817910030717,82.7817910030717,0.012584001524373889,0.01029099803417921,82.80466600263026
pessimistic,50,greedy,42,42,42,t00372-c00032,32,372,1,1,True,1,42.4072919995524,42.4072919995524,40.40658299345523,0.004750007065013051,82.81862500007264
pessimistic,50,greedy,42,42,42,t00373-c00032,32,373,1,1,True,1,39.88604100595694,39.88604100595694,0.014124991139397025,0.012333999620750546,39.91249999671709
pessimistic,50,greedy,42,42,42,t00374-c00032,32,374,1,1,True,1,42.33445899444632,42.33445899444632,0.01562500256113708,0.011625001206994057,42.36170899821445
pessimistic,50,greedy,42,42,42,t00375-c00032,32,375,1,1,True,1,85.99795799818821,85.99795799818821,0.01416700251866132,0.012417003745213151,86.02454200445209
pessimistic,50,greedy,42,42,42,t00388-c00030,30,388,1,1,True,1,24.06820900796447,24.06820900796447,0.010540999937802553,0.009708994184620678,24.088459002086893
pessimistic,50,greedy,42,42,42,t00389-c00030,30,389,1,1,True,1,24.580874989624135,24.580874989624135,0.007791997632011771,0.00854101381264627,24.597208001068793
pessimistic,50,greedy,42,42,42,t00391-c00042,42,391,1,1,True,1,52.00445900845807,52.00445900845807,0.0159579940373078,0.010000003385357559,52.030417005880736
pessimistic,50,greedy,42,42,42,t00392-c00016,16,392,1,1,True,1,62.69766700279433,62.69766700279433,100.29316699365154,0.01245799649041146,163.00329199293628
pessimistic,50,greedy,42,42,42,t00392-c00042,42,392,1,1,True,1,162.93858300196007,162.93858300196007,0.08554200758226216,0.005249996320344508,163.02937500586268
pessimistic,50,greedy,42,42,42,t00396-c00003,3,396,1,1,True,1,72.24679199862294,72.24679199862294,0.0109999964479357,0.013166005373932421,72.27095800044481
pessimistic,50,greedy,42,42,42,t00398-c00037,37,398,1,1,True,1,27.598417000262998,27.598417000262998,0.011666998034343123,0.009791008778847754,27.61987500707619
pessimistic,50,greedy,42,42,42,t00403-c00045,45,403,1,1,True,1,51.65408299944829,51.65408299944829,0.018207996618002653,0.01745900954119861,51.68975000560749
pessimistic,50,greedy,42,42,42,t00404-c00044,44,404,1,1,True,1,78.97270799730904,78.97270799730904,0.015292011084966362,0.013249999028630555,79.00125000742264
pessimistic,50,greedy,42,42,42,t00405-c00044,44,405,1,1,True,1,44.11899999831803,44.11899999831803,0.011708005331456661,0.012417003745213151,44.1431250073947
pessimistic,50,greedy,42,42,42,t00408-c00011,11,408,1,1,True,1,63.57654101157095,63.57654101157095,0.014249992091208696,0.014125005691312253,63.604916009353474
pessimistic,50,greedy,42,42,42,t00413-c00022,22,413,1,1,True,1,47.30545800703112,47.30545800703112,0.012624994269572198,0.012667005648836493,47.33075000694953
pessimistic,50,greedy,42,42,42,t00414-c00030,30,414,1,1,True,1,58.38712499826215,58.38712499826215,0.013249999028630555,0.010707997716963291,58.411082995007746
pessimistic,50,greedy,42,42,42,t00414-c00047,47,414,1,1,True,1,35.047334007686004,35.047334007686004,23.390832997392863,0.0049579975893720984,58.44312500266824
pessimistic,50,greedy,42,42,42,t00415-c00030,30,415,1,1,True,1,73.98950000060722,73.98950000060722,0.014999997802078724,0.011916999937966466,74.01641699834727
pessimistic,50,greedy,42,42,42,t00415-c00047,47,415,1,1,True,1,32.443249991047196,32.443249991047196,41.585583006963134,0.004916990292258561,74.03374998830259
pessimistic,50,greedy,42,42,42,t00417-c00048,48,417,1,1,True,1,34.03670899569988,34.03670899569988,0.012582997442223132,0.012917007552459836,34.062209000694565
pessimistic,50,greedy,42,42,42,t00418-c00049,49,418,1,1,True,1,43.818833990371786,43.818833990371786,0.015333003830164671,0.011458003427833319,43.845624997629784
pessimistic,50,greedy,42,42,42,t00419-c00009,9,419,1,1,True,1,53.93154099874664,53.93154099874664,0.013666998711414635,0.015541998436674476,53.96074999589473
pessimistic,50,greedy,42,42,42,t00424-c00043,43,424,1,1,True,1,37.91304200422019,37.91304200422019,0.011124997399747372,0.01012500433716923,37.934292005957104
pessimistic,50,greedy,42,42,42,t00425-c00043,43,425,1,1,True,1,34.84329099592287,34.84329099592287,0.009041992598213255,0.009374998626299202,34.86170798714738
pessimistic,50,greedy,42,42,42,t00432-c00025,25,432,1,1,True,1,43.36324999167118,43.36324999167118,0.01820900070015341,0.018250007997266948,43.3997090003686
pessimistic,50,greedy,42,42,42,t00433-c00025,25,433,1,1,True,1,61.48266699165106,61.48266699165106,0.016707999748177826,0.02099999983329326,61.52037499123253
pessimistic,50,greedy,42,42,42,t00434-c00025,25,434,1,1,True,1,41.60470800707117,41.60470800707117,0.015124998753890395,0.01591700129210949,41.63575000711717
pessimistic,50,greedy,42,42,42,t00435-c00026,26,435,1,1,True,1,50.163791005616076,50.163791005616076,0.01708399213384837,0.013708006008528173,50.19458300375845
pessimistic,50,greedy,42,42,42,t00438-c00044,44,438,1,1,True,1,53.1653749931138,53.1653749931138,0.012375006917864084,0.01129100564867258,53.18904100568034
pessimistic,50,greedy,42,42,42,t00443-c00024,24,443,1,1,True,1,76.55024999985471,76.55024999985471,198.34104199253488,0.013708006008528173,274.9049999983981
pessimistic,50,greedy,42,42,42,t00443-c00028,28,443,1,1,True,1,274.8352920025354,274.8352920025354,0.1111250021494925,0.005291993147693574,274.9517089978326
pessimistic,50,greedy,42,42,42,t00443-c00029,29,443,1,1,True,1,196.23720800154842,196.23720800154842,78.70187499793246,0.004207991878502071,274.9432909913594
pessimistic,50,greedy,42,42,42,t00444-c00024,24,444,1,1,True,1,102.17495799588505,102.17495799588505,0.015208002878353,0.013083990779705346,102.20324998954311
pessimistic,50,greedy,42,42,42,t00446-c00012,12,446,1,1,True,1,83.35258399893064,83.35258399893064,0.016124991816468537,0.01475001045037061,83.38345900119748
pessimistic,50,greedy,42,42,42,t00446-c00038,38,446,1,1,True,1,29.618457992910407,29.618457992910407,53.78625000594184,0.0056249991757795215,83.41033299802803
pessimistic,50,greedy,42,42,42,t00447-c00030,30,447,1,1,True,1,94.42483300517779,94.42483300517779,0.01737500133458525,0.012791992048732936,94.4549999985611
pessimistic,50,greedy,42,42,42,t00447-c00038,38,447,1,1,True,1,36.088583001401275,36.088583001401275,58.39979200391099,0.00508299854118377,94.49345800385345
pessimistic,50,greedy,42,42,42,t00448-c00030,30,448,1,1,True,1,92.50720799900591,92.50720799900591,0.018417005776427686,0.01375000283587724,92.53937500761822
pessimistic,50,greedy,42,42,42,t00448-c00038,38,448,1,1,True,1,92.47041700291447,92.47041700291447,0.09991700062528253,0.005708003300242126,92.57604200684
pessimistic,50,greedy,42,42,42,t00450-c00049,49,450,1,1,True,1,40.251082988106646,40.251082988106646,0.014792007277719676,0.011208001524209976,40.277082996908575
pessimistic,50,greedy,42,42,42,t00452-c00045,45,452,1,1,True,1,45.599457997013815,45.599457997013815,0.012042000889778137,0.01158300437964499,45.62308300228324
pessimistic,50,greedy,42,42,42,t00453-c00045,45,453,1,1,True,1,74.67433299461845,74.67433299461845,0.015583005733788013,0.013291995855979621,74.70320799620822
pessimistic,50,greedy,42,42,42,t00454-c00041,41,454,1,1,True,1,64.89220799994655,64.89220799994655,0.015959012671373785,0.013999990187585354,64.92216700280551
pessimistic,50,greedy,42,42,42,t00458-c00000,0,458,1,1,True,1,103.04791601083707,103.04791601083707,0.013041993952356279,0.011958007235080004,103.0729160120245
pessimistic,50,greedy,42,42,42,t00458-c00022,22,458,1,1,True,1,83.35316598822828,83.35316598822828,19.73970900871791,0.004999994416721165,103.09787499136291
pessimistic,50,greedy,42,42,42,t00459-c00022,22,459,1,1,True,1,73.69829199160449,73.69829199160449,0.013541008229367435,0.011249998351559043,73.72308299818542
pessimistic,50,greedy,42,42,42,t00460-c00022,22,460,1,1,True,1,58.04454200551845,58.04454200551845,0.01737500133458525,0.011957992683164775,58.0738749995362
pessimistic,50,greedy,42,42,42,t00461-c00034,34,461,1,1,True,1,30.71974999329541,30.71974999329541,0.008917006198316813,0.009458002750761807,30.738125002244487
pessimistic,50,greedy,42,42,42,t00462-c00034,34,462,1,1,True,1,26.029583008494228,26.029583008494228,0.010042000212706625,0.00912499672267586,26.04875000542961
pessimistic,50,greedy,42,42,42,t00463-c00018,18,463,1,1,True,1,30.34358299919404,30.34358299919404,0.008208997314795852,0.008333008736371994,30.36012500524521
pessimistic,50,greedy,42,42,42,t00464-c00018,18,464,1,1,True,1,22.33391698973719,22.33391698973719,0.010375006240792572,0.009832991054281592,22.354124987032264
pessimistic,50,greedy,42,42,42,t00468-c00014,14,468,1,1,True,1,119.06929100223351,119.06929100223351,0.013500000932253897,0.013124998076818883,119.09591600124259
pessimistic,50,greedy,42,42,42,t00469-c00005,5,469,1,1,True,1,20.348332996945828,20.348332996945828,0.00870799703989178,0.009459006832912564,20.366500000818633
pessimistic,50,greedy,42,42,42,t00470-c00020,20,470,1,1,True,1,65.86854200577363,65.86854200577363,0.01204099680762738,0.012042000889778137,65.89262500347104
pessimistic,50,greedy,42,42,42,t00472-c00035,35,472,1,1,True,1,37.55154200189281,37.55154200189281,0.016999998479150236,0.011707990779541433,37.580249991151504
pessimistic,50,greedy,42,42,42,t00473-c00035,35,473,1,1,True,1,57.08641700039152,57.08641700039152,0.01837499439716339,0.015875004464760423,57.120666999253444
pessimistic,50,greedy,42,42,42,t00474-c00031,31,474,1,1,True,1,79.91924999805633,79.91924999805633,0.01562500256113708,0.011791998986154795,79.94666699960362
pessimistic,50,greedy,42,42,42,t00474-c00035,35,474,1,1,True,1,48.894334002397954,48.894334002397954,31.0702080023475,0.005541995051316917,79.97008399979677
pessimistic,50,greedy,42,42,42,t00476-c00025,25,476,1,1,True,1,72.5067500025034,72.5067500025034,0.01566599530633539,0.010792005923576653,72.53320800373331
pessimistic,50,greedy,42,42,42,t00476-c00034,34,476,1,1,True,1,14.082416004384868,14.082416004384868,58.4714169963263,0.0054580013966187835,72.55929100210778
pessimistic,50,greedy,42,42,42,t00478-c00033,33,478,1,1,True,1,21.38550000381656,21.38550000381656,0.009915995178744197,0.008875009370967746,21.404291008366272
pessimistic,50,greedy,42,42,42,t00479-c00033,33,479,1,1,True,1,14.437250007176772,14.437250007176772,0.009832991054281592,0.008583010639995337,14.455666008871049
pessimistic,50,greedy,42,42,42,t00480-c00033,33,480,1,1,True,1,14.37374998931773,14.37374998931773,0.009000010322779417,0.008957998943515122,14.391707998584025
pessimistic,50,greedy,42,42,42,t00484-c00005,5,484,1,1,True,1,21.877749997656792,21.877749997656792,23.647333000553772,0.010959003702737391,45.5360420019133
pessimistic,50,greedy,42,42,42,t00484-c00012,12,484,1,1,True,1,45.474041995476,45.474041995476,0.0890829978743568,0.0046670029405504465,45.56779199629091
pessimistic,50,greedy,42,42,42,t00485-c00005,5,485,1,1,True,1,19.70787500613369,19.70787500613369,0.011208991054445505,0.014833000022917986,19.733916997211054
pessimistic,50,greedy,42,42,42,t00486-c00049,49,486,1,1,True,1,15.9863329899963,15.9863329899963,0.009666997357271612,0.009666007827036083,16.005665995180607
pessimistic,50,greedy,42,42,42,t00493-c00024,24,493,1,1,True,1,102.88183299417142,102.88183299417142,0.016584002878516912,0.013040989870205522,102.91145798692014
pessimistic,50,greedy,42,42,42,t00494-c00024,24,494,1,1,True,1,79.14595799229573,79.14595799229573,0.017917001969181,0.013541997759602964,79.17741699202452
pessimistic,50,greedy,42,42,42,t00497-c00049,49,497,1,1,True,1,47.59599998942576,47.59599998942576,0.015958998119458556,0.011500000255182385,47.623458987800404
pessimistic,50,greedy,42,42,42,t00498-c00041,41,498,1,1,True,1,45.71695798949804,45.71695798949804,0.013958007912151515,0.010709001799114048,45.74162499920931
pessimistic,50,greedy,42,42,42,t00503-c00023,23,503,1,1,True,1,49.25500000535976,49.25500000535976,0.013875003787688911,0.01087499549612403,49.279750004643574
pessimistic,50,greedy,42,42,42,t00511-c00007,7,511,1,1,True,1,91.62112498597708,91.62112498597708,0.013542012311518192,0.013874989235773683,91.64854198752437
pessimistic,50,greedy,42,42,42,t00511-c00010,10,511,1,1,True,1,44.554708001669496,44.554708001669496,47.118167000007816,0.00549999822396785,91.67837499990128
pessimistic,50,greedy,42,42,42,t00511-c00013,13,511,1,1,True,1,13.7292500003241,13.7292500003241,77.9347079951549,0.0045000051613897085,91.66845800064038
pessimistic,50,greedy,42,42,42,t00512-c00033,33,512,1,1,True,1,21.858207997865975,21.858207997865975,0.008624992915429175,0.008208007784560323,21.875040998565964
pessimistic,50,greedy,42,42,42,t00517-c00036,36,517,1,1,True,1,60.78587500087451,60.78587500087451,0.01345800410490483,0.0109999964479357,60.81033300142735
pessimistic,50,greedy,42,42,42,t00518-c00004,4,518,1,1,True,1,107.80008399160579,107.80008399160579,0.012707998394034803,0.011458003427833319,107.82424999342766
pessimistic,50,greedy,42,42,42,t00521-c00006,6,521,1,1,True,1,45.16325000440702,45.16325000440702,19.49629200680647,0.011582989827729762,64.67112500104122
pessimistic,50,greedy,42,42,42,t00521-c00046,46,521,1,1,True,1,64.60720799805131,64.60720799805131,0.09554199641570449,0.004832996637560427,64.70758299110457
pessimistic,50,greedy,42,42,42,t00522-c00006,6,522,1,1,True,1,74.49475000612438,74.49475000612438,0.014416000340133905,0.011541997082531452,74.52070800354704
pessimistic,50,greedy,42,42,42,t00522-c00013,13,522,1,1,True,1,29.25391698954627,29.25391698954627,45.28391700296197,0.005416004569269717,74.54324999707751
pessimistic,50,greedy,42,42,42,t00523-c00014,14,523,1,1,True,1,102.92099999787752,102.92099999787752,0.014667006325908005,0.012415999663062394,102.94808300386649
pessimistic,50,greedy,42,42,42,t00524-c00014,14,524,1,1,True,1,72.1672500076238,72.1672500076238,0.013249999028630555,0.01274999522138387,72.19325000187382
pessimistic,50,greedy,42,42,42,t00528-c00015,15,528,1,1,True,1,54.674458006047644,54.674458006047644,0.011666998034343123,0.012541000614874065,54.69866600469686
pessimistic,50,greedy,42,42,42,t00529-c00015,15,529,1,1,True,1,40.80979200080037,40.80979200080037,0.01058299676515162,0.011124997399747372,40.83149999496527
pessimistic,50,greedy,42,42,42,t00530-c00015,15,530,1,1,True,1,25.5721659923438,25.5721659923438,0.009625000529922545,0.01054200401995331,25.592332996893674
pessimistic,50,greedy,42,42,42,t00545-c00013,13,545,1,1,True,1,16.226125007960945,16.226125007960945,0.008624992915429175,0.008792005246505141,16.24354200612288
pessimistic,50,greedy,42,42,42,t00547-c00002,2,547,1,1,True,1,54.85979199875146,54.85979199875146,0.010957999620586634,0.011500000255182385,54.88224999862723
pessimistic,50,greedy,42,42,42,t00554-c00010,10,554,1,1,True,1,54.003042008844204,54.003042008844204,0.013707991456612945,0.01141701068263501,54.02816701098345
pessimistic,50,greedy,42,42,42,t00555-c00010,10,555,1,1,True,1,65.20337499387097,65.20337499387097,0.015792000340297818,0.013042008504271507,65.23220900271554
pessimistic,50,greedy,42,42,42,t00557-c00006,6,557,1,1,True,1,121.23350000183564,121.23350000183564,0.016167003195732832,0.018332997569814324,121.26800000260118
pessimistic,50,greedy,42,42,42,t00557-c00015,15,557,1,1,True,1,46.70962499221787,46.70962499221787,74.61404200876132,0.006874994141981006,121.33054199512117
pessimistic,50,greedy,42,42,42,t00558-c00006,6,558,0,0,False,0,,,,,
pessimistic,50,greedy,42,42,42,t00559-c00006,6,559,1,1,True,1,744.1424999997253,744.1424999997253,0.017541999113745987,0.017624988686293364,744.1776669875253
pessimistic,50,greedy,42,42,42,t00559-c00036,36,559,1,1,True,1,744.1032500064466,744.1032500064466,0.1119579974329099,0.0061250029830262065,744.2213330068626
pessimistic,50,greedy,42,42,42,t00570-c00027,27,570,1,1,True,1,28.419209003914148,28.419209003914148,0.009957992006093264,0.009208000847138464,28.43837499676738
pessimistic,50,greedy,42,42,42,t00574-c00037,37,574,1,1,True,1,45.56791699724272,45.56791699724272,0.01233299553859979,0.011167008779011667,45.59141700156033
pessimistic,50,greedy,42,42,42,t00575-c00037,37,575,1,1,True,1,23.639917009859346,23.639917009859346,0.019165992853231728,0.016792007954791188,23.67587501066737
pessimistic,50,greedy,42,42,42,t00579-c00008,8,579,1,1,True,1,72.38425000105053,72.38425000105053,0.015749988961033523,0.016416001017205417,72.41641599102877
pessimistic,50,greedy,42,42,42,t00580-c00004,4,580,1,1,True,1,45.564667001599446,45.564667001599446,0.010083007509820163,0.011041993275284767,45.58579200238455
pessimistic,50,greedy,42,42,42,t00581-c00004,4,581,1,1,True,1,78.47120900987647,78.47120900987647,0.015207988326437771,0.014583012671209872,78.50100001087412
pessimistic,50,greedy,42,42,42,t00582-c00040,40,582,1,1,True,1,13.769541998044588,13.769541998044588,0.008749993867240846,0.009041003067977726,13.787332994979806
pessimistic,50,greedy,42,42,42,t00588-c00047,47,588,1,1,True,1,36.663374994532205,36.663374994532205,0.01708300260361284,0.012792006600648165,36.693250003736466
pessimistic,50,greedy,42,42,42,t00592-c00043,43,592,1,1,True,1,28.62820800510235,28.62820800510235,0.01041698851622641,0.008792005246505141,28.647416998865083
pessimistic,50,greedy,42,42,42,t00593-c00043,43,593,1,1,True,1,47.68745799083263,47.68745799083263,0.01300001167692244,0.015624988009221852,47.71608299051877
pessimistic,50,greedy,42,42,42,t00602-c00039,39,602,1,1,True,1,24.830750000546686,24.830750000546686,0.011374999303370714,0.01029099803417921,24.852415997884236
pessimistic,50,greedy,42,42,42,t00608-c00037,37,608,1,1,True,1,30.71883399388753,30.71883399388753,0.00970800465438515,0.008957998943515122,30.73749999748543
pessimistic,50,greedy,42,42,42,t00609-c00005,5,609,1,1,True,1,23.2016669906443,23.2016669906443,0.008708011591807008,0.00912499672267586,23.21949999895878
pessimistic,50,greedy,42,42,42,t00610-c00005,5,610,1,1,True,1,89.55558299203403,89.55558299203403,0.014958000974729657,0.017875005141831934,89.5884159981506
pessimistic,50,greedy,42,42,42,t00610-c00019,19,610,1,1,True,1,64.18066700280178,64.18066700280178,25.44862500508316,0.006582995411008596,89.63587500329595
pessimistic,50,greedy,42,42,42,t00611-c00036,36,611,1,1,True,1,108.56349999085069,108.56349999085069,0.015958998119458556,0.013666009181179106,108.59312499815132
pessimistic,50,greedy,42,42,42,t00614-c00010,10,614,1,1,True,1,60.55770898819901,60.55770898819901,0.010166011634282768,0.011166994227096438,60.57904199406039
pessimistic,50,greedy,42,42,42,t00619-c00013,13,619,1,1,True,1,20.07295799558051,20.07295799558051,0.011084004654549062,0.009374998626299202,20.093416998861358
pessimistic,50,greedy,42,42,42,t00620-c00013,13,620,1,1,True,1,20.52150000235997,20.52150000235997,0.007374997949227691,0.007916998583823442,20.536791998893023
pessimistic,50,greedy,42,42,42,t00621-c00043,43,621,1,1,True,1,22.618458009674214,22.618458009674214,0.010249990737065673,0.009875002433545887,22.638583002844825
pessimistic,50,greedy,42,42,42,t00623-c00018,18,623,1,1,True,1,11.85033300134819,11.85033300134819,0.008750008419156075,0.008834002073854208,11.8679170118412
pessimistic,50,greedy,42,42,42,t00626-c00000,0,626,1,1,True,1,32.48083300422877,32.48083300422877,0.00837500556372106,0.008999995770864189,32.498208005563356
pessimistic,50,greedy,42,42,42,t00630-c00046,46,630,1,1,True,1,30.784083995968103,30.784083995968103,0.009374998626299202,0.009291004971601069,30.802749999566004
pessimistic,50,greedy,42,42,42,t00637-c00017,17,637,1,1,True,1,45.372541004326195,45.372541004326195,0.011541997082531452,0.010042000212706625,45.39412500162143
pessimistic,50,greedy,42,42,42,t00638-c00034,34,638,1,1,True,1,43.439791988930665,43.439791988930665,0.012125005014240742,0.01087499549612403,43.46279198944103
pessimistic,50,greedy,42,42,42,t00639-c00034,34,639,1,1,True,1,36.032875010278076,36.032875010278076,0.012042000889778137,0.011915995855815709,36.05683300702367
pessimistic,50,greedy,42,42,42,t00642-c00032,32,642,1,1,True,1,48.562500000116415,48.562500000116415,0.011791998986154795,0.011708005331456661,48.58600000443403
pessimistic,50,greedy,42,42,42,t00643-c00032,32,643,1,1,True,1,32.24579099332914,32.24579099332914,0.018000006093643606,0.01720899308566004,32.28099999250844
pessimistic,50,greedy,42,42,42,t00645-c00012,12,645,1,1,True,1,39.76600000169128,39.76600000169128,0.011666998034343123,0.011042007827199996,39.788709007552825
pessimistic,50,greedy,42,42,42,t00647-c00048,48,647,1,1,True,1,48.95041599229444,48.95041599229444,0.012959004379808903,0.011458003427833319,48.97483300010208
pessimistic,50,greedy,42,42,42,t00652-c00009,9,652,1,1,True,1,40.61141700367443,40.61141700367443,0.011249998351559043,0.010624993592500687,40.63329199561849
pessimistic,50,greedy,42,42,42,t00653-c00009,9,653,1,1,True,1,96.42675000941381,96.42675000941381,0.012124990462325513,0.01054200401995331,96.44941700389609
pessimistic,50,greedy,42,42,42,t00653-c00041,41,653,1,1,True,1,62.65824999718461,62.65824999718461,33.820333002950065,0.004874993464909494,96.48345799359959
pessimistic,50,greedy,42,42,42,t00654-c00009,9,654,1,1,True,1,36.72195799299516,36.72195799299516,0.011500000255182385,0.01229200279340148,36.74574999604374
pessimistic,50,greedy,42,42,42,t00655-c00004,4,655,1,1,True,1,189.0952920075506,189.0952920075506,51.641291996929795,0.01579099625814706,240.75237500073854
pessimistic,50,greedy,42,42,42,t00655-c00009,9,655,1,1,True,1,240.681167008006,240.681167008006,0.10299999848939478,0.005541995051316917,240.78970900154673
pessimistic,50,greedy,42,42,42,t00657-c00010,10,657,1,1,True,1,103.64591600955464,103.64591600955464,0.015833997167646885,0.014874996850267053,103.67662500357255
pessimistic,50,greedy,42,42,42,t00658-c00010,10,658,1,1,True,1,111.57037499651778,111.57037499651778,0.01491600414738059,0.014334000297822058,111.59962500096299
pessimistic,50,greedy,42,42,42,t00660-c00016,16,660,1,1,True,1,34.30237500288058,34.30237500288058,0.009875002433545887,0.008792005246505141,34.32104201056063
pessimistic,50,greedy,42,42,42,t00661-c00016,16,661,1,1,True,1,57.77204199694097,57.77204199694097,0.011416996130719781,0.011374999303370714,57.79483399237506
pessimistic,50,greedy,42,42,42,t00662-c00034,34,662,1,1,True,1,43.14662500109989,43.14662500109989,0.010791001841425896,0.01087499549612403,43.16829099843744
pessimistic,50,greedy,42,42,42,t00662-c00038,38,662,1,1,True,1,22.03633300086949,22.03633300086949,21.13445800205227,0.004959001671522856,43.17575000459328
pessimistic,50,greedy,42,42,42,t00664-c00045,45,664,1,1,True,1,38.6795840022387,38.6795840022387,0.014290999388322234,0.012999997125007212,38.70687499875203
pessimistic,50,greedy,42,42,42,t00665-c00021,21,665,1,1,True,1,68.64204199519008,68.64204199519008,61.41833300353028,0.013833996490575373,130.07420899521094
pessimistic,50,greedy,42,42,42,t00665-c00033,33,665,1,1,True,1,130.0052919978043,130.0052919978043,0.10604200360830873,0.00508299854118377,130.1164169999538
pessimistic,50,greedy,42,42,42,t00665-c00045,45,665,1,1,True,1,95.16737500962336,95.16737500962336,34.93424999760464,0.004250003257766366,130.10587501048576
pessimistic,50,greedy,42,42,42,t00666-c00021,21,666,1,1,True,1,29.124040986062028,29.124040986062028,0.013167009456083179,0.010167001164518297,29.14737499668263
pessimistic,50,greedy,42,42,42,t00667-c00021,21,667,1,1,True,1,28.798125000321306,28.798125000321306,0.008457995136268437,0.008292001439258456,28.814874996896833
pessimistic,50,greedy,42,42,42,t00669-c00024,24,669,1,1,True,1,55.238000000827014,55.238000000827014,0.012417003745213151,0.011665993952192366,55.26208299852442
pessimistic,50,greedy,42,42,42,t00670-c00024,24,670,1,1,True,1,85.25929099414498,85.25929099414498,0.012667005648836493,0.011750002158805728,85.28370800195262
pessimistic,50,greedy,42,42,42,t00674-c00032,32,674,1,1,True,1,66.66637500165962,66.66637500165962,0.012582997442223132,0.011833006283268332,66.69079100538511
pessimistic,50,greedy,42,42,42,t00675-c00032,32,675,1,1,True,1,66.14770799933467,66.14770799933467,0.015249999705702066,0.010332994861528277,66.1732909939019
pessimistic,50,greedy,42,42,42,t00676-c00032,32,676,1,1,True,1,39.27850000036415,39.27850000036415,0.011999989510513842,0.009042007150128484,39.29954199702479
pessimistic,50,greedy,42,42,42,t00679-c00026,26,679,1,1,True,1,33.89320800488349,33.89320800488349,31.316666994825937,0.012999997125007212,65.22287499683443
pessimistic,50,greedy,42,42,42,t00679-c00031,31,679,1,1,True,1,65.15650000073947,65.15650000073947,0.08699999307282269,0.005292007699608803,65.2487920015119
pessimistic,50,greedy,42,42,42,t00692-c00040,40,692,1,1,True,1,38.15137498895638,38.15137498895638,0.015708006685599685,0.014833000022917986,38.181915995664895
pessimistic,50,greedy,42,42,42,t00693-c00009,9,693,1,1,True,1,35.76825000345707,35.76825000345707,48.478915996383876,0.013416996807791293,84.26058299664874
pessimistic,50,greedy,42,42,42,t00693-c00033,33,693,1,1,True,1,84.1898329963442,84.1898329963442,0.08770800195634365,0.0053340045269578695,84.2828750028275
pessimistic,50,greedy,42,42,42,t00696-c00003,3,696,1,1,True,1,59.21070900512859,59.21070900512859,40.63970799325034,0.014542005374096334,99.86495900375303
pessimistic,50,greedy,42,42,42,t00696-c00045,45,696,1,1,True,1,99.79875000135507,99.79875000135507,0.09687499550636858,0.0061250029830262065,99.90174999984447
pessimistic,50,greedy,42,42,42,t00708-c00007,7,708,1,1,True,1,41.19229200296104,41.19229200296104,0.01116600469686091,0.010833988199010491,41.21429199585691
pessimistic,50,greedy,42,42,42,t00709-c00007,7,709,1,1,True,1,66.1643330095103,66.1643330095103,0.011583993909880519,0.011790994904004037,66.18770799832419
pessimistic,50,greedy,42,42,42,t00711-c00030,30,711,1,1,True,1,33.13291700033005,33.13291700033005,0.00883299799170345,0.009166993550024927,33.15091699187178
pessimistic,50,greedy,42,42,42,t00714-c00024,24,714,1,1,True,1,58.22787500801496,58.22787500801496,0.013416996807791293,0.016749996575526893,58.25804200139828
pessimistic,50,greedy,42,42,42,t00718-c00005,5,718,1,1,True,1,20.721708991914056,20.721708991914056,0.008457995136268437,0.010250005288980901,20.740416992339306
pessimistic,50,greedy,42,42,42,t00719-c00005,5,719,1,1,True,1,23.93579200725071,23.93579200725071,0.01608299498911947,0.01720800355542451,23.969083005795255
pessimistic,50,greedy,42,42,42,t00720-c00032,32,720,1,1,True,1,61.43633399915416,61.43633399915416,0.017207989003509283,0.014292003470472991,61.46783399162814
pessimistic,50,greedy,42,42,42,t00723-c00040,40,723,1,1,True,1,43.15337499429006,43.15337499429006,0.018042002920992672,0.014000004739500582,43.185417001950555
pessimistic,50,greedy,42,42,42,t00729-c00022,22,729,1,1,True,1,46.425874999840744,46.425874999840744,0.011625001206994057,0.01041700306814164,46.44791700411588
pessimistic,50,greedy,42,42,42,t00730-c00022,22,730,1,1,True,1,53.362249993369915,53.362249993369915,0.010709001799114048,0.010707997716963291,53.38366699288599
pessimistic,50,greedy,42,42,42,t00731-c00009,9,731,1,1,True,1,101.70741600450128,101.70741600450128,0.014416989870369434,0.01650000922381878,101.73833300359547
pessimistic,50,greedy,42,42,42,t00731-c00022,22,731,1,1,True,1,29.496915987692773,29.496915987692773,72.27400000556372,0.006583999493159354,101.77749999274965
pessimistic,50,greedy,42,42,42,t00733-c00049,49,733,1,1,True,1,31.058250009664334,31.058250009664334,0.01129199517890811,0.00941600592341274,31.078958010766655
pessimistic,50,greedy,42,42,42,t00734-c00025,25,734,1,1,True,1,45.22458300925791,45.22458300925791,0.01375000283587724,0.011166994227096438,45.249500006320886
pessimistic,50,greedy,42,42,42,t00735-c00025,25,735,1,1,True,1,22.73191600397695,22.73191600397695,0.010458999895490706,0.00912499672267586,22.751500000595115
pessimistic,50,greedy,42,42,42,t00736-c00025,25,736,1,1,True,1,89.3700830056332,89.3700830056332,0.017416998161934316,0.016249992768280208,89.40374999656342
pessimistic,50,greedy,42,42,42,t00745-c00029,29,745,1,1,True,1,81.65708399610594,81.65708399610594,0.017291007679887116,0.013416996807791293,81.68779200059362
pessimistic,50,greedy,42,42,42,t00746-c00042,42,746,1,1,True,1,119.20529199414887,119.20529199414887,0.01808301021810621,0.01491699367761612,119.23829199804459
pessimistic,50,greedy,42,42,42,t00750-c00003,3,750,1,1,True,1,194.47550000040792,194.47550000040792,0.01579099625814706,0.01270900247618556,194.50399999914225
pessimistic,50,greedy,42,42,42,t00750-c00035,35,750,1,1,True,1,28.73129201179836,28.73129201179836,165.79487499257084,0.0054580013966187835,194.53162500576582
pessimistic,50,greedy,42,42,42,t00752-c00037,37,752,1,1,True,1,21.567582996794954,21.567582996794954,0.010000003385357559,0.015666999388486147,21.593249999568798
pessimistic,50,greedy,42,42,42,t00753-c00028,28,753,1,1,True,1,73.9067079994129,73.9067079994129,0.015417012036778033,0.012874996173195541,73.93500000762288
pessimistic,50,greedy,42,42,42,t00753-c00037,37,753,1,1,True,1,20.920791997923516,20.920791997923516,53.03675000322983,0.00595799065195024,73.96349999180529
pessimistic,50,greedy,42,42,42,t00754-c00037,37,754,1,1,True,1,26.68166600051336,26.68166600051336,0.01129199517890811,0.010832998668774962,26.703790994361043
pessimistic,50,greedy,42,42,42,t00756-c00022,22,756,1,1,True,1,65.40645800123457,65.40645800123457,0.013291995855979621,0.012333010090515018,65.43208300718106
pessimistic,50,greedy,42,42,42,t00757-c00022,22,757,1,1,True,1,57.08504200447351,57.08504200447351,0.010957999620586634,0.010083997040055692,57.10608400113415
pessimistic,50,greedy,42,42,42,t00758-c00022,22,758,1,1,True,1,92.45345799718052,92.45345799718052,0.014542005374096334,0.01462499494664371,92.48262499750126
pessimistic,50,greedy,42,42,42,t00759-c00018,18,759,1,1,True,1,36.4641250052955,36.4641250052955,0.0117499876068905,0.011958007235080004,36.48783300013747
pessimistic,50,greedy,42,42,42,t00764-c00043,43,764,1,1,True,1,47.86729199986439,47.86729199986439,0.012499993317760527,0.01012500433716923,47.88991699751932
pessimistic,50,greedy,42,42,42,t00765-c00020,20,765,0,0,False,0,,,,,
pessimistic,50,greedy,42,42,42,t00765-c00043,43,765,1,1,True,1,50.97524999291636,50.97524999291636,0.014125005691312253,0.010000003385357559,50.99937500199303
pessimistic,50,greedy,42,42,42,t00766-c00020,20,766,1,1,True,1,40.4863750009099,40.4863750009099,0.011000010999850929,0.009208990377373993,40.50658400228713
pessimistic,50,greedy,42,42,42,t00768-c00015,15,768,1,1,True,1,78.3462090039393,78.3462090039393,0.0150829873746261,0.020208011846989393,78.38150000316091
pessimistic,50,greedy,42,42,42,t00768-c00023,23,768,1,1,True,1,52.317499998025596,52.317499998025596,26.117125002201647,0.006707996362820268,78.44133299659006
pessimistic,50,greedy,42,42,42,t00769-c00015,15,769,1,1,True,1,31.969791001756676,31.969791001756676,41.63575000711717,0.013666998711414635,73.61920800758526
pessimistic,50,greedy,42,42,42,t00769-c00044,44,769,1,1,True,1,73.54658300755545,73.54658300755545,0.10283399024046957,0.005166002665646374,73.65458300046157
pessimistic,50,greedy,42,42,42,t00770-c00015,15,770,1,1,True,1,28.739832996507175,28.739832996507175,56.80395801027771,0.01216698728967458,85.55595799407456
pessimistic,50,greedy,42,42,42,t00770-c00044,44,770,1,1,True,1,85.48895899730269,85.48895899730269,0.09037500421982259,0.005041001713834703,85.58437500323635
pessimistic,50,greedy,42,42,42,t00775-c00011,11,775,1,1,True,1,49.277124999207444,49.277124999207444,0.014749995898455381,0.01633301144465804,49.30820800655056
pessimistic,50,greedy,42,42,42,t00776-c00011,11,776,1,1,True,1,76.63874998979736,76.63874998979736,0.014042001566849649,0.015291007002815604,76.66808299836703
pessimistic,50,greedy,42,42,42,t00780-c00002,2,780,1,1,True,1,22.950124999624677,22.950124999624677,0.008540999260731041,0.009791998309083283,22.96845799719449
pessimistic,50,greedy,42,42,42,t00781-c00009,9,781,1,1,True,1,89.47666700987611,89.47666700987611,0.01291598891839385,0.012750009773299098,89.5023330085678
pessimistic,50,greedy,42,42,42,t00784-c00014,14,784,1,1,True,1,91.90504200523719,91.90504200523719,0.013290991773828864,0.011124997399747372,91.92945799441077
pessimistic,50,greedy,42,42,42,t00784-c00047,47,784,1,1,True,1,11.517540988279507,11.517540988279507,80.4388340038713,0.0049579975893720984,91.96133298974019
pessimistic,50,greedy,42,42,42,t00785-c00014,14,785,1,1,True,1,77.82816699182149,77.82816699182149,0.012917007552459836,0.010791001841425896,77.85187500121538
pessimistic,50,greedy,42,42,42,t00790-c00037,37,790,1,1,True,1,30.099583003902808,30.099583003902808,0.013500000932253897,0.01129199517890811,30.12437500001397
pessimistic,50,greedy,42,42,42,t00793-c00006,6,793,1,1,True,1,43.412290993728675,43.412290993728675,0.035083998227491975,0.01866600359790027,43.46604099555407
pessimistic,50,greedy,42,42,42,t00794-c00046,46,794,1,1,True,1,34.495333005907014,34.495333005907014,0.015707992133684456,0.013167009456083179,34.52420800749678
pessimistic,50,greedy,42,42,42,t00795-c00046,46,795,1,1,True,1,36.208165998687036,36.208165998687036,0.014083998394198716,0.011708005331456661,36.23395800241269
pessimistic,50,greedy,42,42,42,t00796-c00046,46,796,1,1,True,1,46.69433299568482,46.69433299568482,0.012167001841589808,0.010375006240792572,46.7168750037672
pessimistic,50,greedy,42,42,42,t00800-c00042,42,800,1,1,True,1,97.32512499613222,97.32512499613222,0.014000004739500582,0.014374993043020368,97.35349999391474
pessimistic,50,greedy,42,42,42,t00801-c00018,18,801,1,1,True,1,53.304790999391116,53.304790999391116,81.1994169926038,0.011792013538070023,134.516000005533
pessimistic,50,greedy,42,42,42,t00801-c00042,42,801,1,1,True,1,134.44920899928547,134.44920899928547,0.10299999848939478,0.0050000089686363935,134.5572090067435
pessimistic,50,greedy,42,42,42,t00802-c00018,18,802,1,1,True,1,49.168124998686835,49.168124998686835,133.08025000151247,0.012417003745213151,182.26079200394452
pessimistic,50,greedy,42,42,42,t00802-c00027,27,802,1,1,True,1,105.92545800318476,105.92545800318476,76.35312499769498,0.005459005478769541,182.2840420063585
pessimistic,50,greedy,42,42,42,t00802-c00042,42,802,1,1,True,1,182.1594590001041,182.1594590001041,0.1258750125998631,0.004207991878502071,182.28954200458247
pessimistic,50,greedy,42,42,42,t00803-c00027,27,803,1,1,True,1,30.286708002677187,30.286708002677187,0.011750002158805728,0.010374991688877344,30.30883299652487
pessimistic,50,greedy,42,42,42,t00809-c00044,44,809,1,1,True,1,89.14829199784435,89.14829199784435,0.013666998711414635,0.011249998351559043,89.17320899490733
pessimistic,50,greedy,42,42,42,t00811-c00013,13,811,1,1,True,1,34.84570801083464,34.84570801083464,0.011124997399747372,0.010374991688877344,34.86720799992327
pessimistic,50,greedy,42,42,42,t00814-c00002,2,814,1,1,True,1,34.2674999992596,34.2674999992596,0.008874994819052517,0.00837500556372106,34.28474999964237
pessimistic,50,greedy,42,42,42,t00818-c00023,23,818,1,1,True,1,77.90045900037512,77.90045900037512,0.01420799526385963,0.010167001164518297,77.9248339968035
pessimistic,50,greedy,42,42,42,t00819-c00011,11,819,1,1,True,1,54.8145420034416,54.8145420034416,0.013167009456083179,0.013790995581075549,54.84150000847876
pessimistic,50,greedy,42,42,42,t00820-c00034,34,820,1,1,True,1,13.522249995730817,13.522249995730817,0.009208000847138464,0.009583003702573478,13.54104100028053
pessimistic,50,greedy,42,42,42,t00824-c00000,0,824,1,1,True,1,36.911666989908554,36.911666989908554,0.009499999578110874,0.009916009730659425,36.931082999217324
pessimistic,50,greedy,42,42,42,t00825-c00000,0,825,1,1,True,1,34.5900829997845,34.5900829997845,0.01012500433716923,0.011334006558172405,34.61154201067984
pessimistic,50,greedy,42,42,42,t00832-c00012,12,832,1,1,True,1,29.59970799565781,29.59970799565781,0.007957991329021752,0.009750001481734216,29.617415988468565
pessimistic,50,greedy,42,42,42,t00833-c00012,12,833,1,1,True,1,50.124250003136694,50.124250003136694,0.011208991054445505,0.01287501072511077,50.14833400491625
pessimistic,50,greedy,42,42,42,t00833-c00038,38,833,1,1,True,1,14.523917008773424,14.523917008773424,35.64833299606107,0.006499991286545992,50.17874999612104
pessimistic,50,greedy,42,42,42,t00841-c00013,13,841,1,1,True,1,24.990542005980387,24.990542005980387,0.008542003342881799,0.007957991329021752,25.00704200065229
pessimistic,50,greedy,42,42,42,t00843-c00027,27,843,1,1,True,1,42.8891659976216,42.8891659976216,0.011000010999850929,0.008624992915429175,42.90879100153688
pessimistic,50,greedy,42,42,42,t00847-c00018,18,847,1,1,True,1,80.07816699682735,80.07816699682735,0.012208009138703346,0.009458002750761807,80.09983300871681
pessimistic,50,greedy,42,42,42,t00852-c00039,39,852,1,1,True,1,39.26291699463036,39.26291699463036,0.011750002158805728,0.012499993317760527,39.287166990106925
pessimistic,50,greedy,42,42,42,t00857-c00019,19,857,1,1,True,1,55.33229200227652,55.33229200227652,0.01766700006555766,0.01466598769184202,55.36462499003392
pessimistic,50,greedy,42,42,42,t00859-c00042,42,859,1,1,True,1,128.63720799214207,128.63720799214207,0.015666999388486147,0.012874996173195541,128.66574998770375
pessimistic,50,greedy,42,42,42,t00862-c00045,45,862,1,1,True,1,23.484916004235856,23.484916004235856,0.009166993550024927,0.008458009688183665,23.502541007474065
pessimistic,50,greedy,42,42,42,t00867-c00005,5,867,1,1,True,1,60.025958009646274,60.025958009646274,0.013875003787688911,0.01883399090729654,60.05866700434126
pessimistic,50,greedy,42,42,42,t00867-c00048,48,867,1,1,True,1,39.01800001040101,39.01800001040101,21.084540989249945,0.0062920007621869445,60.10883300041314
pessimistic,50,greedy,42,42,42,t00868-c00005,5,868,1,1,True,1,26.13645799283404,26.13645799283404,0.009417010005563498,0.013957993360236287,26.15983299619984
pessimistic,50,greedy,42,42,42,t00869-c00012,12,869,1,1,True,1,57.99887499597389,57.99887499597389,0.01333300315309316,0.011584008461795747,58.02379200758878
pessimistic,50,greedy,42,42,42,t00870-c00012,12,870,1,1,True,1,41.720917011843994,41.720917011843994,80.6789999915054,0.013708006008528173,122.41362500935793
pessimistic,50,greedy,42,42,42,t00870-c00023,23,870,1,1,True,1,122.34662499395199,122.34662499395199,0.10916699829977006,0.005708003300242126,122.461499995552
pessimistic,50,greedy,42,42,42,t00871-c00012,12,871,1,1,True,1,174.81604100612458,174.81604100612458,0.013041993952356279,0.013708006008528173,174.84279100608546
pessimistic,50,greedy,42,42,42,t00871-c00023,23,871,1,1,True,1,137.92220900359098,137.92220900359098,36.96341600152664,0.005833993782289326,174.8914589988999
pessimistic,50,greedy,42,42,42,t00872-c00012,12,872,1,1,True,1,56.047749996650964,56.047749996650964,0.013291006325744092,0.011791998986154795,56.07283300196286
pessimistic,50,greedy,42,42,42,t00880-c00008,8,880,1,1,True,1,77.35975000832696,77.35975000832696,0.013875003787688911,0.014165998436510563,77.38779101055115
pessimistic,50,greedy,42,42,42,t00880-c00031,31,880,1,1,True,1,46.81016699760221,46.81016699760221,30.614540999522433,0.007084003300406039,77.43179200042505
pessimistic,50,greedy,42,42,42,t00887-c00039,39,887,1,1,True,1,93.62545800104272,93.62545800104272,0.016292004147544503,0.011916999937966466,93.65366700512823
pessimistic,50,greedy,42,42,42,t00887-c00041,41,887,1,1,True,1,35.90920800343156,35.90920800343156,57.775082997977734,0.005458990926854312,93.68974999233615
pessimistic,50,greedy,42,42,42,t00888-c00039,39,888,1,1,True,1,98.40116600389592,98.40116600389592,0.015416997484862804,0.014917008229531348,98.43150000961032
pessimistic,50,greedy,42,42,42,t00888-c00041,41,888,1,1,True,1,22.98591700673569,22.98591700673569,75.4692909977166,0.00549999822396785,98.46070800267626
pessimistic,50,greedy,42,42,42,t00899-c00049,49,899,1,1,True,1,13.62570900528226,13.62570900528226,0.010457995813339949,0.015208002878353,13.651375003973953
pessimistic,50,greedy,42,42,42,t00906-c00036,36,906,1,1,True,1,50.85366600542329,50.85366600542329,0.014334000297822058,0.013790995581075549,50.88179100130219
pessimistic,50,greedy,42,42,42,t00907-c00017,17,907,1,1,True,1,27.752459005569108,27.752459005569108,0.008165996405296028,0.009625000529922545,27.770250002504326
pessimistic,50,greedy,42,42,42,t00911-c00033,33,911,1,1,True,1,19.56320900353603,19.56320900353603,0.010666000889614224,0.010458999895490706,19.584334004321136
pessimistic,50,greedy,42,42,42,t00912-c00033,33,912,1,1,True,1,22.90733299741987,22.90733299741987,0.01649999467190355,0.011458003427833319,22.93529099551961
pessimistic,50,greedy,42,42,42,t00913-c00033,33,913,1,1,True,1,22.239166995859705,22.239166995859705,0.009499999578110874,0.00837500556372106,22.257042001001537
pessimistic,50,greedy,42,42,42,t00914-c00033,33,914,1,1,True,1,22.82549999654293,22.82549999654293,0.006875008693896234,0.00783299037721008,22.840207995614037
pessimistic,50,greedy,42,42,42,t00915-c00010,10,915,1,1,True,1,54.02483299258165,54.02483299258165,0.013249999028630555,0.012458011042326689,54.05054100265261
pessimistic,50,greedy,42,42,42,t00916-c00010,10,916,1,1,True,1,19.68083299288992,19.68083299288992,0.009875002433545887,0.010208997991867363,19.70091699331533
pessimistic,50,greedy,42,42,42,t00917-c00012,12,917,1,1,True,1,67.92349999886937,67.92349999886937,0.010374991688877344,0.010415998985990882,67.94429098954424
pessimistic,50,greedy,42,42,42,t00933-c00015,15,933,1,1,True,1,29.363000008743256,29.363000008743256,0.007208989700302482,0.007791008101776242,29.378000006545335
pessimistic,50,greedy,42,42,42,t00936-c00007,7,936,1,1,True,1,39.175583005999215,39.175583005999215,0.00695799826644361,0.009750001481734216,39.19229100574739
pessimistic,50,greedy,42,42,42,t00940-c00010,10,940,1,1,True,1,60.5826669925591,60.5826669925591,0.011625001206994057,0.011750002158805728,60.6060419959249
pessimistic,50,greedy,42,42,42,t00943-c00023,23,943,1,1,True,1,161.53891700378153,161.53891700378153,0.016707999748177826,0.014749995898455381,161.57037499942817
pessimistic,50,greedy,42,42,42,t00943-c00024,24,943,1,1,True,1,50.009458005661145,50.009458005661145,111.6121669911081,0.007041002390906215,161.62866599916015
pessimistic,50,greedy,42,42,42,t00944-c00023,23,944,1,1,True,1,133.60079200356267,133.60079200356267,0.016541991499252617,0.013083001249469817,133.6304169963114
pessimistic,50,greedy,42,42,42,t00944-c00024,24,944,1,1,True,1,39.00887499912642,39.00887499912642,94.64879099687096,0.006166999810375273,133.66383299580775
pessimistic,50,greedy,42,42,42,t00945-c00024,24,945,1,1,True,1,25.235833003534935,25.235833003534935,0.007624999852851033,0.010916992323473096,25.25437499571126
pessimistic,50,greedy,42,42,42,t00948-c00036,36,948,1,1,True,1,77.51283299876377,77.51283299876377,0.015083991456776857,0.012165997759439051,77.54008298797999
pessimistic,50,greedy,42,42,42,t00949-c00020,20,949,1,1,True,1,24.393084007897414,24.393084007897414,58.34958299237769,0.011167008779011667,82.75383400905412
pessimistic,50,greedy,42,42,42,t00949-c00036,36,949,1,1,True,1,82.6922919950448,82.6922919950448,0.09208300616592169,0.004999994416721165,82.78937499562744
pessimistic,50,greedy,42,42,42,t00950-c00020,20,950,1,1,True,1,22.06741599366069,22.06741599366069,90.36674999515526,0.013334007235243917,112.44749999605119
pessimistic,50,greedy,42,42,42,t00950-c00036,36,950,1,1,True,1,112.38208299619146,112.38208299619146,0.09808300819713622,0.004916990292258561,112.48508299468085
pessimistic,50,greedy,42,42,42,t00951-c00020,20,951,1,1,True,1,24.23054099199362,24.23054099199362,132.7752090001013,0.014875011402182281,157.02062500349712
pessimistic,50,greedy,42,42,42,t00951-c00032,32,951,1,1,True,1,83.7162499956321,83.7162499956321,73.34458400146104,0.005915993824601173,157.06674999091774
pessimistic,50,greedy,42,42,42,t00951-c00036,36,951,1,1,True,1,156.920875000651,156.920875000651,0.15258300118148327,0.004542001988738775,157.07800000382122
pessimistic,50,greedy,42,42,42,t00952-c00032,32,952,1,1,True,1,44.331625002087094,44.331625002087094,0.016250007320195436,0.012666991096921265,44.36054200050421
pessimistic,50,greedy,42,42,42,t00955-c00026,26,955,1,1,True,1,31.35416700388305,31.35416700388305,40.80824999255128,0.01516701013315469,72.17758400656749
pessimistic,50,greedy,42,42,42,t00955-c00030,30,955,1,1,True,1,72.11037499655504,72.11037499655504,0.09724999836180359,0.005084002623334527,72.21270899754018
pessimistic,50,greedy,42,42,42,t00956-c00026,26,956,1,1,True,1,46.060458989813924,46.060458989813924,0.011500000255182385,0.009666007827036083,46.08162499789614
pessimistic,50,greedy,42,42,42,t00957-c00026,26,957,1,1,True,1,36.30237499601208,36.30237499601208,0.010333998943679035,0.007708003977313638,36.32041699893307
pessimistic,50,greedy,42,42,42,t00958-c00026,26,958,1,1,True,1,44.741916994098574,44.741916994098574,0.008625007467344403,0.008542003342881799,44.7590840049088
pessimistic,50,greedy,42,42,42,t00961-c00016,16,961,1,1,True,1,35.5103330075508,35.5103330075508,0.013416996807791293,0.009082999895326793,35.532833004253916
pessimistic,50,greedy,42,42,42,t00962-c00021,21,962,1,1,True,1,53.75937500502914,53.75937500502914,0.014666991773992777,0.011458003427833319,53.78550000023097
pessimistic,50,greedy,42,42,42,t00964-c00049,49,964,1,1,True,1,21.559624990914017,21.559624990914017,0.01008401159197092,0.009374998626299202,21.579084001132287
pessimistic,50,greedy,42,42,42,t00965-c00012,12,965,1,1,True,1,72.55579200864304,72.55579200864304,0.014082994312047958,0.011124997399747372,72.58100000035483
pessimistic,50,greedy,42,42,42,t00965-c00049,49,965,1,1,True,1,19.085541003732942,19.085541003732942,53.515209001488984,0.00508299854118377,72.60583300376311
pessimistic,50,greedy,42,42,42,t00973-c00037,37,973,1,1,True,1,24.60162500210572,24.60162500210572,0.010666000889614224,0.009542010957375169,24.62183301395271
pessimistic,50,greedy,42,42,42,t00974-c00043,43,974,1,1,True,1,300.1379170018481,300.1379170018481,0.01941599475685507,0.01562500256113708,300.1729579991661
pessimistic,50,greedy,42,42,42,t00974-c00047,47,974,1,1,True,1,300.1022920070682,300.1022920070682,0.09179199696518481,0.005333000444807112,300.19941700447816
pessimistic,50,greedy,42,42,42,t00975-c00006,6,975,1,1,True,1,28.93479100021068,28.93479100021068,0.00795899541117251,0.009208000847138464,28.95195799646899
pessimistic,50,greedy,42,42,42,t00976-c00013,13,976,1,1,True,1,14.664165995782241,14.664165995782241,0.008084010914899409,0.008624992915429175,14.68087499961257
pessimistic,50,greedy,42,42,42,t00977-c00013,13,977,1,1,True,1,37.52004200941883,37.52004200941883,0.011166994227096438,0.010415998985990882,37.54162500263192
pessimistic,50,greedy,42,42,42,t00981-c00038,38,981,1,1,True,1,25.73137498984579,25.73137498984579,0.008625007467344403,0.008207993232645094,25.74820799054578
pessimistic,50,greedy,42,42,42,t00982-c00038,38,982,1,1,True,1,33.14779199718032,33.14779199718032,0.013208002201281488,0.013584009138867259,33.17458400852047
pessimistic,50,greedy,42,42,42,t00983-c00040,40,983,1,1,True,1,9.904708989779465,9.904708989779465,0.007291004294529557,0.00808399636298418,9.920083990436979
pessimistic,50,greedy,42,42,42,t00984-c00040,40,984,1,1,True,1,21.59504200972151,21.59504200972151,0.011665993952192366,0.009708994184620678,21.616416997858323
pessimistic,50,greedy,42,42,42,t00985-c00040,40,985,1,1,True,1,21.963582999887876,21.963582999887876,0.008709001122042537,0.008166010957211256,21.98045801196713
pessimistic,50,greedy,42,42,42,t00986-c00034,34,986,1,1,True,1,42.87291699438356,42.87291699438356,0.008957998943515122,0.008167000487446785,42.89004199381452
pessimistic,50,greedy,42,42,42,t00986-c00040,40,986,1,1,True,1,19.89541699003894,19.89541699003894,23.00508299958892,0.0050000089686363935,42.9054999985965
pessimistic,50,greedy,42,42,42,t00987-c00034,34,987,1,1,True,1,48.60404200735502,48.60404200735502,0.01333300315309316,0.012374992365948856,48.62975000287406
pessimistic,50,greedy,42,42,42,t00987-c00040,40,987,1,1,True,1,29.792040993925184,29.792040993925184,18.872667002142407,0.006333008059300482,48.67104100412689
pessimistic,50,greedy,42,42,42,t00988-c00025,25,988,1,1,True,1,42.41475000162609,42.41475000162609,0.01054200401995331,0.009790994226932526,42.435082999872975
pessimistic,50,greedy,42,42,42,t00989-c00025,25,989,1,1,True,1,41.29866600851528,41.29866600851528,0.011541997082531452,0.010374991688877344,41.32058299728669
pessimistic,50,greedy,42,42,42,t00991-c00035,35,991,1,1,True,1,31.53370801010169,31.53370801010169,0.011541997082531452,0.009333001798950136,31.554583008983172
pessimistic,50,greedy,42,42,42,t00993-c00022,22,993,1,1,True,1,43.06541700498201,43.06541700498201,0.00983300560619682,0.009291994501836598,43.08454200509004
pessimistic,50,greedy,42,42,42,t00994-c00022,22,994,1,1,True,1,55.25004099763464,55.25004099763464,0.012417003745213151,0.013917000615037978,55.27637500199489
pessimistic,50,greedy,42,42,42,t00998-c00047,47,998,1,1,True,1,19.73549999820534,19.73549999820534,0.009625000529922545,0.009249997674487531,19.75437499640975
pessimistic,50,greedy,42,42,42,t01004-c00004,4,1004,1,1,True,1,202.26229200488888,202.26229200488888,0.01491600414738059,0.012666991096921265,202.28987500013318
pessimistic,50,greedy,42,42,42,t01004-c00037,37,1004,1,1,True,1,30.38612501404714,30.38612501404714,171.9278749951627,0.005333000444807112,202.31933300965466
pessimistic,50,greedy,42,42,42,t01008-c00014,14,1008,1,1,True,1,104.91012499551289,104.91012499551289,0.01837500894907862,0.019583996618166566,104.94808400108013
pessimistic,50,greedy,42,42,42,t01009-c00018,18,1009,1,1,True,1,34.446874997229315,34.446874997229315,0.01233299553859979,0.01233299553859979,34.471540988306515
pessimistic,50,greedy,42,42,42,t01012-c00000,0,1012,1,1,True,1,37.337457993999124,37.337457993999124,0.012208009138703346,0.027292000595480204,37.37695800373331
pessimistic,50,greedy,42,42,42,t01017-c00041,41,1017,1,1,True,1,37.4025830096798,37.4025830096798,53.493957995669916,0.014208999346010387,90.91075000469573
pessimistic,50,greedy,42,42,42,t01017-c00043,43,1017,1,1,True,1,90.83987500343937,90.83987500343937,0.12199999764561653,0.005916997906751931,90.96779199899174
pessimistic,50,greedy,42,42,42,t01018-c00041,41,1018,1,1,True,1,32.80808299314231,32.80808299314231,0.01645900192670524,0.0118750031106174,32.83641699817963
pessimistic,50,greedy,42,42,42,t01026-c00025,25,1026,1,1,True,1,68.57379100983962,68.57379100983962,0.014666991773992777,0.012750009773299098,68.60120801138692
pessimistic,50,greedy,42,42,42,t01027-c00025,25,1027,1,1,True,1,56.492542003979906,56.492542003979906,0.013832992408424616,0.011916999937966466,56.5182919963263
pessimistic,50,greedy,42,42,42,t01028-c00025,25,1028,1,1,True,1,48.692583994125016,48.692583994125016,0.010791001841425896,0.010042000212706625,48.71341699617915
pessimistic,50,greedy,42,42,42,t01032-c00045,45,1032,1,1,True,1,33.281041993177496,33.281041993177496,0.015458004781976342,0.010207993909716606,33.30670799186919
pessimistic,50,greedy,42,42,42,t01037-c00046,46,1037,1,1,True,1,18.89679199666716,18.89679199666716,0.009167008101940155,0.008290997357107699,18.91425000212621
pessimistic,50,greedy,42,42,42,t01042-c00037,37,1042,1,1,True,1,43.98770799161866,43.98770799161866,0.012125005014240742,0.012666991096921265,44.012499987729825
pessimistic,50,greedy,42,42,42,t01043-c00002,2,1043,1,1,True,1,42.48866598936729,42.48866598936729,0.007709008059464395,0.009957992006093264,42.50633298943285
pessimistic,50,greedy,42,42,42,t01051-c00029,29,1051,1,1,True,1,59.93370899523143,59.93370899523143,0.014999997802078724,0.011916010407730937,59.96062500344124
pessimistic,50,greedy,42,42,42,t01052-c00029,29,1052,1,1,True,1,62.08166699798312,62.08166699798312,0.008791001164354384,0.009584007784724236,62.1000420069322
pessimistic,50,greedy,42,42,42,t01056-c00041,41,1056,1,1,True,1,103.75241699512117,103.75241699512117,0.015540994354523718,0.012959004379808903,103.7809169938555
pessimistic,50,greedy,42,42,42,t01067-c00009,9,1067,1,1,True,1,57.44600000616629,57.44600000616629,0.009082999895326793,0.009457988198846579,57.46454099426046
pessimistic,50,greedy,42,42,42,t01070-c00005,5,1070,1,1,True,1,19.676541007356718,19.676541007356718,0.007291993824765086,0.008417002391070127,19.692250003572553
pessimistic,50,greedy,42,42,42,t01077-c00003,3,1077,1,1,True,1,55.42858400440309,55.42858400440309,0.008625007467344403,0.010249990737065673,55.4474590026075
pessimistic,50,greedy,42,42,42,t01077-c00033,33,1077,1,1,True,1,22.79154199641198,22.79154199641198,32.679250012733974,0.004999994416721165,55.475792003562674
pessimistic,50,greedy,42,42,42,t01078-c00002,2,1078,1,1,True,1,102.09941599168815,102.09941599168815,0.012250005966052413,0.011625001206994057,102.1232909988612
pessimistic,50,greedy,42,42,42,t01078-c00003,3,1078,1,1,True,1,39.10529198765289,39.10529198765289,63.04362500668503,0.005249996320344508,102.15416699065827
pessimistic,50,greedy,42,42,42,t01079-c00003,3,1079,1,1,True,1,89.04787499341182,89.04787499341182,0.011500000255182385,0.010625008144415915,89.07000000181142
pessimistic,50,greedy,42,42,42,t01080-c00012,12,1080,1,1,True,1,50.04212500352878,50.04212500352878,0.01462499494664371,0.011833006283268332,50.06858300475869
pessimistic,50,greedy,42,42,42,t01082-c00019,19,1082,1,1,True,1,59.99704099667724,59.99704099667724,0.010749994544312358,0.009209004929289222,60.016999996150844
pessimistic,50,greedy,42,42,42,t01107-c00033,33,1107,1,1,True,1,40.26095899462234,40.26095899462234,0.012791002518497407,0.01041700306814164,40.28416700020898
pessimistic,50,greedy,42,42,42,t01110-c00009,9,1110,1,1,True,1,47.702916999696754,47.702916999696754,0.013666998711414635,0.012125005014240742,47.72870900342241
pessimistic,50,greedy,42,42,42,t01116-c00028,28,1116,1,1,True,1,42.364833992905915,42.364833992905915,0.016250007320195436,0.012541000614874065,42.393625000840984
pessimistic,50,greedy,42,42,42,t01117-c00024,24,1117,1,1,True,1,73.77524999901652,73.77524999901652,0.009041992598213255,0.009499999578110874,73.79379199119285
pessimistic,50,greedy,42,42,42,t01118-c00024,24,1118,1,1,True,1,27.676707992213778,27.676707992213778,0.009458002750761807,0.008417002391070127,27.69458299735561
pessimistic,50,greedy,42,42,42,t01120-c00015,15,1120,1,1,True,1,51.22229200787842,51.22229200787842,0.00958298915065825,0.010167001164518297,51.2420419981936
pessimistic,50,greedy,42,42,42,t01122-c00048,48,1122,1,1,True,1,38.66541699972004,38.66541699972004,0.009499999578110874,0.008457995136268437,38.683374994434416
pessimistic,50,greedy,42,42,42,t01124-c00008,8,1124,1,1,True,1,38.72512499219738,38.72512499219738,0.011000010999850929,0.012999997125007212,38.74912500032224
pessimistic,50,greedy,42,42,42,t01126-c00010,10,1126,1,1,True,1,24.082167001324706,24.082167001324706,42.42866698768921,0.010583011317066848,66.52141700033098
pessimistic,50,greedy,42,42,42,t01126-c00046,46,1126,1,1,True,1,66.4583330071764,66.4583330071764,0.07566700514871627,0.00508299854118377,66.5390830108663
pessimistic,50,greedy,42,42,42,t01130-c00027,27,1130,1,1,True,1,34.2874999914784,34.2874999914784,0.008500006515532732,0.008999995770864189,34.304999993764795
pessimistic,50,greedy,42,42,42,t01132-c00031,31,1132,1,1,True,1,36.10270800709259,36.10270800709259,0.009750001481734216,0.009666997357271612,36.12212500593159
pessimistic,50,greedy,42,42,42,t01139-c00039,39,1139,1,1,True,1,24.548375004087575,24.548375004087575,0.008333998266607523,0.008540999260731041,24.565250001614913
pessimistic,50,greedy,42,42,42,t01140-c00039,39,1140,1,1,True,1,26.140749992919154,26.140749992919154,0.0076669966802001,0.008000002708286047,26.15641699230764
pessimistic,50,greedy,42,42,42,t01147-c00043,43,1147,1,1,True,1,53.187666009762324,53.187666009762324,0.009624985978007317,0.007792012183927,53.20508300792426
pessimistic,50,greedy,42,42,42,t01149-c00049,49,1149,1,1,True,1,23.11937500780914,23.11937500780914,0.007415990694426,0.007250011549331248,23.134041010052897
pessimistic,50,greedy,42,42,42,t01150-c00049,49,1150,1,1,True,1,33.247165993088856,33.247165993088856,0.009291994501836598,0.007833004929125309,33.26429099251982
pessimistic,50,greedy,42,42,42,t01151-c00017,17,1151,1,1,True,1,121.86466700222809,121.86466700222809,0.015333003830164671,0.016416990547440946,121.8964169966057
pessimistic,50,greedy,42,42,42,t01151-c00024,24,1151,1,1,True,1,121.82837500586174,121.82837500586174,0.09112499537877738,0.0061250029830262065,121.92562500422355
pessimistic,50,greedy,42,42,42,t01153-c00042,42,1153,1,1,True,1,85.49666700128,85.49666700128,0.01566599530633539,0.012208998668938875,85.52454199525528
pessimistic,50,greedy,42,42,42,t01161-c00027,27,1161,1,1,True,1,24.812000003294088,24.812000003294088,0.009041992598213255,0.009666997357271612,24.830708993249573
pessimistic,50,greedy,42,42,42,t01162-c00027,27,1162,1,1,True,1,40.19495801185258,40.19495801185258,0.010208997991867363,0.011832991731353104,40.2170000015758
pessimistic,50,greedy,42,42,42,t01164-c00007,7,1164,1,1,True,1,21.25112499925308,21.25112499925308,0.007374997949227691,0.008540999260731041,21.267040996463038
pessimistic,50,greedy,42,42,42,t01166-c00018,18,1166,1,1,True,1,33.89070900448132,33.89070900448132,0.00825000461190939,0.008332994184456766,33.90729200327769
pessimistic,50,greedy,42,42,42,t01167-c00018,18,1167,1,1,True,1,28.671958003542386,28.671958003542386,0.008709001122042537,0.00870799703989178,28.68937500170432
pessimistic,50,greedy,42,42,42,t01168-c00008,8,1168,1,1,True,1,88.9544170058798,88.9544170058798,0.007166992872953415,0.008750008419156075,88.97033400717191
pessimistic,50,greedy,42,42,42,t01172-c00031,31,1172,1,1,True,1,42.310916003771126,42.310916003771126,0.012208998668938875,0.01029099803417921,42.333416000474244
pessimistic,50,greedy,42,42,42,t01177-c00006,6,1177,1,1,True,1,40.480084004229866,40.480084004229866,0.007999988156370819,0.007916009053587914,40.496000001439825
pessimistic,50,greedy,42,42,42,t01178-c00006,6,1178,1,1,True,1,39.32604199508205,39.32604199508205,25.770207997993566,0.008458009688183665,65.1047080027638
pessimistic,50,greedy,42,42,42,t01178-c00017,17,1178,1,1,True,1,65.05187500442844,65.05187500442844,0.06579099863301963,0.004874993464909494,65.12254099652637
pessimistic,50,greedy,42,42,42,t01179-c00006,6,1179,1,1,True,1,333.11120799044147,333.11120799044147,75.81212499644607,0.014959005056880414,408.9382919919444
pessimistic,50,greedy,42,42,42,t01179-c00017,17,1179,1,1,True,1,367.52400000113994,367.52400000113994,41.47179200663231,0.006249989382922649,409.0020419971552
pessimistic,50,greedy,42,42,42,t01179-c00020,20,1179,1,1,True,1,408.8396669976646,408.8396669976646,0.16112500452436507,0.0046670029405504465,409.0054590051295
pessimistic,50,greedy,42,42,42,t01179-c00044,44,1179,1,1,True,1,333.0107079964364,333.0107079964364,75.98424999741837,0.004083005478605628,408.9990409993334
pessimistic,50,greedy,42,42,42,t01180-c00006,6,1180,1,1,True,1,130.78158300777432,130.78158300777432,0.016332996892742813,0.015208992408588529,130.81312499707565
pessimistic,50,greedy,42,42,42,t01180-c00017,17,1180,1,1,True,1,130.7435409980826,130.7435409980826,0.1044590026140213,0.006374990334734321,130.85437499103136
pessimistic,50,greedy,42,42,42,t01180-c00044,44,1180,1,1,True,1,38.45470800297335,38.45470800297335,92.39537500252482,0.0053340045269578695,130.85541701002512
pessimistic,50,greedy,42,42,42,t01181-c00044,44,1181,1,1,True,1,66.02129100065213,66.02129100065213,0.012584001524373889,0.010791001841425896,66.04466600401793
pessimistic,50,greedy,42,42,42,t01182-c00044,44,1182,1,1,True,1,48.47629100549966,48.47629100549966,0.012249991414137185,0.013167009456083179,48.50170800636988
pessimistic,50,greedy,42,42,42,t01184-c00005,5,1184,1,1,True,1,29.122125008143485,29.122125008143485,0.006249989382922649,0.008542003342881799,29.13691700086929
pessimistic,50,greedy,42,42,42,t01185-c00005,5,1185,1,1,True,1,12.109833012800664,12.109833012800664,0.005875001079402864,0.007416994776576757,12.123125008656643
pessimistic,50,greedy,42,42,42,t01187-c00013,13,1187,1,1,True,1,20.492833005846478,20.492833005846478,0.007916998583823442,0.008207993232645094,20.508957997662947
pessimistic,50,greedy,42,42,42,t01188-c00013,13,1188,1,1,True,1,20.649958998546936,20.649958998546936,0.011708005331456661,0.008999995770864189,20.670666999649256
pessimistic,50,greedy,42,42,42,t01189-c00043,43,1189,1,1,True,1,35.88987499824725,35.88987499824725,0.012582997442223132,0.009791998309083283,35.91224999399856
pessimistic,50,greedy,42,42,42,t01190-c00030,30,1190,1,1,True,1,9.514000004855916,9.514000004855916,0.007291993824765086,0.0077500008046627045,9.529041999485344
pessimistic,50,greedy,42,42,42,t01191-c00007,7,1191,1,1,True,1,143.58970800822135,143.58970800822135,0.011666998034343123,0.012916993000544608,143.61429199925624
pessimistic,50,greedy,42,42,42,t01191-c00011,11,1191,1,1,True,1,51.635499999974854,51.635499999974854,92.00491599040106,0.005667010555043817,143.64608300093096
pessimistic,50,greedy,42,42,42,t01191-c00030,30,1191,1,1,True,1,73.66525000543334,73.66525000543334,69.96708299266174,0.00404199818149209,143.63637499627657
pessimistic,50,greedy,42,42,42,t01193-c00045,45,1193,1,1,True,1,29.594708990771323,29.594708990771323,0.016250007320195436,0.011625001206994057,29.622583999298513
pessimistic,50,greedy,42,42,42,t01205-c00026,26,1205,1,1,True,1,20.21404200058896,20.21404200058896,0.008290997357107699,0.008000002708286047,20.230333000654355
pessimistic,50,greedy,42,42,42,t01206-c00047,47,1206,1,1,True,1,25.789458013605326,25.789458013605326,0.010499992640689015,0.00941699545364827,25.809375001699664
pessimistic,50,greedy,42,42,42,t01207-c00027,27,1207,1,1,True,1,34.1965420084307,34.1965420084307,0.00883299799170345,0.008082992280833423,34.213457998703234
pessimistic,50,greedy,42,42,42,t01212-c00016,16,1212,1,1,True,1,29.75045799394138,29.75045799394138,0.008750008419156075,0.011124997399747372,29.770332999760285
pessimistic,50,greedy,42,42,42,t01213-c00042,42,1213,1,1,True,1,35.294957997393794,35.294957997393794,0.010000003385357559,0.00941699545364827,35.3143749962328
pessimistic,50,greedy,42,42,42,t01215-c00023,23,1215,1,1,True,1,34.58470798796043,34.58470798796043,0.008625007467344403,0.008542003342881799,34.601874998770654
pessimistic,50,greedy,42,42,42,t01216-c00006,6,1216,1,1,True,1,23.300958986510523,23.300958986510523,37.40837500663474,0.007875001756474376,60.71720899490174
pessimistic,50,greedy,42,42,42,t01216-c00013,13,1216,1,1,True,1,60.664042001008056,60.664042001008056,0.05029099702369422,0.0051670067477971315,60.71950000477955
pessimistic,50,greedy,42,42,42,t01216-c00034,34,1216,1,1,True,1,36.76787500444334,36.76787500444334,23.948542002472095,0.0040000013541430235,60.72041700826958
pessimistic,50,greedy,42,42,42,t01217-c00013,13,1217,1,1,True,1,25.21570799581241,25.21570799581241,0.006583999493159354,0.007333001121878624,25.229624996427447
pessimistic,50,greedy,42,42,42,t01219-c00030,30,1219,1,1,True,1,22.622416989179328,22.622416989179328,0.00795800588093698,0.007708993507549167,22.638083988567814
pessimistic,50,greedy,42,42,42,t01220-c00030,30,1220,1,1,True,1,12.152291004895233,12.152291004895233,60.38379199162591,0.008167000487446785,72.54424999700859
pessimistic,50,greedy,42,42,42,t01220-c00036,36,1220,1,1,True,1,72.48974998947233,72.48974998947233,0.05604200123343617,0.004750007065013051,72.55054199777078
pessimistic,50,greedy,42,42,42,t01221-c00036,36,1221,1,1,True,1,90.77733301091939,90.77733301091939,0.01029198756441474,0.009333001798950136,90.79695800028276
pessimistic,50,greedy,42,42,42,t01231-c00043,43,1231,1,1,True,1,108.14520900021307,108.14520900021307,0.01274999522138387,0.010540999937802553,108.16849999537226
pessimistic,50,greedy,42,42,42,t01232-c00040,40,1232,1,1,True,1,15.202875001705252,15.202875001705252,0.00912499672267586,0.008208007784560323,15.220208006212488
pessimistic,50,greedy,42,42,42,t01234-c00025,25,1234,1,1,True,1,57.16504200245254,57.16504200245254,0.007291993824765086,0.008625007467344403,57.18095900374465
pessimistic,50,greedy,42,42,42,t01237-c00026,26,1237,1,1,True,1,32.99258300103247,32.99258300103247,0.0076669966802001,0.007374997949227691,33.0076249956619
pessimistic,50,greedy,42,42,42,t01238-c00011,11,1238,1,1,True,1,38.07791600411292,38.07791600411292,0.006834001396782696,0.008040995453484356,38.09279100096319
pessimistic,50,greedy,42,42,42,t01239-c00011,11,1239,1,1,True,1,38.402542006224394,38.402542006224394,0.010749994544312358,0.00837500556372106,38.42166700633243
pessimistic,50,greedy,42,42,42,t01240-c00000,0,1240,1,1,True,1,21.751041989773512,21.751041989773512,57.1978750085691,0.008999995770864189,78.95791699411348
pessimistic,50,greedy,42,42,42,t01240-c00011,11,1240,1,1,True,1,78.90270800271537,78.90270800271537,0.06316699727904052,0.004875008016824722,78.97075000801124
pessimistic,50,greedy,42,42,42,t01241-c00032,32,1241,1,1,True,1,32.71587500057649,32.71587500057649,0.006832997314631939,0.007458991603925824,32.730166989495046
pessimistic,50,greedy,42,42,42,t01242-c00032,32,1242,1,1,True,1,15.002041996922344,15.002041996922344,0.008333008736371994,0.007041991921141744,15.017416997579858
pessimistic,50,greedy,42,42,42,t01247-c00016,16,1247,1,1,True,1,59.477165996213444,59.477165996213444,0.010625008144415915,0.010458999895490706,59.49825000425335
pessimistic,50,greedy,42,42,42,t01257-c00006,6,1257,1,1,True,1,51.3146669982234,51.3146669982234,0.009583003702573478,0.008333998266607523,51.33258400019258
pessimistic,50,greedy,42,42,42,t01263-c00005,5,1263,1,1,True,1,15.222500005620532,15.222500005620532,0.005249996320344508,0.00695799826644361,15.23470800020732
pessimistic,50,greedy,42,42,42,t01264-c00005,5,1264,1,1,True,1,36.7662909993669,36.7662909993669,0.006791990017518401,0.007791997632011771,36.78087498701643
pessimistic,50,greedy,42,42,42,t01264-c00021,21,1264,1,1,True,1,29.5047079998767,29.5047079998767,7.278083998244256,0.005374997272156179,36.78816699539311
pessimistic,50,greedy,42,42,42,t01265-c00021,21,1265,1,1,True,1,29.69841599406209,29.69841599406209,0.007084003300406039,0.007374997949227691,29.712874995311722
pessimistic,50,greedy,42,42,42,t01266-c00021,21,1266,1,1,True,1,54.56529199727811,54.56529199727811,0.0077500008046627045,0.007333001121878624,54.58037499920465
pessimistic,50,greedy,42,42,42,t01266-c00040,40,1266,1,1,True,1,17.731959000229836,17.731959000229836,36.85608301020693,0.004749992513097823,54.592792002949864
pessimistic,50,greedy,42,42,42,t01267-c00021,21,1267,1,1,True,1,54.690542005118914,54.690542005118914,0.006917005521245301,0.007499998901039362,54.7049590095412
pessimistic,50,greedy,42,42,42,t01267-c00040,40,1267,1,1,True,1,18.47341700340621,18.47341700340621,36.22887500387151,0.004582994733937085,54.70687500201166
pessimistic,50,greedy,42,42,42,t01269-c00036,36,1269,1,1,True,1,75.03141699999105,75.03141699999105,0.014000004739500582,0.013833006960339844,75.05925001169089
pessimistic,50,greedy,42,42,42,t01275-c00038,38,1275,1,1,True,1,25.563959003193304,25.563959003193304,0.012958000297658145,0.011166994227096438,25.58808399771806
pessimistic,50,greedy,42,42,42,t01279-c00025,25,1279,1,1,True,1,95.55724999518134,95.55724999518134,0.010000003385357559,0.009249997674487531,95.57649999624118
pessimistic,50,greedy,42,42,42,t01282-c00022,22,1282,1,1,True,1,48.42991700570565,48.42991700570565,0.009666997357271612,0.008500006515532732,48.44808400957845
pessimistic,50,greedy,42,42,42,t01284-c00043,43,1284,1,1,True,1,84.97254201211035,84.97254201211035,0.01608299498911947,0.011083000572398305,84.99970800767187
pessimistic,50,greedy,42,42,42,t01291-c00010,10,1291,1,1,True,1,42.241292001563124,42.241292001563124,0.00837500556372106,0.008624992915429175,42.258292000042275
pessimistic,50,greedy,42,42,42,t01298-c00005,5,1298,1,1,True,1,11.126292010885663,11.126292010885663,0.009457988198846579,0.011250012903474271,11.147000011987984
pessimistic,50,greedy,42,42,42,t01301-c00035,35,1301,1,1,True,1,54.50716699124314,54.50716699124314,0.012625008821487427,0.011665993952192366,54.53145799401682
pessimistic,50,greedy,42,42,42,t01303-c00037,37,1303,1,1,True,1,12.08362499892246,12.08362499892246,0.0077500008046627045,0.00795800588093698,12.09933300560806
pessimistic,50,greedy,42,42,42,t01304-c00037,37,1304,1,1,True,1,32.89924999990035,32.89924999990035,0.009666997357271612,0.008957998943515122,32.917874996201135
pessimistic,50,greedy,42,42,42,t01305-c00037,37,1305,1,1,True,1,14.607542005251162,14.607542005251162,0.009041992598213255,0.009750001481734216,14.62633399933111
pessimistic,50,greedy,42,42,42,t01308-c00012,12,1308,1,1,True,1,29.9280839972198,29.9280839972198,0.00654099858365953,0.008417002391070127,29.94304199819453
pessimistic,50,greedy,42,42,42,t01310-c00024,24,1310,1,1,True,1,22.27766600844916,22.27766600844916,0.0064589985413476825,0.007415990694426,22.291540997684933
pessimistic,50,greedy,42,42,42,t01311-c00014,14,1311,1,1,True,1,312.5962920021266,312.5962920021266,0.01820801116991788,0.014541990822181106,312.6290420041187
pessimistic,50,greedy,42,42,42,t01311-c00024,24,1311,1,1,True,1,312.5600839994149,312.5600839994149,0.10029099939856678,0.005916997906751931,312.66629199672025
pessimistic,50,greedy,42,42,42,t01323-c00029,29,1323,1,1,True,1,54.167166992556304,54.167166992556304,0.01416700251866132,0.011750002158805728,54.19308399723377
pessimistic,50,greedy,42,42,42,t01324-c00033,33,1324,1,1,True,1,18.683874994167127,18.683874994167127,0.00837500556372106,0.008624992915429175,18.700874992646277
pessimistic,50,greedy,42,42,42,t01325-c00033,33,1325,1,1,True,1,19.567374998587184,19.567374998587184,0.008457995136268437,0.008083006832748652,19.5839160005562
pessimistic,50,greedy,42,42,42,t01326-c00033,33,1326,1,1,True,1,20.556916992063634,20.556916992063634,0.007417009328491986,0.007624999852851033,20.571959001244977
pessimistic,50,greedy,42,42,42,t01328-c00047,47,1328,1,1,True,1,34.03637500014156,34.03637500014156,0.01041700306814164,0.008082992280833423,34.054874995490536
pessimistic,50,greedy,42,42,42,t01329-c00047,47,1329,1,1,True,1,31.61191700201016,31.61191700201016,0.008416987839154899,0.007916009053587914,31.628249998902902
pessimistic,50,greedy,42,42,42,t01330-c00009,9,1330,0,0,False,0,,,,,
pessimistic,50,greedy,42,42,42,t01331-c00009,9,1331,1,1,True,1,41.6150000091875,41.6150000091875,0.010499992640689015,0.012500007869675756,41.63800000969786
pessimistic,50,greedy,42,42,42,t01332-c00046,46,1332,1,1,True,1,22.482084008515812,22.482084008515812,0.011458003427833319,0.01041698851622641,22.503959000459872
pessimistic,50,greedy,42,42,42,t01333-c00037,37,1333,1,1,True,1,54.78512500121724,54.78512500121724,0.009750001481734216,0.00870799703989178,54.803582999738865
pessimistic,50,greedy,42,42,42,t01333-c00041,41,1333,1,1,True,1,41.22170800110325,41.22170800110325,13.584333006292582,0.005541995051316917,54.81158300244715
pessimistic,50,greedy,42,42,42,t01334-c00002,2,1334,1,1,True,1,49.65087500750087,49.65087500750087,0.008499991963617504,0.008208007784560323,49.66758300724905
pessimistic,50,greedy,42,42,42,t01336-c00018,18,1336,1,1,True,1,18.427957998937927,18.427957998937927,0.007042006473056972,0.00783299037721008,18.442832995788194
pessimistic,50,greedy,42,42,42,t01338-c00012,12,1338,1,1,True,1,8.496958005707711,8.496958005707711,0.006374990334734321,0.0071250105975195765,8.510458006639965
pessimistic,50,greedy,42,42,42,t01339-c00025,25,1339,1,1,True,1,125.74066699016839,125.74066699016839,0.011833006283268332,0.011249998351559043,125.76374999480322
pessimistic,50,greedy,42,42,42,t01344-c00012,12,1344,1,1,True,1,12.409124989062548,12.409124989062548,0.006000002031214535,0.007167007424868643,12.42229199851863
pessimistic,50,greedy,42,42,42,t01349-c00024,24,1349,1,1,True,1,19.04137499514036,19.04137499514036,0.006583009962923825,0.007333001121878624,19.05529100622516
pessimistic,50,greedy,42,42,42,t01350-c00024,24,1350,1,1,True,1,53.58220898779109,53.58220898779109,0.009041003067977726,0.008542003342881799,53.59979199420195
pessimistic,50,greedy,42,42,42,t01351-c00033,33,1351,1,1,True,1,38.46275000250898,38.46275000250898,0.008957998943515122,0.007791997632011771,38.47949999908451
pessimistic,50,greedy,42,42,42,t01352-c00033,33,1352,1,1,True,1,32.669250009348616,32.669250009348616,0.009291994501836598,0.008041999535635114,32.68658400338609
pessimistic,50,greedy,42,42,42,t01353-c00033,33,1353,1,1,True,1,10.713709008996375,10.713709008996375,0.006207992555573583,0.0067920045694336295,10.726709006121382
pessimistic,50,greedy,42,42,42,t01354-c00039,39,1354,1,1,True,1,33.10391599370632,33.10391599370632,0.013666998711414635,0.013249999028630555,33.13083299144637
pessimistic,50,greedy,42,42,42,t01356-c00015,15,1356,1,1,True,1,30.8870000008028,30.8870000008028,0.010540999937802553,0.010667004971764982,30.908208005712368
pessimistic,50,greedy,42,42,42,t01357-c00015,15,1357,1,1,True,1,21.89320900652092,21.89320900652092,0.013540993677452207,0.01200000406242907,21.9187500042608
pessimistic,50,greedy,42,42,42,t01361-c00048,48,1361,1,1,True,1,38.65441599918995,38.65441599918995,0.0162090000230819,0.011250012903474271,38.68187501211651
pessimistic,50,greedy,42,42,42,t01365-c00046,46,1365,1,1,True,1,109.6537499979604,109.6537499979604,0.019291008356958628,0.014416989870369434,109.68745799618773
pessimistic,50,greedy,42,42,42,t01365-c00049,49,1365,1,1,True,1,109.61745900567621,109.61745900567621,0.11037499643862247,0.006333008059300482,109.73416701017413
pessimistic,50,greedy,42,42,42,t01366-c00014,14,1366,1,1,True,1,83.17275000445079,83.17275000445079,0.013083990779705346,0.01245799649041146,83.19829199172091
pessimistic,50,greedy,42,42,42,t01367-c00009,9,1367,1,1,True,1,108.55116699531209,108.55116699531209,0.012541000614874065,0.013374999980442226,108.5770829959074
pessimistic,50,greedy,42,42,42,t01367-c00014,14,1367,1,1,True,1,69.36741599929519,69.36741599929519,39.2604999942705,0.0061250029830262065,108.63404099654872
pessimistic,50,greedy,42,42,42,t01368-c00009,9,1368,1,1,True,1,35.60087499499787,35.60087499499787,0.00608300615567714,0.008249990059994161,35.61520799121354
pessimistic,50,greedy,42,42,42,t01369-c00009,9,1369,1,1,True,1,20.915125001920387,20.915125001920387,0.006250003934837878,0.00783299037721008,20.929207996232435
pessimistic,50,greedy,42,42,42,t01370-c00034,34,1370,1,1,True,1,20.553207999910228,20.553207999910228,0.007041991921141744,0.007208000170066953,20.567457992001437
pessimistic,50,greedy,42,42,42,t01371-c00004,4,1371,1,1,True,1,54.18775000725873,54.18775000725873,0.009041992598213255,0.010875010048039258,54.20766700990498
pessimistic,50,greedy,42,42,42,t01375-c00002,2,1375,1,1,True,1,47.1747499977937,47.1747499977937,0.010792005923576653,0.010666990419849753,47.19620899413712
pessimistic,50,greedy,42,42,42,t01380-c00041,41,1380,1,1,True,1,85.41279200289864,85.41279200289864,0.011541997082531452,0.009665993275120854,85.4339999932563
pessimistic,50,greedy,42,42,42,t01381-c00019,19,1381,1,1,True,1,71.7984160000924,71.7984160000924,26.425459000165574,0.009625000529922545,98.2335000007879
pessimistic,50,greedy,42,42,42,t01381-c00041,41,1381,1,1,True,1,98.17416699661408,98.17416699661408,0.07354200351983309,0.004916000762023032,98.25262500089593
pessimistic,50,greedy,42,42,42,t01382-c00031,31,1382,1,1,True,1,14.305332995718345,14.305332995718345,0.007333001121878624,0.007875001756474376,14.320540998596698
pessimistic,50,greedy,42,42,42,t01386-c00039,39,1386,1,1,True,1,35.312749998411164,35.312749998411164,0.013208002201281488,0.010332994861528277,35.33629099547397
pessimistic,50,greedy,42,42,42,t01389-c00003,3,1389,1,1,True,1,39.79174999403767,39.79174999403767,0.007916998583823442,0.009916009730659425,39.809583002352156
pessimistic,50,greedy,42,42,42,t01392-c00042,42,1392,1,1,True,1,24.226124995038845,24.226124995038845,0.007334005204029381,0.007708003977313638,24.241167004220188
pessimistic,50,greedy,42,42,42,t01393-c00020,20,1393,1,1,True,1,56.502708001062274,56.502708001062274,0.01141701068263501,0.01016599708236754,56.52429100882728
pessimistic,50,greedy,42,42,42,t01393-c00042,42,1393,1,1,True,1,24.108582991175354,24.108582991175354,32.43004200339783,0.004875008016824722,56.54350000259001
pessimistic,50,greedy,42,42,42,t01408-c00008,8,1408,1,1,True,1,28.051582994521596,28.051582994521596,0.005750000127591193,0.007208000170066953,28.064540994819254
pessimistic,50,greedy,42,42,42,t01415-c00007,7,1415,1,1,True,1,18.747334004729055,18.747334004729055,0.00549999822396785,0.006874994141981006,18.759708997095004
pessimistic,50,greedy,42,42,42,t01416-c00002,2,1416,1,1,True,1,24.978917004773393,24.978917004773393,0.0059580052038654685,0.006707996362820268,24.99158300634008
pessimistic,50,greedy,42,42,42,t01416-c00007,7,1416,1,1,True,1,12.526999998954125,12.526999998954125,12.46529200579971,0.0045000051613897085,24.996792009915225
pessimistic,50,greedy,42,42,42,t01417-c00002,2,1417,1,1,True,1,11.671333006233908,11.671333006233908,0.005207999492995441,0.0062920007621869445,11.68283300648909
pessimistic,50,greedy,42,42,42,t01420-c00030,30,1420,1,1,True,1,8.262499992270023,8.262499992270023,0.008457995136268437,0.010959003702737391,8.281916991109028
pessimistic,50,greedy,42,42,42,t01421-c00030,30,1421,1,1,True,1,7.781249994877726,7.781249994877726,0.006583009962923825,0.007624999852851033,7.795458004693501
pessimistic,50,greedy,42,42,42,t01422-c00030,30,1422,1,1,True,1,7.3994999984279275,7.3994999984279275,0.006166999810375273,0.006916990969330072,7.412583989207633
pessimistic,50,greedy,42,42,42,t01423-c00030,30,1423,1,1,True,1,13.751917009358294,13.751917009358294,0.006000002031214535,0.007165988790802658,13.765083000180312
pessimistic,50,greedy,42,42,42,t01424-c00005,5,1424,1,1,True,1,13.628792003146373,13.628792003146373,0.00508299854118377,0.006834001396782696,13.64070900308434
pessimistic,50,greedy,42,42,42,t01424-c00030,30,1424,1,1,True,1,6.86725000559818,6.86725000559818,6.763583995052613,0.004582994733937085,13.63541699538473
pessimistic,50,greedy,42,42,42,t01425-c00030,30,1425,1,1,True,1,8.868583012372255,8.868583012372255,0.005416994099505246,0.005875001079402864,8.879875007551163
pessimistic,50,greedy,42,42,42,t01426-c00030,30,1426,1,1,True,1,8.107540998025797,8.107540998025797,0.004916990292258561,0.005792011506855488,8.118249999824911
pessimistic,50,greedy,42,42,42,t01428-c00032,32,1428,1,1,True,1,5.264040999463759,5.264040999463759,0.0045000051613897085,0.0057919969549402595,5.274333001580089
pessimistic,50,greedy,42,42,42,t01430-c00000,0,1430,1,1,True,1,3.5088750009890646,3.5088750009890646,0.004125002305954695,0.005999987479299307,3.5189999907743186
pessimistic,50,greedy,42,42,42,t01433-c00003,3,1433,1,1,True,1,3.310874992166646,3.310874992166646,2.4055000103544444,0.005666996003128588,5.722041998524219
pessimistic,50,greedy,42,42,42,t01433-c00045,45,1433,1,1,True,1,5.674250001902692,5.674250001902692,0.03300000389572233,0.004375004209578037,5.711625010007992
