scenario,nb_cars,method,seed,world_seed,grid_seed,demand_id,car_id,slot,nb_stations,nb_offers,confirmed,confirm_attempts,first_offer_ms,last_offer_ms,selection_ms,confirmation_ms,total_ms
pessimistic,150,multistation_rep,42,42,42,t00000-c00008,8,0,6,6,True,1,563.4288750006817,118731.0548749956,111029.15800000483,0.025792003725655377,229760.23866700416
pessimistic,150,multistation_rep,42,42,42,t00000-c00020,20,0,10,10,True,1,949.7629999968922,228950.3068329941,809.9359580082819,0.009208990377373993,229760.25199999276
pessimistic,150,multistation_rep,42,42,42,t00000-c00024,24,0,12,12,True,1,949.7250409913249,229760.06612498895,0.17779100744519383,0.006375004886649549,229760.25029100128
pessimistic,150,multistation_rep,42,42,42,t00000-c00025,25,0,5,5,True,1,81505.95458300086,229760.03570800822,0.2029169991146773,0.004415996954776347,229760.2430410043
pessimistic,150,multistation_rep,42,42,42,t00000-c00033,33,0,5,5,True,1,563.2480829954147,118730.87408300489,111029.37170899531,0.00462500611320138,229760.25041700632
pessimistic,150,multistation_rep,42,42,42,t00000-c00034,34,0,6,6,True,1,1135.099999999511,229129.49995799863,630.7397500058869,0.00520898902323097,229760.24491699354
pessimistic,150,multistation_rep,42,42,42,t00000-c00048,48,0,7,7,True,1,1135.0706669909414,118730.81766700489,111029.4187499967,0.004207991878502071,229760.24062499346
pessimistic,150,multistation_rep,42,42,42,t00000-c00059,59,0,6,6,True,1,81505.8413749939,229759.92250000127,0.3074999985983595,0.0038750004023313522,229760.23387500027
pessimistic,150,multistation_rep,42,42,42,t00000-c00068,68,0,6,6,True,1,1135.0160000001779,229129.4153330091,630.8077919966308,0.0040000013541430235,229760.22712500708
pessimistic,150,multistation_rep,42,42,42,t00000-c00092,92,0,9,9,True,1,949.5241660042666,229759.86674999876,0.3506250068312511,0.00449999060947448,229760.2218749962
pessimistic,150,multistation_rep,42,42,42,t00000-c00099,99,0,5,5,True,1,1524.990958001581,118044.03533299046,111716.17433300707,0.004125002305954695,229760.21379099984
pessimistic,150,multistation_rep,42,42,42,t00000-c00104,104,0,6,6,True,1,1524.9639160028892,229129.33125000563,630.8692909951787,0.0038339931052178144,229760.20437499392
pessimistic,150,multistation_rep,42,42,42,t00000-c00106,106,0,7,7,True,1,81505.70458300353,229759.78629200836,0.4155829956289381,0.0041669991333037615,229760.20604200312
pessimistic,150,multistation_rep,42,42,42,t00000-c00114,114,0,7,7,True,1,1353.5947920026956,229129.2790419975,630.921332995058,0.004209010512568057,229760.20458400308
pessimistic,150,multistation_rep,42,42,42,t00000-c00121,121,0,6,6,True,1,562.9708329943242,118934.18124999152,110826.00995800749,0.003958004526793957,229760.19516600354
pessimistic,150,multistation_rep,42,42,42,t00000-c00122,122,0,4,4,True,1,82054.17099999613,118043.9026249951,111716.2852909969,0.0035840057535097003,229760.19149999775
pessimistic,150,multistation_rep,42,42,42,t00000-c00143,143,0,3,3,True,1,562.9179170064162,117944.69579200086,111815.48275001114,0.0034579861676320434,229760.18199999817
pessimistic,150,multistation_rep,42,42,42,t00000-c00146,146,0,7,7,True,1,81505.57041699358,229759.6520419902,0.5192500102566555,0.003832989023067057,229760.17512498947
pessimistic,150,multistation_rep,42,42,42,t00001-c00025,25,1,5,5,True,1,191.03116598853376,853.6222499969881,98.96195799228735,0.01925000105984509,952.6034579903353
pessimistic,150,multistation_rep,42,42,42,t00001-c00104,104,1,6,4,True,1,331.61045900487807,952.5195419992087,0.12083300680387765,0.007874987204559147,952.6482499932172
pessimistic,150,multistation_rep,42,42,42,t00001-c00106,106,1,7,7,True,1,61.059999992721714,898.7729159998707,53.86845899920445,0.006290996680036187,952.6476659957552
pessimistic,150,multistation_rep,42,42,42,t00001-c00121,121,1,6,4,True,1,26.426667012856342,446.09650000347756,506.5387080103392,0.00520898902323097,952.64041700284
pessimistic,150,multistation_rep,42,42,42,t00007-c00077,77,7,9,9,True,1,56.36237500584684,406.920875000651,0.023833010345697403,0.02129199856426567,406.96600000956096
pessimistic,150,multistation_rep,42,42,42,t00009-c00047,47,9,7,7,True,1,31.176958000287414,307.04987500212155,0.023125001462176442,0.022792009986005723,307.09579201356973
pessimistic,150,multistation_rep,42,42,42,t00010-c00047,47,10,3,2,True,1,58.57308401027694,97.85370899771806,0.018582999473437667,0.015542012988589704,97.88783401018009
pessimistic,150,multistation_rep,42,42,42,t00011-c00019,19,11,15,15,True,1,67.97070799802896,781.4234999968903,0.025125002139247954,0.023125001462176442,781.4717500004917
pessimistic,150,multistation_rep,42,42,42,t00011-c00047,47,11,3,1,True,1,522.6615419960581,522.6615419960581,258.86158300272655,0.005916997906751931,781.5290419966914
pessimistic,150,multistation_rep,42,42,42,t00012-c00019,19,12,11,6,True,1,135.55437499599066,651.5922079997836,67.8031249990454,0.016457997844554484,719.4117909966735
pessimistic,150,multistation_rep,42,42,42,t00012-c00135,135,12,4,4,True,1,59.99237499781884,719.3291250005132,0.12029099161736667,0.007250011549331248,719.4566660036799
pessimistic,150,multistation_rep,42,42,42,t00015-c00081,81,15,5,5,True,1,88.11212501314003,476.0730410052929,0.02095900708809495,0.019457991584204137,476.1134580039652
pessimistic,150,multistation_rep,42,42,42,t00015-c00111,111,15,4,4,True,1,67.10495799779892,443.5961249982938,32.55425000679679,0.007666007149964571,476.1580410122406
pessimistic,150,multistation_rep,42,42,42,t00017-c00094,94,17,12,12,True,1,216.64254200004507,2469.8560839897254,120.49966600898188,0.01995899947360158,2590.375708998181
pessimistic,150,multistation_rep,42,42,42,t00017-c00139,139,17,9,9,True,1,216.60083399910945,2590.286708989879,0.13225000293459743,0.007833004929125309,2590.426791997743
pessimistic,150,multistation_rep,42,42,42,t00018-c00139,139,18,9,5,True,1,100.74229100428056,869.678290997399,0.026250010705552995,0.01879199407994747,869.7233330021845
pessimistic,150,multistation_rep,42,42,42,t00018-c00148,148,18,3,3,True,1,361.6287500044564,704.0882080036681,165.67458400095347,0.007957991329021752,869.7707499959506
pessimistic,150,multistation_rep,42,42,42,t00018-c00149,149,18,7,7,True,1,166.50362500513438,704.056207992835,165.70679200231098,0.006375004886649549,869.7693750000326
pessimistic,150,multistation_rep,42,42,42,t00019-c00149,149,19,7,6,True,1,68.4238340036245,319.3579999933718,0.02791700535453856,0.016707999748177826,319.4026249984745
pessimistic,150,multistation_rep,42,42,42,t00020-c00052,52,20,3,3,True,1,66.00445799995214,251.80774999898858,0.019208004232496023,0.01562500256113708,251.84258300578222
pessimistic,150,multistation_rep,42,42,42,t00021-c00005,5,21,3,3,True,1,119.9883749941364,230.70012500102166,46.20845799217932,0.017084006685763597,276.92566699988674
pessimistic,150,multistation_rep,42,42,42,t00021-c00131,131,21,6,6,True,1,22.320000003674068,276.8445830006385,0.11729200195986778,0.008207993232645094,276.97008299583104
pessimistic,150,multistation_rep,42,42,42,t00022-c00031,31,22,3,3,True,1,26.36279200669378,122.83366700285114,0.01750000228639692,0.014666002243757248,122.8658330073813
pessimistic,150,multistation_rep,42,42,42,t00024-c00072,72,24,7,7,True,1,199.68841600348242,1266.6400000016438,0.02116599353030324,0.01720900763757527,1266.6783750028117
pessimistic,150,multistation_rep,42,42,42,t00024-c00114,114,24,3,2,True,1,247.43829200451728,890.6362499983516,376.075292006135,0.006999995093792677,1266.7185419995803
pessimistic,150,multistation_rep,42,42,42,t00025-c00037,37,25,8,8,True,1,86.89662499818951,708.2172079972224,0.020749997929669917,0.017708996892906725,708.255666992045
pessimistic,150,multistation_rep,42,42,42,t00025-c00106,106,25,12,6,True,1,31.501459001447074,472.57529200578574,235.73016699810978,0.00841599830891937,708.3138750022044
pessimistic,150,multistation_rep,42,42,42,t00025-c00114,114,25,3,1,True,1,249.93595799605828,249.93595799605828,458.3796670049196,0.005915993824601173,708.3215409948025
pessimistic,150,multistation_rep,42,42,42,t00026-c00037,37,26,10,9,True,1,161.01387499656994,1149.4652919936925,197.26625000475906,0.024583001504652202,1346.7561249999562
pessimistic,150,multistation_rep,42,42,42,t00026-c00099,99,26,8,7,True,1,86.72916601062752,1326.4472910086624,20.365584001410753,0.00783299037721008,1346.8207080004504
pessimistic,150,multistation_rep,42,42,42,t00026-c00106,106,26,13,5,True,1,39.934832995641045,973.1638749944977,373.65629100531805,0.006041998858563602,1346.8262079986744
pessimistic,150,multistation_rep,42,42,42,t00026-c00109,109,26,6,6,True,1,262.832584005082,1326.3834590034094,20.43391599727329,0.004583998816087842,1346.8219589994987
pessimistic,150,multistation_rep,42,42,42,t00027-c00037,37,27,16,7,True,1,52.72895899543073,1115.1619169977494,54.544083002838306,0.029000002541579306,1169.7350000031292
pessimistic,150,multistation_rep,42,42,42,t00027-c00049,49,27,5,5,True,1,79.65529199282173,1016.0796249983832,153.69125000142958,0.008582996088080108,1169.7794579959009
pessimistic,150,multistation_rep,42,42,42,t00027-c00099,99,27,4,1,True,1,344.3425410077907,344.3425410077907,825.4323750006733,0.005291993147693574,1169.7802080016118
pessimistic,150,multistation_rep,42,42,42,t00027-c00113,113,27,10,10,True,1,114.22495798615273,1149.8814999940805,19.885000001522712,0.006332993507385254,1169.7728329891106
pessimistic,150,multistation_rep,42,42,42,t00028-c00113,113,28,8,5,True,1,24.636165995616466,152.93087500322144,18.307540987734683,0.01937500201165676,171.25779099296778
pessimistic,150,multistation_rep,42,42,42,t00029-c00076,76,29,6,6,True,1,72.29212499805726,826.1713749961928,124.33708399476018,0.017291007679887116,950.5257499986328
pessimistic,150,multistation_rep,42,42,42,t00029-c00121,121,29,4,0,False,0,,,,,
pessimistic,150,multistation_rep,42,42,42,t00029-c00125,125,29,6,6,True,1,128.9453330100514,950.4088750109076,0.11799999629147351,0.0075830030255019665,950.5344580102246
pessimistic,150,multistation_rep,42,42,42,t00030-c00016,16,30,5,5,True,1,79.08720801060554,583.6607500095852,19.106874999124557,0.024957989808171988,602.7925829985179
pessimistic,150,multistation_rep,42,42,42,t00030-c00081,81,30,3,3,True,1,79.04499999131076,438.6622919992078,164.18491599324625,0.006875008693896234,602.854083001148
pessimistic,150,multistation_rep,42,42,42,t00030-c00104,104,30,3,2,True,1,194.8281670047436,493.721667007776,109.1243749979185,0.004916000762023032,602.8509580064565
pessimistic,150,multistation_rep,42,42,42,t00030-c00121,121,30,4,0,False,0,,,,,
pessimistic,150,multistation_rep,42,42,42,t00031-c00016,16,31,5,3,True,1,52.10924999846611,234.44866700447164,0.01924998650792986,0.023542001144960523,234.49145899212454
pessimistic,150,multistation_rep,42,42,42,t00031-c00121,121,31,1,0,False,0,,,,,
pessimistic,150,multistation_rep,42,42,42,t00032-c00033,33,32,7,6,True,1,42.15220799960662,415.7816250080941,0.018040998838841915,0.015208992408588529,415.81487499934155
pessimistic,150,multistation_rep,42,42,42,t00032-c00121,121,32,7,5,True,1,128.57699999585748,281.39145800378174,134.4496249948861,0.007333001121878624,415.8484159997897
pessimistic,150,multistation_rep,42,42,42,t00035-c00146,146,35,3,2,True,1,36.80537499894854,114.41325000487268,0.023542001144960523,0.016166988643817604,114.45295899466146
pessimistic,150,multistation_rep,42,42,42,t00036-c00078,78,36,5,5,True,1,20.812415998079814,161.37341600551736,0.023667002096772194,0.01970799348782748,161.41679100110196
pessimistic,150,multistation_rep,42,42,42,t00037-c00040,40,37,5,5,True,1,26.500916996155865,178.33195900311694,0.019915998564101756,0.016584002878516912,178.36845900455955
pessimistic,150,multistation_rep,42,42,42,t00038-c00010,10,38,9,9,True,1,43.38612500578165,1000.7972919993335,0.018417005776427686,0.01737500133458525,1000.8330840064446
pessimistic,150,multistation_rep,42,42,42,t00038-c00040,40,38,5,4,True,1,609.3597500002943,769.7593749908265,231.12195800058544,0.0067920045694336295,1000.8881249959813
pessimistic,150,multistation_rep,42,42,42,t00038-c00058,58,38,5,5,True,1,132.8510000021197,924.0985000069486,76.78224999108352,0.005584006430581212,1000.8863340044627
pessimistic,150,multistation_rep,42,42,42,t00039-c00005,5,39,7,6,True,1,101.97475001041312,924.4738340057665,373.41066599765327,0.02154200046788901,1297.9060420038877
pessimistic,150,multistation_rep,42,42,42,t00039-c00010,10,39,7,4,True,1,338.6677500093356,1277.1912090101978,20.769290989846922,0.007000009645707905,1297.9675000096904
pessimistic,150,multistation_rep,42,42,42,t00039-c00014,14,39,7,7,True,1,69.08112500968855,1218.3364170050481,79.62608299567364,0.006582995411008596,1297.9690829961328
pessimistic,150,multistation_rep,42,42,42,t00039-c00058,58,39,4,1,True,1,259.93049998942297,259.93049998942297,1038.0238330108114,0.003999986802227795,1297.9583329870366
pessimistic,150,multistation_rep,42,42,42,t00039-c00119,119,39,3,3,True,1,466.5190829982748,990.6519999931334,307.2937079996336,0.004209010512568057,1297.9499170032796
pessimistic,150,multistation_rep,42,42,42,t00040-c00005,5,40,7,5,True,1,23.67745900119189,118.02370900113601,12.95633299741894,0.017541999113745987,130.9975839976687
pessimistic,150,multistation_rep,42,42,42,t00042-c00062,62,42,11,11,True,1,32.18258298875298,361.5989159879973,0.024375010980293155,0.020041989046148956,361.64333298802376
pessimistic,150,multistation_rep,42,42,42,t00043-c00062,62,43,7,4,True,1,41.7650409945054,171.941082997364,36.1632499989355,0.030333001632243395,208.13466599793173
pessimistic,150,multistation_rep,42,42,42,t00044-c00027,27,44,3,3,True,1,29.252124993945472,131.49104100011755,0.01679199340287596,0.01462499494664371,131.52245798846707
pessimistic,150,multistation_rep,42,42,42,t00045-c00002,2,45,11,11,True,1,136.64799999969546,1235.4607919987757,65.89070800691843,0.020583989680744708,1301.3720839953749
pessimistic,150,multistation_rep,42,42,42,t00045-c00113,113,45,5,3,True,1,869.3741659953957,1173.898790992098,127.49220900877845,0.007290989742614329,1301.398290990619
pessimistic,150,multistation_rep,42,42,42,t00045-c00134,134,45,8,8,True,1,136.5428750141291,1301.2235000060173,0.1661669957684353,0.006750007742084563,1301.3964170095278
pessimistic,150,multistation_rep,42,42,42,t00046-c00083,83,46,8,8,True,1,66.55454200517852,822.4599170061992,0.024833003408275545,0.018041988369077444,822.5027919979766
pessimistic,150,multistation_rep,42,42,42,t00046-c00131,131,46,7,5,True,1,30.23129100620281,761.7574160103686,60.78329199226573,0.008000002708286047,822.5487080053426
pessimistic,150,multistation_rep,42,42,42,t00046-c00148,148,46,10,3,True,1,317.33016700309236,598.3432499924675,224.21562499948777,0.005667010555043817,822.5645420025103
pessimistic,150,multistation_rep,42,42,42,t00047-c00131,131,47,12,4,True,1,52.23950000072364,212.84270800242666,47.64649999560788,0.022917010937817395,260.51212500897236
pessimistic,150,multistation_rep,42,42,42,t00048-c00131,131,48,3,1,True,1,30.566999994334765,30.566999994334765,35.161292005795985,0.03237499913666397,65.76066699926741
pessimistic,150,multistation_rep,42,42,42,t00050-c00007,7,50,4,4,True,1,32.86504201241769,347.2057920007501,0.02025000867433846,0.020166989997960627,347.2462089994224
pessimistic,150,multistation_rep,42,42,42,t00050-c00013,13,50,6,6,True,1,32.82591700553894,347.1668749989476,0.13604199921246618,0.007708003977313638,347.3106250021374
pessimistic,150,multistation_rep,42,42,42,t00051-c00007,7,51,4,1,True,1,119.96595900563989,119.96595900563989,372.1203329914715,0.015875004464760423,492.10216700157616
pessimistic,150,multistation_rep,42,42,42,t00051-c00013,13,51,4,3,True,1,240.69558299379423,492.03237499750685,0.1058329944498837,0.007167007424868643,492.1453749993816
pessimistic,150,multistation_rep,42,42,42,t00051-c00123,123,51,4,4,True,1,119.8865000042133,491.9922919943929,0.14583300799131393,0.004708999767899513,492.1428340021521
pessimistic,150,multistation_rep,42,42,42,t00052-c00025,25,52,7,4,True,1,70.98545800545253,848.2037909998326,111.55754199717194,0.01691700890660286,959.7782500059111
pessimistic,150,multistation_rep,42,42,42,t00052-c00038,38,52,4,4,True,1,346.3290829968173,791.9357079954352,167.8878749953583,0.007541995728388429,959.8311249865219
pessimistic,150,multistation_rep,42,42,42,t00052-c00043,43,52,6,6,True,1,186.98329200560693,959.6689169993624,0.17245800700038671,0.006207992555573583,959.8475829989184
pessimistic,150,multistation_rep,42,42,42,t00052-c00090,90,52,4,4,True,1,186.94912499631755,959.634915998322,0.20808400586247444,0.004624991561286151,959.8476249957457
pessimistic,150,multistation_rep,42,42,42,t00053-c00038,38,53,4,2,True,1,249.10912499763072,500.2156249975087,78.57250000233762,0.016624995623715222,578.80474999547
pessimistic,150,multistation_rep,42,42,42,t00053-c00043,43,53,7,7,True,1,40.952791008749045,578.7313330074539,0.13183300325181335,0.00854198879096657,578.8717079994967
pessimistic,150,multistation_rep,42,42,42,t00054-c00038,38,54,8,6,True,1,74.07933298964053,744.3814169964753,86.31070799310692,0.016375008272007108,830.7084999978542
pessimistic,150,multistation_rep,42,42,42,t00054-c00064,64,54,4,4,True,1,94.5614590018522,830.6309589970624,0.11787499533966184,0.007208000170066953,830.7560419925721
pessimistic,150,multistation_rep,42,42,42,t00054-c00093,93,54,8,8,True,1,74.0058339870302,788.4591249894584,42.29429199767765,0.008917006198316813,830.7623339933343
pessimistic,150,multistation_rep,42,42,42,t00055-c00046,46,55,4,3,True,1,37.43287500401493,268.4180830110563,0.021916988771408796,0.02204100019298494,268.4620410000207
pessimistic,150,multistation_rep,42,42,42,t00055-c00069,69,55,4,4,True,1,37.39354098797776,268.3792909956537,0.12233399320393801,0.0071250105975195765,268.5087499994552
pessimistic,150,multistation_rep,42,42,42,t00057-c00023,23,57,3,3,True,1,54.91958299535327,369.3748749938095,91.31062499363907,0.015416007954627275,460.7009159954032
pessimistic,150,multistation_rep,42,42,42,t00057-c00105,105,57,6,6,True,1,80.50208300119266,460.62470800825395,0.12795899237971753,0.007000009645707905,460.7596670102794
pessimistic,150,multistation_rep,42,42,42,t00058-c00001,1,58,3,3,True,1,126.74191599944606,531.5171660040505,33.952166995732114,0.03024999750778079,565.4995829972904
pessimistic,150,multistation_rep,42,42,42,t00058-c00023,23,58,3,2,True,1,377.87625000055414,434.59845799952745,130.93250000383705,0.0072499969974160194,565.5382080003619
pessimistic,150,multistation_rep,42,42,42,t00058-c00104,104,58,12,2,True,1,68.24725000478793,158.14475000661332,407.38841699203476,0.005416004569269717,565.5385830032174
pessimistic,150,multistation_rep,42,42,42,t00060-c00003,3,60,3,3,True,1,67.81687500188127,467.92512500542216,130.61999999627005,0.01691700890660286,598.5620420105988
pessimistic,150,multistation_rep,42,42,42,t00060-c00037,37,60,3,1,True,1,210.1495840033749,210.1495840033749,388.4502080036327,0.006375004886649549,598.6061670118943
pessimistic,150,multistation_rep,42,42,42,t00060-c00141,141,60,6,6,True,1,96.85624999110587,598.4494169970276,0.14975000522099435,0.0062920007621869445,598.6054590030108
pessimistic,150,multistation_rep,42,42,42,t00061-c00012,12,61,7,7,True,1,44.4182500068564,217.01308300544042,0.019332990632392466,0.01445900124963373,217.04687499732245
pessimistic,150,multistation_rep,42,42,42,t00062-c00103,103,62,4,4,True,1,21.796250002807938,150.95216600457206,0.02374999166931957,0.016999998479150236,150.99291599472053
pessimistic,150,multistation_rep,42,42,42,t00065-c00109,109,65,3,2,True,1,64.07199999375734,180.415874987375,0.02158300776500255,0.015875004464760423,180.45333299960475
pessimistic,150,multistation_rep,42,42,42,t00066-c00036,36,66,9,9,True,1,47.47304199554492,373.00004198914394,0.02070800110232085,0.01837500894907862,373.03912499919534
pessimistic,150,multistation_rep,42,42,42,t00067-c00039,39,67,7,7,True,1,116.2652920029359,800.4942500119796,105.67362498841248,0.02345800749026239,906.1913330078823
pessimistic,150,multistation_rep,42,42,42,t00067-c00084,84,67,6,6,True,1,50.18870800267905,906.1037920037052,0.1442079956177622,0.008082992280833423,906.2560829916038
pessimistic,150,multistation_rep,42,42,42,t00067-c00102,102,67,3,3,True,1,376.6496250027558,800.4174579982646,105.83204199792817,0.005583002348430455,906.2550829985412
pessimistic,150,multistation_rep,42,42,42,t00068-c00039,39,68,3,2,True,1,29.84812499198597,63.88762498681899,18.46583400038071,0.023958011297509074,82.37741699849721
pessimistic,150,multistation_rep,42,42,42,t00071-c00095,95,71,4,4,True,1,43.98541699629277,326.7554170015501,0.022124993847683072,0.015792000340297818,326.79333399573807
pessimistic,150,multistation_rep,42,42,42,t00076-c00063,63,76,5,5,True,1,34.81916700548027,244.33579199831001,0.02083300205413252,0.019166996935382485,244.37579199729953
pessimistic,150,multistation_rep,42,42,42,t00077-c00117,117,77,6,6,True,1,28.881790989544243,198.81758299015928,0.024583001504652202,0.01604200224392116,198.85820799390785
pessimistic,150,multistation_rep,42,42,42,t00078-c00083,83,78,3,2,True,1,58.960124995792285,134.43045799795073,21.523584000533447,0.02779100032057613,155.98183299880475
pessimistic,150,multistation_rep,42,42,42,t00079-c00079,79,79,7,7,True,1,64.81220800196752,290.1834170043003,0.023540997062809765,0.017749989638105035,290.2247079910012
pessimistic,150,multistation_rep,42,42,42,t00080-c00050,50,80,7,7,True,1,34.008542002993636,265.83220799511764,0.02225000935140997,0.020584004232659936,265.8750420087017
pessimistic,150,multistation_rep,42,42,42,t00081-c00070,70,81,9,9,True,1,44.09158400085289,331.555999990087,0.022334003006108105,0.01941599475685507,331.59774998784997
pessimistic,150,multistation_rep,42,42,42,t00082-c00070,70,82,9,5,True,1,67.4969170067925,297.0167500025127,0.021166997612453997,0.01695800165180117,297.05487500177696
pessimistic,150,multistation_rep,42,42,42,t00083-c00125,125,83,6,3,True,1,120.24612500681542,420.5670000083046,40.52070800389629,0.03095899592153728,461.11866700812243
pessimistic,150,multistation_rep,42,42,42,t00084-c00087,87,84,4,4,True,1,54.02395899000112,275.48008399026,0.018708000425249338,0.014250006643123925,275.5130419973284
pessimistic,150,multistation_rep,42,42,42,t00085-c00006,6,85,3,3,True,1,19.371792004676536,102.35716700844932,0.017625003238208592,0.021332991309463978,102.396125002997
pessimistic,150,multistation_rep,42,42,42,t00087-c00075,75,87,15,15,True,1,54.8702090018196,761.4338749990566,0.02824999683070928,0.020624996977858245,761.4827499928651
pessimistic,150,multistation_rep,42,42,42,t00088-c00075,75,88,7,6,True,1,50.29316700529307,220.73495799850207,0.021750005544163287,0.017917001969181,220.7746250060154
pessimistic,150,multistation_rep,42,42,42,t00089-c00018,18,89,6,6,True,1,39.78145800647326,267.53762499720324,0.01750000228639692,0.01708300260361284,267.57220800209325
pessimistic,150,multistation_rep,42,42,42,t00090-c00018,18,90,4,3,True,1,80.11237499886192,172.9112500033807,0.016999998479150236,0.014874996850267053,172.94312499871012
pessimistic,150,multistation_rep,42,42,42,t00091-c00032,32,91,7,7,True,1,54.25804200058337,289.27454199583735,0.017790996935218573,0.016083999071270227,289.30841699184384
pessimistic,150,multistation_rep,42,42,42,t00092-c00032,32,92,7,5,True,1,95.11129099701066,719.4190409936709,0.019625003915280104,0.014791992725804448,719.453457990312
pessimistic,150,multistation_rep,42,42,42,t00092-c00103,103,92,10,7,True,1,95.06487498583738,719.3728339916561,0.1251659996341914,0.007584007107652724,719.5055839983979
pessimistic,150,multistation_rep,42,42,42,t00093-c00126,126,93,11,11,True,1,163.67529101262335,946.4082910126308,18.333749991143122,0.026709007215686142,964.7687500109896
pessimistic,150,multistation_rep,42,42,42,t00093-c00141,141,93,9,7,True,1,32.144583004992455,858.2917080057086,106.52120898885187,0.008791001164354384,964.8217079957249
pessimistic,150,multistation_rep,42,42,42,t00094-c00071,71,94,12,12,True,1,267.27383300021756,974.6881250030128,19.06737500394229,0.027999994927085936,993.7835000018822
pessimistic,150,multistation_rep,42,42,42,t00094-c00141,141,94,10,6,True,1,267.22995899035595,974.6446669887519,19.19754200207535,0.007624999852851033,993.84983399068
pessimistic,150,multistation_rep,42,42,42,t00095-c00000,0,95,9,9,True,1,215.97295798710547,1051.8924579955637,175.8201249904232,0.02587500785011798,1227.738457993837
pessimistic,150,multistation_rep,42,42,42,t00095-c00071,71,95,7,3,True,1,53.778708999743685,743.6242090043379,484.1610000003129,0.007415990694426,1227.7926249953452
pessimistic,150,multistation_rep,42,42,42,t00095-c00120,120,95,10,10,True,1,100.83408300124574,1209.807166000246,17.98358399537392,0.007291004294529557,1227.7980409999145
pessimistic,150,multistation_rep,42,42,42,t00095-c00141,141,95,10,2,True,1,534.2177909915335,1150.242707997677,77.5575830048183,0.00449999060947448,1227.8047909931047
pessimistic,150,multistation_rep,42,42,42,t00096-c00014,14,96,3,3,True,1,699.4958750001388,1798.2838330062805,538.31987499143,0.02341700019314885,2336.6271249979036
pessimistic,150,multistation_rep,42,42,42,t00096-c00043,43,96,7,4,True,1,651.727916992968,1997.7038749930216,338.9796249975916,0.0077500008046627045,2336.691249991418
pessimistic,150,multistation_rep,42,42,42,t00096-c00072,72,96,5,5,True,1,498.9724580082111,2336.5082910022466,0.1739590079523623,0.006457994459196925,2336.688708004658
pessimistic,150,multistation_rep,42,42,42,t00096-c00112,112,96,3,3,True,1,44.500042000436224,1691.766292002285,644.9173750006594,0.004749992513097823,2336.6884169954574
pessimistic,150,multistation_rep,42,42,42,t00096-c00120,120,96,9,6,True,1,498.90799999411684,2073.816624993924,262.8656669985503,0.00504200579598546,2336.6873339982703
pessimistic,150,multistation_rep,42,42,42,t00096-c00141,141,96,7,0,False,0,,,,,
pessimistic,150,multistation_rep,42,42,42,t00097-c00014,14,97,3,2,True,1,208.65470900025684,390.3873340022983,617.6055000105407,0.0262079993262887,1008.0190420121653
pessimistic,150,multistation_rep,42,42,42,t00097-c00030,30,97,7,7,True,1,39.94274999422487,939.6604579960695,68.42133299505804,0.008750008419156075,1008.0905409995466
pessimistic,150,multistation_rep,42,42,42,t00097-c00072,72,97,3,1,True,1,778.8030420051655,778.8030420051655,229.27862498909235,0.0051670067477971315,1008.0868340010056
pessimistic,150,multistation_rep,42,42,42,t00097-c00112,112,97,8,6,True,1,283.00587499688845,1007.8676249977434,0.21837500389665365,0.005833004252053797,1008.0918330058921
pessimistic,150,multistation_rep,42,42,42,t00097-c00141,141,97,7,0,False,0,,,,,
pessimistic,150,multistation_rep,42,42,42,t00098-c00014,14,98,3,1,True,1,374.45095799921546,374.45095799921546,431.2380830087932,0.01445900124963373,805.7035000092583
pessimistic,150,multistation_rep,42,42,42,t00098-c00072,72,98,7,1,True,1,495.5338340078015,495.5338340078015,310.2242079912685,0.0064580090111121535,805.7645000080811
pessimistic,150,multistation_rep,42,42,42,t00098-c00112,112,98,8,4,True,1,233.489958991413,805.5967919935938,0.16287500329781324,0.006250003934837878,805.7659170008264
pessimistic,150,multistation_rep,42,42,42,t00098-c00141,141,98,7,0,False,0,,,,,
pessimistic,150,multistation_rep,42,42,42,t00099-c00014,14,99,3,0,False,0,,,,,
pessimistic,150,multistation_rep,42,42,42,t00099-c00028,28,99,4,4,True,1,97.00624999823049,575.5094170017401,0.0237500062212348,0.01649999467190355,575.5496670026332
pessimistic,150,multistation_rep,42,42,42,t00099-c00112,112,99,6,1,True,1,478.37554100260604,478.37554100260604,97.2147499996936,0.006709000444971025,575.5970000027446
pessimistic,150,multistation_rep,42,42,42,t00099-c00141,141,99,7,0,False,0,,,,,
pessimistic,150,multistation_rep,42,42,42,t00100-c00014,14,100,4,0,False,0,,,,,
pessimistic,150,multistation_rep,42,42,42,t00100-c00132,132,100,5,5,True,1,127.0971250050934,448.9098750054836,34.58362499077339,0.030041002901270986,483.5235409991583
pessimistic,150,multistation_rep,42,42,42,t00100-c00141,141,100,8,0,False,0,,,,,
pessimistic,150,multistation_rep,42,42,42,t00101-c00014,14,101,4,0,False,0,,,,,
pessimistic,150,multistation_rep,42,42,42,t00101-c00110,110,101,10,10,True,1,172.27329200250097,995.0152919918764,54.46237500291318,0.032083000405691564,1049.5097499951953
pessimistic,150,multistation_rep,42,42,42,t00101-c00116,116,101,8,8,True,1,172.23841600934975,1026.4244580030208,23.13466700434219,0.008332994184456766,1049.5674580015475
pessimistic,150,multistation_rep,42,42,42,t00101-c00132,132,101,5,4,True,1,391.2983750051353,605.3030410112115,444.27570900006685,0.006415997631847858,1049.5851660089102
pessimistic,150,multistation_rep,42,42,42,t00101-c00141,141,101,7,0,False,0,,,,,
pessimistic,150,multistation_rep,42,42,42,t00102-c00014,14,102,4,0,False,0,,,,,
pessimistic,150,multistation_rep,42,42,42,t00102-c00116,116,102,8,4,True,1,82.64462499937508,266.17858398822136,21.933833006187342,0.019875005818903446,288.1322920002276
pessimistic,150,multistation_rep,42,42,42,t00102-c00141,141,102,7,0,False,0,,,,,
pessimistic,150,multistation_rep,42,42,42,t00103-c00014,14,103,8,0,False,0,,,,,
pessimistic,150,multistation_rep,42,42,42,t00103-c00022,22,103,5,5,True,1,391.21516699378844,1020.8891670044977,235.94429199874867,0.016416001017205417,1256.8498750042636
pessimistic,150,multistation_rep,42,42,42,t00103-c00091,91,103,7,7,True,1,68.71587499335874,1158.965916998568,97.94583299662918,0.008499991963617504,1256.9202499871608
pessimistic,150,multistation_rep,42,42,42,t00103-c00100,100,103,4,4,True,1,226.02370800450444,1256.7397499951767,0.17479101370554417,0.005874986527487636,1256.9204159954097
pessimistic,150,multistation_rep,42,42,42,t00103-c00141,141,103,7,0,False,0,,,,,
pessimistic,150,multistation_rep,42,42,42,t00104-c00001,1,104,7,6,True,1,110.16783300146926,3010.157083001104,842.5238330091815,0.022916996385902166,3852.7038330066716
pessimistic,150,multistation_rep,42,42,42,t00104-c00014,14,104,9,0,False,0,,,,,
pessimistic,150,multistation_rep,42,42,42,t00104-c00022,22,104,5,4,True,1,884.560042002704,1824.0176669933135,2028.7100830028066,0.007042006473056972,3852.734792002593
pessimistic,150,multistation_rep,42,42,42,t00104-c00037,37,104,7,0,False,0,,,,,
pessimistic,150,multistation_rep,42,42,42,t00104-c00073,73,104,6,6,True,1,690.8196250005858,3852.521250009886,0.1797500008251518,0.009291994501836598,3852.710292005213
pessimistic,150,multistation_rep,42,42,42,t00104-c00100,100,104,4,1,True,1,690.7880829967326,690.7880829967326,3161.9167500030017,0.0038330035749822855,3852.708666003309
pessimistic,150,multistation_rep,42,42,42,t00104-c00134,134,104,3,3,True,1,884.4306249957299,2786.4759170042817,1066.225915987161,0.004334011464379728,3852.706167002907
pessimistic,150,multistation_rep,42,42,42,t00104-c00141,141,104,3,0,False,0,,,,,
pessimistic,150,multistation_rep,42,42,42,t00104-c00142,142,104,4,4,True,1,690.6968749972293,3852.3979159945156,0.2705000079004094,0.0038750004023313522,3852.6722910028184
pessimistic,150,multistation_rep,42,42,42,t00105-c00001,1,105,7,5,True,1,75.26129200414289,945.4235000011977,184.1416250099428,0.0313749915221706,1129.5965000026627
pessimistic,150,multistation_rep,42,42,42,t00105-c00014,14,105,8,0,False,0,,,,,
pessimistic,150,multistation_rep,42,42,42,t00105-c00037,37,105,5,0,False,0,,,,,
pessimistic,150,multistation_rep,42,42,42,t00105-c00073,73,105,4,3,True,1,450.6707499967888,777.8185420029331,351.77470798953436,0.0075830030255019665,1129.600832995493
pessimistic,150,multistation_rep,42,42,42,t00105-c00082,82,105,3,2,True,1,613.0988329969114,1051.0525830031838,78.54149999911897,0.005583002348430455,1129.5996660046512
pessimistic,150,multistation_rep,42,42,42,t00105-c00100,100,105,5,3,True,1,358.9172910142224,777.7569580066483,351.8341250019148,0.00508299854118377,1129.5961660071043
pessimistic,150,multistation_rep,42,42,42,t00105-c00134,134,105,5,3,True,1,358.8853340042988,613.0358340014936,516.5495830005966,0.00449999060947448,1129.5899169926997
pessimistic,150,multistation_rep,42,42,42,t00105-c00141,141,105,8,0,False,0,,,,,
pessimistic,150,multistation_rep,42,42,42,t00106-c00001,1,106,2,0,False,0,,,,,
pessimistic,150,multistation_rep,42,42,42,t00106-c00014,14,106,4,0,False,0,,,,,
pessimistic,150,multistation_rep,42,42,42,t00106-c00037,37,106,5,0,False,0,,,,,
pessimistic,150,multistation_rep,42,42,42,t00106-c00141,141,106,7,0,False,0,,,,,
pessimistic,150,multistation_rep,42,42,42,t00107-c00001,1,107,6,1,True,1,313.8304159947438,313.8304159947438,333.4365000046091,0.03137500607408583,647.298291005427
pessimistic,150,multistation_rep,42,42,42,t00107-c00009,9,107,3,3,True,1,63.036457999260165,545.3980830061482,101.95379199285526,0.008417002391070127,647.3602920013946
pessimistic,150,multistation_rep,42,42,42,t00107-c00014,14,107,8,0,False,0,,,,,
pessimistic,150,multistation_rep,42,42,42,t00107-c00037,37,107,5,0,False,0,,,,,
pessimistic,150,multistation_rep,42,42,42,t00107-c00141,141,107,7,0,False,0,,,,,
pessimistic,150,multistation_rep,42,42,42,t00108-c00001,1,108,3,0,False,0,,,,,
pessimistic,150,multistation_rep,42,42,42,t00108-c00014,14,108,4,0,False,0,,,,,
pessimistic,150,multistation_rep,42,42,42,t00108-c00037,37,108,8,0,False,0,,,,,
pessimistic,150,multistation_rep,42,42,42,t00108-c00044,44,108,4,4,True,1,102.89220800041221,535.6400830060011,0.024791996111162007,0.019875005818903446,535.6847500079311
pessimistic,150,multistation_rep,42,42,42,t00108-c00141,141,108,7,0,False,0,,,,,
pessimistic,150,multistation_rep,42,42,42,t00109-c00001,1,109,3,0,False,0,,,,,
pessimistic,150,multistation_rep,42,42,42,t00109-c00014,14,109,8,0,False,0,,,,,
pessimistic,150,multistation_rep,42,42,42,t00109-c00037,37,109,7,0,False,0,,,,,
pessimistic,150,multistation_rep,42,42,42,t00109-c00044,44,109,4,1,True,1,285.36375000840053,285.36375000840053,1661.0160419950262,0.020207997295074165,1946.4000000007218
pessimistic,150,multistation_rep,42,42,42,t00109-c00051,51,109,4,4,True,1,285.3334579995135,1946.3244579965249,0.12533301196526736,0.007916998583823442,1946.457708007074
pessimistic,150,multistation_rep,42,42,42,t00109-c00140,140,109,6,6,True,1,285.2972079999745,1946.2884579988895,0.1677919935900718,0.0059580052038654685,1946.4622079976834
pessimistic,150,multistation_rep,42,42,42,t00109-c00141,141,109,7,0,False,0,,,,,
pessimistic,150,multistation_rep,42,42,42,t00110-c00001,1,110,3,0,False,0,,,,,
pessimistic,150,multistation_rep,42,42,42,t00110-c00014,14,110,5,0,False,0,,,,,
pessimistic,150,multistation_rep,42,42,42,t00110-c00037,37,110,7,0,False,0,,,,,
pessimistic,150,multistation_rep,42,42,42,t00110-c00129,129,110,4,4,True,1,122.58095800643787,506.82804100506473,72.63129200146068,0.026832989533431828,579.4861659960588
pessimistic,150,multistation_rep,42,42,42,t00110-c00141,141,110,7,0,False,0,,,,,
pessimistic,150,multistation_rep,42,42,42,t00111-c00001,1,111,7,0,False,0,,,,,
pessimistic,150,multistation_rep,42,42,42,t00111-c00014,14,111,4,0,False,0,,,,,
pessimistic,150,multistation_rep,42,42,42,t00111-c00037,37,111,8,0,False,0,,,,,
pessimistic,150,multistation_rep,42,42,42,t00111-c00141,141,111,7,0,False,0,,,,,
pessimistic,150,multistation_rep,42,42,42,t00112-c00001,1,112,9,0,False,0,,,,,
pessimistic,150,multistation_rep,42,42,42,t00112-c00014,14,112,4,0,False,0,,,,,
pessimistic,150,multistation_rep,42,42,42,t00112-c00037,37,112,1,0,False,0,,,,,
pessimistic,150,multistation_rep,42,42,42,t00112-c00136,136,112,7,7,True,1,36.37004199845251,445.1462500001071,22.64929200464394,0.03212499723304063,467.8276670019841
pessimistic,150,multistation_rep,42,42,42,t00112-c00141,141,112,5,0,False,0,,,,,
pessimistic,150,multistation_rep,42,42,42,t00113-c00001,1,113,5,0,False,0,,,,,
pessimistic,150,multistation_rep,42,42,42,t00113-c00014,14,113,7,0,False,0,,,,,
pessimistic,150,multistation_rep,42,42,42,t00113-c00037,37,113,14,0,False,0,,,,,
pessimistic,150,multistation_rep,42,42,42,t00113-c00136,136,113,7,5,True,1,37.83208300592378,775.5416250001872,133.65770800737664,0.031458999728783965,909.2307920072926
pessimistic,150,multistation_rep,42,42,42,t00113-c00138,138,113,4,4,True,1,121.09137501101941,884.3561250105267,24.936332993092947,0.007916998583823442,909.3003750022035
pessimistic,150,multistation_rep,42,42,42,t00113-c00141,141,113,5,0,False,0,,,,,
pessimistic,150,multistation_rep,42,42,42,t00114-c00001,1,114,3,0,False,0,,,,,
pessimistic,150,multistation_rep,42,42,42,t00114-c00014,14,114,10,0,False,0,,,,,
pessimistic,150,multistation_rep,42,42,42,t00114-c00037,37,114,8,0,False,0,,,,,
pessimistic,150,multistation_rep,42,42,42,t00114-c00129,129,114,5,3,True,1,288.89833300490864,626.9942079961766,276.2299589958275,0.029750008252449334,903.2539170002565
pessimistic,150,multistation_rep,42,42,42,t00114-c00136,136,114,7,2,True,1,457.94783301244024,748.1686670071213,155.14404099667445,0.0069590023485943675,903.3196670061443
pessimistic,150,multistation_rep,42,42,42,t00114-c00138,138,114,4,3,True,1,248.0685420014197,880.3008749964647,23.011083001620136,0.005416994099505246,903.3173749921843
pessimistic,150,multistation_rep,42,42,42,t00114-c00141,141,114,3,0,False,0,,,,,
pessimistic,150,multistation_rep,42,42,42,t00115-c00001,1,115,3,0,False,0,,,,,
pessimistic,150,multistation_rep,42,42,42,t00115-c00014,14,115,12,0,False,0,,,,,
pessimistic,150,multistation_rep,42,42,42,t00115-c00037,37,115,13,0,False,0,,,,,
pessimistic,150,multistation_rep,42,42,42,t00115-c00053,53,115,5,5,True,1,91.55887499218807,1467.6322500017704,19.595249992562458,0.031083007343113422,1487.258583001676
pessimistic,150,multistation_rep,42,42,42,t00115-c00101,101,115,8,8,True,1,52.14220799098257,1433.7344160012435,53.58849999902304,0.008333998266607523,1487.3312499985332
pessimistic,150,multistation_rep,42,42,42,t00115-c00127,127,115,5,5,True,1,220.39654200489167,1378.7744169967482,108.55429200455546,0.006040994776412845,1487.33474999608
pessimistic,150,multistation_rep,42,42,42,t00115-c00129,129,115,3,1,True,1,399.9939589994028,399.9939589994028,1087.3274999903515,0.004665998858399689,1487.3261249886127
pessimistic,150,multistation_rep,42,42,42,t00115-c00141,141,115,7,0,False,0,,,,,
pessimistic,150,multistation_rep,42,42,42,t00116-c00001,1,116,3,0,False,0,,,,,
pessimistic,150,multistation_rep,42,42,42,t00116-c00014,14,116,7,0,False,0,,,,,
pessimistic,150,multistation_rep,42,42,42,t00116-c00037,37,116,7,0,False,0,,,,,
pessimistic,150,multistation_rep,42,42,42,t00116-c00053,53,116,5,5,True,1,42.53520800557453,391.53754099970683,0.028084003133699298,0.015415993402712047,391.58104099624325
pessimistic,150,multistation_rep,42,42,42,t00116-c00141,141,116,7,0,False,0,,,,,
pessimistic,150,multistation_rep,42,42,42,t00117-c00001,1,117,3,0,False,0,,,,,
pessimistic,150,multistation_rep,42,42,42,t00117-c00014,14,117,7,0,False,0,,,,,
pessimistic,150,multistation_rep,42,42,42,t00117-c00015,15,117,3,3,True,1,83.33049999782816,261.395999987144,52.51795799995307,0.026583002181723714,313.9405409892788
pessimistic,150,multistation_rep,42,42,42,t00117-c00037,37,117,4,0,False,0,,,,,
pessimistic,150,multistation_rep,42,42,42,t00117-c00141,141,117,4,0,False,0,,,,,
pessimistic,150,multistation_rep,42,42,42,t00118-c00001,1,118,8,0,False,0,,,,,
pessimistic,150,multistation_rep,42,42,42,t00118-c00014,14,118,7,0,False,0,,,,,
pessimistic,150,multistation_rep,42,42,42,t00118-c00015,15,118,8,6,True,1,74.90329199936241,612.4337499932153,0.021667001419700682,0.01666600292082876,612.4720829975558
pessimistic,150,multistation_rep,42,42,42,t00118-c00037,37,118,4,0,False,0,,,,,
pessimistic,150,multistation_rep,42,42,42,t00118-c00141,141,118,7,0,False,0,,,,,
pessimistic,150,multistation_rep,42,42,42,t00119-c00001,1,119,4,0,False,0,,,,,
pessimistic,150,multistation_rep,42,42,42,t00119-c00014,14,119,7,0,False,0,,,,,
pessimistic,150,multistation_rep,42,42,42,t00119-c00015,15,119,3,1,True,1,275.3772919968469,275.3772919968469,74.52395799919032,0.029125003493390977,349.9303749995306
pessimistic,150,multistation_rep,42,42,42,t00119-c00037,37,119,4,0,False,0,,,,,
pessimistic,150,multistation_rep,42,42,42,t00119-c00141,141,119,7,0,False,0,,,,,
pessimistic,150,multistation_rep,42,42,42,t00120-c00001,1,120,6,0,False,0,,,,,
pessimistic,150,multistation_rep,42,42,42,t00120-c00011,11,120,4,4,True,1,81.69208299659658,531.0009999957401,22.774208002374507,0.02504199801478535,553.8002499961294
pessimistic,150,multistation_rep,42,42,42,t00120-c00014,14,120,9,0,False,0,,,,,
pessimistic,150,multistation_rep,42,42,42,t00120-c00015,15,120,3,0,False,0,,,,,
pessimistic,150,multistation_rep,42,42,42,t00120-c00037,37,120,3,0,False,0,,,,,
pessimistic,150,multistation_rep,42,42,42,t00120-c00141,141,120,4,0,False,0,,,,,
pessimistic,150,multistation_rep,42,42,42,t00121-c00001,1,121,3,0,False,0,,,,,
pessimistic,150,multistation_rep,42,42,42,t00121-c00014,14,121,7,0,False,0,,,,,
pessimistic,150,multistation_rep,42,42,42,t00121-c00015,15,121,7,2,True,1,181.70083400036674,211.0298750048969,144.79241699154954,0.027000001864507794,355.84929199831095
pessimistic,150,multistation_rep,42,42,42,t00121-c00037,37,121,3,0,False,0,,,,,
pessimistic,150,multistation_rep,42,42,42,t00121-c00141,141,121,4,0,False,0,,,,,
pessimistic,150,multistation_rep,42,42,42,t00122-c00001,1,122,8,0,False,0,,,,,
pessimistic,150,multistation_rep,42,42,42,t00122-c00014,14,122,7,0,False,0,,,,,
pessimistic,150,multistation_rep,42,42,42,t00122-c00015,15,122,3,0,False,0,,,,,
pessimistic,150,multistation_rep,42,42,42,t00122-c00037,37,122,8,0,False,0,,,,,
pessimistic,150,multistation_rep,42,42,42,t00122-c00141,141,122,7,0,False,0,,,,,
pessimistic,150,multistation_rep,42,42,42,t00123-c00001,1,123,8,0,False,0,,,,,
pessimistic,150,multistation_rep,42,42,42,t00123-c00014,14,123,7,0,False,0,,,,,
pessimistic,150,multistation_rep,42,42,42,t00123-c00015,15,123,3,0,False,0,,,,,
pessimistic,150,multistation_rep,42,42,42,t00123-c00037,37,123,11,0,False,0,,,,,
pessimistic,150,multistation_rep,42,42,42,t00123-c00141,141,123,3,0,False,0,,,,,
pessimistic,150,multistation_rep,42,42,42,t00124-c00001,1,124,1,0,False,0,,,,,
pessimistic,150,multistation_rep,42,42,42,t00124-c00014,14,124,7,0,False,0,,,,,
pessimistic,150,multistation_rep,42,42,42,t00124-c00015,15,124,3,0,False,0,,,,,
pessimistic,150,multistation_rep,42,42,42,t00124-c00030,30,124,5,2,True,1,53.45183299505152,189.84941599774174,167.86591699928977,0.025792003725655377,357.74112500075717
pessimistic,150,multistation_rep,42,42,42,t00124-c00037,37,124,8,0,False,0,,,,,
pessimistic,150,multistation_rep,42,42,42,t00124-c00141,141,124,9,0,False,0,,,,,
pessimistic,150,multistation_rep,42,42,42,t00125-c00001,1,125,7,0,False,0,,,,,
pessimistic,150,multistation_rep,42,42,42,t00125-c00014,14,125,7,0,False,0,,,,,
pessimistic,150,multistation_rep,42,42,42,t00125-c00015,15,125,7,0,False,0,,,,,
pessimistic,150,multistation_rep,42,42,42,t00125-c00021,21,125,4,4,True,1,922.3322500038194,1607.8279170033056,0.025332992663607,0.01995800994336605,1607.8732080059126
pessimistic,150,multistation_rep,42,42,42,t00125-c00030,30,125,5,1,True,1,922.3024999955669,922.3024999955669,685.6152919935994,0.006416012183763087,1607.92420800135
pessimistic,150,multistation_rep,42,42,42,t00125-c00037,37,125,5,0,False,0,,,,,
pessimistic,150,multistation_rep,42,42,42,t00125-c00137,137,125,4,4,True,1,922.2346249880502,1607.729166993522,0.1610000035725534,0.00549999822396785,1607.8956669953186
pessimistic,150,multistation_rep,42,42,42,t00125-c00141,141,125,11,0,False,0,,,,,
pessimistic,150,multistation_rep,42,42,42,t00126-c00001,1,126,7,0,False,0,,,,,
pessimistic,150,multistation_rep,42,42,42,t00126-c00014,14,126,7,0,False,0,,,,,
pessimistic,150,multistation_rep,42,42,42,t00126-c00015,15,126,5,0,False,0,,,,,
pessimistic,150,multistation_rep,42,42,42,t00126-c00037,37,126,5,0,False,0,,,,,
pessimistic,150,multistation_rep,42,42,42,t00126-c00087,87,126,3,2,True,1,134.31591700646095,395.1908330054721,42.70729199924972,0.03616699541453272,437.93429200013634
pessimistic,150,multistation_rep,42,42,42,t00126-c00141,141,126,9,0,False,0,,,,,
pessimistic,150,multistation_rep,42,42,42,t00127-c00001,1,127,9,0,False,0,,,,,
pessimistic,150,multistation_rep,42,42,42,t00127-c00014,14,127,3,0,False,0,,,,,
pessimistic,150,multistation_rep,42,42,42,t00127-c00015,15,127,9,0,False,0,,,,,
pessimistic,150,multistation_rep,42,42,42,t00127-c00037,37,127,1,0,False,0,,,,,
pessimistic,150,multistation_rep,42,42,42,t00127-c00056,56,127,6,6,True,1,76.36575000651646,731.1454169976059,27.82875001139473,0.02870798925869167,759.0028749982594
pessimistic,150,multistation_rep,42,42,42,t00127-c00141,141,127,8,0,False,0,,,,,
pessimistic,150,multistation_rep,42,42,42,t00128-c00001,1,128,4,0,False,0,,,,,
pessimistic,150,multistation_rep,42,42,42,t00128-c00014,14,128,9,0,False,0,,,,,
pessimistic,150,multistation_rep,42,42,42,t00128-c00015,15,128,11,0,False,0,,,,,
pessimistic,150,multistation_rep,42,42,42,t00128-c00037,37,128,5,0,False,0,,,,,
pessimistic,150,multistation_rep,42,42,42,t00128-c00055,55,128,7,7,True,1,59.98037499375641,688.858708992484,156.9659579981817,0.029041999368928373,845.8537089900346
pessimistic,150,multistation_rep,42,42,42,t00128-c00056,56,128,4,3,True,1,314.72691700037103,815.3468329983298,30.569334005122073,0.007208000170066953,845.9233750036219
pessimistic,150,multistation_rep,42,42,42,t00128-c00141,141,128,8,0,False,0,,,,,
pessimistic,150,multistation_rep,42,42,42,t00129-c00001,1,129,9,0,False,0,,,,,
pessimistic,150,multistation_rep,42,42,42,t00129-c00014,14,129,2,0,False,0,,,,,
pessimistic,150,multistation_rep,42,42,42,t00129-c00015,15,129,5,0,False,0,,,,,
pessimistic,150,multistation_rep,42,42,42,t00129-c00037,37,129,4,0,False,0,,,,,
pessimistic,150,multistation_rep,42,42,42,t00129-c00055,55,129,4,3,True,1,194.46954199520405,441.8822919978993,0.0262079993262887,0.01562500256113708,441.9241249997867
pessimistic,150,multistation_rep,42,42,42,t00129-c00107,107,129,4,4,True,1,25.7085829944117,400.10412500123493,41.86149999441113,0.007624999852851033,441.9732499954989
pessimistic,150,multistation_rep,42,42,42,t00129-c00141,141,129,4,0,False,0,,,,,
pessimistic,150,multistation_rep,42,42,42,t00130-c00001,1,130,8,0,False,0,,,,,
pessimistic,150,multistation_rep,42,42,42,t00130-c00014,14,130,9,0,False,0,,,,,
pessimistic,150,multistation_rep,42,42,42,t00130-c00015,15,130,8,0,False,0,,,,,
pessimistic,150,multistation_rep,42,42,42,t00130-c00037,37,130,5,0,False,0,,,,,
pessimistic,150,multistation_rep,42,42,42,t00130-c00141,141,130,4,0,False,0,,,,,
pessimistic,150,multistation_rep,42,42,42,t00131-c00001,1,131,8,0,False,0,,,,,
pessimistic,150,multistation_rep,42,42,42,t00131-c00014,14,131,5,0,False,0,,,,,
pessimistic,150,multistation_rep,42,42,42,t00131-c00015,15,131,8,0,False,0,,,,,
pessimistic,150,multistation_rep,42,42,42,t00131-c00037,37,131,3,0,False,0,,,,,
pessimistic,150,multistation_rep,42,42,42,t00131-c00141,141,131,6,0,False,0,,,,,
pessimistic,150,multistation_rep,42,42,42,t00132-c00001,1,132,8,0,False,0,,,,,
pessimistic,150,multistation_rep,42,42,42,t00132-c00014,14,132,3,0,False,0,,,,,
pessimistic,150,multistation_rep,42,42,42,t00132-c00015,15,132,8,0,False,0,,,,,
pessimistic,150,multistation_rep,42,42,42,t00132-c00037,37,132,5,0,False,0,,,,,
pessimistic,150,multistation_rep,42,42,42,t00132-c00089,89,132,5,5,True,1,145.7120830018539,565.8189579989994,0.030082999728620052,0.01779200101736933,565.8668329997454
pessimistic,150,multistation_rep,42,42,42,t00132-c00141,141,132,5,0,False,0,,,,,
pessimistic,150,multistation_rep,42,42,42,t00133-c00001,1,133,8,0,False,0,,,,,
pessimistic,150,multistation_rep,42,42,42,t00133-c00014,14,133,3,0,False,0,,,,,
pessimistic,150,multistation_rep,42,42,42,t00133-c00015,15,133,4,0,False,0,,,,,
pessimistic,150,multistation_rep,42,42,42,t00133-c00037,37,133,7,0,False,0,,,,,
pessimistic,150,multistation_rep,42,42,42,t00133-c00089,89,133,5,5,True,1,82.94249999744352,513.2278749952093,0.03458399442024529,0.017166006728075445,513.2796249963576
pessimistic,150,multistation_rep,42,42,42,t00133-c00141,141,133,4,0,False,0,,,,,
pessimistic,150,multistation_rep,42,42,42,t00134-c00001,1,134,8,0,False,0,,,,,
pessimistic,150,multistation_rep,42,42,42,t00134-c00014,14,134,7,0,False,0,,,,,
pessimistic,150,multistation_rep,42,42,42,t00134-c00015,15,134,4,0,False,0,,,,,
pessimistic,150,multistation_rep,42,42,42,t00134-c00037,37,134,4,0,False,0,,,,,
pessimistic,150,multistation_rep,42,42,42,t00134-c00112,112,134,6,0,False,0,,,,,
pessimistic,150,multistation_rep,42,42,42,t00134-c00141,141,134,6,0,False,0,,,,,
pessimistic,150,multistation_rep,42,42,42,t00135-c00001,1,135,8,0,False,0,,,,,
pessimistic,150,multistation_rep,42,42,42,t00135-c00014,14,135,10,0,False,0,,,,,
pessimistic,150,multistation_rep,42,42,42,t00135-c00015,15,135,4,0,False,0,,,,,
pessimistic,150,multistation_rep,42,42,42,t00135-c00037,37,135,3,0,False,0,,,,,
pessimistic,150,multistation_rep,42,42,42,t00135-c00045,45,135,7,7,True,1,86.46862499881536,731.8102499993984,36.96662500442471,0.028624999686144292,768.8055000035092
pessimistic,150,multistation_rep,42,42,42,t00135-c00112,112,135,4,0,False,0,,,,,
pessimistic,150,multistation_rep,42,42,42,t00135-c00141,141,135,3,0,False,0,,,,,
pessimistic,150,multistation_rep,42,42,42,t00136-c00001,1,136,8,0,False,0,,,,,
pessimistic,150,multistation_rep,42,42,42,t00136-c00014,14,136,15,0,False,0,,,,,
pessimistic,150,multistation_rep,42,42,42,t00136-c00015,15,136,3,0,False,0,,,,,
pessimistic,150,multistation_rep,42,42,42,t00136-c00037,37,136,7,0,False,0,,,,,
pessimistic,150,multistation_rep,42,42,42,t00136-c00042,42,136,4,4,True,1,129.86329100385774,848.169874996529,0.026166002498939633,0.016125006368383765,848.2121660053963
pessimistic,150,multistation_rep,42,42,42,t00136-c00053,53,136,3,1,True,1,523.0789579945849,523.0789579945849,325.19291700737085,0.005875001079402864,848.2777500030352
pessimistic,150,multistation_rep,42,42,42,t00136-c00112,112,136,6,0,False,0,,,,,
pessimistic,150,multistation_rep,42,42,42,t00136-c00133,133,136,3,3,True,1,36.9150409969734,644.94700000796,203.3019160007825,0.005416994099505246,848.254333002842
pessimistic,150,multistation_rep,42,42,42,t00136-c00141,141,136,3,0,False,0,,,,,
pessimistic,150,multistation_rep,42,42,42,t00137-c00001,1,137,8,0,False,0,,,,,
pessimistic,150,multistation_rep,42,42,42,t00137-c00014,14,137,8,0,False,0,,,,,
pessimistic,150,multistation_rep,42,42,42,t00137-c00015,15,137,3,0,False,0,,,,,
pessimistic,150,multistation_rep,42,42,42,t00137-c00026,26,137,7,7,True,1,280.4339589929441,1269.2492089990992,0.026166002498939633,0.017041995306499302,1269.2924169969046
pessimistic,150,multistation_rep,42,42,42,t00137-c00037,37,137,12,0,False,0,,,,,
pessimistic,150,multistation_rep,42,42,42,t00137-c00042,42,137,6,6,True,1,87.8273749985965,1151.8879999930505,117.41387500660494,0.007624999852851033,1269.3094999995083
pessimistic,150,multistation_rep,42,42,42,t00137-c00053,53,137,5,1,True,1,662.2376250015805,662.2376250015805,607.0692499924917,0.005125009920448065,1269.3120000039926
pessimistic,150,multistation_rep,42,42,42,t00137-c00112,112,137,6,0,False,0,,,,,
pessimistic,150,multistation_rep,42,42,42,t00137-c00141,141,137,4,0,False,0,,,,,
pessimistic,150,multistation_rep,42,42,42,t00138-c00001,1,138,12,0,False,0,,,,,
pessimistic,150,multistation_rep,42,42,42,t00138-c00014,14,138,3,0,False,0,,,,,
pessimistic,150,multistation_rep,42,42,42,t00138-c00015,15,138,3,0,False,0,,,,,
pessimistic,150,multistation_rep,42,42,42,t00138-c00037,37,138,5,0,False,0,,,,,
pessimistic,150,multistation_rep,42,42,42,t00138-c00053,53,138,6,0,False,0,,,,,
pessimistic,150,multistation_rep,42,42,42,t00138-c00112,112,138,7,0,False,0,,,,,
pessimistic,150,multistation_rep,42,42,42,t00138-c00141,141,138,4,0,False,0,,,,,
pessimistic,150,multistation_rep,42,42,42,t00138-c00147,147,138,7,7,True,1,93.1001659919275,690.3875409916509,18.41783399868291,0.029583010473288596,708.8349580008071
pessimistic,150,multistation_rep,42,42,42,t00139-c00001,1,139,3,0,False,0,,,,,
pessimistic,150,multistation_rep,42,42,42,t00139-c00014,14,139,4,0,False,0,,,,,
pessimistic,150,multistation_rep,42,42,42,t00139-c00015,15,139,3,0,False,0,,,,,
pessimistic,150,multistation_rep,42,42,42,t00139-c00037,37,139,5,0,False,0,,,,,
pessimistic,150,multistation_rep,42,42,42,t00139-c00053,53,139,5,0,False,0,,,,,
pessimistic,150,multistation_rep,42,42,42,t00139-c00112,112,139,8,0,False,0,,,,,
pessimistic,150,multistation_rep,42,42,42,t00139-c00141,141,139,5,0,False,0,,,,,
pessimistic,150,multistation_rep,42,42,42,t00140-c00001,1,140,12,0,False,0,,,,,
pessimistic,150,multistation_rep,42,42,42,t00140-c00014,14,140,8,0,False,0,,,,,
pessimistic,150,multistation_rep,42,42,42,t00140-c00015,15,140,8,0,False,0,,,,,
pessimistic,150,multistation_rep,42,42,42,t00140-c00037,37,140,12,0,False,0,,,,,
pessimistic,150,multistation_rep,42,42,42,t00140-c00053,53,140,7,0,False,0,,,,,
pessimistic,150,multistation_rep,42,42,42,t00140-c00086,86,140,7,7,True,1,159.25966699433047,1217.4755839951104,103.1924999988405,0.033958000130951405,1320.7020419940818
pessimistic,150,multistation_rep,42,42,42,t00140-c00112,112,140,11,0,False,0,,,,,
pessimistic,150,multistation_rep,42,42,42,t00140-c00124,124,140,4,4,True,1,354.247374998522,1217.4108329927549,103.30279200570658,0.007875001756474376,1320.721500000218
pessimistic,150,multistation_rep,42,42,42,t00140-c00141,141,140,4,0,False,0,,,,,
pessimistic,150,multistation_rep,42,42,42,t00141-c00001,1,141,5,0,False,0,,,,,
pessimistic,150,multistation_rep,42,42,42,t00141-c00014,14,141,8,0,False,0,,,,,
pessimistic,150,multistation_rep,42,42,42,t00141-c00015,15,141,5,0,False,0,,,,,
pessimistic,150,multistation_rep,42,42,42,t00141-c00037,37,141,6,0,False,0,,,,,
pessimistic,150,multistation_rep,42,42,42,t00141-c00053,53,141,7,0,False,0,,,,,
pessimistic,150,multistation_rep,42,42,42,t00141-c00067,67,141,3,3,True,1,274.6034169977065,1097.8525829996215,104.87345900037326,0.03908299549948424,1202.7651249954943
pessimistic,150,multistation_rep,42,42,42,t00141-c00081,81,141,7,6,True,1,65.4777500021737,856.4507080009207,346.3594170025317,0.009041003067977726,1202.8191660065204
pessimistic,150,multistation_rep,42,42,42,t00141-c00112,112,141,12,0,False,0,,,,,
pessimistic,150,multistation_rep,42,42,42,t00141-c00124,124,141,10,3,True,1,547.932833986124,1097.7592499984894,105.02449999330565,0.005584006430581212,1202.7893339982256
pessimistic,150,multistation_rep,42,42,42,t00141-c00141,141,141,3,0,False,0,,,,,
pessimistic,150,multistation_rep,42,42,42,t00142-c00001,1,142,9,0,False,0,,,,,
pessimistic,150,multistation_rep,42,42,42,t00142-c00014,14,142,8,0,False,0,,,,,
pessimistic,150,multistation_rep,42,42,42,t00142-c00015,15,142,6,0,False,0,,,,,
pessimistic,150,multistation_rep,42,42,42,t00142-c00037,37,142,6,0,False,0,,,,,
pessimistic,150,multistation_rep,42,42,42,t00142-c00043,43,142,4,1,True,1,821.5490420116112,821.5490420116112,237.30387499381322,0.02070800110232085,1058.8736250065267
pessimistic,150,multistation_rep,42,42,42,t00142-c00053,53,142,13,1,True,1,540.5325410101796,540.5325410101796,518.3862089907052,0.0064580090111121535,1058.9252080098959
pessimistic,150,multistation_rep,42,42,42,t00142-c00074,74,142,6,6,True,1,159.26054200099315,1058.7584580061957,0.16220899124164134,0.0071250105975195765,1058.9277920080349
pessimistic,150,multistation_rep,42,42,42,t00142-c00096,96,142,6,6,True,1,81.59304200671613,958.1986670091283,100.71899999456946,0.005833004252053797,1058.9235000079498
pessimistic,150,multistation_rep,42,42,42,t00142-c00112,112,142,4,0,False,0,,,,,
pessimistic,150,multistation_rep,42,42,42,t00142-c00141,141,142,5,0,False,0,,,,,
pessimistic,150,multistation_rep,42,42,42,t00143-c00001,1,143,8,0,False,0,,,,,
pessimistic,150,multistation_rep,42,42,42,t00143-c00014,14,143,14,0,False,0,,,,,
pessimistic,150,multistation_rep,42,42,42,t00143-c00015,15,143,6,0,False,0,,,,,
pessimistic,150,multistation_rep,42,42,42,t00143-c00037,37,143,3,0,False,0,,,,,
pessimistic,150,multistation_rep,42,42,42,t00143-c00061,61,143,3,3,True,1,197.38462500390597,556.264334009029,97.0783329976257,0.03329200262669474,653.3759590092814
pessimistic,150,multistation_rep,42,42,42,t00143-c00112,112,143,5,0,False,0,,,,,
pessimistic,150,multistation_rep,42,42,42,t00143-c00141,141,143,5,0,False,0,,,,,
pessimistic,150,multistation_rep,42,42,42,t00144-c00001,1,144,6,0,False,0,,,,,
pessimistic,150,multistation_rep,42,42,42,t00144-c00014,14,144,3,0,False,0,,,,,
pessimistic,150,multistation_rep,42,42,42,t00144-c00015,15,144,4,0,False,0,,,,,
pessimistic,150,multistation_rep,42,42,42,t00144-c00037,37,144,3,0,False,0,,,,,
pessimistic,150,multistation_rep,42,42,42,t00144-c00057,57,144,9,9,True,1,69.59962499968242,566.3496250053868,0.03241699596401304,0.017917001969181,566.39995900332
pessimistic,150,multistation_rep,42,42,42,t00144-c00112,112,144,5,0,False,0,,,,,
pessimistic,150,multistation_rep,42,42,42,t00144-c00141,141,144,5,0,False,0,,,,,
pessimistic,150,multistation_rep,42,42,42,t00145-c00001,1,145,6,0,False,0,,,,,
pessimistic,150,multistation_rep,42,42,42,t00145-c00014,14,145,4,0,False,0,,,,,
pessimistic,150,multistation_rep,42,42,42,t00145-c00015,15,145,3,0,False,0,,,,,
pessimistic,150,multistation_rep,42,42,42,t00145-c00037,37,145,10,0,False,0,,,,,
pessimistic,150,multistation_rep,42,42,42,t00145-c00112,112,145,4,0,False,0,,,,,
pessimistic,150,multistation_rep,42,42,42,t00145-c00141,141,145,5,0,False,0,,,,,
pessimistic,150,multistation_rep,42,42,42,t00146-c00001,1,146,4,0,False,0,,,,,
pessimistic,150,multistation_rep,42,42,42,t00146-c00005,5,146,6,3,True,1,117.29475000174716,541.6589160013245,75.52316700457595,0.02791700535453856,617.210000011255
pessimistic,150,multistation_rep,42,42,42,t00146-c00014,14,146,4,0,False,0,,,,,
pessimistic,150,multistation_rep,42,42,42,t00146-c00015,15,146,3,0,False,0,,,,,
pessimistic,150,multistation_rep,42,42,42,t00146-c00037,37,146,7,0,False,0,,,,,
pessimistic,150,multistation_rep,42,42,42,t00146-c00112,112,146,5,0,False,0,,,,,
pessimistic,150,multistation_rep,42,42,42,t00146-c00121,121,146,7,4,True,1,55.014749988913536,584.5133330003591,32.62404199631419,0.008207993232645094,617.145582989906
pessimistic,150,multistation_rep,42,42,42,t00146-c00141,141,146,7,0,False,0,,,,,
pessimistic,150,multistation_rep,42,42,42,t00147-c00001,1,147,3,0,False,0,,,,,
pessimistic,150,multistation_rep,42,42,42,t00147-c00014,14,147,4,0,False,0,,,,,
pessimistic,150,multistation_rep,42,42,42,t00147-c00015,15,147,3,0,False,0,,,,,
pessimistic,150,multistation_rep,42,42,42,t00147-c00037,37,147,3,0,False,0,,,,,
pessimistic,150,multistation_rep,42,42,42,t00147-c00112,112,147,3,0,False,0,,,,,
pessimistic,150,multistation_rep,42,42,42,t00147-c00118,118,147,8,8,True,1,70.19791699713096,593.1707080017077,22.68533399910666,0.018582999473437667,615.8746250002878
pessimistic,150,multistation_rep,42,42,42,t00147-c00121,121,147,7,1,True,1,593.141666991869,593.141666991869,22.7565420063911,0.006457994459196925,615.9046669927193
pessimistic,150,multistation_rep,42,42,42,t00147-c00141,141,147,7,0,False,0,,,,,
pessimistic,150,multistation_rep,42,42,42,t00148-c00001,1,148,3,0,False,0,,,,,
pessimistic,150,multistation_rep,42,42,42,t00148-c00014,14,148,6,0,False,0,,,,,
pessimistic,150,multistation_rep,42,42,42,t00148-c00015,15,148,3,0,False,0,,,,,
pessimistic,150,multistation_rep,42,42,42,t00148-c00037,37,148,7,0,False,0,,,,,
pessimistic,150,multistation_rep,42,42,42,t00148-c00108,108,148,4,4,True,1,97.34220900281798,639.527667008224,0.03458299033809453,0.024334003683179617,639.5865840022452
pessimistic,150,multistation_rep,42,42,42,t00148-c00112,112,148,10,0,False,0,,,,,
pessimistic,150,multistation_rep,42,42,42,t00148-c00136,136,148,3,1,True,1,46.85474999132566,46.85474999132566,592.7441250096308,0.006999995093792677,639.6058749960503
pessimistic,150,multistation_rep,42,42,42,t00148-c00141,141,148,9,0,False,0,,,,,
pessimistic,150,multistation_rep,42,42,42,t00149-c00001,1,149,7,0,False,0,,,,,
pessimistic,150,multistation_rep,42,42,42,t00149-c00014,14,149,1,0,False,0,,,,,
pessimistic,150,multistation_rep,42,42,42,t00149-c00015,15,149,6,0,False,0,,,,,
pessimistic,150,multistation_rep,42,42,42,t00149-c00037,37,149,7,0,False,0,,,,,
pessimistic,150,multistation_rep,42,42,42,t00149-c00048,48,149,3,3,True,1,120.97216599795502,474.30341599101666,127.13704199995846,0.027667003450915217,601.468124994426
pessimistic,150,multistation_rep,42,42,42,t00149-c00112,112,149,11,0,False,0,,,,,
pessimistic,150,multistation_rep,42,42,42,t00149-c00141,141,149,15,0,False,0,,,,,
pessimistic,150,multistation_rep,42,42,42,t00150-c00001,1,150,8,0,False,0,,,,,
pessimistic,150,multistation_rep,42,42,42,t00150-c00014,14,150,12,0,False,0,,,,,
pessimistic,150,multistation_rep,42,42,42,t00150-c00015,15,150,13,0,False,0,,,,,
pessimistic,150,multistation_rep,42,42,42,t00150-c00037,37,150,7,0,False,0,,,,,
pessimistic,150,multistation_rep,42,42,42,t00150-c00048,48,150,3,2,True,1,189.70187500235625,265.3415410022717,450.1646249991609,0.02920899714808911,715.5353749985807
pessimistic,150,multistation_rep,42,42,42,t00150-c00112,112,150,10,0,False,0,,,,,
pessimistic,150,multistation_rep,42,42,42,t00150-c00141,141,150,15,0,False,0,,,,,
pessimistic,150,multistation_rep,42,42,42,t00151-c00001,1,151,7,0,False,0,,,,,
pessimistic,150,multistation_rep,42,42,42,t00151-c00014,14,151,9,0,False,0,,,,,
pessimistic,150,multistation_rep,42,42,42,t00151-c00015,15,151,8,0,False,0,,,,,
pessimistic,150,multistation_rep,42,42,42,t00151-c00037,37,151,12,0,False,0,,,,,
pessimistic,150,multistation_rep,42,42,42,t00151-c00112,112,151,10,0,False,0,,,,,
pessimistic,150,multistation_rep,42,42,42,t00151-c00141,141,151,8,0,False,0,,,,,
pessimistic,150,multistation_rep,42,42,42,t00152-c00001,1,152,6,0,False,0,,,,,
pessimistic,150,multistation_rep,42,42,42,t00152-c00014,14,152,6,0,False,0,,,,,
pessimistic,150,multistation_rep,42,42,42,t00152-c00015,15,152,9,0,False,0,,,,,
pessimistic,150,multistation_rep,42,42,42,t00152-c00037,37,152,6,0,False,0,,,,,
pessimistic,150,multistation_rep,42,42,42,t00152-c00112,112,152,6,0,False,0,,,,,
pessimistic,150,multistation_rep,42,42,42,t00152-c00133,133,152,4,3,True,1,291.8277079879772,738.3266249962617,19.835291997878812,0.026458001229912043,758.1883749953704
pessimistic,150,multistation_rep,42,42,42,t00152-c00141,141,152,11,0,False,0,,,,,
pessimistic,150,multistation_rep,42,42,42,t00153-c00001,1,153,6,0,False,0,,,,,
pessimistic,150,multistation_rep,42,42,42,t00153-c00014,14,153,4,0,False,0,,,,,
pessimistic,150,multistation_rep,42,42,42,t00153-c00015,15,153,6,0,False,0,,,,,
pessimistic,150,multistation_rep,42,42,42,t00153-c00037,37,153,6,0,False,0,,,,,
pessimistic,150,multistation_rep,42,42,42,t00153-c00055,55,153,4,2,True,1,190.26695800130256,286.57050000038,239.99100000946783,0.03037499845959246,526.5918750083074
pessimistic,150,multistation_rep,42,42,42,t00153-c00112,112,153,5,0,False,0,,,,,
pessimistic,150,multistation_rep,42,42,42,t00153-c00133,133,153,3,0,False,0,,,,,
pessimistic,150,multistation_rep,42,42,42,t00153-c00137,137,153,5,2,True,1,109.17829201207496,356.5427920111688,170.02987499290612,0.007167007424868643,526.5798340114998
pessimistic,150,multistation_rep,42,42,42,t00153-c00141,141,153,5,0,False,0,,,,,
pessimistic,150,multistation_rep,42,42,42,t00154-c00001,1,154,3,0,False,0,,,,,
pessimistic,150,multistation_rep,42,42,42,t00154-c00014,14,154,7,0,False,0,,,,,
pessimistic,150,multistation_rep,42,42,42,t00154-c00015,15,154,6,0,False,0,,,,,
pessimistic,150,multistation_rep,42,42,42,t00154-c00037,37,154,3,0,False,0,,,,,
pessimistic,150,multistation_rep,42,42,42,t00154-c00112,112,154,3,0,False,0,,,,,
pessimistic,150,multistation_rep,42,42,42,t00154-c00125,125,154,3,3,True,1,249.5640419947449,897.2762080084067,157.78154198778793,0.024958004360087216,1055.0827080005547
pessimistic,150,multistation_rep,42,42,42,t00154-c00133,133,154,3,1,True,1,249.53450000612065,249.53450000612065,805.5849579977803,0.006874994141981006,1055.126332998043
pessimistic,150,multistation_rep,42,42,42,t00154-c00134,134,154,5,1,True,1,1027.63558398874,1027.63558398874,27.512250002473593,0.005166002665646374,1055.1529999938793
pessimistic,150,multistation_rep,42,42,42,t00154-c00141,141,154,5,0,False,0,,,,,
pessimistic,150,multistation_rep,42,42,42,t00155-c00001,1,155,6,0,False,0,,,,,
pessimistic,150,multistation_rep,42,42,42,t00155-c00004,4,155,4,4,True,1,184.65258300420828,676.6175000084331,84.22174998850096,0.015416007954627275,760.8546660048887
pessimistic,150,multistation_rep,42,42,42,t00155-c00014,14,155,0,0,False,0,,,,,
pessimistic,150,multistation_rep,42,42,42,t00155-c00015,15,155,6,0,False,0,,,,,
pessimistic,150,multistation_rep,42,42,42,t00155-c00037,37,155,3,0,False,0,,,,,
pessimistic,150,multistation_rep,42,42,42,t00155-c00107,107,155,4,3,True,1,235.044208006002,760.6857909995597,0.13970900909043849,0.007165988790802658,760.8326659974409
pessimistic,150,multistation_rep,42,42,42,t00155-c00112,112,155,7,0,False,0,,,,,
pessimistic,150,multistation_rep,42,42,42,t00155-c00141,141,155,5,0,False,0,,,,,
pessimistic,150,multistation_rep,42,42,42,t00156-c00001,1,156,3,0,False,0,,,,,
pessimistic,150,multistation_rep,42,42,42,t00156-c00004,4,156,9,3,True,1,482.24708400084637,1092.4730420083506,138.08958299341612,0.02054200740531087,1230.583167009172
pessimistic,150,multistation_rep,42,42,42,t00156-c00014,14,156,3,0,False,0,,,,,
pessimistic,150,multistation_rep,42,42,42,t00156-c00015,15,156,6,0,False,0,,,,,
pessimistic,150,multistation_rep,42,42,42,t00156-c00017,17,156,7,7,True,1,146.4095409901347,1206.6978749935515,23.873208003351465,0.00941699545364827,1230.5804999923566
pessimistic,150,multistation_rep,42,42,42,t00156-c00037,37,156,7,0,False,0,,,,,
pessimistic,150,multistation_rep,42,42,42,t00156-c00107,107,156,4,0,False,0,,,,,
pessimistic,150,multistation_rep,42,42,42,t00156-c00112,112,156,7,0,False,0,,,,,
pessimistic,150,multistation_rep,42,42,42,t00156-c00113,113,156,12,5,True,1,146.28208300564438,904.9853330070619,325.52025000040885,0.00620899663772434,1230.5117920041084
pessimistic,150,multistation_rep,42,42,42,t00156-c00141,141,156,5,0,False,0,,,,,
pessimistic,150,multistation_rep,42,42,42,t00157-c00001,1,157,3,0,False,0,,,,,
pessimistic,150,multistation_rep,42,42,42,t00157-c00014,14,157,3,0,False,0,,,,,
pessimistic,150,multistation_rep,42,42,42,t00157-c00015,15,157,7,0,False,0,,,,,
pessimistic,150,multistation_rep,42,42,42,t00157-c00017,17,157,8,6,True,1,93.49562499846797,785.5096669954946,104.72466600185726,0.019416998839005828,890.2537499961909
pessimistic,150,multistation_rep,42,42,42,t00157-c00037,37,157,8,0,False,0,,,,,
pessimistic,150,multistation_rep,42,42,42,t00157-c00060,60,157,5,5,True,1,158.03525000228547,890.1428329991177,0.14291699335444719,0.007499998901039362,890.2932499913732
pessimistic,150,multistation_rep,42,42,42,t00157-c00107,107,157,4,0,False,0,,,,,
pessimistic,150,multistation_rep,42,42,42,t00157-c00112,112,157,7,0,False,0,,,,,
pessimistic,150,multistation_rep,42,42,42,t00157-c00141,141,157,3,0,False,0,,,,,
pessimistic,150,multistation_rep,42,42,42,t00158-c00001,1,158,3,0,False,0,,,,,
pessimistic,150,multistation_rep,42,42,42,t00158-c00014,14,158,6,0,False,0,,,,,
pessimistic,150,multistation_rep,42,42,42,t00158-c00015,15,158,7,0,False,0,,,,,
pessimistic,150,multistation_rep,42,42,42,t00158-c00017,17,158,7,2,True,1,563.2784999907017,943.636374999187,137.6588749990333,0.0176659959834069,1081.3129159942036
pessimistic,150,multistation_rep,42,42,42,t00158-c00029,29,158,6,6,True,1,142.90095800242852,1081.238165992545,0.137541996082291,0.008917006198316813,1081.3846249948256
pessimistic,150,multistation_rep,42,42,42,t00158-c00037,37,158,5,0,False,0,,,,,
pessimistic,150,multistation_rep,42,42,42,t00158-c00081,81,158,3,2,True,1,42.88562499277759,611.3532500021392,469.9974589893827,0.005708003300242126,1081.3564169948222
pessimistic,150,multistation_rep,42,42,42,t00158-c00107,107,158,4,0,False,0,,,,,
pessimistic,150,multistation_rep,42,42,42,t00158-c00112,112,158,4,0,False,0,,,,,
pessimistic,150,multistation_rep,42,42,42,t00158-c00141,141,158,3,0,False,0,,,,,
pessimistic,150,multistation_rep,42,42,42,t00159-c00001,1,159,3,0,False,0,,,,,
pessimistic,150,multistation_rep,42,42,42,t00159-c00014,14,159,3,0,False,0,,,,,
pessimistic,150,multistation_rep,42,42,42,t00159-c00015,15,159,7,0,False,0,,,,,
pessimistic,150,multistation_rep,42,42,42,t00159-c00017,17,159,7,1,True,1,525.0715000001946,525.0715000001946,247.30837499373592,0.030583003535866737,772.4104579974664
pessimistic,150,multistation_rep,42,42,42,t00159-c00037,37,159,5,0,False,0,,,,,
pessimistic,150,multistation_rep,42,42,42,t00159-c00097,97,159,3,3,True,1,87.58649999799673,739.0884170017671,33.35545799927786,0.008417002391070127,772.452292003436
pessimistic,150,multistation_rep,42,42,42,t00159-c00107,107,159,7,5,True,1,166.62295800051652,480.521833000239,291.9245829980355,0.006000002031214535,772.4524160003057
pessimistic,150,multistation_rep,42,42,42,t00159-c00112,112,159,5,0,False,0,,,,,
pessimistic,150,multistation_rep,42,42,42,t00159-c00141,141,159,3,0,False,0,,,,,
pessimistic,150,multistation_rep,42,42,42,t00160-c00001,1,160,3,0,False,0,,,,,
pessimistic,150,multistation_rep,42,42,42,t00160-c00014,14,160,4,0,False,0,,,,,
pessimistic,150,multistation_rep,42,42,42,t00160-c00015,15,160,3,0,False,0,,,,,
pessimistic,150,multistation_rep,42,42,42,t00160-c00017,17,160,7,0,False,0,,,,,
pessimistic,150,multistation_rep,42,42,42,t00160-c00037,37,160,3,0,False,0,,,,,
pessimistic,150,multistation_rep,42,42,42,t00160-c00107,107,160,5,1,True,1,630.2613750012824,630.2613750012824,377.9024590039626,0.026041001547127962,1008.1898750067921
pessimistic,150,multistation_rep,42,42,42,t00160-c00112,112,160,5,0,False,0,,,,,
pessimistic,150,multistation_rep,42,42,42,t00160-c00129,129,160,5,1,True,1,762.283916992601,762.283916992601,245.9369999996852,0.006165995728224516,1008.2270829880144
pessimistic,150,multistation_rep,42,42,42,t00160-c00141,141,160,5,0,False,0,,,,,
pessimistic,150,multistation_rep,42,42,42,t00160-c00145,145,160,7,7,True,1,167.04766599286813,962.2014579945244,45.99975000019185,0.0070829992182552814,1008.2082909939345
pessimistic,150,multistation_rep,42,42,42,t00161-c00001,1,161,3,0,False,0,,,,,
pessimistic,150,multistation_rep,42,42,42,t00161-c00014,14,161,4,0,False,0,,,,,
pessimistic,150,multistation_rep,42,42,42,t00161-c00015,15,161,6,0,False,0,,,,,
pessimistic,150,multistation_rep,42,42,42,t00161-c00017,17,161,9,0,False,0,,,,,
pessimistic,150,multistation_rep,42,42,42,t00161-c00037,37,161,5,0,False,0,,,,,
pessimistic,150,multistation_rep,42,42,42,t00161-c00040,40,161,7,6,True,1,75.18274999165442,793.8862919982057,47.5704160053283,0.027709000278264284,841.4844170038123
pessimistic,150,multistation_rep,42,42,42,t00161-c00065,65,161,4,4,True,1,251.85304098704364,705.0640409870539,136.4597500069067,0.007875001756474376,841.531665995717
pessimistic,150,multistation_rep,42,42,42,t00161-c00073,73,161,4,1,True,1,382.0527500065509,382.0527500065509,459.4693340040976,0.004874993464909494,841.5269590041135
pessimistic,150,multistation_rep,42,42,42,t00161-c00107,107,161,6,0,False,0,,,,,
pessimistic,150,multistation_rep,42,42,42,t00161-c00112,112,161,8,0,False,0,,,,,
pessimistic,150,multistation_rep,42,42,42,t00161-c00129,129,161,5,0,False,0,,,,,
pessimistic,150,multistation_rep,42,42,42,t00161-c00141,141,161,3,0,False,0,,,,,
pessimistic,150,multistation_rep,42,42,42,t00162-c00001,1,162,3,0,False,0,,,,,
pessimistic,150,multistation_rep,42,42,42,t00162-c00014,14,162,4,0,False,0,,,,,
pessimistic,150,multistation_rep,42,42,42,t00162-c00015,15,162,5,0,False,0,,,,,
pessimistic,150,multistation_rep,42,42,42,t00162-c00017,17,162,9,0,False,0,,,,,
pessimistic,150,multistation_rep,42,42,42,t00162-c00037,37,162,1,0,False,0,,,,,
pessimistic,150,multistation_rep,42,42,42,t00162-c00080,80,162,5,5,True,1,93.18208399054129,792.9214169998886,0.032916999771259725,0.022833002731204033,792.9771670023911
pessimistic,150,multistation_rep,42,42,42,t00162-c00107,107,162,6,0,False,0,,,,,
pessimistic,150,multistation_rep,42,42,42,t00162-c00112,112,162,7,0,False,0,,,,,
pessimistic,150,multistation_rep,42,42,42,t00162-c00129,129,162,6,0,False,0,,,,,
pessimistic,150,multistation_rep,42,42,42,t00162-c00141,141,162,3,0,False,0,,,,,
pessimistic,150,multistation_rep,42,42,42,t00163-c00001,1,163,8,0,False,0,,,,,
pessimistic,150,multistation_rep,42,42,42,t00163-c00014,14,163,4,0,False,0,,,,,
pessimistic,150,multistation_rep,42,42,42,t00163-c00015,15,163,3,0,False,0,,,,,
pessimistic,150,multistation_rep,42,42,42,t00163-c00017,17,163,9,0,False,0,,,,,
pessimistic,150,multistation_rep,42,42,42,t00163-c00037,37,163,4,0,False,0,,,,,
pessimistic,150,multistation_rep,42,42,42,t00163-c00041,41,163,6,6,True,1,76.35120800114237,900.8669159957208,23.898792002000846,0.030167007935233414,924.7958750056569
pessimistic,150,multistation_rep,42,42,42,t00163-c00107,107,163,4,0,False,0,,,,,
pessimistic,150,multistation_rep,42,42,42,t00163-c00112,112,163,10,0,False,0,,,,,
pessimistic,150,multistation_rep,42,42,42,t00163-c00129,129,163,5,0,False,0,,,,,
pessimistic,150,multistation_rep,42,42,42,t00163-c00141,141,163,9,0,False,0,,,,,
pessimistic,150,multistation_rep,42,42,42,t00164-c00001,1,164,4,0,False,0,,,,,
pessimistic,150,multistation_rep,42,42,42,t00164-c00014,14,164,3,0,False,0,,,,,
pessimistic,150,multistation_rep,42,42,42,t00164-c00015,15,164,7,0,False,0,,,,,
pessimistic,150,multistation_rep,42,42,42,t00164-c00017,17,164,9,0,False,0,,,,,
pessimistic,150,multistation_rep,42,42,42,t00164-c00037,37,164,4,0,False,0,,,,,
pessimistic,150,multistation_rep,42,42,42,t00164-c00041,41,164,4,4,True,1,279.9734590080334,2292.481584008783,20.00174998829607,0.034666009014472365,2312.5180000060936
pessimistic,150,multistation_rep,42,42,42,t00164-c00107,107,164,4,0,False,0,,,,,
pessimistic,150,multistation_rep,42,42,42,t00164-c00112,112,164,11,0,False,0,,,,,
pessimistic,150,multistation_rep,42,42,42,t00164-c00129,129,164,5,0,False,0,,,,,
pessimistic,150,multistation_rep,42,42,42,t00164-c00130,130,164,10,10,True,1,210.5861250020098,2115.3954589972273,197.08366600389127,0.010584000847302377,2312.489709001966
pessimistic,150,multistation_rep,42,42,42,t00164-c00141,141,164,13,0,False,0,,,,,
pessimistic,150,multistation_rep,42,42,42,t00165-c00001,1,165,3,0,False,0,,,,,
pessimistic,150,multistation_rep,42,42,42,t00165-c00014,14,165,3,0,False,0,,,,,
pessimistic,150,multistation_rep,42,42,42,t00165-c00015,15,165,7,0,False,0,,,,,
pessimistic,150,multistation_rep,42,42,42,t00165-c00017,17,165,7,0,False,0,,,,,
pessimistic,150,multistation_rep,42,42,42,t00165-c00037,37,165,4,0,False,0,,,,,
pessimistic,150,multistation_rep,42,42,42,t00165-c00046,46,165,3,3,True,1,257.2304590139538,718.6305840004934,133.3938330062665,0.02300000051036477,852.0474170072703
pessimistic,150,multistation_rep,42,42,42,t00165-c00074,74,165,6,4,True,1,177.2514579934068,431.1463750054827,420.95049998897593,0.009208000847138464,852.1060829953058
pessimistic,150,multistation_rep,42,42,42,t00165-c00107,107,165,3,0,False,0,,,,,
pessimistic,150,multistation_rep,42,42,42,t00165-c00112,112,165,10,0,False,0,,,,,
pessimistic,150,multistation_rep,42,42,42,t00165-c00129,129,165,5,0,False,0,,,,,
pessimistic,150,multistation_rep,42,42,42,t00165-c00141,141,165,5,0,False,0,,,,,
pessimistic,150,multistation_rep,42,42,42,t00166-c00001,1,166,7,0,False,0,,,,,
pessimistic,150,multistation_rep,42,42,42,t00166-c00014,14,166,2,0,False,0,,,,,
pessimistic,150,multistation_rep,42,42,42,t00166-c00015,15,166,5,0,False,0,,,,,
pessimistic,150,multistation_rep,42,42,42,t00166-c00017,17,166,6,0,False,0,,,,,
pessimistic,150,multistation_rep,42,42,42,t00166-c00037,37,166,4,0,False,0,,,,,
pessimistic,150,multistation_rep,42,42,42,t00166-c00107,107,166,3,0,False,0,,,,,
pessimistic,150,multistation_rep,42,42,42,t00166-c00112,112,166,4,0,False,0,,,,,
pessimistic,150,multistation_rep,42,42,42,t00166-c00129,129,166,9,0,False,0,,,,,
pessimistic,150,multistation_rep,42,42,42,t00166-c00133,133,166,10,2,True,1,296.1586250021355,344.57004099385813,288.396209012717,0.03420798748265952,633.0004579940578
pessimistic,150,multistation_rep,42,42,42,t00166-c00141,141,166,3,0,False,0,,,,,
pessimistic,150,multistation_rep,42,42,42,t00167-c00001,1,167,5,0,False,0,,,,,
pessimistic,150,multistation_rep,42,42,42,t00167-c00014,14,167,8,0,False,0,,,,,
pessimistic,150,multistation_rep,42,42,42,t00167-c00015,15,167,5,0,False,0,,,,,
pessimistic,150,multistation_rep,42,42,42,t00167-c00017,17,167,6,0,False,0,,,,,
pessimistic,150,multistation_rep,42,42,42,t00167-c00037,37,167,4,0,False,0,,,,,
pessimistic,150,multistation_rep,42,42,42,t00167-c00098,98,167,7,7,True,1,162.17737500846852,1095.4252500087023,46.0057079908438,0.030459006666205823,1141.4614170062123
pessimistic,150,multistation_rep,42,42,42,t00167-c00107,107,167,3,0,False,0,,,,,
pessimistic,150,multistation_rep,42,42,42,t00167-c00112,112,167,7,0,False,0,,,,,
pessimistic,150,multistation_rep,42,42,42,t00167-c00129,129,167,15,0,False,0,,,,,
pessimistic,150,multistation_rep,42,42,42,t00167-c00141,141,167,3,0,False,0,,,,,
pessimistic,150,multistation_rep,42,42,42,t00168-c00001,1,168,3,0,False,0,,,,,
pessimistic,150,multistation_rep,42,42,42,t00168-c00014,14,168,6,0,False,0,,,,,
pessimistic,150,multistation_rep,42,42,42,t00168-c00015,15,168,3,0,False,0,,,,,
pessimistic,150,multistation_rep,42,42,42,t00168-c00017,17,168,3,0,False,0,,,,,
pessimistic,150,multistation_rep,42,42,42,t00168-c00037,37,168,3,0,False,0,,,,,
pessimistic,150,multistation_rep,42,42,42,t00168-c00098,98,168,7,5,True,1,143.40379201166797,880.0770420057233,0.036708006518892944,0.01983399852178991,880.133584010764
pessimistic,150,multistation_rep,42,42,42,t00168-c00107,107,168,3,0,False,0,,,,,
pessimistic,150,multistation_rep,42,42,42,t00168-c00112,112,168,7,0,False,0,,,,,
pessimistic,150,multistation_rep,42,42,42,t00168-c00129,129,168,12,0,False,0,,,,,
pessimistic,150,multistation_rep,42,42,42,t00168-c00141,141,168,5,0,False,0,,,,,
pessimistic,150,multistation_rep,42,42,42,t00169-c00001,1,169,3,0,False,0,,,,,
pessimistic,150,multistation_rep,42,42,42,t00169-c00014,14,169,2,0,False,0,,,,,
pessimistic,150,multistation_rep,42,42,42,t00169-c00015,15,169,7,0,False,0,,,,,
pessimistic,150,multistation_rep,42,42,42,t00169-c00017,17,169,3,0,False,0,,,,,
pessimistic,150,multistation_rep,42,42,42,t00169-c00037,37,169,3,0,False,0,,,,,
pessimistic,150,multistation_rep,42,42,42,t00169-c00098,98,169,3,2,True,1,223.68999999889638,460.7215419964632,73.47545800439548,0.03354198997840285,534.2305419908371
pessimistic,150,multistation_rep,42,42,42,t00169-c00107,107,169,5,0,False,0,,,,,
pessimistic,150,multistation_rep,42,42,42,t00169-c00112,112,169,7,0,False,0,,,,,
pessimistic,150,multistation_rep,42,42,42,t00169-c00129,129,169,8,0,False,0,,,,,
pessimistic,150,multistation_rep,42,42,42,t00169-c00141,141,169,5,0,False,0,,,,,
pessimistic,150,multistation_rep,42,42,42,t00170-c00001,1,170,7,0,False,0,,,,,
pessimistic,150,multistation_rep,42,42,42,t00170-c00014,14,170,8,0,False,0,,,,,
pessimistic,150,multistation_rep,42,42,42,t00170-c00015,15,170,8,0,False,0,,,,,
pessimistic,150,multistation_rep,42,42,42,t00170-c00017,17,170,4,0,False,0,,,,,
pessimistic,150,multistation_rep,42,42,42,t00170-c00026,26,170,4,4,True,1,67.24154199764598,1009.2322919954313,22.26029199664481,0.030583003535866737,1031.523166995612
pessimistic,150,multistation_rep,42,42,42,t00170-c00037,37,170,7,0,False,0,,,,,
pessimistic,150,multistation_rep,42,42,42,t00170-c00067,67,170,10,5,True,1,423.9683750056429,1009.1690000117524,22.37116599280853,0.008417002391070127,1031.548583006952
pessimistic,150,multistation_rep,42,42,42,t00170-c00098,98,170,7,1,True,1,670.0645829987479,670.0645829987479,361.4766669925302,0.005041001713834703,1031.546290992992
pessimistic,150,multistation_rep,42,42,42,t00170-c00107,107,170,9,0,False,0,,,,,
pessimistic,150,multistation_rep,42,42,42,t00170-c00112,112,170,7,0,False,0,,,,,
pessimistic,150,multistation_rep,42,42,42,t00170-c00129,129,170,7,0,False,0,,,,,
pessimistic,150,multistation_rep,42,42,42,t00170-c00141,141,170,5,0,False,0,,,,,
pessimistic,150,multistation_rep,42,42,42,t00171-c00001,1,171,4,0,False,0,,,,,
pessimistic,150,multistation_rep,42,42,42,t00171-c00014,14,171,12,0,False,0,,,,,
pessimistic,150,multistation_rep,42,42,42,t00171-c00015,15,171,6,0,False,0,,,,,
pessimistic,150,multistation_rep,42,42,42,t00171-c00017,17,171,4,0,False,0,,,,,
pessimistic,150,multistation_rep,42,42,42,t00171-c00107,107,171,3,0,False,0,,,,,
pessimistic,150,multistation_rep,42,42,42,t00171-c00112,112,171,7,0,False,0,,,,,
pessimistic,150,multistation_rep,42,42,42,t00171-c00129,129,171,3,0,False,0,,,,,
pessimistic,150,multistation_rep,42,42,42,t00171-c00141,141,171,5,0,False,0,,,,,
pessimistic,150,multistation_rep,42,42,42,t00172-c00001,1,172,7,0,False,0,,,,,
pessimistic,150,multistation_rep,42,42,42,t00172-c00014,14,172,3,0,False,0,,,,,
pessimistic,150,multistation_rep,42,42,42,t00172-c00015,15,172,8,0,False,0,,,,,
pessimistic,150,multistation_rep,42,42,42,t00172-c00017,17,172,4,0,False,0,,,,,
pessimistic,150,multistation_rep,42,42,42,t00172-c00107,107,172,3,0,False,0,,,,,
pessimistic,150,multistation_rep,42,42,42,t00172-c00112,112,172,7,0,False,0,,,,,
pessimistic,150,multistation_rep,42,42,42,t00172-c00129,129,172,3,0,False,0,,,,,
pessimistic,150,multistation_rep,42,42,42,t00172-c00141,141,172,8,0,False,0,,,,,
pessimistic,150,multistation_rep,42,42,42,t00173-c00001,1,173,3,0,False,0,,,,,
pessimistic,150,multistation_rep,42,42,42,t00173-c00014,14,173,4,0,False,0,,,,,
pessimistic,150,multistation_rep,42,42,42,t00173-c00015,15,173,5,0,False,0,,,,,
pessimistic,150,multistation_rep,42,42,42,t00173-c00017,17,173,5,0,False,0,,,,,
pessimistic,150,multistation_rep,42,42,42,t00173-c00107,107,173,5,0,False,0,,,,,
pessimistic,150,multistation_rep,42,42,42,t00173-c00112,112,173,7,0,False,0,,,,,
pessimistic,150,multistation_rep,42,42,42,t00173-c00129,129,173,3,0,False,0,,,,,
pessimistic,150,multistation_rep,42,42,42,t00173-c00141,141,173,5,0,False,0,,,,,
pessimistic,150,multistation_rep,42,42,42,t00174-c00001,1,174,8,0,False,0,,,,,
pessimistic,150,multistation_rep,42,42,42,t00174-c00014,14,174,2,0,False,0,,,,,
pessimistic,150,multistation_rep,42,42,42,t00174-c00015,15,174,3,0,False,0,,,,,
pessimistic,150,multistation_rep,42,42,42,t00174-c00017,17,174,3,0,False,0,,,,,
pessimistic,150,multistation_rep,42,42,42,t00174-c00054,54,174,3,3,True,1,257.5355419976404,683.8418749975972,139.0113749948796,0.017625003238208592,822.870874995715
pessimistic,150,multistation_rep,42,42,42,t00174-c00096,96,174,4,4,True,1,75.38712499081157,822.7895839954726,0.1332079991698265,0.007499998901039362,822.9302919935435
pessimistic,150,multistation_rep,42,42,42,t00174-c00107,107,174,8,0,False,0,,,,,
pessimistic,150,multistation_rep,42,42,42,t00174-c00112,112,174,7,0,False,0,,,,,
pessimistic,150,multistation_rep,42,42,42,t00174-c00129,129,174,7,0,False,0,,,,,
pessimistic,150,multistation_rep,42,42,42,t00174-c00141,141,174,8,0,False,0,,,,,
pessimistic,150,multistation_rep,42,42,42,t00175-c00001,1,175,8,0,False,0,,,,,
pessimistic,150,multistation_rep,42,42,42,t00175-c00014,14,175,3,0,False,0,,,,,
pessimistic,150,multistation_rep,42,42,42,t00175-c00015,15,175,5,0,False,0,,,,,
pessimistic,150,multistation_rep,42,42,42,t00175-c00017,17,175,3,0,False,0,,,,,
pessimistic,150,multistation_rep,42,42,42,t00175-c00054,54,175,3,2,True,1,330.733541995869,665.3585000021849,80.23829199373722,0.03766600275412202,745.6344579986762
pessimistic,150,multistation_rep,42,42,42,t00175-c00107,107,175,7,0,False,0,,,,,
pessimistic,150,multistation_rep,42,42,42,t00175-c00112,112,175,7,0,False,0,,,,,
pessimistic,150,multistation_rep,42,42,42,t00175-c00129,129,175,8,0,False,0,,,,,
pessimistic,150,multistation_rep,42,42,42,t00175-c00141,141,175,8,0,False,0,,,,,
pessimistic,150,multistation_rep,42,42,42,t00176-c00001,1,176,8,0,False,0,,,,,
pessimistic,150,multistation_rep,42,42,42,t00176-c00014,14,176,1,0,False,0,,,,,
pessimistic,150,multistation_rep,42,42,42,t00176-c00015,15,176,3,0,False,0,,,,,
pessimistic,150,multistation_rep,42,42,42,t00176-c00017,17,176,4,0,False,0,,,,,
pessimistic,150,multistation_rep,42,42,42,t00176-c00057,57,176,8,4,True,1,317.741291000857,1223.7545829993905,88.11141700425651,0.023582993890158832,1311.8895829975372
pessimistic,150,multistation_rep,42,42,42,t00176-c00078,78,176,13,13,True,1,114.39270799746737,1311.7972909967648,0.14108400500845164,0.01029099803417921,1311.9486659998074
pessimistic,150,multistation_rep,42,42,42,t00176-c00107,107,176,7,0,False,0,,,,,
pessimistic,150,multistation_rep,42,42,42,t00176-c00112,112,176,8,0,False,0,,,,,
pessimistic,150,multistation_rep,42,42,42,t00176-c00129,129,176,3,0,False,0,,,,,
pessimistic,150,multistation_rep,42,42,42,t00176-c00141,141,176,6,0,False,0,,,,,
pessimistic,150,multistation_rep,42,42,42,t00177-c00001,1,177,7,0,False,0,,,,,
pessimistic,150,multistation_rep,42,42,42,t00177-c00015,15,177,3,0,False,0,,,,,
pessimistic,150,multistation_rep,42,42,42,t00177-c00017,17,177,3,0,False,0,,,,,
pessimistic,150,multistation_rep,42,42,42,t00177-c00034,34,177,3,3,True,1,119.51220799528528,624.595582994516,235.1303750037914,0.028875001589767635,859.7548329998972
pessimistic,150,multistation_rep,42,42,42,t00177-c00078,78,177,8,7,True,1,100.1221250044182,812.2189580026316,47.572958006639965,0.008041999535635114,859.7999580088072
pessimistic,150,multistation_rep,42,42,42,t00177-c00107,107,177,7,0,False,0,,,,,
pessimistic,150,multistation_rep,42,42,42,t00177-c00112,112,177,13,0,False,0,,,,,
pessimistic,150,multistation_rep,42,42,42,t00177-c00129,129,177,5,0,False,0,,,,,
pessimistic,150,multistation_rep,42,42,42,t00177-c00141,141,177,3,0,False,0,,,,,
pessimistic,150,multistation_rep,42,42,42,t00178-c00001,1,178,8,0,False,0,,,,,
pessimistic,150,multistation_rep,42,42,42,t00178-c00015,15,178,3,0,False,0,,,,,
pessimistic,150,multistation_rep,42,42,42,t00178-c00017,17,178,3,0,False,0,,,,,
pessimistic,150,multistation_rep,42,42,42,t00178-c00078,78,178,5,3,True,1,165.44829100894276,279.5392910047667,315.8562919998076,0.03179200575686991,595.4273750103312
pessimistic,150,multistation_rep,42,42,42,t00178-c00087,87,178,3,2,True,1,88.87320800567977,496.479667010135,98.98829099256545,0.007374997949227691,595.4753330006497
pessimistic,150,multistation_rep,42,42,42,t00178-c00107,107,178,7,0,False,0,,,,,
pessimistic,150,multistation_rep,42,42,42,t00178-c00112,112,178,8,0,False,0,,,,,
pessimistic,150,multistation_rep,42,42,42,t00178-c00129,129,178,4,0,False,0,,,,,
pessimistic,150,multistation_rep,42,42,42,t00178-c00141,141,178,3,0,False,0,,,,,
pessimistic,150,multistation_rep,42,42,42,t00179-c00001,1,179,10,0,False,0,,,,,
pessimistic,150,multistation_rep,42,42,42,t00179-c00015,15,179,3,0,False,0,,,,,
pessimistic,150,multistation_rep,42,42,42,t00179-c00017,17,179,3,0,False,0,,,,,
pessimistic,150,multistation_rep,42,42,42,t00179-c00088,88,179,3,3,True,1,418.1904579891125,1160.1373329904163,378.7486670044018,0.032500000088475645,1538.9184999949066
pessimistic,150,multistation_rep,42,42,42,t00179-c00092,92,179,8,8,True,1,72.18966599612031,1513.181208007154,25.80633299658075,0.008584000170230865,1538.996125003905
pessimistic,150,multistation_rep,42,42,42,t00179-c00107,107,179,6,0,False,0,,,,,
pessimistic,150,multistation_rep,42,42,42,t00179-c00108,108,179,6,6,True,1,137.24962501146365,1454.0757080103504,84.89600000029895,0.006000002031214535,1538.9777080126805
pessimistic,150,multistation_rep,42,42,42,t00179-c00112,112,179,14,0,False,0,,,,,
pessimistic,150,multistation_rep,42,42,42,t00179-c00129,129,179,4,0,False,0,,,,,
pessimistic,150,multistation_rep,42,42,42,t00179-c00141,141,179,3,0,False,0,,,,,
pessimistic,150,multistation_rep,42,42,42,t00180-c00001,1,180,14,0,False,0,,,,,
pessimistic,150,multistation_rep,42,42,42,t00180-c00015,15,180,3,0,False,0,,,,,
pessimistic,150,multistation_rep,42,42,42,t00180-c00017,17,180,7,0,False,0,,,,,
pessimistic,150,multistation_rep,42,42,42,t00180-c00065,65,180,9,7,True,1,256.73100000130944,2024.0959170041606,102.53420799563173,0.037834004615433514,2126.6679590044077
pessimistic,150,multistation_rep,42,42,42,t00180-c00088,88,180,7,6,True,1,256.69812499836553,1637.4675419938285,489.2646660009632,0.007834009011276066,2126.740042003803
pessimistic,150,multistation_rep,42,42,42,t00180-c00092,92,180,11,6,True,1,628.2962919940474,2024.031124994508,102.71120900870301,0.006000002031214535,2126.748334005242
pessimistic,150,multistation_rep,42,42,42,t00180-c00107,107,180,6,0,False,0,,,,,
pessimistic,150,multistation_rep,42,42,42,t00180-c00112,112,180,11,0,False,0,,,,,
pessimistic,150,multistation_rep,42,42,42,t00180-c00118,118,180,8,5,True,1,298.30841699731536,2095.757250004681,30.91783300624229,0.004916990292258561,2126.6800000012154
pessimistic,150,multistation_rep,42,42,42,t00180-c00129,129,180,9,0,False,0,,,,,
pessimistic,150,multistation_rep,42,42,42,t00180-c00141,141,180,3,0,False,0,,,,,
pessimistic,150,multistation_rep,42,42,42,t00181-c00001,1,181,8,0,False,0,,,,,
pessimistic,150,multistation_rep,42,42,42,t00181-c00015,15,181,5,0,False,0,,,,,
pessimistic,150,multistation_rep,42,42,42,t00181-c00017,17,181,7,0,False,0,,,,,
pessimistic,150,multistation_rep,42,42,42,t00181-c00065,65,181,7,4,True,1,83.19845898950007,789.0942499943776,18.67758399748709,0.026374997105449438,807.7982089889701
pessimistic,150,multistation_rep,42,42,42,t00181-c00088,88,181,5,2,True,1,424.8044160049176,721.8680410005618,85.98179199907463,0.006667003617621958,807.856500003254
pessimistic,150,multistation_rep,42,42,42,t00181-c00107,107,181,3,0,False,0,,,,,
pessimistic,150,multistation_rep,42,42,42,t00181-c00112,112,181,7,0,False,0,,,,,
pessimistic,150,multistation_rep,42,42,42,t00181-c00129,129,181,9,0,False,0,,,,,
pessimistic,150,multistation_rep,42,42,42,t00181-c00141,141,181,9,0,False,0,,,,,
pessimistic,150,multistation_rep,42,42,42,t00182-c00001,1,182,6,0,False,0,,,,,
pessimistic,150,multistation_rep,42,42,42,t00182-c00015,15,182,8,0,False,0,,,,,
pessimistic,150,multistation_rep,42,42,42,t00182-c00017,17,182,7,0,False,0,,,,,
pessimistic,150,multistation_rep,42,42,42,t00182-c00065,65,182,8,1,True,1,476.8619579990627,476.8619579990627,41.374332999112085,0.03574999573174864,518.2720409939066
pessimistic,150,multistation_rep,42,42,42,t00182-c00107,107,182,7,0,False,0,,,,,
pessimistic,150,multistation_rep,42,42,42,t00182-c00112,112,182,0,0,False,0,,,,,
pessimistic,150,multistation_rep,42,42,42,t00182-c00129,129,182,12,0,False,0,,,,,
pessimistic,150,multistation_rep,42,42,42,t00182-c00141,141,182,9,0,False,0,,,,,
pessimistic,150,multistation_rep,42,42,42,t00183-c00001,1,183,3,0,False,0,,,,,
pessimistic,150,multistation_rep,42,42,42,t00183-c00015,15,183,3,0,False,0,,,,,
pessimistic,150,multistation_rep,42,42,42,t00183-c00017,17,183,5,0,False,0,,,,,
pessimistic,150,multistation_rep,42,42,42,t00183-c00055,55,183,11,3,True,1,676.1479580018204,1383.3467080112314,655.4743749875342,0.029000002541579306,2038.8500830013072
pessimistic,150,multistation_rep,42,42,42,t00183-c00107,107,183,3,0,False,0,,,,,
pessimistic,150,multistation_rep,42,42,42,t00183-c00112,112,183,7,0,False,0,,,,,
pessimistic,150,multistation_rep,42,42,42,t00183-c00127,127,183,11,8,True,1,220.1773749984568,1999.7320000111358,39.097834000131115,0.00883299799170345,2038.8386670092586
pessimistic,150,multistation_rep,42,42,42,t00183-c00129,129,183,9,0,False,0,,,,,
pessimistic,150,multistation_rep,42,42,42,t00183-c00141,141,183,9,0,False,0,,,,,
pessimistic,150,multistation_rep,42,42,42,t00184-c00001,1,184,6,0,False,0,,,,,
pessimistic,150,multistation_rep,42,42,42,t00184-c00015,15,184,4,0,False,0,,,,,
pessimistic,150,multistation_rep,42,42,42,t00184-c00017,17,184,6,0,False,0,,,,,
pessimistic,150,multistation_rep,42,42,42,t00184-c00107,107,184,3,0,False,0,,,,,
pessimistic,150,multistation_rep,42,42,42,t00184-c00112,112,184,3,0,False,0,,,,,
pessimistic,150,multistation_rep,42,42,42,t00184-c00128,128,184,6,6,True,1,147.34033300192095,970.0975829910021,0.037582998629659414,0.02025000867433846,970.1554159983061
pessimistic,150,multistation_rep,42,42,42,t00184-c00129,129,184,5,0,False,0,,,,,
pessimistic,150,multistation_rep,42,42,42,t00184-c00141,141,184,7,0,False,0,,,,,
pessimistic,150,multistation_rep,42,42,42,t00184-c00144,144,184,5,5,True,1,82.00233300158288,838.6525410023751,131.49437498941552,0.0074590061558410525,970.1543749979464
pessimistic,150,multistation_rep,42,42,42,t00185-c00001,1,185,4,0,False,0,,,,,
pessimistic,150,multistation_rep,42,42,42,t00185-c00015,15,185,4,0,False,0,,,,,
pessimistic,150,multistation_rep,42,42,42,t00185-c00017,17,185,5,0,False,0,,,,,
pessimistic,150,multistation_rep,42,42,42,t00185-c00048,48,185,6,1,True,1,336.22999998624437,336.22999998624437,408.7285000132397,0.027124988264404237,744.9856249877485
pessimistic,150,multistation_rep,42,42,42,t00185-c00107,107,185,3,0,False,0,,,,,
pessimistic,150,multistation_rep,42,42,42,t00185-c00112,112,185,3,0,False,0,,,,,
pessimistic,150,multistation_rep,42,42,42,t00185-c00115,115,185,5,5,True,1,91.31699999852572,688.1759999960195,56.78833399724681,0.007875001756474376,744.9722089950228
pessimistic,150,multistation_rep,42,42,42,t00185-c00129,129,185,6,0,False,0,,,,,
pessimistic,150,multistation_rep,42,42,42,t00185-c00141,141,185,12,0,False,0,,,,,
pessimistic,150,multistation_rep,42,42,42,t00186-c00001,1,186,4,0,False,0,,,,,
pessimistic,150,multistation_rep,42,42,42,t00186-c00015,15,186,4,0,False,0,,,,,
pessimistic,150,multistation_rep,42,42,42,t00186-c00017,17,186,5,0,False,0,,,,,
pessimistic,150,multistation_rep,42,42,42,t00186-c00107,107,186,3,0,False,0,,,,,
pessimistic,150,multistation_rep,42,42,42,t00186-c00112,112,186,9,0,False,0,,,,,
pessimistic,150,multistation_rep,42,42,42,t00186-c00129,129,186,6,0,False,0,,,,,
pessimistic,150,multistation_rep,42,42,42,t00186-c00141,141,186,9,0,False,0,,,,,
pessimistic,150,multistation_rep,42,42,42,t00187-c00001,1,187,4,0,False,0,,,,,
pessimistic,150,multistation_rep,42,42,42,t00187-c00015,15,187,5,0,False,0,,,,,
pessimistic,150,multistation_rep,42,42,42,t00187-c00017,17,187,3,0,False,0,,,,,
pessimistic,150,multistation_rep,42,42,42,t00187-c00107,107,187,5,0,False,0,,,,,
pessimistic,150,multistation_rep,42,42,42,t00187-c00112,112,187,7,0,False,0,,,,,
pessimistic,150,multistation_rep,42,42,42,t00187-c00129,129,187,6,0,False,0,,,,,
pessimistic,150,multistation_rep,42,42,42,t00187-c00141,141,187,9,0,False,0,,,,,
pessimistic,150,multistation_rep,42,42,42,t00188-c00001,1,188,4,0,False,0,,,,,
pessimistic,150,multistation_rep,42,42,42,t00188-c00015,15,188,5,0,False,0,,,,,
pessimistic,150,multistation_rep,42,42,42,t00188-c00017,17,188,3,0,False,0,,,,,
pessimistic,150,multistation_rep,42,42,42,t00188-c00107,107,188,6,0,False,0,,,,,
pessimistic,150,multistation_rep,42,42,42,t00188-c00112,112,188,3,0,False,0,,,,,
pessimistic,150,multistation_rep,42,42,42,t00188-c00129,129,188,5,0,False,0,,,,,
pessimistic,150,multistation_rep,42,42,42,t00188-c00141,141,188,5,0,False,0,,,,,
pessimistic,150,multistation_rep,42,42,42,t00189-c00001,1,189,4,0,False,0,,,,,
pessimistic,150,multistation_rep,42,42,42,t00189-c00015,15,189,5,0,False,0,,,,,
pessimistic,150,multistation_rep,42,42,42,t00189-c00017,17,189,3,0,False,0,,,,,
pessimistic,150,multistation_rep,42,42,42,t00189-c00107,107,189,7,0,False,0,,,,,
pessimistic,150,multistation_rep,42,42,42,t00189-c00112,112,189,1,0,False,0,,,,,
pessimistic,150,multistation_rep,42,42,42,t00189-c00129,129,189,5,0,False,0,,,,,
pessimistic,150,multistation_rep,42,42,42,t00189-c00141,141,189,6,0,False,0,,,,,
pessimistic,150,multistation_rep,42,42,42,t00190-c00001,1,190,4,0,False,0,,,,,
pessimistic,150,multistation_rep,42,42,42,t00190-c00012,12,190,4,4,True,1,75.92899999872316,902.7992500050459,0.023375003365799785,0.021374988136813045,902.8439999965485
pessimistic,150,multistation_rep,42,42,42,t00190-c00015,15,190,7,0,False,0,,,,,
pessimistic,150,multistation_rep,42,42,42,t00190-c00017,17,190,3,0,False,0,,,,,
pessimistic,150,multistation_rep,42,42,42,t00190-c00047,47,190,7,4,True,1,450.4988749977201,759.7764999954961,143.0600829917239,0.007417009328491986,902.8439999965485
pessimistic,150,multistation_rep,42,42,42,t00190-c00107,107,190,5,0,False,0,,,,,
pessimistic,150,multistation_rep,42,42,42,t00190-c00112,112,190,3,0,False,0,,,,,
pessimistic,150,multistation_rep,42,42,42,t00190-c00129,129,190,6,0,False,0,,,,,
pessimistic,150,multistation_rep,42,42,42,t00190-c00141,141,190,5,0,False,0,,,,,
pessimistic,150,multistation_rep,42,42,42,t00191-c00001,1,191,4,0,False,0,,,,,
pessimistic,150,multistation_rep,42,42,42,t00191-c00012,12,191,7,7,True,1,66.06141699012369,633.5012919880683,0.022667009034194052,0.02416600182186812,633.5481249989243
pessimistic,150,multistation_rep,42,42,42,t00191-c00015,15,191,3,0,False,0,,,,,
pessimistic,150,multistation_rep,42,42,42,t00191-c00017,17,191,3,0,False,0,,,,,
pessimistic,150,multistation_rep,42,42,42,t00191-c00107,107,191,5,0,False,0,,,,,
pessimistic,150,multistation_rep,42,42,42,t00191-c00129,129,191,6,0,False,0,,,,,
pessimistic,150,multistation_rep,42,42,42,t00191-c00141,141,191,5,0,False,0,,,,,
pessimistic,150,multistation_rep,42,42,42,t00192-c00001,1,192,6,0,False,0,,,,,
pessimistic,150,multistation_rep,42,42,42,t00192-c00012,12,192,4,4,True,1,63.272500003222376,587.7278750122059,0.025957997422665358,0.029542003176175058,587.7833750128048
pessimistic,150,multistation_rep,42,42,42,t00192-c00015,15,192,0,0,False,0,,,,,
pessimistic,150,multistation_rep,42,42,42,t00192-c00017,17,192,7,0,False,0,,,,,
pessimistic,150,multistation_rep,42,42,42,t00192-c00107,107,192,6,0,False,0,,,,,
pessimistic,150,multistation_rep,42,42,42,t00192-c00129,129,192,5,0,False,0,,,,,
pessimistic,150,multistation_rep,42,42,42,t00192-c00141,141,192,3,0,False,0,,,,,
pessimistic,150,multistation_rep,42,42,42,t00193-c00001,1,193,6,0,False,0,,,,,
pessimistic,150,multistation_rep,42,42,42,t00193-c00015,15,193,15,0,False,0,,,,,
pessimistic,150,multistation_rep,42,42,42,t00193-c00017,17,193,7,0,False,0,,,,,
pessimistic,150,multistation_rep,42,42,42,t00193-c00067,67,193,8,6,True,1,90.6020419934066,617.6862089923816,159.59174999443348,0.03866601036861539,777.3166249971837
pessimistic,150,multistation_rep,42,42,42,t00193-c00107,107,193,6,0,False,0,,,,,
pessimistic,150,multistation_rep,42,42,42,t00193-c00129,129,193,3,0,False,0,,,,,
pessimistic,150,multistation_rep,42,42,42,t00193-c00141,141,193,4,0,False,0,,,,,
pessimistic,150,multistation_rep,42,42,42,t00194-c00001,1,194,1,0,False,0,,,,,
pessimistic,150,multistation_rep,42,42,42,t00194-c00015,15,194,11,0,False,0,,,,,
pessimistic,150,multistation_rep,42,42,42,t00194-c00017,17,194,3,0,False,0,,,,,
pessimistic,150,multistation_rep,42,42,42,t00194-c00107,107,194,6,0,False,0,,,,,
pessimistic,150,multistation_rep,42,42,42,t00194-c00129,129,194,3,0,False,0,,,,,
pessimistic,150,multistation_rep,42,42,42,t00194-c00141,141,194,4,0,False,0,,,,,
pessimistic,150,multistation_rep,42,42,42,t00195-c00001,1,195,4,0,False,0,,,,,
pessimistic,150,multistation_rep,42,42,42,t00195-c00015,15,195,8,0,False,0,,,,,
pessimistic,150,multistation_rep,42,42,42,t00195-c00017,17,195,8,0,False,0,,,,,
pessimistic,150,multistation_rep,42,42,42,t00195-c00107,107,195,6,0,False,0,,,,,
pessimistic,150,multistation_rep,42,42,42,t00195-c00129,129,195,6,0,False,0,,,,,
pessimistic,150,multistation_rep,42,42,42,t00195-c00141,141,195,4,0,False,0,,,,,
pessimistic,150,multistation_rep,42,42,42,t00196-c00001,1,196,7,0,False,0,,,,,
pessimistic,150,multistation_rep,42,42,42,t00196-c00015,15,196,8,0,False,0,,,,,
pessimistic,150,multistation_rep,42,42,42,t00196-c00017,17,196,5,0,False,0,,,,,
pessimistic,150,multistation_rep,42,42,42,t00196-c00107,107,196,7,0,False,0,,,,,
pessimistic,150,multistation_rep,42,42,42,t00196-c00129,129,196,8,0,False,0,,,,,
pessimistic,150,multistation_rep,42,42,42,t00196-c00141,141,196,4,0,False,0,,,,,
pessimistic,150,multistation_rep,42,42,42,t00197-c00001,1,197,5,0,False,0,,,,,
pessimistic,150,multistation_rep,42,42,42,t00197-c00015,15,197,7,0,False,0,,,,,
pessimistic,150,multistation_rep,42,42,42,t00197-c00017,17,197,6,0,False,0,,,,,
pessimistic,150,multistation_rep,42,42,42,t00197-c00107,107,197,7,0,False,0,,,,,
pessimistic,150,multistation_rep,42,42,42,t00197-c00129,129,197,7,0,False,0,,,,,
pessimistic,150,multistation_rep,42,42,42,t00197-c00141,141,197,5,0,False,0,,,,,
pessimistic,150,multistation_rep,42,42,42,t00198-c00001,1,198,4,0,False,0,,,,,
pessimistic,150,multistation_rep,42,42,42,t00198-c00015,15,198,9,0,False,0,,,,,
pessimistic,150,multistation_rep,42,42,42,t00198-c00017,17,198,6,0,False,0,,,,,
pessimistic,150,multistation_rep,42,42,42,t00198-c00020,20,198,3,3,True,1,187.54695799725596,439.8707919899607,94.9606250069337,0.030665993108414114,534.8620829900028
pessimistic,150,multistation_rep,42,42,42,t00198-c00107,107,198,0,0,False,0,,,,,
pessimistic,150,multistation_rep,42,42,42,t00198-c00129,129,198,7,0,False,0,,,,,
pessimistic,150,multistation_rep,42,42,42,t00198-c00141,141,198,5,0,False,0,,,,,
pessimistic,150,multistation_rep,42,42,42,t00199-c00001,1,199,4,0,False,0,,,,,
pessimistic,150,multistation_rep,42,42,42,t00199-c00015,15,199,5,0,False,0,,,,,
pessimistic,150,multistation_rep,42,42,42,t00199-c00017,17,199,3,0,False,0,,,,,
pessimistic,150,multistation_rep,42,42,42,t00199-c00107,107,199,7,0,False,0,,,,,
pessimistic,150,multistation_rep,42,42,42,t00199-c00129,129,199,4,0,False,0,,,,,
pessimistic,150,multistation_rep,42,42,42,t00199-c00141,141,199,5,0,False,0,,,,,
pessimistic,150,multistation_rep,42,42,42,t00200-c00001,1,200,4,0,False,0,,,,,
pessimistic,150,multistation_rep,42,42,42,t00200-c00015,15,200,9,0,False,0,,,,,
pessimistic,150,multistation_rep,42,42,42,t00200-c00017,17,200,7,0,False,0,,,,,
pessimistic,150,multistation_rep,42,42,42,t00200-c00060,60,200,8,6,True,1,427.2074999898905,1356.2772089935606,0.029874994652345777,0.02225000935140997,1356.3293339975644
pessimistic,150,multistation_rep,42,42,42,t00200-c00078,78,200,7,2,True,1,238.65441700036172,953.9147079922259,402.4622500000987,0.007250011549331248,1356.384208003874
pessimistic,150,multistation_rep,42,42,42,t00200-c00107,107,200,7,0,False,0,,,,,
pessimistic,150,multistation_rep,42,42,42,t00200-c00114,114,200,6,3,True,1,953.8513750012498,1212.032374998671,144.31862501078285,0.005041991244070232,1356.356042000698
pessimistic,150,multistation_rep,42,42,42,t00200-c00129,129,200,4,0,False,0,,,,,
pessimistic,150,multistation_rep,42,42,42,t00200-c00141,141,200,5,0,False,0,,,,,
pessimistic,150,multistation_rep,42,42,42,t00201-c00001,1,201,5,0,False,0,,,,,
pessimistic,150,multistation_rep,42,42,42,t00201-c00015,15,201,8,0,False,0,,,,,
pessimistic,150,multistation_rep,42,42,42,t00201-c00017,17,201,7,0,False,0,,,,,
pessimistic,150,multistation_rep,42,42,42,t00201-c00034,34,201,3,2,True,1,113.02175000309944,325.77312500507105,117.54249999648891,0.029292001272551715,443.3449170028325
pessimistic,150,multistation_rep,42,42,42,t00201-c00107,107,201,9,0,False,0,,,,,
pessimistic,150,multistation_rep,42,42,42,t00201-c00129,129,201,4,0,False,0,,,,,
pessimistic,150,multistation_rep,42,42,42,t00201-c00141,141,201,5,0,False,0,,,,,
pessimistic,150,multistation_rep,42,42,42,t00202-c00001,1,202,2,0,False,0,,,,,
pessimistic,150,multistation_rep,42,42,42,t00202-c00015,15,202,8,0,False,0,,,,,
pessimistic,150,multistation_rep,42,42,42,t00202-c00017,17,202,7,0,False,0,,,,,
pessimistic,150,multistation_rep,42,42,42,t00202-c00085,85,202,3,3,True,1,46.435333002591506,378.2184580049943,87.55012499750592,0.01970799348782748,465.78829099598806
pessimistic,150,multistation_rep,42,42,42,t00202-c00107,107,202,7,0,False,0,,,,,
pessimistic,150,multistation_rep,42,42,42,t00202-c00129,129,202,3,0,False,0,,,,,
pessimistic,150,multistation_rep,42,42,42,t00202-c00141,141,202,0,0,False,0,,,,,
pessimistic,150,multistation_rep,42,42,42,t00203-c00001,1,203,4,0,False,0,,,,,
pessimistic,150,multistation_rep,42,42,42,t00203-c00015,15,203,6,0,False,0,,,,,
pessimistic,150,multistation_rep,42,42,42,t00203-c00017,17,203,9,0,False,0,,,,,
pessimistic,150,multistation_rep,42,42,42,t00203-c00077,77,203,7,7,True,1,145.83079199655913,1045.4055419977522,41.72991699306294,0.03616600588429719,1087.1716249966994
pessimistic,150,multistation_rep,42,42,42,t00203-c00080,80,203,3,2,True,1,387.9027090006275,946.6646250075428,140.54866699734703,0.00870799703989178,1087.2220000019297
pessimistic,150,multistation_rep,42,42,42,t00203-c00085,85,203,3,2,True,1,729.3536250072066,862.5229580065934,224.69762500259094,0.006166999810375273,1087.2267500089947
pessimistic,150,multistation_rep,42,42,42,t00203-c00107,107,203,7,0,False,0,,,,,
pessimistic,150,multistation_rep,42,42,42,t00203-c00129,129,203,6,0,False,0,,,,,
pessimistic,150,multistation_rep,42,42,42,t00203-c00141,141,203,3,0,False,0,,,,,
pessimistic,150,multistation_rep,42,42,42,t00204-c00001,1,204,5,0,False,0,,,,,
pessimistic,150,multistation_rep,42,42,42,t00204-c00015,15,204,6,0,False,0,,,,,
pessimistic,150,multistation_rep,42,42,42,t00204-c00017,17,204,9,0,False,0,,,,,
pessimistic,150,multistation_rep,42,42,42,t00204-c00085,85,204,4,0,False,0,,,,,
pessimistic,150,multistation_rep,42,42,42,t00204-c00107,107,204,3,0,False,0,,,,,
pessimistic,150,multistation_rep,42,42,42,t00204-c00129,129,204,5,0,False,0,,,,,
pessimistic,150,multistation_rep,42,42,42,t00204-c00141,141,204,3,0,False,0,,,,,
pessimistic,150,multistation_rep,42,42,42,t00205-c00001,1,205,1,0,False,0,,,,,
pessimistic,150,multistation_rep,42,42,42,t00205-c00015,15,205,6,0,False,0,,,,,
pessimistic,150,multistation_rep,42,42,42,t00205-c00017,17,205,3,0,False,0,,,,,
pessimistic,150,multistation_rep,42,42,42,t00205-c00085,85,205,7,5,True,1,121.2867910071509,402.80199999688193,118.3027080114698,0.0354999938281253,521.1402080021799
pessimistic,150,multistation_rep,42,42,42,t00205-c00107,107,205,3,0,False,0,,,,,
pessimistic,150,multistation_rep,42,42,42,t00205-c00129,129,205,3,0,False,0,,,,,
pessimistic,150,multistation_rep,42,42,42,t00205-c00141,141,205,2,0,False,0,,,,,
pessimistic,150,multistation_rep,42,42,42,t00206-c00001,1,206,3,0,False,0,,,,,
pessimistic,150,multistation_rep,42,42,42,t00206-c00015,15,206,3,0,False,0,,,,,
pessimistic,150,multistation_rep,42,42,42,t00206-c00017,17,206,3,0,False,0,,,,,
pessimistic,150,multistation_rep,42,42,42,t00206-c00107,107,206,3,0,False,0,,,,,
pessimistic,150,multistation_rep,42,42,42,t00206-c00129,129,206,2,0,False,0,,,,,
pessimistic,150,multistation_rep,42,42,42,t00206-c00141,141,206,7,0,False,0,,,,,
pessimistic,150,multistation_rep,42,42,42,t00207-c00001,1,207,3,0,False,0,,,,,
pessimistic,150,multistation_rep,42,42,42,t00207-c00015,15,207,11,0,False,0,,,,,
pessimistic,150,multistation_rep,42,42,42,t00207-c00017,17,207,9,0,False,0,,,,,
pessimistic,150,multistation_rep,42,42,42,t00207-c00035,35,207,4,4,True,1,329.69529200636316,1181.013959008851,0.026165987947024405,0.01704200985841453,1181.0571670066565
pessimistic,150,multistation_rep,42,42,42,t00207-c00107,107,207,0,0,False,0,,,,,
pessimistic,150,multistation_rep,42,42,42,t00207-c00124,124,207,6,5,True,1,135.12841599003877,1121.3432499935152,59.72429100074805,0.00825000461190939,1181.0757909988752
pessimistic,150,multistation_rep,42,42,42,t00207-c00129,129,207,3,0,False,0,,,,,
pessimistic,150,multistation_rep,42,42,42,t00207-c00141,141,207,6,0,False,0,,,,,
pessimistic,150,multistation_rep,42,42,42,t00208-c00015,15,208,7,0,False,0,,,,,
pessimistic,150,multistation_rep,42,42,42,t00208-c00017,17,208,3,0,False,0,,,,,
pessimistic,150,multistation_rep,42,42,42,t00208-c00107,107,208,3,0,False,0,,,,,
pessimistic,150,multistation_rep,42,42,42,t00208-c00124,124,208,3,1,True,1,164.18304199760314,164.18304199760314,509.3342910113279,0.03404199378564954,673.5513750027167
pessimistic,150,multistation_rep,42,42,42,t00208-c00129,129,208,3,0,False,0,,,,,
pessimistic,150,multistation_rep,42,42,42,t00208-c00141,141,208,6,0,False,0,,,,,
pessimistic,150,multistation_rep,42,42,42,t00208-c00146,146,208,6,3,True,1,286.4433340000687,456.82779198978096,216.70987500692718,0.008957998943515122,673.5466249956517
pessimistic,150,multistation_rep,42,42,42,t00209-c00015,15,209,7,0,False,0,,,,,
pessimistic,150,multistation_rep,42,42,42,t00209-c00017,17,209,3,0,False,0,,,,,
pessimistic,150,multistation_rep,42,42,42,t00209-c00092,92,209,8,7,True,1,54.99499999859836,627.2063340002205,19.503875009831972,0.021332991309463978,646.731542001362
pessimistic,150,multistation_rep,42,42,42,t00209-c00107,107,209,3,0,False,0,,,,,
pessimistic,150,multistation_rep,42,42,42,t00209-c00129,129,209,3,0,False,0,,,,,
pessimistic,150,multistation_rep,42,42,42,t00209-c00141,141,209,3,0,False,0,,,,,
pessimistic,150,multistation_rep,42,42,42,t00209-c00146,146,209,3,2,True,1,201.18037499196362,539.9480839987518,106.73999998834915,0.007708003977313638,646.6957919910783
pessimistic,150,multistation_rep,42,42,42,t00210-c00015,15,210,10,0,False,0,,,,,
pessimistic,150,multistation_rep,42,42,42,t00210-c00017,17,210,3,0,False,0,,,,,
pessimistic,150,multistation_rep,42,42,42,t00210-c00031,31,210,7,7,True,1,85.83629099302925,784.1974159964593,19.164333993103355,0.03545799700077623,803.3972079865634
pessimistic,150,multistation_rep,42,42,42,t00210-c00107,107,210,3,0,False,0,,,,,
pessimistic,150,multistation_rep,42,42,42,t00210-c00129,129,210,5,0,False,0,,,,,
pessimistic,150,multistation_rep,42,42,42,t00210-c00141,141,210,8,0,False,0,,,,,
pessimistic,150,multistation_rep,42,42,42,t00210-c00146,146,210,5,3,True,1,287.233125010971,690.8667500101728,112.49874999339227,0.007708003977313638,803.3732080075424
pessimistic,150,multistation_rep,42,42,42,t00211-c00015,15,211,7,0,False,0,,,,,
pessimistic,150,multistation_rep,42,42,42,t00211-c00017,17,211,5,0,False,0,,,,,
pessimistic,150,multistation_rep,42,42,42,t00211-c00031,31,211,11,7,True,1,84.41037499869708,910.840416996507,18.313333013793454,0.0305419962387532,929.1842920065392
pessimistic,150,multistation_rep,42,42,42,t00211-c00096,96,211,2,1,True,1,209.50870799424592,209.50870799424592,719.7327500034589,0.0070829992182552814,929.2485409969231
pessimistic,150,multistation_rep,42,42,42,t00211-c00107,107,211,3,0,False,0,,,,,
pessimistic,150,multistation_rep,42,42,42,t00211-c00129,129,211,3,0,False,0,,,,,
pessimistic,150,multistation_rep,42,42,42,t00211-c00141,141,211,10,0,False,0,,,,,
pessimistic,150,multistation_rep,42,42,42,t00211-c00146,146,211,4,3,True,1,209.38008300436195,779.5151250029448,149.63891699153464,0.0057910074247047305,929.1598330019042
pessimistic,150,multistation_rep,42,42,42,t00212-c00015,15,212,7,0,False,0,,,,,
pessimistic,150,multistation_rep,42,42,42,t00212-c00017,17,212,9,0,False,0,,,,,
pessimistic,150,multistation_rep,42,42,42,t00212-c00031,31,212,13,6,True,1,344.95800000149757,764.3871660111472,0.030583993066102266,0.01708300260361284,764.4348330068169
pessimistic,150,multistation_rep,42,42,42,t00212-c00107,107,212,3,0,False,0,,,,,
pessimistic,150,multistation_rep,42,42,42,t00212-c00129,129,212,3,0,False,0,,,,,
pessimistic,150,multistation_rep,42,42,42,t00212-c00141,141,212,6,0,False,0,,,,,
pessimistic,150,multistation_rep,42,42,42,t00213-c00015,15,213,7,0,False,0,,,,,
pessimistic,150,multistation_rep,42,42,42,t00213-c00017,17,213,5,0,False,0,,,,,
pessimistic,150,multistation_rep,42,42,42,t00213-c00031,31,213,6,3,True,1,41.81645800417755,483.9630000060424,97.12766700249631,0.02320799103472382,581.1138749995735
pessimistic,150,multistation_rep,42,42,42,t00213-c00049,49,213,4,4,True,1,95.87087499676272,562.3561249958584,18.79570800520014,0.007166992872953415,581.1589999939315
pessimistic,150,multistation_rep,42,42,42,t00213-c00107,107,213,5,0,False,0,,,,,
pessimistic,150,multistation_rep,42,42,42,t00213-c00129,129,213,3,0,False,0,,,,,
pessimistic,150,multistation_rep,42,42,42,t00213-c00141,141,213,5,0,False,0,,,,,
pessimistic,150,multistation_rep,42,42,42,t00214-c00015,15,214,4,0,False,0,,,,,
pessimistic,150,multistation_rep,42,42,42,t00214-c00017,17,214,9,0,False,0,,,,,
pessimistic,150,multistation_rep,42,42,42,t00214-c00064,64,214,8,8,True,1,67.35625000146683,608.3608330081915,36.59720899304375,0.024958004360087216,644.9830000055954
pessimistic,150,multistation_rep,42,42,42,t00214-c00107,107,214,5,0,False,0,,,,,
pessimistic,150,multistation_rep,42,42,42,t00214-c00129,129,214,3,0,False,0,,,,,
pessimistic,150,multistation_rep,42,42,42,t00214-c00141,141,214,5,0,False,0,,,,,
pessimistic,150,multistation_rep,42,42,42,t00215-c00015,15,215,4,0,False,0,,,,,
pessimistic,150,multistation_rep,42,42,42,t00215-c00017,17,215,8,0,False,0,,,,,
pessimistic,150,multistation_rep,42,42,42,t00215-c00097,97,215,5,4,True,1,218.7004169973079,508.97758299834095,217.16283400019165,0.034249998861923814,726.1746669973945
pessimistic,150,multistation_rep,42,42,42,t00215-c00107,107,215,3,0,False,0,,,,,
pessimistic,150,multistation_rep,42,42,42,t00215-c00129,129,215,3,0,False,0,,,,,
pessimistic,150,multistation_rep,42,42,42,t00215-c00141,141,215,6,0,False,0,,,,,
pessimistic,150,multistation_rep,42,42,42,t00216-c00015,15,216,4,0,False,0,,,,,
pessimistic,150,multistation_rep,42,42,42,t00216-c00017,17,216,5,0,False,0,,,,,
pessimistic,150,multistation_rep,42,42,42,t00216-c00107,107,216,5,0,False,0,,,,,
pessimistic,150,multistation_rep,42,42,42,t00216-c00129,129,216,0,0,False,0,,,,,
pessimistic,150,multistation_rep,42,42,42,t00216-c00141,141,216,7,0,False,0,,,,,
pessimistic,150,multistation_rep,42,42,42,t00217-c00015,15,217,3,0,False,0,,,,,
pessimistic,150,multistation_rep,42,42,42,t00217-c00017,17,217,15,0,False,0,,,,,
pessimistic,150,multistation_rep,42,42,42,t00217-c00057,57,217,5,1,True,1,612.9367090034066,612.9367090034066,296.20329099998344,0.014792007277719676,909.1547920106677
pessimistic,150,multistation_rep,42,42,42,t00217-c00107,107,217,6,0,False,0,,,,,
pessimistic,150,multistation_rep,42,42,42,t00217-c00118,118,217,5,1,True,1,730.5901660001837,730.5901660001837,178.57191700022668,0.006457994459196925,909.1685409948695
pessimistic,150,multistation_rep,42,42,42,t00217-c00122,122,217,8,8,True,1,166.70837499259505,909.0138750034384,0.15125000209081918,0.008041999535635114,909.1731670050649
pessimistic,150,multistation_rep,42,42,42,t00217-c00129,129,217,3,0,False,0,,,,,
pessimistic,150,multistation_rep,42,42,42,t00217-c00141,141,217,5,0,False,0,,,,,
pessimistic,150,multistation_rep,42,42,42,t00218-c00015,15,218,3,0,False,0,,,,,
pessimistic,150,multistation_rep,42,42,42,t00218-c00017,17,218,9,0,False,0,,,,,
pessimistic,150,multistation_rep,42,42,42,t00218-c00107,107,218,5,0,False,0,,,,,
pessimistic,150,multistation_rep,42,42,42,t00218-c00129,129,218,5,0,False,0,,,,,
pessimistic,150,multistation_rep,42,42,42,t00218-c00135,135,218,3,3,True,1,34.28887500194833,384.8288750014035,79.91345900518354,0.02474999928381294,464.76708400587086
pessimistic,150,multistation_rep,42,42,42,t00218-c00141,141,218,4,0,False,0,,,,,
pessimistic,150,multistation_rep,42,42,42,t00219-c00015,15,219,3,0,False,0,,,,,
pessimistic,150,multistation_rep,42,42,42,t00219-c00017,17,219,12,0,False,0,,,,,
pessimistic,150,multistation_rep,42,42,42,t00219-c00107,107,219,5,0,False,0,,,,,
pessimistic,150,multistation_rep,42,42,42,t00219-c00129,129,219,5,0,False,0,,,,,
pessimistic,150,multistation_rep,42,42,42,t00219-c00135,135,219,4,3,True,1,275.20637499401346,736.1389160068939,0.03270899469498545,0.016332996892742813,736.1879579984816
pessimistic,150,multistation_rep,42,42,42,t00219-c00141,141,219,2,0,False,0,,,,,
pessimistic,150,multistation_rep,42,42,42,t00220-c00015,15,220,5,0,False,0,,,,,
pessimistic,150,multistation_rep,42,42,42,t00220-c00017,17,220,9,0,False,0,,,,,
pessimistic,150,multistation_rep,42,42,42,t00220-c00107,107,220,11,0,False,0,,,,,
pessimistic,150,multistation_rep,42,42,42,t00220-c00129,129,220,2,0,False,0,,,,,
pessimistic,150,multistation_rep,42,42,42,t00220-c00135,135,220,5,4,True,1,348.21545900194906,569.9966249958379,67.83233399619348,0.030875002266839147,637.8598339942982
pessimistic,150,multistation_rep,42,42,42,t00220-c00141,141,220,6,0,False,0,,,,,
pessimistic,150,multistation_rep,42,42,42,t00221-c00015,15,221,5,0,False,0,,,,,
pessimistic,150,multistation_rep,42,42,42,t00221-c00017,17,221,5,0,False,0,,,,,
pessimistic,150,multistation_rep,42,42,42,t00221-c00033,33,221,3,2,True,1,464.0973329951521,579.818250000244,102.73149999557063,0.029292001272551715,682.5790419970872
pessimistic,150,multistation_rep,42,42,42,t00221-c00047,47,221,7,3,True,1,103.58641699713189,361.75454199837986,320.85583300795406,0.00866700429469347,682.6190420106286
pessimistic,150,multistation_rep,42,42,42,t00221-c00107,107,221,7,0,False,0,,,,,
pessimistic,150,multistation_rep,42,42,42,t00221-c00129,129,221,3,0,False,0,,,,,
pessimistic,150,multistation_rep,42,42,42,t00221-c00141,141,221,12,0,False,0,,,,,
pessimistic,150,multistation_rep,42,42,42,t00222-c00015,15,222,2,0,False,0,,,,,
pessimistic,150,multistation_rep,42,42,42,t00222-c00017,17,222,3,0,False,0,,,,,
pessimistic,150,multistation_rep,42,42,42,t00222-c00034,34,222,5,2,True,1,97.48024999862537,384.65862500015646,396.9723329937551,0.029542003176175058,781.6604999970878
pessimistic,150,multistation_rep,42,42,42,t00222-c00047,47,222,4,0,False,0,,,,,
pessimistic,150,multistation_rep,42,42,42,t00222-c00107,107,222,7,0,False,0,,,,,
pessimistic,150,multistation_rep,42,42,42,t00222-c00114,114,222,6,5,True,1,252.22750000830274,758.4567080048146,23.157582996645942,0.008709001122042537,781.6230000025826
pessimistic,150,multistation_rep,42,42,42,t00222-c00129,129,222,5,0,False,0,,,,,
pessimistic,150,multistation_rep,42,42,42,t00222-c00141,141,222,15,0,False,0,,,,,
pessimistic,150,multistation_rep,42,42,42,t00223-c00015,15,223,5,0,False,0,,,,,
pessimistic,150,multistation_rep,42,42,42,t00223-c00017,17,223,3,0,False,0,,,,,
pessimistic,150,multistation_rep,42,42,42,t00223-c00047,47,223,4,0,False,0,,,,,
pessimistic,150,multistation_rep,42,42,42,t00223-c00098,98,223,7,0,False,0,,,,,
pessimistic,150,multistation_rep,42,42,42,t00223-c00107,107,223,7,0,False,0,,,,,
pessimistic,150,multistation_rep,42,42,42,t00223-c00129,129,223,3,0,False,0,,,,,
pessimistic,150,multistation_rep,42,42,42,t00223-c00141,141,223,6,0,False,0,,,,,
pessimistic,150,multistation_rep,42,42,42,t00224-c00015,15,224,5,0,False,0,,,,,
pessimistic,150,multistation_rep,42,42,42,t00224-c00017,17,224,3,0,False,0,,,,,
pessimistic,150,multistation_rep,42,42,42,t00224-c00041,41,224,5,4,True,1,141.50237500143703,882.00195900572,0.02562500594649464,0.01883298682514578,882.0464169984916
pessimistic,150,multistation_rep,42,42,42,t00224-c00047,47,224,7,1,True,1,360.7392499980051,360.7392499980051,521.3508750020992,0.006457994459196925,882.0965829945635
pessimistic,150,multistation_rep,42,42,42,t00224-c00098,98,224,7,0,False,0,,,,,
pessimistic,150,multistation_rep,42,42,42,t00224-c00107,107,224,8,0,False,0,,,,,
pessimistic,150,multistation_rep,42,42,42,t00224-c00129,129,224,5,0,False,0,,,,,
pessimistic,150,multistation_rep,42,42,42,t00224-c00141,141,224,3,0,False,0,,,,,
pessimistic,150,multistation_rep,42,42,42,t00225-c00015,15,225,6,0,False,0,,,,,
pessimistic,150,multistation_rep,42,42,42,t00225-c00017,17,225,1,0,False,0,,,,,
pessimistic,150,multistation_rep,42,42,42,t00225-c00047,47,225,7,3,True,1,346.4737499889452,510.57245799165685,46.10954200325068,0.020332998246885836,556.7023329931544
pessimistic,150,multistation_rep,42,42,42,t00225-c00068,68,225,1,1,True,1,83.07637499819975,83.07637499819975,473.6663750081789,0.007458002073690295,556.7502080084523
pessimistic,150,multistation_rep,42,42,42,t00225-c00098,98,225,7,0,False,0,,,,,
pessimistic,150,multistation_rep,42,42,42,t00225-c00107,107,225,8,0,False,0,,,,,
pessimistic,150,multistation_rep,42,42,42,t00225-c00129,129,225,5,0,False,0,,,,,
pessimistic,150,multistation_rep,42,42,42,t00225-c00141,141,225,3,0,False,0,,,,,
pessimistic,150,multistation_rep,42,42,42,t00226-c00015,15,226,3,0,False,0,,,,,
pessimistic,150,multistation_rep,42,42,42,t00226-c00017,17,226,8,0,False,0,,,,,
pessimistic,150,multistation_rep,42,42,42,t00226-c00066,66,226,4,4,True,1,106.61812499165535,608.0368749971967,0.02462499833200127,0.016624995623715222,608.0781249911524
pessimistic,150,multistation_rep,42,42,42,t00226-c00098,98,226,0,0,False,0,,,,,
pessimistic,150,multistation_rep,42,42,42,t00226-c00107,107,226,8,0,False,0,,,,,
pessimistic,150,multistation_rep,42,42,42,t00226-c00129,129,226,6,0,False,0,,,,,
pessimistic,150,multistation_rep,42,42,42,t00226-c00141,141,226,8,0,False,0,,,,,
pessimistic,150,multistation_rep,42,42,42,t00227-c00015,15,227,12,0,False,0,,,,,
pessimistic,150,multistation_rep,42,42,42,t00227-c00017,17,227,3,0,False,0,,,,,
pessimistic,150,multistation_rep,42,42,42,t00227-c00059,59,227,9,9,True,1,125.39187500078697,834.5782499964116,19.799500005319715,0.028041991754435003,854.4057919934858
pessimistic,150,multistation_rep,42,42,42,t00227-c00066,66,227,3,2,True,1,43.582208003499545,646.3474999909522,208.11849999881815,0.006750007742084563,854.4727499975124
pessimistic,150,multistation_rep,42,42,42,t00227-c00098,98,227,7,0,False,0,,,,,
pessimistic,150,multistation_rep,42,42,42,t00227-c00107,107,227,8,0,False,0,,,,,
pessimistic,150,multistation_rep,42,42,42,t00227-c00129,129,227,4,0,False,0,,,,,
pessimistic,150,multistation_rep,42,42,42,t00227-c00141,141,227,8,0,False,0,,,,,
pessimistic,150,multistation_rep,42,42,42,t00228-c00012,12,228,3,1,True,1,35.99166699859779,35.99166699859779,782.5472919939784,0.026166002498939633,818.5651249950752
pessimistic,150,multistation_rep,42,42,42,t00228-c00015,15,228,12,0,False,0,,,,,
pessimistic,150,multistation_rep,42,42,42,t00228-c00017,17,228,3,0,False,0,,,,,
pessimistic,150,multistation_rep,42,42,42,t00228-c00059,59,228,7,7,True,1,133.1753749982454,798.3905830042204,20.15262500208337,0.009333001798950136,818.5525410081027
pessimistic,150,multistation_rep,42,42,42,t00228-c00098,98,228,7,0,False,0,,,,,
pessimistic,150,multistation_rep,42,42,42,t00228-c00107,107,228,7,0,False,0,,,,,
pessimistic,150,multistation_rep,42,42,42,t00228-c00129,129,228,4,0,False,0,,,,,
pessimistic,150,multistation_rep,42,42,42,t00228-c00141,141,228,7,0,False,0,,,,,
pessimistic,150,multistation_rep,42,42,42,t00229-c00015,15,229,7,0,False,0,,,,,
pessimistic,150,multistation_rep,42,42,42,t00229-c00017,17,229,3,0,False,0,,,,,
pessimistic,150,multistation_rep,42,42,42,t00229-c00098,98,229,13,0,False,0,,,,,
pessimistic,150,multistation_rep,42,42,42,t00229-c00107,107,229,7,0,False,0,,,,,
pessimistic,150,multistation_rep,42,42,42,t00229-c00129,129,229,8,0,False,0,,,,,
pessimistic,150,multistation_rep,42,42,42,t00229-c00141,141,229,3,0,False,0,,,,,
pessimistic,150,multistation_rep,42,42,42,t00230-c00015,15,230,12,0,False,0,,,,,
pessimistic,150,multistation_rep,42,42,42,t00230-c00017,17,230,3,0,False,0,,,,,
pessimistic,150,multistation_rep,42,42,42,t00230-c00098,98,230,13,0,False,0,,,,,
pessimistic,150,multistation_rep,42,42,42,t00230-c00107,107,230,5,0,False,0,,,,,
pessimistic,150,multistation_rep,42,42,42,t00230-c00129,129,230,5,0,False,0,,,,,
pessimistic,150,multistation_rep,42,42,42,t00230-c00141,141,230,5,0,False,0,,,,,
pessimistic,150,multistation_rep,42,42,42,t00231-c00015,15,231,7,0,False,0,,,,,
pessimistic,150,multistation_rep,42,42,42,t00231-c00017,17,231,8,0,False,0,,,,,
pessimistic,150,multistation_rep,42,42,42,t00231-c00098,98,231,7,0,False,0,,,,,
pessimistic,150,multistation_rep,42,42,42,t00231-c00107,107,231,6,0,False,0,,,,,
pessimistic,150,multistation_rep,42,42,42,t00231-c00141,141,231,9,0,False,0,,,,,
pessimistic,150,multistation_rep,42,42,42,t00231-c00144,144,231,4,3,True,1,216.20525000616908,409.8905840073712,282.8097500023432,0.022124993847683072,692.7224590035621
pessimistic,150,multistation_rep,42,42,42,t00232-c00015,15,232,7,0,False,0,,,,,
pessimistic,150,multistation_rep,42,42,42,t00232-c00017,17,232,4,0,False,0,,,,,
pessimistic,150,multistation_rep,42,42,42,t00232-c00098,98,232,8,0,False,0,,,,,
pessimistic,150,multistation_rep,42,42,42,t00232-c00107,107,232,5,0,False,0,,,,,
pessimistic,150,multistation_rep,42,42,42,t00232-c00141,141,232,12,0,False,0,,,,,
pessimistic,150,multistation_rep,42,42,42,t00232-c00144,144,232,9,4,True,1,301.6912500024773,1005.2271660097176,0.035666991607286036,0.018624996300786734,1005.2814579976257
pessimistic,150,multistation_rep,42,42,42,t00233-c00015,15,233,7,0,False,0,,,,,
pessimistic,150,multistation_rep,42,42,42,t00233-c00017,17,233,5,0,False,0,,,,,
pessimistic,150,multistation_rep,42,42,42,t00233-c00035,35,233,6,6,True,1,85.31370900163893,629.5370839943644,20.62304099672474,0.026375011657364666,650.1865000027465
pessimistic,150,multistation_rep,42,42,42,t00233-c00098,98,233,8,0,False,0,,,,,
pessimistic,150,multistation_rep,42,42,42,t00233-c00107,107,233,5,0,False,0,,,,,
pessimistic,150,multistation_rep,42,42,42,t00233-c00141,141,233,7,0,False,0,,,,,
pessimistic,150,multistation_rep,42,42,42,t00234-c00015,15,234,7,0,False,0,,,,,
pessimistic,150,multistation_rep,42,42,42,t00234-c00017,17,234,5,0,False,0,,,,,
pessimistic,150,multistation_rep,42,42,42,t00234-c00098,98,234,2,0,False,0,,,,,
pessimistic,150,multistation_rep,42,42,42,t00234-c00106,106,234,4,1,True,1,56.374958003289066,56.374958003289066,278.8227499986533,0.02545899769756943,335.22316699963994
pessimistic,150,multistation_rep,42,42,42,t00234-c00107,107,234,5,0,False,0,,,,,
pessimistic,150,multistation_rep,42,42,42,t00234-c00141,141,234,7,0,False,0,,,,,
pessimistic,150,multistation_rep,42,42,42,t00235-c00015,15,235,0,0,False,0,,,,,
pessimistic,150,multistation_rep,42,42,42,t00235-c00017,17,235,5,0,False,0,,,,,
pessimistic,150,multistation_rep,42,42,42,t00235-c00018,18,235,6,3,True,1,172.6068749994738,288.5662089975085,50.39387500437442,0.029916001949459314,338.9900000038324
pessimistic,150,multistation_rep,42,42,42,t00235-c00098,98,235,8,0,False,0,,,,,
pessimistic,150,multistation_rep,42,42,42,t00235-c00107,107,235,6,0,False,0,,,,,
pessimistic,150,multistation_rep,42,42,42,t00235-c00141,141,235,7,0,False,0,,,,,
pessimistic,150,multistation_rep,42,42,42,t00236-c00015,15,236,5,0,False,0,,,,,
pessimistic,150,multistation_rep,42,42,42,t00236-c00017,17,236,11,0,False,0,,,,,
pessimistic,150,multistation_rep,42,42,42,t00236-c00098,98,236,8,0,False,0,,,,,
pessimistic,150,multistation_rep,42,42,42,t00236-c00107,107,236,9,0,False,0,,,,,
pessimistic,150,multistation_rep,42,42,42,t00236-c00141,141,236,3,0,False,0,,,,,
pessimistic,150,multistation_rep,42,42,42,t00237-c00015,15,237,9,0,False,0,,,,,
pessimistic,150,multistation_rep,42,42,42,t00237-c00017,17,237,6,0,False,0,,,,,
pessimistic,150,multistation_rep,42,42,42,t00237-c00098,98,237,5,0,False,0,,,,,
pessimistic,150,multistation_rep,42,42,42,t00237-c00107,107,237,7,0,False,0,,,,,
pessimistic,150,multistation_rep,42,42,42,t00237-c00141,141,237,3,0,False,0,,,,,
pessimistic,150,multistation_rep,42,42,42,t00238-c00015,15,238,8,0,False,0,,,,,
pessimistic,150,multistation_rep,42,42,42,t00238-c00017,17,238,7,0,False,0,,,,,
pessimistic,150,multistation_rep,42,42,42,t00238-c00098,98,238,3,0,False,0,,,,,
pessimistic,150,multistation_rep,42,42,42,t00238-c00107,107,238,7,0,False,0,,,,,
pessimistic,150,multistation_rep,42,42,42,t00238-c00130,130,238,5,2,True,1,171.61704199679662,392.7561250020517,180.08350000309292,0.034249998861923814,572.8738750040065
pessimistic,150,multistation_rep,42,42,42,t00238-c00141,141,238,1,0,False,0,,,,,
pessimistic,150,multistation_rep,42,42,42,t00239-c00015,15,239,0,0,False,0,,,,,
pessimistic,150,multistation_rep,42,42,42,t00239-c00017,17,239,7,0,False,0,,,,,
pessimistic,150,multistation_rep,42,42,42,t00239-c00088,88,239,12,3,True,1,270.68283400149085,632.3405839939369,181.0117910063127,0.03762499545700848,813.3899999957066
pessimistic,150,multistation_rep,42,42,42,t00239-c00098,98,239,3,0,False,0,,,,,
pessimistic,150,multistation_rep,42,42,42,t00239-c00107,107,239,3,0,False,0,,,,,
pessimistic,150,multistation_rep,42,42,42,t00239-c00141,141,239,3,0,False,0,,,,,
pessimistic,150,multistation_rep,42,42,42,t00240-c00015,15,240,6,0,False,0,,,,,
pessimistic,150,multistation_rep,42,42,42,t00240-c00017,17,240,7,0,False,0,,,,,
pessimistic,150,multistation_rep,42,42,42,t00240-c00062,62,240,8,7,True,1,62.942791992099956,524.827417000779,19.262207992142066,0.024082997697405517,544.1137079906184
pessimistic,150,multistation_rep,42,42,42,t00240-c00098,98,240,7,0,False,0,,,,,
pessimistic,150,multistation_rep,42,42,42,t00240-c00107,107,240,7,0,False,0,,,,,
pessimistic,150,multistation_rep,42,42,42,t00240-c00141,141,240,7,0,False,0,,,,,
pessimistic,150,multistation_rep,42,42,42,t00241-c00015,15,241,3,0,False,0,,,,,
pessimistic,150,multistation_rep,42,42,42,t00241-c00017,17,241,3,0,False,0,,,,,
pessimistic,150,multistation_rep,42,42,42,t00241-c00062,62,241,7,3,True,1,204.08904200303368,345.3080420003971,0.02400000812485814,0.020082996343262494,345.35212500486523
pessimistic,150,multistation_rep,42,42,42,t00241-c00098,98,241,7,0,False,0,,,,,
pessimistic,150,multistation_rep,42,42,42,t00241-c00107,107,241,7,0,False,0,,,,,
pessimistic,150,multistation_rep,42,42,42,t00241-c00141,141,241,3,0,False,0,,,,,
pessimistic,150,multistation_rep,42,42,42,t00242-c00015,15,242,3,0,False,0,,,,,
pessimistic,150,multistation_rep,42,42,42,t00242-c00017,17,242,3,0,False,0,,,,,
pessimistic,150,multistation_rep,42,42,42,t00242-c00062,62,242,7,3,True,1,297.17008300940506,483.1784999987576,73.41966700914782,0.014915989595465362,556.6130829975009
pessimistic,150,multistation_rep,42,42,42,t00242-c00098,98,242,5,0,False,0,,,,,
pessimistic,150,multistation_rep,42,42,42,t00242-c00107,107,242,8,0,False,0,,,,,
pessimistic,150,multistation_rep,42,42,42,t00242-c00122,122,242,4,4,True,1,76.98662500479259,556.468250011676,0.1221249985974282,0.007166992872953415,556.5975420031464
pessimistic,150,multistation_rep,42,42,42,t00242-c00141,141,242,3,0,False,0,,,,,
pessimistic,150,multistation_rep,42,42,42,t00243-c00015,15,243,3,0,False,0,,,,,
pessimistic,150,multistation_rep,42,42,42,t00243-c00017,17,243,3,0,False,0,,,,,
pessimistic,150,multistation_rep,42,42,42,t00243-c00090,90,243,3,3,True,1,23.989875000552274,328.19016599387396,63.44333400193136,0.025500004994682968,391.6590000008
pessimistic,150,multistation_rep,42,42,42,t00243-c00098,98,243,0,0,False,0,,,,,
pessimistic,150,multistation_rep,42,42,42,t00243-c00107,107,243,10,0,False,0,,,,,
pessimistic,150,multistation_rep,42,42,42,t00243-c00141,141,243,3,0,False,0,,,,,
pessimistic,150,multistation_rep,42,42,42,t00244-c00015,15,244,7,0,False,0,,,,,
pessimistic,150,multistation_rep,42,42,42,t00244-c00017,17,244,3,0,False,0,,,,,
pessimistic,150,multistation_rep,42,42,42,t00244-c00024,24,244,14,14,True,1,97.18341700499877,1835.6446249963483,0.030000010156072676,0.022124993847683072,1835.696750000352
pessimistic,150,multistation_rep,42,42,42,t00244-c00054,54,244,3,1,True,1,641.1890000017593,641.1890000017593,1194.566209000186,0.006582995411008596,1835.7617919973563
pessimistic,150,multistation_rep,42,42,42,t00244-c00090,90,244,4,3,True,1,445.4626660008216,1678.4534159960458,157.3097090004012,0.005207999492995441,1835.76833299594
pessimistic,150,multistation_rep,42,42,42,t00244-c00098,98,244,9,0,False,0,,,,,
pessimistic,150,multistation_rep,42,42,42,t00244-c00107,107,244,15,0,False,0,,,,,
pessimistic,150,multistation_rep,42,42,42,t00244-c00141,141,244,3,0,False,0,,,,,
pessimistic,150,multistation_rep,42,42,42,t00245-c00015,15,245,0,0,False,0,,,,,
pessimistic,150,multistation_rep,42,42,42,t00245-c00017,17,245,7,0,False,0,,,,,
pessimistic,150,multistation_rep,42,42,42,t00245-c00024,24,245,10,10,True,1,88.68762500060257,1260.7628330006264,75.75162500143051,0.020624996977858245,1336.5350829990348
pessimistic,150,multistation_rep,42,42,42,t00245-c00054,54,245,7,1,True,1,694.3948749976698,694.3948749976698,642.1850420010742,0.006832997314631939,1336.5867499960586
pessimistic,150,multistation_rep,42,42,42,t00245-c00077,77,245,5,2,True,1,178.08820799109526,833.8135829981184,502.7676669997163,0.007499998901039362,1336.5887499967357
pessimistic,150,multistation_rep,42,42,42,t00245-c00090,90,245,5,4,True,1,511.9467079930473,1336.3884579885053,0.21104200277477503,0.00650000583846122,1336.6059999971185
pessimistic,150,multistation_rep,42,42,42,t00245-c00098,98,245,5,0,False,0,,,,,
pessimistic,150,multistation_rep,42,42,42,t00245-c00107,107,245,8,0,False,0,,,,,
pessimistic,150,multistation_rep,42,42,42,t00245-c00141,141,245,3,0,False,0,,,,,
pessimistic,150,multistation_rep,42,42,42,t00246-c00015,15,246,3,0,False,0,,,,,
pessimistic,150,multistation_rep,42,42,42,t00246-c00017,17,246,3,0,False,0,,,,,
pessimistic,150,multistation_rep,42,42,42,t00246-c00077,77,246,3,2,True,1,108.00950000702869,520.6759169959696,137.05795801070053,0.02174999099224806,657.7556249976624
pessimistic,150,multistation_rep,42,42,42,t00246-c00090,90,246,5,4,True,1,209.85895799822174,638.9568330050679,18.854958994779736,0.007915994501672685,657.8197079943493
pessimistic,150,multistation_rep,42,42,42,t00246-c00098,98,246,5,0,False,0,,,,,
pessimistic,150,multistation_rep,42,42,42,t00246-c00107,107,246,5,0,False,0,,,,,
pessimistic,150,multistation_rep,42,42,42,t00246-c00141,141,246,4,0,False,0,,,,,
pessimistic,150,multistation_rep,42,42,42,t00247-c00017,17,247,1,0,False,0,,,,,
pessimistic,150,multistation_rep,42,42,42,t00247-c00034,34,247,5,2,True,1,291.41087499738205,400.171750006848,237.75641599786468,0.015500001609325409,637.943666006322
pessimistic,150,multistation_rep,42,42,42,t00247-c00077,77,247,3,1,True,1,530.2947919990402,530.2947919990402,107.70691699872259,0.006708010914735496,638.0084170086775
pessimistic,150,multistation_rep,42,42,42,t00247-c00090,90,247,4,3,True,1,164.3587090075016,637.835500005167,0.1648339966777712,0.0056249991757795215,638.0059590010205
pessimistic,150,multistation_rep,42,42,42,t00247-c00098,98,247,3,0,False,0,,,,,
pessimistic,150,multistation_rep,42,42,42,t00247-c00107,107,247,3,0,False,0,,,,,
pessimistic,150,multistation_rep,42,42,42,t00247-c00141,141,247,3,0,False,0,,,,,
pessimistic,150,multistation_rep,42,42,42,t00248-c00017,17,248,3,0,False,0,,,,,
pessimistic,150,multistation_rep,42,42,42,t00248-c00034,34,248,9,4,True,1,105.55249999742955,411.2384589971043,153.4807499992894,0.035541001125238836,564.754749997519
pessimistic,150,multistation_rep,42,42,42,t00248-c00098,98,248,7,0,False,0,,,,,
pessimistic,150,multistation_rep,42,42,42,t00248-c00107,107,248,7,0,False,0,,,,,
pessimistic,150,multistation_rep,42,42,42,t00248-c00114,114,248,4,1,True,1,299.2441249953117,299.2441249953117,265.494083010708,0.007166992872953415,564.7453749988927
pessimistic,150,multistation_rep,42,42,42,t00248-c00141,141,248,3,0,False,0,,,,,
pessimistic,150,multistation_rep,42,42,42,t00249-c00017,17,249,3,0,False,0,,,,,
pessimistic,150,multistation_rep,42,42,42,t00249-c00025,25,249,5,1,True,1,231.03491599613335,231.03491599613335,389.19712499773595,0.02341700019314885,620.2554579940625
pessimistic,150,multistation_rep,42,42,42,t00249-c00069,69,249,6,6,True,1,46.1566669982858,589.241541994852,31.058375010616146,0.008666989742778242,620.3085839952109
pessimistic,150,multistation_rep,42,42,42,t00249-c00098,98,249,7,0,False,0,,,,,
pessimistic,150,multistation_rep,42,42,42,t00249-c00107,107,249,3,0,False,0,,,,,
pessimistic,150,multistation_rep,42,42,42,t00250-c00017,17,250,6,0,False,0,,,,,
pessimistic,150,multistation_rep,42,42,42,t00250-c00098,98,250,7,0,False,0,,,,,
pessimistic,150,multistation_rep,42,42,42,t00250-c00107,107,250,5,0,False,0,,,,,
pessimistic,150,multistation_rep,42,42,42,t00251-c00017,17,251,6,0,False,0,,,,,
pessimistic,150,multistation_rep,42,42,42,t00251-c00098,98,251,7,0,False,0,,,,,
pessimistic,150,multistation_rep,42,42,42,t00251-c00107,107,251,11,0,False,0,,,,,
pessimistic,150,multistation_rep,42,42,42,t00252-c00017,17,252,4,0,False,0,,,,,
pessimistic,150,multistation_rep,42,42,42,t00252-c00098,98,252,7,0,False,0,,,,,
pessimistic,150,multistation_rep,42,42,42,t00252-c00107,107,252,5,0,False,0,,,,,
pessimistic,150,multistation_rep,42,42,42,t00253-c00017,17,253,7,0,False,0,,,,,
pessimistic,150,multistation_rep,42,42,42,t00253-c00098,98,253,7,0,False,0,,,,,
pessimistic,150,multistation_rep,42,42,42,t00253-c00107,107,253,10,0,False,0,,,,,
pessimistic,150,multistation_rep,42,42,42,t00254-c00017,17,254,7,0,False,0,,,,,
pessimistic,150,multistation_rep,42,42,42,t00254-c00033,33,254,6,5,True,1,133.3337499963818,542.7227909967769,18.15099999657832,0.03024999750778079,560.904040990863
pessimistic,150,multistation_rep,42,42,42,t00254-c00098,98,254,7,0,False,0,,,,,
pessimistic,150,multistation_rep,42,42,42,t00254-c00107,107,254,5,0,False,0,,,,,
pessimistic,150,multistation_rep,42,42,42,t00255-c00017,17,255,3,0,False,0,,,,,
pessimistic,150,multistation_rep,42,42,42,t00255-c00098,98,255,7,0,False,0,,,,,
pessimistic,150,multistation_rep,42,42,42,t00255-c00107,107,255,7,0,False,0,,,,,
pessimistic,150,multistation_rep,42,42,42,t00256-c00017,17,256,3,0,False,0,,,,,
pessimistic,150,multistation_rep,42,42,42,t00256-c00098,98,256,8,0,False,0,,,,,
pessimistic,150,multistation_rep,42,42,42,t00256-c00107,107,256,4,0,False,0,,,,,
pessimistic,150,multistation_rep,42,42,42,t00257-c00017,17,257,8,0,False,0,,,,,
pessimistic,150,multistation_rep,42,42,42,t00257-c00038,38,257,5,2,True,1,388.9797499869019,453.51895899511874,215.77808300207835,0.01491699367761612,669.3119589908747
pessimistic,150,multistation_rep,42,42,42,t00257-c00098,98,257,8,0,False,0,,,,,
pessimistic,150,multistation_rep,42,42,42,t00257-c00107,107,257,3,0,False,0,,,,,
pessimistic,150,multistation_rep,42,42,42,t00257-c00111,111,257,5,5,True,1,179.57991700677667,669.1705840057693,0.12479099677875638,0.010584000847302377,669.3059590033954
pessimistic,150,multistation_rep,42,42,42,t00258-c00017,17,258,8,0,False,0,,,,,
pessimistic,150,multistation_rep,42,42,42,t00258-c00098,98,258,4,0,False,0,,,,,
pessimistic,150,multistation_rep,42,42,42,t00258-c00105,105,258,5,5,True,1,90.22474999073893,347.5227909948444,0.027166999643668532,0.015416997484862804,347.56537499197293
pessimistic,150,multistation_rep,42,42,42,t00258-c00107,107,258,3,0,False,0,,,,,
pessimistic,150,multistation_rep,42,42,42,t00259-c00017,17,259,7,0,False,0,,,,,
pessimistic,150,multistation_rep,42,42,42,t00259-c00068,68,259,3,3,True,1,66.55524999951012,490.7852079923032,74.5840000017779,0.015249999705702066,565.3844579937868
pessimistic,150,multistation_rep,42,42,42,t00259-c00098,98,259,7,0,False,0,,,,,
pessimistic,150,multistation_rep,42,42,42,t00259-c00105,105,259,5,3,True,1,114.4950419984525,565.2784999983851,0.12733299809042364,0.006166999810375273,565.4119999962859
pessimistic,150,multistation_rep,42,42,42,t00259-c00107,107,259,3,0,False,0,,,,,
pessimistic,150,multistation_rep,42,42,42,t00260-c00017,17,260,8,0,False,0,,,,,
pessimistic,150,multistation_rep,42,42,42,t00260-c00050,50,260,6,6,True,1,456.5786669991212,1711.2670420028735,163.22437500639353,0.02633300027810037,1874.5177500095451
pessimistic,150,multistation_rep,42,42,42,t00260-c00068,68,260,3,3,True,1,456.545166001888,1461.2843749928288,413.29237500031013,0.00695799826644361,1874.5837079914054
pessimistic,150,multistation_rep,42,42,42,t00260-c00076,76,260,6,6,True,1,456.5142079954967,1844.5070419984404,30.071250002947636,0.006082991603761911,1874.5843749929918
pessimistic,150,multistation_rep,42,42,42,t00260-c00098,98,260,4,0,False,0,,,,,
pessimistic,150,multistation_rep,42,42,42,t00260-c00107,107,260,8,0,False,0,,,,,
pessimistic,150,multistation_rep,42,42,42,t00260-c00143,143,260,3,3,True,1,868.9371250075055,1622.6305000018328,251.8929170037154,0.0054580013966187835,1874.5288750069449
pessimistic,150,multistation_rep,42,42,42,t00261-c00007,7,261,4,1,True,1,327.245792010217,327.245792010217,834.2547079955693,0.029207993065938354,1161.5297079988522
pessimistic,150,multistation_rep,42,42,42,t00261-c00017,17,261,11,0,False,0,,,,,
pessimistic,150,multistation_rep,42,42,42,t00261-c00023,23,261,5,3,True,1,617.5323339994065,800.0099170021713,361.52108300302643,0.008208997314795852,1161.5392090025125
pessimistic,150,multistation_rep,42,42,42,t00261-c00050,50,261,5,4,True,1,111.13424999348354,1065.3706669982057,96.16699999605771,0.0066250067902728915,1161.5442920010537
pessimistic,150,multistation_rep,42,42,42,t00261-c00076,76,261,7,4,True,1,111.10233298677485,948.0182499974035,213.5164579958655,0.00504200579598546,1161.539749999065
pessimistic,150,multistation_rep,42,42,42,t00261-c00098,98,261,6,0,False,0,,,,,
pessimistic,150,multistation_rep,42,42,42,t00261-c00107,107,261,7,0,False,0,,,,,
pessimistic,150,multistation_rep,42,42,42,t00262-c00008,8,262,3,3,True,1,35.789208006463014,555.3344580112025,54.63670899916906,0.027582995244301856,609.9987500056159
pessimistic,150,multistation_rep,42,42,42,t00262-c00017,17,262,7,0,False,0,,,,,
pessimistic,150,multistation_rep,42,42,42,t00262-c00076,76,262,7,1,True,1,291.7855420091655,291.7855420091655,318.2239169982495,0.006082991603761911,610.0155419990188
pessimistic,150,multistation_rep,42,42,42,t00262-c00098,98,262,4,0,False,0,,,,,
pessimistic,150,multistation_rep,42,42,42,t00262-c00107,107,262,12,0,False,0,,,,,
pessimistic,150,multistation_rep,42,42,42,t00263-c00008,8,263,6,6,True,1,90.06524999858811,1403.854958989541,49.68816600739956,0.03891700180247426,1453.582041998743
pessimistic,150,multistation_rep,42,42,42,t00263-c00017,17,263,10,0,False,0,,,,,
pessimistic,150,multistation_rep,42,42,42,t00263-c00058,58,263,4,4,True,1,410.82395799458027,1403.776957988157,49.82495900185313,0.006665999535471201,1453.6085829895455
pessimistic,150,multistation_rep,42,42,42,t00263-c00098,98,263,5,0,False,0,,,,,
pessimistic,150,multistation_rep,42,42,42,t00263-c00107,107,263,7,0,False,0,,,,,
pessimistic,150,multistation_rep,42,42,42,t00264-c00008,8,264,6,4,True,1,754.8110420029843,1064.315292009269,49.51629199786112,0.03174999437760562,1113.8633340015076
pessimistic,150,multistation_rep,42,42,42,t00264-c00017,17,264,10,0,False,0,,,,,
pessimistic,150,multistation_rep,42,42,42,t00264-c00058,58,264,3,2,True,1,83.32633299869485,754.7340419987449,359.1528329998255,0.006916990969330072,1113.8937919895397
pessimistic,150,multistation_rep,42,42,42,t00264-c00098,98,264,5,0,False,0,,,,,
pessimistic,150,multistation_rep,42,42,42,t00264-c00107,107,264,7,0,False,0,,,,,
pessimistic,150,multistation_rep,42,42,42,t00265-c00002,2,265,4,4,True,1,190.4010829894105,1271.927207999397,0.017332989955320954,0.017875005141831934,1271.9624159944942
pessimistic,150,multistation_rep,42,42,42,t00265-c00008,8,265,6,3,True,1,730.5025410023518,1103.1883329997072,168.8219170027878,0.006749993190169334,1272.0169999956852
pessimistic,150,multistation_rep,42,42,42,t00265-c00017,17,265,9,0,False,0,,,,,
pessimistic,150,multistation_rep,42,42,42,t00265-c00019,19,265,5,4,True,1,35.31545899750199,1039.6164589910768,232.3680410045199,0.005584006430581212,1271.9900840020273
pessimistic,150,multistation_rep,42,42,42,t00265-c00098,98,265,6,0,False,0,,,,,
pessimistic,150,multistation_rep,42,42,42,t00265-c00107,107,265,12,0,False,0,,,,,
pessimistic,150,multistation_rep,42,42,42,t00266-c00002,2,266,4,4,True,1,183.74691699864343,1661.238125001546,89.81937500357162,0.018499995348975062,1751.0760000004666
pessimistic,150,multistation_rep,42,42,42,t00266-c00006,6,266,5,5,True,1,355.38420800003223,1505.8905000041705,245.2231670031324,0.008082992280833423,1751.1217499995837
pessimistic,150,multistation_rep,42,42,42,t00266-c00008,8,266,3,1,True,1,1295.0213750009425,1295.0213750009425,456.1112499941373,0.005166002665646374,1751.1377909977455
pessimistic,150,multistation_rep,42,42,42,t00266-c00013,13,266,3,2,True,1,1294.9907499860274,1457.2289159987122,293.9033750008093,0.00449999060947448,1751.136790990131
pessimistic,150,multistation_rep,42,42,42,t00266-c00017,17,266,2,0,False,0,,,,,
pessimistic,150,multistation_rep,42,42,42,t00266-c00036,36,266,11,11,True,1,153.17070799937937,1750.8732080023037,0.22566699772141874,0.0064580090111121535,1751.1053330090363
pessimistic,150,multistation_rep,42,42,42,t00266-c00098,98,266,5,0,False,0,,,,,
pessimistic,150,multistation_rep,42,42,42,t00266-c00107,107,266,12,0,False,0,,,,,
pessimistic,150,multistation_rep,42,42,42,t00267-c00006,6,267,5,4,True,1,165.83704100048635,354.25658299936913,375.0835420069052,0.03937499423045665,729.3795000005048
pessimistic,150,multistation_rep,42,42,42,t00267-c00008,8,267,3,1,True,1,587.9386660089949,587.9386660089949,141.47699999739416,0.007583992555737495,729.4232499989448
pessimistic,150,multistation_rep,42,42,42,t00267-c00017,17,267,1,0,False,0,,,,,
pessimistic,150,multistation_rep,42,42,42,t00267-c00098,98,267,11,0,False,0,,,,,
pessimistic,150,multistation_rep,42,42,42,t00267-c00107,107,267,15,0,False,0,,,,,
pessimistic,150,multistation_rep,42,42,42,t00268-c00017,17,268,11,0,False,0,,,,,
pessimistic,150,multistation_rep,42,42,42,t00268-c00098,98,268,14,0,False,0,,,,,
pessimistic,150,multistation_rep,42,42,42,t00268-c00107,107,268,12,0,False,0,,,,,
pessimistic,150,multistation_rep,42,42,42,t00269-c00017,17,269,9,0,False,0,,,,,
pessimistic,150,multistation_rep,42,42,42,t00269-c00098,98,269,11,0,False,0,,,,,
pessimistic,150,multistation_rep,42,42,42,t00269-c00107,107,269,12,0,False,0,,,,,
pessimistic,150,multistation_rep,42,42,42,t00270-c00017,17,270,7,0,False,0,,,,,
pessimistic,150,multistation_rep,42,42,42,t00270-c00062,62,270,5,1,True,1,37.358166999183595,37.358166999183595,465.6561660085572,0.024208988179452717,503.03854199592024
pessimistic,150,multistation_rep,42,42,42,t00270-c00098,98,270,7,0,False,0,,,,,
pessimistic,150,multistation_rep,42,42,42,t00270-c00107,107,270,16,0,False,0,,,,,
pessimistic,150,multistation_rep,42,42,42,t00271-c00098,98,271,12,0,False,0,,,,,
pessimistic,150,multistation_rep,42,42,42,t00271-c00107,107,271,9,0,False,0,,,,,
pessimistic,150,multistation_rep,42,42,42,t00272-c00098,98,272,8,0,False,0,,,,,
pessimistic,150,multistation_rep,42,42,42,t00272-c00107,107,272,9,0,False,0,,,,,
pessimistic,150,multistation_rep,42,42,42,t00273-c00027,27,273,8,8,True,1,88.47520800190978,570.8145420067012,56.386041003861465,0.03270899469498545,627.2332920052577
pessimistic,150,multistation_rep,42,42,42,t00273-c00098,98,273,5,0,False,0,,,,,
pessimistic,150,multistation_rep,42,42,42,t00273-c00107,107,273,7,0,False,0,,,,,
pessimistic,150,multistation_rep,42,42,42,t00273-c00131,131,273,10,1,True,1,441.18224999692757,441.18224999692757,186.03554100263864,0.0064589985413476825,627.2242499981076
pessimistic,150,multistation_rep,42,42,42,t00274-c00027,27,274,12,11,True,1,59.15595899568871,928.3592089923332,0.021750005544163287,0.024416003725491464,928.4053750016028
pessimistic,150,multistation_rep,42,42,42,t00274-c00098,98,274,8,0,False,0,,,,,
pessimistic,150,multistation_rep,42,42,42,t00274-c00107,107,274,4,0,False,0,,,,,
pessimistic,150,multistation_rep,42,42,42,t00275-c00098,98,275,1,0,False,0,,,,,
pessimistic,150,multistation_rep,42,42,42,t00275-c00107,107,275,8,0,False,0,,,,,
pessimistic,150,multistation_rep,42,42,42,t00275-c00120,120,275,5,5,True,1,65.84679200022947,511.4872080011992,18.539958997280337,0.02200000744778663,530.0491670059273
pessimistic,150,multistation_rep,42,42,42,t00276-c00035,35,276,4,0,False,0,,,,,
pessimistic,150,multistation_rep,42,42,42,t00276-c00107,107,276,3,0,False,0,,,,,
pessimistic,150,multistation_rep,42,42,42,t00276-c00120,120,276,6,3,True,1,91.29108299384825,383.8337499910267,0.028417009161785245,0.013832992408424616,383.8759999925969
pessimistic,150,multistation_rep,42,42,42,t00277-c00035,35,277,4,0,False,0,,,,,
pessimistic,150,multistation_rep,42,42,42,t00277-c00099,99,277,7,3,True,1,428.2220419991063,555.8267500018701,52.5592080084607,0.024124994524754584,608.4100830048556
pessimistic,150,multistation_rep,42,42,42,t00277-c00107,107,277,0,0,False,0,,,,,
pessimistic,150,multistation_rep,42,42,42,t00277-c00149,149,277,7,3,True,1,104.98133300279733,304.5361250115093,303.85383300017565,0.006541988113895059,608.3964999997988
pessimistic,150,multistation_rep,42,42,42,t00278-c00035,35,278,7,5,True,1,184.84683299902827,689.2273749981541,229.30908300622832,0.029999995604157448,918.5664579999866
pessimistic,150,multistation_rep,42,42,42,t00278-c00102,102,278,7,7,True,1,17.731708998326212,901.2619169952814,17.34920800663531,0.00954199640545994,918.6206669983221
pessimistic,150,multistation_rep,42,42,42,t00278-c00107,107,278,9,0,False,0,,,,,
pessimistic,150,multistation_rep,42,42,42,t00278-c00149,149,278,9,2,True,1,689.1139580111485,727.2049580060411,191.3739580049878,0.005249996320344508,918.5841660073493
pessimistic,150,multistation_rep,42,42,42,t00279-c00107,107,279,5,0,False,0,,,,,
pessimistic,150,multistation_rep,42,42,42,t00279-c00119,119,279,3,3,True,1,63.509416999295354,187.18875000195112,18.191584007581696,0.0228749995585531,205.40320900909137
pessimistic,150,multistation_rep,42,42,42,t00280-c00107,107,280,11,0,False,0,,,,,
pessimistic,150,multistation_rep,42,42,42,t00280-c00148,148,280,7,6,True,1,60.222792002605274,327.69487499899697,103.75662500155158,0.029916991479694843,431.48141699202824
pessimistic,150,multistation_rep,42,42,42,t00281-c00107,107,281,7,0,False,0,,,,,
pessimistic,150,multistation_rep,42,42,42,t00281-c00148,148,281,6,3,True,1,103.29070899751969,270.2747089933837,0.029457994969561696,0.015375000657513738,270.31954198901076
pessimistic,150,multistation_rep,42,42,42,t00282-c00033,33,282,5,3,True,1,152.23858400713652,431.7699170060223,0.017875005141831934,0.017291997210122645,431.80508400837425
pessimistic,150,multistation_rep,42,42,42,t00282-c00107,107,282,7,0,False,0,,,,,
pessimistic,150,multistation_rep,42,42,42,t00282-c00148,148,282,3,0,False,0,,,,,
pessimistic,150,multistation_rep,42,42,42,t00283-c00107,107,283,4,0,False,0,,,,,
pessimistic,150,multistation_rep,42,42,42,t00283-c00148,148,283,3,2,True,1,71.27029201365076,139.62066700332798,33.771208007237874,0.026166992029175162,173.41804200259503
pessimistic,150,multistation_rep,42,42,42,t00284-c00105,105,284,4,3,True,1,106.9524589984212,246.4990839944221,0.022833002731204033,0.017416998161934316,246.53933399531525
pessimistic,150,multistation_rep,42,42,42,t00284-c00107,107,284,4,0,False,0,,,,,
pessimistic,150,multistation_rep,42,42,42,t00285-c00105,105,285,3,1,True,1,83.36245799728204,83.36245799728204,48.65320899989456,0.022666004952043295,132.03833300212864
pessimistic,150,multistation_rep,42,42,42,t00285-c00107,107,285,4,0,False,0,,,,,
pessimistic,150,multistation_rep,42,42,42,t00286-c00107,107,286,4,0,False,0,,,,,
pessimistic,150,multistation_rep,42,42,42,t00287-c00081,81,287,5,4,True,1,48.57529100263491,137.05875001323875,38.88300000107847,0.022582986275665462,175.9643330005929
pessimistic,150,multistation_rep,42,42,42,t00287-c00107,107,287,8,0,False,0,,,,,
pessimistic,150,multistation_rep,42,42,42,t00288-c00007,7,288,6,4,True,1,101.74483299488202,336.6331249999348,307.1952079917537,0.016542006051167846,643.8448749977397
pessimistic,150,multistation_rep,42,42,42,t00288-c00075,75,288,9,6,True,1,25.253707994124852,583.361375000095,60.52145799912978,0.007707989425398409,643.8905409886502
pessimistic,150,multistation_rep,42,42,42,t00288-c00081,81,288,7,4,True,1,117.20354200224392,643.7312089983607,0.1482499937992543,0.005541005521081388,643.884999997681
pessimistic,150,multistation_rep,42,42,42,t00288-c00107,107,288,9,0,False,0,,,,,
pessimistic,150,multistation_rep,42,42,42,t00289-c00107,107,289,5,0,False,0,,,,,
pessimistic,150,multistation_rep,42,42,42,t00290-c00107,107,290,3,0,False,0,,,,,
pessimistic,150,multistation_rep,42,42,42,t00291-c00107,107,291,3,0,False,0,,,,,
pessimistic,150,multistation_rep,42,42,42,t00292-c00052,52,292,9,9,True,1,124.10933300270699,963.3629580057459,0.02433299960102886,0.021750005544163287,963.4090410108911
pessimistic,150,multistation_rep,42,42,42,t00292-c00107,107,292,3,0,False,0,,,,,
pessimistic,150,multistation_rep,42,42,42,t00293-c00052,52,293,3,3,True,1,102.05554199637845,454.96733399340883,12.787166007910855,0.022041989723220468,467.7765419910429
pessimistic,150,multistation_rep,42,42,42,t00293-c00107,107,293,8,0,False,0,,,,,
pessimistic,150,multistation_rep,42,42,42,t00294-c00107,107,294,3,0,False,0,,,,,
pessimistic,150,multistation_rep,42,42,42,t00295-c00107,107,295,3,0,False,0,,,,,
pessimistic,150,multistation_rep,42,42,42,t00296-c00010,10,296,9,8,True,1,81.40695799374953,1683.8044579926645,57.009791999007575,0.017416998161934316,1740.831666989834
pessimistic,150,multistation_rep,42,42,42,t00296-c00077,77,296,7,3,True,1,928.3719999948516,1509.8564170039026,231.01379099534824,0.0064589985413476825,1740.8766669977922
pessimistic,150,multistation_rep,42,42,42,t00296-c00102,102,296,9,9,True,1,168.0900419887621,1740.704249998089,0.16391699318774045,0.007124996045604348,1740.8752919873223
pessimistic,150,multistation_rep,42,42,42,t00296-c00107,107,296,3,0,False,0,,,,,
pessimistic,150,multistation_rep,42,42,42,t00297-c00104,104,297,7,2,True,1,46.748458000365645,126.7271249962505,28.67708299891092,0.028292008209973574,155.4325000033714
pessimistic,150,multistation_rep,42,42,42,t00297-c00107,107,297,3,0,False,0,,,,,
pessimistic,150,multistation_rep,42,42,42,t00298-c00103,103,298,4,1,True,1,256.43258399213664,256.43258399213664,494.75712500861846,0.016999998479150236,751.2067089992343
pessimistic,150,multistation_rep,42,42,42,t00298-c00104,104,298,5,1,True,1,608.3314170100493,608.3314170100493,142.91279099415988,0.006750007742084563,751.2509580119513
pessimistic,150,multistation_rep,42,42,42,t00298-c00107,107,298,7,0,False,0,,,,,
pessimistic,150,multistation_rep,42,42,42,t00298-c00142,142,298,4,4,True,1,256.32429200049955,751.0577919892967,0.15608301328029484,0.0064589985413476825,751.2203340011183
pessimistic,150,multistation_rep,42,42,42,t00299-c00107,107,299,2,0,False,0,,,,,
pessimistic,150,multistation_rep,42,42,42,t00300-c00107,107,300,3,0,False,0,,,,,
pessimistic,150,multistation_rep,42,42,42,t00300-c00116,116,300,4,4,True,1,41.0788750014035,304.7075409995159,0.029000002541579306,0.01637499372009188,304.7529159957776
pessimistic,150,multistation_rep,42,42,42,t00301-c00002,2,301,3,3,True,1,57.32070800149813,337.8535829979228,50.29308400116861,0.02950000634882599,388.1761670054402
pessimistic,150,multistation_rep,42,42,42,t00301-c00107,107,301,8,0,False,0,,,,,
pessimistic,150,multistation_rep,42,42,42,t00302-c00063,63,302,7,7,True,1,101.6374159953557,375.15108298975974,0.025000001187436283,0.01675001112744212,375.1928330020746
pessimistic,150,multistation_rep,42,42,42,t00303-c00018,18,303,3,2,True,1,183.388332996401,335.98229198832996,104.1713750018971,0.016457997844554484,440.1701249880716
pessimistic,150,multistation_rep,42,42,42,t00303-c00043,43,303,4,3,True,1,132.77062500128523,440.0966670073103,0.10795799607876688,0.007166992872953415,440.21179199626204
pessimistic,150,multistation_rep,42,42,42,t00304-c00000,0,304,9,9,True,1,33.49266599980183,263.0143330025021,0.016582998796366155,0.016249992768280208,263.04716599406675
pessimistic,150,multistation_rep,42,42,42,t00305-c00068,68,305,8,5,True,1,306.1550830025226,686.480708012823,0.0202919909497723,0.014457997167482972,686.5154580009403
pessimistic,150,multistation_rep,42,42,42,t00305-c00144,144,305,7,2,True,1,195.52891599596478,524.5575830049347,161.9977919908706,0.006250003934837878,686.5616249997402
pessimistic,150,multistation_rep,42,42,42,t00306-c00068,68,306,4,3,True,1,144.46929200494196,334.17058299528435,0.020292005501687527,0.016541991499252617,334.2074169922853
pessimistic,150,multistation_rep,42,42,42,t00306-c00113,113,306,3,1,True,1,31.602333998307586,31.602333998307586,302.6558749988908,0.00650000583846122,334.26470900303684
pessimistic,150,multistation_rep,42,42,42,t00307-c00068,68,307,4,0,False,0,,,,,
pessimistic,150,multistation_rep,42,42,42,t00307-c00113,113,307,7,5,True,1,30.56425000249874,172.60433299816214,32.38604200305417,0.0262079993262887,205.0165830005426
pessimistic,150,multistation_rep,42,42,42,t00308-c00031,31,308,5,1,True,1,71.60662498790771,71.60662498790771,163.74658400309272,0.028291004127822816,235.38149999512825
pessimistic,150,multistation_rep,42,42,42,t00308-c00068,68,308,7,0,False,0,,,,,
pessimistic,150,multistation_rep,42,42,42,t00309-c00031,31,309,4,1,True,1,90.6077079998795,90.6077079998795,283.6999170103809,0.03783300053328276,374.34545801079366
pessimistic,150,multistation_rep,42,42,42,t00309-c00053,53,309,3,1,True,1,323.3444170036819,323.3444170036819,51.03795799368527,0.0072920083766803145,374.38966700574383
pessimistic,150,multistation_rep,42,42,42,t00309-c00068,68,309,13,0,False,0,,,,,
pessimistic,150,multistation_rep,42,42,42,t00310-c00006,6,310,4,3,True,1,171.90691600262653,903.193291000207,0.014917008229531348,0.015083001926541328,903.223291010363
pessimistic,150,multistation_rep,42,42,42,t00310-c00068,68,310,7,0,False,0,,,,,
pessimistic,150,multistation_rep,42,42,42,t00310-c00076,76,310,8,3,True,1,383.3145000098739,703.9207500056364,199.31554100185167,0.0064589985413476825,903.2427500060294
pessimistic,150,multistation_rep,42,42,42,t00311-c00006,6,311,4,0,False,0,,,,,
pessimistic,150,multistation_rep,42,42,42,t00311-c00039,39,311,4,3,True,1,297.27291699964553,755.442541994853,0.0237500062212348,0.01766700006555766,755.4839590011397
pessimistic,150,multistation_rep,42,42,42,t00311-c00068,68,311,7,0,False,0,,,,,
pessimistic,150,multistation_rep,42,42,42,t00311-c00123,123,311,9,9,True,1,43.032166999182664,659.771249993355,95.7312090031337,0.009625000529922545,755.5120839970186
pessimistic,150,multistation_rep,42,42,42,t00312-c00006,6,312,4,0,False,0,,,,,
pessimistic,150,multistation_rep,42,42,42,t00312-c00068,68,312,8,0,False,0,,,,,
pessimistic,150,multistation_rep,42,42,42,t00312-c00075,75,312,6,3,True,1,270.7443749968661,830.6345000019064,41.00058399490081,0.029666000045835972,871.6647499968531
pessimistic,150,multistation_rep,42,42,42,t00312-c00099,99,312,3,2,True,1,657.3712919926038,766.3992079906166,105.30654201284051,0.007749986252747476,871.7134999897098
pessimistic,150,multistation_rep,42,42,42,t00312-c00105,105,312,8,6,True,1,62.78466701041907,706.190584009164,165.54062499199063,0.0074160052463412285,871.738625006401
pessimistic,150,multistation_rep,42,42,42,t00312-c00120,120,312,3,1,True,1,657.3101249960018,657.3101249960018,214.42587500496302,0.004250003257766366,871.7402500042226
pessimistic,150,multistation_rep,42,42,42,t00313-c00006,6,313,4,0,False,0,,,,,
pessimistic,150,multistation_rep,42,42,42,t00313-c00068,68,313,9,0,False,0,,,,,
pessimistic,150,multistation_rep,42,42,42,t00313-c00099,99,313,14,5,True,1,281.2174580030842,642.9319169983501,35.24087500409223,0.028208000003360212,678.2010000024457
pessimistic,150,multistation_rep,42,42,42,t00313-c00105,105,313,5,1,True,1,158.0258329922799,158.0258329922799,520.2369580074446,0.006999995093792677,678.2697909948183
pessimistic,150,multistation_rep,42,42,42,t00313-c00120,120,313,4,0,False,0,,,,,
pessimistic,150,multistation_rep,42,42,42,t00314-c00006,6,314,5,2,True,1,660.8527499920456,727.2239169979002,204.29808300104924,0.015332989278249443,931.5373329882277
pessimistic,150,multistation_rep,42,42,42,t00314-c00068,68,314,10,0,False,0,,,,,
pessimistic,150,multistation_rep,42,42,42,t00314-c00099,99,314,14,1,True,1,556.7159170022933,556.7159170022933,374.8320830054581,0.006624992238357663,931.5546249999898
pessimistic,150,multistation_rep,42,42,42,t00314-c00117,117,314,9,9,True,1,73.84825000190176,931.392667000182,0.17712499538902193,0.008290997357107699,931.5780829929281
pessimistic,150,multistation_rep,42,42,42,t00314-c00120,120,314,6,1,True,1,386.16662500135135,386.16662500135135,545.3972499963129,0.0045000051613897085,931.5683750028256
pessimistic,150,multistation_rep,42,42,42,t00315-c00068,68,315,6,0,False,0,,,,,
pessimistic,150,multistation_rep,42,42,42,t00315-c00071,71,315,9,8,True,1,129.26704100391362,903.6150000029011,81.01245800207835,0.01720800355542451,984.6446660085348
pessimistic,150,multistation_rep,42,42,42,t00315-c00082,82,315,3,3,True,1,324.70524999371264,823.4026249992894,161.30016700481065,0.007040987838990986,984.709832991939
pessimistic,150,multistation_rep,42,42,42,t00315-c00099,99,315,11,0,False,0,,,,,
pessimistic,150,multistation_rep,42,42,42,t00315-c00114,114,315,4,1,True,1,984.4991660065716,984.4991660065716,0.1763749896781519,0.004417001036927104,984.6799579972867
pessimistic,150,multistation_rep,42,42,42,t00316-c00068,68,316,7,0,False,0,,,,,
pessimistic,150,multistation_rep,42,42,42,t00316-c00071,71,316,7,5,True,1,145.3853330021957,744.1948749910807,65.58633300301153,0.02066700835712254,809.8018750024494
pessimistic,150,multistation_rep,42,42,42,t00316-c00082,82,316,3,2,True,1,397.29716700094286,744.161583003006,65.67612499929965,0.007000009645707905,809.8447080119513
pessimistic,150,multistation_rep,42,42,42,t00316-c00099,99,316,8,0,False,0,,,,,
pessimistic,150,multistation_rep,42,42,42,t00316-c00114,114,316,7,3,True,1,501.9750409992412,781.2467079929775,28.558167003211565,0.005041001713834703,809.8099159979029
pessimistic,150,multistation_rep,42,42,42,t00317-c00068,68,317,3,0,False,0,,,,,
pessimistic,150,multistation_rep,42,42,42,t00317-c00099,99,317,13,0,False,0,,,,,
pessimistic,150,multistation_rep,42,42,42,t00318-c00033,33,318,9,1,True,1,786.1189589893911,786.1189589893911,17.633208000916056,0.03458300489000976,803.7867499951972
pessimistic,150,multistation_rep,42,42,42,t00318-c00068,68,318,3,0,False,0,,,,,
pessimistic,150,multistation_rep,42,42,42,t00318-c00099,99,318,5,0,False,0,,,,,
pessimistic,150,multistation_rep,42,42,42,t00318-c00119,119,318,7,7,True,1,180.3192920051515,730.7009170035599,73.05845800146926,0.009666997357271612,803.7690420023864
pessimistic,150,multistation_rep,42,42,42,t00319-c00068,68,319,3,0,False,0,,,,,
pessimistic,150,multistation_rep,42,42,42,t00319-c00084,84,319,8,8,True,1,63.91233300382737,619.996416993672,0.03212501178495586,0.019499988411553204,620.0480419938685
pessimistic,150,multistation_rep,42,42,42,t00319-c00099,99,319,5,0,False,0,,,,,
pessimistic,150,multistation_rep,42,42,42,t00320-c00053,53,320,6,1,True,1,67.94941599946469,67.94941599946469,276.0745839914307,0.02112500078510493,344.0451249916805
pessimistic,150,multistation_rep,42,42,42,t00320-c00068,68,320,3,0,False,0,,,,,
pessimistic,150,multistation_rep,42,42,42,t00320-c00084,84,320,5,2,True,1,194.42312499450054,280.1058749901131,63.94525000359863,0.006582995411008596,344.0577079891227
pessimistic,150,multistation_rep,42,42,42,t00320-c00099,99,320,5,0,False,0,,,,,
pessimistic,150,multistation_rep,42,42,42,t00321-c00053,53,321,6,1,True,1,114.81595900841057,114.81595900841057,484.07799999404233,0.027041009161621332,598.9210000116145
pessimistic,150,multistation_rep,42,42,42,t00321-c00068,68,321,3,0,False,0,,,,,
pessimistic,150,multistation_rep,42,42,42,t00321-c00084,84,321,7,6,True,1,87.04620799107943,565.8308749989374,33.115415993961506,0.009374998626299202,598.9556659915252
pessimistic,150,multistation_rep,42,42,42,t00321-c00099,99,321,9,0,False,0,,,,,
pessimistic,150,multistation_rep,42,42,42,t00322-c00005,5,322,7,5,True,1,59.220874987659045,386.34270799229853,99.91529199760407,0.033958000130951405,486.29195799003355
pessimistic,150,multistation_rep,42,42,42,t00322-c00053,53,322,8,2,True,1,108.65279199788347,164.7702920017764,321.54950000403915,0.007124996045604348,486.32691700186115
pessimistic,150,multistation_rep,42,42,42,t00322-c00068,68,322,4,0,False,0,,,,,
pessimistic,150,multistation_rep,42,42,42,t00322-c00099,99,322,11,0,False,0,,,,,
pessimistic,150,multistation_rep,42,42,42,t00323-c00040,40,323,4,3,True,1,136.9112079992192,306.485832988983,0.01779200101736933,0.016582998796366155,306.52020798879676
pessimistic,150,multistation_rep,42,42,42,t00323-c00068,68,323,3,0,False,0,,,,,
pessimistic,150,multistation_rep,42,42,42,t00323-c00099,99,323,6,0,False,0,,,,,
pessimistic,150,multistation_rep,42,42,42,t00324-c00040,40,324,8,6,True,1,335.08333400823176,833.4897500026273,0.02099999983329326,0.016125006368383765,833.5268750088289
pessimistic,150,multistation_rep,42,42,42,t00324-c00061,61,324,5,5,True,1,177.66183300409466,675.5186660011532,158.04379200562835,0.008082992280833423,833.5705409990624
pessimistic,150,multistation_rep,42,42,42,t00324-c00068,68,324,3,0,False,0,,,,,
pessimistic,150,multistation_rep,42,42,42,t00324-c00099,99,324,8,0,False,0,,,,,
pessimistic,150,multistation_rep,42,42,42,t00325-c00068,68,325,7,0,False,0,,,,,
pessimistic,150,multistation_rep,42,42,42,t00325-c00099,99,325,8,0,False,0,,,,,
pessimistic,150,multistation_rep,42,42,42,t00326-c00068,68,326,7,0,False,0,,,,,
pessimistic,150,multistation_rep,42,42,42,t00326-c00099,99,326,8,0,False,0,,,,,
pessimistic,150,multistation_rep,42,42,42,t00327-c00068,68,327,3,0,False,0,,,,,
pessimistic,150,multistation_rep,42,42,42,t00327-c00099,99,327,0,0,False,0,,,,,
pessimistic,150,multistation_rep,42,42,42,t00328-c00068,68,328,7,0,False,0,,,,,
pessimistic,150,multistation_rep,42,42,42,t00328-c00099,99,328,3,0,False,0,,,,,
pessimistic,150,multistation_rep,42,42,42,t00329-c00068,68,329,0,0,False,0,,,,,
pessimistic,150,multistation_rep,42,42,42,t00329-c00099,99,329,5,0,False,0,,,,,
pessimistic,150,multistation_rep,42,42,42,t00330-c00068,68,330,0,0,False,0,,,,,
pessimistic,150,multistation_rep,42,42,42,t00330-c00099,99,330,5,0,False,0,,,,,
pessimistic,150,multistation_rep,42,42,42,t00331-c00068,68,331,3,0,False,0,,,,,
pessimistic,150,multistation_rep,42,42,42,t00331-c00089,89,331,9,7,True,1,41.83583299163729,424.2034579947358,0.030750001315027475,0.015375000657513738,424.24958299670834
pessimistic,150,multistation_rep,42,42,42,t00331-c00099,99,331,0,0,False,0,,,,,
pessimistic,150,multistation_rep,42,42,42,t00332-c00068,68,332,7,0,False,0,,,,,
pessimistic,150,multistation_rep,42,42,42,t00332-c00089,89,332,9,8,True,1,141.1684999911813,837.7848340023775,118.44095798733179,0.017583006410859525,956.2433749961201
pessimistic,150,multistation_rep,42,42,42,t00332-c00093,93,332,7,7,True,1,231.6577919991687,956.1628340015886,0.11875000200234354,0.008582996088080108,956.2901669996791
pessimistic,150,multistation_rep,42,42,42,t00332-c00099,99,332,9,0,False,0,,,,,
pessimistic,150,multistation_rep,42,42,42,t00332-c00139,139,332,3,2,True,1,141.06824999907985,837.6845000020694,118.57070898986422,0.005041001713834703,956.2602499936474
pessimistic,150,multistation_rep,42,42,42,t00333-c00068,68,333,7,0,False,0,,,,,
pessimistic,150,multistation_rep,42,42,42,t00333-c00099,99,333,8,0,False,0,,,,,
pessimistic,150,multistation_rep,42,42,42,t00334-c00068,68,334,0,0,False,0,,,,,
pessimistic,150,multistation_rep,42,42,42,t00334-c00099,99,334,8,0,False,0,,,,,
pessimistic,150,multistation_rep,42,42,42,t00335-c00068,68,335,4,0,False,0,,,,,
pessimistic,150,multistation_rep,42,42,42,t00335-c00099,99,335,11,0,False,0,,,,,
pessimistic,150,multistation_rep,42,42,42,t00336-c00068,68,336,4,0,False,0,,,,,
pessimistic,150,multistation_rep,42,42,42,t00336-c00099,99,336,3,0,False,0,,,,,
pessimistic,150,multistation_rep,42,42,42,t00336-c00142,142,336,3,3,True,1,60.22958400717471,304.97850000392646,0.033333999454043806,0.01754099503159523,305.0293749984121
pessimistic,150,multistation_rep,42,42,42,t00337-c00046,46,337,11,11,True,1,42.20974999770988,702.3318339925027,16.60750000155531,0.021625004592351615,718.9609589986503
pessimistic,150,multistation_rep,42,42,42,t00337-c00068,68,337,4,0,False,0,,,,,
pessimistic,150,multistation_rep,42,42,42,t00337-c00099,99,337,8,0,False,0,,,,,
pessimistic,150,multistation_rep,42,42,42,t00338-c00046,46,338,11,10,True,1,38.35074999369681,1011.08045798901,80.89929200650658,0.024666995159350336,1092.004416990676
pessimistic,150,multistation_rep,42,42,42,t00338-c00068,68,338,4,0,False,0,,,,,
pessimistic,150,multistation_rep,42,42,42,t00338-c00079,79,338,8,8,True,1,155.24033299880102,1091.8772079894552,0.15454200911335647,0.011915995855815709,1092.0436659944244
pessimistic,150,multistation_rep,42,42,42,t00338-c00099,99,338,9,0,False,0,,,,,
pessimistic,150,multistation_rep,42,42,42,t00339-c00046,46,339,8,5,True,1,67.49666700488888,300.5093329993542,356.6254590114113,0.037582998629659414,657.1723750093952
pessimistic,150,multistation_rep,42,42,42,t00339-c00068,68,339,3,0,False,0,,,,,
pessimistic,150,multistation_rep,42,42,42,t00339-c00083,83,339,3,2,True,1,434.0282500052126,579.2918329971144,77.8994170104852,0.007124996045604348,657.1983750036452
pessimistic,150,multistation_rep,42,42,42,t00339-c00099,99,339,8,0,False,0,,,,,
pessimistic,150,multistation_rep,42,42,42,t00340-c00046,46,340,7,1,True,1,452.0208750036545,452.0208750036545,112.68883300363086,0.029291986720636487,564.738999994006
pessimistic,150,multistation_rep,42,42,42,t00340-c00068,68,340,3,0,False,0,,,,,
pessimistic,150,multistation_rep,42,42,42,t00340-c00099,99,340,4,0,False,0,,,,,
pessimistic,150,multistation_rep,42,42,42,t00340-c00100,100,340,8,5,True,1,95.09933298977558,546.8721669894876,17.839791005826555,0.008874994819052517,564.7208329901332
pessimistic,150,multistation_rep,42,42,42,t00341-c00032,32,341,11,9,True,1,182.7145839924924,1004.4974589982303,74.05549999384675,0.02474999928381294,1078.5777089913609
pessimistic,150,multistation_rep,42,42,42,t00341-c00053,53,341,12,0,False,0,,,,,
pessimistic,150,multistation_rep,42,42,42,t00341-c00068,68,341,3,0,False,0,,,,,
pessimistic,150,multistation_rep,42,42,42,t00341-c00099,99,341,4,0,False,0,,,,,
pessimistic,150,multistation_rep,42,42,42,t00341-c00100,100,341,7,4,True,1,82.66354199440684,1057.2090839996235,21.309374991687946,0.00795800588093698,1078.5264169971924
pessimistic,150,multistation_rep,42,42,42,t00341-c00138,138,341,3,2,True,1,411.20991700154264,544.3270000105258,534.2134999955306,0.005374997272156179,1078.5458750033285
pessimistic,150,multistation_rep,42,42,42,t00342-c00053,53,342,11,0,False,0,,,,,
pessimistic,150,multistation_rep,42,42,42,t00342-c00068,68,342,8,0,False,0,,,,,
pessimistic,150,multistation_rep,42,42,42,t00342-c00099,99,342,4,0,False,0,,,,,
pessimistic,150,multistation_rep,42,42,42,t00342-c00100,100,342,3,1,True,1,95.34570798859932,95.34570798859932,162.07616700557992,0.030499999411404133,257.45237499359064
pessimistic,150,multistation_rep,42,42,42,t00343-c00053,53,343,8,0,False,0,,,,,
pessimistic,150,multistation_rep,42,42,42,t00343-c00068,68,343,8,0,False,0,,,,,
pessimistic,150,multistation_rep,42,42,42,t00343-c00099,99,343,3,0,False,0,,,,,
pessimistic,150,multistation_rep,42,42,42,t00344-c00021,21,344,7,7,True,1,74.98179200047161,586.2723750033183,0.01979200169444084,0.017458005459047854,586.3096250104718
pessimistic,150,multistation_rep,42,42,42,t00344-c00040,40,344,3,1,True,1,435.8744170021964,435.8744170021964,150.4643749940442,0.006041009328328073,586.344833005569
pessimistic,150,multistation_rep,42,42,42,t00344-c00053,53,344,5,0,False,0,,,,,
pessimistic,150,multistation_rep,42,42,42,t00344-c00068,68,344,0,0,False,0,,,,,
pessimistic,150,multistation_rep,42,42,42,t00344-c00099,99,344,3,0,False,0,,,,,
pessimistic,150,multistation_rep,42,42,42,t00345-c00040,40,345,4,3,True,1,248.86500000138767,686.6359999985434,0.018332997569814324,0.016833000699989498,686.6711659968132
pessimistic,150,multistation_rep,42,42,42,t00345-c00053,53,345,7,0,False,0,,,,,
pessimistic,150,multistation_rep,42,42,42,t00345-c00068,68,345,8,0,False,0,,,,,
pessimistic,150,multistation_rep,42,42,42,t00345-c00096,96,345,6,1,True,1,556.419750006171,556.419750006171,130.24470799427945,0.006542002665810287,686.6710000031162
pessimistic,150,multistation_rep,42,42,42,t00345-c00099,99,345,3,0,False,0,,,,,
pessimistic,150,multistation_rep,42,42,42,t00345-c00146,146,345,3,1,True,1,468.0904999986524,468.0904999986524,218.54383399477229,0.005249996320344508,686.639583989745
pessimistic,150,multistation_rep,42,42,42,t00346-c00040,40,346,4,3,True,1,432.8743329970166,1058.9904160005972,0.017625003238208592,0.017749989638105035,1059.0257909934735
pessimistic,150,multistation_rep,42,42,42,t00346-c00053,53,346,3,0,False,0,,,,,
pessimistic,150,multistation_rep,42,42,42,t00346-c00068,68,346,1,0,False,0,,,,,
pessimistic,150,multistation_rep,42,42,42,t00346-c00071,71,346,7,1,True,1,968.8285419979366,968.8285419979366,90.169250004692,0.006750007742084563,1059.0045420103706
pessimistic,150,multistation_rep,42,42,42,t00346-c00099,99,346,3,0,False,0,,,,,
pessimistic,150,multistation_rep,42,42,42,t00346-c00101,101,346,7,7,True,1,81.83575001021381,968.7651250133058,90.20879199670162,0.007374997949227691,1058.9812920079567
pessimistic,150,multistation_rep,42,42,42,t00346-c00117,117,346,6,6,True,1,33.658832995570265,817.9850000014994,241.00408300000709,0.006417001713998616,1058.9955000032205
pessimistic,150,multistation_rep,42,42,42,t00346-c00146,146,346,4,1,True,1,172.15879101422615,172.15879101422615,886.8305839860113,0.004083005478605628,1058.993458005716
pessimistic,150,multistation_rep,42,42,42,t00347-c00053,53,347,3,0,False,0,,,,,
pessimistic,150,multistation_rep,42,42,42,t00347-c00068,68,347,7,0,False,0,,,,,
pessimistic,150,multistation_rep,42,42,42,t00347-c00099,99,347,4,0,False,0,,,,,
pessimistic,150,multistation_rep,42,42,42,t00347-c00101,101,347,7,7,True,1,80.88379199034534,605.2527919964632,17.206457996508107,0.023083004634827375,622.4823329976061
pessimistic,150,multistation_rep,42,42,42,t00347-c00117,117,347,6,4,True,1,42.86937500000931,410.14649999851827,212.38324999285396,0.007666007149964571,622.5374159985222
pessimistic,150,multistation_rep,42,42,42,t00348-c00053,53,348,7,0,False,0,,,,,
pessimistic,150,multistation_rep,42,42,42,t00348-c00068,68,348,7,0,False,0,,,,,
pessimistic,150,multistation_rep,42,42,42,t00348-c00082,82,348,3,3,True,1,38.30812500382308,292.06970799714327,65.39379199966788,0.029666000045835972,357.493165996857
pessimistic,150,multistation_rep,42,42,42,t00348-c00099,99,348,4,0,False,0,,,,,
pessimistic,150,multistation_rep,42,42,42,t00349-c00053,53,349,4,0,False,0,,,,,
pessimistic,150,multistation_rep,42,42,42,t00349-c00068,68,349,3,0,False,0,,,,,
pessimistic,150,multistation_rep,42,42,42,t00349-c00099,99,349,4,0,False,0,,,,,
pessimistic,150,multistation_rep,42,42,42,t00350-c00053,53,350,3,0,False,0,,,,,
pessimistic,150,multistation_rep,42,42,42,t00350-c00068,68,350,7,0,False,0,,,,,
pessimistic,150,multistation_rep,42,42,42,t00350-c00099,99,350,4,0,False,0,,,,,
pessimistic,150,multistation_rep,42,42,42,t00351-c00053,53,351,3,0,False,0,,,,,
pessimistic,150,multistation_rep,42,42,42,t00351-c00068,68,351,10,0,False,0,,,,,
pessimistic,150,multistation_rep,42,42,42,t00351-c00094,94,351,3,3,True,1,84.52520899299998,604.4966670015128,51.524957991205156,0.028875001589767635,656.0504999943078
pessimistic,150,multistation_rep,42,42,42,t00351-c00099,99,351,5,0,False,0,,,,,
pessimistic,150,multistation_rep,42,42,42,t00352-c00053,53,352,3,0,False,0,,,,,
pessimistic,150,multistation_rep,42,42,42,t00352-c00068,68,352,13,0,False,0,,,,,
pessimistic,150,multistation_rep,42,42,42,t00352-c00075,75,352,3,1,True,1,735.8017090009525,735.8017090009525,63.57933300023433,0.02808299905154854,799.4091250002384
pessimistic,150,multistation_rep,42,42,42,t00352-c00094,94,352,3,2,True,1,477.40908298874274,735.7709999923827,63.68799999472685,0.00795800588093698,799.4669579929905
pessimistic,150,multistation_rep,42,42,42,t00352-c00099,99,352,4,0,False,0,,,,,
pessimistic,150,multistation_rep,42,42,42,t00353-c00053,53,353,3,0,False,0,,,,,
pessimistic,150,multistation_rep,42,42,42,t00353-c00068,68,353,9,0,False,0,,,,,
pessimistic,150,multistation_rep,42,42,42,t00353-c00099,99,353,4,0,False,0,,,,,
pessimistic,150,multistation_rep,42,42,42,t00354-c00053,53,354,9,0,False,0,,,,,
pessimistic,150,multistation_rep,42,42,42,t00354-c00068,68,354,9,0,False,0,,,,,
pessimistic,150,multistation_rep,42,42,42,t00354-c00099,99,354,4,0,False,0,,,,,
pessimistic,150,multistation_rep,42,42,42,t00355-c00053,53,355,5,0,False,0,,,,,
pessimistic,150,multistation_rep,42,42,42,t00355-c00068,68,355,6,0,False,0,,,,,
pessimistic,150,multistation_rep,42,42,42,t00355-c00099,99,355,4,0,False,0,,,,,
pessimistic,150,multistation_rep,42,42,42,t00356-c00013,13,356,3,2,True,1,164.4435420021182,213.08587500243448,137.0669580064714,0.033791991882026196,350.1866250007879
pessimistic,150,multistation_rep,42,42,42,t00356-c00053,53,356,5,0,False,0,,,,,
pessimistic,150,multistation_rep,42,42,42,t00356-c00068,68,356,9,0,False,0,,,,,
pessimistic,150,multistation_rep,42,42,42,t00356-c00099,99,356,8,0,False,0,,,,,
pessimistic,150,multistation_rep,42,42,42,t00357-c00013,13,357,1,0,False,0,,,,,
pessimistic,150,multistation_rep,42,42,42,t00357-c00053,53,357,3,0,False,0,,,,,
pessimistic,150,multistation_rep,42,42,42,t00357-c00068,68,357,5,0,False,0,,,,,
pessimistic,150,multistation_rep,42,42,42,t00357-c00099,99,357,8,0,False,0,,,,,
pessimistic,150,multistation_rep,42,42,42,t00358-c00013,13,358,4,3,True,1,272.8086249990156,908.0839160014875,0.01879199407994747,0.015792000340297818,908.1184999959078
pessimistic,150,multistation_rep,42,42,42,t00358-c00053,53,358,4,0,False,0,,,,,
pessimistic,150,multistation_rep,42,42,42,t00358-c00068,68,358,5,0,False,0,,,,,
pessimistic,150,multistation_rep,42,42,42,t00358-c00089,89,358,5,4,True,1,54.05508399417158,907.97429200029,0.12283299292903394,0.007167007424868643,908.1042920006439
pessimistic,150,multistation_rep,42,42,42,t00358-c00099,99,358,4,0,False,0,,,,,
pessimistic,150,multistation_rep,42,42,42,t00359-c00016,16,359,4,4,True,1,101.8370829988271,450.1123750087572,0.015375000657513738,0.015541998436674476,450.1432920078514
pessimistic,150,multistation_rep,42,42,42,t00359-c00053,53,359,6,0,False,0,,,,,
pessimistic,150,multistation_rep,42,42,42,t00359-c00068,68,359,3,0,False,0,,,,,
pessimistic,150,multistation_rep,42,42,42,t00359-c00099,99,359,4,0,False,0,,,,,
pessimistic,150,multistation_rep,42,42,42,t00359-c00137,137,359,4,1,True,1,77.19141698908061,77.19141698908061,372.86883300112095,0.0061250029830262065,450.0663749931846
pessimistic,150,multistation_rep,42,42,42,t00360-c00053,53,360,6,0,False,0,,,,,
pessimistic,150,multistation_rep,42,42,42,t00360-c00068,68,360,3,0,False,0,,,,,
pessimistic,150,multistation_rep,42,42,42,t00360-c00099,99,360,5,0,False,0,,,,,
pessimistic,150,multistation_rep,42,42,42,t00360-c00121,121,360,5,1,True,1,247.58725000720005,247.58725000720005,0.03529099922161549,0.018041988369077444,247.64058299479075
pessimistic,150,multistation_rep,42,42,42,t00361-c00003,3,361,12,12,True,1,101.36470799625386,1328.845582989743,18.909750011516735,0.023250002413988113,1347.7785830036737
pessimistic,150,multistation_rep,42,42,42,t00361-c00053,53,361,6,0,False,0,,,,,
pessimistic,150,multistation_rep,42,42,42,t00361-c00068,68,361,6,0,False,0,,,,,
pessimistic,150,multistation_rep,42,42,42,t00361-c00099,99,361,5,0,False,0,,,,,
pessimistic,150,multistation_rep,42,42,42,t00361-c00121,121,361,3,0,False,0,,,,,
pessimistic,150,multistation_rep,42,42,42,t00362-c00003,3,362,11,8,True,1,157.66120799526107,1245.3492909990018,21.706833998905495,0.032625001040287316,1267.0887499989476
pessimistic,150,multistation_rep,42,42,42,t00362-c00045,45,362,8,8,True,1,157.6199590053875,1245.3079590050038,21.836250001797453,0.00841599830891937,1267.1526250051102
pessimistic,150,multistation_rep,42,42,42,t00362-c00053,53,362,6,0,False,0,,,,,
pessimistic,150,multistation_rep,42,42,42,t00362-c00068,68,362,3,0,False,0,,,,,
pessimistic,150,multistation_rep,42,42,42,t00362-c00099,99,362,4,0,False,0,,,,,
pessimistic,150,multistation_rep,42,42,42,t00362-c00121,121,362,4,0,False,0,,,,,
pessimistic,150,multistation_rep,42,42,42,t00363-c00003,3,363,12,3,True,1,240.69741599669214,477.46520799410064,14.910707992385142,0.025250003091059625,492.40116598957684
pessimistic,150,multistation_rep,42,42,42,t00363-c00053,53,363,5,0,False,0,,,,,
pessimistic,150,multistation_rep,42,42,42,t00363-c00068,68,363,5,0,False,0,,,,,
pessimistic,150,multistation_rep,42,42,42,t00363-c00099,99,363,7,0,False,0,,,,,
pessimistic,150,multistation_rep,42,42,42,t00363-c00121,121,363,7,1,True,1,431.7273749911692,431.7273749911692,60.60866601183079,0.007583992555737495,492.34362499555573
pessimistic,150,multistation_rep,42,42,42,t00364-c00053,53,364,3,0,False,0,,,,,
pessimistic,150,multistation_rep,42,42,42,t00364-c00068,68,364,5,0,False,0,,,,,
pessimistic,150,multistation_rep,42,42,42,t00364-c00099,99,364,11,0,False,0,,,,,
pessimistic,150,multistation_rep,42,42,42,t00365-c00053,53,365,4,0,False,0,,,,,
pessimistic,150,multistation_rep,42,42,42,t00365-c00068,68,365,3,0,False,0,,,,,
pessimistic,150,multistation_rep,42,42,42,t00365-c00099,99,365,8,0,False,0,,,,,
pessimistic,150,multistation_rep,42,42,42,t00366-c00053,53,366,4,0,False,0,,,,,
pessimistic,150,multistation_rep,42,42,42,t00366-c00068,68,366,1,0,False,0,,,,,
pessimistic,150,multistation_rep,42,42,42,t00366-c00099,99,366,10,0,False,0,,,,,
pessimistic,150,multistation_rep,42,42,42,t00367-c00053,53,367,8,0,False,0,,,,,
pessimistic,150,multistation_rep,42,42,42,t00367-c00068,68,367,12,0,False,0,,,,,
pessimistic,150,multistation_rep,42,42,42,t00367-c00099,99,367,10,0,False,0,,,,,
pessimistic,150,multistation_rep,42,42,42,t00368-c00053,53,368,8,0,False,0,,,,,
pessimistic,150,multistation_rep,42,42,42,t00368-c00068,68,368,12,0,False,0,,,,,
pessimistic,150,multistation_rep,42,42,42,t00368-c00099,99,368,3,0,False,0,,,,,
pessimistic,150,multistation_rep,42,42,42,t00368-c00120,120,368,7,0,False,0,,,,,
pessimistic,150,multistation_rep,42,42,42,t00369-c00053,53,369,8,0,False,0,,,,,
pessimistic,150,multistation_rep,42,42,42,t00369-c00068,68,369,0,0,False,0,,,,,
pessimistic,150,multistation_rep,42,42,42,t00369-c00099,99,369,3,0,False,0,,,,,
pessimistic,150,multistation_rep,42,42,42,t00369-c00120,120,369,7,0,False,0,,,,,
pessimistic,150,multistation_rep,42,42,42,t00370-c00053,53,370,7,0,False,0,,,,,
pessimistic,150,multistation_rep,42,42,42,t00370-c00068,68,370,9,0,False,0,,,,,
pessimistic,150,multistation_rep,42,42,42,t00370-c00099,99,370,7,0,False,0,,,,,
pessimistic,150,multistation_rep,42,42,42,t00370-c00120,120,370,7,0,False,0,,,,,
pessimistic,150,multistation_rep,42,42,42,t00371-c00053,53,371,9,0,False,0,,,,,
pessimistic,150,multistation_rep,42,42,42,t00371-c00068,68,371,14,0,False,0,,,,,
pessimistic,150,multistation_rep,42,42,42,t00371-c00099,99,371,7,0,False,0,,,,,
pessimistic,150,multistation_rep,42,42,42,t00371-c00120,120,371,7,0,False,0,,,,,
pessimistic,150,multistation_rep,42,42,42,t00372-c00053,53,372,6,0,False,0,,,,,
pessimistic,150,multistation_rep,42,42,42,t00372-c00068,68,372,9,0,False,0,,,,,
pessimistic,150,multistation_rep,42,42,42,t00372-c00099,99,372,7,0,False,0,,,,,
pessimistic,150,multistation_rep,42,42,42,t00372-c00120,120,372,8,0,False,0,,,,,
pessimistic,150,multistation_rep,42,42,42,t00373-c00032,32,373,3,1,True,1,415.37108400370926,415.37108400370926,108.29362498770934,0.027458008844405413,523.692167000263
pessimistic,150,multistation_rep,42,42,42,t00373-c00053,53,373,8,0,False,0,,,,,
pessimistic,150,multistation_rep,42,42,42,t00373-c00068,68,373,9,0,False,0,,,,,
pessimistic,150,multistation_rep,42,42,42,t00373-c00099,99,373,13,0,False,0,,,,,
pessimistic,150,multistation_rep,42,42,42,t00373-c00120,120,373,8,0,False,0,,,,,
pessimistic,150,multistation_rep,42,42,42,t00374-c00032,32,374,7,1,True,1,278.4567920025438,278.4567920025438,231.19941698678304,0.03391600330360234,509.69012499263044
pessimistic,150,multistation_rep,42,42,42,t00374-c00053,53,374,9,0,False,0,,,,,
pessimistic,150,multistation_rep,42,42,42,t00374-c00068,68,374,5,0,False,0,,,,,
pessimistic,150,multistation_rep,42,42,42,t00374-c00099,99,374,13,0,False,0,,,,,
pessimistic,150,multistation_rep,42,42,42,t00374-c00120,120,374,8,0,False,0,,,,,
pessimistic,150,multistation_rep,42,42,42,t00375-c00032,32,375,5,1,True,1,356.085332998191,356.085332998191,337.253250007052,0.02129199856426567,693.3598750038072
pessimistic,150,multistation_rep,42,42,42,t00375-c00053,53,375,9,0,False,0,,,,,
pessimistic,150,multistation_rep,42,42,42,t00375-c00068,68,375,11,0,False,0,,,,,
pessimistic,150,multistation_rep,42,42,42,t00375-c00099,99,375,13,0,False,0,,,,,
pessimistic,150,multistation_rep,42,42,42,t00375-c00110,110,375,3,3,True,1,27.96920799301006,553.6856660037301,139.6098749974044,0.008333998266607523,693.3038749994012
pessimistic,150,multistation_rep,42,42,42,t00375-c00120,120,375,9,0,False,0,,,,,
pessimistic,150,multistation_rep,42,42,42,t00376-c00032,32,376,8,4,True,1,102.28274999826681,390.6452919909498,73.2304999983171,0.03283300611656159,463.90862499538343
pessimistic,150,multistation_rep,42,42,42,t00376-c00053,53,376,5,0,False,0,,,,,
pessimistic,150,multistation_rep,42,42,42,t00376-c00068,68,376,5,0,False,0,,,,,
pessimistic,150,multistation_rep,42,42,42,t00376-c00099,99,376,0,0,False,0,,,,,
pessimistic,150,multistation_rep,42,42,42,t00376-c00120,120,376,0,0,False,0,,,,,
pessimistic,150,multistation_rep,42,42,42,t00377-c00053,53,377,3,0,False,0,,,,,
pessimistic,150,multistation_rep,42,42,42,t00377-c00068,68,377,12,0,False,0,,,,,
pessimistic,150,multistation_rep,42,42,42,t00377-c00099,99,377,7,0,False,0,,,,,
pessimistic,150,multistation_rep,42,42,42,t00377-c00146,146,377,3,0,False,0,,,,,
pessimistic,150,multistation_rep,42,42,42,t00378-c00053,53,378,5,0,False,0,,,,,
pessimistic,150,multistation_rep,42,42,42,t00378-c00099,99,378,4,0,False,0,,,,,
pessimistic,150,multistation_rep,42,42,42,t00378-c00146,146,378,3,0,False,0,,,,,
pessimistic,150,multistation_rep,42,42,42,t00379-c00053,53,379,6,0,False,0,,,,,
pessimistic,150,multistation_rep,42,42,42,t00379-c00099,99,379,2,0,False,0,,,,,
pessimistic,150,multistation_rep,42,42,42,t00379-c00146,146,379,3,0,False,0,,,,,
pessimistic,150,multistation_rep,42,42,42,t00380-c00053,53,380,6,0,False,0,,,,,
pessimistic,150,multistation_rep,42,42,42,t00380-c00095,95,380,4,4,True,1,657.4805410054978,1488.3659580082167,295.6945000041742,0.01620799594093114,1784.0766660083318
pessimistic,150,multistation_rep,42,42,42,t00380-c00096,96,380,5,3,True,1,329.42708299378864,779.0960830025142,1005.0209589971928,0.007166003342717886,1784.1242080030497
pessimistic,150,multistation_rep,42,42,42,t00380-c00099,99,380,8,0,False,0,,,,,
pessimistic,150,multistation_rep,42,42,42,t00380-c00135,135,380,7,7,True,1,156.74454098916613,1783.9304160006577,0.17333398864138871,0.006415997631847858,1784.110165986931
pessimistic,150,multistation_rep,42,42,42,t00380-c00146,146,380,6,1,True,1,1656.9857920112554,1656.9857920112554,127.11879199196119,0.004375004209578037,1784.1089590074262
pessimistic,150,multistation_rep,42,42,42,t00381-c00053,53,381,6,0,False,0,,,,,
pessimistic,150,multistation_rep,42,42,42,t00381-c00056,56,381,5,4,True,1,733.7506659969222,1207.5452909921296,184.71441700239666,0.024833003408275545,1392.2845409979345
pessimistic,150,multistation_rep,42,42,42,t00381-c00099,99,381,8,0,False,0,,,,,
pessimistic,150,multistation_rep,42,42,42,t00381-c00135,135,381,10,6,True,1,149.3129169975873,1380.0270419887966,12.264333010534756,0.008709001122042537,1392.3000840004534
pessimistic,150,multistation_rep,42,42,42,t00382-c00053,53,382,6,0,False,0,,,,,
pessimistic,150,multistation_rep,42,42,42,t00382-c00099,99,382,12,0,False,0,,,,,
pessimistic,150,multistation_rep,42,42,42,t00382-c00135,135,382,13,6,True,1,102.62070799944922,843.0734169960488,0.03500000457279384,0.01754099503159523,843.1259579956532
pessimistic,150,multistation_rep,42,42,42,t00383-c00053,53,383,6,0,False,0,,,,,
pessimistic,150,multistation_rep,42,42,42,t00383-c00061,61,383,3,2,True,1,291.1569580028299,615.4811250016792,104.50720800145064,0.015333003830164671,720.00366600696
pessimistic,150,multistation_rep,42,42,42,t00383-c00092,92,383,4,4,True,1,75.64608300162945,719.9295829923358,0.12666700058616698,0.0075830030255019665,720.0638329959475
pessimistic,150,multistation_rep,42,42,42,t00383-c00099,99,383,8,0,False,0,,,,,
pessimistic,150,multistation_rep,42,42,42,t00384-c00053,53,384,5,0,False,0,,,,,
pessimistic,150,multistation_rep,42,42,42,t00384-c00061,61,384,4,1,True,1,186.4080829982413,186.4080829982413,90.54650001053233,0.023957996745593846,276.9785410055192
pessimistic,150,multistation_rep,42,42,42,t00384-c00099,99,384,4,0,False,0,,,,,
pessimistic,150,multistation_rep,42,42,42,t00385-c00053,53,385,5,0,False,0,,,,,
pessimistic,150,multistation_rep,42,42,42,t00385-c00061,61,385,6,3,True,1,281.2064169993391,1316.6504170076223,16.587916994467378,0.022624997654929757,1333.2609589997446
pessimistic,150,multistation_rep,42,42,42,t00385-c00096,96,385,6,3,True,1,281.17166699666996,1316.6152919875458,16.68650000647176,0.007333001121878624,1333.3091249951394
pessimistic,150,multistation_rep,42,42,42,t00385-c00099,99,385,4,0,False,0,,,,,
pessimistic,150,multistation_rep,42,42,42,t00386-c00053,53,386,6,0,False,0,,,,,
pessimistic,150,multistation_rep,42,42,42,t00386-c00087,87,386,15,9,True,1,64.68183299875818,824.8525829985738,0.03112498961854726,0.01966700074262917,824.903374988935
pessimistic,150,multistation_rep,42,42,42,t00386-c00096,96,386,10,0,False,0,,,,,
pessimistic,150,multistation_rep,42,42,42,t00386-c00099,99,386,3,0,False,0,,,,,
pessimistic,150,multistation_rep,42,42,42,t00386-c00121,121,386,3,0,False,0,,,,,
pessimistic,150,multistation_rep,42,42,42,t00387-c00053,53,387,4,0,False,0,,,,,
pessimistic,150,multistation_rep,42,42,42,t00387-c00096,96,387,6,0,False,0,,,,,
pessimistic,150,multistation_rep,42,42,42,t00387-c00099,99,387,7,0,False,0,,,,,
pessimistic,150,multistation_rep,42,42,42,t00387-c00121,121,387,4,0,False,0,,,,,
pessimistic,150,multistation_rep,42,42,42,t00388-c00030,30,388,7,3,True,1,198.72229199972935,829.1038330062293,34.089708991814405,0.030333001632243395,863.2238749996759
pessimistic,150,multistation_rep,42,42,42,t00388-c00053,53,388,4,0,False,0,,,,,
pessimistic,150,multistation_rep,42,42,42,t00388-c00089,89,388,7,3,True,1,277.4213749944465,720.2678339963313,142.9608750040643,0.007207985618151724,863.2359169860138
pessimistic,150,multistation_rep,42,42,42,t00388-c00096,96,388,7,0,False,0,,,,,
pessimistic,150,multistation_rep,42,42,42,t00388-c00099,99,388,7,0,False,0,,,,,
pessimistic,150,multistation_rep,42,42,42,t00388-c00121,121,388,4,0,False,0,,,,,
pessimistic,150,multistation_rep,42,42,42,t00388-c00126,126,388,5,5,True,1,54.0901660133386,763.7805000122171,99.3634159967769,0.006250003934837878,863.1501660129288
pessimistic,150,multistation_rep,42,42,42,t00389-c00030,30,389,5,2,True,1,179.6472079877276,787.8842909995001,39.26245898765046,0.027041009161621332,827.1737909963122
pessimistic,150,multistation_rep,42,42,42,t00389-c00053,53,389,4,0,False,0,,,,,
pessimistic,150,multistation_rep,42,42,42,t00389-c00067,67,389,3,2,True,1,497.50695799593814,560.6635000003735,266.4948329911567,0.006667003617621958,827.1649999951478
pessimistic,150,multistation_rep,42,42,42,t00389-c00089,89,389,3,2,True,1,300.16195800271817,670.3178329917137,156.84266699827276,0.005375011824071407,827.1658750018105
pessimistic,150,multistation_rep,42,42,42,t00389-c00096,96,389,6,0,False,0,,,,,
pessimistic,150,multistation_rep,42,42,42,t00389-c00099,99,389,5,0,False,0,,,,,
pessimistic,150,multistation_rep,42,42,42,t00389-c00100,100,389,3,0,False,0,,,,,
pessimistic,150,multistation_rep,42,42,42,t00389-c00121,121,389,6,1,True,1,787.6463749998948,787.6463749998948,39.417624997440726,0.003667009877972305,827.0676670072135
pessimistic,150,multistation_rep,42,42,42,t00389-c00126,126,389,3,2,True,1,96.18291701190174,497.32195799879264,329.7301250131568,0.004249988705851138,827.0563330006553
pessimistic,150,multistation_rep,42,42,42,t00390-c00053,53,390,4,0,False,0,,,,,
pessimistic,150,multistation_rep,42,42,42,t00390-c00096,96,390,3,0,False,0,,,,,
pessimistic,150,multistation_rep,42,42,42,t00390-c00099,99,390,5,0,False,0,,,,,
pessimistic,150,multistation_rep,42,42,42,t00390-c00100,100,390,4,0,False,0,,,,,
pessimistic,150,multistation_rep,42,42,42,t00390-c00126,126,390,7,4,True,1,80.52037499146536,420.36583299341146,38.41425001155585,0.027832997147925198,458.80791600211523
pessimistic,150,multistation_rep,42,42,42,t00391-c00042,42,391,3,2,True,1,125.20304200006649,503.68629199510906,61.81075000495184,0.028624999686144292,565.525666999747
pessimistic,150,multistation_rep,42,42,42,t00391-c00053,53,391,3,0,False,0,,,,,
pessimistic,150,multistation_rep,42,42,42,t00391-c00081,81,391,4,2,True,1,206.12491699284874,503.60958400415257,61.9385829922976,0.007124996045604348,565.5552919924958
pessimistic,150,multistation_rep,42,42,42,t00391-c00096,96,391,3,0,False,0,,,,,
pessimistic,150,multistation_rep,42,42,42,t00391-c00099,99,391,6,0,False,0,,,,,
pessimistic,150,multistation_rep,42,42,42,t00391-c00100,100,391,4,0,False,0,,,,,
pessimistic,150,multistation_rep,42,42,42,t00391-c00126,126,391,12,1,True,1,325.8544159907615,325.8544159907615,239.60070899920538,0.0052910036174580455,565.4604159935843
pessimistic,150,multistation_rep,42,42,42,t00392-c00042,42,392,4,1,True,1,430.16691600496415,430.16691600496415,549.9713339959271,0.03275000199209899,980.1710000028834
pessimistic,150,multistation_rep,42,42,42,t00392-c00053,53,392,5,0,False,0,,,,,
pessimistic,150,multistation_rep,42,42,42,t00392-c00096,96,392,4,0,False,0,,,,,
pessimistic,150,multistation_rep,42,42,42,t00392-c00099,99,392,4,0,False,0,,,,,
pessimistic,150,multistation_rep,42,42,42,t00392-c00100,100,392,7,3,True,1,219.42724999098573,730.7279579981696,249.397791994852,0.00866700429469347,980.1344169973163
pessimistic,150,multistation_rep,42,42,42,t00392-c00140,140,392,5,5,True,1,131.1715829942841,927.4344579898752,52.69537500862498,0.006249989382922649,980.1360829878831
pessimistic,150,multistation_rep,42,42,42,t00393-c00053,53,393,6,0,False,0,,,,,
pessimistic,150,multistation_rep,42,42,42,t00393-c00096,96,393,3,0,False,0,,,,,
pessimistic,150,multistation_rep,42,42,42,t00393-c00099,99,393,3,0,False,0,,,,,
pessimistic,150,multistation_rep,42,42,42,t00394-c00044,44,394,8,6,True,1,165.50933300459292,832.0668749947799,0.021375002688728273,0.018207996618002653,832.1064579940867
pessimistic,150,multistation_rep,42,42,42,t00394-c00053,53,394,6,0,False,0,,,,,
pessimistic,150,multistation_rep,42,42,42,t00394-c00091,91,394,5,5,True,1,86.3028750027297,777.3494169960031,54.779083002358675,0.007875001756474376,832.1363750001183
pessimistic,150,multistation_rep,42,42,42,t00394-c00096,96,394,3,0,False,0,,,,,
pessimistic,150,multistation_rep,42,42,42,t00394-c00099,99,394,5,0,False,0,,,,,
pessimistic,150,multistation_rep,42,42,42,t00395-c00011,11,395,7,7,True,1,78.99320799333509,812.5901659950614,31.78016700258013,0.01666699245106429,844.3869999900926
pessimistic,150,multistation_rep,42,42,42,t00395-c00044,44,395,7,2,True,1,482.92633300297894,844.3101669981843,0.11487500160001218,0.00650000583846122,844.4315420056228
pessimistic,150,multistation_rep,42,42,42,t00395-c00053,53,395,4,0,False,0,,,,,
pessimistic,150,multistation_rep,42,42,42,t00395-c00096,96,395,3,0,False,0,,,,,
pessimistic,150,multistation_rep,42,42,42,t00395-c00099,99,395,7,0,False,0,,,,,
pessimistic,150,multistation_rep,42,42,42,t00396-c00003,3,396,4,1,True,1,115.79308399814181,115.79308399814181,184.88791600975674,0.029584000003524125,300.71058400790207
pessimistic,150,multistation_rep,42,42,42,t00396-c00053,53,396,3,0,False,0,,,,,
pessimistic,150,multistation_rep,42,42,42,t00396-c00096,96,396,3,0,False,0,,,,,
pessimistic,150,multistation_rep,42,42,42,t00396-c00099,99,396,8,0,False,0,,,,,
pessimistic,150,multistation_rep,42,42,42,t00397-c00053,53,397,3,0,False,0,,,,,
pessimistic,150,multistation_rep,42,42,42,t00397-c00096,96,397,12,0,False,0,,,,,
pessimistic,150,multistation_rep,42,42,42,t00397-c00099,99,397,10,0,False,0,,,,,
pessimistic,150,multistation_rep,42,42,42,t00398-c00053,53,398,3,0,False,0,,,,,
pessimistic,150,multistation_rep,42,42,42,t00398-c00096,96,398,12,0,False,0,,,,,
pessimistic,150,multistation_rep,42,42,42,t00398-c00099,99,398,9,0,False,0,,,,,
pessimistic,150,multistation_rep,42,42,42,t00398-c00136,136,398,4,1,True,1,326.8749580020085,326.8749580020085,23.217583002406172,0.021667001419700682,350.11420800583437
pessimistic,150,multistation_rep,42,42,42,t00399-c00016,16,399,4,2,True,1,250.85129198851064,681.4511669945205,15.7860829931451,0.021167012164369226,697.2584169998299
pessimistic,150,multistation_rep,42,42,42,t00399-c00053,53,399,5,0,False,0,,,,,
pessimistic,150,multistation_rep,42,42,42,t00399-c00086,86,399,8,8,True,1,75.50554200133774,681.3729169953149,15.890875001787208,0.008874994819052517,697.2726669919211
pessimistic,150,multistation_rep,42,42,42,t00399-c00096,96,399,3,0,False,0,,,,,
pessimistic,150,multistation_rep,42,42,42,t00399-c00099,99,399,1,0,False,0,,,,,
pessimistic,150,multistation_rep,42,42,42,t00400-c00053,53,400,9,0,False,0,,,,,
pessimistic,150,multistation_rep,42,42,42,t00400-c00074,74,400,7,5,True,1,40.94795900164172,338.71345900115557,30.636291005066596,0.020499996026046574,369.3702500022482
pessimistic,150,multistation_rep,42,42,42,t00400-c00096,96,400,8,0,False,0,,,,,
pessimistic,150,multistation_rep,42,42,42,t00400-c00099,99,400,3,0,False,0,,,,,
pessimistic,150,multistation_rep,42,42,42,t00401-c00053,53,401,3,0,False,0,,,,,
pessimistic,150,multistation_rep,42,42,42,t00401-c00074,74,401,7,2,True,1,260.5163749976782,335.6783750059549,21.653792005963624,0.022541993530467153,357.35470900544897
pessimistic,150,multistation_rep,42,42,42,t00401-c00083,83,401,5,1,True,1,226.61066699947696,226.61066699947696,130.78458300151397,0.007041991921141744,357.40229199291207
pessimistic,150,multistation_rep,42,42,42,t00401-c00096,96,401,4,0,False,0,,,,,
pessimistic,150,multistation_rep,42,42,42,t00401-c00099,99,401,3,0,False,0,,,,,
pessimistic,150,multistation_rep,42,42,42,t00402-c00053,53,402,5,0,False,0,,,,,
pessimistic,150,multistation_rep,42,42,42,t00402-c00070,70,402,3,2,True,1,37.60183299891651,156.05341699847486,24.525458007701673,0.02245799987576902,180.6013330060523
pessimistic,150,multistation_rep,42,42,42,t00402-c00096,96,402,3,0,False,0,,,,,
pessimistic,150,multistation_rep,42,42,42,t00402-c00099,99,402,3,0,False,0,,,,,
pessimistic,150,multistation_rep,42,42,42,t00403-c00045,45,403,4,4,True,1,58.554082992486656,321.7895830021007,17.428958002710715,0.026833993615582585,339.245374998427
pessimistic,150,multistation_rep,42,42,42,t00403-c00053,53,403,3,0,False,0,,,,,
pessimistic,150,multistation_rep,42,42,42,t00403-c00096,96,403,4,0,False,0,,,,,
pessimistic,150,multistation_rep,42,42,42,t00403-c00099,99,403,4,0,False,0,,,,,
pessimistic,150,multistation_rep,42,42,42,t00404-c00053,53,404,5,0,False,0,,,,,
pessimistic,150,multistation_rep,42,42,42,t00404-c00081,81,404,4,1,True,1,241.1417499970412,241.1417499970412,35.328750003827736,0.02762500662356615,276.4981250074925
pessimistic,150,multistation_rep,42,42,42,t00404-c00092,92,404,4,1,True,1,29.60937499301508,29.60937499301508,246.93179099995177,0.007374997949227691,276.5485409909161
pessimistic,150,multistation_rep,42,42,42,t00404-c00096,96,404,4,0,False,0,,,,,
pessimistic,150,multistation_rep,42,42,42,t00404-c00099,99,404,4,0,False,0,,,,,
pessimistic,150,multistation_rep,42,42,42,t00404-c00133,133,404,4,1,True,1,158.18508400116116,158.18508400116116,118.29600000055507,0.005125009920448065,276.4862090116367
pessimistic,150,multistation_rep,42,42,42,t00405-c00053,53,405,7,0,False,0,,,,,
pessimistic,150,multistation_rep,42,42,42,t00405-c00096,96,405,3,0,False,0,,,,,
pessimistic,150,multistation_rep,42,42,42,t00405-c00099,99,405,3,0,False,0,,,,,
pessimistic,150,multistation_rep,42,42,42,t00405-c00132,132,405,3,2,True,1,170.6432500068331,225.73624999495223,25.979875004850328,0.017790996935218573,251.73391599673778
pessimistic,150,multistation_rep,42,42,42,t00406-c00025,25,406,3,1,True,1,92.9081249923911,92.9081249923911,203.4844590089051,0.028208000003360212,296.42079200129956
pessimistic,150,multistation_rep,42,42,42,t00406-c00053,53,406,9,0,False,0,,,,,
pessimistic,150,multistation_rep,42,42,42,t00406-c00096,96,406,4,0,False,0,,,,,
pessimistic,150,multistation_rep,42,42,42,t00406-c00099,99,406,6,0,False,0,,,,,
pessimistic,150,multistation_rep,42,42,42,t00407-c00025,25,407,4,0,False,0,,,,,
pessimistic,150,multistation_rep,42,42,42,t00407-c00053,53,407,3,0,False,0,,,,,
pessimistic,150,multistation_rep,42,42,42,t00407-c00096,96,407,4,0,False,0,,,,,
pessimistic,150,multistation_rep,42,42,42,t00407-c00099,99,407,3,0,False,0,,,,,
pessimistic,150,multistation_rep,42,42,42,t00408-c00025,25,408,4,0,False,0,,,,,
pessimistic,150,multistation_rep,42,42,42,t00408-c00049,49,408,4,4,True,1,218.81062499596737,1176.943124999525,0.024082997697405517,0.019416998839005828,1176.9866249960614
pessimistic,150,multistation_rep,42,42,42,t00408-c00053,53,408,3,0,False,0,,,,,
pessimistic,150,multistation_rep,42,42,42,t00408-c00096,96,408,5,0,False,0,,,,,
pessimistic,150,multistation_rep,42,42,42,t00408-c00099,99,408,3,0,False,0,,,,,
pessimistic,150,multistation_rep,42,42,42,t00408-c00138,138,408,7,5,True,1,173.57025000092108,1042.2779169894056,134.6523330139462,0.008041999535635114,1176.9382920028875
pessimistic,150,multistation_rep,42,42,42,t00409-c00025,25,409,4,0,False,0,,,,,
pessimistic,150,multistation_rep,42,42,42,t00409-c00053,53,409,4,0,False,0,,,,,
pessimistic,150,multistation_rep,42,42,42,t00409-c00096,96,409,5,0,False,0,,,,,
pessimistic,150,multistation_rep,42,42,42,t00409-c00099,99,409,1,0,False,0,,,,,
pessimistic,150,multistation_rep,42,42,42,t00410-c00025,25,410,5,0,False,0,,,,,
pessimistic,150,multistation_rep,42,42,42,t00410-c00053,53,410,5,0,False,0,,,,,
pessimistic,150,multistation_rep,42,42,42,t00410-c00096,96,410,9,0,False,0,,,,,
pessimistic,150,multistation_rep,42,42,42,t00411-c00025,25,411,3,0,False,0,,,,,
pessimistic,150,multistation_rep,42,42,42,t00411-c00053,53,411,8,0,False,0,,,,,
pessimistic,150,multistation_rep,42,42,42,t00411-c00096,96,411,4,0,False,0,,,,,
pessimistic,150,multistation_rep,42,42,42,t00412-c00025,25,412,3,0,False,0,,,,,
pessimistic,150,multistation_rep,42,42,42,t00412-c00053,53,412,0,0,False,0,,,,,
pessimistic,150,multistation_rep,42,42,42,t00412-c00096,96,412,3,0,False,0,,,,,
pessimistic,150,multistation_rep,42,42,42,t00413-c00025,25,413,5,1,True,1,204.13366699358448,204.13366699358448,56.267500011017546,0.02924998989328742,260.4304169944953
pessimistic,150,multistation_rep,42,42,42,t00413-c00053,53,413,6,0,False,0,,,,,
pessimistic,150,multistation_rep,42,42,42,t00413-c00065,65,413,3,1,True,1,55.95304199960083,55.95304199960083,204.4887919910252,0.006541013135574758,260.4483750037616
pessimistic,150,multistation_rep,42,42,42,t00413-c00096,96,413,4,0,False,0,,,,,
pessimistic,150,multistation_rep,42,42,42,t00414-c00025,25,414,4,0,False,0,,,,,
pessimistic,150,multistation_rep,42,42,42,t00414-c00030,30,414,4,1,True,1,55.23383300169371,55.23383300169371,105.19974998896942,0.033125004847534,160.46670799551066
pessimistic,150,multistation_rep,42,42,42,t00414-c00053,53,414,4,0,False,0,,,,,
pessimistic,150,multistation_rep,42,42,42,t00414-c00096,96,414,3,0,False,0,,,,,
pessimistic,150,multistation_rep,42,42,42,t00415-c00025,25,415,4,0,False,0,,,,,
pessimistic,150,multistation_rep,42,42,42,t00415-c00030,30,415,5,2,True,1,36.46554199804086,87.25199999753386,138.16824999230448,0.026958005037158728,225.4472079948755
pessimistic,150,multistation_rep,42,42,42,t00415-c00053,53,415,4,0,False,0,,,,,
pessimistic,150,multistation_rep,42,42,42,t00415-c00096,96,415,3,0,False,0,,,,,
pessimistic,150,multistation_rep,42,42,42,t00416-c00025,25,416,5,2,True,1,197.03862500318792,272.46487500087824,36.884166998788714,0.024375010980293155,309.37341701064724
pessimistic,150,multistation_rep,42,42,42,t00416-c00053,53,416,5,0,False,0,,,,,
pessimistic,150,multistation_rep,42,42,42,t00416-c00096,96,416,6,0,False,0,,,,,
pessimistic,150,multistation_rep,42,42,42,t00417-c00053,53,417,3,0,False,0,,,,,
pessimistic,150,multistation_rep,42,42,42,t00417-c00096,96,417,6,0,False,0,,,,,
pessimistic,150,multistation_rep,42,42,42,t00418-c00053,53,418,4,0,False,0,,,,,
pessimistic,150,multistation_rep,42,42,42,t00418-c00096,96,418,9,0,False,0,,,,,
pessimistic,150,multistation_rep,42,42,42,t00419-c00009,9,419,13,13,True,1,60.99075000383891,887.0987499976764,0.022667009034194052,0.019165992853231728,887.1405829995638
pessimistic,150,multistation_rep,42,42,42,t00419-c00053,53,419,4,0,False,0,,,,,
pessimistic,150,multistation_rep,42,42,42,t00419-c00096,96,419,6,0,False,0,,,,,
pessimistic,150,multistation_rep,42,42,42,t00419-c00121,121,419,8,0,False,0,,,,,
pessimistic,150,multistation_rep,42,42,42,t00420-c00022,22,420,7,6,True,1,58.38391699944623,467.0187919982709,15.052375005325302,0.02662499900907278,482.0977920026053
pessimistic,150,multistation_rep,42,42,42,t00420-c00053,53,420,7,0,False,0,,,,,
pessimistic,150,multistation_rep,42,42,42,t00420-c00096,96,420,0,0,False,0,,,,,
pessimistic,150,multistation_rep,42,42,42,t00420-c00121,121,420,8,0,False,0,,,,,
pessimistic,150,multistation_rep,42,42,42,t00421-c00053,53,421,4,0,False,0,,,,,
pessimistic,150,multistation_rep,42,42,42,t00421-c00085,85,421,5,3,True,1,136.16608300071675,350.02145801263396,91.59354199073277,0.029458009521476924,441.6444580128882
pessimistic,150,multistation_rep,42,42,42,t00421-c00096,96,421,4,0,False,0,,,,,
pessimistic,150,multistation_rep,42,42,42,t00421-c00121,121,421,3,0,False,0,,,,,
pessimistic,150,multistation_rep,42,42,42,t00422-c00053,53,422,4,0,False,0,,,,,
pessimistic,150,multistation_rep,42,42,42,t00422-c00085,85,422,7,5,True,1,175.7905410049716,588.202208004077,87.72450000105891,0.039874998037703335,675.9665830031736
pessimistic,150,multistation_rep,42,42,42,t00422-c00096,96,422,5,0,False,0,,,,,
pessimistic,150,multistation_rep,42,42,42,t00422-c00121,121,422,6,0,False,0,,,,,
pessimistic,150,multistation_rep,42,42,42,t00423-c00053,53,423,4,0,False,0,,,,,
pessimistic,150,multistation_rep,42,42,42,t00423-c00085,85,423,7,5,True,1,383.44629100174643,891.3516250031535,141.81404099508654,0.029750008252449334,1033.1954160064925
pessimistic,150,multistation_rep,42,42,42,t00423-c00087,87,423,6,3,True,1,132.03370799601544,538.2564579922473,494.9832920101471,0.007582988473586738,1033.247332990868
pessimistic,150,multistation_rep,42,42,42,t00423-c00096,96,423,3,0,False,0,,,,,
pessimistic,150,multistation_rep,42,42,42,t00423-c00113,113,423,6,2,True,1,918.806208006572,947.79533300607,85.41895900270902,0.005374997272156179,1033.2196670060512
pessimistic,150,multistation_rep,42,42,42,t00423-c00121,121,423,4,0,False,0,,,,,
pessimistic,150,multistation_rep,42,42,42,t00424-c00043,43,424,7,2,True,1,191.36887500644661,374.8038330086274,54.005291996872984,0.015915997209958732,428.82504100271035
pessimistic,150,multistation_rep,42,42,42,t00424-c00053,53,424,0,0,False,0,,,,,
pessimistic,150,multistation_rep,42,42,42,t00424-c00096,96,424,3,0,False,0,,,,,
pessimistic,150,multistation_rep,42,42,42,t00424-c00109,109,424,9,8,True,1,22.555332994670607,428.6774170032004,0.12658299237955362,0.009167008101940155,428.8131670036819
pessimistic,150,multistation_rep,42,42,42,t00424-c00121,121,424,3,0,False,0,,,,,
pessimistic,150,multistation_rep,42,42,42,t00425-c00043,43,425,4,3,True,1,213.92062499944586,626.9547089905245,133.18637500924524,0.017624988686293364,760.158708988456
pessimistic,150,multistation_rep,42,42,42,t00425-c00053,53,425,5,0,False,0,,,,,
pessimistic,150,multistation_rep,42,42,42,t00425-c00096,96,425,3,0,False,0,,,,,
pessimistic,150,multistation_rep,42,42,42,t00425-c00109,109,425,9,4,True,1,56.592958004330285,760.011750011472,0.12599999899975955,0.007957991329021752,760.1457080018008
pessimistic,150,multistation_rep,42,42,42,t00425-c00121,121,425,3,0,False,0,,,,,
pessimistic,150,multistation_rep,42,42,42,t00426-c00047,47,426,3,1,True,1,212.12429100705776,212.12429100705776,166.22858399932738,0.014833000022917986,378.36770800640807
pessimistic,150,multistation_rep,42,42,42,t00426-c00053,53,426,4,0,False,0,,,,,
pessimistic,150,multistation_rep,42,42,42,t00426-c00096,96,426,3,0,False,0,,,,,
pessimistic,150,multistation_rep,42,42,42,t00426-c00109,109,426,7,1,True,1,378.2272500102408,378.2272500102408,0.13166699500288814,0.006290996680036187,378.36520800192375
pessimistic,150,multistation_rep,42,42,42,t00426-c00121,121,426,3,0,False,0,,,,,
pessimistic,150,multistation_rep,42,42,42,t00427-c00047,47,427,5,1,True,1,154.93674999743234,154.93674999743234,167.06737500499003,0.027832997147925198,322.0319579995703
pessimistic,150,multistation_rep,42,42,42,t00427-c00053,53,427,3,0,False,0,,,,,
pessimistic,150,multistation_rep,42,42,42,t00427-c00096,96,427,3,0,False,0,,,,,
pessimistic,150,multistation_rep,42,42,42,t00427-c00109,109,427,7,1,True,1,215.69045800424647,215.69045800424647,106.31375000230037,0.006749993190169334,322.010957999737
pessimistic,150,multistation_rep,42,42,42,t00427-c00121,121,427,4,0,False,0,,,,,
pessimistic,150,multistation_rep,42,42,42,t00428-c00044,44,428,7,1,True,1,188.57050000224262,188.57050000224262,57.312582997838035,0.0254580081673339,245.908541008248
pessimistic,150,multistation_rep,42,42,42,t00428-c00053,53,428,1,0,False,0,,,,,
pessimistic,150,multistation_rep,42,42,42,t00428-c00096,96,428,3,0,False,0,,,,,
pessimistic,150,multistation_rep,42,42,42,t00428-c00121,121,428,4,0,False,0,,,,,
pessimistic,150,multistation_rep,42,42,42,t00429-c00053,53,429,6,0,False,0,,,,,
pessimistic,150,multistation_rep,42,42,42,t00429-c00096,96,429,3,0,False,0,,,,,
pessimistic,150,multistation_rep,42,42,42,t00429-c00121,121,429,4,0,False,0,,,,,
pessimistic,150,multistation_rep,42,42,42,t00430-c00053,53,430,3,0,False,0,,,,,
pessimistic,150,multistation_rep,42,42,42,t00430-c00096,96,430,5,0,False,0,,,,,
pessimistic,150,multistation_rep,42,42,42,t00430-c00121,121,430,7,0,False,0,,,,,
pessimistic,150,multistation_rep,42,42,42,t00430-c00147,147,430,6,6,True,1,72.7093750028871,552.5275420077378,29.119165992597118,0.026417008484713733,581.6731250088196
pessimistic,150,multistation_rep,42,42,42,t00431-c00053,53,431,3,0,False,0,,,,,
pessimistic,150,multistation_rep,42,42,42,t00431-c00096,96,431,5,0,False,0,,,,,
pessimistic,150,multistation_rep,42,42,42,t00431-c00121,121,431,6,0,False,0,,,,,
pessimistic,150,multistation_rep,42,42,42,t00432-c00048,48,432,5,1,True,1,239.02320800698362,239.02320800698362,79.81716700305697,0.030625000363215804,318.8710000104038
pessimistic,150,multistation_rep,42,42,42,t00432-c00053,53,432,7,0,False,0,,,,,
pessimistic,150,multistation_rep,42,42,42,t00432-c00096,96,432,5,0,False,0,,,,,
pessimistic,150,multistation_rep,42,42,42,t00432-c00121,121,432,6,0,False,0,,,,,
pessimistic,150,multistation_rep,42,42,42,t00433-c00053,53,433,7,0,False,0,,,,,
pessimistic,150,multistation_rep,42,42,42,t00433-c00096,96,433,4,0,False,0,,,,,
pessimistic,150,multistation_rep,42,42,42,t00433-c00121,121,433,3,0,False,0,,,,,
pessimistic,150,multistation_rep,42,42,42,t00434-c00053,53,434,7,0,False,0,,,,,
pessimistic,150,multistation_rep,42,42,42,t00434-c00062,62,434,3,1,True,1,63.4573329880368,63.4573329880368,190.63525000819936,0.031333998776972294,254.12391699501313
pessimistic,150,multistation_rep,42,42,42,t00434-c00096,96,434,6,0,False,0,,,,,
pessimistic,150,multistation_rep,42,42,42,t00434-c00121,121,434,3,0,False,0,,,,,
pessimistic,150,multistation_rep,42,42,42,t00435-c00053,53,435,6,0,False,0,,,,,
pessimistic,150,multistation_rep,42,42,42,t00435-c00096,96,435,7,0,False,0,,,,,
pessimistic,150,multistation_rep,42,42,42,t00435-c00121,121,435,7,0,False,0,,,,,
pessimistic,150,multistation_rep,42,42,42,t00436-c00053,53,436,9,0,False,0,,,,,
pessimistic,150,multistation_rep,42,42,42,t00436-c00064,64,436,4,4,True,1,47.987792000640184,567.5639169930946,21.321958003682084,0.035500008380040526,588.9213750051567
pessimistic,150,multistation_rep,42,42,42,t00436-c00096,96,436,12,0,False,0,,,,,
pessimistic,150,multistation_rep,42,42,42,t00436-c00121,121,436,11,0,False,0,,,,,
pessimistic,150,multistation_rep,42,42,42,t00437-c00012,12,437,12,7,True,1,97.89358300622553,837.0288750011241,109.78833300760016,0.021207990357652307,946.8384159990819
pessimistic,150,multistation_rep,42,42,42,t00437-c00053,53,437,9,0,False,0,,,,,
pessimistic,150,multistation_rep,42,42,42,t00437-c00064,64,437,4,4,True,1,135.90183299675118,930.3882499953033,16.43812500697095,0.00783299037721008,946.8342079926515
pessimistic,150,multistation_rep,42,42,42,t00437-c00096,96,437,7,0,False,0,,,,,
pessimistic,150,multistation_rep,42,42,42,t00437-c00121,121,437,7,0,False,0,,,,,
pessimistic,150,multistation_rep,42,42,42,t00438-c00053,53,438,0,0,False,0,,,,,
pessimistic,150,multistation_rep,42,42,42,t00438-c00064,64,438,4,4,True,1,61.393458003294654,433.36337500659283,0.020082996343262494,0.015708996215835214,433.39916699915193
pessimistic,150,multistation_rep,42,42,42,t00438-c00096,96,438,7,0,False,0,,,,,
pessimistic,150,multistation_rep,42,42,42,t00438-c00100,100,438,3,0,False,0,,,,,
pessimistic,150,multistation_rep,42,42,42,t00438-c00121,121,438,9,0,False,0,,,,,
pessimistic,150,multistation_rep,42,42,42,t00439-c00053,53,439,0,0,False,0,,,,,
pessimistic,150,multistation_rep,42,42,42,t00439-c00096,96,439,4,0,False,0,,,,,
pessimistic,150,multistation_rep,42,42,42,t00439-c00100,100,439,1,0,False,0,,,,,
pessimistic,150,multistation_rep,42,42,42,t00439-c00121,121,439,4,0,False,0,,,,,
pessimistic,150,multistation_rep,42,42,42,t00440-c00049,49,440,3,3,True,1,65.51366699568462,425.46799998672213,46.53550000512041,0.02587500785011798,472.02937499969266
pessimistic,150,multistation_rep,42,42,42,t00440-c00096,96,440,3,0,False,0,,,,,
pessimistic,150,multistation_rep,42,42,42,t00440-c00100,100,440,3,0,False,0,,,,,
pessimistic,150,multistation_rep,42,42,42,t00440-c00106,106,440,10,6,True,1,95.7746249914635,271.9489169976441,200.05087499157526,0.00895801349543035,472.0087500027148
pessimistic,150,multistation_rep,42,42,42,t00440-c00121,121,440,3,0,False,0,,,,,
pessimistic,150,multistation_rep,42,42,42,t00441-c00096,96,441,3,0,False,0,,,,,
pessimistic,150,multistation_rep,42,42,42,t00441-c00100,100,441,11,0,False,0,,,,,
pessimistic,150,multistation_rep,42,42,42,t00441-c00121,121,441,7,0,False,0,,,,,
pessimistic,150,multistation_rep,42,42,42,t00442-c00096,96,442,7,0,False,0,,,,,
pessimistic,150,multistation_rep,42,42,42,t00442-c00100,100,442,10,0,False,0,,,,,
pessimistic,150,multistation_rep,42,42,42,t00442-c00121,121,442,7,0,False,0,,,,,
pessimistic,150,multistation_rep,42,42,42,t00443-c00028,28,443,13,13,True,1,384.5463340112474,1712.002542000846,29.603167000459507,0.02649999805726111,1741.6322089993628
pessimistic,150,multistation_rep,42,42,42,t00443-c00072,72,443,11,3,True,1,384.5011249941308,1111.0760829906212,630.5846250033937,0.007333001121878624,1741.6680409951368
pessimistic,150,multistation_rep,42,42,42,t00443-c00096,96,443,7,0,False,0,,,,,
pessimistic,150,multistation_rep,42,42,42,t00443-c00100,100,443,9,0,False,0,,,,,
pessimistic,150,multistation_rep,42,42,42,t00443-c00121,121,443,4,0,False,0,,,,,
pessimistic,150,multistation_rep,42,42,42,t00444-c00038,38,444,5,2,True,1,408.6795000039274,477.5397080084076,80.6542499922216,0.03166700480505824,558.2256250054343
pessimistic,150,multistation_rep,42,42,42,t00444-c00096,96,444,5,0,False,0,,,,,
pessimistic,150,multistation_rep,42,42,42,t00444-c00100,100,444,6,0,False,0,,,,,
pessimistic,150,multistation_rep,42,42,42,t00444-c00121,121,444,7,0,False,0,,,,,
pessimistic,150,multistation_rep,42,42,42,t00444-c00132,132,444,3,1,True,1,268.9348330022767,268.9348330022767,289.25095799786504,0.006709000444971025,558.1925000005867
pessimistic,150,multistation_rep,42,42,42,t00445-c00038,38,445,3,2,True,1,343.17583400115836,436.5475420054281,62.75337499391753,0.029749993700534105,499.3306669930462
pessimistic,150,multistation_rep,42,42,42,t00445-c00096,96,445,5,0,False,0,,,,,
pessimistic,150,multistation_rep,42,42,42,t00445-c00100,100,445,6,0,False,0,,,,,
pessimistic,150,multistation_rep,42,42,42,t00445-c00121,121,445,12,0,False,0,,,,,
pessimistic,150,multistation_rep,42,42,42,t00446-c00038,38,446,13,9,True,1,70.60662499861792,780.031082991627,30.381292002857663,0.02720800694078207,810.4395830014255
pessimistic,150,multistation_rep,42,42,42,t00446-c00096,96,446,5,0,False,0,,,,,
pessimistic,150,multistation_rep,42,42,42,t00446-c00100,100,446,3,0,False,0,,,,,
pessimistic,150,multistation_rep,42,42,42,t00446-c00121,121,446,3,0,False,0,,,,,
pessimistic,150,multistation_rep,42,42,42,t00447-c00026,26,447,6,4,True,1,55.527874996187165,377.77550000464544,0.01720899308566004,0.017458005459047854,377.81016700319014
pessimistic,150,multistation_rep,42,42,42,t00447-c00030,30,447,3,0,False,0,,,,,
pessimistic,150,multistation_rep,42,42,42,t00447-c00096,96,447,5,0,False,0,,,,,
pessimistic,150,multistation_rep,42,42,42,t00447-c00100,100,447,3,0,False,0,,,,,
pessimistic,150,multistation_rep,42,42,42,t00447-c00121,121,447,3,0,False,0,,,,,
pessimistic,150,multistation_rep,42,42,42,t00448-c00030,30,448,3,0,False,0,,,,,
pessimistic,150,multistation_rep,42,42,42,t00448-c00096,96,448,3,0,False,0,,,,,
pessimistic,150,multistation_rep,42,42,42,t00448-c00100,100,448,0,0,False,0,,,,,
pessimistic,150,multistation_rep,42,42,42,t00448-c00121,121,448,3,0,False,0,,,,,
pessimistic,150,multistation_rep,42,42,42,t00449-c00024,24,449,3,3,True,1,76.29720799741335,735.421999997925,282.7440000110073,0.018291990272700787,1018.184291999205
pessimistic,150,multistation_rep,42,42,42,t00449-c00029,29,449,7,7,True,1,174.7685000009369,1018.1027090002317,0.1364579948130995,0.008874994819052517,1018.2480419898639
pessimistic,150,multistation_rep,42,42,42,t00449-c00030,30,449,4,0,False,0,,,,,
pessimistic,150,multistation_rep,42,42,42,t00449-c00096,96,449,3,0,False,0,,,,,
pessimistic,150,multistation_rep,42,42,42,t00449-c00100,100,449,9,0,False,0,,,,,
pessimistic,150,multistation_rep,42,42,42,t00449-c00121,121,449,3,0,False,0,,,,,
pessimistic,150,multistation_rep,42,42,42,t00450-c00024,24,450,3,3,True,1,106.05833301087841,364.57945800793823,68.76579199160915,0.037999998312443495,433.3832499978598
pessimistic,150,multistation_rep,42,42,42,t00450-c00030,30,450,4,0,False,0,,,,,
pessimistic,150,multistation_rep,42,42,42,t00450-c00096,96,450,3,0,False,0,,,,,
pessimistic,150,multistation_rep,42,42,42,t00450-c00100,100,450,3,0,False,0,,,,,
pessimistic,150,multistation_rep,42,42,42,t00450-c00121,121,450,6,0,False,0,,,,,
pessimistic,150,multistation_rep,42,42,42,t00451-c00030,30,451,3,0,False,0,,,,,
pessimistic,150,multistation_rep,42,42,42,t00451-c00096,96,451,3,0,False,0,,,,,
pessimistic,150,multistation_rep,42,42,42,t00451-c00100,100,451,3,0,False,0,,,,,
pessimistic,150,multistation_rep,42,42,42,t00451-c00121,121,451,1,0,False,0,,,,,
pessimistic,150,multistation_rep,42,42,42,t00452-c00030,30,452,4,0,False,0,,,,,
pessimistic,150,multistation_rep,42,42,42,t00452-c00045,45,452,3,2,True,1,146.32970800448675,333.7627080036327,22.24325000133831,0.02420799864921719,356.03016600362025
pessimistic,150,multistation_rep,42,42,42,t00452-c00096,96,452,0,0,False,0,,,,,
pessimistic,150,multistation_rep,42,42,42,t00452-c00100,100,452,5,0,False,0,,,,,
pessimistic,150,multistation_rep,42,42,42,t00452-c00121,121,452,3,0,False,0,,,,,
pessimistic,150,multistation_rep,42,42,42,t00453-c00030,30,453,3,0,False,0,,,,,
pessimistic,150,multistation_rep,42,42,42,t00453-c00045,45,453,7,2,True,1,191.89895900490228,432.3841250006808,66.91262499953154,0.031042000045999885,499.32779200025834
pessimistic,150,multistation_rep,42,42,42,t00453-c00096,96,453,9,0,False,0,,,,,
pessimistic,150,multistation_rep,42,42,42,t00453-c00100,100,453,6,0,False,0,,,,,
pessimistic,150,multistation_rep,42,42,42,t00453-c00121,121,453,5,0,False,0,,,,,
pessimistic,150,multistation_rep,42,42,42,t00454-c00030,30,454,3,0,False,0,,,,,
pessimistic,150,multistation_rep,42,42,42,t00454-c00041,41,454,8,3,True,1,143.3532499941066,695.0185419991612,116.95812499965541,0.018499995348975062,811.9951669941656
pessimistic,150,multistation_rep,42,42,42,t00454-c00096,96,454,1,0,False,0,,,,,
pessimistic,150,multistation_rep,42,42,42,t00454-c00100,100,454,6,0,False,0,,,,,
pessimistic,150,multistation_rep,42,42,42,t00454-c00121,121,454,3,0,False,0,,,,,
pessimistic,150,multistation_rep,42,42,42,t00454-c00128,128,454,6,6,True,1,143.20629100257065,811.8051659985213,0.12262500240467489,0.008208997314795852,811.9359999982407
pessimistic,150,multistation_rep,42,42,42,t00455-c00005,5,455,7,5,True,1,29.861457995139062,2519.182624993846,465.3871660120785,0.024708991986699402,2984.594499997911
pessimistic,150,multistation_rep,42,42,42,t00455-c00030,30,455,4,0,False,0,,,,,
pessimistic,150,multistation_rep,42,42,42,t00455-c00050,50,455,7,6,True,1,264.00012501107994,2655.600083002355,328.9977920067031,0.00825000461190939,2984.60612501367
pessimistic,150,multistation_rep,42,42,42,t00455-c00080,80,455,9,8,True,1,263.96637500147335,2910.262250006781,74.35958299902268,0.0069590023485943675,2984.6287920081522
pessimistic,150,multistation_rep,42,42,42,t00455-c00096,96,455,9,0,False,0,,,,,
pessimistic,150,multistation_rep,42,42,42,t00455-c00100,100,455,9,0,False,0,,,,,
pessimistic,150,multistation_rep,42,42,42,t00455-c00121,121,455,5,0,False,0,,,,,
pessimistic,150,multistation_rep,42,42,42,t00455-c00128,128,455,10,9,True,1,263.83883399830665,2910.134834004566,74.40033298917115,0.0059580052038654685,2984.541124998941
pessimistic,150,multistation_rep,42,42,42,t00456-c00030,30,456,4,0,False,0,,,,,
pessimistic,150,multistation_rep,42,42,42,t00456-c00050,50,456,6,2,True,1,102.93666600773577,159.89329099829774,220.431624999037,0.028292008209973574,380.35320800554473
pessimistic,150,multistation_rep,42,42,42,t00456-c00096,96,456,7,0,False,0,,,,,
pessimistic,150,multistation_rep,42,42,42,t00456-c00100,100,456,8,0,False,0,,,,,
pessimistic,150,multistation_rep,42,42,42,t00456-c00121,121,456,4,0,False,0,,,,,
pessimistic,150,multistation_rep,42,42,42,t00457-c00025,25,457,5,1,True,1,292.73166599159595,292.73166599159595,182.0411250082543,0.034249998861923814,474.8070409987122
pessimistic,150,multistation_rep,42,42,42,t00457-c00030,30,457,3,0,False,0,,,,,
pessimistic,150,multistation_rep,42,42,42,t00457-c00050,50,457,4,1,True,1,56.90475000301376,56.90475000301376,417.9103339993162,0.007624999852851033,474.8227090021828
pessimistic,150,multistation_rep,42,42,42,t00457-c00100,100,457,12,0,False,0,,,,,
pessimistic,150,multistation_rep,42,42,42,t00457-c00121,121,457,3,0,False,0,,,,,
pessimistic,150,multistation_rep,42,42,42,t00458-c00000,0,458,3,3,True,1,92.06595800060313,302.62975000368897,75.96108299912885,0.03020900476258248,378.6210420075804
pessimistic,150,multistation_rep,42,42,42,t00458-c00030,30,458,3,0,False,0,,,,,
pessimistic,150,multistation_rep,42,42,42,t00458-c00100,100,458,13,0,False,0,,,,,
pessimistic,150,multistation_rep,42,42,42,t00458-c00121,121,458,4,0,False,0,,,,,
pessimistic,150,multistation_rep,42,42,42,t00459-c00030,30,459,8,0,False,0,,,,,
pessimistic,150,multistation_rep,42,42,42,t00459-c00100,100,459,7,0,False,0,,,,,
pessimistic,150,multistation_rep,42,42,42,t00459-c00121,121,459,4,0,False,0,,,,,
pessimistic,150,multistation_rep,42,42,42,t00460-c00030,30,460,4,0,False,0,,,,,
pessimistic,150,multistation_rep,42,42,42,t00460-c00100,100,460,4,0,False,0,,,,,
pessimistic,150,multistation_rep,42,42,42,t00460-c00121,121,460,4,0,False,0,,,,,
pessimistic,150,multistation_rep,42,42,42,t00461-c00030,30,461,4,0,False,0,,,,,
pessimistic,150,multistation_rep,42,42,42,t00461-c00034,34,461,13,5,True,1,37.95404199627228,228.60749998653773,125.06850001227576,0.0289169984171167,353.7049169972306
pessimistic,150,multistation_rep,42,42,42,t00461-c00100,100,461,4,0,False,0,,,,,
pessimistic,150,multistation_rep,42,42,42,t00461-c00121,121,461,3,0,False,0,,,,,
pessimistic,150,multistation_rep,42,42,42,t00462-c00030,30,462,4,0,False,0,,,,,
pessimistic,150,multistation_rep,42,42,42,t00462-c00034,34,462,6,3,True,1,169.80291699292138,264.0700839983765,46.54320799454581,0.0212500017369166,310.63454199465923
pessimistic,150,multistation_rep,42,42,42,t00462-c00100,100,462,4,0,False,0,,,,,
pessimistic,150,multistation_rep,42,42,42,t00462-c00121,121,462,7,0,False,0,,,,,
pessimistic,150,multistation_rep,42,42,42,t00463-c00030,30,463,4,0,False,0,,,,,
pessimistic,150,multistation_rep,42,42,42,t00463-c00100,100,463,4,0,False,0,,,,,
pessimistic,150,multistation_rep,42,42,42,t00463-c00121,121,463,7,0,False,0,,,,,
pessimistic,150,multistation_rep,42,42,42,t00464-c00022,22,464,3,1,True,1,248.35508300748188,248.35508300748188,77.47124999877997,0.027834001230075955,325.8541670074919
pessimistic,150,multistation_rep,42,42,42,t00464-c00030,30,464,4,0,False,0,,,,,
pessimistic,150,multistation_rep,42,42,42,t00464-c00100,100,464,4,0,False,0,,,,,
pessimistic,150,multistation_rep,42,42,42,t00464-c00121,121,464,7,0,False,0,,,,,
pessimistic,150,multistation_rep,42,42,42,t00465-c00022,22,465,3,0,False,0,,,,,
pessimistic,150,multistation_rep,42,42,42,t00465-c00030,30,465,4,0,False,0,,,,,
pessimistic,150,multistation_rep,42,42,42,t00465-c00100,100,465,4,0,False,0,,,,,
pessimistic,150,multistation_rep,42,42,42,t00465-c00115,115,465,6,6,True,1,57.4426250095712,596.1403750116006,32.062915997812524,0.027834001230075955,628.2311250106432
pessimistic,150,multistation_rep,42,42,42,t00465-c00121,121,465,7,0,False,0,,,,,
pessimistic,150,multistation_rep,42,42,42,t00466-c00022,22,466,3,0,False,0,,,,,
pessimistic,150,multistation_rep,42,42,42,t00466-c00030,30,466,4,0,False,0,,,,,
pessimistic,150,multistation_rep,42,42,42,t00466-c00100,100,466,3,0,False,0,,,,,
pessimistic,150,multistation_rep,42,42,42,t00466-c00121,121,466,7,0,False,0,,,,,
pessimistic,150,multistation_rep,42,42,42,t00467-c00018,18,467,6,3,True,1,159.1369170055259,404.8541250085691,34.87337499973364,0.025792003725655377,439.7532920120284
pessimistic,150,multistation_rep,42,42,42,t00467-c00022,22,467,4,0,False,0,,,,,
pessimistic,150,multistation_rep,42,42,42,t00467-c00030,30,467,3,0,False,0,,,,,
pessimistic,150,multistation_rep,42,42,42,t00467-c00100,100,467,6,0,False,0,,,,,
pessimistic,150,multistation_rep,42,42,42,t00467-c00121,121,467,1,0,False,0,,,,,
pessimistic,150,multistation_rep,42,42,42,t00468-c00018,18,468,6,3,True,1,129.03854199976195,278.56945800886024,35.26079199218657,0.032916999771259725,313.86316700081807
pessimistic,150,multistation_rep,42,42,42,t00468-c00022,22,468,4,0,False,0,,,,,
pessimistic,150,multistation_rep,42,42,42,t00468-c00030,30,468,3,0,False,0,,,,,
pessimistic,150,multistation_rep,42,42,42,t00468-c00100,100,468,3,0,False,0,,,,,
pessimistic,150,multistation_rep,42,42,42,t00469-c00022,22,469,5,0,False,0,,,,,
pessimistic,150,multistation_rep,42,42,42,t00469-c00030,30,469,3,0,False,0,,,,,
pessimistic,150,multistation_rep,42,42,42,t00469-c00067,67,469,9,5,True,1,166.93916599615477,574.2892499984009,0.02837499778252095,0.021207990357652307,574.3388329865411
pessimistic,150,multistation_rep,42,42,42,t00469-c00100,100,469,4,0,False,0,,,,,
pessimistic,150,multistation_rep,42,42,42,t00470-c00005,5,470,3,2,True,1,57.229750003898516,768.6982909945073,250.10037500760518,0.022499996703118086,1018.8211659988156
pessimistic,150,multistation_rep,42,42,42,t00470-c00020,20,470,8,8,True,1,235.9375829983037,1018.7391669896897,0.13937499898020178,0.00825000461190939,1018.8867919932818
pessimistic,150,multistation_rep,42,42,42,t00470-c00022,22,470,4,0,False,0,,,,,
pessimistic,150,multistation_rep,42,42,42,t00470-c00030,30,470,3,0,False,0,,,,,
pessimistic,150,multistation_rep,42,42,42,t00470-c00100,100,470,4,0,False,0,,,,,
pessimistic,150,multistation_rep,42,42,42,t00471-c00005,5,471,3,2,True,1,46.28754199075047,1992.606917003286,1029.757874988718,0.020167004549875855,3022.384958996554
pessimistic,150,multistation_rep,42,42,42,t00471-c00022,22,471,5,1,True,1,2653.172749996884,2653.172749996884,369.25008399703074,0.006624992238357663,3022.429458986153
pessimistic,150,multistation_rep,42,42,42,t00471-c00030,30,471,11,0,False,0,,,,,
pessimistic,150,multistation_rep,42,42,42,t00471-c00051,51,471,14,14,True,1,187.39737498981413,3022.2402499930467,0.1772499963408336,0.008084010914899409,3022.4255840003025
pessimistic,150,multistation_rep,42,42,42,t00471-c00100,100,471,6,0,False,0,,,,,
pessimistic,150,multistation_rep,42,42,42,t00471-c00145,145,471,10,10,True,1,413.27612499298993,2725.515500002075,296.8735409958754,0.006041998858563602,3022.395082996809
pessimistic,150,multistation_rep,42,42,42,t00472-c00022,22,472,13,2,True,1,542.9889160004677,931.8768329976592,71.49258301069494,0.01591700129210949,1003.3853330096463
pessimistic,150,multistation_rep,42,42,42,t00472-c00030,30,472,3,0,False,0,,,,,
pessimistic,150,multistation_rep,42,42,42,t00472-c00100,100,472,6,0,False,0,,,,,
pessimistic,150,multistation_rep,42,42,42,t00472-c00145,145,472,10,10,True,1,137.6076249871403,1003.2354579889216,0.1295420079259202,0.010332994861528277,1003.375332991709
pessimistic,150,multistation_rep,42,42,42,t00473-c00007,7,473,5,4,True,1,105.22758300066926,445.7013749924954,0.014542005374096334,0.01754099503159523,445.7334579929011
pessimistic,150,multistation_rep,42,42,42,t00473-c00030,30,473,3,0,False,0,,,,,
pessimistic,150,multistation_rep,42,42,42,t00473-c00100,100,473,6,0,False,0,,,,,
pessimistic,150,multistation_rep,42,42,42,t00474-c00030,30,474,8,0,False,0,,,,,
pessimistic,150,multistation_rep,42,42,42,t00474-c00100,100,474,3,0,False,0,,,,,
pessimistic,150,multistation_rep,42,42,42,t00475-c00030,30,475,5,0,False,0,,,,,
pessimistic,150,multistation_rep,42,42,42,t00475-c00049,49,475,7,7,True,1,64.9689169949852,410.2621670026565,0.024249995476566255,0.01591700129210949,410.3023339994252
pessimistic,150,multistation_rep,42,42,42,t00475-c00100,100,475,5,0,False,0,,,,,
pessimistic,150,multistation_rep,42,42,42,t00476-c00012,12,476,7,2,True,1,727.9658340121387,918.2520000031218,0.01720900763757527,0.01970799348782748,918.2889170042472
pessimistic,150,multistation_rep,42,42,42,t00476-c00030,30,476,3,0,False,0,,,,,
pessimistic,150,multistation_rep,42,42,42,t00476-c00034,34,476,7,3,True,1,153.60341699852142,471.37949999887496,446.9198330043582,0.0076669966802001,918.3069999999134
pessimistic,150,multistation_rep,42,42,42,t00476-c00049,49,476,7,7,True,1,153.57174999371637,918.14708399761,0.15841600543353707,0.006709000444971025,918.3122090034885
pessimistic,150,multistation_rep,42,42,42,t00476-c00100,100,476,5,0,False,0,,,,,
pessimistic,150,multistation_rep,42,42,42,t00477-c00030,30,477,3,0,False,0,,,,,
pessimistic,150,multistation_rep,42,42,42,t00477-c00100,100,477,10,0,False,0,,,,,
pessimistic,150,multistation_rep,42,42,42,t00478-c00030,30,478,3,0,False,0,,,,,
pessimistic,150,multistation_rep,42,42,42,t00478-c00066,66,478,7,6,True,1,303.2824999972945,1069.1561669955263,123.42987500596792,0.015124998753890395,1192.601167000248
pessimistic,150,multistation_rep,42,42,42,t00478-c00069,69,478,4,4,True,1,644.4719999999506,1192.5237090035807,0.12654099555220455,0.007041991921141744,1192.657291991054
pessimistic,150,multistation_rep,42,42,42,t00478-c00072,72,478,7,3,True,1,208.48545800254215,882.0489170029759,310.6022080028197,0.005832989700138569,1192.6569579954958
pessimistic,150,multistation_rep,42,42,42,t00478-c00100,100,478,5,0,False,0,,,,,
pessimistic,150,multistation_rep,42,42,42,t00479-c00030,30,479,3,0,False,0,,,,,
pessimistic,150,multistation_rep,42,42,42,t00479-c00033,33,479,7,1,True,1,772.4399580038153,772.4399580038153,149.1529999912018,0.014833000022917986,921.60779099504
pessimistic,150,multistation_rep,42,42,42,t00479-c00066,66,479,12,11,True,1,101.4396659884369,921.5316659974633,0.1340000017080456,0.009791998309083283,921.6754579974804
pessimistic,150,multistation_rep,42,42,42,t00479-c00100,100,479,4,0,False,0,,,,,
pessimistic,150,multistation_rep,42,42,42,t00480-c00030,30,480,3,0,False,0,,,,,
pessimistic,150,multistation_rep,42,42,42,t00480-c00033,33,480,7,1,True,1,408.7949579989072,408.7949579989072,205.74133400805295,0.01333298860117793,614.5496249955613
pessimistic,150,multistation_rep,42,42,42,t00480-c00066,66,480,4,1,True,1,614.4827090029139,614.4827090029139,0.11725000513251871,0.006207992555573583,614.606167000602
pessimistic,150,multistation_rep,42,42,42,t00480-c00100,100,480,5,0,False,0,,,,,
pessimistic,150,multistation_rep,42,42,42,t00480-c00118,118,480,4,3,True,1,177.98999999649823,499.3404999986524,115.22808400331996,0.0061250029830262065,614.5747090049554
pessimistic,150,multistation_rep,42,42,42,t00481-c00030,30,481,3,0,False,0,,,,,
pessimistic,150,multistation_rep,42,42,42,t00481-c00033,33,481,7,1,True,1,302.0977080013836,302.0977080013836,54.0300419961568,0.013291006325744092,356.1410410038661
pessimistic,150,multistation_rep,42,42,42,t00481-c00100,100,481,5,0,False,0,,,,,
pessimistic,150,multistation_rep,42,42,42,t00481-c00118,118,481,4,3,True,1,130.9725419996539,356.0359580005752,0.11541700223460793,0.008499991963617504,356.1598749947734
pessimistic,150,multistation_rep,42,42,42,t00482-c00030,30,482,8,0,False,0,,,,,
pessimistic,150,multistation_rep,42,42,42,t00482-c00100,100,482,1,0,False,0,,,,,
pessimistic,150,multistation_rep,42,42,42,t00483-c00030,30,483,15,0,False,0,,,,,
pessimistic,150,multistation_rep,42,42,42,t00483-c00100,100,483,3,0,False,0,,,,,
pessimistic,150,multistation_rep,42,42,42,t00484-c00030,30,484,9,0,False,0,,,,,
pessimistic,150,multistation_rep,42,42,42,t00484-c00031,31,484,7,5,True,1,118.6077500024112,488.47054099314846,42.57366700039711,0.025917004677467048,531.070124998223
pessimistic,150,multistation_rep,42,42,42,t00484-c00100,100,484,4,0,False,0,,,,,
pessimistic,150,multistation_rep,42,42,42,t00485-c00030,30,485,7,0,False,0,,,,,
pessimistic,150,multistation_rep,42,42,42,t00485-c00090,90,485,3,2,True,1,75.1846250059316,131.69516599737108,88.04737500031479,0.025291999918408692,219.76783299760427
pessimistic,150,multistation_rep,42,42,42,t00485-c00100,100,485,4,0,False,0,,,,,
pessimistic,150,multistation_rep,42,42,42,t00486-c00030,30,486,3,0,False,0,,,,,
pessimistic,150,multistation_rep,42,42,42,t00486-c00090,90,486,7,4,True,1,22.454375008237548,154.80987500632182,43.517500002053566,0.027749993023462594,198.35512500139885
pessimistic,150,multistation_rep,42,42,42,t00486-c00100,100,486,3,0,False,0,,,,,
pessimistic,150,multistation_rep,42,42,42,t00487-c00030,30,487,7,0,False,0,,,,,
pessimistic,150,multistation_rep,42,42,42,t00487-c00090,90,487,3,1,True,1,93.66820899595041,93.66820899595041,67.23916600458324,0.023083994165062904,160.9304589946987
pessimistic,150,multistation_rep,42,42,42,t00487-c00100,100,487,7,0,False,0,,,,,
pessimistic,150,multistation_rep,42,42,42,t00488-c00030,30,488,7,0,False,0,,,,,
pessimistic,150,multistation_rep,42,42,42,t00488-c00100,100,488,1,0,False,0,,,,,
pessimistic,150,multistation_rep,42,42,42,t00488-c00111,111,488,3,3,True,1,105.95458299212623,304.7476670035394,9.648582999943756,0.02154200046788901,314.41779200395104
pessimistic,150,multistation_rep,42,42,42,t00489-c00030,30,489,7,0,False,0,,,,,
pessimistic,150,multistation_rep,42,42,42,t00489-c00078,78,489,3,1,True,1,211.9696669979021,211.9696669979021,83.84891699824948,0.018625010852701962,295.8372090070043
pessimistic,150,multistation_rep,42,42,42,t00489-c00100,100,489,0,0,False,0,,,,,
pessimistic,150,multistation_rep,42,42,42,t00489-c00130,130,489,4,1,True,1,107.33154200715944,107.33154200715944,188.50433299667202,0.006375004886649549,295.8422500087181
pessimistic,150,multistation_rep,42,42,42,t00490-c00030,30,490,3,0,False,0,,,,,
pessimistic,150,multistation_rep,42,42,42,t00490-c00057,57,490,4,3,True,1,74.18316700204741,264.81570799660403,0.022624997654929757,0.014500008546747267,264.8528330028057
pessimistic,150,multistation_rep,42,42,42,t00490-c00100,100,490,7,0,False,0,,,,,
pessimistic,150,multistation_rep,42,42,42,t00491-c00030,30,491,7,0,False,0,,,,,
pessimistic,150,multistation_rep,42,42,42,t00492-c00030,30,492,2,0,False,0,,,,,
pessimistic,150,multistation_rep,42,42,42,t00492-c00128,128,492,11,8,True,1,46.054375008679926,366.1804160074098,0.033333999454043806,0.017333004507236183,366.2310830113711
pessimistic,150,multistation_rep,42,42,42,t00493-c00030,30,493,7,0,False,0,,,,,
pessimistic,150,multistation_rep,42,42,42,t00493-c00097,97,493,9,8,True,1,211.823916004505,1180.6770410039462,84.74158399621956,0.020208011846989393,1265.4388330120128
pessimistic,150,multistation_rep,42,42,42,t00493-c00128,128,493,12,4,True,1,878.6836669896729,1255.3555419872282,10.116583012859337,0.007374997949227691,1265.4794999980368
pessimistic,150,multistation_rep,42,42,42,t00494-c00030,30,494,7,0,False,0,,,,,
pessimistic,150,multistation_rep,42,42,42,t00495-c00030,30,495,7,0,False,0,,,,,
pessimistic,150,multistation_rep,42,42,42,t00496-c00030,30,496,7,0,False,0,,,,,
pessimistic,150,multistation_rep,42,42,42,t00496-c00060,60,496,9,7,True,1,202.22254199325107,1269.5756670000264,0.02608299837447703,0.02095900708809495,1269.622709005489
pessimistic,150,multistation_rep,42,42,42,t00496-c00063,63,496,5,5,True,1,87.70891699532513,1170.3728339925874,99.28720799507573,0.007624999852851033,1269.667666987516
pessimistic,150,multistation_rep,42,42,42,t00496-c00132,132,496,4,0,False,0,,,,,
pessimistic,150,multistation_rep,42,42,42,t00496-c00149,149,496,3,1,True,1,599.8790839948924,599.8790839948924,669.7679160133703,0.005291993147693574,1269.6522920014104
pessimistic,150,multistation_rep,42,42,42,t00497-c00030,30,497,7,0,False,0,,,,,
pessimistic,150,multistation_rep,42,42,42,t00497-c00063,63,497,5,4,True,1,136.2304590002168,282.68987499177456,27.581417001783848,0.025708010070957243,310.29700000362936
pessimistic,150,multistation_rep,42,42,42,t00497-c00132,132,497,4,0,False,0,,,,,
pessimistic,150,multistation_rep,42,42,42,t00498-c00030,30,498,7,0,False,0,,,,,
pessimistic,150,multistation_rep,42,42,42,t00498-c00041,41,498,14,2,True,1,205.39295799972024,681.9070000055945,0.020374995074234903,0.01662501017563045,681.9440000108443
pessimistic,150,multistation_rep,42,42,42,t00498-c00063,63,498,3,2,True,1,428.9723330002744,588.210625006468,93.77641600440256,0.0072499969974160194,681.994291007868
pessimistic,150,multistation_rep,42,42,42,t00498-c00132,132,498,5,2,True,1,428.93408400414046,503.2267500064336,178.76016699301545,0.0056249991757795215,681.9925419986248
pessimistic,150,multistation_rep,42,42,42,t00499-c00030,30,499,7,0,False,0,,,,,
pessimistic,150,multistation_rep,42,42,42,t00499-c00132,132,499,4,0,False,0,,,,,
pessimistic,150,multistation_rep,42,42,42,t00500-c00024,24,500,9,7,True,1,180.16575000365265,1388.8591249997262,0.02012500772252679,0.019749990315176547,1388.898999997764
pessimistic,150,multistation_rep,42,42,42,t00500-c00030,30,500,3,0,False,0,,,,,
pessimistic,150,multistation_rep,42,42,42,t00500-c00132,132,500,7,0,False,0,,,,,
pessimistic,150,multistation_rep,42,42,42,t00500-c00143,143,500,4,4,True,1,255.85120799951255,1068.905749998521,319.97479099663906,0.006750007742084563,1388.8872910029022
pessimistic,150,multistation_rep,42,42,42,t00501-c00024,24,501,7,5,True,1,103.75129200110678,518.232166999951,16.673500009346753,0.022249994799494743,534.9279170040973
pessimistic,150,multistation_rep,42,42,42,t00501-c00030,30,501,3,0,False,0,,,,,
pessimistic,150,multistation_rep,42,42,42,t00501-c00132,132,501,12,0,False,0,,,,,
pessimistic,150,multistation_rep,42,42,42,t00502-c00030,30,502,0,0,False,0,,,,,
pessimistic,150,multistation_rep,42,42,42,t00502-c00115,115,502,8,7,True,1,36.36579199519474,1179.4667500071228,16.15924999350682,0.024708002456463873,1195.650708003086
pessimistic,150,multistation_rep,42,42,42,t00502-c00122,122,502,9,9,True,1,128.1595830078004,1179.4313330028672,16.263750003417954,0.009041992598213255,1195.7041249988833
pessimistic,150,multistation_rep,42,42,42,t00502-c00132,132,502,13,0,False,0,,,,,
pessimistic,150,multistation_rep,42,42,42,t00503-c00023,23,503,3,2,True,1,92.51662500901148,160.76629199960735,94.44816601171624,0.02545899769756943,255.23991700902116
pessimistic,150,multistation_rep,42,42,42,t00503-c00030,30,503,3,0,False,0,,,,,
pessimistic,150,multistation_rep,42,42,42,t00503-c00132,132,503,1,0,False,0,,,,,
pessimistic,150,multistation_rep,42,42,42,t00503-c00148,148,503,7,0,False,0,,,,,
pessimistic,150,multistation_rep,42,42,42,t00504-c00030,30,504,3,0,False,0,,,,,
pessimistic,150,multistation_rep,42,42,42,t00504-c00067,67,504,7,3,True,1,133.2996249984717,366.768416002742,145.95670900598634,0.02849999873433262,512.7536250074627
pessimistic,150,multistation_rep,42,42,42,t00504-c00132,132,504,13,0,False,0,,,,,
pessimistic,150,multistation_rep,42,42,42,t00504-c00148,148,504,7,0,False,0,,,,,
pessimistic,150,multistation_rep,42,42,42,t00505-c00030,30,505,7,0,False,0,,,,,
pessimistic,150,multistation_rep,42,42,42,t00505-c00104,104,505,7,1,True,1,125.35662500886247,125.35662500886247,144.51291700243019,0.03479099541436881,269.904333006707
pessimistic,150,multistation_rep,42,42,42,t00505-c00132,132,505,12,0,False,0,,,,,
pessimistic,150,multistation_rep,42,42,42,t00505-c00148,148,505,0,0,False,0,,,,,
pessimistic,150,multistation_rep,42,42,42,t00506-c00030,30,506,7,0,False,0,,,,,
pessimistic,150,multistation_rep,42,42,42,t00506-c00132,132,506,12,0,False,0,,,,,
pessimistic,150,multistation_rep,42,42,42,t00506-c00148,148,506,7,2,True,1,209.48333299020305,271.50066700414754,58.892624991131015,0.029290997190400958,330.42258299246896
pessimistic,150,multistation_rep,42,42,42,t00507-c00030,30,507,7,0,False,0,,,,,
pessimistic,150,multistation_rep,42,42,42,t00507-c00108,108,507,5,4,True,1,151.20387500792276,594.7708750027232,32.35662500082981,0.03216600453015417,627.1596660080831
pessimistic,150,multistation_rep,42,42,42,t00507-c00132,132,507,13,0,False,0,,,,,
pessimistic,150,multistation_rep,42,42,42,t00508-c00030,30,508,7,0,False,0,,,,,
pessimistic,150,multistation_rep,42,42,42,t00508-c00059,59,508,4,4,True,1,70.89320800150745,577.6707499899203,15.105083002708852,0.020000006770715117,592.7958329993999
pessimistic,150,multistation_rep,42,42,42,t00508-c00132,132,508,15,0,False,0,,,,,
pessimistic,150,multistation_rep,42,42,42,t00509-c00030,30,509,9,0,False,0,,,,,
pessimistic,150,multistation_rep,42,42,42,t00509-c00057,57,509,3,1,True,1,310.67579200316686,310.67579200316686,58.36974999692757,0.030041992431506515,369.07558399252594
pessimistic,150,multistation_rep,42,42,42,t00509-c00132,132,509,14,0,False,0,,,,,
pessimistic,150,multistation_rep,42,42,42,t00510-c00030,30,510,7,0,False,0,,,,,
pessimistic,150,multistation_rep,42,42,42,t00510-c00033,33,510,5,0,False,0,,,,,
pessimistic,150,multistation_rep,42,42,42,t00510-c00132,132,510,1,0,False,0,,,,,
pessimistic,150,multistation_rep,42,42,42,t00511-c00010,10,511,3,3,True,1,90.006500002346,324.04833399050403,25.99195801303722,0.03416699473746121,350.0744589982787
pessimistic,150,multistation_rep,42,42,42,t00511-c00030,30,511,9,0,False,0,,,,,
pessimistic,150,multistation_rep,42,42,42,t00511-c00033,33,511,5,0,False,0,,,,,
pessimistic,150,multistation_rep,42,42,42,t00511-c00132,132,511,3,0,False,0,,,,,
pessimistic,150,multistation_rep,42,42,42,t00512-c00030,30,512,2,0,False,0,,,,,
pessimistic,150,multistation_rep,42,42,42,t00512-c00033,33,512,10,0,False,0,,,,,
pessimistic,150,multistation_rep,42,42,42,t00512-c00132,132,512,7,0,False,0,,,,,
pessimistic,150,multistation_rep,42,42,42,t00513-c00030,30,513,7,0,False,0,,,,,
pessimistic,150,multistation_rep,42,42,42,t00513-c00033,33,513,9,0,False,0,,,,,
pessimistic,150,multistation_rep,42,42,42,t00513-c00132,132,513,7,0,False,0,,,,,
pessimistic,150,multistation_rep,42,42,42,t00514-c00030,30,514,0,0,False,0,,,,,
pessimistic,150,multistation_rep,42,42,42,t00514-c00033,33,514,7,0,False,0,,,,,
pessimistic,150,multistation_rep,42,42,42,t00514-c00132,132,514,7,0,False,0,,,,,
pessimistic,150,multistation_rep,42,42,42,t00515-c00030,30,515,7,0,False,0,,,,,
pessimistic,150,multistation_rep,42,42,42,t00515-c00033,33,515,7,0,False,0,,,,,
pessimistic,150,multistation_rep,42,42,42,t00515-c00132,132,515,7,0,False,0,,,,,
pessimistic,150,multistation_rep,42,42,42,t00515-c00145,145,515,3,2,True,1,118.89341699134093,320.50933298887685,29.158292003558017,0.02616700658109039,349.69379199901596
pessimistic,150,multistation_rep,42,42,42,t00516-c00030,30,516,5,0,False,0,,,,,
pessimistic,150,multistation_rep,42,42,42,t00516-c00033,33,516,3,0,False,0,,,,,
pessimistic,150,multistation_rep,42,42,42,t00516-c00102,102,516,4,4,True,1,198.39637500990648,1063.6433330073487,0.027999994927085936,0.014000004739500582,1063.6853330070153
pessimistic,150,multistation_rep,42,42,42,t00516-c00127,127,516,8,7,True,1,147.6565409975592,1023.0383330053883,40.68487499898765,0.008082992280833423,1063.7312909966568
pessimistic,150,multistation_rep,42,42,42,t00516-c00132,132,516,10,0,False,0,,,,,
pessimistic,150,multistation_rep,42,42,42,t00517-c00033,33,517,5,0,False,0,,,,,
pessimistic,150,multistation_rep,42,42,42,t00517-c00036,36,517,5,5,True,1,87.04925001075026,965.3462920105085,0.022791995434090495,0.016749996575526893,965.3858340025181
pessimistic,150,multistation_rep,42,42,42,t00517-c00127,127,517,7,5,True,1,377.6750419929158,875.0032499956433,90.41791700292379,0.007582988473586738,965.4287499870406
pessimistic,150,multistation_rep,42,42,42,t00517-c00132,132,517,7,0,False,0,,,,,
pessimistic,150,multistation_rep,42,42,42,t00518-c00033,33,518,5,0,False,0,,,,,
pessimistic,150,multistation_rep,42,42,42,t00518-c00132,132,518,7,0,False,0,,,,,
pessimistic,150,multistation_rep,42,42,42,t00519-c00004,4,519,9,8,True,1,182.88562500674743,1667.8528750053374,0.022124993847683072,0.01912500010803342,1667.8941249992931
pessimistic,150,multistation_rep,42,42,42,t00519-c00033,33,519,8,0,False,0,,,,,
pessimistic,150,multistation_rep,42,42,42,t00519-c00046,46,519,9,2,True,1,1354.8932090052404,1667.770209009177,0.11649999942164868,0.006665999535471201,1667.8933750081342
pessimistic,150,multistation_rep,42,42,42,t00519-c00082,82,519,7,6,True,1,182.76733299717307,1396.4751659950707,271.41708400449716,0.006082991603761911,1667.8983329911716
pessimistic,150,multistation_rep,42,42,42,t00519-c00132,132,519,7,0,False,0,,,,,
pessimistic,150,multistation_rep,42,42,42,t00520-c00033,33,520,8,0,False,0,,,,,
pessimistic,150,multistation_rep,42,42,42,t00520-c00082,82,520,7,4,True,1,27.084583998657763,150.13270899362396,27.061208005761728,0.039874998037703335,177.2337919974234
pessimistic,150,multistation_rep,42,42,42,t00520-c00131,131,520,7,1,True,1,150.096166995354,150.096166995354,27.205333011806943,0.006832997314631939,177.30833300447557
pessimistic,150,multistation_rep,42,42,42,t00520-c00132,132,520,2,0,False,0,,,,,
pessimistic,150,multistation_rep,42,42,42,t00521-c00033,33,521,10,0,False,0,,,,,
pessimistic,150,multistation_rep,42,42,42,t00521-c00082,82,521,9,1,True,1,223.7623330001952,223.7623330001952,74.390958994627,0.026833004085347056,298.18012499890756
pessimistic,150,multistation_rep,42,42,42,t00521-c00116,116,521,4,1,True,1,94.9777079949854,94.9777079949854,203.24883300054353,0.0064589985413476825,298.23299999407027
pessimistic,150,multistation_rep,42,42,42,t00521-c00132,132,521,3,0,False,0,,,,,
pessimistic,150,multistation_rep,42,42,42,t00522-c00033,33,522,10,0,False,0,,,,,
pessimistic,150,multistation_rep,42,42,42,t00522-c00082,82,522,5,2,True,1,212.40354199835565,406.5013750077924,15.898916986770928,0.024250010028481483,422.4245420045918
pessimistic,150,multistation_rep,42,42,42,t00522-c00116,116,522,6,5,True,1,77.45425000030082,406.4661660086131,15.989749997970648,0.007541995728388429,422.4634580023121
pessimistic,150,multistation_rep,42,42,42,t00522-c00132,132,522,0,0,False,0,,,,,
pessimistic,150,multistation_rep,42,42,42,t00523-c00033,33,523,9,0,False,0,,,,,
pessimistic,150,multistation_rep,42,42,42,t00523-c00132,132,523,3,0,False,0,,,,,
pessimistic,150,multistation_rep,42,42,42,t00524-c00033,33,524,4,0,False,0,,,,,
pessimistic,150,multistation_rep,42,42,42,t00524-c00132,132,524,8,0,False,0,,,,,
pessimistic,150,multistation_rep,42,42,42,t00525-c00033,33,525,4,0,False,0,,,,,
pessimistic,150,multistation_rep,42,42,42,t00525-c00132,132,525,3,0,False,0,,,,,
pessimistic,150,multistation_rep,42,42,42,t00525-c00149,149,525,7,4,True,1,102.34483399835881,291.173167002853,63.60858300467953,0.029624992748722434,354.81137500028126
pessimistic,150,multistation_rep,42,42,42,t00526-c00033,33,526,3,0,False,0,,,,,
pessimistic,150,multistation_rep,42,42,42,t00526-c00066,66,526,4,0,False,0,,,,,
pessimistic,150,multistation_rep,42,42,42,t00526-c00132,132,526,3,0,False,0,,,,,
pessimistic,150,multistation_rep,42,42,42,t00527-c00033,33,527,3,0,False,0,,,,,
pessimistic,150,multistation_rep,42,42,42,t00527-c00066,66,527,4,0,False,0,,,,,
pessimistic,150,multistation_rep,42,42,42,t00527-c00092,92,527,4,1,True,1,60.2757080050651,60.2757080050651,144.83512500009965,0.034791999496519566,205.14562500466127
pessimistic,150,multistation_rep,42,42,42,t00527-c00132,132,527,5,0,False,0,,,,,
pessimistic,150,multistation_rep,42,42,42,t00528-c00033,33,528,3,0,False,0,,,,,
pessimistic,150,multistation_rep,42,42,42,t00528-c00066,66,528,5,2,True,1,126.33225000172388,168.0569580057636,29.105958994477987,0.024791006580926478,197.1877080068225
pessimistic,150,multistation_rep,42,42,42,t00529-c00033,33,529,7,0,False,0,,,,,
pessimistic,150,multistation_rep,42,42,42,t00530-c00033,33,530,4,0,False,0,,,,,
pessimistic,150,multistation_rep,42,42,42,t00530-c00123,123,530,7,7,True,1,74.01250000111759,346.2783750001108,15.070875000674278,0.0228749995585531,361.37212500034366
pessimistic,150,multistation_rep,42,42,42,t00531-c00033,33,531,3,0,False,0,,,,,
pessimistic,150,multistation_rep,42,42,42,t00532-c00033,33,532,8,0,False,0,,,,,
pessimistic,150,multistation_rep,42,42,42,t00533-c00033,33,533,7,0,False,0,,,,,
pessimistic,150,multistation_rep,42,42,42,t00534-c00033,33,534,9,0,False,0,,,,,
pessimistic,150,multistation_rep,42,42,42,t00535-c00033,33,535,9,0,False,0,,,,,
pessimistic,150,multistation_rep,42,42,42,t00536-c00033,33,536,5,0,False,0,,,,,
pessimistic,150,multistation_rep,42,42,42,t00537-c00033,33,537,5,0,False,0,,,,,
pessimistic,150,multistation_rep,42,42,42,t00538-c00033,33,538,3,0,False,0,,,,,
pessimistic,150,multistation_rep,42,42,42,t00538-c00077,77,538,3,1,True,1,121.38541700551286,121.38541700551286,16.60312499734573,0.022374995751306415,138.0109169986099
pessimistic,150,multistation_rep,42,42,42,t00539-c00033,33,539,7,0,False,0,,,,,
pessimistic,150,multistation_rep,42,42,42,t00539-c00060,60,539,3,1,True,1,371.1565830017207,371.1565830017207,27.605583003605716,0.0272089964710176,398.78937500179745
pessimistic,150,multistation_rep,42,42,42,t00539-c00077,77,539,3,1,True,1,274.562207996496,274.562207996496,124.27208400913514,0.007208000170066953,398.8415000058012
pessimistic,150,multistation_rep,42,42,42,t00539-c00114,114,539,4,1,True,1,92.81049999117386,92.81049999117386,306.037833011942,0.0051249953685328364,398.8534579984844
pessimistic,150,multistation_rep,42,42,42,t00540-c00033,33,540,7,0,False,0,,,,,
pessimistic,150,multistation_rep,42,42,42,t00540-c00077,77,540,3,1,True,1,880.9077089972561,880.9077089972561,281.70104100718163,0.017999991541728377,1162.6267499959795
pessimistic,150,multistation_rep,42,42,42,t00540-c00102,102,540,3,2,True,1,494.3132080079522,1151.4981250074925,11.172624988830648,0.006208007107488811,1162.6769580034306
pessimistic,150,multistation_rep,42,42,42,t00540-c00114,114,540,4,0,False,0,,,,,
pessimistic,150,multistation_rep,42,42,42,t00540-c00143,143,540,4,4,True,1,494.249374998617,1151.4339999994263,11.211292003281415,0.005583002348430455,1162.6508750050562
pessimistic,150,multistation_rep,42,42,42,t00541-c00033,33,541,3,0,False,0,,,,,
pessimistic,150,multistation_rep,42,42,42,t00541-c00077,77,541,3,1,True,1,184.43350000598002,184.43350000598002,100.70579199236818,0.021792002371512353,285.1610840007197
pessimistic,150,multistation_rep,42,42,42,t00541-c00102,102,541,3,2,True,1,33.61987500102259,261.91966600890737,23.282166992430575,0.0071250105975195765,285.20895801193547
pessimistic,150,multistation_rep,42,42,42,t00541-c00105,105,541,4,1,True,1,63.562415991327725,63.562415991327725,221.63900001032744,0.004999994416721165,285.2064159960719
pessimistic,150,multistation_rep,42,42,42,t00541-c00114,114,541,2,0,False,0,,,,,
pessimistic,150,multistation_rep,42,42,42,t00542-c00013,13,542,3,2,True,1,192.74937499722,214.81737500289455,40.61124999134336,0.0399590062443167,255.46858400048222
pessimistic,150,multistation_rep,42,42,42,t00542-c00033,33,542,3,0,False,0,,,,,
pessimistic,150,multistation_rep,42,42,42,t00542-c00105,105,542,9,2,True,1,67.4026659980882,134.37625000369735,121.09229099587537,0.007916998583823442,255.47645799815655
pessimistic,150,multistation_rep,42,42,42,t00542-c00114,114,542,3,0,False,0,,,,,
pessimistic,150,multistation_rep,42,42,42,t00543-c00033,33,543,7,0,False,0,,,,,
pessimistic,150,multistation_rep,42,42,42,t00543-c00114,114,543,3,0,False,0,,,,,
pessimistic,150,multistation_rep,42,42,42,t00544-c00033,33,544,7,0,False,0,,,,,
pessimistic,150,multistation_rep,42,42,42,t00544-c00081,81,544,7,4,True,1,118.57116599276196,323.7478749942966,46.54441600723658,0.026874986360780895,370.31916598789394
pessimistic,150,multistation_rep,42,42,42,t00544-c00106,106,544,4,1,True,1,118.53483300365042,118.53483300365042,251.8407500028843,0.006416987162083387,370.3819999936968
pessimistic,150,multistation_rep,42,42,42,t00544-c00114,114,544,3,0,False,0,,,,,
pessimistic,150,multistation_rep,42,42,42,t00545-c00033,33,545,0,0,False,0,,,,,
pessimistic,150,multistation_rep,42,42,42,t00545-c00081,81,545,5,2,True,1,77.56950000475626,119.84533299983013,0.01779200101736933,0.01620801049284637,119.87933301134035
pessimistic,150,multistation_rep,42,42,42,t00545-c00114,114,545,3,0,False,0,,,,,
pessimistic,150,multistation_rep,42,42,42,t00546-c00033,33,546,9,0,False,0,,,,,
pessimistic,150,multistation_rep,42,42,42,t00546-c00088,88,546,8,4,True,1,164.71570800058544,605.3311670111725,74.1433329967549,0.029082992114126682,679.5035830000415
pessimistic,150,multistation_rep,42,42,42,t00546-c00114,114,546,5,1,True,1,354.8117089958396,354.8117089958396,324.7504159953678,0.006667003617621958,679.568791994825
pessimistic,150,multistation_rep,42,42,42,t00547-c00002,2,547,5,5,True,1,129.48316700931173,869.4170829985524,42.17100000823848,0.023542001144960523,911.6116250079358
pessimistic,150,multistation_rep,42,42,42,t00547-c00033,33,547,9,0,False,0,,,,,
pessimistic,150,multistation_rep,42,42,42,t00547-c00082,82,547,3,1,True,1,129.40187500498723,129.40187500498723,782.2052919946145,0.006416012183763087,911.6135830117855
pessimistic,150,multistation_rep,42,42,42,t00547-c00088,88,547,8,4,True,1,235.2706660021795,702.8107910009567,208.808167008101,0.006124988431110978,911.6250829974888
pessimistic,150,multistation_rep,42,42,42,t00547-c00114,114,547,5,1,True,1,558.8214580056956,558.8214580056956,352.79079199244734,0.004250003257766366,911.6165000014007
pessimistic,150,multistation_rep,42,42,42,t00548-c00033,33,548,8,0,False,0,,,,,
pessimistic,150,multistation_rep,42,42,42,t00548-c00082,82,548,3,0,False,0,,,,,
pessimistic,150,multistation_rep,42,42,42,t00549-c00033,33,549,16,0,False,0,,,,,
pessimistic,150,multistation_rep,42,42,42,t00549-c00059,59,549,6,6,True,1,61.591165998834185,836.4854999963427,10.658540995791554,0.022042004275135696,847.1660829964094
pessimistic,150,multistation_rep,42,42,42,t00549-c00082,82,549,6,1,True,1,193.81008300115354,193.81008300115354,653.386917008902,0.0069160014390945435,847.2039160114946
pessimistic,150,multistation_rep,42,42,42,t00550-c00033,33,550,8,0,False,0,,,,,
pessimistic,150,multistation_rep,42,42,42,t00551-c00033,33,551,7,0,False,0,,,,,
pessimistic,150,multistation_rep,42,42,42,t00551-c00058,58,551,14,10,True,1,67.94158299453557,789.9981670052512,0.02970799687318504,0.02112500078510493,790.0490000029095
pessimistic,150,multistation_rep,42,42,42,t00551-c00071,71,551,4,0,False,0,,,,,
pessimistic,150,multistation_rep,42,42,42,t00552-c00033,33,552,6,0,False,0,,,,,
pessimistic,150,multistation_rep,42,42,42,t00552-c00071,71,552,4,0,False,0,,,,,
pessimistic,150,multistation_rep,42,42,42,t00552-c00137,137,552,6,5,True,1,53.144707999308594,295.09733300074004,28.67541699379217,0.021832995116710663,323.7945829896489
pessimistic,150,multistation_rep,42,42,42,t00553-c00013,13,553,7,7,True,1,57.119707998936065,438.87312499282416,14.84649999474641,0.026417008484713733,453.7460419960553
pessimistic,150,multistation_rep,42,42,42,t00553-c00033,33,553,3,0,False,0,,,,,
pessimistic,150,multistation_rep,42,42,42,t00553-c00071,71,553,4,0,False,0,,,,,
pessimistic,150,multistation_rep,42,42,42,t00553-c00103,103,553,6,6,True,1,27.159959005075507,421.622916997876,32.090332999359816,0.00837500556372106,453.72162500279956
pessimistic,150,multistation_rep,42,42,42,t00554-c00010,10,554,3,3,True,1,220.15629200905096,550.8225000085076,21.926542001892813,0.029165996238589287,572.778208006639
pessimistic,150,multistation_rep,42,42,42,t00554-c00033,33,554,3,0,False,0,,,,,
pessimistic,150,multistation_rep,42,42,42,t00554-c00071,71,554,4,0,False,0,,,,,
pessimistic,150,multistation_rep,42,42,42,t00554-c00072,72,554,4,0,False,0,,,,,
pessimistic,150,multistation_rep,42,42,42,t00554-c00110,110,554,3,3,True,1,220.00754199689254,550.673874997301,22.051124993595295,0.006333008059300482,572.7313329989556
pessimistic,150,multistation_rep,42,42,42,t00555-c00010,10,555,3,2,True,1,144.47324999491684,297.9249170020921,22.813500007032417,0.031499992473982275,320.7699170015985
pessimistic,150,multistation_rep,42,42,42,t00555-c00033,33,555,3,0,False,0,,,,,
pessimistic,150,multistation_rep,42,42,42,t00555-c00071,71,555,4,0,False,0,,,,,
pessimistic,150,multistation_rep,42,42,42,t00555-c00072,72,555,4,0,False,0,,,,,
pessimistic,150,multistation_rep,42,42,42,t00556-c00033,33,556,5,0,False,0,,,,,
pessimistic,150,multistation_rep,42,42,42,t00556-c00071,71,556,4,0,False,0,,,,,
pessimistic,150,multistation_rep,42,42,42,t00556-c00072,72,556,4,0,False,0,,,,,
pessimistic,150,multistation_rep,42,42,42,t00557-c00006,6,557,0,0,False,0,,,,,
pessimistic,150,multistation_rep,42,42,42,t00557-c00033,33,557,4,0,False,0,,,,,
pessimistic,150,multistation_rep,42,42,42,t00557-c00071,71,557,4,0,False,0,,,,,
pessimistic,150,multistation_rep,42,42,42,t00557-c00072,72,557,3,0,False,0,,,,,
pessimistic,150,multistation_rep,42,42,42,t00558-c00006,6,558,3,0,False,0,,,,,
pessimistic,150,multistation_rep,42,42,42,t00558-c00033,33,558,6,0,False,0,,,,,
pessimistic,150,multistation_rep,42,42,42,t00558-c00071,71,558,5,2,True,1,81.02587499888614,122.03508400125429,104.77208299562335,0.02704199869185686,226.8342089955695
pessimistic,150,multistation_rep,42,42,42,t00558-c00072,72,558,3,0,False,0,,,,,
pessimistic,150,multistation_rep,42,42,42,t00559-c00006,6,559,7,2,True,1,392.1035829989705,451.08675000665244,378.53775000257883,0.017874990589916706,829.6423749998212
pessimistic,150,multistation_rep,42,42,42,t00559-c00033,33,559,4,0,False,0,,,,,
pessimistic,150,multistation_rep,42,42,42,t00559-c00036,36,559,4,4,True,1,95.69145899149589,762.8377499931958,66.81929199839942,0.007374997949227691,829.6644169895444
pessimistic,150,multistation_rep,42,42,42,t00559-c00071,71,559,3,1,True,1,200.35387499956414,200.35387499956414,629.2998749995604,0.00508299854118377,829.6588329976657
pessimistic,150,multistation_rep,42,42,42,t00559-c00072,72,559,3,0,False,0,,,,,
pessimistic,150,multistation_rep,42,42,42,t00559-c00081,81,559,9,2,True,1,504.17058399762027,829.4351250078762,0.1893339940579608,0.004707995685748756,829.6291669976199
pessimistic,150,multistation_rep,42,42,42,t00560-c00006,6,560,4,0,False,0,,,,,
pessimistic,150,multistation_rep,42,42,42,t00560-c00033,33,560,5,0,False,0,,,,,
pessimistic,150,multistation_rep,42,42,42,t00560-c00071,71,560,3,1,True,1,92.6248339965241,92.6248339965241,139.74670800962485,0.03254199691582471,232.40408400306478
pessimistic,150,multistation_rep,42,42,42,t00560-c00072,72,560,6,0,False,0,,,,,
pessimistic,150,multistation_rep,42,42,42,t00561-c00006,6,561,4,0,False,0,,,,,
pessimistic,150,multistation_rep,42,42,42,t00561-c00033,33,561,3,0,False,0,,,,,
pessimistic,150,multistation_rep,42,42,42,t00561-c00071,71,561,3,1,True,1,360.32974999397993,360.32974999397993,153.87208299944177,0.03633300366345793,514.2381659970852
pessimistic,150,multistation_rep,42,42,42,t00561-c00072,72,561,7,0,False,0,,,,,
pessimistic,150,multistation_rep,42,42,42,t00561-c00146,146,561,5,2,True,1,120.47587499546353,360.2601250022417,153.99191599863116,0.007833994459360838,514.2598749953322
pessimistic,150,multistation_rep,42,42,42,t00562-c00006,6,562,4,0,False,0,,,,,
pessimistic,150,multistation_rep,42,42,42,t00562-c00033,33,562,3,0,False,0,,,,,
pessimistic,150,multistation_rep,42,42,42,t00562-c00072,72,562,6,0,False,0,,,,,
pessimistic,150,multistation_rep,42,42,42,t00562-c00146,146,562,3,1,True,1,81.66916700429283,81.66916700429283,129.6452499955194,0.030499999411404133,211.34491699922364
pessimistic,150,multistation_rep,42,42,42,t00563-c00006,6,563,4,0,False,0,,,,,
pessimistic,150,multistation_rep,42,42,42,t00563-c00033,33,563,7,0,False,0,,,,,
pessimistic,150,multistation_rep,42,42,42,t00563-c00072,72,563,4,0,False,0,,,,,
pessimistic,150,multistation_rep,42,42,42,t00563-c00113,113,563,5,1,True,1,157.83487500448246,157.83487500448246,101.19691699219402,0.028542010113596916,259.0603340067901
pessimistic,150,multistation_rep,42,42,42,t00563-c00146,146,563,3,1,True,1,85.25624999310821,85.25624999310821,173.83191701082978,0.006457994459196925,259.0946249983972
pessimistic,150,multistation_rep,42,42,42,t00564-c00006,6,564,4,0,False,0,,,,,
pessimistic,150,multistation_rep,42,42,42,t00564-c00033,33,564,7,0,False,0,,,,,
pessimistic,150,multistation_rep,42,42,42,t00564-c00072,72,564,5,0,False,0,,,,,
pessimistic,150,multistation_rep,42,42,42,t00564-c00123,123,564,7,7,True,1,118.04437499085907,680.7258329936303,0.033208998502232134,0.017875005141831934,680.7769169972744
pessimistic,150,multistation_rep,42,42,42,t00565-c00006,6,565,4,0,False,0,,,,,
pessimistic,150,multistation_rep,42,42,42,t00565-c00008,8,565,3,1,True,1,313.8173750048736,313.8173750048736,70.78133299364708,0.027667003450915217,384.6263750019716
pessimistic,150,multistation_rep,42,42,42,t00565-c00033,33,565,3,0,False,0,,,,,
pessimistic,150,multistation_rep,42,42,42,t00565-c00072,72,565,6,0,False,0,,,,,
pessimistic,150,multistation_rep,42,42,42,t00566-c00006,6,566,4,0,False,0,,,,,
pessimistic,150,multistation_rep,42,42,42,t00566-c00033,33,566,0,0,False,0,,,,,
pessimistic,150,multistation_rep,42,42,42,t00566-c00072,72,566,3,0,False,0,,,,,
pessimistic,150,multistation_rep,42,42,42,t00567-c00006,6,567,4,0,False,0,,,,,
pessimistic,150,multistation_rep,42,42,42,t00567-c00033,33,567,3,0,False,0,,,,,
pessimistic,150,multistation_rep,42,42,42,t00567-c00072,72,567,8,0,False,0,,,,,
pessimistic,150,multistation_rep,42,42,42,t00568-c00006,6,568,4,0,False,0,,,,,
pessimistic,150,multistation_rep,42,42,42,t00568-c00033,33,568,3,0,False,0,,,,,
pessimistic,150,multistation_rep,42,42,42,t00568-c00072,72,568,3,0,False,0,,,,,
pessimistic,150,multistation_rep,42,42,42,t00568-c00075,75,568,3,1,True,1,153.79304200178012,153.79304200178012,14.752040995517746,0.020000006770715117,168.56508300406858
pessimistic,150,multistation_rep,42,42,42,t00569-c00006,6,569,4,0,False,0,,,,,
pessimistic,150,multistation_rep,42,42,42,t00569-c00033,33,569,4,0,False,0,,,,,
pessimistic,150,multistation_rep,42,42,42,t00569-c00072,72,569,3,0,False,0,,,,,
pessimistic,150,multistation_rep,42,42,42,t00569-c00075,75,569,3,1,True,1,359.66862499481067,359.66862499481067,122.83729200134985,0.015875004464760423,482.5217920006253
pessimistic,150,multistation_rep,42,42,42,t00569-c00101,101,569,4,4,True,1,71.87395798973739,482.44712498853914,0.12404100561980158,0.006999995093792677,482.57816598925274
pessimistic,150,multistation_rep,42,42,42,t00569-c00114,114,569,4,0,False,0,,,,,
pessimistic,150,multistation_rep,42,42,42,t00570-c00006,6,570,4,0,False,0,,,,,
pessimistic,150,multistation_rep,42,42,42,t00570-c00033,33,570,3,0,False,0,,,,,
pessimistic,150,multistation_rep,42,42,42,t00570-c00072,72,570,8,0,False,0,,,,,
pessimistic,150,multistation_rep,42,42,42,t00570-c00075,75,570,1,0,False,0,,,,,
pessimistic,150,multistation_rep,42,42,42,t00570-c00101,101,570,5,5,True,1,129.04291700397152,570.2322919969447,153.5293330089189,0.01766700006555766,723.7792920059292
pessimistic,150,multistation_rep,42,42,42,t00570-c00105,105,570,4,3,True,1,266.7439170036232,723.6975419946248,0.1433750003343448,0.007375012501142919,723.8482920074603
pessimistic,150,multistation_rep,42,42,42,t00570-c00106,106,570,6,0,False,0,,,,,
pessimistic,150,multistation_rep,42,42,42,t00570-c00114,114,570,5,2,True,1,424.4845420034835,512.9775420064107,210.84404199791607,0.005166002665646374,723.8267500069924
pessimistic,150,multistation_rep,42,42,42,t00571-c00006,6,571,4,0,False,0,,,,,
pessimistic,150,multistation_rep,42,42,42,t00571-c00033,33,571,8,0,False,0,,,,,
pessimistic,150,multistation_rep,42,42,42,t00571-c00066,66,571,8,0,False,0,,,,,
pessimistic,150,multistation_rep,42,42,42,t00571-c00072,72,571,4,0,False,0,,,,,
pessimistic,150,multistation_rep,42,42,42,t00571-c00075,75,571,3,1,True,1,720.6622499943478,720.6622499943478,340.7326670130715,0.03233298775739968,1061.4272499951767
pessimistic,150,multistation_rep,42,42,42,t00571-c00101,101,571,10,8,True,1,107.05612499441486,921.1949579912471,140.2814169996418,0.010166011634282768,1061.4865410025232
pessimistic,150,multistation_rep,42,42,42,t00571-c00105,105,571,4,3,True,1,264.0482080023503,1037.3464159929426,24.150500001269393,0.006000002031214535,1061.5029159962432
pessimistic,150,multistation_rep,42,42,42,t00571-c00106,106,571,11,3,True,1,495.52570800005924,816.8952909909422,244.59445899992716,0.005041001713834703,1061.4947909925831
pessimistic,150,multistation_rep,42,42,42,t00571-c00114,114,571,4,0,False,0,,,,,
pessimistic,150,multistation_rep,42,42,42,t00572-c00006,6,572,6,3,True,1,744.7482079878682,926.1250419949647,235.07116599648725,0.034042008337564766,1161.2302499997895
pessimistic,150,multistation_rep,42,42,42,t00572-c00033,33,572,7,0,False,0,,,,,
pessimistic,150,multistation_rep,42,42,42,t00572-c00066,66,572,9,0,False,0,,,,,
pessimistic,150,multistation_rep,42,42,42,t00572-c00072,72,572,10,0,False,0,,,,,
pessimistic,150,multistation_rep,42,42,42,t00572-c00101,101,572,3,1,True,1,475.24662500654813,475.24662500654813,685.9095419931691,0.006917005521245301,1161.1630840052385
pessimistic,150,multistation_rep,42,42,42,t00572-c00106,106,572,5,0,False,0,,,,,
pessimistic,150,multistation_rep,42,42,42,t00572-c00114,114,572,4,0,False,0,,,,,
pessimistic,150,multistation_rep,42,42,42,t00572-c00124,124,572,15,4,True,1,145.28620900819078,1050.0611669995124,111.05829200823791,0.006332993507385254,1161.1257920012577
pessimistic,150,multistation_rep,42,42,42,t00573-c00033,33,573,6,0,False,0,,,,,
pessimistic,150,multistation_rep,42,42,42,t00573-c00066,66,573,5,0,False,0,,,,,
pessimistic,150,multistation_rep,42,42,42,t00573-c00072,72,573,12,0,False,0,,,,,
pessimistic,150,multistation_rep,42,42,42,t00573-c00101,101,573,8,5,True,1,54.163209002581425,408.15766699961387,131.01654199999757,0.0322499981848523,539.2064589977963
pessimistic,150,multistation_rep,42,42,42,t00573-c00106,106,573,3,0,False,0,,,,,
pessimistic,150,multistation_rep,42,42,42,t00573-c00114,114,573,5,1,True,1,298.0575410038,298.0575410038,241.17033400398213,0.006707996362820268,539.234583004145
pessimistic,150,multistation_rep,42,42,42,t00574-c00027,27,574,5,2,True,1,154.57533299922943,508.1090000021504,256.324375004624,0.03779098915401846,764.4711659959285
pessimistic,150,multistation_rep,42,42,42,t00574-c00033,33,574,6,0,False,0,,,,,
pessimistic,150,multistation_rep,42,42,42,t00574-c00066,66,574,12,0,False,0,,,,,
pessimistic,150,multistation_rep,42,42,42,t00574-c00072,72,574,10,0,False,0,,,,,
pessimistic,150,multistation_rep,42,42,42,t00574-c00101,101,574,10,7,True,1,45.72379100136459,605.7560000044759,158.65970800223295,0.009333001798950136,764.4250410085078
pessimistic,150,multistation_rep,42,42,42,t00574-c00106,106,574,4,1,True,1,154.3938750110101,154.3938750110101,610.0259579980047,0.004959001671522856,764.4247920106864
pessimistic,150,multistation_rep,42,42,42,t00575-c00033,33,575,9,0,False,0,,,,,
pessimistic,150,multistation_rep,42,42,42,t00575-c00066,66,575,4,0,False,0,,,,,
pessimistic,150,multistation_rep,42,42,42,t00575-c00072,72,575,7,0,False,0,,,,,
pessimistic,150,multistation_rep,42,42,42,t00575-c00106,106,575,6,1,True,1,238.67783400055487,238.67783400055487,128.85049999749754,0.02983299782499671,367.5581669958774
pessimistic,150,multistation_rep,42,42,42,t00576-c00033,33,576,10,0,False,0,,,,,
pessimistic,150,multistation_rep,42,42,42,t00576-c00066,66,576,7,0,False,0,,,,,
pessimistic,150,multistation_rep,42,42,42,t00576-c00072,72,576,3,0,False,0,,,,,
pessimistic,150,multistation_rep,42,42,42,t00576-c00106,106,576,6,1,True,1,197.6857910049148,197.6857910049148,180.37141699460335,0.033042000723071396,378.0902500002412
pessimistic,150,multistation_rep,42,42,42,t00577-c00033,33,577,6,0,False,0,,,,,
pessimistic,150,multistation_rep,42,42,42,t00577-c00066,66,577,7,0,False,0,,,,,
pessimistic,150,multistation_rep,42,42,42,t00577-c00072,72,577,3,0,False,0,,,,,
pessimistic,150,multistation_rep,42,42,42,t00577-c00103,103,577,3,2,True,1,86.40054198622238,388.1823749979958,95.83520799060352,0.030709008569829166,484.04829199716914
pessimistic,150,multistation_rep,42,42,42,t00577-c00106,106,577,6,1,True,1,255.18179200298619,255.18179200298619,228.90862499480136,0.007250011549331248,484.0976670093369
pessimistic,150,multistation_rep,42,42,42,t00578-c00013,13,578,3,2,True,1,93.0690829991363,163.1299579894403,179.5725000120001,0.03237499913666397,342.73483300057705
pessimistic,150,multistation_rep,42,42,42,t00578-c00033,33,578,3,0,False,0,,,,,
pessimistic,150,multistation_rep,42,42,42,t00578-c00066,66,578,7,0,False,0,,,,,
pessimistic,150,multistation_rep,42,42,42,t00578-c00072,72,578,3,0,False,0,,,,,
pessimistic,150,multistation_rep,42,42,42,t00578-c00106,106,578,6,1,True,1,222.6233749970561,222.6233749970561,120.04833300306927,0.007875001756474376,342.67958300188184
pessimistic,150,multistation_rep,42,42,42,t00579-c00033,33,579,3,0,False,0,,,,,
pessimistic,150,multistation_rep,42,42,42,t00579-c00066,66,579,7,0,False,0,,,,,
pessimistic,150,multistation_rep,42,42,42,t00579-c00072,72,579,6,0,False,0,,,,,
pessimistic,150,multistation_rep,42,42,42,t00579-c00106,106,579,9,2,True,1,240.7448750018375,294.1822080028942,67.32245799503289,0.03037499845959246,361.53504099638667
pessimistic,150,multistation_rep,42,42,42,t00580-c00033,33,580,3,0,False,0,,,,,
pessimistic,150,multistation_rep,42,42,42,t00580-c00047,47,580,3,0,False,0,,,,,
pessimistic,150,multistation_rep,42,42,42,t00580-c00066,66,580,7,0,False,0,,,,,
pessimistic,150,multistation_rep,42,42,42,t00580-c00072,72,580,7,0,False,0,,,,,
pessimistic,150,multistation_rep,42,42,42,t00581-c00004,4,581,7,2,True,1,479.72812499210704,568.5561249993043,485.6237079948187,0.017416998161934316,1054.197249992285
pessimistic,150,multistation_rep,42,42,42,t00581-c00033,33,581,4,0,False,0,,,,,
pessimistic,150,multistation_rep,42,42,42,t00581-c00047,47,581,4,0,False,0,,,,,
pessimistic,150,multistation_rep,42,42,42,t00581-c00066,66,581,8,0,False,0,,,,,
pessimistic,150,multistation_rep,42,42,42,t00581-c00072,72,581,7,0,False,0,,,,,
pessimistic,150,multistation_rep,42,42,42,t00581-c00081,81,581,8,1,True,1,764.5358750014566,764.5358750014566,289.5774589997018,0.006041009328328073,1054.1193750104867
pessimistic,150,multistation_rep,42,42,42,t00581-c00093,93,581,7,7,True,1,71.58791700203437,1053.9484170003561,0.16791699454188347,0.006832997314631939,1054.1231669922126
pessimistic,150,multistation_rep,42,42,42,t00581-c00113,113,581,3,1,True,1,239.31712500052527,239.31712500052527,814.7934169974178,0.004083005478605628,1054.1146250034217
pessimistic,150,multistation_rep,42,42,42,t00582-c00004,4,582,9,1,True,1,594.1635829949519,594.1635829949519,73.28091700037476,0.028041002224199474,667.4725409975508
pessimistic,150,multistation_rep,42,42,42,t00582-c00033,33,582,0,0,False,0,,,,,
pessimistic,150,multistation_rep,42,42,42,t00582-c00047,47,582,4,0,False,0,,,,,
pessimistic,150,multistation_rep,42,42,42,t00582-c00066,66,582,13,0,False,0,,,,,
pessimistic,150,multistation_rep,42,42,42,t00582-c00072,72,582,3,0,False,0,,,,,
pessimistic,150,multistation_rep,42,42,42,t00583-c00033,33,583,3,0,False,0,,,,,
pessimistic,150,multistation_rep,42,42,42,t00583-c00040,40,583,3,2,True,1,90.53204199881293,144.41333399736322,127.94470800145064,0.03345801087561995,272.3915000096895
pessimistic,150,multistation_rep,42,42,42,t00583-c00047,47,583,4,0,False,0,,,,,
pessimistic,150,multistation_rep,42,42,42,t00583-c00066,66,583,9,0,False,0,,,,,
pessimistic,150,multistation_rep,42,42,42,t00583-c00072,72,583,1,0,False,0,,,,,
pessimistic,150,multistation_rep,42,42,42,t00584-c00033,33,584,3,0,False,0,,,,,
pessimistic,150,multistation_rep,42,42,42,t00584-c00047,47,584,3,1,True,1,494.3835829908494,494.3835829908494,182.42354200629052,0.01958299253601581,676.8267079896759
pessimistic,150,multistation_rep,42,42,42,t00584-c00066,66,584,5,0,False,0,,,,,
pessimistic,150,multistation_rep,42,42,42,t00584-c00072,72,584,3,0,False,0,,,,,
pessimistic,150,multistation_rep,42,42,42,t00584-c00084,84,584,9,5,True,1,199.506791002932,659.4243330036988,17.382374993758276,0.007916998583823442,676.814624996041
pessimistic,150,multistation_rep,42,42,42,t00585-c00033,33,585,3,0,False,0,,,,,
pessimistic,150,multistation_rep,42,42,42,t00585-c00066,66,585,6,0,False,0,,,,,
pessimistic,150,multistation_rep,42,42,42,t00585-c00072,72,585,1,0,False,0,,,,,
pessimistic,150,multistation_rep,42,42,42,t00586-c00033,33,586,4,0,False,0,,,,,
pessimistic,150,multistation_rep,42,42,42,t00586-c00043,43,586,8,2,True,1,106.23287499765866,265.8372909936588,0.021500003640539944,0.016708989278413355,265.8754999865778
pessimistic,150,multistation_rep,42,42,42,t00586-c00066,66,586,6,0,False,0,,,,,
pessimistic,150,multistation_rep,42,42,42,t00586-c00072,72,586,0,0,False,0,,,,,
pessimistic,150,multistation_rep,42,42,42,t00587-c00033,33,587,4,0,False,0,,,,,
pessimistic,150,multistation_rep,42,42,42,t00587-c00043,43,587,4,3,True,1,167.73549999925308,487.9426660045283,0.022624997654929757,0.017708996892906725,487.9829999990761
pessimistic,150,multistation_rep,42,42,42,t00587-c00066,66,587,6,0,False,0,,,,,
pessimistic,150,multistation_rep,42,42,42,t00587-c00072,72,587,4,0,False,0,,,,,
pessimistic,150,multistation_rep,42,42,42,t00588-c00033,33,588,4,0,False,0,,,,,
pessimistic,150,multistation_rep,42,42,42,t00588-c00066,66,588,4,0,False,0,,,,,
pessimistic,150,multistation_rep,42,42,42,t00588-c00072,72,588,4,0,False,0,,,,,
pessimistic,150,multistation_rep,42,42,42,t00589-c00005,5,589,8,4,True,1,53.0510420067003,242.05825000535697,48.26216699439101,0.034374999813735485,290.3547919995617
pessimistic,150,multistation_rep,42,42,42,t00589-c00033,33,589,3,0,False,0,,,,,
pessimistic,150,multistation_rep,42,42,42,t00589-c00066,66,589,3,0,False,0,,,,,
pessimistic,150,multistation_rep,42,42,42,t00589-c00072,72,589,4,0,False,0,,,,,
pessimistic,150,multistation_rep,42,42,42,t00590-c00005,5,590,4,1,True,1,201.05449999391567,201.05449999391567,0.011249998351559043,0.015375000657513738,201.08112499292474
pessimistic,150,multistation_rep,42,42,42,t00590-c00033,33,590,4,0,False,0,,,,,
pessimistic,150,multistation_rep,42,42,42,t00590-c00066,66,590,3,0,False,0,,,,,
pessimistic,150,multistation_rep,42,42,42,t00590-c00072,72,590,4,0,False,0,,,,,
pessimistic,150,multistation_rep,42,42,42,t00591-c00033,33,591,3,0,False,0,,,,,
pessimistic,150,multistation_rep,42,42,42,t00591-c00066,66,591,3,0,False,0,,,,,
pessimistic,150,multistation_rep,42,42,42,t00591-c00072,72,591,3,0,False,0,,,,,
pessimistic,150,multistation_rep,42,42,42,t00591-c00119,119,591,5,5,True,1,66.14070899377111,347.4874169914983,0.03212501178495586,0.01549998705741018,347.5350419903407
pessimistic,150,multistation_rep,42,42,42,t00592-c00033,33,592,4,0,False,0,,,,,
pessimistic,150,multistation_rep,42,42,42,t00592-c00065,65,592,12,1,True,1,212.73641599691473,212.73641599691473,107.87166700174566,0.03275000199209899,320.6408330006525
pessimistic,150,multistation_rep,42,42,42,t00592-c00066,66,592,3,0,False,0,,,,,
pessimistic,150,multistation_rep,42,42,42,t00592-c00072,72,592,3,0,False,0,,,,,
pessimistic,150,multistation_rep,42,42,42,t00593-c00033,33,593,1,0,False,0,,,,,
pessimistic,150,multistation_rep,42,42,42,t00593-c00066,66,593,4,0,False,0,,,,,
pessimistic,150,multistation_rep,42,42,42,t00593-c00072,72,593,3,0,False,0,,,,,
pessimistic,150,multistation_rep,42,42,42,t00594-c00033,33,594,1,0,False,0,,,,,
pessimistic,150,multistation_rep,42,42,42,t00594-c00066,66,594,3,0,False,0,,,,,
pessimistic,150,multistation_rep,42,42,42,t00594-c00072,72,594,3,0,False,0,,,,,
pessimistic,150,multistation_rep,42,42,42,t00595-c00033,33,595,2,0,False,0,,,,,
pessimistic,150,multistation_rep,42,42,42,t00595-c00066,66,595,3,0,False,0,,,,,
pessimistic,150,multistation_rep,42,42,42,t00595-c00072,72,595,1,0,False,0,,,,,
pessimistic,150,multistation_rep,42,42,42,t00596-c00066,66,596,3,0,False,0,,,,,
pessimistic,150,multistation_rep,42,42,42,t00596-c00072,72,596,3,0,False,0,,,,,
pessimistic,150,multistation_rep,42,42,42,t00597-c00066,66,597,3,0,False,0,,,,,
pessimistic,150,multistation_rep,42,42,42,t00597-c00072,72,597,8,0,False,0,,,,,
pessimistic,150,multistation_rep,42,42,42,t00598-c00066,66,598,3,0,False,0,,,,,
pessimistic,150,multistation_rep,42,42,42,t00598-c00072,72,598,4,0,False,0,,,,,
pessimistic,150,multistation_rep,42,42,42,t00599-c00059,59,599,11,11,True,1,180.09516700112727,1853.970666998066,34.62845800095238,0.04387499939184636,1888.6429999984102
pessimistic,150,multistation_rep,42,42,42,t00599-c00066,66,599,4,0,False,0,,,,,
pessimistic,150,multistation_rep,42,42,42,t00599-c00072,72,599,4,0,False,0,,,,,
pessimistic,150,multistation_rep,42,42,42,t00599-c00135,135,599,14,8,True,1,179.97808300424367,1317.234207992442,571.3779170037014,0.010250005288980901,1888.6223750014324
pessimistic,150,multistation_rep,42,42,42,t00600-c00066,66,600,4,0,False,0,,,,,
pessimistic,150,multistation_rep,42,42,42,t00600-c00072,72,600,4,0,False,0,,,,,
pessimistic,150,multistation_rep,42,42,42,t00600-c00086,86,600,7,7,True,1,34.27295800065622,341.343042004155,18.751540992525406,0.022375010303221643,360.1169580069836
pessimistic,150,multistation_rep,42,42,42,t00601-c00066,66,601,3,0,False,0,,,,,
pessimistic,150,multistation_rep,42,42,42,t00601-c00072,72,601,4,0,False,0,,,,,
pessimistic,150,multistation_rep,42,42,42,t00601-c00086,86,601,3,3,True,1,63.062999994144775,351.0581250011455,33.55120799096767,0.02662499900907278,384.63595799112227
pessimistic,150,multistation_rep,42,42,42,t00601-c00106,106,601,3,1,True,1,269.4771669921465,269.4771669921465,115.20012500113808,0.0066250067902728915,384.68391700007487
pessimistic,150,multistation_rep,42,42,42,t00602-c00039,39,602,3,2,True,1,76.2527089973446,160.8109589869855,53.99779100844171,0.03866699989885092,214.84741699532606
pessimistic,150,multistation_rep,42,42,42,t00602-c00066,66,602,3,0,False,0,,,,,
pessimistic,150,multistation_rep,42,42,42,t00602-c00072,72,602,4,0,False,0,,,,,
pessimistic,150,multistation_rep,42,42,42,t00603-c00066,66,603,3,0,False,0,,,,,
pessimistic,150,multistation_rep,42,42,42,t00603-c00072,72,603,3,0,False,0,,,,,
pessimistic,150,multistation_rep,42,42,42,t00603-c00105,105,603,7,0,False,0,,,,,
pessimistic,150,multistation_rep,42,42,42,t00604-c00019,19,604,7,6,True,1,139.19862499460578,577.9543340031523,14.725040993653238,0.023500004317611456,592.7028750011232
pessimistic,150,multistation_rep,42,42,42,t00604-c00066,66,604,8,0,False,0,,,,,
pessimistic,150,multistation_rep,42,42,42,t00604-c00072,72,604,0,0,False,0,,,,,
pessimistic,150,multistation_rep,42,42,42,t00604-c00105,105,604,6,0,False,0,,,,,
pessimistic,150,multistation_rep,42,42,42,t00605-c00006,6,605,10,3,True,1,231.18224999052472,455.28204199217726,85.89050000591669,0.031916992156766355,541.2044589902507
pessimistic,150,multistation_rep,42,42,42,t00605-c00066,66,605,4,0,False,0,,,,,
pessimistic,150,multistation_rep,42,42,42,t00605-c00072,72,605,2,0,False,0,,,,,
pessimistic,150,multistation_rep,42,42,42,t00605-c00105,105,605,3,0,False,0,,,,,
pessimistic,150,multistation_rep,42,42,42,t00606-c00006,6,606,7,2,True,1,357.731791009428,506.04987499536946,69.80441600899212,0.018416991224512458,575.8727079955861
pessimistic,150,multistation_rep,42,42,42,t00606-c00066,66,606,4,0,False,0,,,,,
pessimistic,150,multistation_rep,42,42,42,t00606-c00072,72,606,3,0,False,0,,,,,
pessimistic,150,multistation_rep,42,42,42,t00606-c00105,105,606,3,0,False,0,,,,,
pessimistic,150,multistation_rep,42,42,42,t00606-c00142,142,606,7,7,True,1,60.500332998344675,560.30658299278,15.506042007473297,0.008999995770864189,575.8216249960242
pessimistic,150,multistation_rep,42,42,42,t00607-c00066,66,607,3,0,False,0,,,,,
pessimistic,150,multistation_rep,42,42,42,t00607-c00072,72,607,1,0,False,0,,,,,
pessimistic,150,multistation_rep,42,42,42,t00607-c00105,105,607,3,0,False,0,,,,,
pessimistic,150,multistation_rep,42,42,42,t00607-c00139,139,607,3,2,True,1,57.24275000102352,959.128917005728,182.4830830009887,0.01649999467190355,1141.6285000013886
pessimistic,150,multistation_rep,42,42,42,t00607-c00142,142,607,12,12,True,1,126.04350000037812,1141.5462500008289,0.12641699868254364,0.010332994861528277,1141.682999994373
pessimistic,150,multistation_rep,42,42,42,t00608-c00066,66,608,6,0,False,0,,,,,
pessimistic,150,multistation_rep,42,42,42,t00608-c00072,72,608,6,0,False,0,,,,,
pessimistic,150,multistation_rep,42,42,42,t00608-c00105,105,608,5,0,False,0,,,,,
pessimistic,150,multistation_rep,42,42,42,t00608-c00142,142,608,7,6,True,1,56.00595800206065,403.8045420020353,26.439458000822924,0.024958004360087216,430.2689580072183
pessimistic,150,multistation_rep,42,42,42,t00609-c00035,35,609,3,1,True,1,220.5170000088401,220.5170000088401,410.90733399323653,0.036375000490807,631.4607090025675
pessimistic,150,multistation_rep,42,42,42,t00609-c00066,66,609,6,0,False,0,,,,,
pessimistic,150,multistation_rep,42,42,42,t00609-c00072,72,609,6,0,False,0,,,,,
pessimistic,150,multistation_rep,42,42,42,t00609-c00103,103,609,10,7,True,1,71.6735830064863,602.5418750068638,28.913665999425575,0.009583993232809007,631.4651249995222
pessimistic,150,multistation_rep,42,42,42,t00609-c00105,105,609,9,0,False,0,,,,,
pessimistic,150,multistation_rep,42,42,42,t00610-c00035,35,610,4,3,True,1,620.2002499921946,740.2999170008115,728.6498329922324,0.024958004360087216,1468.974707997404
pessimistic,150,multistation_rep,42,42,42,t00610-c00052,52,610,10,8,True,1,101.0636249993695,1387.1212910016766,81.90937498875428,0.008500006515532732,1469.0391659969464
pessimistic,150,multistation_rep,42,42,42,t00610-c00066,66,610,6,0,False,0,,,,,
pessimistic,150,multistation_rep,42,42,42,t00610-c00072,72,610,0,0,False,0,,,,,
pessimistic,150,multistation_rep,42,42,42,t00610-c00103,103,610,8,5,True,1,560.1831250096438,1453.7766249995911,15.195166997727938,0.0059580052038654685,1468.977750002523
pessimistic,150,multistation_rep,42,42,42,t00610-c00105,105,610,11,0,False,0,,,,,
pessimistic,150,multistation_rep,42,42,42,t00610-c00113,113,610,8,6,True,1,141.22108300216496,1453.7149170064367,15.221583002130501,0.004874993464909494,1468.9413750020321
pessimistic,150,multistation_rep,42,42,42,t00611-c00035,35,611,9,5,True,1,67.15908300247975,911.7850409966195,136.78287500806618,0.023333996068686247,1048.5912500007544
pessimistic,150,multistation_rep,42,42,42,t00611-c00036,36,611,4,1,True,1,297.80433399719186,297.80433399719186,750.82004100841,0.006874994141981006,1048.6312499997439
pessimistic,150,multistation_rep,42,42,42,t00611-c00052,52,611,6,5,True,1,297.7714579901658,1034.4864999933634,14.139082995825447,0.006208007107488811,1048.6317909962963
pessimistic,150,multistation_rep,42,42,42,t00611-c00066,66,611,4,0,False,0,,,,,
pessimistic,150,multistation_rep,42,42,42,t00611-c00105,105,611,12,0,False,0,,,,,
pessimistic,150,multistation_rep,42,42,42,t00612-c00052,52,612,4,2,True,1,76.33370799885597,232.6853749982547,14.162874998874031,0.021958010620437562,246.87020800774917
pessimistic,150,multistation_rep,42,42,42,t00612-c00105,105,612,12,0,False,0,,,,,
pessimistic,150,multistation_rep,42,42,42,t00613-c00105,105,613,7,0,False,0,,,,,
pessimistic,150,multistation_rep,42,42,42,t00614-c00010,10,614,7,1,True,1,162.65416699752677,162.65416699752677,87.49045799777377,0.03604200901463628,250.18066700431518
pessimistic,150,multistation_rep,42,42,42,t00614-c00105,105,614,7,0,False,0,,,,,
pessimistic,150,multistation_rep,42,42,42,t00615-c00105,105,615,7,0,False,0,,,,,
pessimistic,150,multistation_rep,42,42,42,t00616-c00043,43,616,4,3,True,1,148.11737499258015,405.8918339869706,0.017333004507236183,0.018000006093643606,405.9271669975715
pessimistic,150,multistation_rep,42,42,42,t00616-c00105,105,616,7,0,False,0,,,,,
pessimistic,150,multistation_rep,42,42,42,t00617-c00105,105,617,7,0,False,0,,,,,
pessimistic,150,multistation_rep,42,42,42,t00618-c00074,74,618,7,2,True,1,77.4167089984985,136.34012499824166,0.01824999344535172,0.014292003470472991,136.3726669951575
pessimistic,150,multistation_rep,42,42,42,t00618-c00105,105,618,3,0,False,0,,,,,
pessimistic,150,multistation_rep,42,42,42,t00619-c00105,105,619,5,0,False,0,,,,,
pessimistic,150,multistation_rep,42,42,42,t00620-c00105,105,620,7,0,False,0,,,,,
pessimistic,150,multistation_rep,42,42,42,t00621-c00105,105,621,3,0,False,0,,,,,
pessimistic,150,multistation_rep,42,42,42,t00622-c00105,105,622,5,0,False,0,,,,,
pessimistic,150,multistation_rep,42,42,42,t00623-c00105,105,623,4,0,False,0,,,,,
pessimistic,150,multistation_rep,42,42,42,t00624-c00105,105,624,3,0,False,0,,,,,
pessimistic,150,multistation_rep,42,42,42,t00624-c00133,133,624,8,4,True,1,93.79187499871477,258.70491699606646,55.38441600219812,0.028624999686144292,314.1179579979507
pessimistic,150,multistation_rep,42,42,42,t00625-c00076,76,625,6,0,False,0,,,,,
pessimistic,150,multistation_rep,42,42,42,t00625-c00105,105,625,11,0,False,0,,,,,
pessimistic,150,multistation_rep,42,42,42,t00625-c00133,133,625,7,3,True,1,58.08820899983402,182.59433400817215,80.01312499982305,0.024082997697405517,262.6315420056926
pessimistic,150,multistation_rep,42,42,42,t00626-c00000,0,626,3,3,True,1,47.5470000092173,357.7691670070635,77.0227079920005,0.01445900124963373,434.80633400031365
pessimistic,150,multistation_rep,42,42,42,t00626-c00018,18,626,5,4,True,1,148.03383300022688,434.7338329971535,0.10391700197942555,0.007291993824765086,434.8450419929577
pessimistic,150,multistation_rep,42,42,42,t00626-c00076,76,626,5,0,False,0,,,,,
pessimistic,150,multistation_rep,42,42,42,t00626-c00105,105,626,3,0,False,0,,,,,
pessimistic,150,multistation_rep,42,42,42,t00627-c00065,65,627,4,0,False,0,,,,,
pessimistic,150,multistation_rep,42,42,42,t00627-c00076,76,627,3,1,True,1,165.0008330034325,165.0008330034325,41.303083999082446,0.022416003048419952,206.32633300556336
pessimistic,150,multistation_rep,42,42,42,t00627-c00105,105,627,3,0,False,0,,,,,
pessimistic,150,multistation_rep,42,42,42,t00628-c00065,65,628,3,0,False,0,,,,,
pessimistic,150,multistation_rep,42,42,42,t00628-c00076,76,628,7,1,True,1,327.4725419905735,327.4725419905735,45.52875000808854,0.03129200194962323,373.0325840006117
pessimistic,150,multistation_rep,42,42,42,t00628-c00105,105,628,10,0,False,0,,,,,
pessimistic,150,multistation_rep,42,42,42,t00629-c00065,65,629,6,0,False,0,,,,,
pessimistic,150,multistation_rep,42,42,42,t00629-c00076,76,629,8,2,True,1,246.9729160075076,407.4838329979684,48.77795799984597,0.035792007111012936,456.2975830049254
pessimistic,150,multistation_rep,42,42,42,t00629-c00105,105,629,10,0,False,0,,,,,
pessimistic,150,multistation_rep,42,42,42,t00630-c00034,34,630,7,3,True,1,208.51941700675525,323.00195901189,36.78970799956005,0.03312499029561877,359.82479200174566
pessimistic,150,multistation_rep,42,42,42,t00630-c00065,65,630,6,0,False,0,,,,,
pessimistic,150,multistation_rep,42,42,42,t00630-c00076,76,630,4,1,True,1,113.693459003116,113.693459003116,246.14604099770077,0.007334005204029381,359.8468340060208
pessimistic,150,multistation_rep,42,42,42,t00630-c00105,105,630,7,0,False,0,,,,,
pessimistic,150,multistation_rep,42,42,42,t00631-c00034,34,631,4,0,False,0,,,,,
pessimistic,150,multistation_rep,42,42,42,t00631-c00065,65,631,4,2,True,1,79.84699998633005,179.05662499833852,262.17987498966977,0.027000001864507794,441.2634999898728
pessimistic,150,multistation_rep,42,42,42,t00631-c00076,76,631,8,2,True,1,277.07024999835994,395.1730839908123,46.131416005664505,0.0072499969974160194,441.3117499934742
pessimistic,150,multistation_rep,42,42,42,t00631-c00105,105,631,5,0,False,0,,,,,
pessimistic,150,multistation_rep,42,42,42,t00632-c00034,34,632,4,0,False,0,,,,,
pessimistic,150,multistation_rep,42,42,42,t00632-c00105,105,632,6,0,False,0,,,,,
pessimistic,150,multistation_rep,42,42,42,t00633-c00034,34,633,6,1,True,1,159.1449580009794,159.1449580009794,142.24862499395385,0.020082996343262494,301.4136659912765
pessimistic,150,multistation_rep,42,42,42,t00633-c00103,103,633,3,2,True,1,82.465042010881,278.8124170037918,22.61933300178498,0.007042006473056972,301.4387920120498
pessimistic,150,multistation_rep,42,42,42,t00633-c00105,105,633,8,0,False,0,,,,,
pessimistic,150,multistation_rep,42,42,42,t00634-c00046,46,634,7,0,False,0,,,,,
pessimistic,150,multistation_rep,42,42,42,t00634-c00103,103,634,3,1,True,1,195.4524580069119,195.4524580069119,22.15520798927173,0.018874998204410076,217.62654099438805
pessimistic,150,multistation_rep,42,42,42,t00634-c00105,105,634,7,0,False,0,,,,,
pessimistic,150,multistation_rep,42,42,42,t00635-c00046,46,635,6,1,True,1,42.929709001327865,42.929709001327865,115.50420799176209,0.024375010980293155,158.45829200407024
pessimistic,150,multistation_rep,42,42,42,t00635-c00103,103,635,0,0,False,0,,,,,
pessimistic,150,multistation_rep,42,42,42,t00635-c00105,105,635,7,0,False,0,,,,,
pessimistic,150,multistation_rep,42,42,42,t00636-c00062,62,636,6,2,True,1,54.9802909954451,105.58862499601673,333.1761250010459,0.015249999705702066,438.7799999967683
pessimistic,150,multistation_rep,42,42,42,t00636-c00064,64,636,3,3,True,1,146.98766700166743,306.5388749964768,132.28520900884178,0.0070829992182552814,438.83116700453684
pessimistic,150,multistation_rep,42,42,42,t00636-c00103,103,636,3,0,False,0,,,,,
pessimistic,150,multistation_rep,42,42,42,t00636-c00105,105,636,6,0,False,0,,,,,
pessimistic,150,multistation_rep,42,42,42,t00636-c00136,136,636,4,1,True,1,438.6019160010619,438.6019160010619,0.16045899246819317,0.004541012458503246,438.7669160059886
pessimistic,150,multistation_rep,42,42,42,t00637-c00062,62,637,12,3,True,1,416.6610410029534,759.8675830085995,0.01970799348782748,0.015541998436674476,759.902833000524
pessimistic,150,multistation_rep,42,42,42,t00637-c00064,64,637,8,6,True,1,95.42341700580437,759.8306669970043,0.12850000348407775,0.0076669966802001,759.9668339971686
pessimistic,150,multistation_rep,42,42,42,t00637-c00103,103,637,3,0,False,0,,,,,
pessimistic,150,multistation_rep,42,42,42,t00637-c00105,105,637,6,0,False,0,,,,,
pessimistic,150,multistation_rep,42,42,42,t00637-c00136,136,637,6,2,True,1,505.40462498611305,759.7284160001436,0.17491698963567615,0.0050000089686363935,759.9083329987479
pessimistic,150,multistation_rep,42,42,42,t00638-c00062,62,638,13,3,True,1,470.34524999617133,816.5854159888113,0.019584011170081794,0.017290993127971888,816.6222909931093
pessimistic,150,multistation_rep,42,42,42,t00638-c00064,64,638,8,7,True,1,62.797624996164814,470.30654099944513,346.3496250042226,0.008416987839154899,816.6645829915069
pessimistic,150,multistation_rep,42,42,42,t00638-c00103,103,638,5,0,False,0,,,,,
pessimistic,150,multistation_rep,42,42,42,t00638-c00105,105,638,2,0,False,0,,,,,
pessimistic,150,multistation_rep,42,42,42,t00638-c00136,136,638,6,2,True,1,569.4151249917923,816.4415409992216,0.151833999552764,0.005374997272156179,816.5987499960465
pessimistic,150,multistation_rep,42,42,42,t00639-c00032,32,639,6,0,False,0,,,,,
pessimistic,150,multistation_rep,42,42,42,t00639-c00103,103,639,7,0,False,0,,,,,
pessimistic,150,multistation_rep,42,42,42,t00639-c00105,105,639,7,0,False,0,,,,,
pessimistic,150,multistation_rep,42,42,42,t00640-c00032,32,640,9,3,True,1,171.851749997586,319.3427090009209,62.37450000480749,0.030457988032139838,381.7476669937605
pessimistic,150,multistation_rep,42,42,42,t00640-c00103,103,640,6,0,False,0,,,,,
pessimistic,150,multistation_rep,42,42,42,t00640-c00105,105,640,7,0,False,0,,,,,
pessimistic,150,multistation_rep,42,42,42,t00641-c00032,32,641,11,2,True,1,209.7618340048939,258.76091700047255,52.62795800808817,0.026291992980986834,311.4151670015417
pessimistic,150,multistation_rep,42,42,42,t00641-c00103,103,641,6,0,False,0,,,,,
pessimistic,150,multistation_rep,42,42,42,t00641-c00105,105,641,5,0,False,0,,,,,
pessimistic,150,multistation_rep,42,42,42,t00642-c00103,103,642,9,0,False,0,,,,,
pessimistic,150,multistation_rep,42,42,42,t00642-c00105,105,642,5,0,False,0,,,,,
pessimistic,150,multistation_rep,42,42,42,t00643-c00103,103,643,5,0,False,0,,,,,
pessimistic,150,multistation_rep,42,42,42,t00643-c00105,105,643,8,0,False,0,,,,,
pessimistic,150,multistation_rep,42,42,42,t00643-c00142,142,643,4,1,True,1,80.69274999434128,80.69274999434128,121.31537499953993,0.03025001205969602,202.0383750059409
pessimistic,150,multistation_rep,42,42,42,t00644-c00103,103,644,15,0,False,0,,,,,
pessimistic,150,multistation_rep,42,42,42,t00644-c00105,105,644,2,0,False,0,,,,,
pessimistic,150,multistation_rep,42,42,42,t00645-c00103,103,645,15,0,False,0,,,,,
pessimistic,150,multistation_rep,42,42,42,t00645-c00105,105,645,6,0,False,0,,,,,
pessimistic,150,multistation_rep,42,42,42,t00646-c00103,103,646,15,0,False,0,,,,,
pessimistic,150,multistation_rep,42,42,42,t00646-c00105,105,646,5,0,False,0,,,,,
pessimistic,150,multistation_rep,42,42,42,t00646-c00139,139,646,3,2,True,1,108.89254200446885,408.30966700741556,62.173250000341795,0.02274999860674143,470.5056670063641
pessimistic,150,multistation_rep,42,42,42,t00647-c00038,38,647,4,3,True,1,165.29679100494832,616.5125830011675,0.018749997252598405,0.021083003957755864,616.5524160023779
pessimistic,150,multistation_rep,42,42,42,t00647-c00052,52,647,8,2,True,1,349.8442080017412,550.5798749945825,66.01391700678505,0.008165996405296028,616.6019579977728
pessimistic,150,multistation_rep,42,42,42,t00647-c00103,103,647,11,0,False,0,,,,,
pessimistic,150,multistation_rep,42,42,42,t00647-c00105,105,647,7,0,False,0,,,,,
pessimistic,150,multistation_rep,42,42,42,t00648-c00025,25,648,8,4,True,1,85.5457919969922,350.70895799435675,99.82220899837557,0.0338749960064888,450.5650419887388
pessimistic,150,multistation_rep,42,42,42,t00648-c00103,103,648,15,0,False,0,,,,,
pessimistic,150,multistation_rep,42,42,42,t00648-c00105,105,648,4,0,False,0,,,,,
pessimistic,150,multistation_rep,42,42,42,t00649-c00025,25,649,5,1,True,1,141.34995799395256,141.34995799395256,75.92050000675954,0.03037499845959246,217.3008329991717
pessimistic,150,multistation_rep,42,42,42,t00649-c00103,103,649,8,0,False,0,,,,,
pessimistic,150,multistation_rep,42,42,42,t00649-c00105,105,649,5,0,False,0,,,,,
pessimistic,150,multistation_rep,42,42,42,t00650-c00025,25,650,9,1,True,1,181.3941669970518,181.3941669970518,169.98870800307486,0.029000002541579306,351.41187500266824
pessimistic,150,multistation_rep,42,42,42,t00650-c00103,103,650,5,0,False,0,,,,,
pessimistic,150,multistation_rep,42,42,42,t00650-c00105,105,650,15,0,False,0,,,,,
pessimistic,150,multistation_rep,42,42,42,t00651-c00087,87,651,9,2,True,1,176.34283400548156,279.93683400563896,0.020540988771244884,0.014625009498558939,279.97200000390876
pessimistic,150,multistation_rep,42,42,42,t00651-c00103,103,651,3,0,False,0,,,,,
pessimistic,150,multistation_rep,42,42,42,t00651-c00105,105,651,4,0,False,0,,,,,
pessimistic,150,multistation_rep,42,42,42,t00652-c00009,9,652,8,8,True,1,111.8573340063449,571.5330840030219,0.020749997929669917,0.02099999983329326,571.5748340007849
pessimistic,150,multistation_rep,42,42,42,t00652-c00103,103,652,7,0,False,0,,,,,
pessimistic,150,multistation_rep,42,42,42,t00652-c00105,105,652,4,0,False,0,,,,,
pessimistic,150,multistation_rep,42,42,42,t00652-c00117,117,652,3,1,True,1,47.340416989754885,47.340416989754885,524.2202500085114,0.006290996680036187,571.5669579949463
pessimistic,150,multistation_rep,42,42,42,t00653-c00009,9,653,4,4,True,1,381.26308399660047,654.0526250028051,24.44433400523849,0.0311659969156608,678.5281250049593
pessimistic,150,multistation_rep,42,42,42,t00653-c00041,41,653,7,3,True,1,153.22545800881926,349.5856250083307,328.9926659927005,0.007417009328491986,678.5857080103597
pessimistic,150,multistation_rep,42,42,42,t00653-c00103,103,653,7,0,False,0,,,,,
pessimistic,150,multistation_rep,42,42,42,t00654-c00009,9,654,8,4,True,1,129.5677500020247,353.42408300493844,0.015500001609325409,0.017624988686293364,353.45720799523406
pessimistic,150,multistation_rep,42,42,42,t00654-c00103,103,654,7,0,False,0,,,,,
pessimistic,150,multistation_rep,42,42,42,t00655-c00009,9,655,11,5,True,1,232.88091699942015,730.1823750021867,0.017750004190020263,0.016874997527338564,730.2170000039041
pessimistic,150,multistation_rep,42,42,42,t00655-c00034,34,655,7,3,True,1,66.315542004304,443.7547080015065,286.4908750052564,0.007374997949227691,730.2529580047121
pessimistic,150,multistation_rep,42,42,42,t00655-c00092,92,655,4,3,True,1,187.0328749937471,624.5512919995235,105.69370799930766,0.005291993147693574,730.2502919919789
pessimistic,150,multistation_rep,42,42,42,t00655-c00103,103,655,9,0,False,0,,,,,
pessimistic,150,multistation_rep,42,42,42,t00656-c00021,21,656,6,6,True,1,98.0621669878019,566.4398329972755,0.018999999156221747,0.018999999156221747,566.477832995588
pessimistic,150,multistation_rep,42,42,42,t00656-c00103,103,656,13,0,False,0,,,,,
pessimistic,150,multistation_rep,42,42,42,t00657-c00010,10,657,3,1,True,1,726.5159579983447,726.5159579983447,123.13420900318306,0.02533300721552223,849.6755000087433
pessimistic,150,multistation_rep,42,42,42,t00657-c00021,21,657,3,3,True,1,199.46083299873862,825.266832995112,24.46245899773203,0.008166010957211256,849.7374580038013
pessimistic,150,multistation_rep,42,42,42,t00657-c00056,56,657,4,3,True,1,199.4230830023298,455.30520800093655,394.4295839901315,0.005541005521081388,849.7403329965891
pessimistic,150,multistation_rep,42,42,42,t00657-c00103,103,657,13,0,False,0,,,,,
pessimistic,150,multistation_rep,42,42,42,t00658-c00010,10,658,3,1,True,1,533.2367920054821,533.2367920054821,217.76366600533947,0.016291989595629275,751.0167500004172
pessimistic,150,multistation_rep,42,42,42,t00658-c00021,21,658,8,3,True,1,84.72316699044313,750.9472919919062,0.11083300341852009,0.008000002708286047,751.066124998033
pessimistic,150,multistation_rep,42,42,42,t00658-c00080,80,658,3,2,True,1,192.0001659891568,651.5096249931958,99.55012499995064,0.005666006472893059,751.0654159996193
pessimistic,150,multistation_rep,42,42,42,t00658-c00103,103,658,7,0,False,0,,,,,
pessimistic,150,multistation_rep,42,42,42,t00659-c00004,4,659,8,0,False,0,,,,,
pessimistic,150,multistation_rep,42,42,42,t00659-c00080,80,659,9,7,True,1,53.84024999511894,568.6797079979442,0.028041991754435003,0.015833007637411356,568.723582997336
pessimistic,150,multistation_rep,42,42,42,t00659-c00103,103,659,6,0,False,0,,,,,
pessimistic,150,multistation_rep,42,42,42,t00660-c00004,4,660,1,0,False,0,,,,,
pessimistic,150,multistation_rep,42,42,42,t00660-c00080,80,660,9,3,True,1,160.52812499401625,436.48412500624545,0.02420799864921719,0.01737500133458525,436.52570800622925
pessimistic,150,multistation_rep,42,42,42,t00660-c00103,103,660,13,0,False,0,,,,,
pessimistic,150,multistation_rep,42,42,42,t00661-c00004,4,661,4,0,False,0,,,,,
pessimistic,150,multistation_rep,42,42,42,t00661-c00103,103,661,9,0,False,0,,,,,
pessimistic,150,multistation_rep,42,42,42,t00662-c00004,4,662,8,0,False,0,,,,,
pessimistic,150,multistation_rep,42,42,42,t00662-c00061,61,662,6,0,False,0,,,,,
pessimistic,150,multistation_rep,42,42,42,t00662-c00103,103,662,11,0,False,0,,,,,
pessimistic,150,multistation_rep,42,42,42,t00662-c00122,122,662,8,8,True,1,27.55570798763074,602.8094999928726,0.03633300366345793,0.01937500201165676,602.8652079985477
pessimistic,150,multistation_rep,42,42,42,t00663-c00004,4,663,3,0,False,0,,,,,
pessimistic,150,multistation_rep,42,42,42,t00663-c00061,61,663,5,0,False,0,,,,,
pessimistic,150,multistation_rep,42,42,42,t00663-c00103,103,663,15,0,False,0,,,,,
pessimistic,150,multistation_rep,42,42,42,t00664-c00004,4,664,0,0,False,0,,,,,
pessimistic,150,multistation_rep,42,42,42,t00664-c00045,45,664,7,2,True,1,128.68979200720787,390.7798330037622,193.1047919933917,0.016792007954791188,583.9014170051087
pessimistic,150,multistation_rep,42,42,42,t00664-c00061,61,664,3,1,True,1,494.4740840001032,494.4740840001032,89.48224999767262,0.006749993190169334,583.963083990966
pessimistic,150,multistation_rep,42,42,42,t00664-c00103,103,664,7,0,False,0,,,,,
pessimistic,150,multistation_rep,42,42,42,t00664-c00140,140,664,4,4,True,1,68.23258299846202,583.7535829923581,0.17233300604857504,0.005916997906751931,583.9318329963135
pessimistic,150,multistation_rep,42,42,42,t00665-c00004,4,665,5,0,False,0,,,,,
pessimistic,150,multistation_rep,42,42,42,t00665-c00045,45,665,12,4,True,1,83.72283399512526,354.6779169992078,24.2144579970045,0.02804200630635023,378.92041700251866
pessimistic,150,multistation_rep,42,42,42,t00665-c00103,103,665,4,0,False,0,,,,,
pessimistic,150,multistation_rep,42,42,42,t00666-c00004,4,666,5,0,False,0,,,,,
pessimistic,150,multistation_rep,42,42,42,t00666-c00103,103,666,4,0,False,0,,,,,
pessimistic,150,multistation_rep,42,42,42,t00667-c00004,4,667,5,0,False,0,,,,,
pessimistic,150,multistation_rep,42,42,42,t00667-c00103,103,667,5,0,False,0,,,,,
pessimistic,150,multistation_rep,42,42,42,t00668-c00081,81,668,12,3,True,1,58.51779200020246,256.02845899993554,212.4947499978589,0.025999994250014424,468.54920899204444
pessimistic,150,multistation_rep,42,42,42,t00668-c00103,103,668,6,0,False,0,,,,,
pessimistic,150,multistation_rep,42,42,42,t00668-c00126,126,668,5,1,True,1,441.6851249989122,441.6851249989122,26.864416999160312,0.007042006473056972,468.5565840045456
pessimistic,150,multistation_rep,42,42,42,t00669-c00103,103,669,2,0,False,0,,,,,
pessimistic,150,multistation_rep,42,42,42,t00670-c00079,79,670,8,8,True,1,58.66020898974966,436.81979199755006,0.025749992346391082,0.01995800994336605,436.8654999998398
pessimistic,150,multistation_rep,42,42,42,t00670-c00103,103,670,3,0,False,0,,,,,
pessimistic,150,multistation_rep,42,42,42,t00671-c00103,103,671,4,0,False,0,,,,,
pessimistic,150,multistation_rep,42,42,42,t00672-c00103,103,672,6,0,False,0,,,,,
pessimistic,150,multistation_rep,42,42,42,t00673-c00013,13,673,13,11,True,1,26.227707989164628,419.5739579881774,13.811625001835637,0.02283400681335479,433.4084169968264
pessimistic,150,multistation_rep,42,42,42,t00673-c00103,103,673,6,0,False,0,,,,,
pessimistic,150,multistation_rep,42,42,42,t00674-c00013,13,674,13,11,True,1,38.80387499521021,673.0054999934509,0.02083300205413252,0.016124991816468537,673.0424579873215
pessimistic,150,multistation_rep,42,42,42,t00674-c00032,32,674,5,2,True,1,468.9046249986859,523.4384159994079,149.63145900401287,0.0070829992182552814,673.076958002639
pessimistic,150,multistation_rep,42,42,42,t00674-c00103,103,674,10,0,False,0,,,,,
pessimistic,150,multistation_rep,42,42,42,t00675-c00016,16,675,3,2,True,1,89.49124999344349,384.95237499591894,38.57458400307223,0.024791006580926478,423.5517500055721
pessimistic,150,multistation_rep,42,42,42,t00675-c00032,32,675,5,2,True,1,216.73008300422225,284.10233299655374,139.50345800549258,0.0072499969974160194,423.61304099904373
pessimistic,150,multistation_rep,42,42,42,t00675-c00103,103,675,6,0,False,0,,,,,
pessimistic,150,multistation_rep,42,42,42,t00676-c00016,16,676,7,3,True,1,152.04866700514685,438.17158399906475,38.54575000877958,0.027124988264404237,476.74445899610873
pessimistic,150,multistation_rep,42,42,42,t00676-c00032,32,676,9,4,True,1,79.72850000078324,333.64004199393094,143.14220800588373,0.00825000461190939,476.7905000044266
pessimistic,150,multistation_rep,42,42,42,t00676-c00103,103,676,4,0,False,0,,,,,
pessimistic,150,multistation_rep,42,42,42,t00677-c00024,24,677,7,5,True,1,91.62195799581241,378.3955419930862,26.945375007926486,0.025457993615418673,405.36637499462813
pessimistic,150,multistation_rep,42,42,42,t00677-c00092,92,677,3,1,True,1,23.843959002988413,23.843959002988413,381.5567080018809,0.0059580052038654685,405.4066250100732
pessimistic,150,multistation_rep,42,42,42,t00677-c00103,103,677,8,0,False,0,,,,,
pessimistic,150,multistation_rep,42,42,42,t00678-c00024,24,678,3,2,True,1,110.93033399083652,286.53149999445304,92.81204199942295,0.016667007002979517,379.36020900087897
pessimistic,150,multistation_rep,42,42,42,t00678-c00103,103,678,0,0,False,0,,,,,
pessimistic,150,multistation_rep,42,42,42,t00678-c00117,117,678,3,2,True,1,151.68291601003148,379.2470000043977,0.11325000377837569,0.007040987838990986,379.3672909960151
pessimistic,150,multistation_rep,42,42,42,t00679-c00103,103,679,4,0,False,0,,,,,
pessimistic,150,multistation_rep,42,42,42,t00679-c00117,117,679,4,3,True,1,39.27750000730157,187.3900840000715,0.027000001864507794,0.015208002878353,187.43229200481437
pessimistic,150,multistation_rep,42,42,42,t00681-c00048,48,681,7,4,True,1,124.3552920059301,311.6768750041956,0.018457998521625996,0.012333999620750546,311.707667002338
pessimistic,150,multistation_rep,42,42,42,t00682-c00031,31,682,5,4,True,1,105.74337499565445,746.232624995173,0.018000006093643606,0.016624995623715222,746.2672499968903
pessimistic,150,multistation_rep,42,42,42,t00682-c00091,91,682,5,5,True,1,105.70008300419431,660.2352920017438,86.07608299644198,0.00795800588093698,746.3193330040667
pessimistic,150,multistation_rep,42,42,42,t00683-c00090,90,683,5,3,True,1,100.6837080058176,146.6658749995986,140.4938750056317,0.017040991224348545,287.17679099645466
pessimistic,150,multistation_rep,42,42,42,t00683-c00091,91,683,3,2,True,1,48.09091700008139,287.10008300549816,0.12995899305678904,0.007458002073690295,287.23750000062864
pessimistic,150,multistation_rep,42,42,42,t00684-c00090,90,684,5,3,True,1,95.7506669947179,245.62508300004993,0.020209001377224922,0.015290992450900376,245.66058299387805
pessimistic,150,multistation_rep,42,42,42,t00686-c00087,87,686,6,3,True,1,61.55800000124145,464.7151670069434,272.33291599259246,0.02370899892412126,737.07179199846
pessimistic,150,multistation_rep,42,42,42,t00686-c00138,138,686,7,5,True,1,169.00033300044015,702.6922079967335,34.40683300141245,0.008709001122042537,737.107749999268
pessimistic,150,multistation_rep,42,42,42,t00687-c00085,85,687,6,4,True,1,35.98999998939689,322.58545799413696,13.871999995899387,0.02154200046788901,336.47899999050424
pessimistic,150,multistation_rep,42,42,42,t00688-c00049,49,688,5,4,True,1,125.03779199323617,221.08383299200796,0.01908400736283511,0.016124991816468537,221.11904199118726
pessimistic,150,multistation_rep,42,42,42,t00688-c00085,85,688,3,1,True,1,73.27666699711699,73.27666699711699,147.87404199887533,0.00650000583846122,221.15720900183078
pessimistic,150,multistation_rep,42,42,42,t00690-c00076,76,690,3,0,False,0,,,,,
pessimistic,150,multistation_rep,42,42,42,t00691-c00076,76,691,3,0,False,0,,,,,
pessimistic,150,multistation_rep,42,42,42,t00691-c00104,104,691,7,1,True,1,86.25325000321027,86.25325000321027,28.098666996811517,0.02345800749026239,114.37537500751205
pessimistic,150,multistation_rep,42,42,42,t00692-c00026,26,692,8,7,True,1,218.09058300277684,1080.7734580012038,15.424666999024339,0.02245799987576902,1096.220583000104
pessimistic,150,multistation_rep,42,42,42,t00692-c00050,50,692,7,2,True,1,941.9017500040354,1080.7332080003107,15.524542002822272,0.0070829992182552814,1096.2648330023512
pessimistic,150,multistation_rep,42,42,42,t00692-c00076,76,692,7,3,True,1,218.0129170010332,794.8144169931766,301.43804200633895,0.0052910036174580455,1096.257750003133
pessimistic,150,multistation_rep,42,42,42,t00693-c00009,9,693,7,2,True,1,74.41266700334381,190.99566699878778,0.016375008272007108,0.014999997802078724,191.02704200486187
pessimistic,150,multistation_rep,42,42,42,t00695-c00118,118,695,5,1,True,1,127.94625000969972,127.94625000969972,0.021583997295238078,0.013583005056716502,127.98141701205168
pessimistic,150,multistation_rep,42,42,42,t00696-c00045,45,696,9,3,True,1,109.31887500919402,317.28862501040567,0.01824999344535172,0.016582998796366155,317.3234580026474
pessimistic,150,multistation_rep,42,42,42,t00696-c00118,118,696,3,1,True,1,218.8800000003539,218.8800000003539,98.47666700079571,0.006707996362820268,317.36337499751244
pessimistic,150,multistation_rep,42,42,42,t00697-c00118,118,697,3,1,True,1,35.94345800229348,35.94345800229348,0.013374999980442226,0.012083997717127204,35.96891699999105
pessimistic,150,multistation_rep,42,42,42,t00698-c00012,12,698,3,2,True,1,33.18183399096597,136.46729200263508,0.015207988326437771,0.015249999705702066,136.49774999066722
pessimistic,150,multistation_rep,42,42,42,t00700-c00130,130,700,3,2,True,1,105.57229099504184,251.63570798758883,11.606542000663467,0.023333006538450718,263.26558299479075
pessimistic,150,multistation_rep,42,42,42,t00701-c00130,130,701,3,2,True,1,158.77049999835435,352.94079199957196,12.534541994682513,0.025832996470853686,365.5011669907253
pessimistic,150,multistation_rep,42,42,42,t00702-c00005,5,702,5,2,True,1,107.39829199155793,204.43504200375173,13.44795800105203,0.022124993847683072,217.90512499865144
pessimistic,150,multistation_rep,42,42,42,t00702-c00007,7,702,5,2,True,1,45.752582998829894,148.78449999378063,69.17250000697095,0.007041991921141744,217.96404199267272
pessimistic,150,multistation_rep,42,42,42,t00703-c00005,5,703,7,3,True,1,84.46541600278579,264.83933300187346,122.10375000722706,0.021041996660642326,386.96412500576116
pessimistic,150,multistation_rep,42,42,42,t00703-c00007,7,703,6,3,True,1,49.55970900482498,375.33770900336094,11.657915994874202,0.006917005521245301,387.0025420037564
pessimistic,150,multistation_rep,42,42,42,t00704-c00022,22,704,7,4,True,1,124.24699999974109,600.0073330069426,708.7022500054445,0.03329198807477951,1308.742875000462
pessimistic,150,multistation_rep,42,42,42,t00704-c00128,128,704,4,1,True,1,1259.0740409941645,1259.0740409941645,49.72450000059325,0.006999995093792677,1308.8055409898516
pessimistic,150,multistation_rep,42,42,42,t00704-c00139,139,704,5,3,True,1,347.4101250030799,1259.039374999702,49.76449999958277,0.00549999822396785,1308.8093749975087
pessimistic,150,multistation_rep,42,42,42,t00705-c00022,22,705,3,1,True,1,87.08166699216235,87.08166699216235,248.80829200264998,0.03275000199209899,335.92270899680443
pessimistic,150,multistation_rep,42,42,42,t00705-c00128,128,705,3,1,True,1,153.74966700619552,153.74966700619552,182.2279579937458,0.006999995093792677,335.9846249950351
pessimistic,150,multistation_rep,42,42,42,t00705-c00147,147,705,3,3,True,1,37.7188330021454,316.139500006102,19.83704199665226,0.006290996680036187,335.9828329994343
pessimistic,150,multistation_rep,42,42,42,t00706-c00022,22,706,6,1,True,1,154.96533300029114,154.96533300029114,133.2947500050068,0.0322499981848523,288.2923330034828
pessimistic,150,multistation_rep,42,42,42,t00706-c00109,109,706,8,1,True,1,242.98979199375026,242.98979199375026,45.330624998314306,0.0072499969974160194,288.327666989062
pessimistic,150,multistation_rep,42,42,42,t00707-c00080,80,707,6,2,True,1,77.49891700223088,174.2671249958221,53.41308300558012,0.037124991649761796,227.71733299305197
pessimistic,150,multistation_rep,42,42,42,t00708-c00070,70,708,7,6,True,1,81.48283300397452,558.7152910011355,0.023375003365799785,0.02283400681335479,558.7615000113146
pessimistic,150,multistation_rep,42,42,42,t00708-c00146,146,708,14,2,True,1,319.86641700495966,469.53670799848624,89.26375000737607,0.007541995728388429,558.8080000015907
pessimistic,150,multistation_rep,42,42,42,t00709-c00146,146,709,6,1,True,1,107.4072920018807,107.4072920018807,0.021375002688728273,0.013208002201281488,107.44187500677072
pessimistic,150,multistation_rep,42,42,42,t00711-c00126,126,711,9,1,True,1,162.78533299919218,162.78533299919218,0.020832987502217293,0.015249999705702066,162.8214159864001
pessimistic,150,multistation_rep,42,42,42,t00712-c00126,126,712,3,0,False,0,,,,,
pessimistic,150,multistation_rep,42,42,42,t00713-c00126,126,713,3,0,False,0,,,,,
pessimistic,150,multistation_rep,42,42,42,t00714-c00126,126,714,7,1,True,1,105.81975000968669,105.81975000968669,34.68137499294244,0.023333006538450718,140.52445800916757
pessimistic,150,multistation_rep,42,42,42,t00715-c00032,32,715,7,0,False,0,,,,,
pessimistic,150,multistation_rep,42,42,42,t00716-c00032,32,716,8,0,False,0,,,,,
pessimistic,150,multistation_rep,42,42,42,t00716-c00114,114,716,7,1,True,1,108.44958300003782,108.44958300003782,70.1145839993842,0.02370800939388573,178.5878750088159
pessimistic,150,multistation_rep,42,42,42,t00717-c00032,32,717,7,0,False,0,,,,,
pessimistic,150,multistation_rep,42,42,42,t00718-c00032,32,718,9,0,False,0,,,,,
pessimistic,150,multistation_rep,42,42,42,t00718-c00063,63,718,7,6,True,1,34.88458300125785,287.69400001328904,13.173957995604724,0.02158299321308732,300.88954100210685
pessimistic,150,multistation_rep,42,42,42,t00719-c00032,32,719,9,0,False,0,,,,,
pessimistic,150,multistation_rep,42,42,42,t00719-c00050,50,719,3,1,True,1,173.66429200046696,173.66429200046696,50.8918330015149,0.024666995159350336,224.5807919971412
pessimistic,150,multistation_rep,42,42,42,t00720-c00032,32,720,5,0,False,0,,,,,
pessimistic,150,multistation_rep,42,42,42,t00720-c00050,50,720,5,1,True,1,51.57583300024271,51.57583300024271,100.60695800348185,0.01979200169444084,152.202583005419
pessimistic,150,multistation_rep,42,42,42,t00721-c00032,32,721,5,0,False,0,,,,,
pessimistic,150,multistation_rep,42,42,42,t00721-c00050,50,721,4,1,True,1,103.58858401014004,103.58858401014004,267.9750409879489,0.018625010852701962,371.5822500089416
pessimistic,150,multistation_rep,42,42,42,t00721-c00075,75,721,7,3,True,1,165.39249999914318,344.309083011467,27.333958991221152,0.007499998901039362,371.6505420015892
pessimistic,150,multistation_rep,42,42,42,t00722-c00032,32,722,7,0,False,0,,,,,
pessimistic,150,multistation_rep,42,42,42,t00722-c00050,50,722,5,2,True,1,105.88458299753256,260.3089159965748,315.2426250017015,0.02849999873433262,575.5800409970107
pessimistic,150,multistation_rep,42,42,42,t00722-c00082,82,722,7,1,True,1,464.7432920028223,464.7432920028223,110.87933300586883,0.007624999852851033,575.630250008544
pessimistic,150,multistation_rep,42,42,42,t00722-c00115,115,722,5,4,True,1,105.81479099346325,551.1544159962796,24.473875004332513,0.006375004886649549,575.6346660054987
pessimistic,150,multistation_rep,42,42,42,t00723-c00024,24,723,8,6,True,1,173.4932499966817,667.3216670023976,535.9826249914477,0.02691600820980966,1203.331208002055
pessimistic,150,multistation_rep,42,42,42,t00723-c00032,32,723,3,0,False,0,,,,,
pessimistic,150,multistation_rep,42,42,42,t00723-c00040,40,723,5,1,True,1,1183.3068749983795,1183.3068749983795,20.02229199570138,0.006999995093792677,1203.3361669891747
pessimistic,150,multistation_rep,42,42,42,t00723-c00094,94,723,5,2,True,1,849.0683749987511,1183.2717500074068,20.05504199769348,0.0049579975893720984,1203.3317500026897
pessimistic,150,multistation_rep,42,42,42,t00724-c00032,32,724,3,0,False,0,,,,,
pessimistic,150,multistation_rep,42,42,42,t00725-c00003,3,725,4,3,True,1,208.42595800058916,555.3479580121348,0.016166988643817604,0.01883300137706101,555.3829580021556
pessimistic,150,multistation_rep,42,42,42,t00725-c00032,32,725,5,0,False,0,,,,,
pessimistic,150,multistation_rep,42,42,42,t00725-c00133,133,725,8,4,True,1,41.65337499580346,271.98933299223427,283.3975840039784,0.008957998943515122,555.3958749951562
pessimistic,150,multistation_rep,42,42,42,t00726-c00032,32,726,5,0,False,0,,,,,
pessimistic,150,multistation_rep,42,42,42,t00727-c00032,32,727,5,0,False,0,,,,,
pessimistic,150,multistation_rep,42,42,42,t00728-c00032,32,728,7,0,False,0,,,,,
pessimistic,150,multistation_rep,42,42,42,t00729-c00032,32,729,6,0,False,0,,,,,
pessimistic,150,multistation_rep,42,42,42,t00730-c00032,32,730,6,0,False,0,,,,,
pessimistic,150,multistation_rep,42,42,42,t00731-c00009,9,731,4,1,True,1,129.69279100070707,129.69279100070707,83.8697499857517,0.024917011614888906,213.58745799807366
pessimistic,150,multistation_rep,42,42,42,t00731-c00032,32,731,6,0,False,0,,,,,
pessimistic,150,multistation_rep,42,42,42,t00732-c00032,32,732,3,0,False,0,,,,,
pessimistic,150,multistation_rep,42,42,42,t00732-c00110,110,732,6,6,True,1,55.14516700350214,284.2010830063373,0.028333990485407412,0.016916004824452102,284.24633300164714
pessimistic,150,multistation_rep,42,42,42,t00733-c00032,32,733,7,0,False,0,,,,,
pessimistic,150,multistation_rep,42,42,42,t00734-c00032,32,734,0,0,False,0,,,,,
pessimistic,150,multistation_rep,42,42,42,t00735-c00032,32,735,7,0,False,0,,,,,
pessimistic,150,multistation_rep,42,42,42,t00736-c00032,32,736,7,0,False,0,,,,,
pessimistic,150,multistation_rep,42,42,42,t00737-c00032,32,737,7,0,False,0,,,,,
pessimistic,150,multistation_rep,42,42,42,t00737-c00146,146,737,6,1,True,1,125.14462499530055,125.14462499530055,88.5235829919111,0.029000002541579306,213.69720798975322
pessimistic,150,multistation_rep,42,42,42,t00738-c00032,32,738,1,0,False,0,,,,,
pessimistic,150,multistation_rep,42,42,42,t00738-c00131,131,738,6,0,False,0,,,,,
pessimistic,150,multistation_rep,42,42,42,t00739-c00032,32,739,8,0,False,0,,,,,
pessimistic,150,multistation_rep,42,42,42,t00739-c00131,131,739,5,1,True,1,161.7744999966817,161.7744999966817,10.334499995224178,0.02012500772252679,172.1291249996284
pessimistic,150,multistation_rep,42,42,42,t00740-c00032,32,740,8,0,False,0,,,,,
pessimistic,150,multistation_rep,42,42,42,t00740-c00085,85,740,5,3,True,1,79.6172920090612,189.7076669993112,153.79375001066364,0.02416600182186812,343.5255830117967
pessimistic,150,multistation_rep,42,42,42,t00740-c00109,109,740,7,1,True,1,302.634500010754,302.634500010754,40.92016599315684,0.00650000583846122,343.5611660097493
pessimistic,150,multistation_rep,42,42,42,t00741-c00032,32,741,1,0,False,0,,,,,
pessimistic,150,multistation_rep,42,42,42,t00741-c00069,69,741,3,3,True,1,40.93599999032449,161.698374999105,0.02416699135210365,0.015833007637411356,161.7383749980945
pessimistic,150,multistation_rep,42,42,42,t00742-c00032,32,742,8,0,False,0,,,,,
pessimistic,150,multistation_rep,42,42,42,t00743-c00032,32,743,5,0,False,0,,,,,
pessimistic,150,multistation_rep,42,42,42,t00744-c00032,32,744,3,0,False,0,,,,,
pessimistic,150,multistation_rep,42,42,42,t00745-c00032,32,745,7,0,False,0,,,,,
pessimistic,150,multistation_rep,42,42,42,t00745-c00102,102,745,4,1,True,1,37.27487500873394,37.27487500873394,94.1516659950139,0.022042004275135696,131.44858300802298
pessimistic,150,multistation_rep,42,42,42,t00746-c00032,32,746,3,0,False,0,,,,,
pessimistic,150,multistation_rep,42,42,42,t00746-c00111,111,746,7,7,True,1,59.71874999522697,457.5898749899352,0.031083007343113422,0.017750004190020263,457.63870800146833
pessimistic,150,multistation_rep,42,42,42,t00747-c00032,32,747,4,0,False,0,,,,,
pessimistic,150,multistation_rep,42,42,42,t00748-c00032,32,748,4,0,False,0,,,,,
pessimistic,150,multistation_rep,42,42,42,t00749-c00032,32,749,1,0,False,0,,,,,
pessimistic,150,multistation_rep,42,42,42,t00750-c00032,32,750,4,0,False,0,,,,,
pessimistic,150,multistation_rep,42,42,42,t00751-c00029,29,751,3,3,True,1,122.30770799214952,486.64816599921323,21.552417005295865,0.018582999473437667,508.21916600398254
pessimistic,150,multistation_rep,42,42,42,t00751-c00032,32,751,6,0,False,0,,,,,
pessimistic,150,multistation_rep,42,42,42,t00751-c00078,78,751,9,3,True,1,66.29841700487304,326.2925000017276,181.92312501196284,0.006874994141981006,508.2225000078324
pessimistic,150,multistation_rep,42,42,42,t00752-c00032,32,752,6,0,False,0,,,,,
pessimistic,150,multistation_rep,42,42,42,t00752-c00042,42,752,5,2,True,1,686.6710410104133,895.0255830131937,0.023666987544856966,0.01695800165180117,895.0662080023903
pessimistic,150,multistation_rep,42,42,42,t00752-c00097,97,752,3,2,True,1,324.6856250043493,495.8045000093989,399.29962500173133,0.0069590023485943675,895.1110840134788
pessimistic,150,multistation_rep,42,42,42,t00752-c00116,116,752,3,2,True,1,43.48100000061095,495.7723330007866,399.32983298785985,0.004959001671522856,895.107124990318
pessimistic,150,multistation_rep,42,42,42,t00753-c00028,28,753,4,4,True,1,69.90787500399165,520.2497909922386,0.019167011487297714,0.018291990272700787,520.2872499939986
pessimistic,150,multistation_rep,42,42,42,t00753-c00032,32,753,4,0,False,0,,,,,
pessimistic,150,multistation_rep,42,42,42,t00754-c00032,32,754,4,0,False,0,,,,,
pessimistic,150,multistation_rep,42,42,42,t00754-c00040,40,754,9,3,True,1,222.31579199433327,847.2371670068242,11.540457999217324,0.021041996660642326,858.7986670027021
pessimistic,150,multistation_rep,42,42,42,t00754-c00067,67,754,8,4,True,1,167.29599999962375,771.1786250001751,87.66174998891074,0.008083006832748652,858.8484579959186
pessimistic,150,multistation_rep,42,42,42,t00754-c00148,148,754,7,3,True,1,167.25975000008475,771.1419999977807,87.69874999416061,0.005417008651420474,858.8461670005927
pessimistic,150,multistation_rep,42,42,42,t00755-c00032,32,755,11,0,False,0,,,,,
pessimistic,150,multistation_rep,42,42,42,t00755-c00148,148,755,7,3,True,1,82.19508299953304,235.9839999990072,63.816875001066364,0.026291992980986834,299.82716699305456
pessimistic,150,multistation_rep,42,42,42,t00756-c00032,32,756,10,0,False,0,,,,,
pessimistic,150,multistation_rep,42,42,42,t00756-c00148,148,756,10,5,True,1,73.14320899604354,334.49366700369865,68.83270799880847,0.03012499655596912,403.3564999990631
pessimistic,150,multistation_rep,42,42,42,t00757-c00022,22,757,7,1,True,1,525.4561670008115,525.4561670008115,102.3547079967102,0.01287501072511077,627.8237500082469
pessimistic,150,multistation_rep,42,42,42,t00757-c00032,32,757,10,0,False,0,,,,,
pessimistic,150,multistation_rep,42,42,42,t00757-c00075,75,757,6,5,True,1,126.06641599268187,627.7125829947181,0.11925000580959022,0.007499998901039362,627.8393329994287
pessimistic,150,multistation_rep,42,42,42,t00757-c00148,148,757,6,0,False,0,,,,,
pessimistic,150,multistation_rep,42,42,42,t00758-c00022,22,758,9,0,False,0,,,,,
pessimistic,150,multistation_rep,42,42,42,t00758-c00032,32,758,10,0,False,0,,,,,
pessimistic,150,multistation_rep,42,42,42,t00758-c00074,74,758,5,4,True,1,149.90537500125356,950.3792910109041,0.027291986043564975,0.016125006368383765,950.4227080033161
pessimistic,150,multistation_rep,42,42,42,t00758-c00084,84,758,4,3,True,1,149.8740410024766,641.1462910036789,309.312042008969,0.006582995411008596,950.4649160080589
pessimistic,150,multistation_rep,42,42,42,t00758-c00148,148,758,6,1,True,1,728.0573340103729,728.0573340103729,222.41574998770375,0.005375011824071407,950.4784590099007
pessimistic,150,multistation_rep,42,42,42,t00759-c00022,22,759,15,0,False,0,,,,,
pessimistic,150,multistation_rep,42,42,42,t00759-c00032,32,759,10,0,False,0,,,,,
pessimistic,150,multistation_rep,42,42,42,t00759-c00084,84,759,3,1,True,1,135.13545799651183,135.13545799651183,193.09341699408833,0.028833004762418568,328.2577079953626
pessimistic,150,multistation_rep,42,42,42,t00760-c00022,22,760,14,0,False,0,,,,,
pessimistic,150,multistation_rep,42,42,42,t00760-c00032,32,760,10,0,False,0,,,,,
pessimistic,150,multistation_rep,42,42,42,t00761-c00022,22,761,3,0,False,0,,,,,
pessimistic,150,multistation_rep,42,42,42,t00761-c00032,32,761,7,0,False,0,,,,,
pessimistic,150,multistation_rep,42,42,42,t00762-c00022,22,762,9,0,False,0,,,,,
pessimistic,150,multistation_rep,42,42,42,t00762-c00032,32,762,10,0,False,0,,,,,
pessimistic,150,multistation_rep,42,42,42,t00762-c00110,110,762,4,4,True,1,65.61687499925029,401.96162500069477,0.03166700480505824,0.01695800165180117,402.0102500071516
pessimistic,150,multistation_rep,42,42,42,t00762-c00126,126,762,5,0,False,0,,,,,
pessimistic,150,multistation_rep,42,42,42,t00763-c00022,22,763,6,0,False,0,,,,,
pessimistic,150,multistation_rep,42,42,42,t00763-c00032,32,763,6,0,False,0,,,,,
pessimistic,150,multistation_rep,42,42,42,t00763-c00043,43,763,6,3,True,1,565.8706660033204,1728.9322500000708,0.02691600820980966,0.017833997844718397,1728.9770000061253
pessimistic,150,multistation_rep,42,42,42,t00763-c00095,95,763,9,9,True,1,150.7564170024125,1728.8966250052908,0.14575000386685133,0.008499991963617504,1729.0508750011213
pessimistic,150,multistation_rep,42,42,42,t00763-c00110,110,763,4,1,True,1,84.1993329959223,84.1993329959223,1644.8525000014342,0.004792003892362118,1729.056625001249
pessimistic,150,multistation_rep,42,42,42,t00763-c00126,126,763,3,0,False,0,,,,,
pessimistic,150,multistation_rep,42,42,42,t00764-c00022,22,764,10,0,False,0,,,,,
pessimistic,150,multistation_rep,42,42,42,t00764-c00032,32,764,3,0,False,0,,,,,
pessimistic,150,multistation_rep,42,42,42,t00764-c00043,43,764,5,1,True,1,508.03450000239536,508.03450000239536,559.3850419973023,0.021375002688728273,1067.4409170023864
pessimistic,150,multistation_rep,42,42,42,t00764-c00095,95,764,8,5,True,1,349.6166249969974,1054.4024589908076,13.083416008157656,0.008458999218419194,1067.4943339981837
pessimistic,150,multistation_rep,42,42,42,t00764-c00110,110,764,3,1,True,1,282.2302499989746,282.2302499989746,785.2577909943648,0.0046670029405504465,1067.49270799628
pessimistic,150,multistation_rep,42,42,42,t00764-c00115,115,764,3,2,True,1,282.20154100563377,702.9841659968952,364.51191699597985,0.004708010237663984,1067.5007910031127
pessimistic,150,multistation_rep,42,42,42,t00764-c00126,126,764,3,0,False,0,,,,,
pessimistic,150,multistation_rep,42,42,42,t00765-c00020,20,765,0,0,False,0,,,,,
pessimistic,150,multistation_rep,42,42,42,t00765-c00022,22,765,12,0,False,0,,,,,
pessimistic,150,multistation_rep,42,42,42,t00765-c00032,32,765,9,0,False,0,,,,,
pessimistic,150,multistation_rep,42,42,42,t00765-c00110,110,765,3,1,True,1,56.770750001305714,56.770750001305714,285.75341700343415,0.03420798748265952,342.5583749922225
pessimistic,150,multistation_rep,42,42,42,t00765-c00126,126,765,8,0,False,0,,,,,
pessimistic,150,multistation_rep,42,42,42,t00766-c00020,20,766,6,6,True,1,58.48849999892991,411.8018339941045,13.179375004256144,0.029499991796910763,425.0107089901576
pessimistic,150,multistation_rep,42,42,42,t00766-c00022,22,766,5,0,False,0,,,,,
pessimistic,150,multistation_rep,42,42,42,t00766-c00032,32,766,9,0,False,0,,,,,
pessimistic,150,multistation_rep,42,42,42,t00766-c00126,126,766,3,0,False,0,,,,,
pessimistic,150,multistation_rep,42,42,42,t00767-c00022,22,767,4,0,False,0,,,,,
pessimistic,150,multistation_rep,42,42,42,t00767-c00032,32,767,7,0,False,0,,,,,
pessimistic,150,multistation_rep,42,42,42,t00767-c00126,126,767,4,0,False,0,,,,,
pessimistic,150,multistation_rep,42,42,42,t00768-c00022,22,768,4,0,False,0,,,,,
pessimistic,150,multistation_rep,42,42,42,t00768-c00119,119,768,3,3,True,1,16.233500005910173,184.96483300987165,20.487250003498048,0.021166997612453997,205.47325001098216
pessimistic,150,multistation_rep,42,42,42,t00768-c00126,126,768,4,0,False,0,,,,,
pessimistic,150,multistation_rep,42,42,42,t00769-c00022,22,769,3,0,False,0,,,,,
pessimistic,150,multistation_rep,42,42,42,t00769-c00119,119,769,3,2,True,1,169.50208399794064,233.1205419905018,15.38329200411681,0.023707994841970503,248.5275419894606
pessimistic,150,multistation_rep,42,42,42,t00769-c00126,126,769,3,0,False,0,,,,,
pessimistic,150,multistation_rep,42,42,42,t00770-c00022,22,770,3,0,False,0,,,,,
pessimistic,150,multistation_rep,42,42,42,t00770-c00126,126,770,8,0,False,0,,,,,
pessimistic,150,multistation_rep,42,42,42,t00771-c00018,18,771,5,4,True,1,197.13250000495464,519.8739580082474,0.017250000382773578,0.01666699245106429,519.9078750010813
pessimistic,150,multistation_rep,42,42,42,t00771-c00022,22,771,3,0,False,0,,,,,
pessimistic,150,multistation_rep,42,42,42,t00771-c00126,126,771,4,0,False,0,,,,,
pessimistic,150,multistation_rep,42,42,42,t00772-c00022,22,772,7,0,False,0,,,,,
pessimistic,150,multistation_rep,42,42,42,t00772-c00101,101,772,4,3,True,1,134.86595801077783,371.0710410086904,10.155541996937245,0.018874998204410076,381.245458003832
pessimistic,150,multistation_rep,42,42,42,t00772-c00106,106,772,4,0,False,0,,,,,
pessimistic,150,multistation_rep,42,42,42,t00772-c00113,113,772,7,5,True,1,61.94191600661725,318.27691600483377,62.99412499356549,0.0072920083766803145,381.27833300677594
pessimistic,150,multistation_rep,42,42,42,t00772-c00126,126,772,3,0,False,0,,,,,
pessimistic,150,multistation_rep,42,42,42,t00773-c00022,22,773,7,0,False,0,,,,,
pessimistic,150,multistation_rep,42,42,42,t00773-c00101,101,773,7,2,True,1,88.9075419981964,108.55687499861233,78.27512499352451,0.026375011657364666,186.8583750037942
pessimistic,150,multistation_rep,42,42,42,t00773-c00106,106,773,3,0,False,0,,,,,
pessimistic,150,multistation_rep,42,42,42,t00773-c00126,126,773,3,0,False,0,,,,,
pessimistic,150,multistation_rep,42,42,42,t00774-c00022,22,774,12,0,False,0,,,,,
pessimistic,150,multistation_rep,42,42,42,t00774-c00023,23,774,9,8,True,1,190.08050000411458,1456.186000010348,0.02462499833200127,0.016749996575526893,1456.2273750052555
pessimistic,150,multistation_rep,42,42,42,t00774-c00106,106,774,3,0,False,0,,,,,
pessimistic,150,multistation_rep,42,42,42,t00774-c00126,126,774,0,0,False,0,,,,,
pessimistic,150,multistation_rep,42,42,42,t00774-c00130,130,774,3,2,True,1,295.3204579971498,1013.9403329958441,442.2605419968022,0.007291004294529557,1456.2081659969408
pessimistic,150,multistation_rep,42,42,42,t00775-c00022,22,775,3,0,False,0,,,,,
pessimistic,150,multistation_rep,42,42,42,t00775-c00106,106,775,3,0,False,0,,,,,
pessimistic,150,multistation_rep,42,42,42,t00775-c00117,117,775,5,1,True,1,67.39554200612474,67.39554200612474,444.6086660027504,0.027000001864507794,512.0312080107396
pessimistic,150,multistation_rep,42,42,42,t00775-c00126,126,775,9,0,False,0,,,,,
pessimistic,150,multistation_rep,42,42,42,t00775-c00130,130,775,3,1,True,1,476.7366250016494,476.7366250016494,35.29429199988954,0.007374997949227691,512.0382919994881
pessimistic,150,multistation_rep,42,42,42,t00775-c00146,146,775,3,0,False,0,,,,,
pessimistic,150,multistation_rep,42,42,42,t00776-c00022,22,776,3,0,False,0,,,,,
pessimistic,150,multistation_rep,42,42,42,t00776-c00106,106,776,3,0,False,0,,,,,
pessimistic,150,multistation_rep,42,42,42,t00776-c00126,126,776,3,0,False,0,,,,,
pessimistic,150,multistation_rep,42,42,42,t00776-c00130,130,776,7,2,True,1,196.30279100965708,488.3625829970697,80.75470800395124,0.013541997759602964,569.1308329987805
pessimistic,150,multistation_rep,42,42,42,t00776-c00146,146,776,7,1,True,1,569.0546669939067,569.0546669939067,0.10908300464507192,0.0057919969549402595,569.1695419955067
pessimistic,150,multistation_rep,42,42,42,t00777-c00022,22,777,8,0,False,0,,,,,
pessimistic,150,multistation_rep,42,42,42,t00777-c00057,57,777,9,2,True,1,200.64158299646806,406.5213329886319,0.022167005226947367,0.014165998436510563,406.55766599229537
pessimistic,150,multistation_rep,42,42,42,t00777-c00092,92,777,4,1,True,1,294.84716699516866,294.84716699516866,111.74441600451246,0.006542002665810287,406.59812500234693
pessimistic,150,multistation_rep,42,42,42,t00777-c00106,106,777,3,0,False,0,,,,,
pessimistic,150,multistation_rep,42,42,42,t00777-c00126,126,777,3,0,False,0,,,,,
pessimistic,150,multistation_rep,42,42,42,t00778-c00011,11,778,9,9,True,1,110.69099999440368,953.8077499892097,0.019875005818903446,0.019665996660478413,953.8472909916891
pessimistic,150,multistation_rep,42,42,42,t00778-c00022,22,778,10,0,False,0,,,,,
pessimistic,150,multistation_rep,42,42,42,t00778-c00106,106,778,9,4,True,1,110.60920800082386,511.10874999722,442.7560000040103,0.0066250067902728915,953.8713750080206
pessimistic,150,multistation_rep,42,42,42,t00778-c00126,126,778,3,0,False,0,,,,,
pessimistic,150,multistation_rep,42,42,42,t00778-c00127,127,778,6,2,True,1,674.2005419946508,830.7990419998532,123.04308300372213,0.0051249953685328364,953.8472499989439
pessimistic,150,multistation_rep,42,42,42,t00779-c00003,3,779,3,1,True,1,800.3166249982314,800.3166249982314,12.004250005702488,0.03187499532941729,812.3527499992633
pessimistic,150,multistation_rep,42,42,42,t00779-c00011,11,779,3,3,True,1,70.77558300807141,800.2732500026468,12.11429201066494,0.009208000847138464,812.3967500141589
pessimistic,150,multistation_rep,42,42,42,t00779-c00022,22,779,4,0,False,0,,,,,
pessimistic,150,multistation_rep,42,42,42,t00779-c00106,106,779,5,2,True,1,234.11991600005422,280.0823750003474,532.270416006213,0.006041998858563602,812.358833005419
pessimistic,150,multistation_rep,42,42,42,t00780-c00002,2,780,4,4,True,1,70.0185000023339,329.5017500058748,52.865584002574906,0.014082994312047958,382.38141700276174
pessimistic,150,multistation_rep,42,42,42,t00780-c00022,22,780,4,0,False,0,,,,,
pessimistic,150,multistation_rep,42,42,42,t00780-c00145,145,780,5,5,True,1,46.35320899251383,382.2631249931874,0.10645900329109281,0.0072499969974160194,382.3768339934759
pessimistic,150,multistation_rep,42,42,42,t00781-c00009,9,781,6,0,False,0,,,,,
pessimistic,150,multistation_rep,42,42,42,t00781-c00022,22,781,3,0,False,0,,,,,
pessimistic,150,multistation_rep,42,42,42,t00781-c00094,94,781,7,6,True,1,248.30250001105014,1301.0264160111547,13.290416987729259,0.02054200740531087,1314.3373750062892
pessimistic,150,multistation_rep,42,42,42,t00782-c00009,9,782,4,0,False,0,,,,,
pessimistic,150,multistation_rep,42,42,42,t00782-c00022,22,782,4,0,False,0,,,,,
pessimistic,150,multistation_rep,42,42,42,t00782-c00088,88,782,7,3,True,1,161.64608299732208,437.4153329990804,74.4446250027977,0.029582995921373367,511.8895409977995
pessimistic,150,multistation_rep,42,42,42,t00783-c00009,9,783,6,0,False,0,,,,,
pessimistic,150,multistation_rep,42,42,42,t00783-c00022,22,783,4,0,False,0,,,,,
pessimistic,150,multistation_rep,42,42,42,t00783-c00044,44,783,10,1,True,1,668.3249159978004,668.3249159978004,53.771083999890834,0.022416003048419952,722.1184160007397
pessimistic,150,multistation_rep,42,42,42,t00783-c00088,88,783,7,3,True,1,193.86766699608415,575.2485839911969,146.92174999800045,0.008000002708286047,722.1783339919057
pessimistic,150,multistation_rep,42,42,42,t00784-c00009,9,784,0,0,False,0,,,,,
pessimistic,150,multistation_rep,42,42,42,t00784-c00022,22,784,9,0,False,0,,,,,
pessimistic,150,multistation_rep,42,42,42,t00784-c00044,44,784,8,1,True,1,274.9592920008581,274.9592920008581,34.31537500000559,0.026417008484713733,309.3010840093484
pessimistic,150,multistation_rep,42,42,42,t00784-c00046,46,784,3,1,True,1,56.947666002088226,56.947666002088226,252.39145899831783,0.006582995411008596,309.34570799581707
pessimistic,150,multistation_rep,42,42,42,t00785-c00009,9,785,3,0,False,0,,,,,
pessimistic,150,multistation_rep,42,42,42,t00785-c00022,22,785,0,0,False,0,,,,,
pessimistic,150,multistation_rep,42,42,42,t00785-c00046,46,785,4,1,True,1,89.44358299777377,89.44358299777377,66.4519999991171,0.02587500785011798,155.921458004741
pessimistic,150,multistation_rep,42,42,42,t00786-c00009,9,786,3,0,False,0,,,,,
pessimistic,150,multistation_rep,42,42,42,t00786-c00022,22,786,11,0,False,0,,,,,
pessimistic,150,multistation_rep,42,42,42,t00786-c00046,46,786,4,1,True,1,89.00804200675339,89.00804200675339,179.96508299256675,0.03620800271164626,269.0093330020318
pessimistic,150,multistation_rep,42,42,42,t00786-c00074,74,786,4,1,True,1,88.97458399587777,88.97458399587777,180.07724999915808,0.0074160052463412285,269.0592500002822
pessimistic,150,multistation_rep,42,42,42,t00787-c00009,9,787,8,0,False,0,,,,,
pessimistic,150,multistation_rep,42,42,42,t00787-c00022,22,787,14,0,False,0,,,,,
pessimistic,150,multistation_rep,42,42,42,t00787-c00067,67,787,3,0,False,0,,,,,
pessimistic,150,multistation_rep,42,42,42,t00787-c00085,85,787,9,4,True,1,124.66158300230745,492.63120799150784,129.74591700185556,0.03316700167488307,622.4102919950383
pessimistic,150,multistation_rep,42,42,42,t00788-c00009,9,788,8,0,False,0,,,,,
pessimistic,150,multistation_rep,42,42,42,t00788-c00022,22,788,10,0,False,0,,,,,
pessimistic,150,multistation_rep,42,42,42,t00788-c00067,67,788,5,1,True,1,225.84354199352674,225.84354199352674,259.1679580073105,0.019416998839005828,485.03091699967626
pessimistic,150,multistation_rep,42,42,42,t00788-c00113,113,788,8,5,True,1,95.57833299913909,470.9029579971684,14.169082991429605,0.00825000461190939,485.0802909932099
pessimistic,150,multistation_rep,42,42,42,t00789-c00009,9,789,8,0,False,0,,,,,
pessimistic,150,multistation_rep,42,42,42,t00789-c00022,22,789,7,0,False,0,,,,,
pessimistic,150,multistation_rep,42,42,42,t00789-c00108,108,789,6,3,True,1,60.29191700508818,261.2169170024572,44.299667002633214,0.030041002901270986,305.5466250079917
pessimistic,150,multistation_rep,42,42,42,t00790-c00009,9,790,8,0,False,0,,,,,
pessimistic,150,multistation_rep,42,42,42,t00790-c00022,22,790,9,0,False,0,,,,,
pessimistic,150,multistation_rep,42,42,42,t00790-c00077,77,790,3,1,True,1,236.95470800157636,236.95470800157636,65.72708301246166,0.023333996068686247,302.7051250101067
pessimistic,150,multistation_rep,42,42,42,t00791-c00009,9,791,8,0,False,0,,,,,
pessimistic,150,multistation_rep,42,42,42,t00791-c00022,22,791,10,0,False,0,,,,,
pessimistic,150,multistation_rep,42,42,42,t00792-c00009,9,792,4,0,False,0,,,,,
pessimistic,150,multistation_rep,42,42,42,t00792-c00022,22,792,7,0,False,0,,,,,
pessimistic,150,multistation_rep,42,42,42,t00793-c00009,9,793,4,0,False,0,,,,,
pessimistic,150,multistation_rep,42,42,42,t00793-c00022,22,793,7,0,False,0,,,,,
pessimistic,150,multistation_rep,42,42,42,t00793-c00137,137,793,5,3,True,1,60.75708300340921,162.42216600221582,65.22912500076927,0.027209011022932827,227.67850001400802
pessimistic,150,multistation_rep,42,42,42,t00794-c00009,9,794,6,0,False,0,,,,,
pessimistic,150,multistation_rep,42,42,42,t00794-c00022,22,794,3,0,False,0,,,,,
pessimistic,150,multistation_rep,42,42,42,t00795-c00009,9,795,0,0,False,0,,,,,
pessimistic,150,multistation_rep,42,42,42,t00795-c00022,22,795,3,0,False,0,,,,,
pessimistic,150,multistation_rep,42,42,42,t00796-c00009,9,796,6,0,False,0,,,,,
pessimistic,150,multistation_rep,42,42,42,t00796-c00022,22,796,3,0,False,0,,,,,
pessimistic,150,multistation_rep,42,42,42,t00797-c00009,9,797,6,0,False,0,,,,,
pessimistic,150,multistation_rep,42,42,42,t00797-c00022,22,797,4,0,False,0,,,,,
pessimistic,150,multistation_rep,42,42,42,t00797-c00027,27,797,3,2,True,1,54.005250000045635,383.21508301305585,258.61062499461696,0.014499993994832039,641.8402080016676
pessimistic,150,multistation_rep,42,42,42,t00797-c00118,118,797,4,3,True,1,234.26833399571478,623.2892089901725,18.6096660036128,0.0066250067902728915,641.9055000005756
pessimistic,150,multistation_rep,42,42,42,t00797-c00122,122,797,5,5,True,1,100.75974999926984,641.7332909913966,0.16491700080223382,0.006583009962923825,641.9047910021618
pessimistic,150,multistation_rep,42,42,42,t00798-c00009,9,798,3,0,False,0,,,,,
pessimistic,150,multistation_rep,42,42,42,t00798-c00022,22,798,4,0,False,0,,,,,
pessimistic,150,multistation_rep,42,42,42,t00798-c00027,27,798,6,6,True,1,61.96920799266081,434.86254099116195,14.205375002347864,0.02008400042541325,449.0879999939352
pessimistic,150,multistation_rep,42,42,42,t00799-c00009,9,799,9,0,False,0,,,,,
pessimistic,150,multistation_rep,42,42,42,t00799-c00022,22,799,4,0,False,0,,,,,
pessimistic,150,multistation_rep,42,42,42,t00799-c00058,58,799,8,5,True,1,118.6207499995362,486.44575000798795,45.15579200233333,0.03462500171735883,531.6361670120386
pessimistic,150,multistation_rep,42,42,42,t00800-c00009,9,800,15,0,False,0,,,,,
pessimistic,150,multistation_rep,42,42,42,t00800-c00022,22,800,8,0,False,0,,,,,
pessimistic,150,multistation_rep,42,42,42,t00800-c00058,58,800,4,1,True,1,146.382499995525,146.382499995525,456.0312499961583,0.022625012206844985,602.4363750038901
pessimistic,150,multistation_rep,42,42,42,t00800-c00110,110,800,7,3,True,1,232.4785829987377,331.5176670002984,270.96054099092726,0.00825000461190939,602.4864579958376
pessimistic,150,multistation_rep,42,42,42,t00801-c00009,9,801,5,0,False,0,,,,,
pessimistic,150,multistation_rep,42,42,42,t00801-c00022,22,801,10,0,False,0,,,,,
pessimistic,150,multistation_rep,42,42,42,t00801-c00034,34,801,5,3,True,1,237.95000000973232,318.49166699976195,59.19612500292715,0.02662499900907278,377.71441700169817
pessimistic,150,multistation_rep,42,42,42,t00801-c00110,110,801,6,2,True,1,105.28033299488015,145.25970799149945,232.48945799423382,0.007625014404766262,377.75679100013804
pessimistic,150,multistation_rep,42,42,42,t00801-c00117,117,801,5,0,False,0,,,,,
pessimistic,150,multistation_rep,42,42,42,t00802-c00009,9,802,4,0,False,0,,,,,
pessimistic,150,multistation_rep,42,42,42,t00802-c00022,22,802,5,0,False,0,,,,,
pessimistic,150,multistation_rep,42,42,42,t00802-c00110,110,802,4,0,False,0,,,,,
pessimistic,150,multistation_rep,42,42,42,t00802-c00117,117,802,5,0,False,0,,,,,
pessimistic,150,multistation_rep,42,42,42,t00803-c00009,9,803,5,0,False,0,,,,,
pessimistic,150,multistation_rep,42,42,42,t00803-c00022,22,803,8,0,False,0,,,,,
pessimistic,150,multistation_rep,42,42,42,t00803-c00110,110,803,4,0,False,0,,,,,
pessimistic,150,multistation_rep,42,42,42,t00803-c00117,117,803,4,0,False,0,,,,,
pessimistic,150,multistation_rep,42,42,42,t00804-c00009,9,804,6,0,False,0,,,,,
pessimistic,150,multistation_rep,42,42,42,t00804-c00022,22,804,4,0,False,0,,,,,
pessimistic,150,multistation_rep,42,42,42,t00804-c00110,110,804,8,1,True,1,195.82337500469293,195.82337500469293,45.003209001151845,0.02754099841695279,240.85412500426173
pessimistic,150,multistation_rep,42,42,42,t00804-c00117,117,804,4,0,False,0,,,,,
pessimistic,150,multistation_rep,42,42,42,t00805-c00009,9,805,13,0,False,0,,,,,
pessimistic,150,multistation_rep,42,42,42,t00805-c00022,22,805,2,0,False,0,,,,,
pessimistic,150,multistation_rep,42,42,42,t00805-c00106,106,805,5,1,True,1,110.18274999514688,110.18274999514688,147.01408399560023,0.03258300421293825,257.22941699496005
pessimistic,150,multistation_rep,42,42,42,t00805-c00117,117,805,4,0,False,0,,,,,
pessimistic,150,multistation_rep,42,42,42,t00806-c00009,9,806,6,0,False,0,,,,,
pessimistic,150,multistation_rep,42,42,42,t00806-c00022,22,806,9,0,False,0,,,,,
pessimistic,150,multistation_rep,42,42,42,t00806-c00042,42,806,1,1,True,1,203.83508400118444,203.83508400118444,243.14591599977575,0.021208994439803064,447.0022089954
pessimistic,150,multistation_rep,42,42,42,t00806-c00117,117,806,6,1,True,1,425.3523329971358,425.3523329971358,21.701042001950555,0.006750007742084563,447.06012500682846
pessimistic,150,multistation_rep,42,42,42,t00807-c00009,9,807,7,0,False,0,,,,,
pessimistic,150,multistation_rep,42,42,42,t00807-c00022,22,807,5,0,False,0,,,,,
pessimistic,150,multistation_rep,42,42,42,t00807-c00042,42,807,3,1,True,1,491.65916700439993,491.65916700439993,96.02691698819399,0.013249999028630555,587.6993339916226
pessimistic,150,multistation_rep,42,42,42,t00807-c00113,113,807,10,7,True,1,68.90225000097416,587.6275419868762,0.13254200166556984,0.009082999895326793,587.7691669884371
pessimistic,150,multistation_rep,42,42,42,t00808-c00009,9,808,2,0,False,0,,,,,
pessimistic,150,multistation_rep,42,42,42,t00808-c00022,22,808,3,0,False,0,,,,,
pessimistic,150,multistation_rep,42,42,42,t00808-c00042,42,808,5,2,True,1,240.91945801046677,338.73775000392925,51.94133300392423,0.03333299537189305,390.71241600322537
pessimistic,150,multistation_rep,42,42,42,t00809-c00009,9,809,5,0,False,0,,,,,
pessimistic,150,multistation_rep,42,42,42,t00809-c00022,22,809,3,0,False,0,,,,,
pessimistic,150,multistation_rep,42,42,42,t00810-c00009,9,810,7,0,False,0,,,,,
pessimistic,150,multistation_rep,42,42,42,t00810-c00022,22,810,0,0,False,0,,,,,
pessimistic,150,multistation_rep,42,42,42,t00811-c00009,9,811,6,0,False,0,,,,,
pessimistic,150,multistation_rep,42,42,42,t00811-c00022,22,811,3,0,False,0,,,,,
pessimistic,150,multistation_rep,42,42,42,t00811-c00051,51,811,8,8,True,1,138.3746249921387,1675.4261669993866,0.0289169984171167,0.018291000742465258,1675.4733749985462
pessimistic,150,multistation_rep,42,42,42,t00811-c00122,122,811,3,2,True,1,620.2891249995446,978.0750829959288,697.433583001839,0.007208989700302482,1675.5158749874681
pessimistic,150,multistation_rep,42,42,42,t00812-c00002,2,812,4,4,True,1,150.13137500500306,783.9576249971287,0.01983299443963915,0.019042010535486042,783.9965000021039
pessimistic,150,multistation_rep,42,42,42,t00812-c00018,18,812,3,2,True,1,243.63316700328141,479.12649999489076,304.9093330046162,0.0074590061558410525,784.0432920056628
pessimistic,150,multistation_rep,42,42,42,t00812-c00022,22,812,4,0,False,0,,,,,
pessimistic,150,multistation_rep,42,42,42,t00812-c00149,149,812,7,4,True,1,57.44408299506176,526.6336659988156,257.38850000198,0.006709000444971025,784.0288750012405
pessimistic,150,multistation_rep,42,42,42,t00813-c00018,18,813,5,3,True,1,183.09254199266434,427.057374996366,0.01733399403747171,0.020083010895177722,427.09479200129863
pessimistic,150,multistation_rep,42,42,42,t00813-c00022,22,813,3,0,False,0,,,,,
pessimistic,150,multistation_rep,42,42,42,t00813-c00081,81,813,4,1,True,1,67.45645799674094,67.45645799674094,359.6363749966258,0.0067920045694336295,427.0996249979362
pessimistic,150,multistation_rep,42,42,42,t00814-c00022,22,814,2,0,False,0,,,,,
pessimistic,150,multistation_rep,42,42,42,t00814-c00057,57,814,3,1,True,1,59.876208993955515,59.876208993955515,97.31016600562725,0.02041699190158397,157.20679199148435
pessimistic,150,multistation_rep,42,42,42,t00814-c00081,81,814,4,1,True,1,85.80225000332575,85.80225000332575,71.44541598972864,0.0074590061558410525,157.25512499921024
pessimistic,150,multistation_rep,42,42,42,t00815-c00022,22,815,0,0,False,0,,,,,
pessimistic,150,multistation_rep,42,42,42,t00816-c00022,22,816,4,0,False,0,,,,,
pessimistic,150,multistation_rep,42,42,42,t00816-c00071,71,816,7,4,True,1,73.97554200724699,197.8849590086611,64.60787499963772,0.021915999241173267,262.51475000754
pessimistic,150,multistation_rep,42,42,42,t00817-c00022,22,817,1,0,False,0,,,,,
pessimistic,150,multistation_rep,42,42,42,t00818-c00022,22,818,3,0,False,0,,,,,
pessimistic,150,multistation_rep,42,42,42,t00818-c00123,123,818,11,11,True,1,76.35754099464975,649.019499993301,0.032666008337400854,0.01837499439716339,649.0705409960356
pessimistic,150,multistation_rep,42,42,42,t00819-c00006,6,819,3,1,True,1,1426.5146249963436,1426.5146249963436,219.8272910027299,0.01445900124963373,1646.3563750003232
pessimistic,150,multistation_rep,42,42,42,t00819-c00022,22,819,3,0,False,0,,,,,
pessimistic,150,multistation_rep,42,42,42,t00819-c00097,97,819,7,4,True,1,364.5162920001894,1646.2449169921456,0.11833300231955945,0.010500007192604244,1646.3737500016578
pessimistic,150,multistation_rep,42,42,42,t00819-c00123,123,819,6,6,True,1,174.2486659932183,1523.9161659992533,122.47399998886976,0.007791997632011771,1646.397957985755
pessimistic,150,multistation_rep,42,42,42,t00819-c00143,143,819,5,4,True,1,174.21645800641272,1426.364500002819,220.0250000023516,0.0056249991757795215,1646.3951250043465
pessimistic,150,multistation_rep,42,42,42,t00820-c00022,22,820,8,0,False,0,,,,,
pessimistic,150,multistation_rep,42,42,42,t00820-c00097,97,820,11,4,True,1,197.47491599991918,795.5648749921238,109.51404100342188,0.03020900476258248,905.1091250003083
pessimistic,150,multistation_rep,42,42,42,t00821-c00025,25,821,3,0,False,0,,,,,
pessimistic,150,multistation_rep,42,42,42,t00822-c00025,25,822,9,4,True,1,82.72800000850111,246.0768330056453,71.7152500001248,0.024249995476566255,317.8163330012467
pessimistic,150,multistation_rep,42,42,42,t00822-c00104,104,822,3,1,True,1,297.2344160079956,297.2344160079956,20.635166991269216,0.006417001713998616,317.8760000009788
pessimistic,150,multistation_rep,42,42,42,t00823-c00011,11,823,12,11,True,1,314.06883300223853,2278.1985830079066,21.325166992028244,0.023083004634827375,2299.5468330045696
pessimistic,150,multistation_rep,42,42,42,t00823-c00025,25,823,13,6,True,1,314.02908300515264,1711.4130830013892,588.1741670018528,0.007791997632011771,2299.595042000874
pessimistic,150,multistation_rep,42,42,42,t00823-c00044,44,823,6,2,True,1,122.88312500459142,547.0018750056624,1752.5832079991233,0.005417008651420474,2299.590500013437
pessimistic,150,multistation_rep,42,42,42,t00824-c00000,0,824,12,12,True,1,49.63454201060813,893.9330420107581,0.01970799348782748,0.017833997844718397,893.9705840020906
pessimistic,150,multistation_rep,42,42,42,t00824-c00023,23,824,3,2,True,1,397.0568750082748,856.9330419995822,37.08754100080114,0.006166999810375273,894.0267500001937
pessimistic,150,multistation_rep,42,42,42,t00825-c00000,0,825,8,7,True,1,65.56654200539924,319.24591699498706,0.017041005776263773,0.018709004507400095,319.2816670052707
pessimistic,150,multistation_rep,42,42,42,t00826-c00047,47,826,7,1,True,1,81.74283300468232,81.74283300468232,11.102208998636343,0.01837499439716339,92.86341699771583
pessimistic,150,multistation_rep,42,42,42,t00827-c00118,118,827,9,3,True,1,54.16812498879153,147.8053749888204,11.635542003205046,0.016417005099356174,159.4573339971248
pessimistic,150,multistation_rep,42,42,42,t00828-c00118,118,828,16,7,True,1,56.22237500210758,414.91166700143367,11.686124998959713,0.0212500017369166,426.6190420021303
pessimistic,150,multistation_rep,42,42,42,t00829-c00118,118,829,5,1,True,1,65.44712500181049,65.44712500181049,0.017917001969181,0.013625001884065568,65.47866700566374
pessimistic,150,multistation_rep,42,42,42,t00830-c00118,118,830,10,3,True,1,81.23437500034925,693.0832919897512,8.497083006659523,0.01620799594093114,701.5965829923516
pessimistic,150,multistation_rep,42,42,42,t00830-c00127,127,830,5,2,True,1,344.3533339886926,587.1685419988353,114.46829199849162,0.006415997631847858,701.6432499949588
pessimistic,150,multistation_rep,42,42,42,t00831-c00062,62,831,3,1,True,1,295.91120799886994,295.91120799886994,72.0351249910891,0.01620801049284637,367.9625410004519
pessimistic,150,multistation_rep,42,42,42,t00831-c00118,118,831,10,3,True,1,133.73695900372695,359.7775840025861,8.235207991674542,0.007499998901039362,368.02029199316166
pessimistic,150,multistation_rep,42,42,42,t00831-c00124,124,831,3,1,True,1,89.12629200494848,89.12629200494848,278.88120799616445,0.005209003575146198,368.0127090046881
pessimistic,150,multistation_rep,42,42,42,t00832-c00062,62,832,3,1,True,1,81.93316699180286,81.93316699180286,0.01720800355542451,0.01604200224392116,81.96641699760221
pessimistic,150,multistation_rep,42,42,42,t00833-c00093,93,833,7,7,True,1,40.19541600428056,174.96099999698345,0.020958003005944192,0.015124998753890395,174.99708299874328
pessimistic,150,multistation_rep,42,42,42,t00834-c00093,93,834,3,3,True,1,21.97695799986832,154.79537499777507,0.02258300082758069,0.016167003195732832,154.83412500179838
pessimistic,150,multistation_rep,42,42,42,t00836-c00039,39,836,3,2,True,1,45.71099999884609,109.98066700994968,0.015124998753890395,0.012582997442223132,110.0083750061458
pessimistic,150,multistation_rep,42,42,42,t00838-c00027,27,838,8,5,True,1,59.50641699018888,508.88324998959433,0.018542006728239357,0.017707992810755968,508.9194999891333
pessimistic,150,multistation_rep,42,42,42,t00839-c00038,38,839,4,3,True,1,47.4428750021616,112.04366599849891,0.01591700129210949,0.014999997802078724,112.0745829975931
pessimistic,150,multistation_rep,42,42,42,t00841-c00122,122,841,12,8,True,1,57.72995899314992,472.07499999785796,0.029292001272551715,0.019291997887194157,472.1235839970177
pessimistic,150,multistation_rep,42,42,42,t00843-c00005,5,843,7,5,True,1,48.41437500726897,158.6227920051897,7.727000003797002,0.01575000351294875,166.36554201249965
pessimistic,150,multistation_rep,42,42,42,t00844-c00005,5,844,7,5,True,1,87.15054199274164,253.6072919901926,79.68437499948777,0.02587500785011798,333.3175419975305
pessimistic,150,multistation_rep,42,42,42,t00844-c00031,31,844,6,3,True,1,42.153792004683055,325.3672500140965,7.977666988153942,0.007291004294529557,333.35220800654497
pessimistic,150,multistation_rep,42,42,42,t00846-c00071,71,846,6,0,False,0,,,,,
pessimistic,150,multistation_rep,42,42,42,t00847-c00071,71,847,5,0,False,0,,,,,
pessimistic,150,multistation_rep,42,42,42,t00847-c00086,86,847,3,3,True,1,39.84129200398456,161.16466700623278,10.978791993693449,0.018000006093643606,172.16145900601987
pessimistic,150,multistation_rep,42,42,42,t00848-c00071,71,848,4,0,False,0,,,,,
pessimistic,150,multistation_rep,42,42,42,t00848-c00086,86,848,3,3,True,1,23.372208001092076,117.04425000061747,11.07479199708905,0.016000005416572094,128.1350420031231
pessimistic,150,multistation_rep,42,42,42,t00849-c00071,71,849,4,0,False,0,,,,,
pessimistic,150,multistation_rep,42,42,42,t00849-c00086,86,849,5,5,True,1,35.74637501151301,147.82533301331569,11.192833990207873,0.02420799864921719,159.04237500217278
pessimistic,150,multistation_rep,42,42,42,t00850-c00071,71,850,4,0,False,0,,,,,
pessimistic,150,multistation_rep,42,42,42,t00851-c00071,71,851,4,0,False,0,,,,,
pessimistic,150,multistation_rep,42,42,42,t00851-c00123,123,851,3,2,True,1,55.698708005365916,112.78154100000393,32.63033401162829,0.017874990589916706,145.42975000222214
pessimistic,150,multistation_rep,42,42,42,t00852-c00019,19,852,3,3,True,1,63.89383399800863,462.5087090098532,110.2403749973746,0.015832993085496128,572.7649170003133
pessimistic,150,multistation_rep,42,42,42,t00852-c00071,71,852,5,1,True,1,492.29587499576155,492.29587499576155,80.49979100178462,0.0057919969549402595,572.8014579945011
pessimistic,150,multistation_rep,42,42,42,t00852-c00123,123,852,4,3,True,1,180.82679199869744,572.6524589990731,0.14183299208525568,0.005375011824071407,572.7996670029825
pessimistic,150,multistation_rep,42,42,42,t00854-c00008,8,854,8,4,True,1,89.42999999271706,266.5813329949742,24.948625010438263,0.02258300082758069,291.55254100624006
pessimistic,150,multistation_rep,42,42,42,t00855-c00062,62,855,7,1,True,1,92.62537500762846,92.62537500762846,0.016999998479150236,0.013124998076818883,92.65550000418443
pessimistic,150,multistation_rep,42,42,42,t00859-c00018,18,859,3,1,True,1,352.0054580003489,352.0054580003489,11.050417000660673,0.01812499249354005,363.0739999935031
pessimistic,150,multistation_rep,42,42,42,t00859-c00065,65,859,7,3,True,1,87.49966700270306,198.7070000031963,164.40000000875443,0.007833994459360838,363.1148340064101
pessimistic,150,multistation_rep,42,42,42,t00862-c00045,45,862,3,1,True,1,56.866458005970344,56.866458005970344,11.505332993692718,0.01979200169444084,68.3915830013575
pessimistic,150,multistation_rep,42,42,42,t00863-c00025,25,863,5,1,True,1,221.27445798832923,221.27445798832923,34.27012500469573,0.026833993615582585,255.57141698664054
pessimistic,150,multistation_rep,42,42,42,t00863-c00118,118,863,7,1,True,1,125.4590839962475,125.4590839962475,130.16329100355506,0.006709000444971025,255.62908400024753
pessimistic,150,multistation_rep,42,42,42,t00864-c00025,25,864,5,1,True,1,107.24158299854025,107.24158299854025,21.84929199574981,0.02391599991824478,129.1147909942083
pessimistic,150,multistation_rep,42,42,42,t00865-c00025,25,865,5,1,True,1,431.9982080050977,431.9982080050977,317.8550839948002,0.01895800232887268,749.8722500022268
pessimistic,150,multistation_rep,42,42,42,t00865-c00046,46,865,8,3,True,1,74.06362499750685,308.96516700158827,440.9384580067126,0.00812498910818249,749.9117499974091
pessimistic,150,multistation_rep,42,42,42,t00865-c00093,93,865,7,5,True,1,521.4998329902301,737.192500004312,12.712915995507501,0.006041998858563602,749.9114579986781
pessimistic,150,multistation_rep,42,42,42,t00867-c00042,42,867,7,0,False,0,,,,,
pessimistic,150,multistation_rep,42,42,42,t00867-c00049,49,867,11,10,True,1,24.120333007886074,281.6662919940427,10.32133300032001,0.025250003091059625,292.01287499745376
pessimistic,150,multistation_rep,42,42,42,t00868-c00042,42,868,3,0,False,0,,,,,
pessimistic,150,multistation_rep,42,42,42,t00869-c00042,42,869,3,0,False,0,,,,,
pessimistic,150,multistation_rep,42,42,42,t00870-c00013,13,870,4,3,True,1,69.18050000967924,180.35166700428817,0.015333003830164671,0.013208002201281488,180.38020801031962
pessimistic,150,multistation_rep,42,42,42,t00870-c00042,42,870,1,0,False,0,,,,,
pessimistic,150,multistation_rep,42,42,42,t00871-c00042,42,871,5,0,False,0,,,,,
pessimistic,150,multistation_rep,42,42,42,t00871-c00064,64,871,9,7,True,1,37.82387499813922,384.3380000034813,14.169707996188663,0.031000003218650818,398.5387080028886
pessimistic,150,multistation_rep,42,42,42,t00872-c00039,39,872,1,1,True,1,55.13108300510794,55.13108300510794,534.4710839999607,0.014707999071106315,589.6168750041397
pessimistic,150,multistation_rep,42,42,42,t00872-c00135,135,872,5,4,True,1,214.93662500870414,589.5389579964103,0.11562500731088221,0.008125003660097718,589.6627080073813
pessimistic,150,multistation_rep,42,42,42,t00873-c00039,39,873,3,2,True,1,53.625749991624616,108.36129100061953,12.23220900283195,0.019499988411553204,120.61299999186303
pessimistic,150,multistation_rep,42,42,42,t00874-c00114,114,874,7,3,True,1,37.07474999828264,90.7494580023922,21.58558400697075,0.015457990230061114,112.35049999959301
pessimistic,150,multistation_rep,42,42,42,t00875-c00036,36,875,10,5,True,1,158.05945800093468,574.8292500065872,39.418624990503304,0.03325000579934567,614.2811250028899
pessimistic,150,multistation_rep,42,42,42,t00875-c00114,114,875,7,3,True,1,158.01400000054855,512.3347920016386,101.9746660022065,0.008500006515532732,614.3179580103606
pessimistic,150,multistation_rep,42,42,42,t00876-c00122,122,876,7,5,True,1,76.94154200726189,301.59841700515244,8.453374990494922,0.025958011974580586,310.07775000762194
pessimistic,150,multistation_rep,42,42,42,t00877-c00023,23,877,3,2,True,1,408.9061669947114,550.9272920025978,58.196500001940876,0.012541990145109594,609.1363339946838
pessimistic,150,multistation_rep,42,42,42,t00877-c00060,60,877,5,4,True,1,180.2109589916654,609.0634589927504,0.11625001206994057,0.006707996362820268,609.1864170011831
pessimistic,150,multistation_rep,42,42,42,t00877-c00122,122,877,3,3,True,1,81.57249999931082,239.60162499861326,369.5813330123201,0.005750000127591193,609.188708011061
pessimistic,150,multistation_rep,42,42,42,t00878-c00023,23,878,7,4,True,1,140.76749999367166,706.2486250069924,95.23774999252055,0.015208002878353,801.5015830023913
pessimistic,150,multistation_rep,42,42,42,t00878-c00060,60,878,4,3,True,1,358.7322090024827,801.4271249994636,0.09962500189431012,0.006916990969330072,801.5336669923272
pessimistic,150,multistation_rep,42,42,42,t00878-c00122,122,878,5,1,True,1,406.86000000278,406.86000000278,394.66145799087826,0.005084002623334527,801.5265419962816
pessimistic,150,multistation_rep,42,42,42,t00879-c00122,122,879,5,1,True,1,51.74174999410752,51.74174999410752,37.8586660081055,0.03199999628122896,89.63241599849425
pessimistic,150,multistation_rep,42,42,42,t00880-c00122,122,880,7,4,True,1,86.38974999485072,236.05274999863468,8.339374995557591,0.020624996977858245,244.41274999117013
pessimistic,150,multistation_rep,42,42,42,t00883-c00142,142,883,10,7,True,1,78.53404099296313,455.9705409919843,0.025708999601192772,0.015833007637411356,456.0120829992229
pessimistic,150,multistation_rep,42,42,42,t00884-c00142,142,884,1,0,False,0,,,,,
pessimistic,150,multistation_rep,42,42,42,t00885-c00142,142,885,8,3,True,1,113.93579200375825,223.89416700752918,0.028166003176011145,0.015375000657513738,223.9377080113627
pessimistic,150,multistation_rep,42,42,42,t00887-c00041,41,887,3,0,False,0,,,,,
pessimistic,150,multistation_rep,42,42,42,t00887-c00051,51,887,5,4,True,1,188.2814580021659,1001.4697910082759,0.02387499262113124,0.017541999113745987,1001.5112080000108
pessimistic,150,multistation_rep,42,42,42,t00888-c00041,41,888,5,0,False,0,,,,,
pessimistic,150,multistation_rep,42,42,42,t00889-c00041,41,889,3,0,False,0,,,,,
pessimistic,150,multistation_rep,42,42,42,t00890-c00041,41,890,12,1,True,1,306.9980839936761,306.9980839936761,52.00629100727383,0.024666995159350336,359.0290419961093
pessimistic,150,multistation_rep,42,42,42,t00890-c00124,124,890,3,1,True,1,191.39070800156333,191.39070800156333,167.68333299842197,0.007374997949227691,359.0814159979345
pessimistic,150,multistation_rep,42,42,42,t00891-c00041,41,891,12,1,True,1,286.130749998847,286.130749998847,41.774875004193746,0.022833002731204033,327.928458005772
pessimistic,150,multistation_rep,42,42,42,t00891-c00063,63,891,3,2,True,1,90.89229199162219,147.97291699505877,179.99025000608526,0.007957991329021752,327.97112499247305
pessimistic,150,multistation_rep,42,42,42,t00896-c00116,116,896,3,2,True,1,28.376749993185513,72.61937500152271,0.018040998838841915,0.012167001841589808,72.64958300220314
pessimistic,150,multistation_rep,42,42,42,t00901-c00012,12,901,7,2,True,1,603.6527499963995,860.9394590021111,0.013832992408424616,0.013208002201281488,860.9664999967208
pessimistic,150,multistation_rep,42,42,42,t00901-c00013,13,901,12,10,True,1,137.43662500928622,806.5722090104828,54.44474999967497,0.008916002116166055,861.0258750122739
pessimistic,150,multistation_rep,42,42,42,t00901-c00093,93,901,7,5,True,1,137.39891700970475,763.6012919974746,97.41804101213347,0.005874986527487636,861.0252079961356
pessimistic,150,multistation_rep,42,42,42,t00902-c00012,12,902,8,2,True,1,77.4276669981191,134.72720800200477,0.014000004739500582,0.012042000889778137,134.75325000763405
pessimistic,150,multistation_rep,42,42,42,t00904-c00131,131,904,8,1,True,1,51.631708003696986,51.631708003696986,12.952874996699393,0.014874996850267053,64.59945799724665
pessimistic,150,multistation_rep,42,42,42,t00907-c00048,48,907,4,0,False,0,,,,,
pessimistic,150,multistation_rep,42,42,42,t00908-c00048,48,908,5,3,True,1,68.76695799292065,163.7129580049077,11.071333996369503,0.020207997295074165,174.80449999857228
pessimistic,150,multistation_rep,42,42,42,t00910-c00108,108,910,5,5,True,1,55.23266700038221,409.515042003477,0.022624997654929757,0.014457997167482972,409.5521249982994
pessimistic,150,multistation_rep,42,42,42,t00911-c00050,50,911,7,0,False,0,,,,,
pessimistic,150,multistation_rep,42,42,42,t00911-c00108,108,911,6,5,True,1,570.9877089975635,1003.4508749959059,9.560542006511241,0.030458002584055066,1013.0418750050012
pessimistic,150,multistation_rep,42,42,42,t00911-c00136,136,911,3,1,True,1,570.9534999914467,570.9534999914467,442.1237500064308,0.006707996362820268,1013.0839579942403
pessimistic,150,multistation_rep,42,42,42,t00912-c00050,50,912,4,1,True,1,66.67091698909644,66.67091698909644,30.211875011445954,0.028665992431342602,96.91145799297374
pessimistic,150,multistation_rep,42,42,42,t00915-c00010,10,915,12,4,True,1,167.38204199646134,851.680124993436,8.860957997967489,0.01966700074262917,860.5607499921462
pessimistic,150,multistation_rep,42,42,42,t00915-c00102,102,915,8,4,True,1,61.31112499861047,500.8294169965666,359.7816249966854,0.007833004929125309,860.6188749981811
pessimistic,150,multistation_rep,42,42,42,t00916-c00010,10,916,7,2,True,1,206.81620899995323,648.9261669921689,309.741542005213,0.018040998838841915,958.6857499962207
pessimistic,150,multistation_rep,42,42,42,t00916-c00036,36,916,4,1,True,1,181.0550000082003,181.0550000082003,777.6621249940945,0.006624992238357663,958.7237499945331
pessimistic,150,multistation_rep,42,42,42,t00916-c00060,60,916,8,5,True,1,412.5078749930253,958.5730419930769,0.16312500520143658,0.007124996045604348,958.743291994324
pessimistic,150,multistation_rep,42,42,42,t00916-c00092,92,916,9,4,True,1,21.967833992675878,707.9114169901004,250.8235420100391,0.005915993824601173,958.7408749939641
pessimistic,150,multistation_rep,42,42,42,t00917-c00036,36,917,8,5,True,1,141.16583300346974,666.4838750002673,33.1691250030417,0.02937499084509909,699.6823749941541
pessimistic,150,multistation_rep,42,42,42,t00917-c00087,87,917,12,3,True,1,81.64812499308027,431.15512499934994,268.57862499309704,0.007542010280303657,699.7412920027273
pessimistic,150,multistation_rep,42,42,42,t00918-c00036,36,918,12,5,True,1,120.67124999884982,669.2597079963889,0.019875005818903446,0.01854199217632413,669.2981249943841
pessimistic,150,multistation_rep,42,42,42,t00919-c00036,36,919,15,9,True,1,102.17337499489076,907.015249991673,0.01979200169444084,0.018582999473437667,907.0536249928409
pessimistic,150,multistation_rep,42,42,42,t00920-c00035,35,920,8,5,True,1,114.82966699986719,456.4764589886181,58.323250006651506,0.021832995116710663,514.8215419903863
pessimistic,150,multistation_rep,42,42,42,t00920-c00082,82,920,8,3,True,1,358.4285830002045,501.269250002224,13.59091600170359,0.007334005204029381,514.8675000091316
pessimistic,150,multistation_rep,42,42,42,t00921-c00082,82,921,3,1,True,1,71.88404200132936,71.88404200132936,0.01754099503159523,0.013584009138867259,71.91516700549982
pessimistic,150,multistation_rep,42,42,42,t00922-c00061,61,922,4,3,True,1,108.98525000084192,317.0282080100151,0.018458988051861525,0.01662501017563045,317.06329200824257
pessimistic,150,multistation_rep,42,42,42,t00922-c00090,90,922,7,2,True,1,47.85083400201984,213.74937500513624,103.33912499481812,0.006624992238357663,317.0951249921927
pessimistic,150,multistation_rep,42,42,42,t00923-c00090,90,923,5,0,False,0,,,,,
pessimistic,150,multistation_rep,42,42,42,t00924-c00067,67,924,5,0,False,0,,,,,
pessimistic,150,multistation_rep,42,42,42,t00924-c00090,90,924,3,1,True,1,49.109832994872704,49.109832994872704,33.03191700251773,0.019416998839005828,82.16116699622944
pessimistic,150,multistation_rep,42,42,42,t00925-c00063,63,925,11,4,True,1,89.50587500294205,308.64237499190494,0.01912500010803342,0.015334007912315428,308.6768339999253
pessimistic,150,multistation_rep,42,42,42,t00925-c00067,67,925,3,0,False,0,,,,,
pessimistic,150,multistation_rep,42,42,42,t00926-c00067,67,926,3,0,False,0,,,,,
pessimistic,150,multistation_rep,42,42,42,t00927-c00067,67,927,7,3,True,1,70.40241600770969,167.1514159970684,22.333250002702698,0.018125007045455277,189.50279100681655
pessimistic,150,multistation_rep,42,42,42,t00928-c00021,21,928,7,2,True,1,117.98974999692291,342.6912079885369,0.018000006093643606,0.018624996300786734,342.72783299093135
pessimistic,150,multistation_rep,42,42,42,t00928-c00067,67,928,3,1,True,1,200.90399999753572,200.90399999753572,141.8613749992801,0.007375012501142919,342.77275000931695
pessimistic,150,multistation_rep,42,42,42,t00928-c00081,81,928,3,1,True,1,19.271332988864742,19.271332988864742,323.4954170038691,0.005207999492995441,342.7719579922268
pessimistic,150,multistation_rep,42,42,42,t00929-c00133,133,929,11,4,True,1,47.18758299713954,179.92083299031947,37.46595900156535,0.024082997697405517,217.41087498958223
pessimistic,150,multistation_rep,42,42,42,t00937-c00095,95,937,7,5,True,1,124.68783299846109,468.7764580012299,0.02216699067503214,0.017708007362671196,468.8163329992676
pessimistic,150,multistation_rep,42,42,42,t00938-c00007,7,938,11,7,True,1,224.5970830117585,940.5436660017585,0.01837500894907862,0.017124999430961907,940.5791660101386
pessimistic,150,multistation_rep,42,42,42,t00938-c00012,12,938,5,0,False,0,,,,,
pessimistic,150,multistation_rep,42,42,42,t00938-c00095,95,938,7,5,True,1,139.24004200089257,863.1137500051409,77.47262499469798,0.008957998943515122,940.5953329987824
pessimistic,150,multistation_rep,42,42,42,t00938-c00137,137,938,3,2,True,1,47.09154200099874,639.1128750110511,301.4758749923203,0.005584006430581212,940.594334009802
pessimistic,150,multistation_rep,42,42,42,t00939-c00012,12,939,8,1,True,1,141.11387499724515,141.11387499724515,10.49983300617896,0.014958990504965186,151.62866699392907
pessimistic,150,multistation_rep,42,42,42,t00940-c00010,10,940,5,0,False,0,,,,,
pessimistic,150,multistation_rep,42,42,42,t00940-c00012,12,940,6,1,True,1,204.68299998901784,204.68299998901784,11.945750011363998,0.020790990674868226,216.6495409910567
pessimistic,150,multistation_rep,42,42,42,t00941-c00010,10,941,7,2,True,1,143.28245900105685,1165.025834008702,454.8362079949584,0.0159579940373078,1619.8779999976978
pessimistic,150,multistation_rep,42,42,42,t00941-c00012,12,941,6,1,True,1,1433.0796249996638,1433.0796249996638,186.83674999920186,0.006667003617621958,1619.9230420024833
pessimistic,150,multistation_rep,42,42,42,t00941-c00049,49,941,4,4,True,1,44.583750001038425,1512.250125000719,107.68116600229405,0.006583999493159354,1619.9378750025062
pessimistic,150,multistation_rep,42,42,42,t00941-c00056,56,941,7,6,True,1,348.52312500879634,1008.0613340105629,611.8748329899972,0.005792011506855488,1619.941959012067
pessimistic,150,multistation_rep,42,42,42,t00941-c00092,92,941,5,1,True,1,1259.8595839954214,1259.8595839954214,360.06962500687223,0.004207991878502071,1619.9334169941721
pessimistic,150,multistation_rep,42,42,42,t00941-c00136,136,941,6,1,True,1,1619.6691660006763,1619.6691660006763,0.2530000056140125,0.003416993422433734,1619.9255829997128
pessimistic,150,multistation_rep,42,42,42,t00942-c00012,12,942,6,1,True,1,373.6481670057401,373.6481670057401,57.80579100246541,0.014958990504965186,431.4689169987105
pessimistic,150,multistation_rep,42,42,42,t00942-c00049,49,942,4,4,True,1,38.474250002764165,431.3982909952756,0.10437500895932317,0.008834002073854208,431.5115000063088
pessimistic,150,multistation_rep,42,42,42,t00942-c00092,92,942,3,1,True,1,245.7102920016041,245.7102920016041,185.79762500303332,0.0056249991757795215,431.5135420038132
pessimistic,150,multistation_rep,42,42,42,t00943-c00050,50,943,6,1,True,1,103.66162499121856,103.66162499121856,0.014457997167482972,0.014959005056880414,103.69104199344292
pessimistic,150,multistation_rep,42,42,42,t00944-c00102,102,944,3,2,True,1,39.42787500272971,75.97729199915193,8.588249998865649,0.013875003787688911,84.57941700180527
pessimistic,150,multistation_rep,42,42,42,t00949-c00020,20,949,3,3,True,1,45.295291987713426,126.85516699275468,0.01695800165180117,0.015541998436674476,126.88766699284315
pessimistic,150,multistation_rep,42,42,42,t00950-c00020,20,950,3,3,True,1,96.88825000193901,364.76508299529087,73.8171249977313,0.014958000974729657,438.5971659939969
pessimistic,150,multistation_rep,42,42,42,t00950-c00069,69,950,5,5,True,1,96.84504200413357,438.52316700213123,0.11824999819509685,0.006707996362820268,438.64812499668915
pessimistic,150,multistation_rep,42,42,42,t00951-c00016,16,951,3,2,True,1,66.36295799398795,663.193082989892,718.8662920088973,0.01695800165180117,1382.076333000441
pessimistic,150,multistation_rep,42,42,42,t00951-c00020,20,951,3,3,True,1,366.94283298857044,1228.4083749982528,153.70737499324605,0.007833004929125309,1382.123582996428
pessimistic,150,multistation_rep,42,42,42,t00951-c00023,23,951,3,1,True,1,366.9113749929238,366.9113749929238,1015.2047919982579,0.005125009920448065,1382.1212920011021
pessimistic,150,multistation_rep,42,42,42,t00951-c00069,69,951,5,5,True,1,366.87637500290293,1381.936959005543,0.188749996596016,0.0056249991757795215,1382.1313340013148
pessimistic,150,multistation_rep,42,42,42,t00952-c00023,23,952,3,1,True,1,232.07237500173505,232.07237500173505,190.69820900040213,0.01479100319556892,422.78537500533275
pessimistic,150,multistation_rep,42,42,42,t00952-c00069,69,952,7,7,True,1,53.8455000059912,422.7100840071216,0.11649999942164868,0.010124989785254002,422.8367089963285
pessimistic,150,multistation_rep,42,42,42,t00953-c00069,69,953,3,3,True,1,26.165499992202967,639.2313329997705,0.023083004634827375,0.014999997802078724,639.2694160022074
pessimistic,150,multistation_rep,42,42,42,t00953-c00084,84,953,3,2,True,1,523.914290999528,639.1912500112085,0.11216600250918418,0.006708985893055797,639.3101249996107
pessimistic,150,multistation_rep,42,42,42,t00955-c00074,74,955,4,1,True,1,29.817000002367422,29.817000002367422,25.111832990660332,0.014083998394198716,54.94291699142195
pessimistic,150,multistation_rep,42,42,42,t00958-c00061,61,958,3,1,True,1,100.95804200682323,100.95804200682323,13.859790997230448,0.02533399674575776,114.84316700079944
pessimistic,150,multistation_rep,42,42,42,t00959-c00061,61,959,0,0,False,0,,,,,
pessimistic,150,multistation_rep,42,42,42,t00959-c00079,79,959,4,4,True,1,553.5549579944927,1028.103040996939,0.024250010028481483,0.015583995264023542,1028.1428750022314
pessimistic,150,multistation_rep,42,42,42,t00959-c00108,108,959,8,7,True,1,133.71145799465012,940.2163750055479,87.9726249986561,0.008499991963617504,1028.1974999961676
pessimistic,150,multistation_rep,42,42,42,t00960-c00061,61,960,4,3,True,1,691.848583999672,1290.123124999809,0.018709004507400095,0.016915990272536874,1290.158749994589
pessimistic,150,multistation_rep,42,42,42,t00960-c00063,63,960,4,3,True,1,691.8100409966428,1290.0843749957858,0.1439159968867898,0.015042009181343019,1290.243333001854
pessimistic,150,multistation_rep,42,42,42,t00961-c00061,61,961,6,3,True,1,457.9712080012541,1117.3754579940578,0.021209008991718292,0.01741599407978356,1117.4140829971293
pessimistic,150,multistation_rep,42,42,42,t00961-c00063,63,961,4,3,True,1,457.932167002582,1117.3365419963375,0.1112080062739551,0.006707996362820268,1117.4544579989742
pessimistic,150,multistation_rep,42,42,42,t00962-c00113,113,962,5,3,True,1,8.879417000571266,56.99537499458529,9.133833009400405,0.022541993530467153,66.15174999751616
pessimistic,150,multistation_rep,42,42,42,t00967-c00140,140,967,3,3,True,1,62.47054200503044,270.2585000079125,0.0255839986493811,0.017040991224348545,270.30112499778625
pessimistic,150,multistation_rep,42,42,42,t00973-c00092,92,973,9,1,True,1,117.98183400242124,117.98183400242124,51.521999994292855,0.025500004994682968,169.52933400170878
pessimistic,150,multistation_rep,42,42,42,t00973-c00124,124,973,4,0,False,0,,,,,
pessimistic,150,multistation_rep,42,42,42,t00974-c00092,92,974,7,1,True,1,172.59595800715033,172.59595800715033,15.458708992809989,0.01850000990089029,188.0731670098612
pessimistic,150,multistation_rep,42,42,42,t00974-c00124,124,974,4,0,False,0,,,,,
pessimistic,150,multistation_rep,42,42,42,t00975-c00092,92,975,9,1,True,1,122.57099999987986,122.57099999987986,91.42258300562389,0.026541994884610176,214.02012500038836
pessimistic,150,multistation_rep,42,42,42,t00975-c00124,124,975,8,0,False,0,,,,,
pessimistic,150,multistation_rep,42,42,42,t00976-c00111,111,976,4,4,True,1,44.332124991342425,274.4923749996815,0.024916997062973678,0.017166996258310974,274.5344589930028
pessimistic,150,multistation_rep,42,42,42,t00976-c00124,124,976,3,0,False,0,,,,,
pessimistic,150,multistation_rep,42,42,42,t00977-c00111,111,977,9,9,True,1,59.307959003490396,1149.8509169905446,0.026667010388337076,0.016915990272536874,1149.8944999912055
pessimistic,150,multistation_rep,42,42,42,t00977-c00124,124,977,3,0,False,0,,,,,
pessimistic,150,multistation_rep,42,42,42,t00977-c00136,136,977,7,1,True,1,846.8041670130333,846.8041670130333,303.09154199494515,0.006040994776412845,1149.9017500027549
pessimistic,150,multistation_rep,42,42,42,t00978-c00024,24,978,8,4,True,1,100.81975000503007,559.8722910071956,31.21074999216944,0.03383400326129049,591.1168750026263
pessimistic,150,multistation_rep,42,42,42,t00978-c00124,124,978,5,0,False,0,,,,,
pessimistic,150,multistation_rep,42,42,42,t00978-c00146,146,978,4,0,False,0,,,,,
pessimistic,150,multistation_rep,42,42,42,t00979-c00024,24,979,7,4,True,1,80.94087500649039,265.4820000025211,0.01645900192670524,0.015166006051003933,265.5136250104988
pessimistic,150,multistation_rep,42,42,42,t00979-c00124,124,979,0,0,False,0,,,,,
pessimistic,150,multistation_rep,42,42,42,t00979-c00146,146,979,3,0,False,0,,,,,
pessimistic,150,multistation_rep,42,42,42,t00980-c00024,24,980,3,1,True,1,85.6997500086436,85.6997500086436,716.9082909967983,0.014334000297822058,802.6223750057397
pessimistic,150,multistation_rep,42,42,42,t00980-c00043,43,980,4,3,True,1,221.3839579926571,802.5515409972286,0.10895900777541101,0.008040995453484356,802.6685410004575
pessimistic,150,multistation_rep,42,42,42,t00980-c00101,101,980,6,4,True,1,245.36691600224003,802.5138329976471,0.14520800323225558,0.0062920007621869445,802.6653330016416
pessimistic,150,multistation_rep,42,42,42,t00980-c00124,124,980,2,0,False,0,,,,,
pessimistic,150,multistation_rep,42,42,42,t00980-c00138,138,980,4,2,True,1,427.4770000047283,633.650250005303,168.988541001454,0.005041991244070232,802.643832998001
pessimistic,150,multistation_rep,42,42,42,t00980-c00146,146,980,3,0,False,0,,,,,
pessimistic,150,multistation_rep,42,42,42,t00981-c00101,101,981,9,2,True,1,63.34837499889545,179.0646250010468,28.718792003928684,0.03129099786747247,207.81470800284296
pessimistic,150,multistation_rep,42,42,42,t00981-c00124,124,981,5,0,False,0,,,,,
pessimistic,150,multistation_rep,42,42,42,t00981-c00146,146,981,3,0,False,0,,,,,
pessimistic,150,multistation_rep,42,42,42,t00982-c00026,26,982,7,6,True,1,44.13491699961014,476.407084002858,0.017583006410859525,0.015500001609325409,476.4401670108782
pessimistic,150,multistation_rep,42,42,42,t00982-c00124,124,982,3,0,False,0,,,,,
pessimistic,150,multistation_rep,42,42,42,t00982-c00146,146,982,3,0,False,0,,,,,
pessimistic,150,multistation_rep,42,42,42,t00983-c00026,26,983,10,4,True,1,226.2914169987198,586.1589590058429,0.017874990589916706,0.019166007405146956,586.196000003838
pessimistic,150,multistation_rep,42,42,42,t00983-c00113,113,983,6,2,True,1,90.11741599533707,226.24495798663702,359.99600001377985,0.006291986210271716,586.2472499866271
pessimistic,150,multistation_rep,42,42,42,t00983-c00146,146,983,8,1,True,1,499.12104100803845,499.12104100803845,87.11499998753425,0.0048340007197111845,586.2408749962924
pessimistic,150,multistation_rep,42,42,42,t00984-c00012,12,984,10,0,False,0,,,,,
pessimistic,150,multistation_rep,42,42,42,t00984-c00026,26,984,8,5,True,1,127.91825000022072,705.8114169922192,10.972832998959348,0.024542008759453893,716.808791999938
pessimistic,150,multistation_rep,42,42,42,t00984-c00104,104,984,11,2,True,1,157.82287500042003,705.7691250083735,11.092667002230883,0.007374997949227691,716.8691670085536
pessimistic,150,multistation_rep,42,42,42,t00985-c00012,12,985,3,0,False,0,,,,,
pessimistic,150,multistation_rep,42,42,42,t00985-c00026,26,985,5,4,True,1,189.2693749978207,537.0997919962974,0.02566599869169295,0.01750000228639692,537.1429579972755
pessimistic,150,multistation_rep,42,42,42,t00985-c00091,91,985,3,3,True,1,69.97329099976923,436.39149999944493,100.80279099929612,0.007792012183927,537.202083010925
pessimistic,150,multistation_rep,42,42,42,t00986-c00012,12,986,3,0,False,0,,,,,
pessimistic,150,multistation_rep,42,42,42,t00987-c00012,12,987,3,0,False,0,,,,,
pessimistic,150,multistation_rep,42,42,42,t00987-c00119,119,987,7,7,True,1,61.9554160075495,337.5337500037858,0.028333000955171883,0.01649999467190355,337.5785829994129
pessimistic,150,multistation_rep,42,42,42,t00988-c00012,12,988,4,0,False,0,,,,,
pessimistic,150,multistation_rep,42,42,42,t00989-c00012,12,989,4,0,False,0,,,,,
pessimistic,150,multistation_rep,42,42,42,t00989-c00078,78,989,8,3,True,1,125.79020900011528,275.35362500930205,0.023083994165062904,0.016250007320195436,275.3929590107873
pessimistic,150,multistation_rep,42,42,42,t00990-c00012,12,990,5,0,False,0,,,,,
pessimistic,150,multistation_rep,42,42,42,t00990-c00078,78,990,3,1,True,1,163.82025000348222,163.82025000348222,11.729874997399747,0.018042002920992672,175.56816700380296
pessimistic,150,multistation_rep,42,42,42,t00991-c00012,12,991,5,0,False,0,,,,,
pessimistic,150,multistation_rep,42,42,42,t00992-c00012,12,992,5,0,False,0,,,,,
pessimistic,150,multistation_rep,42,42,42,t00992-c00069,69,992,7,7,True,1,85.21858300082386,734.8071249871282,0.024958004360087216,0.01891700958367437,734.851000001072
pessimistic,150,multistation_rep,42,42,42,t00993-c00012,12,993,3,0,False,0,,,,,
pessimistic,150,multistation_rep,42,42,42,t00993-c00070,70,993,7,4,True,1,91.5369159920374,293.79795800196007,0.023707994841970503,0.014000004739500582,293.83566600154154
pessimistic,150,multistation_rep,42,42,42,t00994-c00012,12,994,8,0,False,0,,,,,
pessimistic,150,multistation_rep,42,42,42,t00994-c00070,70,994,7,7,True,1,63.32370899326634,526.6931670048507,11.120916999061592,0.019915998564101756,537.8340000024764
pessimistic,150,multistation_rep,42,42,42,t00995-c00012,12,995,4,0,False,0,,,,,
pessimistic,150,multistation_rep,42,42,42,t00995-c00038,38,995,8,6,True,1,72.6076249993639,555.087792003178,116.72516699763946,0.015083001926541328,671.828042002744
pessimistic,150,multistation_rep,42,42,42,t00995-c00117,117,995,11,1,True,1,487.6526250009192,487.6526250009192,184.2249589972198,0.005875001079402864,671.8834589992184
pessimistic,150,multistation_rep,42,42,42,t00995-c00149,149,995,7,3,True,1,261.901832986041,671.7111249890877,0.15766599972266704,0.004792003892362118,671.8735829927027
pessimistic,150,multistation_rep,42,42,42,t00996-c00012,12,996,3,0,False,0,,,,,
pessimistic,150,multistation_rep,42,42,42,t00996-c00034,34,996,4,0,False,0,,,,,
pessimistic,150,multistation_rep,42,42,42,t00996-c00038,38,996,7,5,True,1,126.61587499314919,578.7981249886798,155.22091599996202,0.025708999601192772,734.044749988243
pessimistic,150,multistation_rep,42,42,42,t00996-c00047,47,996,11,3,True,1,126.58387501141988,462.5002500106348,271.58645799499936,0.007916998583823442,734.094625004218
pessimistic,150,multistation_rep,42,42,42,t00996-c00149,149,996,5,2,True,1,419.90883299149573,709.2591669934336,24.823915999149904,0.005542009603232145,734.0886250021867
pessimistic,150,multistation_rep,42,42,42,t00997-c00012,12,997,8,0,False,0,,,,,
pessimistic,150,multistation_rep,42,42,42,t00997-c00034,34,997,7,1,True,1,214.7864999860758,214.7864999860758,169.1514590056613,0.029916001949459314,383.96787499368656
pessimistic,150,multistation_rep,42,42,42,t00997-c00148,148,997,9,4,True,1,52.59449999721255,301.3030830043135,82.72558299358934,0.008709001122042537,384.0373749990249
pessimistic,150,multistation_rep,42,42,42,t00997-c00149,149,997,3,0,False,0,,,,,
pessimistic,150,multistation_rep,42,42,42,t00998-c00012,12,998,8,0,False,0,,,,,
pessimistic,150,multistation_rep,42,42,42,t00998-c00034,34,998,12,5,True,1,40.07104200718459,277.39895900595,183.63499999395572,0.022916006855666637,461.0568750067614
pessimistic,150,multistation_rep,42,42,42,t00998-c00080,80,998,5,1,True,1,413.5572080122074,413.5572080122074,47.539832987240516,0.006375004886649549,461.1034160043346
pessimistic,150,multistation_rep,42,42,42,t00998-c00149,149,998,3,0,False,0,,,,,
pessimistic,150,multistation_rep,42,42,42,t00999-c00012,12,999,8,0,False,0,,,,,
pessimistic,150,multistation_rep,42,42,42,t00999-c00149,149,999,3,0,False,0,,,,,
pessimistic,150,multistation_rep,42,42,42,t01000-c00012,12,1000,8,0,False,0,,,,,
pessimistic,150,multistation_rep,42,42,42,t01000-c00149,149,1000,3,0,False,0,,,,,
pessimistic,150,multistation_rep,42,42,42,t01001-c00012,12,1001,4,0,False,0,,,,,
pessimistic,150,multistation_rep,42,42,42,t01001-c00149,149,1001,3,0,False,0,,,,,
pessimistic,150,multistation_rep,42,42,42,t01002-c00012,12,1002,8,0,False,0,,,,,
pessimistic,150,multistation_rep,42,42,42,t01002-c00149,149,1002,3,0,False,0,,,,,
pessimistic,150,multistation_rep,42,42,42,t01003-c00012,12,1003,0,0,False,0,,,,,
pessimistic,150,multistation_rep,42,42,42,t01003-c00149,149,1003,5,1,True,1,58.92670899629593,58.92670899629593,19.039082995732315,0.01966700074262917,77.98545899277087
pessimistic,150,multistation_rep,42,42,42,t01004-c00012,12,1004,3,0,False,0,,,,,
pessimistic,150,multistation_rep,42,42,42,t01004-c00063,63,1004,0,0,False,0,,,,,
pessimistic,150,multistation_rep,42,42,42,t01005-c00012,12,1005,3,0,False,0,,,,,
pessimistic,150,multistation_rep,42,42,42,t01005-c00063,63,1005,3,1,True,1,53.04912501014769,53.04912501014769,27.512832995853387,0.015416997484862804,80.57737500348594
pessimistic,150,multistation_rep,42,42,42,t01006-c00012,12,1006,13,0,False,0,,,,,
pessimistic,150,multistation_rep,42,42,42,t01006-c00063,63,1006,9,2,True,1,145.2174160076538,229.97504100203514,226.40054200019222,0.022374995751306415,456.39795799797866
pessimistic,150,multistation_rep,42,42,42,t01006-c00071,71,1006,5,1,True,1,422.07233399676625,422.07233399676625,34.380875003989786,0.006374990334734321,456.45958399109077
pessimistic,150,multistation_rep,42,42,42,t01006-c00101,101,1006,3,1,True,1,260.7821249985136,260.7821249985136,195.66687499172986,0.005125009920448065,456.4541250001639
pessimistic,150,multistation_rep,42,42,42,t01007-c00012,12,1007,9,0,False,0,,,,,
pessimistic,150,multistation_rep,42,42,42,t01007-c00063,63,1007,9,2,True,1,141.73308300087228,294.9990000051912,156.55916699324735,0.01695800165180117,451.57512500009034
pessimistic,150,multistation_rep,42,42,42,t01007-c00101,101,1007,5,3,True,1,208.83054200385232,440.3371249936754,11.266625006101094,0.006999995093792677,451.6107499948703
pessimistic,150,multistation_rep,42,42,42,t01008-c00012,12,1008,7,0,False,0,,,,,
pessimistic,150,multistation_rep,42,42,42,t01008-c00101,101,1008,4,3,True,1,151.46395900228526,366.3125839957502,0.02762500662356615,0.017457990907132626,366.3576669932809
pessimistic,150,multistation_rep,42,42,42,t01009-c00012,12,1009,7,0,False,0,,,,,
pessimistic,150,multistation_rep,42,42,42,t01009-c00101,101,1009,4,3,True,1,98.0697499908274,230.30912499234546,0.024792010663077235,0.016166988643817604,230.35008399165235
pessimistic,150,multistation_rep,42,42,42,t01010-c00012,12,1010,5,0,False,0,,,,,
pessimistic,150,multistation_rep,42,42,42,t01011-c00012,12,1011,0,0,False,0,,,,,
pessimistic,150,multistation_rep,42,42,42,t01011-c00075,75,1011,8,2,True,1,230.81987499608658,559.0362090006238,0.018624996300786734,0.014958000974729657,559.0697919978993
pessimistic,150,multistation_rep,42,42,42,t01011-c00108,108,1011,3,2,True,1,156.98016599344555,515.1291250076611,43.99591599940322,0.007124996045604348,559.1321660031099
pessimistic,150,multistation_rep,42,42,42,t01012-c00000,0,1012,4,1,True,1,77.73800000722986,77.73800000722986,722.5590839952929,0.018207996618002653,800.3152919991408
pessimistic,150,multistation_rep,42,42,42,t01012-c00012,12,1012,8,0,False,0,,,,,
pessimistic,150,multistation_rep,42,42,42,t01012-c00075,75,1012,5,2,True,1,333.3083329926012,781.0794999968493,19.23387500573881,0.006999995093792677,800.3203749976819
pessimistic,150,multistation_rep,42,42,42,t01012-c00077,77,1012,9,3,True,1,184.3970000045374,710.781166999368,89.54499999526888,0.005667010555043817,800.3318340051919
pessimistic,150,multistation_rep,42,42,42,t01012-c00108,108,1012,3,1,True,1,630.8245419932064,630.8245419932064,169.50287501094863,0.004124987754039466,800.331541991909
pessimistic,150,multistation_rep,42,42,42,t01013-c00012,12,1013,4,0,False,0,,,,,
pessimistic,150,multistation_rep,42,42,42,t01013-c00075,75,1013,4,3,True,1,371.0488329961663,1128.069124999456,0.022917010937817395,0.014874996850267053,1128.1069170072442
pessimistic,150,multistation_rep,42,42,42,t01013-c00077,77,1013,10,4,True,1,491.74337499425747,980.5726250051521,147.5721659953706,0.00795899541117251,1128.1527499959338
pessimistic,150,multistation_rep,42,42,42,t01013-c00147,147,1013,5,5,True,1,67.07175000337884,893.6719580087811,234.4892919936683,0.006417001713998616,1128.1676670041634
pessimistic,150,multistation_rep,42,42,42,t01014-c00012,12,1014,0,0,False,0,,,,,
pessimistic,150,multistation_rep,42,42,42,t01014-c00077,77,1014,6,2,True,1,40.216124994913116,148.37224999791943,16.979624997475185,0.018749997252598405,165.3706249926472
pessimistic,150,multistation_rep,42,42,42,t01015-c00012,12,1015,0,0,False,0,,,,,
pessimistic,150,multistation_rep,42,42,42,t01015-c00077,77,1015,3,0,False,0,,,,,
pessimistic,150,multistation_rep,42,42,42,t01016-c00012,12,1016,6,0,False,0,,,,,
pessimistic,150,multistation_rep,42,42,42,t01016-c00077,77,1016,3,0,False,0,,,,,
pessimistic,150,multistation_rep,42,42,42,t01017-c00077,77,1017,4,0,False,0,,,,,
pessimistic,150,multistation_rep,42,42,42,t01018-c00006,6,1018,8,3,True,1,175.378041996737,317.9932919883868,112.01558299944736,0.017709011444821954,430.02658399927896
pessimistic,150,multistation_rep,42,42,42,t01018-c00077,77,1018,4,0,False,0,,,,,
pessimistic,150,multistation_rep,42,42,42,t01018-c00128,128,1018,8,3,True,1,110.9744999994291,429.90508399088867,0.1235410018125549,0.008208997314795852,430.036833990016
pessimistic,150,multistation_rep,42,42,42,t01019-c00077,77,1019,8,2,True,1,204.16091599327046,333.7486660020659,114.14937498921063,0.016709003830328584,447.91474999510683
pessimistic,150,multistation_rep,42,42,42,t01019-c00128,128,1019,8,3,True,1,129.2728749976959,447.83258299867157,0.14016700151842088,0.008582996088080108,447.98133299627807
pessimistic,150,multistation_rep,42,42,42,t01019-c00136,136,1019,3,0,False,0,,,,,
pessimistic,150,multistation_rep,42,42,42,t01020-c00040,40,1020,3,1,True,1,506.54962500266265,506.54962500266265,219.5612909999909,0.015416997484862804,726.1263330001384
pessimistic,150,multistation_rep,42,42,42,t01020-c00077,77,1020,8,2,True,1,407.1665419905912,609.7593750018859,116.42595900048036,0.007624999852851033,726.1929590022191
pessimistic,150,multistation_rep,42,42,42,t01020-c00110,110,1020,4,2,True,1,122.84937500953674,283.57487500761636,442.60766699153464,0.005500012775883079,726.1880420119269
pessimistic,150,multistation_rep,42,42,42,t01020-c00128,128,1020,8,3,True,1,226.13808399182744,725.979708993691,0.19708300533238798,0.0051249953685328364,726.1819169943919
pessimistic,150,multistation_rep,42,42,42,t01020-c00136,136,1020,3,0,False,0,,,,,
pessimistic,150,multistation_rep,42,42,42,t01020-c00146,146,1020,2,1,True,1,84.98387500003446,84.98387500003446,641.1488330049906,0.0041669991333037615,726.1368750041584
pessimistic,150,multistation_rep,42,42,42,t01021-c00040,40,1021,3,1,True,1,169.8783750034636,169.8783750034636,8.824291988275945,0.01662501017563045,178.71929200191516
pessimistic,150,multistation_rep,42,42,42,t01021-c00136,136,1021,3,0,False,0,,,,,
pessimistic,150,multistation_rep,42,42,42,t01021-c00146,146,1021,6,2,True,1,53.437792012118734,96.05708300659899,82.68170899827965,0.007166003342717886,178.74595800822135
pessimistic,150,multistation_rep,42,42,42,t01022-c00040,40,1022,3,1,True,1,313.2696670072619,313.2696670072619,25.0603750027949,0.020042003598064184,338.35008401365485
pessimistic,150,multistation_rep,42,42,42,t01022-c00043,43,1022,7,2,True,1,116.4169999974547,269.38254199922085,69.02283300587442,0.007583992555737495,338.412958997651
pessimistic,150,multistation_rep,42,42,42,t01022-c00047,47,1022,6,1,True,1,174.27916699671187,174.27916699671187,164.12579199823085,0.0052910036174580455,338.4102499985602
pessimistic,150,multistation_rep,42,42,42,t01022-c00136,136,1022,3,0,False,0,,,,,
pessimistic,150,multistation_rep,42,42,42,t01023-c00040,40,1023,3,1,True,1,258.7576660007471,258.7576660007471,99.50062500138301,0.02779200440272689,358.28608300653286
pessimistic,150,multistation_rep,42,42,42,t01023-c00115,115,1023,8,4,True,1,78.25641699309926,328.7314999906812,29.61262500321027,0.00837500556372106,358.3524999994552
pessimistic,150,multistation_rep,42,42,42,t01023-c00136,136,1023,8,0,False,0,,,,,
pessimistic,150,multistation_rep,42,42,42,t01024-c00005,5,1024,5,2,True,1,29.50024999154266,65.98749999830034,87.38516700395849,0.01566599530633539,153.38833299756516
pessimistic,150,multistation_rep,42,42,42,t01024-c00040,40,1024,3,1,True,1,145.2432499936549,145.2432499936549,8.166625004378147,0.005750000127591193,153.41562499816064
pessimistic,150,multistation_rep,42,42,42,t01024-c00136,136,1024,2,0,False,0,,,,,
pessimistic,150,multistation_rep,42,42,42,t01025-c00106,106,1025,3,0,False,0,,,,,
pessimistic,150,multistation_rep,42,42,42,t01025-c00117,117,1025,3,0,False,0,,,,,
pessimistic,150,multistation_rep,42,42,42,t01025-c00136,136,1025,5,0,False,0,,,,,
pessimistic,150,multistation_rep,42,42,42,t01026-c00018,18,1026,5,3,True,1,150.7541669998318,374.0392080071615,0.015541998436674476,0.016833000699989498,374.07158300629817
pessimistic,150,multistation_rep,42,42,42,t01026-c00106,106,1026,7,1,True,1,181.83825000596698,181.83825000596698,192.25883299077395,0.006417001713998616,374.10349999845494
pessimistic,150,multistation_rep,42,42,42,t01026-c00117,117,1026,3,0,False,0,,,,,
pessimistic,150,multistation_rep,42,42,42,t01026-c00136,136,1026,2,0,False,0,,,,,
pessimistic,150,multistation_rep,42,42,42,t01027-c00062,62,1027,3,1,True,1,271.7055000102846,271.7055000102846,110.97633300232701,0.02183399919886142,382.70366701181047
pessimistic,150,multistation_rep,42,42,42,t01027-c00076,76,1027,7,3,True,1,171.12341700703837,372.2705840045819,10.467457992490381,0.007708003977313638,382.7457500010496
pessimistic,150,multistation_rep,42,42,42,t01027-c00117,117,1027,3,0,False,0,,,,,
pessimistic,150,multistation_rep,42,42,42,t01027-c00136,136,1027,0,0,False,0,,,,,
pessimistic,150,multistation_rep,42,42,42,t01028-c00117,117,1028,4,0,False,0,,,,,
pessimistic,150,multistation_rep,42,42,42,t01028-c00136,136,1028,5,0,False,0,,,,,
pessimistic,150,multistation_rep,42,42,42,t01029-c00117,117,1029,4,0,False,0,,,,,
pessimistic,150,multistation_rep,42,42,42,t01030-c00117,117,1030,8,3,True,1,89.7226669912925,209.81400000164285,39.28333398653194,0.017916012438945472,249.11525000061374
pessimistic,150,multistation_rep,42,42,42,t01032-c00045,45,1032,7,2,True,1,42.89170900301542,93.53191699483432,6.572750004124828,0.018749997252598405,100.12341699621174
pessimistic,150,multistation_rep,42,42,42,t01034-c00071,71,1034,8,1,True,1,106.53050000837538,106.53050000837538,8.992832998046651,0.019458995666354895,115.54279200208839
pessimistic,150,multistation_rep,42,42,42,t01035-c00138,138,1035,4,3,True,1,245.485750012449,645.2695420011878,0.026583002181723714,0.017625003238208592,645.3137500066077
pessimistic,150,multistation_rep,42,42,42,t01037-c00081,81,1037,4,1,True,1,31.77154100558255,31.77154100558255,23.235166998347268,0.019917002646252513,55.02662500657607
pessimistic,150,multistation_rep,42,42,42,t01038-c00116,116,1038,5,3,True,1,25.60579200508073,77.98512501176447,0.018499995348975062,0.011334006558172405,78.01495901367161
pessimistic,150,multistation_rep,42,42,42,t01040-c00078,78,1040,5,1,True,1,158.9518330001738,158.9518330001738,92.6417919981759,0.015500001609325409,251.60912499995902
pessimistic,150,multistation_rep,42,42,42,t01040-c00086,86,1040,3,3,True,1,41.992124999524094,251.53429199417587,0.1161660038633272,0.007916998583823442,251.65837499662302
pessimistic,150,multistation_rep,42,42,42,t01041-c00080,80,1041,7,1,True,1,328.6439999938011,328.6439999938011,94.72816600464284,0.016249992768280208,423.38841599121224
pessimistic,150,multistation_rep,42,42,42,t01041-c00086,86,1041,6,5,True,1,61.54441701073665,423.313125007553,0.11929200263693929,0.009333001798950136,423.4417500119889
pessimistic,150,multistation_rep,42,42,42,t01042-c00149,149,1042,3,1,True,1,111.46562499925494,111.46562499925494,8.33304198749829,0.01475001045037061,119.8134169972036
pessimistic,150,multistation_rep,42,42,42,t01044-c00052,52,1044,6,4,True,1,764.240874996176,1007.7642919932259,76.71383299748413,0.021041996660642326,1084.4991669873707
pessimistic,150,multistation_rep,42,42,42,t01044-c00143,143,1044,3,2,True,1,764.1972499986878,1062.4453750060638,22.09116698941216,0.007458002073690295,1084.5439999975497
pessimistic,150,multistation_rep,42,42,42,t01050-c00065,65,1050,4,0,False,0,,,,,
pessimistic,150,multistation_rep,42,42,42,t01051-c00065,65,1051,4,0,False,0,,,,,
pessimistic,150,multistation_rep,42,42,42,t01051-c00128,128,1051,8,1,True,1,94.32275001017842,94.32275001017842,41.78304100059904,0.026999987312592566,136.13279099809006
pessimistic,150,multistation_rep,42,42,42,t01052-c00065,65,1052,4,0,False,0,,,,,
pessimistic,150,multistation_rep,42,42,42,t01052-c00128,128,1052,3,1,True,1,59.939708007732406,59.939708007732406,26.317999989259988,0.02083300205413252,86.27854099904653
pessimistic,150,multistation_rep,42,42,42,t01053-c00013,13,1053,3,2,True,1,272.34108399716206,305.946499996935,187.09029199089855,0.029041999368928373,493.0658339872025
pessimistic,150,multistation_rep,42,42,42,t01053-c00065,65,1053,4,0,False,0,,,,,
pessimistic,150,multistation_rep,42,42,42,t01053-c00081,81,1053,7,2,True,1,81.4287920075003,193.30029201228172,299.78649999247864,0.007374997949227691,493.0941670027096
pessimistic,150,multistation_rep,42,42,42,t01053-c00145,145,1053,7,6,True,1,48.29958399932366,453.45733399153687,39.63283300981857,0.007457987521775067,493.0976249888772
pessimistic,150,multistation_rep,42,42,42,t01054-c00013,13,1054,3,2,True,1,71.61583300330676,94.51683300721925,11.10566699935589,0.016541991499252617,105.63904199807439
pessimistic,150,multistation_rep,42,42,42,t01054-c00065,65,1054,3,1,True,1,71.57400000141934,71.57400000141934,34.097875002771616,0.006040994776412845,105.67791599896736
pessimistic,150,multistation_rep,42,42,42,t01057-c00029,29,1057,8,8,True,1,109.66437500610482,1392.9549589956878,0.02112500078510493,0.01995800994336605,1392.9960420064162
pessimistic,150,multistation_rep,42,42,42,t01057-c00058,58,1057,13,8,True,1,263.9073749887757,1149.8236249899492,243.23358399851713,0.008500006515532732,1393.0657089949818
pessimistic,150,multistation_rep,42,42,42,t01057-c00130,130,1057,5,2,True,1,623.8323750003474,954.8072080069687,438.2591670000693,0.005416004569269717,1393.0717910116073
pessimistic,150,multistation_rep,42,42,42,t01058-c00029,29,1058,9,6,True,1,665.8973339945078,1859.1395419934997,0.02025000867433846,0.021083003957755864,1859.1808750061318
pessimistic,150,multistation_rep,42,42,42,t01058-c00058,58,1058,11,4,True,1,95.87591700255871,1279.8566249985015,579.3659170012688,0.008040995453484356,1859.2305829952238
pessimistic,150,multistation_rep,42,42,42,t01058-c00130,130,1058,6,3,True,1,665.8171249873703,1458.3387499878881,400.8995420008432,0.006000002031214535,1859.2442919907626
pessimistic,150,multistation_rep,42,42,42,t01059-c00058,58,1059,12,7,True,1,228.0673749919515,1106.9542079931125,15.77529200585559,0.02649999805726111,1122.7559999970254
pessimistic,150,multistation_rep,42,42,42,t01059-c00130,130,1059,6,3,True,1,111.68979099602439,939.3701249937294,183.4379159990931,0.007334005204029381,1122.8153749980265
pessimistic,150,multistation_rep,42,42,42,t01060-c00058,58,1060,8,5,True,1,66.0894580068998,288.8603330065962,0.020082996343262494,0.0162090000230819,288.89662500296254
pessimistic,150,multistation_rep,42,42,42,t01061-c00058,58,1061,8,5,True,1,101.1755420040572,478.7651250080671,0.019041995983570814,0.014457997167482972,478.79862500121817
pessimistic,150,multistation_rep,42,42,42,t01062-c00002,2,1062,6,4,True,1,47.14379200595431,397.4910419929074,0.014792007277719676,0.016249992768280208,397.5220839929534
pessimistic,150,multistation_rep,42,42,42,t01062-c00058,58,1062,8,1,True,1,290.97620899847243,290.97620899847243,106.57716599234845,0.006667003617621958,397.5600419944385
pessimistic,150,multistation_rep,42,42,42,t01063-c00058,58,1063,4,1,True,1,63.232000000425614,63.232000000425614,27.541667004697956,0.01708300260361284,90.79075000772718
pessimistic,150,multistation_rep,42,42,42,t01066-c00077,77,1066,6,0,False,0,,,,,
pessimistic,150,multistation_rep,42,42,42,t01067-c00077,77,1067,3,1,True,1,65.70266600465402,65.70266600465402,7.353583991061896,0.01287501072511077,73.06912500644103
pessimistic,150,multistation_rep,42,42,42,t01072-c00097,97,1072,7,1,True,1,92.95799999381416,92.95799999381416,26.083167002070695,0.028833004762418568,119.07000000064727
pessimistic,150,multistation_rep,42,42,42,t01073-c00031,31,1073,3,2,True,1,76.76662498852238,201.02399999450427,0.016749996575526893,0.015875004464760423,201.05662499554455
pessimistic,150,multistation_rep,42,42,42,t01085-c00143,143,1085,9,7,True,1,90.33012500731274,570.5129170091823,0.028790993383154273,0.016542006051167846,570.5582500086166
pessimistic,150,multistation_rep,42,42,42,t01086-c00131,131,1086,4,1,True,1,22.419459011871368,22.419459011871368,22.52545800001826,0.014124991139397025,44.959042003029026
pessimistic,150,multistation_rep,42,42,42,t01091-c00114,114,1091,6,3,True,1,66.68179199914448,136.13541699305642,8.284083000035025,0.016792007954791188,144.43629200104624
pessimistic,150,multistation_rep,42,42,42,t01093-c00057,57,1093,13,3,True,1,119.12904199562036,301.6569589963183,148.67120800772682,0.025416986318305135,450.3535839903634
pessimistic,150,multistation_rep,42,42,42,t01093-c00145,145,1093,5,4,True,1,64.4391249952605,420.40229198755696,29.989333008415997,0.008542003342881799,450.40016699931584
pessimistic,150,multistation_rep,42,42,42,t01094-c00145,145,1094,13,12,True,1,50.699792001978494,819.0965840040008,0.034832992241717875,0.01837499439716339,819.1497919906396
pessimistic,150,multistation_rep,42,42,42,t01096-c00019,19,1096,7,4,True,1,106.95891700743232,316.0110419994453,0.017000013031065464,0.01783299376256764,316.04587500623893
pessimistic,150,multistation_rep,42,42,42,t01097-c00002,2,1097,9,8,True,1,67.6053339993814,779.4091669929912,0.017291997210122645,0.0185410026460886,779.4449999928474
pessimistic,150,multistation_rep,42,42,42,t01097-c00077,77,1097,6,3,True,1,479.4661250052741,646.4195000007749,133.06070800172165,0.007875001756474376,779.488083004253
pessimistic,150,multistation_rep,42,42,42,t01098-c00046,46,1098,4,1,True,1,54.65320798975881,54.65320798975881,661.5035420109052,0.023707994841970503,716.180457995506
pessimistic,150,multistation_rep,42,42,42,t01098-c00077,77,1098,6,3,True,1,343.66633399622515,645.3877919993829,70.82970799820032,0.00808399636298418,716.2255839939462
pessimistic,150,multistation_rep,42,42,42,t01098-c00082,82,1098,8,1,True,1,688.7786250008503,688.7786250008503,27.449874993180856,0.004917004844173789,716.2334169988753
pessimistic,150,multistation_rep,42,42,42,t01099-c00077,77,1099,3,1,True,1,245.73812501330394,245.73812501330394,10.088583992910571,0.023250002413988113,255.8499590086285
pessimistic,150,multistation_rep,42,42,42,t01100-c00077,77,1100,0,0,False,0,,,,,
pessimistic,150,multistation_rep,42,42,42,t01101-c00039,39,1101,7,6,True,1,49.130375002278015,493.4838750050403,0.01883399090729654,0.015875004464760423,493.5185840004124
pessimistic,150,multistation_rep,42,42,42,t01101-c00077,77,1101,6,3,True,1,248.39249999786261,431.0580830060644,62.513082986697555,0.007000009645707905,493.57816600240767
pessimistic,150,multistation_rep,42,42,42,t01102-c00039,39,1102,3,2,True,1,42.50320799474139,95.93983300146647,0.015792000340297818,0.015208002878353,95.97083300468512
pessimistic,150,multistation_rep,42,42,42,t01105-c00064,64,1105,3,3,True,1,25.963708001654595,87.99858299607877,0.018459002603776753,0.014999997802078724,88.03204199648462
pessimistic,150,multistation_rep,42,42,42,t01108-c00109,109,1108,8,4,True,1,57.41175000730436,259.69183300912846,118.80841699894518,0.016790989320725203,378.51704099739436
pessimistic,150,multistation_rep,42,42,42,t01108-c00131,131,1108,4,1,True,1,369.4275000016205,369.4275000016205,9.114208005485125,0.006166999810375273,378.547875006916
pessimistic,150,multistation_rep,42,42,42,t01111-c00084,84,1111,10,8,True,1,111.2520409951685,801.2962500069989,7.534958000178449,0.02099999983329326,808.8522080070106
pessimistic,150,multistation_rep,42,42,42,t01112-c00031,31,1112,4,1,True,1,81.42191699880641,81.42191699880641,80.01391599827912,0.01720900763757527,161.4530420047231
pessimistic,150,multistation_rep,42,42,42,t01112-c00114,114,1112,5,1,True,1,135.99574999534525,135.99574999534525,25.479500007349998,0.0057919969549402595,161.4810419996502
pessimistic,150,multistation_rep,42,42,42,t01113-c00025,25,1113,14,6,True,1,94.10933300387114,564.2249579977943,40.008124997257255,0.025083005311898887,604.2581660003634
pessimistic,150,multistation_rep,42,42,42,t01113-c00090,90,1113,4,1,True,1,178.22333400545176,178.22333400545176,426.06683299527504,0.007374997949227691,604.297541998676
pessimistic,150,multistation_rep,42,42,42,t01114-c00090,90,1114,9,3,True,1,51.61762499483302,153.07474999281112,6.233042004168965,0.016624995623715222,159.3244169926038
pessimistic,150,multistation_rep,42,42,42,t01115-c00090,90,1115,9,3,True,1,55.22991700854618,161.3615829992341,6.247500001336448,0.014125005691312253,167.62320800626185
pessimistic,150,multistation_rep,42,42,42,t01116-c00028,28,1116,3,3,True,1,41.62120800174307,183.29983300645836,0.01720800355542451,0.01491699367761612,183.3319580036914
pessimistic,150,multistation_rep,42,42,42,t01121-c00003,3,1121,8,1,True,1,94.86962501250673,94.86962501250673,13.411957988864742,0.019416998839005828,108.30100000021048
pessimistic,150,multistation_rep,42,42,42,t01122-c00003,3,1122,9,2,True,1,108.20333300216589,252.87775001197588,0.013749988283962011,0.014125005691312253,252.90562500595115
pessimistic,150,multistation_rep,42,42,42,t01123-c00003,3,1123,3,1,True,1,277.06662499986123,277.06662499986123,5.7082499988609925,0.01750000228639692,282.7923750010086
pessimistic,150,multistation_rep,42,42,42,t01123-c00087,87,1123,7,1,True,1,61.125416003051214,61.125416003051214,221.69629199197516,0.0064580090111121535,282.8281660040375
pessimistic,150,multistation_rep,42,42,42,t01124-c00010,10,1124,6,2,True,1,70.05266699707136,197.31045799562708,0.013584009138867259,0.015375000657513738,197.33941700542346
pessimistic,150,multistation_rep,42,42,42,t01128-c00082,82,1128,10,1,True,1,84.84133399906568,84.84133399906568,13.95208299800288,0.03329200262669474,98.82670899969526
pessimistic,150,multistation_rep,42,42,42,t01129-c00008,8,1129,3,1,True,1,93.01974999834783,93.01974999834783,7.5777919992106035,0.015332989278249443,100.61287498683669
pessimistic,150,multistation_rep,42,42,42,t01130-c00049,49,1130,8,7,True,1,110.0788339972496,357.41254199820105,85.44254199659918,0.020040999515913427,442.87512499431614
pessimistic,150,multistation_rep,42,42,42,t01130-c00142,142,1130,4,3,True,1,64.36004099668935,435.9952500090003,6.929790994036011,0.0072499969974160194,442.93229100003373
pessimistic,150,multistation_rep,42,42,42,t01131-c00049,49,1131,8,7,True,1,91.57104199402966,418.05249999742955,37.231416994472966,0.03420800203457475,455.3181249939371
pessimistic,150,multistation_rep,42,42,42,t01131-c00104,104,1131,7,1,True,1,311.59070901048835,311.59070901048835,143.7596659961855,0.007291993824765086,455.3576670004986
pessimistic,150,multistation_rep,42,42,42,t01132-c00092,92,1132,6,3,True,1,20.941292008501478,101.38216700579505,19.202458002837375,0.017457990907132626,120.60208299953956
pessimistic,150,multistation_rep,42,42,42,t01134-c00005,5,1134,7,5,True,1,32.590375005383976,117.52929199428763,5.303875004756264,0.013374999980442226,122.84654199902434
pessimistic,150,multistation_rep,42,42,42,t01135-c00005,5,1135,3,1,True,1,109.00158299773466,109.00158299773466,49.888499997905456,0.014042001566849649,158.90412499720696
pessimistic,150,multistation_rep,42,42,42,t01135-c00074,74,1135,10,2,True,1,87.54712498921435,158.83195798960514,0.10825000936165452,0.007374997949227691,158.94758299691603
pessimistic,150,multistation_rep,42,42,42,t01136-c00074,74,1136,12,9,True,1,18.478832993423566,139.62412500404753,0.021041996660642326,0.01575000351294875,139.66091700422112
pessimistic,150,multistation_rep,42,42,42,t01137-c00074,74,1137,7,5,True,1,65.19404100254178,251.95112499932293,0.021500003640539944,0.016707999748177826,251.98933300271165
pessimistic,150,multistation_rep,42,42,42,t01138-c00074,74,1138,7,5,True,1,164.55037500418257,393.54645801358856,5.985999989206903,0.02112500078510493,399.55358300358057
pessimistic,150,multistation_rep,42,42,42,t01138-c00118,118,1138,7,2,True,1,104.64941700047348,341.75662499910686,57.82579199876636,0.007167007424868643,399.5895840052981
pessimistic,150,multistation_rep,42,42,42,t01139-c00118,118,1139,7,2,True,1,146.00691699888557,209.36066699505318,6.263957999181002,0.015875004464760423,215.64049999869894
pessimistic,150,multistation_rep,42,42,42,t01140-c00122,122,1140,5,0,False,0,,,,,
pessimistic,150,multistation_rep,42,42,42,t01141-c00093,93,1141,3,2,True,1,128.80625000980217,195.1677080069203,14.397249993635342,0.01808301021810621,209.58304101077374
pessimistic,150,multistation_rep,42,42,42,t01141-c00122,122,1141,5,0,False,0,,,,,
pessimistic,150,multistation_rep,42,42,42,t01142-c00122,122,1142,7,2,True,1,72.44708298821934,129.53133299015462,22.217250007088296,0.015083991456776857,151.7636669886997
pessimistic,150,multistation_rep,42,42,42,t01145-c00043,43,1145,3,1,True,1,83.401166004478,83.401166004478,0.015541998436674476,0.012417003745213151,83.42912500665989
pessimistic,150,multistation_rep,42,42,42,t01149-c00050,50,1149,8,1,True,1,102.54820800037123,102.54820800037123,0.014958000974729657,0.014249992091208696,102.57741599343717
pessimistic,150,multistation_rep,42,42,42,t01150-c00024,24,1150,3,1,True,1,237.17279199627228,237.17279199627228,154.78170799906366,0.015792000340297818,391.97029199567623
pessimistic,150,multistation_rep,42,42,42,t01150-c00027,27,1150,10,5,True,1,57.14083400380332,383.84587499604095,8.17533400550019,0.008332994184456766,392.0295419957256
pessimistic,150,multistation_rep,42,42,42,t01151-c00024,24,1151,5,1,True,1,67.45208299253136,67.45208299253136,6.752584013156593,0.03129099786747247,74.23595800355542
pessimistic,150,multistation_rep,42,42,42,t01158-c00036,36,1158,6,3,True,1,68.21470799332019,248.08920799114276,1248.5441669996362,0.033958000130951405,1496.66733299091
pessimistic,150,multistation_rep,42,42,42,t01158-c00048,48,1158,5,2,True,1,627.5972079893108,1043.1416669889586,453.578375003417,0.0069160014390945435,1496.7269579938147
pessimistic,150,multistation_rep,42,42,42,t01158-c00127,127,1158,8,6,True,1,415.31387499708217,1487.7859169937437,8.936708007240668,0.0070829992182552814,1496.7297080002027
pessimistic,150,multistation_rep,42,42,42,t01159-c00036,36,1159,3,2,True,1,78.56716700189281,198.44804200693034,7.486665999749675,0.015083991456776857,205.9497919981368
pessimistic,150,multistation_rep,42,42,42,t01160-c00041,41,1160,7,4,True,1,101.435999997193,272.0344590052264,21.305457994458266,0.03199999628122896,293.3719169959659
pessimistic,150,multistation_rep,42,42,42,t01161-c00025,25,1161,3,1,True,1,251.25508398923557,251.25508398923557,38.30137501063291,0.0219999928958714,289.57845899276435
pessimistic,150,multistation_rep,42,42,42,t01161-c00041,41,1161,6,0,False,0,,,,,
pessimistic,150,multistation_rep,42,42,42,t01161-c00146,146,1161,4,0,False,0,,,,,
pessimistic,150,multistation_rep,42,42,42,t01162-c00041,41,1162,6,1,True,1,176.07054200198036,176.07054200198036,305.7770419982262,0.02170799416489899,481.86929199437145
pessimistic,150,multistation_rep,42,42,42,t01162-c00088,88,1162,11,3,True,1,112.81241598771885,420.10583299270365,61.78474999614991,0.008583010639995337,481.89916599949356
pessimistic,150,multistation_rep,42,42,42,t01162-c00146,146,1162,3,0,False,0,,,,,
pessimistic,150,multistation_rep,42,42,42,t01163-c00113,113,1163,10,2,True,1,78.37862501037307,157.02320799755398,24.37208400806412,0.02158299321308732,181.4168749988312
pessimistic,150,multistation_rep,42,42,42,t01163-c00146,146,1163,10,1,True,1,133.28704200102948,133.28704200102948,48.17387499497272,0.006332993507385254,181.46724998950958
pessimistic,150,multistation_rep,42,42,42,t01164-c00113,113,1164,5,1,True,1,78.9657909917878,78.9657909917878,78.26262500020675,0.018959006411023438,157.24737499840558
pessimistic,150,multistation_rep,42,42,42,t01164-c00146,146,1164,10,1,True,1,124.24720900889952,124.24720900889952,33.02929099299945,0.0067920045694336295,157.2832920064684
pessimistic,150,multistation_rep,42,42,42,t01166-c00007,7,1166,11,5,True,1,48.95287498948164,231.69579199748114,15.136665999307297,0.016833990230225027,246.84929198701866
pessimistic,150,multistation_rep,42,42,42,t01167-c00133,133,1167,5,1,True,1,37.79929201118648,37.79929201118648,6.669540991424583,0.012333999620750546,44.481167002231814
pessimistic,150,multistation_rep,42,42,42,t01168-c00133,133,1168,5,1,True,1,253.0520419968525,253.0520419968525,79.84587499231566,0.016458012396469712,332.9143750015646
pessimistic,150,multistation_rep,42,42,42,t01168-c00137,137,1168,7,6,True,1,64.94579098944087,332.8336659906199,0.12166700616944581,0.008457995136268437,332.96379099192563
pessimistic,150,multistation_rep,42,42,42,t01169-c00074,74,1169,3,2,True,1,318.7161670066416,801.5926670050249,106.16637500061188,0.015874989912845194,907.7749169955496
pessimistic,150,multistation_rep,42,42,42,t01169-c00095,95,1169,7,5,True,1,127.96133299707435,907.6978750090348,0.13216699881013483,0.008582996088080108,907.838625003933
pessimistic,150,multistation_rep,42,42,42,t01169-c00137,137,1169,3,2,True,1,318.63758400140796,801.5142500080401,106.32370899838861,0.005041001713834703,907.8430000081426
pessimistic,150,multistation_rep,42,42,42,t01170-c00074,74,1170,5,3,True,1,324.4952499953797,918.5801669955254,181.2623750010971,0.016457997844554484,1099.858999994467
pessimistic,150,multistation_rep,42,42,42,t01170-c00095,95,1170,7,5,True,1,197.08066699968185,1099.7789169923635,0.13675000809598714,0.008624992915429175,1099.924291993375
pessimistic,150,multistation_rep,42,42,42,t01170-c00123,123,1170,7,6,True,1,197.04349999665283,1099.741832993459,0.17283399938605726,0.00608300615567714,1099.9207499990007
pessimistic,150,multistation_rep,42,42,42,t01171-c00074,74,1171,3,2,True,1,192.23083399992902,428.9842089929152,137.65487499767914,0.014375007594935596,566.6534589981893
pessimistic,150,multistation_rep,42,42,42,t01171-c00116,116,1171,12,9,True,1,50.584833006723784,566.5759999974398,0.11416700726840645,0.008499991963617504,566.6986669966718
pessimistic,150,multistation_rep,42,42,42,t01172-c00067,67,1172,6,1,True,1,69.9103329970967,69.9103329970967,14.432707990636118,0.013625001884065568,84.35666598961689
pessimistic,150,multistation_rep,42,42,42,t01173-c00008,8,1173,7,3,True,1,87.57350000087172,454.1527080000378,45.61858299712185,0.017166996258310974,499.788457993418
pessimistic,150,multistation_rep,42,42,42,t01173-c00118,118,1173,14,3,True,1,171.33720900164917,397.70162499917205,102.11225000966806,0.006958987796679139,499.8208339966368
pessimistic,150,multistation_rep,42,42,42,t01174-c00118,118,1174,6,0,False,0,,,,,
pessimistic,150,multistation_rep,42,42,42,t01175-c00118,118,1175,0,0,False,0,,,,,
pessimistic,150,multistation_rep,42,42,42,t01176-c00118,118,1176,5,1,True,1,77.09166599670425,77.09166599670425,0.023250002413988113,0.01604200224392116,77.13095800136216
pessimistic,150,multistation_rep,42,42,42,t01179-c00020,20,1179,6,6,True,1,32.749624995631166,303.407999992487,0.0194160093087703,0.016749996575526893,303.4441659983713
pessimistic,150,multistation_rep,42,42,42,t01180-c00102,102,1180,5,2,True,1,24.588957996456884,44.301665999228135,12.151542003266513,0.012167001841589808,56.46537500433624
pessimistic,150,multistation_rep,42,42,42,t01181-c00027,27,1181,9,2,True,1,105.28933299065102,191.4139579894254,0.014583012671209872,0.01537498610559851,191.4439159882022
pessimistic,150,multistation_rep,42,42,42,t01181-c00102,102,1181,3,2,True,1,44.8317499976838,139.17866699921433,52.30395800026599,0.006166999810375273,191.4887919992907
pessimistic,150,multistation_rep,42,42,42,t01182-c00027,27,1182,9,7,True,1,143.87108299706597,812.3798330052523,0.018874998204410076,0.017250000382773578,812.4159580038395
pessimistic,150,multistation_rep,42,42,42,t01183-c00135,135,1183,6,3,True,1,173.83687499386724,381.6242089960724,9.832832991378382,0.02229200617875904,391.47933399362955
pessimistic,150,multistation_rep,42,42,42,t01184-c00024,24,1184,3,1,True,1,50.59225000150036,50.59225000150036,724.0659999952186,0.013791999663226306,774.6720419963822
pessimistic,150,multistation_rep,42,42,42,t01184-c00135,135,1184,12,6,True,1,192.637875006767,774.5940000022529,0.11595799878705293,0.008917006198316813,774.7188750072382
pessimistic,150,multistation_rep,42,42,42,t01186-c00043,43,1186,5,1,True,1,67.96395800483879,67.96395800483879,99.77937499934342,0.015332989278249443,167.75866599346045
pessimistic,150,multistation_rep,42,42,42,t01186-c00137,137,1186,3,2,True,1,15.187584009254351,167.67704200174194,0.11404200631659478,0.007790993549861014,167.7988750016084
pessimistic,150,multistation_rep,42,42,42,t01187-c00018,18,1187,5,1,True,1,36.20162500010338,36.20162500010338,20.844958009547554,0.015541998436674476,57.062125008087605
pessimistic,150,multistation_rep,42,42,42,t01188-c00005,5,1188,8,3,True,1,530.3845839953283,921.8625840003369,355.34674998780247,0.014833000022917986,1277.2241669881623
pessimistic,150,multistation_rep,42,42,42,t01188-c00011,11,1188,5,4,True,1,95.454875001451,881.4640000055078,395.81470799748786,0.0077500008046627045,1277.2864580038004
pessimistic,150,multistation_rep,42,42,42,t01188-c00018,18,1188,7,3,True,1,509.05562499247026,1277.118457990582,0.15845800226088613,0.005084002623334527,1277.2819999954663
pessimistic,150,multistation_rep,42,42,42,t01188-c00041,41,1188,3,0,False,0,,,,,
pessimistic,150,multistation_rep,42,42,42,t01188-c00079,79,1188,8,8,True,1,180.13866600813344,1277.0513330033282,0.19379200239200145,0.005583002348430455,1277.2507080080686
pessimistic,150,multistation_rep,42,42,42,t01189-c00005,5,1189,3,1,True,1,45.608957996591926,45.608957996591926,0.011042007827199996,0.01129199517890811,45.631291999598034
pessimistic,150,multistation_rep,42,42,42,t01189-c00041,41,1189,3,0,False,0,,,,,
pessimistic,150,multistation_rep,42,42,42,t01190-c00041,41,1190,3,0,False,0,,,,,
pessimistic,150,multistation_rep,42,42,42,t01191-c00016,16,1191,8,3,True,1,84.16324999416247,221.45174999604933,79.75325000006706,0.014042001566849649,301.21904199768323
pessimistic,150,multistation_rep,42,42,42,t01191-c00041,41,1191,8,1,True,1,301.13904099562205,301.13904099562205,0.09387500176671892,0.0056249991757795215,301.23854099656455
pessimistic,150,multistation_rep,42,42,42,t01194-c00007,7,1194,7,3,True,1,82.42799999425188,226.07933399558533,0.016582998796366155,0.018000006093643606,226.11391700047534
pessimistic,150,multistation_rep,42,42,42,t01197-c00045,45,1197,5,0,False,0,,,,,
pessimistic,150,multistation_rep,42,42,42,t01198-c00045,45,1198,14,4,True,1,122.1142919966951,346.89220899599604,19.245874995249324,0.024375010980293155,366.16245900222566
pessimistic,150,multistation_rep,42,42,42,t01199-c00034,34,1199,3,0,False,0,,,,,
pessimistic,150,multistation_rep,42,42,42,t01200-c00034,34,1200,7,3,True,1,23.424125000019558,165.05479099578224,47.24445899773855,0.01750000228639692,212.31674999580719
pessimistic,150,multistation_rep,42,42,42,t01200-c00146,146,1200,9,4,True,1,64.94012499751989,201.69016599538736,10.665499998140149,0.007875001756474376,212.36354099528398
pessimistic,150,multistation_rep,42,42,42,t01202-c00023,23,1202,3,1,True,1,105.96454099868424,105.96454099868424,386.8130420014495,0.013542012311518192,492.79112501244526
pessimistic,150,multistation_rep,42,42,42,t01202-c00111,111,1202,4,4,True,1,59.614500001771376,492.71779200353194,0.10654098878148943,0.007667011232115328,492.83200000354555
pessimistic,150,multistation_rep,42,42,42,t01203-c00025,25,1203,8,0,False,0,,,,,
pessimistic,150,multistation_rep,42,42,42,t01203-c00081,81,1203,8,1,True,1,76.90225000260398,76.90225000260398,15.959917000145651,0.012666001566685736,92.87483300431632
pessimistic,150,multistation_rep,42,42,42,t01204-c00025,25,1204,7,0,False,0,,,,,
pessimistic,150,multistation_rep,42,42,42,t01204-c00051,51,1204,9,8,True,1,131.15816700155847,1789.5919169968693,0.026833004085347056,0.01912500010803342,1789.6378750010626
pessimistic,150,multistation_rep,42,42,42,t01204-c00056,56,1204,6,4,True,1,820.0402920047054,1557.689292007126,231.99729199404828,0.008041010005399585,1789.6946250111796
pessimistic,150,multistation_rep,42,42,42,t01205-c00025,25,1205,3,0,False,0,,,,,
pessimistic,150,multistation_rep,42,42,42,t01206-c00025,25,1206,3,0,False,0,,,,,
pessimistic,150,multistation_rep,42,42,42,t01207-c00025,25,1207,3,0,False,0,,,,,
pessimistic,150,multistation_rep,42,42,42,t01207-c00036,36,1207,8,4,True,1,117.20833300205413,359.72145800769795,43.733041995437816,0.030915995012037456,403.4854159981478
pessimistic,150,multistation_rep,42,42,42,t01207-c00119,119,1207,3,2,True,1,205.38587500050198,222.56554100022186,180.96166699251626,0.008083006832748652,403.53529099957086
pessimistic,150,multistation_rep,42,42,42,t01208-c00025,25,1208,3,0,False,0,,,,,
pessimistic,150,multistation_rep,42,42,42,t01208-c00106,106,1208,4,0,False,0,,,,,
pessimistic,150,multistation_rep,42,42,42,t01209-c00021,21,1209,3,2,True,1,232.67862499051262,444.34379099402577,21.26312500331551,0.021667001419700682,465.628582998761
pessimistic,150,multistation_rep,42,42,42,t01209-c00025,25,1209,3,0,False,0,,,,,
pessimistic,150,multistation_rep,42,42,42,t01209-c00067,67,1209,9,4,True,1,100.71583300305065,329.5791660057148,136.06249999429565,0.007541995728388429,465.64920799573883
pessimistic,150,multistation_rep,42,42,42,t01209-c00106,106,1209,4,0,False,0,,,,,
pessimistic,150,multistation_rep,42,42,42,t01210-c00021,21,1210,3,2,True,1,172.9013329895679,519.9032079981407,21.568583993939683,0.021415995433926582,541.4932079875143
pessimistic,150,multistation_rep,42,42,42,t01210-c00025,25,1210,8,0,False,0,,,,,
pessimistic,150,multistation_rep,42,42,42,t01210-c00106,106,1210,6,1,True,1,317.4158330075443,317.4158330075443,224.08941699541174,0.006582995411008596,541.511832998367
pessimistic,150,multistation_rep,42,42,42,t01210-c00148,148,1210,11,3,True,1,80.39504199405201,382.87620899791364,158.62879098858684,0.005959009286016226,541.5109589957865
pessimistic,150,multistation_rep,42,42,42,t01211-c00021,21,1211,4,4,True,1,68.60274999053217,381.36691600084305,9.252874995581806,0.022791995434090495,390.64258299185894
pessimistic,150,multistation_rep,42,42,42,t01211-c00025,25,1211,8,0,False,0,,,,,
pessimistic,150,multistation_rep,42,42,42,t01212-c00021,21,1212,3,2,True,1,56.67708300461527,149.34862501104362,10.22658299189061,0.018749997252598405,159.59395800018683
pessimistic,150,multistation_rep,42,42,42,t01212-c00025,25,1212,5,0,False,0,,,,,
pessimistic,150,multistation_rep,42,42,42,t01213-c00025,25,1213,7,0,False,0,,,,,
pessimistic,150,multistation_rep,42,42,42,t01214-c00025,25,1214,5,0,False,0,,,,,
pessimistic,150,multistation_rep,42,42,42,t01214-c00119,119,1214,6,5,True,1,138.17908400960732,501.15666700003203,0.028458001906983554,0.017416998161934316,501.20254200010095
pessimistic,150,multistation_rep,42,42,42,t01215-c00025,25,1215,4,0,False,0,,,,,
pessimistic,150,multistation_rep,42,42,42,t01216-c00025,25,1216,5,0,False,0,,,,,
pessimistic,150,multistation_rep,42,42,42,t01217-c00025,25,1217,9,0,False,0,,,,,
pessimistic,150,multistation_rep,42,42,42,t01218-c00025,25,1218,6,0,False,0,,,,,
pessimistic,150,multistation_rep,42,42,42,t01219-c00006,6,1219,5,1,True,1,250.81187499745283,250.81187499745283,507.535791999544,0.015666999388486147,758.3633339963853
pessimistic,150,multistation_rep,42,42,42,t01219-c00025,25,1219,7,0,False,0,,,,,
pessimistic,150,multistation_rep,42,42,42,t01219-c00127,127,1219,8,4,True,1,209.6624999976484,758.2434159994591,0.12466699990909547,0.007417009328491986,758.3755000086967
pessimistic,150,multistation_rep,42,42,42,t01220-c00006,6,1220,1,0,False,0,,,,,
pessimistic,150,multistation_rep,42,42,42,t01220-c00025,25,1220,7,0,False,0,,,,,
pessimistic,150,multistation_rep,42,42,42,t01220-c00081,81,1220,10,4,True,1,17.49758298683446,334.765082996455,1313.1412090006052,0.024374996428377926,1647.9306669934886
pessimistic,150,multistation_rep,42,42,42,t01220-c00127,127,1220,5,2,True,1,986.8802080018213,1251.9193750049453,396.04937500553206,0.007707989425398409,1647.9764579999028
pessimistic,150,multistation_rep,42,42,42,t01220-c00137,137,1220,12,7,True,1,82.74804100801703,1486.2828330078628,161.69587499462068,0.006917005521245301,1647.9856250080047
pessimistic,150,multistation_rep,42,42,42,t01220-c00140,140,1220,3,3,True,1,986.8180000048596,1614.1760000027716,33.79720800148789,0.005166992195881903,1647.9783749964554
pessimistic,150,multistation_rep,42,42,42,t01221-c00006,6,1221,4,0,False,0,,,,,
pessimistic,150,multistation_rep,42,42,42,t01221-c00025,25,1221,7,0,False,0,,,,,
pessimistic,150,multistation_rep,42,42,42,t01221-c00101,101,1221,6,3,True,1,103.05012499156874,261.3865839957725,0.027000001864507794,0.014416000340133905,261.42799999797717
pessimistic,150,multistation_rep,42,42,42,t01222-c00006,6,1222,3,1,True,1,153.503041001386,153.503041001386,14.714375007315539,0.01491699367761612,168.23233300237916
pessimistic,150,multistation_rep,42,42,42,t01222-c00025,25,1222,5,0,False,0,,,,,
pessimistic,150,multistation_rep,42,42,42,t01223-c00006,6,1223,3,1,True,1,107.403667003382,107.403667003382,194.7198749985546,0.016291989595629275,302.1398339915322
pessimistic,150,multistation_rep,42,42,42,t01223-c00025,25,1223,3,0,False,0,,,,,
pessimistic,150,multistation_rep,42,42,42,t01223-c00044,44,1223,3,1,True,1,302.0331659936346,302.0331659936346,0.12475000403355807,0.006000002031214535,302.1639159996994
pessimistic,150,multistation_rep,42,42,42,t01224-c00005,5,1224,5,4,True,1,22.051041989470832,518.6453329952201,20.182209002086893,0.017625003238208592,538.8451670005452
pessimistic,150,multistation_rep,42,42,42,t01224-c00006,6,1224,3,1,True,1,497.3117500048829,497.3117500048829,41.57141699397471,0.0067920045694336295,538.8899590034271
pessimistic,150,multistation_rep,42,42,42,t01224-c00025,25,1224,3,0,False,0,,,,,
pessimistic,150,multistation_rep,42,42,42,t01224-c00044,44,1224,6,1,True,1,106.66408399993088,106.66408399993088,432.1839159965748,0.0050000089686363935,538.8530000054743
pessimistic,150,multistation_rep,42,42,42,t01225-c00025,25,1225,7,0,False,0,,,,,
pessimistic,150,multistation_rep,42,42,42,t01225-c00044,44,1225,7,1,True,1,202.63770800374914,202.63770800374914,7.140457993955351,0.014749995898455381,209.79291599360295
pessimistic,150,multistation_rep,42,42,42,t01226-c00016,16,1226,13,7,True,1,67.76712500141002,708.003917010501,14.0301659994293,0.024374996428377926,722.0584580063587
pessimistic,150,multistation_rep,42,42,42,t01226-c00025,25,1226,2,0,False,0,,,,,
pessimistic,150,multistation_rep,42,42,42,t01226-c00044,44,1226,8,1,True,1,615.9506660042098,615.9506660042098,106.10424999322277,0.007624999852851033,722.0625409972854
pessimistic,150,multistation_rep,42,42,42,t01227-c00025,25,1227,2,0,False,0,,,,,
pessimistic,150,multistation_rep,42,42,42,t01227-c00057,57,1227,7,0,False,0,,,,,
pessimistic,150,multistation_rep,42,42,42,t01228-c00025,25,1228,2,0,False,0,,,,,
pessimistic,150,multistation_rep,42,42,42,t01228-c00027,27,1228,6,2,True,1,528.4961669967743,725.2148749976186,0.02058300015050918,0.015749988961033523,725.2512079867302
pessimistic,150,multistation_rep,42,42,42,t01228-c00043,43,1228,11,3,True,1,183.8711250020424,392.2907079977449,332.9948750033509,0.0077500008046627045,725.2933330019005
pessimistic,150,multistation_rep,42,42,42,t01228-c00057,57,1228,6,1,True,1,63.67841700557619,63.67841700557619,661.6023749957094,0.0049579975893720984,725.285749998875
pessimistic,150,multistation_rep,42,42,42,t01229-c00000,0,1229,12,8,True,1,52.979415995650925,445.28866600012407,0.016999998479150236,0.015666999388486147,445.3213329979917
pessimistic,150,multistation_rep,42,42,42,t01229-c00025,25,1229,1,0,False,0,,,,,
pessimistic,150,multistation_rep,42,42,42,t01229-c00057,57,1229,4,1,True,1,399.88987499964423,399.88987499964423,45.43245800596196,0.005750000127591193,445.3280830057338
pessimistic,150,multistation_rep,42,42,42,t01230-c00025,25,1230,3,0,False,0,,,,,
pessimistic,150,multistation_rep,42,42,42,t01230-c00110,110,1230,7,1,True,1,70.8224170084577,70.8224170084577,0.019749990315176547,0.010208008461631835,70.85237500723451
pessimistic,150,multistation_rep,42,42,42,t01234-c00011,11,1234,5,4,True,1,70.87804199545644,322.0315000071423,0.016291989595629275,0.015833007637411356,322.06362500437535
pessimistic,150,multistation_rep,42,42,42,t01235-c00011,11,1235,5,4,True,1,85.38383399718441,1582.0359170029406,0.020042003598064184,0.01883300137706101,1582.0747920079157
pessimistic,150,multistation_rep,42,42,42,t01235-c00026,26,1235,4,3,True,1,363.25066699646413,1581.9948749995092,0.13425000361166894,0.006542002665810287,1582.1356670057867
pessimistic,150,multistation_rep,42,42,42,t01236-c00011,11,1236,5,4,True,1,113.73825000191573,510.51933300914243,0.0162090000230819,0.01620799594093114,510.55175000510644
pessimistic,150,multistation_rep,42,42,42,t01237-c00062,62,1237,6,3,True,1,194.57504199817777,686.0088329995051,1248.144291996141,0.018499995348975062,1934.171624990995
pessimistic,150,multistation_rep,42,42,42,t01237-c00069,69,1237,8,8,True,1,507.16641699546017,1735.4956670023967,198.7172919907607,0.00895801349543035,1934.2219170066528
pessimistic,150,multistation_rep,42,42,42,t01237-c00081,81,1237,6,3,True,1,194.50058300571982,685.9340829978464,1248.2790420035599,0.005666006472893059,1934.2187910078792
pessimistic,150,multistation_rep,42,42,42,t01237-c00095,95,1237,9,7,True,1,355.1188339915825,1934.0237500000512,0.1870419946499169,0.006417001713998616,1934.2172089964151
pessimistic,150,multistation_rep,42,42,42,t01239-c00047,47,1239,3,0,False,0,,,,,
pessimistic,150,multistation_rep,42,42,42,t01240-c00047,47,1240,4,0,False,0,,,,,
pessimistic,150,multistation_rep,42,42,42,t01241-c00047,47,1241,6,3,True,1,220.38508400146384,396.32562499900814,53.99066700192634,0.016541991499252617,450.33283399243373
pessimistic,150,multistation_rep,42,42,42,t01241-c00060,60,1241,10,3,True,1,140.02849999815226,450.2519169909647,0.11520800762809813,0.006749993190169334,450.37387499178294
pessimistic,150,multistation_rep,42,42,42,t01242-c00060,60,1242,15,5,True,1,74.0490000025602,390.719540999271,26.920208998490125,0.020791005226783454,417.6605410029879
pessimistic,150,multistation_rep,42,42,42,t01244-c00071,71,1244,3,1,True,1,19.98062500206288,19.98062500206288,10.069791998830624,0.01012500433716923,30.060542005230673
pessimistic,150,multistation_rep,42,42,42,t01246-c00065,65,1246,7,1,True,1,56.37358399690129,56.37358399690129,0.00937501317821443,0.008874994819052517,56.391834004898556
pessimistic,150,multistation_rep,42,42,42,t01247-c00065,65,1247,11,1,True,1,344.4584160024533,344.4584160024533,52.3802919924492,0.02300000051036477,396.86170799541287
pessimistic,150,multistation_rep,42,42,42,t01247-c00087,87,1247,10,4,True,1,64.33925000601448,289.2649999994319,107.65166700002737,0.00841599830891937,396.9250829977682
pessimistic,150,multistation_rep,42,42,42,t01248-c00065,65,1248,11,1,True,1,341.9793750072131,341.9793750072131,46.54008299985435,0.02416699135210365,388.54362499841955
pessimistic,150,multistation_rep,42,42,42,t01248-c00087,87,1248,9,3,True,1,72.00116700551007,271.48720900004264,117.09416600933764,0.008167000487446785,388.5895420098677
pessimistic,150,multistation_rep,42,42,42,t01249-c00087,87,1249,9,2,True,1,74.30941599886864,124.13350000861101,47.944707999704406,0.022499996703118086,172.10070800501853
pessimistic,150,multistation_rep,42,42,42,t01251-c00067,67,1251,4,1,True,1,83.23204198677558,83.23204198677558,8.083417007583193,0.012541000614874065,91.32799999497365
pessimistic,150,multistation_rep,42,42,42,t01252-c00147,147,1252,8,8,True,1,43.96270800498314,309.1038330021547,0.028875001589767635,0.01820900070015341,309.15091700444464
pessimistic,150,multistation_rep,42,42,42,t01253-c00147,147,1253,5,3,True,1,59.66054101008922,166.26925001037307,0.02491599298082292,0.0154590088641271,166.30962501221802
pessimistic,150,multistation_rep,42,42,42,t01254-c00080,80,1254,3,1,True,1,362.4512910027988,362.4512910027988,0.01966700074262917,0.014042001566849649,362.4850000051083
pessimistic,150,multistation_rep,42,42,42,t01254-c00147,147,1254,5,3,True,1,76.36787500814535,362.4048330093501,0.1270829961868003,0.007374997949227691,362.53929100348614
pessimistic,150,multistation_rep,42,42,42,t01255-c00080,80,1255,3,1,True,1,149.81266600079834,149.81266600079834,0.016125006368383765,0.013749988283962011,149.8425409954507
pessimistic,150,multistation_rep,42,42,42,t01256-c00080,80,1256,7,1,True,1,171.12754100526217,171.12754100526217,14.87187499878928,0.02024999412242323,186.01966599817388
pessimistic,150,multistation_rep,42,42,42,t01256-c00114,114,1256,8,4,True,1,35.60704199480824,108.7673339934554,77.28645800671075,0.008582996088080108,186.06237499625422
pessimistic,150,multistation_rep,42,42,42,t01257-c00114,114,1257,8,4,True,1,35.44683300424367,108.64350000338163,13.593874988146126,0.01708300260361284,122.25445799413137
pessimistic,150,multistation_rep,42,42,42,t01258-c00035,35,1258,9,6,True,1,146.0305829969002,565.9981250064448,12.456500000553206,0.020958003005944192,578.4755830100039
pessimistic,150,multistation_rep,42,42,42,t01258-c00076,76,1258,3,0,False,0,,,,,
pessimistic,150,multistation_rep,42,42,42,t01258-c00114,114,1258,8,4,True,1,51.29958299221471,489.5154160039965,88.96891699987464,0.008082992280833423,578.492415996152
pessimistic,150,multistation_rep,42,42,42,t01259-c00076,76,1259,3,0,False,0,,,,,
pessimistic,150,multistation_rep,42,42,42,t01259-c00137,137,1259,3,1,True,1,85.60737500374671,85.60737500374671,34.21229199739173,0.019708008039742708,119.83937500917818
pessimistic,150,multistation_rep,42,42,42,t01260-c00070,70,1260,5,4,True,1,67.01849999080878,393.77508299367037,15.568417002214119,0.019500002963468432,409.36299999884795
pessimistic,150,multistation_rep,42,42,42,t01260-c00076,76,1260,3,0,False,0,,,,,
pessimistic,150,multistation_rep,42,42,42,t01260-c00077,77,1260,5,1,True,1,313.5377080034232,313.5377080034232,95.82991700153798,0.006832997314631939,409.3744580022758
pessimistic,150,multistation_rep,42,42,42,t01261-c00076,76,1261,7,1,True,1,117.6090000080876,117.6090000080876,15.35712499753572,0.015874989912845194,132.98199999553617
pessimistic,150,multistation_rep,42,42,42,t01262-c00076,76,1262,5,1,True,1,111.55341699486598,111.55341699486598,15.90104101342149,0.025834000553004444,127.48029200884048
pessimistic,150,multistation_rep,42,42,42,t01265-c00006,6,1265,7,3,True,1,103.56350000074599,288.9157079916913,17.658374999882653,0.016875012079253793,306.5909580036532
pessimistic,150,multistation_rep,42,42,42,t01267-c00026,26,1267,8,6,True,1,69.47908300207928,358.7412500055507,55.62416699831374,0.015832993085496128,414.3812499969499
pessimistic,150,multistation_rep,42,42,42,t01267-c00071,71,1267,12,2,True,1,304.3676669913111,414.3031669955235,0.11612499656621367,0.006417001713998616,414.4257089938037
pessimistic,150,multistation_rep,42,42,42,t01271-c00056,56,1271,5,4,True,1,218.11400000297,704.3193749996135,0.019458995666354895,0.01654100196901709,704.3553749972489
pessimistic,150,multistation_rep,42,42,42,t01272-c00082,82,1272,7,1,True,1,56.8285829940578,56.8285829940578,10.570625003310852,0.020791994757018983,67.41999999212567
pessimistic,150,multistation_rep,42,42,42,t01273-c00038,38,1273,4,1,True,1,37.471832998562604,37.471832998562604,12.03766699472908,0.01562500256113708,49.52512499585282
pessimistic,150,multistation_rep,42,42,42,t01275-c00013,13,1275,5,2,True,1,189.441499998793,275.82329099823255,127.08754200139083,0.015249999705702066,402.9260829993291
pessimistic,150,multistation_rep,42,42,42,t01275-c00040,40,1275,8,5,True,1,74.10049998725299,402.8554999968037,0.12570800026878715,0.007541995728388429,402.9887499928009
pessimistic,150,multistation_rep,42,42,42,t01276-c00013,13,1276,3,2,True,1,57.81325000862125,108.66791600710712,51.98083398863673,0.021875006495974958,160.67062500223983
pessimistic,150,multistation_rep,42,42,42,t01276-c00117,117,1276,5,1,True,1,160.58395800064318,160.58395800064318,0.11449999874457717,0.007624999852851033,160.7060829992406
pessimistic,150,multistation_rep,42,42,42,t01277-c00117,117,1277,5,1,True,1,75.73499999125488,75.73499999125488,0.017875005141831934,0.01375000283587724,75.76662499923259
pessimistic,150,multistation_rep,42,42,42,t01278-c00069,69,1278,6,4,True,1,43.682249990524724,176.49399999936577,0.017041995306499302,0.01375000283587724,176.52479199750815
pessimistic,150,multistation_rep,42,42,42,t01279-c00075,75,1279,5,1,True,1,43.83654199773446,43.83654199773446,10.906625000643544,0.011166994227096438,54.7543339926051
pessimistic,150,multistation_rep,42,42,42,t01280-c00043,43,1280,10,3,True,1,252.6790409901878,656.7381659988314,0.016999998479150236,0.01637499372009188,656.7715409910306
pessimistic,150,multistation_rep,42,42,42,t01281-c00046,46,1281,4,1,True,1,84.71162500791252,84.71162500791252,21.59433299675584,0.019500002963468432,106.32545800763182
pessimistic,150,multistation_rep,42,42,42,t01283-c00058,58,1283,12,1,True,1,240.6917079933919,240.6917079933919,157.0526670111576,0.013415992725640535,397.75779099727515
pessimistic,150,multistation_rep,42,42,42,t01283-c00078,78,1283,4,3,True,1,112.48041701037437,397.6864580035908,0.09504200716037303,0.007333001121878624,397.78883301187307
pessimistic,150,multistation_rep,42,42,42,t01286-c00092,92,1286,4,1,True,1,37.03645899076946,37.03645899076946,87.92466600425541,0.017291997210122645,124.978416992235
pessimistic,150,multistation_rep,42,42,42,t01286-c00146,146,1286,8,1,True,1,115.8602079958655,115.8602079958655,9.140124995610677,0.0061250029830262065,125.0064579944592
pessimistic,150,multistation_rep,42,42,42,t01287-c00113,113,1287,3,0,False,0,,,,,
pessimistic,150,multistation_rep,42,42,42,t01288-c00113,113,1288,4,1,True,1,28.544332992169075,28.544332992169075,5.576708004809916,0.010624993592500687,34.13166599057149
pessimistic,150,multistation_rep,42,42,42,t01293-c00128,128,1293,7,1,True,1,90.5322909966344,90.5322909966344,23.07295899663586,0.013958007912151515,113.61920800118241
pessimistic,150,multistation_rep,42,42,42,t01294-c00010,10,1294,1,0,False,0,,,,,
pessimistic,150,multistation_rep,42,42,42,t01294-c00128,128,1294,7,1,True,1,64.28600000799634,64.28600000799634,20.1905409921892,0.014667006325908005,84.49120800651144
pessimistic,150,multistation_rep,42,42,42,t01295-c00010,10,1295,5,3,True,1,201.35983401269186,965.229375011404,106.63379199104384,0.018417005776427686,1071.8815840082243
pessimistic,150,multistation_rep,42,42,42,t01295-c00064,64,1295,7,6,True,1,37.643792005837895,483.59883300145157,588.3067919930909,0.009417010005563498,1071.915042004548
pessimistic,150,multistation_rep,42,42,42,t01295-c00091,91,1295,9,4,True,1,271.4220000052592,965.148749994114,106.75691600772552,0.006667003617621958,1071.9123330054572
pessimistic,150,multistation_rep,42,42,42,t01295-c00115,115,1295,5,2,True,1,589.3030830047792,1071.7305419966578,0.16774999676272273,0.0045000051613897085,1071.902791998582
pessimistic,150,multistation_rep,42,42,42,t01300-c00052,52,1300,7,2,True,1,110.65620800945908,191.4507500041509,0.017583006410859525,0.015375000657513738,191.48370801121928
pessimistic,150,multistation_rep,42,42,42,t01300-c00067,67,1300,6,0,False,0,,,,,
pessimistic,150,multistation_rep,42,42,42,t01301-c00067,67,1301,1,0,False,0,,,,,
pessimistic,150,multistation_rep,42,42,42,t01302-c00039,39,1302,7,7,True,1,92.82074999646284,347.5217499944847,0.020874998881481588,0.01795799471437931,347.56058298808057
pessimistic,150,multistation_rep,42,42,42,t01302-c00067,67,1302,3,0,False,0,,,,,
pessimistic,150,multistation_rep,42,42,42,t01302-c00131,131,1302,4,1,True,1,31.190540990792215,31.190540990792215,316.3724589976482,0.007041002390906215,347.57004099083133
pessimistic,150,multistation_rep,42,42,42,t01303-c00067,67,1303,5,0,False,0,,,,,
pessimistic,150,multistation_rep,42,42,42,t01303-c00131,131,1303,5,1,True,1,104.8440419981489,104.8440419981489,7.863958002417348,0.016083999071270227,112.72408399963751
pessimistic,150,multistation_rep,42,42,42,t01304-c00013,13,1304,14,12,True,1,35.16266599763185,559.7029579948867,6.59787499171216,0.01895800232887268,566.3197909889277
pessimistic,150,multistation_rep,42,42,42,t01304-c00067,67,1304,2,0,False,0,,,,,
pessimistic,150,multistation_rep,42,42,42,t01305-c00013,13,1305,9,8,True,1,35.5889579950599,337.4969579890603,6.922084008692764,0.020790990674868226,344.43983298842795
pessimistic,150,multistation_rep,42,42,42,t01305-c00067,67,1305,3,0,False,0,,,,,
pessimistic,150,multistation_rep,42,42,42,t01306-c00067,67,1306,7,0,False,0,,,,,
pessimistic,150,multistation_rep,42,42,42,t01307-c00040,40,1307,4,3,True,1,549.2037079966394,1273.4135829959996,0.015000012353993952,0.014291988918557763,1273.4428749972722
pessimistic,150,multistation_rep,42,42,42,t01307-c00067,67,1307,3,0,False,0,,,,,
pessimistic,150,multistation_rep,42,42,42,t01307-c00097,97,1307,8,7,True,1,201.00062500569038,1199.621042003855,73.83887500327546,0.008874994819052517,1273.4687920019496
pessimistic,150,multistation_rep,42,42,42,t01308-c00040,40,1308,7,2,True,1,138.50812500459142,266.13170800555963,3.8246249896474183,0.014292003470472991,269.9706249986775
pessimistic,150,multistation_rep,42,42,42,t01308-c00067,67,1308,3,0,False,0,,,,,
pessimistic,150,multistation_rep,42,42,42,t01308-c00113,113,1308,7,4,True,1,33.56362499471288,190.02420899050776,79.95316600135993,0.00795899541117251,269.98533398727886
pessimistic,150,multistation_rep,42,42,42,t01309-c00067,67,1309,5,0,False,0,,,,,
pessimistic,150,multistation_rep,42,42,42,t01310-c00067,67,1310,4,0,False,0,,,,,
pessimistic,150,multistation_rep,42,42,42,t01311-c00067,67,1311,4,0,False,0,,,,,
pessimistic,150,multistation_rep,42,42,42,t01312-c00067,67,1312,3,0,False,0,,,,,
pessimistic,150,multistation_rep,42,42,42,t01312-c00092,92,1312,3,1,True,1,81.61116600967944,81.61116600967944,0.021166997612453997,0.012499993317760527,81.64483300060965
pessimistic,150,multistation_rep,42,42,42,t01313-c00067,67,1313,0,0,False,0,,,,,
pessimistic,150,multistation_rep,42,42,42,t01313-c00092,92,1313,3,1,True,1,85.62745800008997,85.62745800008997,0.014707999071106315,0.01070898724719882,85.65287498640828
pessimistic,150,multistation_rep,42,42,42,t01314-c00067,67,1314,0,0,False,0,,,,,
pessimistic,150,multistation_rep,42,42,42,t01315-c00067,67,1315,0,0,False,0,,,,,
pessimistic,150,multistation_rep,42,42,42,t01316-c00067,67,1316,4,0,False,0,,,,,
pessimistic,150,multistation_rep,42,42,42,t01317-c00067,67,1317,4,0,False,0,,,,,
pessimistic,150,multistation_rep,42,42,42,t01318-c00046,46,1318,3,1,True,1,855.907125005615,855.907125005615,8.816292000119574,0.017625003238208592,864.7410420089727
pessimistic,150,multistation_rep,42,42,42,t01318-c00064,64,1318,8,4,True,1,140.69395800470375,855.8648750040447,8.906499992008321,0.008417002391070127,864.7797919984441
pessimistic,150,multistation_rep,42,42,42,t01318-c00067,67,1318,4,0,False,0,,,,,
pessimistic,150,multistation_rep,42,42,42,t01318-c00086,86,1318,3,3,True,1,47.13829200773034,379.07650000124704,485.6780840054853,0.005790992872789502,864.7603749996051
pessimistic,150,multistation_rep,42,42,42,t01319-c00064,64,1319,5,5,True,1,113.33070800174028,1385.7826250023209,0.021333005861379206,0.01679199340287596,1385.820750001585
pessimistic,150,multistation_rep,42,42,42,t01319-c00076,76,1319,6,3,True,1,572.0842080045259,1299.5035830099368,86.34670899482444,0.006832997314631939,1385.857125002076
pessimistic,150,multistation_rep,42,42,42,t01319-c00086,86,1319,6,5,True,1,65.87233299796935,1299.4703330041375,86.37687499867752,0.005374997272156179,1385.8525830000872
pessimistic,150,multistation_rep,42,42,42,t01320-c00086,86,1320,12,10,True,1,55.56287500075996,529.8097089980729,0.026416004402562976,0.018291990272700787,529.8544169927482
pessimistic,150,multistation_rep,42,42,42,t01321-c00128,128,1321,4,3,True,1,130.22729200019967,414.0373330010334,0.029749993700534105,0.01766700006555766,414.0847499947995
pessimistic,150,multistation_rep,42,42,42,t01321-c00149,149,1321,8,2,True,1,175.4756250011269,236.98999999032822,177.12641700927634,0.007333001121878624,414.12375000072643
pessimistic,150,multistation_rep,42,42,42,t01324-c00078,78,1324,4,3,True,1,97.06225000263657,232.61479201028123,0.01824999344535172,0.013957993360236287,232.64699999708682
pessimistic,150,multistation_rep,42,42,42,t01329-c00031,31,1329,9,4,True,1,65.66541700158268,183.16825000511017,0.016624995623715222,0.016292004147544503,183.20116700488143
pessimistic,150,multistation_rep,42,42,42,t01330-c00081,81,1330,3,1,True,1,27.806583006167784,27.806583006167784,9.394791995873675,0.011041993275284767,37.212416995316744
pessimistic,150,multistation_rep,42,42,42,t01333-c00058,58,1333,12,3,True,1,159.6322080004029,512.4206250038696,22.91287499247119,0.030042006983421743,535.3635420033243
pessimistic,150,multistation_rep,42,42,42,t01334-c00039,39,1334,7,6,True,1,216.86324999609496,863.028874999145,108.58495900174603,0.02099999983329326,971.6348340007244
pessimistic,150,multistation_rep,42,42,42,t01334-c00049,49,1334,7,6,True,1,216.82337499805726,862.9889169969829,108.6835829919437,0.007374997949227691,971.6798749868758
pessimistic,150,multistation_rep,42,42,42,t01334-c00058,58,1334,7,1,True,1,949.6451250015525,949.6451250015525,22.025790996849537,0.00462500611320138,971.6755410045153
pessimistic,150,multistation_rep,42,42,42,t01335-c00058,58,1335,7,1,True,1,122.55712499609217,122.55712499609217,12.322541006142274,0.015958998119458556,134.8956250003539
pessimistic,150,multistation_rep,42,42,42,t01338-c00048,48,1338,6,2,True,1,93.35937499417923,189.37429100333247,7.495999991078861,0.022209002054296434,196.89249999646563
pessimistic,150,multistation_rep,42,42,42,t01340-c00092,92,1340,3,1,True,1,36.469540995312855,36.469540995312855,9.918167008436285,0.012417003745213151,46.40012500749435
pessimistic,150,multistation_rep,42,42,42,t01341-c00092,92,1341,11,3,True,1,47.326750005595386,143.17770799971186,14.801792000071146,0.015375000657513738,157.99487500044052
pessimistic,150,multistation_rep,42,42,42,t01342-c00050,50,1342,6,2,True,1,250.79733299207874,287.68379100074526,29.66383399325423,0.018999999156221747,317.3666249931557
pessimistic,150,multistation_rep,42,42,42,t01342-c00092,92,1342,3,1,True,1,250.75558299431577,250.75558299431577,66.64587500563357,0.006000002031214535,317.40745800198056
pessimistic,150,multistation_rep,42,42,42,t01343-c00050,50,1343,8,1,True,1,87.75795898691285,87.75795898691285,0.01475001045037061,0.012499993317760527,87.78520899068099
pessimistic,150,multistation_rep,42,42,42,t01346-c00064,64,1346,4,4,True,1,136.2614170066081,1037.6281250064494,5.484332999913022,0.015500001609325409,1043.1279580079718
pessimistic,150,multistation_rep,42,42,42,t01346-c00086,86,1346,9,5,True,1,502.426666993415,1037.5882499938598,5.575208007940091,0.007874987204559147,1043.1713329890044
pessimistic,150,multistation_rep,42,42,42,t01346-c00093,93,1346,8,6,True,1,66.38375000329688,724.0630419983063,319.10183301079087,0.006333997589536011,1043.1712090066867
pessimistic,150,multistation_rep,42,42,42,t01346-c00133,133,1346,6,2,True,1,303.23350000253413,679.2212919972371,363.93662499904167,0.004292000085115433,1043.162208996364
pessimistic,150,multistation_rep,42,42,42,t01347-c00081,81,1347,3,1,True,1,14.261292002629489,14.261292002629489,176.7883749998873,0.017416998161934316,191.06708400067873
pessimistic,150,multistation_rep,42,42,42,t01347-c00133,133,1347,6,2,True,1,61.924041001475416,171.72600000048988,19.377499993424863,0.007875001756474376,191.1113749956712
pessimistic,150,multistation_rep,42,42,42,t01355-c00090,90,1355,5,1,True,1,423.15616700216196,423.15616700216196,702.8337500087218,0.024957989808171988,1126.014875000692
pessimistic,150,multistation_rep,42,42,42,t01355-c00130,130,1355,7,5,True,1,236.76524999609683,1105.1332089991774,20.92162500775885,0.009333001798950136,1126.0641670087352
pessimistic,150,multistation_rep,42,42,42,t01355-c00149,149,1355,11,5,True,1,75.32791700214148,628.2119170064107,497.84416699549183,0.007208000170066953,1126.0632920020726
pessimistic,150,multistation_rep,42,42,42,t01356-c00029,29,1356,5,4,True,1,88.09299999848008,441.18470800458454,0.01883300137706101,0.01649999467190355,441.2200410006335
pessimistic,150,multistation_rep,42,42,42,t01356-c00106,106,1356,3,1,True,1,253.82879198878072,253.82879198878072,187.43045801238623,0.006791990017518401,441.26604199118447
pessimistic,150,multistation_rep,42,42,42,t01358-c00113,113,1358,7,1,True,1,51.64283300109673,51.64283300109673,13.319667006726377,0.017874990589916706,64.98037499841303
pessimistic,150,multistation_rep,42,42,42,t01359-c00104,104,1359,9,3,True,1,63.34354200225789,230.05791699688416,77.38341701042373,0.014707999071106315,307.456042006379
pessimistic,150,multistation_rep,42,42,42,t01359-c00142,142,1359,4,4,True,1,40.984166000271216,307.37754100118764,0.1052089937729761,0.006750007742084563,307.4895000027027
pessimistic,150,multistation_rep,42,42,42,t01360-c00018,18,1360,5,0,False,0,,,,,
pessimistic,150,multistation_rep,42,42,42,t01360-c00128,128,1360,5,1,True,1,51.98995899991132,51.98995899991132,40.08541599614546,0.014709003153257072,92.09008399921004
pessimistic,150,multistation_rep,42,42,42,t01361-c00018,18,1361,6,2,True,1,162.26270799234044,269.42491698719095,11.57387500279583,0.020791005226783454,281.01958299521357
pessimistic,150,multistation_rep,42,42,42,t01361-c00128,128,1361,5,1,True,1,74.30929099791683,74.30929099791683,206.7436670040479,0.006624992238357663,281.0595829942031
pessimistic,150,multistation_rep,42,42,42,t01362-c00024,24,1362,7,5,True,1,197.92454199341591,455.8025829901453,103.17737500008661,0.018625010852701962,558.9985830010846
pessimistic,150,multistation_rep,42,42,42,t01362-c00128,128,1362,5,1,True,1,107.94674999488052,107.94674999488052,451.1028340057237,0.00654099858365953,559.0561249991879
pessimistic,150,multistation_rep,42,42,42,t01362-c00145,145,1362,4,2,True,1,410.95929199946113,553.4339589939918,5.610625012195669,0.0049579975893720984,559.0495420037769
pessimistic,150,multistation_rep,42,42,42,t01363-c00024,24,1363,12,9,True,1,100.00220900110435,662.1691250038566,6.781874995795079,0.028624999686144292,668.9796249993378
pessimistic,150,multistation_rep,42,42,42,t01364-c00002,2,1364,7,4,True,1,52.43237499962561,276.265542008332,0.014582998119294643,0.015582991181872785,276.29570799763314
pessimistic,150,multistation_rep,42,42,42,t01365-c00005,5,1365,8,4,True,1,26.48283301095944,161.8505000078585,0.013083001249469817,0.013707991456612945,161.87729100056458
pessimistic,150,multistation_rep,42,42,42,t01366-c00122,122,1366,7,4,True,1,37.58770800777711,125.0437920098193,4.588707990478724,0.021875006495974958,129.654375006794
pessimistic,150,multistation_rep,42,42,42,t01369-c00034,34,1369,7,1,True,1,80.62420900387224,80.62420900387224,9.284665997256525,0.016541991499252617,89.92541699262802
pessimistic,150,multistation_rep,42,42,42,t01373-c00084,84,1373,3,2,True,1,238.71324998617638,326.96966698858887,0.020166000467725098,0.014542005374096334,327.0043749944307
pessimistic,150,multistation_rep,42,42,42,t01377-c00113,113,1377,3,1,True,1,36.49729098833632,36.49729098833632,3.581875003874302,0.009916999260894954,40.089082991471514
pessimistic,150,multistation_rep,42,42,42,t01378-c00086,86,1378,3,3,True,1,50.57908399612643,446.3706669921521,11.616083007538691,0.022833992261439562,458.00958399195224
pessimistic,150,multistation_rep,42,42,42,t01378-c00093,93,1378,5,3,True,1,319.1269579983782,446.33287499891594,11.727832999895327,0.0070829992182552814,458.0677909980295
pessimistic,150,multistation_rep,42,42,42,t01378-c00133,133,1378,2,0,False,0,,,,,
pessimistic,150,multistation_rep,42,42,42,t01379-c00086,86,1379,4,4,True,1,103.57700000167824,432.3397499974817,0.020749997929669917,0.016292004147544503,432.3767919995589
pessimistic,150,multistation_rep,42,42,42,t01379-c00133,133,1379,7,3,True,1,44.38224999466911,270.80924999609124,161.62091599835549,0.00720900425221771,432.43737499869894
pessimistic,150,multistation_rep,42,42,42,t01380-c00086,86,1380,3,1,True,1,344.4470829999773,344.4470829999773,54.26049999368843,0.011334006558172405,398.7189170002239
pessimistic,150,multistation_rep,42,42,42,t01380-c00116,116,1380,4,4,True,1,66.82820800051559,398.64904100249987,0.090667002950795,0.007333001121878624,398.74704100657254
pessimistic,150,multistation_rep,42,42,42,t01380-c00133,133,1380,7,3,True,1,37.62216599716339,188.25866599217989,210.49325000785757,0.005458990926854312,398.7573749909643
pessimistic,150,multistation_rep,42,42,42,t01381-c00116,116,1381,4,4,True,1,438.15691700729076,623.1956249976065,0.024792010663077235,0.013625001884065568,623.2340420101536
pessimistic,150,multistation_rep,42,42,42,t01381-c00143,143,1381,4,1,True,1,438.1179170013638,438.1179170013638,185.142292000819,0.006208007107488811,623.2664170092903
pessimistic,150,multistation_rep,42,42,42,t01384-c00005,5,1384,5,2,True,1,117.85049999889452,200.9489170013694,110.46016699401662,0.015375000657513738,311.42445899604354
pessimistic,150,multistation_rep,42,42,42,t01384-c00045,45,1384,10,3,True,1,81.72887499677017,306.52312499296386,4.946792003465816,0.00695799826644361,311.4768749946961
pessimistic,150,multistation_rep,42,42,42,t01385-c00005,5,1385,5,2,True,1,21.631625000736676,36.655333009548485,0.009875002433545887,0.00941699545364827,36.67462500743568
pessimistic,150,multistation_rep,42,42,42,t01388-c00076,76,1388,3,0,False,0,,,,,
pessimistic,150,multistation_rep,42,42,42,t01389-c00076,76,1389,7,0,False,0,,,,,
pessimistic,150,multistation_rep,42,42,42,t01390-c00076,76,1390,7,0,False,0,,,,,
pessimistic,150,multistation_rep,42,42,42,t01391-c00076,76,1391,6,0,False,0,,,,,
pessimistic,150,multistation_rep,42,42,42,t01392-c00076,76,1392,6,0,False,0,,,,,
pessimistic,150,multistation_rep,42,42,42,t01393-c00020,20,1393,7,7,True,1,41.60095800762065,445.3567500022473,0.01883300137706101,0.01733399403747171,445.3929169976618
pessimistic,150,multistation_rep,42,42,42,t01393-c00076,76,1393,5,0,False,0,,,,,
pessimistic,150,multistation_rep,42,42,42,t01393-c00081,81,1393,3,1,True,1,236.92729100002907,236.92729100002907,208.46862500184216,0.0066250067902728915,445.4025410086615
pessimistic,150,multistation_rep,42,42,42,t01394-c00076,76,1394,7,0,False,0,,,,,
pessimistic,150,multistation_rep,42,42,42,t01394-c00081,81,1394,3,1,True,1,47.713666994241066,47.713666994241066,4.12308301019948,0.012584001524373889,51.84933400596492
pessimistic,150,multistation_rep,42,42,42,t01395-c00076,76,1395,7,0,False,0,,,,,
pessimistic,150,multistation_rep,42,42,42,t01395-c00145,145,1395,8,7,True,1,47.986040997784585,355.0146659981692,0.033625008654780686,0.016624995623715222,355.0649160024477
pessimistic,150,multistation_rep,42,42,42,t01396-c00041,41,1396,5,1,True,1,156.6914159920998,156.6914159920998,14.532625005813316,0.017124999430961907,171.24116599734407
pessimistic,150,multistation_rep,42,42,42,t01396-c00076,76,1396,6,0,False,0,,,,,
pessimistic,150,multistation_rep,42,42,42,t01396-c00110,110,1396,5,1,True,1,48.058749991469085,48.058749991469085,123.1704170058947,0.006417001713998616,171.2355839990778
pessimistic,150,multistation_rep,42,42,42,t01397-c00076,76,1397,6,0,False,0,,,,,
pessimistic,150,multistation_rep,42,42,42,t01397-c00149,149,1397,8,2,True,1,71.4735829969868,118.48345800535753,19.70191698637791,0.019083003280684352,138.20445799501613
pessimistic,150,multistation_rep,42,42,42,t01398-c00076,76,1398,7,0,False,0,,,,,
pessimistic,150,multistation_rep,42,42,42,t01399-c00076,76,1399,2,0,False,0,,,,,
pessimistic,150,multistation_rep,42,42,42,t01399-c00102,102,1399,7,5,True,1,10.237124995910563,67.17612499778625,0.020749997929669917,0.010625008144415915,67.20750000386033
pessimistic,150,multistation_rep,42,42,42,t01400-c00076,76,1400,7,0,False,0,,,,,
pessimistic,150,multistation_rep,42,42,42,t01401-c00024,24,1401,4,3,True,1,31.87879100732971,79.92925000144169,18.938624998554587,0.013416007277555764,98.88129100727383
pessimistic,150,multistation_rep,42,42,42,t01401-c00076,76,1401,7,0,False,0,,,,,
pessimistic,150,multistation_rep,42,42,42,t01402-c00024,24,1402,3,1,True,1,44.78666599607095,44.78666599607095,62.5935840071179,0.011290991096757352,107.3915409942856
pessimistic,150,multistation_rep,42,42,42,t01402-c00047,47,1402,6,1,True,1,90.61808300612029,90.61808300612029,16.77699999709148,0.005584006430581212,107.40066700964235
pessimistic,150,multistation_rep,42,42,42,t01402-c00076,76,1402,4,0,False,0,,,,,
pessimistic,150,multistation_rep,42,42,42,t01403-c00019,19,1403,5,3,True,1,41.37487499974668,154.0392090100795,11.81312499102205,0.022082997020334005,165.8744169981219
pessimistic,150,multistation_rep,42,42,42,t01403-c00047,47,1403,6,0,False,0,,,,,
pessimistic,150,multistation_rep,42,42,42,t01403-c00076,76,1403,11,0,False,0,,,,,
pessimistic,150,multistation_rep,42,42,42,t01404-c00047,47,1404,3,1,True,1,171.5917089895811,171.5917089895811,54.51266599993687,0.015124998753890395,226.11949998827185
pessimistic,150,multistation_rep,42,42,42,t01404-c00076,76,1404,11,0,False,0,,,,,
pessimistic,150,multistation_rep,42,42,42,t01404-c00109,109,1404,10,3,True,1,42.48291699332185,210.44666699890513,15.663666999898851,0.007458002073690295,226.11779200087767
pessimistic,150,multistation_rep,42,42,42,t01405-c00069,69,1405,5,5,True,1,25.76404200226534,211.16425000946037,0.019957995391450822,0.013791999663226306,211.19800000451505
pessimistic,150,multistation_rep,42,42,42,t01405-c00076,76,1405,11,0,False,0,,,,,
pessimistic,150,multistation_rep,42,42,42,t01406-c00076,76,1406,3,0,False,0,,,,,
pessimistic,150,multistation_rep,42,42,42,t01407-c00002,2,1407,7,5,True,1,54.043957992689684,163.8716250017751,13.471749989548698,0.015249999705702066,177.3586249910295
pessimistic,150,multistation_rep,42,42,42,t01407-c00003,3,1407,6,2,True,1,24.619666000944562,74.23708299756981,103.12333299953025,0.00650000583846122,177.36691600293852
pessimistic,150,multistation_rep,42,42,42,t01407-c00076,76,1407,3,0,False,0,,,,,
pessimistic,150,multistation_rep,42,42,42,t01408-c00076,76,1408,3,0,False,0,,,,,
pessimistic,150,multistation_rep,42,42,42,t01409-c00076,76,1409,3,0,False,0,,,,,
pessimistic,150,multistation_rep,42,42,42,t01409-c00081,81,1409,9,2,True,1,37.614041997585446,78.97758299077395,0.014500008546747267,0.009625000529922545,79.00170799985062
pessimistic,150,multistation_rep,42,42,42,t01410-c00074,74,1410,11,4,True,1,34.2704170034267,146.39891700062435,21.615582998492755,0.01650000922381878,168.03100000834092
pessimistic,150,multistation_rep,42,42,42,t01410-c00076,76,1410,3,0,False,0,,,,,
pessimistic,150,multistation_rep,42,42,42,t01410-c00081,81,1410,7,1,True,1,146.32787500158884,146.32787500158884,21.702124999137595,0.006166999810375273,168.0361670005368
pessimistic,150,multistation_rep,42,42,42,t01411-c00076,76,1411,3,0,False,0,,,,,
pessimistic,150,multistation_rep,42,42,42,t01412-c00076,76,1412,3,0,False,0,,,,,
pessimistic,150,multistation_rep,42,42,42,t01413-c00076,76,1413,3,0,False,0,,,,,
pessimistic,150,multistation_rep,42,42,42,t01414-c00076,76,1414,3,0,False,0,,,,,
pessimistic,150,multistation_rep,42,42,42,t01415-c00000,0,1415,3,2,True,1,11.7093750013737,38.56441599782556,6.562041991855949,0.015125013305805624,45.14158300298732
pessimistic,150,multistation_rep,42,42,42,t01415-c00076,76,1415,3,0,False,0,,,,,
pessimistic,150,multistation_rep,42,42,42,t01416-c00076,76,1416,7,0,False,0,,,,,
pessimistic,150,multistation_rep,42,42,42,t01417-c00076,76,1417,8,0,False,0,,,,,
pessimistic,150,multistation_rep,42,42,42,t01417-c00093,93,1417,4,1,True,1,51.52204200567212,51.52204200567212,16.235999995842576,0.01620799594093114,67.77424999745563
pessimistic,150,multistation_rep,42,42,42,t01417-c00118,118,1417,8,1,True,1,32.415292007499374,32.415292007499374,35.39579200150911,0.006082991603761911,67.81716700061224
pessimistic,150,multistation_rep,42,42,42,t01418-c00076,76,1418,8,0,False,0,,,,,
pessimistic,150,multistation_rep,42,42,42,t01418-c00093,93,1418,9,6,True,1,35.99616698920727,126.43283299985342,0.017917001969181,0.010499992640689015,126.46124999446329
pessimistic,150,multistation_rep,42,42,42,t01419-c00045,45,1419,7,2,True,1,17.518666994874366,80.81316699099261,30.81758299958892,0.00895900302566588,111.6397089936072
pessimistic,150,multistation_rep,42,42,42,t01419-c00076,76,1419,1,0,False,0,,,,,
pessimistic,150,multistation_rep,42,42,42,t01419-c00093,93,1419,11,4,True,1,41.01083400018979,111.5454169921577,0.07929200364742428,0.005833004252053797,111.63054200005718
pessimistic,150,multistation_rep,42,42,42,t01420-c00045,45,1420,4,1,True,1,20.95054199162405,20.95054199162405,23.17129200673662,0.009208000847138464,44.13104199920781
pessimistic,150,multistation_rep,42,42,42,t01420-c00076,76,1420,9,0,False,0,,,,,
pessimistic,150,multistation_rep,42,42,42,t01421-c00076,76,1421,9,0,False,0,,,,,
pessimistic,150,multistation_rep,42,42,42,t01421-c00086,86,1421,8,4,True,1,8.21845800965093,59.679375000996515,10.725375002948567,0.009042007150128484,70.41379201109521
pessimistic,150,multistation_rep,42,42,42,t01422-c00086,86,1422,6,1,True,1,43.673417007084936,43.673417007084936,29.55458300129976,0.010666990419849753,73.23866699880455
pessimistic,150,multistation_rep,42,42,42,t01422-c00101,101,1422,9,4,True,1,14.108375005889684,67.39866599673405,5.859666998730972,0.006583009962923825,73.26491600542795
pessimistic,150,multistation_rep,42,42,42,t01424-c00143,143,1424,3,2,True,1,3.607291990192607,18.4405420004623,0.010249990737065673,0.010458010365255177,18.461250001564622
pessimistic,150,multistation_rep,42,42,42,t01425-c00143,143,1425,3,2,True,1,3.4513329883338884,17.07629198790528,0.00941600592341274,0.00720900425221771,17.09291699808091
pessimistic,150,multistation_rep,42,42,42,t01426-c00130,130,1426,8,3,True,1,14.172541996231303,28.07537499757018,7.5191249925410375,0.009875002433545887,35.60437499254476
pessimistic,150,multistation_rep,42,42,42,t01427-c00008,8,1427,4,0,False,0,,,,,
pessimistic,150,multistation_rep,42,42,42,t01427-c00130,130,1427,12,4,True,1,7.190457996330224,41.78391599270981,19.527249998645857,0.009875002433545887,61.32104099378921
pessimistic,150,multistation_rep,42,42,42,t01428-c00008,8,1428,3,1,True,1,43.2555410079658,43.2555410079658,11.149666999699548,0.009249997674487531,54.41445800533984
pessimistic,150,multistation_rep,42,42,42,t01428-c00130,130,1428,8,2,True,1,20.266042003640905,25.336624996270984,29.07587500521913,0.0056249991757795215,54.418125000665896
pessimistic,150,multistation_rep,42,42,42,t01428-c00140,140,1428,3,3,True,1,5.000665987608954,51.531374992919154,2.8744580049533397,0.004582994733937085,54.41041599260643
pessimistic,150,multistation_rep,42,42,42,t01429-c00146,146,1429,10,1,True,1,25.284959003329277,25.284959003329277,0.013500000932253897,0.0077500008046627045,25.306209005066194
pessimistic,150,multistation_rep,42,42,42,t01433-c00081,81,1433,7,1,True,1,11.36620799661614,11.36620799661614,3.8652079965686426,0.007250011549331248,15.238666004734114
pessimistic,150,multistation_rep,42,42,42,t01434-c00007,7,1434,13,6,True,1,7.938541995827109,53.34670799493324,2.179208997404203,0.01029099803417921,55.53620799037162
pessimistic,150,multistation_rep,42,42,42,t01434-c00088,88,1434,13,4,True,1,4.3116250017192215,29.709541995543987,25.847708006040193,0.006166999810375273,55.563417001394555
pessimistic,150,multistation_rep,42,42,42,t01435-c00007,7,1435,13,5,True,1,6.864167007734068,42.00675000902265,0.011374999303370714,0.009458992280997336,42.02758400060702
pessimistic,150,multistation_rep,42,42,42,t01435-c00145,145,1435,5,2,True,1,30.791000011959113,33.56870800780598,8.467916995869018,0.006375004886649549,42.04300000856165
pessimistic,150,multistation_rep,42,42,42,t01436-c00114,114,1436,3,1,True,1,4.319792002206668,4.319792002206668,1.899541006423533,0.0072499969974160194,6.226583005627617
pessimistic,150,multistation_rep,42,42,42,t01437-c00062,62,1437,6,2,True,1,1.989833006518893,4.188833001535386,7.103209005435929,0.007540991646237671,11.299582998617552
pessimistic,150,multistation_rep,42,42,42,t01438-c00062,62,1438,6,2,True,1,1.9305839959997684,6.159666998428293,6.845166994025931,0.0072499969974160194,13.01208398945164
pessimistic,150,multistation_rep,42,42,42,t01438-c00109,109,1438,1,1,True,1,4.102833001525141,4.102833001525141,8.901709006750025,0.004665998858399689,13.009208007133566
pessimistic,150,multistation_rep,42,42,42,t01439-c00062,62,1439,7,1,True,1,3.8065840053604916,3.8065840053604916,17.84708299965132,0.016833000699989498,21.6705000057118
pessimistic,150,multistation_rep,42,42,42,t01439-c00109,109,1439,7,2,True,1,1.7305840010521933,3.7672920007025823,17.91570799832698,0.0076669966802001,21.690666995709762
