scenario,nb_cars,method,seed,world_seed,grid_seed,demand_id,car_id,slot,nb_stations,nb_offers,confirmed,confirm_attempts,first_offer_ms,last_offer_ms,selection_ms,confirmation_ms,total_ms
pessimistic,40,bramev_global_rep,42,42,42,t00000-c00008,8,0,2,2,True,1,104.26708299200982,317.3079999978654,89.62275000521913,0.01229200279340148,406.94304200587794
pessimistic,40,bramev_global_rep,42,42,42,t00000-c00020,20,0,3,3,True,1,223.52862503612414,384.60425002267584,22.381459013558924,0.005999987479299307,406.99170902371407
pessimistic,40,bramev_global_rep,42,42,42,t00000-c00024,24,0,1,1,True,1,223.50808302871883,223.50808302871883,183.48287499975413,0.0037919962778687477,406.99475002475083
pessimistic,40,bramev_global_rep,42,42,42,t00000-c00025,25,0,1,1,True,1,384.5519160386175,384.5519160386175,22.425749979447573,0.003208988346159458,406.9808750064112
pessimistic,40,bramev_global_rep,42,42,42,t00000-c00033,33,0,1,1,True,1,104.13820901885629,104.13820901885629,302.8212909703143,0.0034170225262641907,406.96291701169685
pessimistic,40,bramev_global_rep,42,42,42,t00000-c00034,34,0,2,2,True,1,246.1036250460893,406.7607499891892,0.1865000231191516,0.0032919924706220627,406.950542004779
pessimistic,40,bramev_global_rep,42,42,42,t00001-c00025,25,1,1,0,False,0,,,,,
pessimistic,40,bramev_global_rep,42,42,42,t00002-c00025,25,2,0,0,False,0,,,,,
pessimistic,40,bramev_global_rep,42,42,42,t00003-c00025,25,3,2,0,False,0,,,,,
pessimistic,40,bramev_global_rep,42,42,42,t00004-c00025,25,4,2,0,False,0,,,,,
pessimistic,40,bramev_global_rep,42,42,42,t00005-c00025,25,5,2,0,False,0,,,,,
pessimistic,40,bramev_global_rep,42,42,42,t00006-c00025,25,6,3,0,False,0,,,,,
pessimistic,40,bramev_global_rep,42,42,42,t00007-c00025,25,7,1,0,False,0,,,,,
pessimistic,40,bramev_global_rep,42,42,42,t00008-c00025,25,8,1,0,False,0,,,,,
pessimistic,40,bramev_global_rep,42,42,42,t00009-c00025,25,9,1,0,False,0,,,,,
pessimistic,40,bramev_global_rep,42,42,42,t00010-c00025,25,10,1,0,False,0,,,,,
pessimistic,40,bramev_global_rep,42,42,42,t00011-c00019,19,11,3,3,True,1,20.850540953688323,92.42637496208772,0.013333046808838844,0.01195794902741909,92.45166595792398
pessimistic,40,bramev_global_rep,42,42,42,t00011-c00025,25,11,1,0,False,0,,,,,
pessimistic,40,bramev_global_rep,42,42,42,t00012-c00019,19,12,3,0,False,0,,,,,
pessimistic,40,bramev_global_rep,42,42,42,t00012-c00025,25,12,1,0,False,0,,,,,
pessimistic,40,bramev_global_rep,42,42,42,t00013-c00019,19,13,3,0,False,0,,,,,
pessimistic,40,bramev_global_rep,42,42,42,t00013-c00025,25,13,1,0,False,0,,,,,
pessimistic,40,bramev_global_rep,42,42,42,t00014-c00019,19,14,1,0,False,0,,,,,
pessimistic,40,bramev_global_rep,42,42,42,t00014-c00025,25,14,1,0,False,0,,,,,
pessimistic,40,bramev_global_rep,42,42,42,t00015-c00019,19,15,3,0,False,0,,,,,
pessimistic,40,bramev_global_rep,42,42,42,t00015-c00025,25,15,2,0,False,0,,,,,
pessimistic,40,bramev_global_rep,42,42,42,t00016-c00019,19,16,2,0,False,0,,,,,
pessimistic,40,bramev_global_rep,42,42,42,t00016-c00025,25,16,1,0,False,0,,,,,
pessimistic,40,bramev_global_rep,42,42,42,t00017-c00019,19,17,2,0,False,0,,,,,
pessimistic,40,bramev_global_rep,42,42,42,t00017-c00025,25,17,1,0,False,0,,,,,
pessimistic,40,bramev_global_rep,42,42,42,t00018-c00019,19,18,3,0,False,0,,,,,
pessimistic,40,bramev_global_rep,42,42,42,t00018-c00025,25,18,1,0,False,0,,,,,
pessimistic,40,bramev_global_rep,42,42,42,t00019-c00019,19,19,1,0,False,0,,,,,
pessimistic,40,bramev_global_rep,42,42,42,t00019-c00025,25,19,3,0,False,0,,,,,
pessimistic,40,bramev_global_rep,42,42,42,t00020-c00019,19,20,2,0,False,0,,,,,
pessimistic,40,bramev_global_rep,42,42,42,t00020-c00025,25,20,1,0,False,0,,,,,
pessimistic,40,bramev_global_rep,42,42,42,t00021-c00005,5,21,1,1,True,1,37.57691598730162,37.57691598730162,0.00808399636298418,0.010040996130555868,37.59504097979516
pessimistic,40,bramev_global_rep,42,42,42,t00021-c00019,19,21,2,0,False,0,,,,,
pessimistic,40,bramev_global_rep,42,42,42,t00021-c00025,25,21,3,0,False,0,,,,,
pessimistic,40,bramev_global_rep,42,42,42,t00022-c00019,19,22,2,0,False,0,,,,,
pessimistic,40,bramev_global_rep,42,42,42,t00022-c00025,25,22,1,0,False,0,,,,,
pessimistic,40,bramev_global_rep,42,42,42,t00022-c00031,31,22,1,1,True,1,42.170582979451865,42.170582979451865,0.009917013812810183,0.008750008419156075,42.18925000168383
pessimistic,40,bramev_global_rep,42,42,42,t00023-c00019,19,23,2,0,False,0,,,,,
pessimistic,40,bramev_global_rep,42,42,42,t00023-c00025,25,23,3,0,False,0,,,,,
pessimistic,40,bramev_global_rep,42,42,42,t00024-c00019,19,24,3,0,False,0,,,,,
pessimistic,40,bramev_global_rep,42,42,42,t00024-c00025,25,24,3,0,False,0,,,,,
pessimistic,40,bramev_global_rep,42,42,42,t00025-c00019,19,25,3,0,False,0,,,,,
pessimistic,40,bramev_global_rep,42,42,42,t00025-c00025,25,25,1,0,False,0,,,,,
pessimistic,40,bramev_global_rep,42,42,42,t00025-c00037,37,25,2,2,True,1,35.960208042524755,59.49025001609698,11.151541024446487,0.01087499549612403,70.65266603603959
pessimistic,40,bramev_global_rep,42,42,42,t00026-c00019,19,26,1,0,False,0,,,,,
pessimistic,40,bramev_global_rep,42,42,42,t00026-c00025,25,26,0,0,False,0,,,,,
pessimistic,40,bramev_global_rep,42,42,42,t00026-c00037,37,26,4,0,False,0,,,,,
pessimistic,40,bramev_global_rep,42,42,42,t00027-c00019,19,27,1,0,False,0,,,,,
pessimistic,40,bramev_global_rep,42,42,42,t00027-c00025,25,27,3,0,False,0,,,,,
pessimistic,40,bramev_global_rep,42,42,42,t00027-c00037,37,27,3,0,False,0,,,,,
pessimistic,40,bramev_global_rep,42,42,42,t00028-c00019,19,28,1,0,False,0,,,,,
pessimistic,40,bramev_global_rep,42,42,42,t00028-c00025,25,28,2,0,False,0,,,,,
pessimistic,40,bramev_global_rep,42,42,42,t00028-c00037,37,28,2,0,False,0,,,,,
pessimistic,40,bramev_global_rep,42,42,42,t00029-c00019,19,29,1,0,False,0,,,,,
pessimistic,40,bramev_global_rep,42,42,42,t00029-c00025,25,29,2,0,False,0,,,,,
pessimistic,40,bramev_global_rep,42,42,42,t00029-c00037,37,29,1,0,False,0,,,,,
pessimistic,40,bramev_global_rep,42,42,42,t00030-c00016,16,30,2,2,True,1,68.59345803968608,103.95075002452359,0.011165975593030453,0.010791991371661425,103.97270799148828
pessimistic,40,bramev_global_rep,42,42,42,t00030-c00019,19,30,1,0,False,0,,,,,
pessimistic,40,bramev_global_rep,42,42,42,t00030-c00025,25,30,1,0,False,0,,,,,
pessimistic,40,bramev_global_rep,42,42,42,t00030-c00037,37,30,1,0,False,0,,,,,
pessimistic,40,bramev_global_rep,42,42,42,t00031-c00016,16,31,2,0,False,0,,,,,
pessimistic,40,bramev_global_rep,42,42,42,t00031-c00019,19,31,3,0,False,0,,,,,
pessimistic,40,bramev_global_rep,42,42,42,t00031-c00025,25,31,4,0,False,0,,,,,
pessimistic,40,bramev_global_rep,42,42,42,t00031-c00037,37,31,1,0,False,0,,,,,
pessimistic,40,bramev_global_rep,42,42,42,t00032-c00016,16,32,2,0,False,0,,,,,
pessimistic,40,bramev_global_rep,42,42,42,t00032-c00019,19,32,3,0,False,0,,,,,
pessimistic,40,bramev_global_rep,42,42,42,t00032-c00025,25,32,1,0,False,0,,,,,
pessimistic,40,bramev_global_rep,42,42,42,t00032-c00037,37,32,1,0,False,0,,,,,
pessimistic,40,bramev_global_rep,42,42,42,t00033-c00016,16,33,2,0,False,0,,,,,
pessimistic,40,bramev_global_rep,42,42,42,t00033-c00019,19,33,1,0,False,0,,,,,
pessimistic,40,bramev_global_rep,42,42,42,t00033-c00025,25,33,1,0,False,0,,,,,
pessimistic,40,bramev_global_rep,42,42,42,t00033-c00037,37,33,1,0,False,0,,,,,
pessimistic,40,bramev_global_rep,42,42,42,t00034-c00016,16,34,1,0,False,0,,,,,
pessimistic,40,bramev_global_rep,42,42,42,t00034-c00019,19,34,3,0,False,0,,,,,
pessimistic,40,bramev_global_rep,42,42,42,t00034-c00025,25,34,1,0,False,0,,,,,
pessimistic,40,bramev_global_rep,42,42,42,t00034-c00037,37,34,3,0,False,0,,,,,
pessimistic,40,bramev_global_rep,42,42,42,t00035-c00016,16,35,1,0,False,0,,,,,
pessimistic,40,bramev_global_rep,42,42,42,t00035-c00019,19,35,1,0,False,0,,,,,
pessimistic,40,bramev_global_rep,42,42,42,t00035-c00025,25,35,2,0,False,0,,,,,
pessimistic,40,bramev_global_rep,42,42,42,t00035-c00037,37,35,3,0,False,0,,,,,
pessimistic,40,bramev_global_rep,42,42,42,t00036-c00016,16,36,1,0,False,0,,,,,
pessimistic,40,bramev_global_rep,42,42,42,t00036-c00019,19,36,1,0,False,0,,,,,
pessimistic,40,bramev_global_rep,42,42,42,t00036-c00025,25,36,1,0,False,0,,,,,
pessimistic,40,bramev_global_rep,42,42,42,t00036-c00037,37,36,1,0,False,0,,,,,
pessimistic,40,bramev_global_rep,42,42,42,t00037-c00016,16,37,1,0,False,0,,,,,
pessimistic,40,bramev_global_rep,42,42,42,t00037-c00019,19,37,1,0,False,0,,,,,
pessimistic,40,bramev_global_rep,42,42,42,t00037-c00025,25,37,2,0,False,0,,,,,
pessimistic,40,bramev_global_rep,42,42,42,t00037-c00037,37,37,1,0,False,0,,,,,
pessimistic,40,bramev_global_rep,42,42,42,t00038-c00010,10,38,3,3,True,1,42.62437502620742,140.089666005224,13.899374986067414,0.0140840420499444,154.00312503334135
pessimistic,40,bramev_global_rep,42,42,42,t00038-c00016,16,38,3,0,False,0,,,,,
pessimistic,40,bramev_global_rep,42,42,42,t00038-c00019,19,38,1,0,False,0,,,,,
pessimistic,40,bramev_global_rep,42,42,42,t00038-c00025,25,38,1,0,False,0,,,,,
pessimistic,40,bramev_global_rep,42,42,42,t00038-c00037,37,38,3,0,False,0,,,,,
pessimistic,40,bramev_global_rep,42,42,42,t00039-c00005,5,39,3,0,False,0,,,,,
pessimistic,40,bramev_global_rep,42,42,42,t00039-c00010,10,39,3,0,False,0,,,,,
pessimistic,40,bramev_global_rep,42,42,42,t00039-c00014,14,39,3,3,True,1,85.33533400623128,255.6883340002969,17.823749978560954,0.014208024367690086,273.52629200322554
pessimistic,40,bramev_global_rep,42,42,42,t00039-c00016,16,39,3,0,False,0,,,,,
pessimistic,40,bramev_global_rep,42,42,42,t00039-c00019,19,39,1,0,False,0,,,,,
pessimistic,40,bramev_global_rep,42,42,42,t00039-c00025,25,39,1,0,False,0,,,,,
pessimistic,40,bramev_global_rep,42,42,42,t00039-c00037,37,39,2,0,False,0,,,,,
pessimistic,40,bramev_global_rep,42,42,42,t00040-c00005,5,40,3,0,False,0,,,,,
pessimistic,40,bramev_global_rep,42,42,42,t00040-c00010,10,40,3,0,False,0,,,,,
pessimistic,40,bramev_global_rep,42,42,42,t00040-c00016,16,40,3,0,False,0,,,,,
pessimistic,40,bramev_global_rep,42,42,42,t00040-c00019,19,40,2,0,False,0,,,,,
pessimistic,40,bramev_global_rep,42,42,42,t00040-c00025,25,40,2,0,False,0,,,,,
pessimistic,40,bramev_global_rep,42,42,42,t00040-c00033,33,40,4,0,False,0,,,,,
pessimistic,40,bramev_global_rep,42,42,42,t00040-c00037,37,40,1,0,False,0,,,,,
pessimistic,40,bramev_global_rep,42,42,42,t00041-c00005,5,41,3,0,False,0,,,,,
pessimistic,40,bramev_global_rep,42,42,42,t00041-c00010,10,41,2,0,False,0,,,,,
pessimistic,40,bramev_global_rep,42,42,42,t00041-c00016,16,41,1,0,False,0,,,,,
pessimistic,40,bramev_global_rep,42,42,42,t00041-c00019,19,41,2,0,False,0,,,,,
pessimistic,40,bramev_global_rep,42,42,42,t00041-c00025,25,41,1,0,False,0,,,,,
pessimistic,40,bramev_global_rep,42,42,42,t00041-c00033,33,41,1,0,False,0,,,,,
pessimistic,40,bramev_global_rep,42,42,42,t00041-c00037,37,41,2,0,False,0,,,,,
pessimistic,40,bramev_global_rep,42,42,42,t00042-c00005,5,42,3,0,False,0,,,,,
pessimistic,40,bramev_global_rep,42,42,42,t00042-c00010,10,42,3,0,False,0,,,,,
pessimistic,40,bramev_global_rep,42,42,42,t00042-c00016,16,42,2,0,False,0,,,,,
pessimistic,40,bramev_global_rep,42,42,42,t00042-c00019,19,42,1,0,False,0,,,,,
pessimistic,40,bramev_global_rep,42,42,42,t00042-c00025,25,42,1,0,False,0,,,,,
pessimistic,40,bramev_global_rep,42,42,42,t00042-c00033,33,42,1,0,False,0,,,,,
pessimistic,40,bramev_global_rep,42,42,42,t00042-c00037,37,42,3,0,False,0,,,,,
pessimistic,40,bramev_global_rep,42,42,42,t00043-c00005,5,43,1,0,False,0,,,,,
pessimistic,40,bramev_global_rep,42,42,42,t00043-c00010,10,43,1,0,False,0,,,,,
pessimistic,40,bramev_global_rep,42,42,42,t00043-c00016,16,43,1,0,False,0,,,,,
pessimistic,40,bramev_global_rep,42,42,42,t00043-c00019,19,43,1,0,False,0,,,,,
pessimistic,40,bramev_global_rep,42,42,42,t00043-c00025,25,43,1,0,False,0,,,,,
pessimistic,40,bramev_global_rep,42,42,42,t00043-c00033,33,43,1,0,False,0,,,,,
pessimistic,40,bramev_global_rep,42,42,42,t00043-c00037,37,43,3,0,False,0,,,,,
pessimistic,40,bramev_global_rep,42,42,42,t00044-c00005,5,44,1,0,False,0,,,,,
pessimistic,40,bramev_global_rep,42,42,42,t00044-c00010,10,44,1,0,False,0,,,,,
pessimistic,40,bramev_global_rep,42,42,42,t00044-c00016,16,44,2,0,False,0,,,,,
pessimistic,40,bramev_global_rep,42,42,42,t00044-c00019,19,44,3,0,False,0,,,,,
pessimistic,40,bramev_global_rep,42,42,42,t00044-c00025,25,44,1,0,False,0,,,,,
pessimistic,40,bramev_global_rep,42,42,42,t00044-c00027,27,44,1,1,True,1,54.835124989040196,54.835124989040196,31.37762501137331,0.015083001926541328,86.22783300234005
pessimistic,40,bramev_global_rep,42,42,42,t00044-c00033,33,44,1,0,False,0,,,,,
pessimistic,40,bramev_global_rep,42,42,42,t00044-c00037,37,44,1,0,False,0,,,,,
pessimistic,40,bramev_global_rep,42,42,42,t00045-c00002,2,45,3,3,True,1,56.49491702206433,157.25608402863145,14.152665971778333,0.014749995898455381,171.42349999630824
pessimistic,40,bramev_global_rep,42,42,42,t00045-c00005,5,45,3,0,False,0,,,,,
pessimistic,40,bramev_global_rep,42,42,42,t00045-c00010,10,45,3,0,False,0,,,,,
pessimistic,40,bramev_global_rep,42,42,42,t00045-c00016,16,45,1,0,False,0,,,,,
pessimistic,40,bramev_global_rep,42,42,42,t00045-c00019,19,45,3,0,False,0,,,,,
pessimistic,40,bramev_global_rep,42,42,42,t00045-c00025,25,45,1,0,False,0,,,,,
pessimistic,40,bramev_global_rep,42,42,42,t00045-c00033,33,45,1,0,False,0,,,,,
pessimistic,40,bramev_global_rep,42,42,42,t00045-c00037,37,45,1,0,False,0,,,,,
pessimistic,40,bramev_global_rep,42,42,42,t00046-c00005,5,46,3,0,False,0,,,,,
pessimistic,40,bramev_global_rep,42,42,42,t00046-c00010,10,46,3,0,False,0,,,,,
pessimistic,40,bramev_global_rep,42,42,42,t00046-c00016,16,46,1,0,False,0,,,,,
pessimistic,40,bramev_global_rep,42,42,42,t00046-c00019,19,46,3,0,False,0,,,,,
pessimistic,40,bramev_global_rep,42,42,42,t00046-c00025,25,46,1,0,False,0,,,,,
pessimistic,40,bramev_global_rep,42,42,42,t00046-c00033,33,46,1,0,False,0,,,,,
pessimistic,40,bramev_global_rep,42,42,42,t00046-c00037,37,46,1,0,False,0,,,,,
pessimistic,40,bramev_global_rep,42,42,42,t00047-c00005,5,47,3,0,False,0,,,,,
pessimistic,40,bramev_global_rep,42,42,42,t00047-c00010,10,47,1,0,False,0,,,,,
pessimistic,40,bramev_global_rep,42,42,42,t00047-c00016,16,47,2,0,False,0,,,,,
pessimistic,40,bramev_global_rep,42,42,42,t00047-c00019,19,47,3,0,False,0,,,,,
pessimistic,40,bramev_global_rep,42,42,42,t00047-c00025,25,47,1,0,False,0,,,,,
pessimistic,40,bramev_global_rep,42,42,42,t00047-c00033,33,47,1,0,False,0,,,,,
pessimistic,40,bramev_global_rep,42,42,42,t00047-c00037,37,47,1,0,False,0,,,,,
pessimistic,40,bramev_global_rep,42,42,42,t00048-c00005,5,48,3,0,False,0,,,,,
pessimistic,40,bramev_global_rep,42,42,42,t00048-c00010,10,48,1,0,False,0,,,,,
pessimistic,40,bramev_global_rep,42,42,42,t00048-c00016,16,48,1,0,False,0,,,,,
pessimistic,40,bramev_global_rep,42,42,42,t00048-c00019,19,48,1,0,False,0,,,,,
pessimistic,40,bramev_global_rep,42,42,42,t00048-c00025,25,48,1,0,False,0,,,,,
pessimistic,40,bramev_global_rep,42,42,42,t00048-c00033,33,48,3,0,False,0,,,,,
pessimistic,40,bramev_global_rep,42,42,42,t00048-c00037,37,48,3,0,False,0,,,,,
pessimistic,40,bramev_global_rep,42,42,42,t00049-c00005,5,49,3,0,False,0,,,,,
pessimistic,40,bramev_global_rep,42,42,42,t00049-c00010,10,49,1,0,False,0,,,,,
pessimistic,40,bramev_global_rep,42,42,42,t00049-c00016,16,49,1,0,False,0,,,,,
pessimistic,40,bramev_global_rep,42,42,42,t00049-c00019,19,49,1,0,False,0,,,,,
pessimistic,40,bramev_global_rep,42,42,42,t00049-c00025,25,49,1,0,False,0,,,,,
pessimistic,40,bramev_global_rep,42,42,42,t00049-c00033,33,49,3,0,False,0,,,,,
pessimistic,40,bramev_global_rep,42,42,42,t00049-c00037,37,49,2,0,False,0,,,,,
pessimistic,40,bramev_global_rep,42,42,42,t00050-c00005,5,50,3,0,False,0,,,,,
pessimistic,40,bramev_global_rep,42,42,42,t00050-c00007,7,50,1,1,True,1,76.49733300786465,76.49733300786465,53.835708007682115,0.020084029529243708,130.353125045076
pessimistic,40,bramev_global_rep,42,42,42,t00050-c00010,10,50,1,0,False,0,,,,,
pessimistic,40,bramev_global_rep,42,42,42,t00050-c00013,13,50,1,1,True,1,76.46250003017485,76.46250003017485,53.93358395667747,0.005665991920977831,130.4017499787733
pessimistic,40,bramev_global_rep,42,42,42,t00050-c00016,16,50,3,0,False,0,,,,,
pessimistic,40,bramev_global_rep,42,42,42,t00050-c00019,19,50,3,0,False,0,,,,,
pessimistic,40,bramev_global_rep,42,42,42,t00050-c00025,25,50,4,0,False,0,,,,,
pessimistic,40,bramev_global_rep,42,42,42,t00050-c00033,33,50,3,0,False,0,,,,,
pessimistic,40,bramev_global_rep,42,42,42,t00050-c00037,37,50,2,0,False,0,,,,,
pessimistic,40,bramev_global_rep,42,42,42,t00051-c00005,5,51,3,0,False,0,,,,,
pessimistic,40,bramev_global_rep,42,42,42,t00051-c00007,7,51,1,1,True,1,99.8979999567382,99.8979999567382,61.71962502412498,0.0219999928958714,161.63962497375906
pessimistic,40,bramev_global_rep,42,42,42,t00051-c00010,10,51,4,0,False,0,,,,,
pessimistic,40,bramev_global_rep,42,42,42,t00051-c00013,13,51,1,1,True,1,99.85883400077,99.85883400077,61.80187501013279,0.005208014044910669,161.6659170249477
pessimistic,40,bramev_global_rep,42,42,42,t00051-c00016,16,51,4,0,False,0,,,,,
pessimistic,40,bramev_global_rep,42,42,42,t00051-c00019,19,51,3,0,False,0,,,,,
pessimistic,40,bramev_global_rep,42,42,42,t00051-c00025,25,51,1,0,False,0,,,,,
pessimistic,40,bramev_global_rep,42,42,42,t00051-c00033,33,51,3,0,False,0,,,,,
pessimistic,40,bramev_global_rep,42,42,42,t00051-c00037,37,51,4,0,False,0,,,,,
pessimistic,40,bramev_global_rep,42,42,42,t00052-c00005,5,52,1,0,False,0,,,,,
pessimistic,40,bramev_global_rep,42,42,42,t00052-c00010,10,52,1,0,False,0,,,,,
pessimistic,40,bramev_global_rep,42,42,42,t00052-c00016,16,52,4,0,False,0,,,,,
pessimistic,40,bramev_global_rep,42,42,42,t00052-c00019,19,52,4,0,False,0,,,,,
pessimistic,40,bramev_global_rep,42,42,42,t00052-c00025,25,52,3,0,False,0,,,,,
pessimistic,40,bramev_global_rep,42,42,42,t00052-c00033,33,52,3,0,False,0,,,,,
pessimistic,40,bramev_global_rep,42,42,42,t00052-c00037,37,52,2,0,False,0,,,,,
pessimistic,40,bramev_global_rep,42,42,42,t00052-c00038,38,52,1,1,True,1,111.0895830206573,111.0895830206573,0.01962494570761919,0.010917021427303553,111.12012498779222
pessimistic,40,bramev_global_rep,42,42,42,t00053-c00005,5,53,1,0,False,0,,,,,
pessimistic,40,bramev_global_rep,42,42,42,t00053-c00010,10,53,3,0,False,0,,,,,
pessimistic,40,bramev_global_rep,42,42,42,t00053-c00016,16,53,4,0,False,0,,,,,
pessimistic,40,bramev_global_rep,42,42,42,t00053-c00019,19,53,3,0,False,0,,,,,
pessimistic,40,bramev_global_rep,42,42,42,t00053-c00025,25,53,1,0,False,0,,,,,
pessimistic,40,bramev_global_rep,42,42,42,t00053-c00033,33,53,1,0,False,0,,,,,
pessimistic,40,bramev_global_rep,42,42,42,t00053-c00037,37,53,2,0,False,0,,,,,
pessimistic,40,bramev_global_rep,42,42,42,t00054-c00005,5,54,1,0,False,0,,,,,
pessimistic,40,bramev_global_rep,42,42,42,t00054-c00010,10,54,3,0,False,0,,,,,
pessimistic,40,bramev_global_rep,42,42,42,t00054-c00016,16,54,4,0,False,0,,,,,
pessimistic,40,bramev_global_rep,42,42,42,t00054-c00019,19,54,3,0,False,0,,,,,
pessimistic,40,bramev_global_rep,42,42,42,t00054-c00025,25,54,1,0,False,0,,,,,
pessimistic,40,bramev_global_rep,42,42,42,t00054-c00033,33,54,1,0,False,0,,,,,
pessimistic,40,bramev_global_rep,42,42,42,t00054-c00037,37,54,2,0,False,0,,,,,
pessimistic,40,bramev_global_rep,42,42,42,t00055-c00005,5,55,2,0,False,0,,,,,
pessimistic,40,bramev_global_rep,42,42,42,t00055-c00010,10,55,1,0,False,0,,,,,
pessimistic,40,bramev_global_rep,42,42,42,t00055-c00016,16,55,3,0,False,0,,,,,
pessimistic,40,bramev_global_rep,42,42,42,t00055-c00019,19,55,3,0,False,0,,,,,
pessimistic,40,bramev_global_rep,42,42,42,t00055-c00025,25,55,1,0,False,0,,,,,
pessimistic,40,bramev_global_rep,42,42,42,t00055-c00033,33,55,1,0,False,0,,,,,
pessimistic,40,bramev_global_rep,42,42,42,t00055-c00037,37,55,2,0,False,0,,,,,
pessimistic,40,bramev_global_rep,42,42,42,t00056-c00005,5,56,2,0,False,0,,,,,
pessimistic,40,bramev_global_rep,42,42,42,t00056-c00010,10,56,1,0,False,0,,,,,
pessimistic,40,bramev_global_rep,42,42,42,t00056-c00016,16,56,3,0,False,0,,,,,
pessimistic,40,bramev_global_rep,42,42,42,t00056-c00019,19,56,3,0,False,0,,,,,
pessimistic,40,bramev_global_rep,42,42,42,t00056-c00025,25,56,1,0,False,0,,,,,
pessimistic,40,bramev_global_rep,42,42,42,t00056-c00033,33,56,1,0,False,0,,,,,
pessimistic,40,bramev_global_rep,42,42,42,t00056-c00037,37,56,2,0,False,0,,,,,
pessimistic,40,bramev_global_rep,42,42,42,t00057-c00005,5,57,1,0,False,0,,,,,
pessimistic,40,bramev_global_rep,42,42,42,t00057-c00010,10,57,1,0,False,0,,,,,
pessimistic,40,bramev_global_rep,42,42,42,t00057-c00016,16,57,3,0,False,0,,,,,
pessimistic,40,bramev_global_rep,42,42,42,t00057-c00019,19,57,3,0,False,0,,,,,
pessimistic,40,bramev_global_rep,42,42,42,t00057-c00023,23,57,1,1,True,1,88.8328340370208,88.8328340370208,73.35995795438066,0.02316699828952551,162.215958989691
pessimistic,40,bramev_global_rep,42,42,42,t00057-c00025,25,57,1,0,False,0,,,,,
pessimistic,40,bramev_global_rep,42,42,42,t00057-c00033,33,57,4,0,False,0,,,,,
pessimistic,40,bramev_global_rep,42,42,42,t00057-c00037,37,57,2,0,False,0,,,,,
pessimistic,40,bramev_global_rep,42,42,42,t00057-c00038,38,57,3,0,False,0,,,,,
pessimistic,40,bramev_global_rep,42,42,42,t00058-c00001,1,58,1,1,True,1,93.40395900653675,93.40395900653675,0.009707990102469921,0.011625001206994057,93.42529199784622
pessimistic,40,bramev_global_rep,42,42,42,t00058-c00005,5,58,1,0,False,0,,,,,
pessimistic,40,bramev_global_rep,42,42,42,t00058-c00010,10,58,1,0,False,0,,,,,
pessimistic,40,bramev_global_rep,42,42,42,t00058-c00016,16,58,3,0,False,0,,,,,
pessimistic,40,bramev_global_rep,42,42,42,t00058-c00019,19,58,1,0,False,0,,,,,
pessimistic,40,bramev_global_rep,42,42,42,t00058-c00025,25,58,1,0,False,0,,,,,
pessimistic,40,bramev_global_rep,42,42,42,t00058-c00033,33,58,1,0,False,0,,,,,
pessimistic,40,bramev_global_rep,42,42,42,t00058-c00037,37,58,1,0,False,0,,,,,
pessimistic,40,bramev_global_rep,42,42,42,t00058-c00038,38,58,3,0,False,0,,,,,
pessimistic,40,bramev_global_rep,42,42,42,t00059-c00005,5,59,1,0,False,0,,,,,
pessimistic,40,bramev_global_rep,42,42,42,t00059-c00010,10,59,1,0,False,0,,,,,
pessimistic,40,bramev_global_rep,42,42,42,t00059-c00016,16,59,3,0,False,0,,,,,
pessimistic,40,bramev_global_rep,42,42,42,t00059-c00019,19,59,1,0,False,0,,,,,
pessimistic,40,bramev_global_rep,42,42,42,t00059-c00025,25,59,4,0,False,0,,,,,
pessimistic,40,bramev_global_rep,42,42,42,t00059-c00033,33,59,1,0,False,0,,,,,
pessimistic,40,bramev_global_rep,42,42,42,t00059-c00037,37,59,1,0,False,0,,,,,
pessimistic,40,bramev_global_rep,42,42,42,t00059-c00038,38,59,2,0,False,0,,,,,
pessimistic,40,bramev_global_rep,42,42,42,t00060-c00003,3,60,1,1,True,1,68.3507079957053,68.3507079957053,58.70175000745803,0.018832972273230553,127.07129097543657
pessimistic,40,bramev_global_rep,42,42,42,t00060-c00005,5,60,1,0,False,0,,,,,
pessimistic,40,bramev_global_rep,42,42,42,t00060-c00010,10,60,1,0,False,0,,,,,
pessimistic,40,bramev_global_rep,42,42,42,t00060-c00016,16,60,3,0,False,0,,,,,
pessimistic,40,bramev_global_rep,42,42,42,t00060-c00019,19,60,1,0,False,0,,,,,
pessimistic,40,bramev_global_rep,42,42,42,t00060-c00025,25,60,4,0,False,0,,,,,
pessimistic,40,bramev_global_rep,42,42,42,t00060-c00033,33,60,2,0,False,0,,,,,
pessimistic,40,bramev_global_rep,42,42,42,t00060-c00037,37,60,1,0,False,0,,,,,
pessimistic,40,bramev_global_rep,42,42,42,t00060-c00038,38,60,2,0,False,0,,,,,
pessimistic,40,bramev_global_rep,42,42,42,t00061-c00005,5,61,1,0,False,0,,,,,
pessimistic,40,bramev_global_rep,42,42,42,t00061-c00010,10,61,1,0,False,0,,,,,
pessimistic,40,bramev_global_rep,42,42,42,t00061-c00012,12,61,4,4,True,1,61.58750003669411,132.28829100262374,0.015416997484862804,0.01166702713817358,132.31537502724677
pessimistic,40,bramev_global_rep,42,42,42,t00061-c00016,16,61,3,0,False,0,,,,,
pessimistic,40,bramev_global_rep,42,42,42,t00061-c00019,19,61,1,0,False,0,,,,,
pessimistic,40,bramev_global_rep,42,42,42,t00061-c00025,25,61,1,0,False,0,,,,,
pessimistic,40,bramev_global_rep,42,42,42,t00061-c00033,33,61,2,0,False,0,,,,,
pessimistic,40,bramev_global_rep,42,42,42,t00061-c00037,37,61,1,0,False,0,,,,,
pessimistic,40,bramev_global_rep,42,42,42,t00061-c00038,38,61,3,0,False,0,,,,,
pessimistic,40,bramev_global_rep,42,42,42,t00062-c00005,5,62,1,0,False,0,,,,,
pessimistic,40,bramev_global_rep,42,42,42,t00062-c00010,10,62,1,0,False,0,,,,,
pessimistic,40,bramev_global_rep,42,42,42,t00062-c00016,16,62,3,0,False,0,,,,,
pessimistic,40,bramev_global_rep,42,42,42,t00062-c00019,19,62,1,0,False,0,,,,,
pessimistic,40,bramev_global_rep,42,42,42,t00062-c00025,25,62,1,0,False,0,,,,,
pessimistic,40,bramev_global_rep,42,42,42,t00062-c00033,33,62,2,0,False,0,,,,,
pessimistic,40,bramev_global_rep,42,42,42,t00062-c00037,37,62,1,0,False,0,,,,,
pessimistic,40,bramev_global_rep,42,42,42,t00062-c00038,38,62,3,0,False,0,,,,,
pessimistic,40,bramev_global_rep,42,42,42,t00063-c00005,5,63,2,0,False,0,,,,,
pessimistic,40,bramev_global_rep,42,42,42,t00063-c00010,10,63,1,0,False,0,,,,,
pessimistic,40,bramev_global_rep,42,42,42,t00063-c00016,16,63,3,0,False,0,,,,,
pessimistic,40,bramev_global_rep,42,42,42,t00063-c00019,19,63,3,0,False,0,,,,,
pessimistic,40,bramev_global_rep,42,42,42,t00063-c00025,25,63,4,0,False,0,,,,,
pessimistic,40,bramev_global_rep,42,42,42,t00063-c00033,33,63,2,0,False,0,,,,,
pessimistic,40,bramev_global_rep,42,42,42,t00063-c00037,37,63,1,0,False,0,,,,,
pessimistic,40,bramev_global_rep,42,42,42,t00063-c00038,38,63,3,0,False,0,,,,,
pessimistic,40,bramev_global_rep,42,42,42,t00064-c00005,5,64,2,0,False,0,,,,,
pessimistic,40,bramev_global_rep,42,42,42,t00064-c00010,10,64,1,0,False,0,,,,,
pessimistic,40,bramev_global_rep,42,42,42,t00064-c00016,16,64,2,0,False,0,,,,,
pessimistic,40,bramev_global_rep,42,42,42,t00064-c00019,19,64,3,0,False,0,,,,,
pessimistic,40,bramev_global_rep,42,42,42,t00064-c00023,23,64,3,0,False,0,,,,,
pessimistic,40,bramev_global_rep,42,42,42,t00064-c00025,25,64,2,0,False,0,,,,,
pessimistic,40,bramev_global_rep,42,42,42,t00064-c00033,33,64,2,0,False,0,,,,,
pessimistic,40,bramev_global_rep,42,42,42,t00064-c00037,37,64,1,0,False,0,,,,,
pessimistic,40,bramev_global_rep,42,42,42,t00064-c00038,38,64,3,0,False,0,,,,,
pessimistic,40,bramev_global_rep,42,42,42,t00065-c00005,5,65,1,0,False,0,,,,,
pessimistic,40,bramev_global_rep,42,42,42,t00065-c00010,10,65,1,0,False,0,,,,,
pessimistic,40,bramev_global_rep,42,42,42,t00065-c00016,16,65,2,0,False,0,,,,,
pessimistic,40,bramev_global_rep,42,42,42,t00065-c00019,19,65,1,0,False,0,,,,,
pessimistic,40,bramev_global_rep,42,42,42,t00065-c00023,23,65,1,0,False,0,,,,,
pessimistic,40,bramev_global_rep,42,42,42,t00065-c00025,25,65,1,0,False,0,,,,,
pessimistic,40,bramev_global_rep,42,42,42,t00065-c00033,33,65,1,0,False,0,,,,,
pessimistic,40,bramev_global_rep,42,42,42,t00065-c00037,37,65,1,0,False,0,,,,,
pessimistic,40,bramev_global_rep,42,42,42,t00065-c00038,38,65,3,0,False,0,,,,,
pessimistic,40,bramev_global_rep,42,42,42,t00066-c00005,5,66,2,0,False,0,,,,,
pessimistic,40,bramev_global_rep,42,42,42,t00066-c00010,10,66,1,0,False,0,,,,,
pessimistic,40,bramev_global_rep,42,42,42,t00066-c00016,16,66,3,0,False,0,,,,,
pessimistic,40,bramev_global_rep,42,42,42,t00066-c00019,19,66,1,0,False,0,,,,,
pessimistic,40,bramev_global_rep,42,42,42,t00066-c00023,23,66,1,0,False,0,,,,,
pessimistic,40,bramev_global_rep,42,42,42,t00066-c00025,25,66,1,0,False,0,,,,,
pessimistic,40,bramev_global_rep,42,42,42,t00066-c00033,33,66,2,0,False,0,,,,,
pessimistic,40,bramev_global_rep,42,42,42,t00066-c00036,36,66,3,3,True,1,60.18808402586728,176.0742089827545,10.329875047318637,0.02120796125382185,186.42529199132696
pessimistic,40,bramev_global_rep,42,42,42,t00066-c00037,37,66,1,0,False,0,,,,,
pessimistic,40,bramev_global_rep,42,42,42,t00066-c00038,38,66,3,0,False,0,,,,,
pessimistic,40,bramev_global_rep,42,42,42,t00067-c00005,5,67,2,0,False,0,,,,,
pessimistic,40,bramev_global_rep,42,42,42,t00067-c00010,10,67,1,0,False,0,,,,,
pessimistic,40,bramev_global_rep,42,42,42,t00067-c00016,16,67,2,0,False,0,,,,,
pessimistic,40,bramev_global_rep,42,42,42,t00067-c00019,19,67,3,0,False,0,,,,,
pessimistic,40,bramev_global_rep,42,42,42,t00067-c00023,23,67,1,0,False,0,,,,,
pessimistic,40,bramev_global_rep,42,42,42,t00067-c00025,25,67,3,0,False,0,,,,,
pessimistic,40,bramev_global_rep,42,42,42,t00067-c00033,33,67,1,0,False,0,,,,,
pessimistic,40,bramev_global_rep,42,42,42,t00067-c00037,37,67,1,0,False,0,,,,,
pessimistic,40,bramev_global_rep,42,42,42,t00067-c00038,38,67,3,0,False,0,,,,,
pessimistic,40,bramev_global_rep,42,42,42,t00067-c00039,39,67,4,4,True,1,105.72654200950637,210.2366670151241,0.02804200630635023,0.015166006051003933,210.27987502748147
pessimistic,40,bramev_global_rep,42,42,42,t00068-c00005,5,68,2,0,False,0,,,,,
pessimistic,40,bramev_global_rep,42,42,42,t00068-c00010,10,68,4,0,False,0,,,,,
pessimistic,40,bramev_global_rep,42,42,42,t00068-c00016,16,68,1,0,False,0,,,,,
pessimistic,40,bramev_global_rep,42,42,42,t00068-c00019,19,68,1,0,False,0,,,,,
pessimistic,40,bramev_global_rep,42,42,42,t00068-c00023,23,68,3,0,False,0,,,,,
pessimistic,40,bramev_global_rep,42,42,42,t00068-c00025,25,68,3,0,False,0,,,,,
pessimistic,40,bramev_global_rep,42,42,42,t00068-c00033,33,68,3,0,False,0,,,,,
pessimistic,40,bramev_global_rep,42,42,42,t00068-c00037,37,68,1,0,False,0,,,,,
pessimistic,40,bramev_global_rep,42,42,42,t00068-c00038,38,68,3,0,False,0,,,,,
pessimistic,40,bramev_global_rep,42,42,42,t00069-c00005,5,69,2,0,False,0,,,,,
pessimistic,40,bramev_global_rep,42,42,42,t00069-c00010,10,69,1,0,False,0,,,,,
pessimistic,40,bramev_global_rep,42,42,42,t00069-c00016,16,69,1,0,False,0,,,,,
pessimistic,40,bramev_global_rep,42,42,42,t00069-c00019,19,69,1,0,False,0,,,,,
pessimistic,40,bramev_global_rep,42,42,42,t00069-c00023,23,69,1,0,False,0,,,,,
pessimistic,40,bramev_global_rep,42,42,42,t00069-c00025,25,69,1,0,False,0,,,,,
pessimistic,40,bramev_global_rep,42,42,42,t00069-c00033,33,69,1,0,False,0,,,,,
pessimistic,40,bramev_global_rep,42,42,42,t00069-c00037,37,69,2,0,False,0,,,,,
pessimistic,40,bramev_global_rep,42,42,42,t00069-c00038,38,69,3,0,False,0,,,,,
pessimistic,40,bramev_global_rep,42,42,42,t00070-c00005,5,70,2,0,False,0,,,,,
pessimistic,40,bramev_global_rep,42,42,42,t00070-c00010,10,70,4,0,False,0,,,,,
pessimistic,40,bramev_global_rep,42,42,42,t00070-c00016,16,70,1,0,False,0,,,,,
pessimistic,40,bramev_global_rep,42,42,42,t00070-c00019,19,70,2,0,False,0,,,,,
pessimistic,40,bramev_global_rep,42,42,42,t00070-c00023,23,70,1,0,False,0,,,,,
pessimistic,40,bramev_global_rep,42,42,42,t00070-c00025,25,70,3,0,False,0,,,,,
pessimistic,40,bramev_global_rep,42,42,42,t00070-c00033,33,70,1,0,False,0,,,,,
pessimistic,40,bramev_global_rep,42,42,42,t00070-c00037,37,70,2,0,False,0,,,,,
pessimistic,40,bramev_global_rep,42,42,42,t00070-c00038,38,70,1,0,False,0,,,,,
pessimistic,40,bramev_global_rep,42,42,42,t00070-c00039,39,70,3,0,False,0,,,,,
pessimistic,40,bramev_global_rep,42,42,42,t00071-c00005,5,71,2,0,False,0,,,,,
pessimistic,40,bramev_global_rep,42,42,42,t00071-c00010,10,71,3,0,False,0,,,,,
pessimistic,40,bramev_global_rep,42,42,42,t00071-c00016,16,71,1,0,False,0,,,,,
pessimistic,40,bramev_global_rep,42,42,42,t00071-c00019,19,71,1,0,False,0,,,,,
pessimistic,40,bramev_global_rep,42,42,42,t00071-c00023,23,71,1,0,False,0,,,,,
pessimistic,40,bramev_global_rep,42,42,42,t00071-c00025,25,71,3,0,False,0,,,,,
pessimistic,40,bramev_global_rep,42,42,42,t00071-c00033,33,71,1,0,False,0,,,,,
pessimistic,40,bramev_global_rep,42,42,42,t00071-c00037,37,71,2,0,False,0,,,,,
pessimistic,40,bramev_global_rep,42,42,42,t00071-c00038,38,71,1,0,False,0,,,,,
pessimistic,40,bramev_global_rep,42,42,42,t00071-c00039,39,71,3,0,False,0,,,,,
pessimistic,40,bramev_global_rep,42,42,42,t00072-c00005,5,72,2,0,False,0,,,,,
pessimistic,40,bramev_global_rep,42,42,42,t00072-c00010,10,72,3,0,False,0,,,,,
pessimistic,40,bramev_global_rep,42,42,42,t00072-c00016,16,72,1,0,False,0,,,,,
pessimistic,40,bramev_global_rep,42,42,42,t00072-c00019,19,72,1,0,False,0,,,,,
pessimistic,40,bramev_global_rep,42,42,42,t00072-c00023,23,72,1,0,False,0,,,,,
pessimistic,40,bramev_global_rep,42,42,42,t00072-c00025,25,72,1,0,False,0,,,,,
pessimistic,40,bramev_global_rep,42,42,42,t00072-c00033,33,72,1,0,False,0,,,,,
pessimistic,40,bramev_global_rep,42,42,42,t00072-c00037,37,72,2,0,False,0,,,,,
pessimistic,40,bramev_global_rep,42,42,42,t00072-c00038,38,72,1,0,False,0,,,,,
pessimistic,40,bramev_global_rep,42,42,42,t00072-c00039,39,72,3,0,False,0,,,,,
pessimistic,40,bramev_global_rep,42,42,42,t00073-c00005,5,73,3,0,False,0,,,,,
pessimistic,40,bramev_global_rep,42,42,42,t00073-c00010,10,73,3,0,False,0,,,,,
pessimistic,40,bramev_global_rep,42,42,42,t00073-c00016,16,73,1,0,False,0,,,,,
pessimistic,40,bramev_global_rep,42,42,42,t00073-c00019,19,73,1,0,False,0,,,,,
pessimistic,40,bramev_global_rep,42,42,42,t00073-c00023,23,73,3,0,False,0,,,,,
pessimistic,40,bramev_global_rep,42,42,42,t00073-c00025,25,73,1,0,False,0,,,,,
pessimistic,40,bramev_global_rep,42,42,42,t00073-c00033,33,73,4,0,False,0,,,,,
pessimistic,40,bramev_global_rep,42,42,42,t00073-c00037,37,73,1,0,False,0,,,,,
pessimistic,40,bramev_global_rep,42,42,42,t00073-c00038,38,73,2,0,False,0,,,,,
pessimistic,40,bramev_global_rep,42,42,42,t00073-c00039,39,73,3,0,False,0,,,,,
pessimistic,40,bramev_global_rep,42,42,42,t00074-c00005,5,74,3,0,False,0,,,,,
pessimistic,40,bramev_global_rep,42,42,42,t00074-c00010,10,74,3,0,False,0,,,,,
pessimistic,40,bramev_global_rep,42,42,42,t00074-c00016,16,74,3,0,False,0,,,,,
pessimistic,40,bramev_global_rep,42,42,42,t00074-c00019,19,74,1,0,False,0,,,,,
pessimistic,40,bramev_global_rep,42,42,42,t00074-c00023,23,74,4,0,False,0,,,,,
pessimistic,40,bramev_global_rep,42,42,42,t00074-c00025,25,74,1,0,False,0,,,,,
pessimistic,40,bramev_global_rep,42,42,42,t00074-c00033,33,74,4,0,False,0,,,,,
pessimistic,40,bramev_global_rep,42,42,42,t00074-c00037,37,74,1,0,False,0,,,,,
pessimistic,40,bramev_global_rep,42,42,42,t00074-c00038,38,74,1,0,False,0,,,,,
pessimistic,40,bramev_global_rep,42,42,42,t00074-c00039,39,74,0,0,False,0,,,,,
pessimistic,40,bramev_global_rep,42,42,42,t00075-c00005,5,75,3,0,False,0,,,,,
pessimistic,40,bramev_global_rep,42,42,42,t00075-c00010,10,75,1,0,False,0,,,,,
pessimistic,40,bramev_global_rep,42,42,42,t00075-c00016,16,75,2,0,False,0,,,,,
pessimistic,40,bramev_global_rep,42,42,42,t00075-c00019,19,75,1,0,False,0,,,,,
pessimistic,40,bramev_global_rep,42,42,42,t00075-c00023,23,75,4,0,False,0,,,,,
pessimistic,40,bramev_global_rep,42,42,42,t00075-c00025,25,75,2,0,False,0,,,,,
pessimistic,40,bramev_global_rep,42,42,42,t00075-c00033,33,75,4,0,False,0,,,,,
pessimistic,40,bramev_global_rep,42,42,42,t00075-c00037,37,75,1,0,False,0,,,,,
pessimistic,40,bramev_global_rep,42,42,42,t00075-c00038,38,75,2,0,False,0,,,,,
pessimistic,40,bramev_global_rep,42,42,42,t00075-c00039,39,75,1,0,False,0,,,,,
pessimistic,40,bramev_global_rep,42,42,42,t00076-c00005,5,76,1,0,False,0,,,,,
pessimistic,40,bramev_global_rep,42,42,42,t00076-c00010,10,76,1,0,False,0,,,,,
pessimistic,40,bramev_global_rep,42,42,42,t00076-c00016,16,76,1,0,False,0,,,,,
pessimistic,40,bramev_global_rep,42,42,42,t00076-c00019,19,76,1,0,False,0,,,,,
pessimistic,40,bramev_global_rep,42,42,42,t00076-c00023,23,76,1,0,False,0,,,,,
pessimistic,40,bramev_global_rep,42,42,42,t00076-c00025,25,76,2,0,False,0,,,,,
pessimistic,40,bramev_global_rep,42,42,42,t00076-c00033,33,76,1,0,False,0,,,,,
pessimistic,40,bramev_global_rep,42,42,42,t00076-c00037,37,76,1,0,False,0,,,,,
pessimistic,40,bramev_global_rep,42,42,42,t00076-c00038,38,76,1,0,False,0,,,,,
pessimistic,40,bramev_global_rep,42,42,42,t00076-c00039,39,76,1,0,False,0,,,,,
pessimistic,40,bramev_global_rep,42,42,42,t00077-c00005,5,77,1,0,False,0,,,,,
pessimistic,40,bramev_global_rep,42,42,42,t00077-c00010,10,77,1,0,False,0,,,,,
pessimistic,40,bramev_global_rep,42,42,42,t00077-c00016,16,77,3,0,False,0,,,,,
pessimistic,40,bramev_global_rep,42,42,42,t00077-c00019,19,77,1,0,False,0,,,,,
pessimistic,40,bramev_global_rep,42,42,42,t00077-c00023,23,77,1,0,False,0,,,,,
pessimistic,40,bramev_global_rep,42,42,42,t00077-c00025,25,77,1,0,False,0,,,,,
pessimistic,40,bramev_global_rep,42,42,42,t00077-c00033,33,77,1,0,False,0,,,,,
pessimistic,40,bramev_global_rep,42,42,42,t00077-c00037,37,77,1,0,False,0,,,,,
pessimistic,40,bramev_global_rep,42,42,42,t00077-c00038,38,77,1,0,False,0,,,,,
pessimistic,40,bramev_global_rep,42,42,42,t00077-c00039,39,77,3,0,False,0,,,,,
pessimistic,40,bramev_global_rep,42,42,42,t00078-c00005,5,78,1,0,False,0,,,,,
pessimistic,40,bramev_global_rep,42,42,42,t00078-c00010,10,78,2,0,False,0,,,,,
pessimistic,40,bramev_global_rep,42,42,42,t00078-c00016,16,78,1,0,False,0,,,,,
pessimistic,40,bramev_global_rep,42,42,42,t00078-c00019,19,78,1,0,False,0,,,,,
pessimistic,40,bramev_global_rep,42,42,42,t00078-c00023,23,78,1,0,False,0,,,,,
pessimistic,40,bramev_global_rep,42,42,42,t00078-c00025,25,78,1,0,False,0,,,,,
pessimistic,40,bramev_global_rep,42,42,42,t00078-c00033,33,78,2,0,False,0,,,,,
pessimistic,40,bramev_global_rep,42,42,42,t00078-c00037,37,78,2,0,False,0,,,,,
pessimistic,40,bramev_global_rep,42,42,42,t00078-c00038,38,78,2,0,False,0,,,,,
pessimistic,40,bramev_global_rep,42,42,42,t00078-c00039,39,78,3,0,False,0,,,,,
pessimistic,40,bramev_global_rep,42,42,42,t00079-c00005,5,79,1,0,False,0,,,,,
pessimistic,40,bramev_global_rep,42,42,42,t00079-c00010,10,79,2,0,False,0,,,,,
pessimistic,40,bramev_global_rep,42,42,42,t00079-c00016,16,79,1,0,False,0,,,,,
pessimistic,40,bramev_global_rep,42,42,42,t00079-c00019,19,79,1,0,False,0,,,,,
pessimistic,40,bramev_global_rep,42,42,42,t00079-c00023,23,79,1,0,False,0,,,,,
pessimistic,40,bramev_global_rep,42,42,42,t00079-c00025,25,79,1,0,False,0,,,,,
pessimistic,40,bramev_global_rep,42,42,42,t00079-c00033,33,79,1,0,False,0,,,,,
pessimistic,40,bramev_global_rep,42,42,42,t00079-c00037,37,79,1,0,False,0,,,,,
pessimistic,40,bramev_global_rep,42,42,42,t00079-c00038,38,79,3,0,False,0,,,,,
pessimistic,40,bramev_global_rep,42,42,42,t00079-c00039,39,79,3,0,False,0,,,,,
pessimistic,40,bramev_global_rep,42,42,42,t00080-c00005,5,80,3,0,False,0,,,,,
pessimistic,40,bramev_global_rep,42,42,42,t00080-c00010,10,80,1,0,False,0,,,,,
pessimistic,40,bramev_global_rep,42,42,42,t00080-c00016,16,80,1,0,False,0,,,,,
pessimistic,40,bramev_global_rep,42,42,42,t00080-c00019,19,80,1,0,False,0,,,,,
pessimistic,40,bramev_global_rep,42,42,42,t00080-c00023,23,80,1,0,False,0,,,,,
pessimistic,40,bramev_global_rep,42,42,42,t00080-c00025,25,80,1,0,False,0,,,,,
pessimistic,40,bramev_global_rep,42,42,42,t00080-c00033,33,80,4,0,False,0,,,,,
pessimistic,40,bramev_global_rep,42,42,42,t00080-c00037,37,80,1,0,False,0,,,,,
pessimistic,40,bramev_global_rep,42,42,42,t00080-c00038,38,80,1,0,False,0,,,,,
pessimistic,40,bramev_global_rep,42,42,42,t00080-c00039,39,80,3,0,False,0,,,,,
pessimistic,40,bramev_global_rep,42,42,42,t00081-c00005,5,81,1,0,False,0,,,,,
pessimistic,40,bramev_global_rep,42,42,42,t00081-c00010,10,81,0,0,False,0,,,,,
pessimistic,40,bramev_global_rep,42,42,42,t00081-c00016,16,81,1,0,False,0,,,,,
pessimistic,40,bramev_global_rep,42,42,42,t00081-c00019,19,81,1,0,False,0,,,,,
pessimistic,40,bramev_global_rep,42,42,42,t00081-c00023,23,81,1,0,False,0,,,,,
pessimistic,40,bramev_global_rep,42,42,42,t00081-c00025,25,81,1,0,False,0,,,,,
pessimistic,40,bramev_global_rep,42,42,42,t00081-c00033,33,81,1,0,False,0,,,,,
pessimistic,40,bramev_global_rep,42,42,42,t00081-c00037,37,81,2,0,False,0,,,,,
pessimistic,40,bramev_global_rep,42,42,42,t00081-c00038,38,81,3,0,False,0,,,,,
pessimistic,40,bramev_global_rep,42,42,42,t00081-c00039,39,81,3,0,False,0,,,,,
pessimistic,40,bramev_global_rep,42,42,42,t00082-c00005,5,82,1,0,False,0,,,,,
pessimistic,40,bramev_global_rep,42,42,42,t00082-c00010,10,82,1,0,False,0,,,,,
pessimistic,40,bramev_global_rep,42,42,42,t00082-c00016,16,82,1,0,False,0,,,,,
pessimistic,40,bramev_global_rep,42,42,42,t00082-c00019,19,82,1,0,False,0,,,,,
pessimistic,40,bramev_global_rep,42,42,42,t00082-c00023,23,82,0,0,False,0,,,,,
pessimistic,40,bramev_global_rep,42,42,42,t00082-c00025,25,82,1,0,False,0,,,,,
pessimistic,40,bramev_global_rep,42,42,42,t00082-c00033,33,82,3,0,False,0,,,,,
pessimistic,40,bramev_global_rep,42,42,42,t00082-c00037,37,82,1,0,False,0,,,,,
pessimistic,40,bramev_global_rep,42,42,42,t00082-c00038,38,82,3,0,False,0,,,,,
pessimistic,40,bramev_global_rep,42,42,42,t00082-c00039,39,82,3,0,False,0,,,,,
pessimistic,40,bramev_global_rep,42,42,42,t00083-c00005,5,83,3,0,False,0,,,,,
pessimistic,40,bramev_global_rep,42,42,42,t00083-c00010,10,83,1,0,False,0,,,,,
pessimistic,40,bramev_global_rep,42,42,42,t00083-c00016,16,83,1,0,False,0,,,,,
pessimistic,40,bramev_global_rep,42,42,42,t00083-c00019,19,83,1,0,False,0,,,,,
pessimistic,40,bramev_global_rep,42,42,42,t00083-c00023,23,83,3,0,False,0,,,,,
pessimistic,40,bramev_global_rep,42,42,42,t00083-c00025,25,83,1,0,False,0,,,,,
pessimistic,40,bramev_global_rep,42,42,42,t00083-c00033,33,83,0,0,False,0,,,,,
pessimistic,40,bramev_global_rep,42,42,42,t00083-c00037,37,83,1,0,False,0,,,,,
pessimistic,40,bramev_global_rep,42,42,42,t00083-c00038,38,83,2,0,False,0,,,,,
pessimistic,40,bramev_global_rep,42,42,42,t00083-c00039,39,83,3,0,False,0,,,,,
pessimistic,40,bramev_global_rep,42,42,42,t00084-c00005,5,84,3,0,False,0,,,,,
pessimistic,40,bramev_global_rep,42,42,42,t00084-c00010,10,84,1,0,False,0,,,,,
pessimistic,40,bramev_global_rep,42,42,42,t00084-c00016,16,84,3,0,False,0,,,,,
pessimistic,40,bramev_global_rep,42,42,42,t00084-c00019,19,84,1,0,False,0,,,,,
pessimistic,40,bramev_global_rep,42,42,42,t00084-c00023,23,84,3,0,False,0,,,,,
pessimistic,40,bramev_global_rep,42,42,42,t00084-c00025,25,84,3,0,False,0,,,,,
pessimistic,40,bramev_global_rep,42,42,42,t00084-c00033,33,84,3,0,False,0,,,,,
pessimistic,40,bramev_global_rep,42,42,42,t00084-c00037,37,84,3,0,False,0,,,,,
pessimistic,40,bramev_global_rep,42,42,42,t00084-c00038,38,84,3,0,False,0,,,,,
pessimistic,40,bramev_global_rep,42,42,42,t00084-c00039,39,84,3,0,False,0,,,,,
pessimistic,40,bramev_global_rep,42,42,42,t00085-c00005,5,85,1,0,False,0,,,,,
pessimistic,40,bramev_global_rep,42,42,42,t00085-c00006,6,85,1,1,True,1,106.37554101413116,106.37554101413116,0.012666976545006037,0.011124997399747372,106.39933298807591
pessimistic,40,bramev_global_rep,42,42,42,t00085-c00010,10,85,3,0,False,0,,,,,
pessimistic,40,bramev_global_rep,42,42,42,t00085-c00016,16,85,3,0,False,0,,,,,
pessimistic,40,bramev_global_rep,42,42,42,t00085-c00019,19,85,1,0,False,0,,,,,
pessimistic,40,bramev_global_rep,42,42,42,t00085-c00023,23,85,3,0,False,0,,,,,
pessimistic,40,bramev_global_rep,42,42,42,t00085-c00025,25,85,2,0,False,0,,,,,
pessimistic,40,bramev_global_rep,42,42,42,t00085-c00033,33,85,3,0,False,0,,,,,
pessimistic,40,bramev_global_rep,42,42,42,t00085-c00037,37,85,3,0,False,0,,,,,
pessimistic,40,bramev_global_rep,42,42,42,t00085-c00038,38,85,3,0,False,0,,,,,
pessimistic,40,bramev_global_rep,42,42,42,t00085-c00039,39,85,3,0,False,0,,,,,
pessimistic,40,bramev_global_rep,42,42,42,t00086-c00005,5,86,4,0,False,0,,,,,
pessimistic,40,bramev_global_rep,42,42,42,t00086-c00010,10,86,3,0,False,0,,,,,
pessimistic,40,bramev_global_rep,42,42,42,t00086-c00016,16,86,3,0,False,0,,,,,
pessimistic,40,bramev_global_rep,42,42,42,t00086-c00019,19,86,3,0,False,0,,,,,
pessimistic,40,bramev_global_rep,42,42,42,t00086-c00023,23,86,1,0,False,0,,,,,
pessimistic,40,bramev_global_rep,42,42,42,t00086-c00025,25,86,1,0,False,0,,,,,
pessimistic,40,bramev_global_rep,42,42,42,t00086-c00033,33,86,3,0,False,0,,,,,
pessimistic,40,bramev_global_rep,42,42,42,t00086-c00037,37,86,3,0,False,0,,,,,
pessimistic,40,bramev_global_rep,42,42,42,t00086-c00038,38,86,1,0,False,0,,,,,
pessimistic,40,bramev_global_rep,42,42,42,t00086-c00039,39,86,3,0,False,0,,,,,
pessimistic,40,bramev_global_rep,42,42,42,t00087-c00005,5,87,4,0,False,0,,,,,
pessimistic,40,bramev_global_rep,42,42,42,t00087-c00010,10,87,3,0,False,0,,,,,
pessimistic,40,bramev_global_rep,42,42,42,t00087-c00016,16,87,1,0,False,0,,,,,
pessimistic,40,bramev_global_rep,42,42,42,t00087-c00019,19,87,3,0,False,0,,,,,
pessimistic,40,bramev_global_rep,42,42,42,t00087-c00023,23,87,1,0,False,0,,,,,
pessimistic,40,bramev_global_rep,42,42,42,t00087-c00025,25,87,3,0,False,0,,,,,
pessimistic,40,bramev_global_rep,42,42,42,t00087-c00033,33,87,3,0,False,0,,,,,
pessimistic,40,bramev_global_rep,42,42,42,t00087-c00037,37,87,3,0,False,0,,,,,
pessimistic,40,bramev_global_rep,42,42,42,t00087-c00038,38,87,1,0,False,0,,,,,
pessimistic,40,bramev_global_rep,42,42,42,t00087-c00039,39,87,3,0,False,0,,,,,
pessimistic,40,bramev_global_rep,42,42,42,t00088-c00005,5,88,1,0,False,0,,,,,
pessimistic,40,bramev_global_rep,42,42,42,t00088-c00010,10,88,1,0,False,0,,,,,
pessimistic,40,bramev_global_rep,42,42,42,t00088-c00016,16,88,3,0,False,0,,,,,
pessimistic,40,bramev_global_rep,42,42,42,t00088-c00019,19,88,3,0,False,0,,,,,
pessimistic,40,bramev_global_rep,42,42,42,t00088-c00023,23,88,4,0,False,0,,,,,
pessimistic,40,bramev_global_rep,42,42,42,t00088-c00025,25,88,4,0,False,0,,,,,
pessimistic,40,bramev_global_rep,42,42,42,t00088-c00033,33,88,3,0,False,0,,,,,
pessimistic,40,bramev_global_rep,42,42,42,t00088-c00037,37,88,3,0,False,0,,,,,
pessimistic,40,bramev_global_rep,42,42,42,t00088-c00038,38,88,0,0,False,0,,,,,
pessimistic,40,bramev_global_rep,42,42,42,t00088-c00039,39,88,3,0,False,0,,,,,
pessimistic,40,bramev_global_rep,42,42,42,t00089-c00005,5,89,2,0,False,0,,,,,
pessimistic,40,bramev_global_rep,42,42,42,t00089-c00010,10,89,1,0,False,0,,,,,
pessimistic,40,bramev_global_rep,42,42,42,t00089-c00016,16,89,3,0,False,0,,,,,
pessimistic,40,bramev_global_rep,42,42,42,t00089-c00018,18,89,1,1,True,1,60.80949999159202,60.80949999159202,53.02883399417624,0.015291036106646061,113.8536250218749
pessimistic,40,bramev_global_rep,42,42,42,t00089-c00019,19,89,1,0,False,0,,,,,
pessimistic,40,bramev_global_rep,42,42,42,t00089-c00023,23,89,3,0,False,0,,,,,
pessimistic,40,bramev_global_rep,42,42,42,t00089-c00025,25,89,3,0,False,0,,,,,
pessimistic,40,bramev_global_rep,42,42,42,t00089-c00033,33,89,3,0,False,0,,,,,
pessimistic,40,bramev_global_rep,42,42,42,t00089-c00037,37,89,3,0,False,0,,,,,
pessimistic,40,bramev_global_rep,42,42,42,t00089-c00038,38,89,2,0,False,0,,,,,
pessimistic,40,bramev_global_rep,42,42,42,t00089-c00039,39,89,3,0,False,0,,,,,
pessimistic,40,bramev_global_rep,42,42,42,t00090-c00005,5,90,2,0,False,0,,,,,
pessimistic,40,bramev_global_rep,42,42,42,t00090-c00010,10,90,3,0,False,0,,,,,
pessimistic,40,bramev_global_rep,42,42,42,t00090-c00016,16,90,3,0,False,0,,,,,
pessimistic,40,bramev_global_rep,42,42,42,t00090-c00019,19,90,1,0,False,0,,,,,
pessimistic,40,bramev_global_rep,42,42,42,t00090-c00023,23,90,1,0,False,0,,,,,
pessimistic,40,bramev_global_rep,42,42,42,t00090-c00025,25,90,3,0,False,0,,,,,
pessimistic,40,bramev_global_rep,42,42,42,t00090-c00033,33,90,3,0,False,0,,,,,
pessimistic,40,bramev_global_rep,42,42,42,t00090-c00037,37,90,1,0,False,0,,,,,
pessimistic,40,bramev_global_rep,42,42,42,t00090-c00038,38,90,1,0,False,0,,,,,
pessimistic,40,bramev_global_rep,42,42,42,t00090-c00039,39,90,3,0,False,0,,,,,
pessimistic,40,bramev_global_rep,42,42,42,t00091-c00005,5,91,2,0,False,0,,,,,
pessimistic,40,bramev_global_rep,42,42,42,t00091-c00010,10,91,3,0,False,0,,,,,
pessimistic,40,bramev_global_rep,42,42,42,t00091-c00016,16,91,1,0,False,0,,,,,
pessimistic,40,bramev_global_rep,42,42,42,t00091-c00019,19,91,1,0,False,0,,,,,
pessimistic,40,bramev_global_rep,42,42,42,t00091-c00023,23,91,1,0,False,0,,,,,
pessimistic,40,bramev_global_rep,42,42,42,t00091-c00025,25,91,1,0,False,0,,,,,
pessimistic,40,bramev_global_rep,42,42,42,t00091-c00032,32,91,3,3,True,1,58.931290986947715,150.10541601805016,13.165749958716333,0.013500044587999582,163.2846660213545
pessimistic,40,bramev_global_rep,42,42,42,t00091-c00033,33,91,3,0,False,0,,,,,
pessimistic,40,bramev_global_rep,42,42,42,t00091-c00037,37,91,1,0,False,0,,,,,
pessimistic,40,bramev_global_rep,42,42,42,t00091-c00038,38,91,1,0,False,0,,,,,
pessimistic,40,bramev_global_rep,42,42,42,t00091-c00039,39,91,3,0,False,0,,,,,
pessimistic,40,bramev_global_rep,42,42,42,t00092-c00005,5,92,4,0,False,0,,,,,
pessimistic,40,bramev_global_rep,42,42,42,t00092-c00010,10,92,3,0,False,0,,,,,
pessimistic,40,bramev_global_rep,42,42,42,t00092-c00016,16,92,1,0,False,0,,,,,
pessimistic,40,bramev_global_rep,42,42,42,t00092-c00019,19,92,3,0,False,0,,,,,
pessimistic,40,bramev_global_rep,42,42,42,t00092-c00023,23,92,4,0,False,0,,,,,
pessimistic,40,bramev_global_rep,42,42,42,t00092-c00025,25,92,1,0,False,0,,,,,
pessimistic,40,bramev_global_rep,42,42,42,t00092-c00033,33,92,3,0,False,0,,,,,
pessimistic,40,bramev_global_rep,42,42,42,t00092-c00037,37,92,1,0,False,0,,,,,
pessimistic,40,bramev_global_rep,42,42,42,t00092-c00038,38,92,1,0,False,0,,,,,
pessimistic,40,bramev_global_rep,42,42,42,t00092-c00039,39,92,3,0,False,0,,,,,
pessimistic,40,bramev_global_rep,42,42,42,t00093-c00005,5,93,1,0,False,0,,,,,
pessimistic,40,bramev_global_rep,42,42,42,t00093-c00010,10,93,3,0,False,0,,,,,
pessimistic,40,bramev_global_rep,42,42,42,t00093-c00016,16,93,1,0,False,0,,,,,
pessimistic,40,bramev_global_rep,42,42,42,t00093-c00019,19,93,3,0,False,0,,,,,
pessimistic,40,bramev_global_rep,42,42,42,t00093-c00023,23,93,4,0,False,0,,,,,
pessimistic,40,bramev_global_rep,42,42,42,t00093-c00025,25,93,2,0,False,0,,,,,
pessimistic,40,bramev_global_rep,42,42,42,t00093-c00033,33,93,3,0,False,0,,,,,
pessimistic,40,bramev_global_rep,42,42,42,t00093-c00037,37,93,1,0,False,0,,,,,
pessimistic,40,bramev_global_rep,42,42,42,t00093-c00038,38,93,1,0,False,0,,,,,
pessimistic,40,bramev_global_rep,42,42,42,t00093-c00039,39,93,3,0,False,0,,,,,
pessimistic,40,bramev_global_rep,42,42,42,t00094-c00005,5,94,3,0,False,0,,,,,
pessimistic,40,bramev_global_rep,42,42,42,t00094-c00010,10,94,3,0,False,0,,,,,
pessimistic,40,bramev_global_rep,42,42,42,t00094-c00016,16,94,1,0,False,0,,,,,
pessimistic,40,bramev_global_rep,42,42,42,t00094-c00019,19,94,3,0,False,0,,,,,
pessimistic,40,bramev_global_rep,42,42,42,t00094-c00023,23,94,1,0,False,0,,,,,
pessimistic,40,bramev_global_rep,42,42,42,t00094-c00025,25,94,2,0,False,0,,,,,
pessimistic,40,bramev_global_rep,42,42,42,t00094-c00033,33,94,3,0,False,0,,,,,
pessimistic,40,bramev_global_rep,42,42,42,t00094-c00037,37,94,1,0,False,0,,,,,
pessimistic,40,bramev_global_rep,42,42,42,t00094-c00038,38,94,1,0,False,0,,,,,
pessimistic,40,bramev_global_rep,42,42,42,t00094-c00039,39,94,3,0,False,0,,,,,
pessimistic,40,bramev_global_rep,42,42,42,t00095-c00000,0,95,3,3,True,1,84.3992080190219,168.35620801430196,8.71816702419892,0.014499993994832039,177.0888750324957
pessimistic,40,bramev_global_rep,42,42,42,t00095-c00005,5,95,3,0,False,0,,,,,
pessimistic,40,bramev_global_rep,42,42,42,t00095-c00010,10,95,3,0,False,0,,,,,
pessimistic,40,bramev_global_rep,42,42,42,t00095-c00016,16,95,1,0,False,0,,,,,
pessimistic,40,bramev_global_rep,42,42,42,t00095-c00018,18,95,1,0,False,0,,,,,
pessimistic,40,bramev_global_rep,42,42,42,t00095-c00019,19,95,3,0,False,0,,,,,
pessimistic,40,bramev_global_rep,42,42,42,t00095-c00023,23,95,1,0,False,0,,,,,
pessimistic,40,bramev_global_rep,42,42,42,t00095-c00025,25,95,3,0,False,0,,,,,
pessimistic,40,bramev_global_rep,42,42,42,t00095-c00033,33,95,1,0,False,0,,,,,
pessimistic,40,bramev_global_rep,42,42,42,t00095-c00037,37,95,1,0,False,0,,,,,
pessimistic,40,bramev_global_rep,42,42,42,t00095-c00038,38,95,1,0,False,0,,,,,
pessimistic,40,bramev_global_rep,42,42,42,t00095-c00039,39,95,3,0,False,0,,,,,
pessimistic,40,bramev_global_rep,42,42,42,t00096-c00005,5,96,3,0,False,0,,,,,
pessimistic,40,bramev_global_rep,42,42,42,t00096-c00010,10,96,3,0,False,0,,,,,
pessimistic,40,bramev_global_rep,42,42,42,t00096-c00016,16,96,1,0,False,0,,,,,
pessimistic,40,bramev_global_rep,42,42,42,t00096-c00018,18,96,2,0,False,0,,,,,
pessimistic,40,bramev_global_rep,42,42,42,t00096-c00019,19,96,1,0,False,0,,,,,
pessimistic,40,bramev_global_rep,42,42,42,t00096-c00023,23,96,2,0,False,0,,,,,
pessimistic,40,bramev_global_rep,42,42,42,t00096-c00025,25,96,3,0,False,0,,,,,
pessimistic,40,bramev_global_rep,42,42,42,t00096-c00033,33,96,1,0,False,0,,,,,
pessimistic,40,bramev_global_rep,42,42,42,t00096-c00037,37,96,1,0,False,0,,,,,
pessimistic,40,bramev_global_rep,42,42,42,t00096-c00038,38,96,3,0,False,0,,,,,
pessimistic,40,bramev_global_rep,42,42,42,t00096-c00039,39,96,3,0,False,0,,,,,
pessimistic,40,bramev_global_rep,42,42,42,t00097-c00005,5,97,3,0,False,0,,,,,
pessimistic,40,bramev_global_rep,42,42,42,t00097-c00010,10,97,1,0,False,0,,,,,
pessimistic,40,bramev_global_rep,42,42,42,t00097-c00016,16,97,1,0,False,0,,,,,
pessimistic,40,bramev_global_rep,42,42,42,t00097-c00018,18,97,2,0,False,0,,,,,
pessimistic,40,bramev_global_rep,42,42,42,t00097-c00019,19,97,2,0,False,0,,,,,
pessimistic,40,bramev_global_rep,42,42,42,t00097-c00023,23,97,1,0,False,0,,,,,
pessimistic,40,bramev_global_rep,42,42,42,t00097-c00025,25,97,1,0,False,0,,,,,
pessimistic,40,bramev_global_rep,42,42,42,t00097-c00030,30,97,3,3,True,1,46.11345799639821,124.7241249657236,6.645207991823554,0.01270900247618556,131.38204196002334
pessimistic,40,bramev_global_rep,42,42,42,t00097-c00032,32,97,3,0,False,0,,,,,
pessimistic,40,bramev_global_rep,42,42,42,t00097-c00033,33,97,1,0,False,0,,,,,
pessimistic,40,bramev_global_rep,42,42,42,t00097-c00037,37,97,1,0,False,0,,,,,
pessimistic,40,bramev_global_rep,42,42,42,t00097-c00038,38,97,3,0,False,0,,,,,
pessimistic,40,bramev_global_rep,42,42,42,t00097-c00039,39,97,1,0,False,0,,,,,
pessimistic,40,bramev_global_rep,42,42,42,t00098-c00005,5,98,3,0,False,0,,,,,
pessimistic,40,bramev_global_rep,42,42,42,t00098-c00010,10,98,1,0,False,0,,,,,
pessimistic,40,bramev_global_rep,42,42,42,t00098-c00016,16,98,1,0,False,0,,,,,
pessimistic,40,bramev_global_rep,42,42,42,t00098-c00018,18,98,2,0,False,0,,,,,
pessimistic,40,bramev_global_rep,42,42,42,t00098-c00019,19,98,1,0,False,0,,,,,
pessimistic,40,bramev_global_rep,42,42,42,t00098-c00023,23,98,1,0,False,0,,,,,
pessimistic,40,bramev_global_rep,42,42,42,t00098-c00025,25,98,3,0,False,0,,,,,
pessimistic,40,bramev_global_rep,42,42,42,t00098-c00032,32,98,3,0,False,0,,,,,
pessimistic,40,bramev_global_rep,42,42,42,t00098-c00033,33,98,1,0,False,0,,,,,
pessimistic,40,bramev_global_rep,42,42,42,t00098-c00037,37,98,4,0,False,0,,,,,
pessimistic,40,bramev_global_rep,42,42,42,t00098-c00038,38,98,1,0,False,0,,,,,
pessimistic,40,bramev_global_rep,42,42,42,t00098-c00039,39,98,2,0,False,0,,,,,
pessimistic,40,bramev_global_rep,42,42,42,t00099-c00005,5,99,3,0,False,0,,,,,
pessimistic,40,bramev_global_rep,42,42,42,t00099-c00010,10,99,1,0,False,0,,,,,
pessimistic,40,bramev_global_rep,42,42,42,t00099-c00016,16,99,4,0,False,0,,,,,
pessimistic,40,bramev_global_rep,42,42,42,t00099-c00018,18,99,1,0,False,0,,,,,
pessimistic,40,bramev_global_rep,42,42,42,t00099-c00019,19,99,1,0,False,0,,,,,
pessimistic,40,bramev_global_rep,42,42,42,t00099-c00023,23,99,1,0,False,0,,,,,
pessimistic,40,bramev_global_rep,42,42,42,t00099-c00025,25,99,3,0,False,0,,,,,
pessimistic,40,bramev_global_rep,42,42,42,t00099-c00028,28,99,1,1,True,1,77.10850000148639,77.10850000148639,31.313540996052325,0.015041965525597334,108.43708296306431
pessimistic,40,bramev_global_rep,42,42,42,t00099-c00032,32,99,3,0,False,0,,,,,
pessimistic,40,bramev_global_rep,42,42,42,t00099-c00033,33,99,1,0,False,0,,,,,
pessimistic,40,bramev_global_rep,42,42,42,t00099-c00037,37,99,2,0,False,0,,,,,
pessimistic,40,bramev_global_rep,42,42,42,t00099-c00038,38,99,1,0,False,0,,,,,
pessimistic,40,bramev_global_rep,42,42,42,t00099-c00039,39,99,2,0,False,0,,,,,
pessimistic,40,bramev_global_rep,42,42,42,t00100-c00005,5,100,2,0,False,0,,,,,
pessimistic,40,bramev_global_rep,42,42,42,t00100-c00010,10,100,2,0,False,0,,,,,
pessimistic,40,bramev_global_rep,42,42,42,t00100-c00016,16,100,1,0,False,0,,,,,
pessimistic,40,bramev_global_rep,42,42,42,t00100-c00018,18,100,1,0,False,0,,,,,
pessimistic,40,bramev_global_rep,42,42,42,t00100-c00019,19,100,3,0,False,0,,,,,
pessimistic,40,bramev_global_rep,42,42,42,t00100-c00023,23,100,1,0,False,0,,,,,
pessimistic,40,bramev_global_rep,42,42,42,t00100-c00025,25,100,1,0,False,0,,,,,
pessimistic,40,bramev_global_rep,42,42,42,t00100-c00032,32,100,3,0,False,0,,,,,
pessimistic,40,bramev_global_rep,42,42,42,t00100-c00033,33,100,2,0,False,0,,,,,
pessimistic,40,bramev_global_rep,42,42,42,t00100-c00037,37,100,2,0,False,0,,,,,
pessimistic,40,bramev_global_rep,42,42,42,t00100-c00038,38,100,1,0,False,0,,,,,
pessimistic,40,bramev_global_rep,42,42,42,t00100-c00039,39,100,1,0,False,0,,,,,
pessimistic,40,bramev_global_rep,42,42,42,t00101-c00005,5,101,3,0,False,0,,,,,
pessimistic,40,bramev_global_rep,42,42,42,t00101-c00010,10,101,2,0,False,0,,,,,
pessimistic,40,bramev_global_rep,42,42,42,t00101-c00014,14,101,1,0,False,0,,,,,
pessimistic,40,bramev_global_rep,42,42,42,t00101-c00016,16,101,3,0,False,0,,,,,
pessimistic,40,bramev_global_rep,42,42,42,t00101-c00018,18,101,1,0,False,0,,,,,
pessimistic,40,bramev_global_rep,42,42,42,t00101-c00019,19,101,3,0,False,0,,,,,
pessimistic,40,bramev_global_rep,42,42,42,t00101-c00023,23,101,1,0,False,0,,,,,
pessimistic,40,bramev_global_rep,42,42,42,t00101-c00025,25,101,4,0,False,0,,,,,
pessimistic,40,bramev_global_rep,42,42,42,t00101-c00032,32,101,3,0,False,0,,,,,
pessimistic,40,bramev_global_rep,42,42,42,t00101-c00033,33,101,2,0,False,0,,,,,
pessimistic,40,bramev_global_rep,42,42,42,t00101-c00037,37,101,3,0,False,0,,,,,
pessimistic,40,bramev_global_rep,42,42,42,t00101-c00038,38,101,1,0,False,0,,,,,
pessimistic,40,bramev_global_rep,42,42,42,t00101-c00039,39,101,1,0,False,0,,,,,
pessimistic,40,bramev_global_rep,42,42,42,t00102-c00005,5,102,2,0,False,0,,,,,
pessimistic,40,bramev_global_rep,42,42,42,t00102-c00010,10,102,0,0,False,0,,,,,
pessimistic,40,bramev_global_rep,42,42,42,t00102-c00014,14,102,1,0,False,0,,,,,
pessimistic,40,bramev_global_rep,42,42,42,t00102-c00016,16,102,1,0,False,0,,,,,
pessimistic,40,bramev_global_rep,42,42,42,t00102-c00018,18,102,1,0,False,0,,,,,
pessimistic,40,bramev_global_rep,42,42,42,t00102-c00019,19,102,2,0,False,0,,,,,
pessimistic,40,bramev_global_rep,42,42,42,t00102-c00023,23,102,4,0,False,0,,,,,
pessimistic,40,bramev_global_rep,42,42,42,t00102-c00025,25,102,3,0,False,0,,,,,
pessimistic,40,bramev_global_rep,42,42,42,t00102-c00032,32,102,3,0,False,0,,,,,
pessimistic,40,bramev_global_rep,42,42,42,t00102-c00033,33,102,1,0,False,0,,,,,
pessimistic,40,bramev_global_rep,42,42,42,t00102-c00037,37,102,3,0,False,0,,,,,
pessimistic,40,bramev_global_rep,42,42,42,t00102-c00038,38,102,3,0,False,0,,,,,
pessimistic,40,bramev_global_rep,42,42,42,t00102-c00039,39,102,1,0,False,0,,,,,
pessimistic,40,bramev_global_rep,42,42,42,t00103-c00005,5,103,3,0,False,0,,,,,
pessimistic,40,bramev_global_rep,42,42,42,t00103-c00010,10,103,3,0,False,0,,,,,
pessimistic,40,bramev_global_rep,42,42,42,t00103-c00014,14,103,2,0,False,0,,,,,
pessimistic,40,bramev_global_rep,42,42,42,t00103-c00016,16,103,1,0,False,0,,,,,
pessimistic,40,bramev_global_rep,42,42,42,t00103-c00018,18,103,1,0,False,0,,,,,
pessimistic,40,bramev_global_rep,42,42,42,t00103-c00019,19,103,1,0,False,0,,,,,
pessimistic,40,bramev_global_rep,42,42,42,t00103-c00022,22,103,1,1,True,1,81.09604200581089,81.09604200581089,0.013458018656820059,0.008624978363513947,81.11812500283122
pessimistic,40,bramev_global_rep,42,42,42,t00103-c00023,23,103,3,0,False,0,,,,,
pessimistic,40,bramev_global_rep,42,42,42,t00103-c00032,32,103,3,0,False,0,,,,,
pessimistic,40,bramev_global_rep,42,42,42,t00103-c00033,33,103,1,0,False,0,,,,,
pessimistic,40,bramev_global_rep,42,42,42,t00103-c00037,37,103,3,0,False,0,,,,,
pessimistic,40,bramev_global_rep,42,42,42,t00103-c00038,38,103,3,0,False,0,,,,,
pessimistic,40,bramev_global_rep,42,42,42,t00103-c00039,39,103,1,0,False,0,,,,,
pessimistic,40,bramev_global_rep,42,42,42,t00104-c00005,5,104,2,0,False,0,,,,,
pessimistic,40,bramev_global_rep,42,42,42,t00104-c00010,10,104,3,0,False,0,,,,,
pessimistic,40,bramev_global_rep,42,42,42,t00104-c00014,14,104,2,0,False,0,,,,,
pessimistic,40,bramev_global_rep,42,42,42,t00104-c00016,16,104,4,0,False,0,,,,,
pessimistic,40,bramev_global_rep,42,42,42,t00104-c00018,18,104,1,0,False,0,,,,,
pessimistic,40,bramev_global_rep,42,42,42,t00104-c00019,19,104,1,0,False,0,,,,,
pessimistic,40,bramev_global_rep,42,42,42,t00104-c00023,23,104,3,0,False,0,,,,,
pessimistic,40,bramev_global_rep,42,42,42,t00104-c00032,32,104,1,0,False,0,,,,,
pessimistic,40,bramev_global_rep,42,42,42,t00104-c00033,33,104,0,0,False,0,,,,,
pessimistic,40,bramev_global_rep,42,42,42,t00104-c00037,37,104,3,0,False,0,,,,,
pessimistic,40,bramev_global_rep,42,42,42,t00104-c00038,38,104,2,0,False,0,,,,,
pessimistic,40,bramev_global_rep,42,42,42,t00104-c00039,39,104,1,0,False,0,,,,,
pessimistic,40,bramev_global_rep,42,42,42,t00105-c00005,5,105,3,0,False,0,,,,,
pessimistic,40,bramev_global_rep,42,42,42,t00105-c00010,10,105,2,0,False,0,,,,,
pessimistic,40,bramev_global_rep,42,42,42,t00105-c00014,14,105,2,0,False,0,,,,,
pessimistic,40,bramev_global_rep,42,42,42,t00105-c00016,16,105,5,0,False,0,,,,,
pessimistic,40,bramev_global_rep,42,42,42,t00105-c00018,18,105,3,0,False,0,,,,,
pessimistic,40,bramev_global_rep,42,42,42,t00105-c00019,19,105,1,0,False,0,,,,,
pessimistic,40,bramev_global_rep,42,42,42,t00105-c00023,23,105,3,0,False,0,,,,,
pessimistic,40,bramev_global_rep,42,42,42,t00105-c00032,32,105,1,0,False,0,,,,,
pessimistic,40,bramev_global_rep,42,42,42,t00105-c00033,33,105,1,0,False,0,,,,,
pessimistic,40,bramev_global_rep,42,42,42,t00105-c00037,37,105,3,0,False,0,,,,,
pessimistic,40,bramev_global_rep,42,42,42,t00105-c00038,38,105,2,0,False,0,,,,,
pessimistic,40,bramev_global_rep,42,42,42,t00105-c00039,39,105,4,0,False,0,,,,,
pessimistic,40,bramev_global_rep,42,42,42,t00106-c00005,5,106,3,0,False,0,,,,,
pessimistic,40,bramev_global_rep,42,42,42,t00106-c00010,10,106,2,0,False,0,,,,,
pessimistic,40,bramev_global_rep,42,42,42,t00106-c00014,14,106,1,0,False,0,,,,,
pessimistic,40,bramev_global_rep,42,42,42,t00106-c00016,16,106,3,0,False,0,,,,,
pessimistic,40,bramev_global_rep,42,42,42,t00106-c00018,18,106,3,0,False,0,,,,,
pessimistic,40,bramev_global_rep,42,42,42,t00106-c00019,19,106,3,0,False,0,,,,,
pessimistic,40,bramev_global_rep,42,42,42,t00106-c00022,22,106,1,0,False,0,,,,,
pessimistic,40,bramev_global_rep,42,42,42,t00106-c00023,23,106,3,0,False,0,,,,,
pessimistic,40,bramev_global_rep,42,42,42,t00106-c00032,32,106,3,0,False,0,,,,,
pessimistic,40,bramev_global_rep,42,42,42,t00106-c00033,33,106,3,0,False,0,,,,,
pessimistic,40,bramev_global_rep,42,42,42,t00106-c00037,37,106,1,0,False,0,,,,,
pessimistic,40,bramev_global_rep,42,42,42,t00106-c00038,38,106,3,0,False,0,,,,,
pessimistic,40,bramev_global_rep,42,42,42,t00106-c00039,39,106,2,0,False,0,,,,,
pessimistic,40,bramev_global_rep,42,42,42,t00107-c00001,1,107,2,0,False,0,,,,,
pessimistic,40,bramev_global_rep,42,42,42,t00107-c00005,5,107,4,0,False,0,,,,,
pessimistic,40,bramev_global_rep,42,42,42,t00107-c00009,9,107,1,1,True,1,37.64912503538653,37.64912503538653,51.952874986454844,0.014708028174936771,89.61670805001631
pessimistic,40,bramev_global_rep,42,42,42,t00107-c00010,10,107,1,0,False,0,,,,,
pessimistic,40,bramev_global_rep,42,42,42,t00107-c00014,14,107,2,0,False,0,,,,,
pessimistic,40,bramev_global_rep,42,42,42,t00107-c00016,16,107,1,0,False,0,,,,,
pessimistic,40,bramev_global_rep,42,42,42,t00107-c00018,18,107,1,0,False,0,,,,,
pessimistic,40,bramev_global_rep,42,42,42,t00107-c00019,19,107,1,0,False,0,,,,,
pessimistic,40,bramev_global_rep,42,42,42,t00107-c00022,22,107,1,0,False,0,,,,,
pessimistic,40,bramev_global_rep,42,42,42,t00107-c00023,23,107,1,0,False,0,,,,,
pessimistic,40,bramev_global_rep,42,42,42,t00107-c00032,32,107,1,0,False,0,,,,,
pessimistic,40,bramev_global_rep,42,42,42,t00107-c00033,33,107,2,0,False,0,,,,,
pessimistic,40,bramev_global_rep,42,42,42,t00107-c00037,37,107,2,0,False,0,,,,,
pessimistic,40,bramev_global_rep,42,42,42,t00107-c00038,38,107,3,0,False,0,,,,,
pessimistic,40,bramev_global_rep,42,42,42,t00107-c00039,39,107,3,0,False,0,,,,,
pessimistic,40,bramev_global_rep,42,42,42,t00108-c00001,1,108,1,0,False,0,,,,,
pessimistic,40,bramev_global_rep,42,42,42,t00108-c00005,5,108,1,0,False,0,,,,,
pessimistic,40,bramev_global_rep,42,42,42,t00108-c00010,10,108,1,0,False,0,,,,,
pessimistic,40,bramev_global_rep,42,42,42,t00108-c00014,14,108,1,0,False,0,,,,,
pessimistic,40,bramev_global_rep,42,42,42,t00108-c00016,16,108,1,0,False,0,,,,,
pessimistic,40,bramev_global_rep,42,42,42,t00108-c00018,18,108,1,0,False,0,,,,,
pessimistic,40,bramev_global_rep,42,42,42,t00108-c00019,19,108,1,0,False,0,,,,,
pessimistic,40,bramev_global_rep,42,42,42,t00108-c00022,22,108,2,0,False,0,,,,,
pessimistic,40,bramev_global_rep,42,42,42,t00108-c00023,23,108,1,0,False,0,,,,,
pessimistic,40,bramev_global_rep,42,42,42,t00108-c00032,32,108,2,0,False,0,,,,,
pessimistic,40,bramev_global_rep,42,42,42,t00108-c00033,33,108,3,0,False,0,,,,,
pessimistic,40,bramev_global_rep,42,42,42,t00108-c00037,37,108,3,0,False,0,,,,,
pessimistic,40,bramev_global_rep,42,42,42,t00108-c00038,38,108,3,0,False,0,,,,,
pessimistic,40,bramev_global_rep,42,42,42,t00108-c00039,39,108,4,0,False,0,,,,,
pessimistic,40,bramev_global_rep,42,42,42,t00109-c00001,1,109,1,0,False,0,,,,,
pessimistic,40,bramev_global_rep,42,42,42,t00109-c00005,5,109,2,0,False,0,,,,,
pessimistic,40,bramev_global_rep,42,42,42,t00109-c00010,10,109,4,0,False,0,,,,,
pessimistic,40,bramev_global_rep,42,42,42,t00109-c00014,14,109,2,0,False,0,,,,,
pessimistic,40,bramev_global_rep,42,42,42,t00109-c00016,16,109,3,0,False,0,,,,,
pessimistic,40,bramev_global_rep,42,42,42,t00109-c00018,18,109,3,0,False,0,,,,,
pessimistic,40,bramev_global_rep,42,42,42,t00109-c00019,19,109,2,0,False,0,,,,,
pessimistic,40,bramev_global_rep,42,42,42,t00109-c00022,22,109,4,0,False,0,,,,,
pessimistic,40,bramev_global_rep,42,42,42,t00109-c00023,23,109,1,0,False,0,,,,,
pessimistic,40,bramev_global_rep,42,42,42,t00109-c00032,32,109,1,0,False,0,,,,,
pessimistic,40,bramev_global_rep,42,42,42,t00109-c00033,33,109,3,0,False,0,,,,,
pessimistic,40,bramev_global_rep,42,42,42,t00109-c00037,37,109,2,0,False,0,,,,,
pessimistic,40,bramev_global_rep,42,42,42,t00109-c00038,38,109,3,0,False,0,,,,,
pessimistic,40,bramev_global_rep,42,42,42,t00109-c00039,39,109,1,0,False,0,,,,,
pessimistic,40,bramev_global_rep,42,42,42,t00110-c00001,1,110,1,0,False,0,,,,,
pessimistic,40,bramev_global_rep,42,42,42,t00110-c00005,5,110,2,0,False,0,,,,,
pessimistic,40,bramev_global_rep,42,42,42,t00110-c00010,10,110,3,0,False,0,,,,,
pessimistic,40,bramev_global_rep,42,42,42,t00110-c00014,14,110,1,0,False,0,,,,,
pessimistic,40,bramev_global_rep,42,42,42,t00110-c00016,16,110,3,0,False,0,,,,,
pessimistic,40,bramev_global_rep,42,42,42,t00110-c00018,18,110,3,0,False,0,,,,,
pessimistic,40,bramev_global_rep,42,42,42,t00110-c00019,19,110,2,0,False,0,,,,,
pessimistic,40,bramev_global_rep,42,42,42,t00110-c00022,22,110,4,0,False,0,,,,,
pessimistic,40,bramev_global_rep,42,42,42,t00110-c00023,23,110,3,0,False,0,,,,,
pessimistic,40,bramev_global_rep,42,42,42,t00110-c00032,32,110,1,0,False,0,,,,,
pessimistic,40,bramev_global_rep,42,42,42,t00110-c00033,33,110,3,0,False,0,,,,,
pessimistic,40,bramev_global_rep,42,42,42,t00110-c00037,37,110,2,0,False,0,,,,,
pessimistic,40,bramev_global_rep,42,42,42,t00110-c00038,38,110,3,0,False,0,,,,,
pessimistic,40,bramev_global_rep,42,42,42,t00110-c00039,39,110,2,0,False,0,,,,,
pessimistic,40,bramev_global_rep,42,42,42,t00111-c00001,1,111,4,0,False,0,,,,,
pessimistic,40,bramev_global_rep,42,42,42,t00111-c00005,5,111,2,0,False,0,,,,,
pessimistic,40,bramev_global_rep,42,42,42,t00111-c00010,10,111,3,0,False,0,,,,,
pessimistic,40,bramev_global_rep,42,42,42,t00111-c00014,14,111,1,0,False,0,,,,,
pessimistic,40,bramev_global_rep,42,42,42,t00111-c00016,16,111,3,0,False,0,,,,,
pessimistic,40,bramev_global_rep,42,42,42,t00111-c00018,18,111,3,0,False,0,,,,,
pessimistic,40,bramev_global_rep,42,42,42,t00111-c00019,19,111,1,0,False,0,,,,,
pessimistic,40,bramev_global_rep,42,42,42,t00111-c00022,22,111,3,0,False,0,,,,,
pessimistic,40,bramev_global_rep,42,42,42,t00111-c00023,23,111,3,0,False,0,,,,,
pessimistic,40,bramev_global_rep,42,42,42,t00111-c00032,32,111,1,0,False,0,,,,,
pessimistic,40,bramev_global_rep,42,42,42,t00111-c00033,33,111,3,0,False,0,,,,,
pessimistic,40,bramev_global_rep,42,42,42,t00111-c00037,37,111,3,0,False,0,,,,,
pessimistic,40,bramev_global_rep,42,42,42,t00111-c00038,38,111,1,0,False,0,,,,,
pessimistic,40,bramev_global_rep,42,42,42,t00111-c00039,39,111,2,0,False,0,,,,,
pessimistic,40,bramev_global_rep,42,42,42,t00112-c00001,1,112,4,0,False,0,,,,,
pessimistic,40,bramev_global_rep,42,42,42,t00112-c00005,5,112,2,0,False,0,,,,,
pessimistic,40,bramev_global_rep,42,42,42,t00112-c00010,10,112,3,0,False,0,,,,,
pessimistic,40,bramev_global_rep,42,42,42,t00112-c00014,14,112,1,0,False,0,,,,,
pessimistic,40,bramev_global_rep,42,42,42,t00112-c00016,16,112,1,0,False,0,,,,,
pessimistic,40,bramev_global_rep,42,42,42,t00112-c00018,18,112,0,0,False,0,,,,,
pessimistic,40,bramev_global_rep,42,42,42,t00112-c00019,19,112,1,0,False,0,,,,,
pessimistic,40,bramev_global_rep,42,42,42,t00112-c00022,22,112,2,0,False,0,,,,,
pessimistic,40,bramev_global_rep,42,42,42,t00112-c00023,23,112,3,0,False,0,,,,,
pessimistic,40,bramev_global_rep,42,42,42,t00112-c00032,32,112,3,0,False,0,,,,,
pessimistic,40,bramev_global_rep,42,42,42,t00112-c00033,33,112,3,0,False,0,,,,,
pessimistic,40,bramev_global_rep,42,42,42,t00112-c00037,37,112,0,0,False,0,,,,,
pessimistic,40,bramev_global_rep,42,42,42,t00112-c00038,38,112,1,0,False,0,,,,,
pessimistic,40,bramev_global_rep,42,42,42,t00112-c00039,39,112,1,0,False,0,,,,,
pessimistic,40,bramev_global_rep,42,42,42,t00113-c00001,1,113,1,0,False,0,,,,,
pessimistic,40,bramev_global_rep,42,42,42,t00113-c00005,5,113,1,0,False,0,,,,,
pessimistic,40,bramev_global_rep,42,42,42,t00113-c00010,10,113,1,0,False,0,,,,,
pessimistic,40,bramev_global_rep,42,42,42,t00113-c00014,14,113,2,0,False,0,,,,,
pessimistic,40,bramev_global_rep,42,42,42,t00113-c00016,16,113,1,0,False,0,,,,,
pessimistic,40,bramev_global_rep,42,42,42,t00113-c00018,18,113,1,0,False,0,,,,,
pessimistic,40,bramev_global_rep,42,42,42,t00113-c00019,19,113,1,0,False,0,,,,,
pessimistic,40,bramev_global_rep,42,42,42,t00113-c00022,22,113,3,0,False,0,,,,,
pessimistic,40,bramev_global_rep,42,42,42,t00113-c00023,23,113,3,0,False,0,,,,,
pessimistic,40,bramev_global_rep,42,42,42,t00113-c00032,32,113,1,0,False,0,,,,,
pessimistic,40,bramev_global_rep,42,42,42,t00113-c00033,33,113,3,0,False,0,,,,,
pessimistic,40,bramev_global_rep,42,42,42,t00113-c00037,37,113,3,0,False,0,,,,,
pessimistic,40,bramev_global_rep,42,42,42,t00113-c00038,38,113,3,0,False,0,,,,,
pessimistic,40,bramev_global_rep,42,42,42,t00113-c00039,39,113,1,0,False,0,,,,,
pessimistic,40,bramev_global_rep,42,42,42,t00114-c00001,1,114,1,0,False,0,,,,,
pessimistic,40,bramev_global_rep,42,42,42,t00114-c00005,5,114,4,0,False,0,,,,,
pessimistic,40,bramev_global_rep,42,42,42,t00114-c00010,10,114,4,0,False,0,,,,,
pessimistic,40,bramev_global_rep,42,42,42,t00114-c00014,14,114,1,0,False,0,,,,,
pessimistic,40,bramev_global_rep,42,42,42,t00114-c00016,16,114,0,0,False,0,,,,,
pessimistic,40,bramev_global_rep,42,42,42,t00114-c00018,18,114,2,0,False,0,,,,,
pessimistic,40,bramev_global_rep,42,42,42,t00114-c00019,19,114,1,0,False,0,,,,,
pessimistic,40,bramev_global_rep,42,42,42,t00114-c00022,22,114,3,0,False,0,,,,,
pessimistic,40,bramev_global_rep,42,42,42,t00114-c00023,23,114,1,0,False,0,,,,,
pessimistic,40,bramev_global_rep,42,42,42,t00114-c00032,32,114,1,0,False,0,,,,,
pessimistic,40,bramev_global_rep,42,42,42,t00114-c00033,33,114,3,0,False,0,,,,,
pessimistic,40,bramev_global_rep,42,42,42,t00114-c00037,37,114,2,0,False,0,,,,,
pessimistic,40,bramev_global_rep,42,42,42,t00114-c00038,38,114,1,0,False,0,,,,,
pessimistic,40,bramev_global_rep,42,42,42,t00114-c00039,39,114,1,0,False,0,,,,,
pessimistic,40,bramev_global_rep,42,42,42,t00115-c00001,1,115,1,0,False,0,,,,,
pessimistic,40,bramev_global_rep,42,42,42,t00115-c00005,5,115,1,0,False,0,,,,,
pessimistic,40,bramev_global_rep,42,42,42,t00115-c00010,10,115,3,0,False,0,,,,,
pessimistic,40,bramev_global_rep,42,42,42,t00115-c00014,14,115,3,0,False,0,,,,,
pessimistic,40,bramev_global_rep,42,42,42,t00115-c00016,16,115,1,0,False,0,,,,,
pessimistic,40,bramev_global_rep,42,42,42,t00115-c00018,18,115,1,0,False,0,,,,,
pessimistic,40,bramev_global_rep,42,42,42,t00115-c00019,19,115,2,0,False,0,,,,,
pessimistic,40,bramev_global_rep,42,42,42,t00115-c00022,22,115,1,0,False,0,,,,,
pessimistic,40,bramev_global_rep,42,42,42,t00115-c00023,23,115,1,0,False,0,,,,,
pessimistic,40,bramev_global_rep,42,42,42,t00115-c00032,32,115,1,0,False,0,,,,,
pessimistic,40,bramev_global_rep,42,42,42,t00115-c00033,33,115,3,0,False,0,,,,,
pessimistic,40,bramev_global_rep,42,42,42,t00115-c00037,37,115,2,0,False,0,,,,,
pessimistic,40,bramev_global_rep,42,42,42,t00115-c00038,38,115,1,0,False,0,,,,,
pessimistic,40,bramev_global_rep,42,42,42,t00115-c00039,39,115,1,0,False,0,,,,,
pessimistic,40,bramev_global_rep,42,42,42,t00116-c00001,1,116,1,0,False,0,,,,,
pessimistic,40,bramev_global_rep,42,42,42,t00116-c00005,5,116,1,0,False,0,,,,,
pessimistic,40,bramev_global_rep,42,42,42,t00116-c00010,10,116,3,0,False,0,,,,,
pessimistic,40,bramev_global_rep,42,42,42,t00116-c00014,14,116,3,0,False,0,,,,,
pessimistic,40,bramev_global_rep,42,42,42,t00116-c00016,16,116,1,0,False,0,,,,,
pessimistic,40,bramev_global_rep,42,42,42,t00116-c00018,18,116,1,0,False,0,,,,,
pessimistic,40,bramev_global_rep,42,42,42,t00116-c00019,19,116,2,0,False,0,,,,,
pessimistic,40,bramev_global_rep,42,42,42,t00116-c00022,22,116,1,0,False,0,,,,,
pessimistic,40,bramev_global_rep,42,42,42,t00116-c00023,23,116,1,0,False,0,,,,,
pessimistic,40,bramev_global_rep,42,42,42,t00116-c00032,32,116,1,0,False,0,,,,,
pessimistic,40,bramev_global_rep,42,42,42,t00116-c00033,33,116,4,0,False,0,,,,,
pessimistic,40,bramev_global_rep,42,42,42,t00116-c00037,37,116,4,0,False,0,,,,,
pessimistic,40,bramev_global_rep,42,42,42,t00116-c00038,38,116,1,0,False,0,,,,,
pessimistic,40,bramev_global_rep,42,42,42,t00116-c00039,39,116,1,0,False,0,,,,,
pessimistic,40,bramev_global_rep,42,42,42,t00117-c00001,1,117,1,0,False,0,,,,,
pessimistic,40,bramev_global_rep,42,42,42,t00117-c00005,5,117,1,0,False,0,,,,,
pessimistic,40,bramev_global_rep,42,42,42,t00117-c00010,10,117,2,0,False,0,,,,,
pessimistic,40,bramev_global_rep,42,42,42,t00117-c00014,14,117,3,0,False,0,,,,,
pessimistic,40,bramev_global_rep,42,42,42,t00117-c00015,15,117,1,1,True,1,40.34204198978841,40.34204198978841,0.012499978765845299,0.00966701190918684,40.364208980463445
pessimistic,40,bramev_global_rep,42,42,42,t00117-c00016,16,117,1,0,False,0,,,,,
pessimistic,40,bramev_global_rep,42,42,42,t00117-c00018,18,117,1,0,False,0,,,,,
pessimistic,40,bramev_global_rep,42,42,42,t00117-c00019,19,117,1,0,False,0,,,,,
pessimistic,40,bramev_global_rep,42,42,42,t00117-c00022,22,117,1,0,False,0,,,,,
pessimistic,40,bramev_global_rep,42,42,42,t00117-c00023,23,117,1,0,False,0,,,,,
pessimistic,40,bramev_global_rep,42,42,42,t00117-c00032,32,117,1,0,False,0,,,,,
pessimistic,40,bramev_global_rep,42,42,42,t00117-c00033,33,117,1,0,False,0,,,,,
pessimistic,40,bramev_global_rep,42,42,42,t00117-c00037,37,117,1,0,False,0,,,,,
pessimistic,40,bramev_global_rep,42,42,42,t00117-c00038,38,117,2,0,False,0,,,,,
pessimistic,40,bramev_global_rep,42,42,42,t00117-c00039,39,117,1,0,False,0,,,,,
pessimistic,40,bramev_global_rep,42,42,42,t00118-c00001,1,118,3,0,False,0,,,,,
pessimistic,40,bramev_global_rep,42,42,42,t00118-c00005,5,118,1,0,False,0,,,,,
pessimistic,40,bramev_global_rep,42,42,42,t00118-c00010,10,118,2,0,False,0,,,,,
pessimistic,40,bramev_global_rep,42,42,42,t00118-c00014,14,118,3,0,False,0,,,,,
pessimistic,40,bramev_global_rep,42,42,42,t00118-c00015,15,118,2,0,False,0,,,,,
pessimistic,40,bramev_global_rep,42,42,42,t00118-c00016,16,118,1,0,False,0,,,,,
pessimistic,40,bramev_global_rep,42,42,42,t00118-c00018,18,118,3,0,False,0,,,,,
pessimistic,40,bramev_global_rep,42,42,42,t00118-c00019,19,118,4,0,False,0,,,,,
pessimistic,40,bramev_global_rep,42,42,42,t00118-c00022,22,118,1,0,False,0,,,,,
pessimistic,40,bramev_global_rep,42,42,42,t00118-c00023,23,118,1,0,False,0,,,,,
pessimistic,40,bramev_global_rep,42,42,42,t00118-c00032,32,118,1,0,False,0,,,,,
pessimistic,40,bramev_global_rep,42,42,42,t00118-c00033,33,118,1,0,False,0,,,,,
pessimistic,40,bramev_global_rep,42,42,42,t00118-c00037,37,118,1,0,False,0,,,,,
pessimistic,40,bramev_global_rep,42,42,42,t00118-c00038,38,118,1,0,False,0,,,,,
pessimistic,40,bramev_global_rep,42,42,42,t00118-c00039,39,118,4,0,False,0,,,,,
pessimistic,40,bramev_global_rep,42,42,42,t00119-c00001,1,119,1,0,False,0,,,,,
pessimistic,40,bramev_global_rep,42,42,42,t00119-c00005,5,119,4,0,False,0,,,,,
pessimistic,40,bramev_global_rep,42,42,42,t00119-c00010,10,119,2,0,False,0,,,,,
pessimistic,40,bramev_global_rep,42,42,42,t00119-c00014,14,119,3,0,False,0,,,,,
pessimistic,40,bramev_global_rep,42,42,42,t00119-c00015,15,119,1,0,False,0,,,,,
pessimistic,40,bramev_global_rep,42,42,42,t00119-c00016,16,119,1,0,False,0,,,,,
pessimistic,40,bramev_global_rep,42,42,42,t00119-c00018,18,119,1,0,False,0,,,,,
pessimistic,40,bramev_global_rep,42,42,42,t00119-c00019,19,119,4,0,False,0,,,,,
pessimistic,40,bramev_global_rep,42,42,42,t00119-c00022,22,119,1,0,False,0,,,,,
pessimistic,40,bramev_global_rep,42,42,42,t00119-c00023,23,119,1,0,False,0,,,,,
pessimistic,40,bramev_global_rep,42,42,42,t00119-c00032,32,119,3,0,False,0,,,,,
pessimistic,40,bramev_global_rep,42,42,42,t00119-c00033,33,119,1,0,False,0,,,,,
pessimistic,40,bramev_global_rep,42,42,42,t00119-c00037,37,119,1,0,False,0,,,,,
pessimistic,40,bramev_global_rep,42,42,42,t00119-c00038,38,119,1,0,False,0,,,,,
pessimistic,40,bramev_global_rep,42,42,42,t00119-c00039,39,119,0,0,False,0,,,,,
pessimistic,40,bramev_global_rep,42,42,42,t00120-c00001,1,120,2,0,False,0,,,,,
pessimistic,40,bramev_global_rep,42,42,42,t00120-c00005,5,120,4,0,False,0,,,,,
pessimistic,40,bramev_global_rep,42,42,42,t00120-c00010,10,120,2,0,False,0,,,,,
pessimistic,40,bramev_global_rep,42,42,42,t00120-c00011,11,120,1,1,True,1,22.789834009017795,22.789834009017795,26.107957994099706,0.009124982170760632,48.90691698528826
pessimistic,40,bramev_global_rep,42,42,42,t00120-c00014,14,120,3,0,False,0,,,,,
pessimistic,40,bramev_global_rep,42,42,42,t00120-c00015,15,120,1,0,False,0,,,,,
pessimistic,40,bramev_global_rep,42,42,42,t00120-c00016,16,120,1,0,False,0,,,,,
pessimistic,40,bramev_global_rep,42,42,42,t00120-c00018,18,120,2,0,False,0,,,,,
pessimistic,40,bramev_global_rep,42,42,42,t00120-c00019,19,120,1,0,False,0,,,,,
pessimistic,40,bramev_global_rep,42,42,42,t00120-c00022,22,120,2,0,False,0,,,,,
pessimistic,40,bramev_global_rep,42,42,42,t00120-c00023,23,120,1,0,False,0,,,,,
pessimistic,40,bramev_global_rep,42,42,42,t00120-c00032,32,120,3,0,False,0,,,,,
pessimistic,40,bramev_global_rep,42,42,42,t00120-c00033,33,120,0,0,False,0,,,,,
pessimistic,40,bramev_global_rep,42,42,42,t00120-c00037,37,120,1,0,False,0,,,,,
pessimistic,40,bramev_global_rep,42,42,42,t00120-c00038,38,120,1,0,False,0,,,,,
pessimistic,40,bramev_global_rep,42,42,42,t00120-c00039,39,120,3,0,False,0,,,,,
pessimistic,40,bramev_global_rep,42,42,42,t00121-c00001,1,121,1,0,False,0,,,,,
pessimistic,40,bramev_global_rep,42,42,42,t00121-c00005,5,121,1,0,False,0,,,,,
pessimistic,40,bramev_global_rep,42,42,42,t00121-c00010,10,121,3,0,False,0,,,,,
pessimistic,40,bramev_global_rep,42,42,42,t00121-c00014,14,121,3,0,False,0,,,,,
pessimistic,40,bramev_global_rep,42,42,42,t00121-c00015,15,121,3,0,False,0,,,,,
pessimistic,40,bramev_global_rep,42,42,42,t00121-c00016,16,121,3,0,False,0,,,,,
pessimistic,40,bramev_global_rep,42,42,42,t00121-c00018,18,121,2,0,False,0,,,,,
pessimistic,40,bramev_global_rep,42,42,42,t00121-c00019,19,121,1,0,False,0,,,,,
pessimistic,40,bramev_global_rep,42,42,42,t00121-c00022,22,121,1,0,False,0,,,,,
pessimistic,40,bramev_global_rep,42,42,42,t00121-c00023,23,121,2,0,False,0,,,,,
pessimistic,40,bramev_global_rep,42,42,42,t00121-c00032,32,121,3,0,False,0,,,,,
pessimistic,40,bramev_global_rep,42,42,42,t00121-c00033,33,121,1,0,False,0,,,,,
pessimistic,40,bramev_global_rep,42,42,42,t00121-c00037,37,121,1,0,False,0,,,,,
pessimistic,40,bramev_global_rep,42,42,42,t00121-c00038,38,121,2,0,False,0,,,,,
pessimistic,40,bramev_global_rep,42,42,42,t00121-c00039,39,121,2,0,False,0,,,,,
pessimistic,40,bramev_global_rep,42,42,42,t00122-c00001,1,122,3,0,False,0,,,,,
pessimistic,40,bramev_global_rep,42,42,42,t00122-c00005,5,122,2,0,False,0,,,,,
pessimistic,40,bramev_global_rep,42,42,42,t00122-c00010,10,122,3,0,False,0,,,,,
pessimistic,40,bramev_global_rep,42,42,42,t00122-c00014,14,122,3,0,False,0,,,,,
pessimistic,40,bramev_global_rep,42,42,42,t00122-c00015,15,122,1,0,False,0,,,,,
pessimistic,40,bramev_global_rep,42,42,42,t00122-c00016,16,122,2,0,False,0,,,,,
pessimistic,40,bramev_global_rep,42,42,42,t00122-c00018,18,122,2,0,False,0,,,,,
pessimistic,40,bramev_global_rep,42,42,42,t00122-c00019,19,122,1,0,False,0,,,,,
pessimistic,40,bramev_global_rep,42,42,42,t00122-c00022,22,122,1,0,False,0,,,,,
pessimistic,40,bramev_global_rep,42,42,42,t00122-c00023,23,122,1,0,False,0,,,,,
pessimistic,40,bramev_global_rep,42,42,42,t00122-c00032,32,122,3,0,False,0,,,,,
pessimistic,40,bramev_global_rep,42,42,42,t00122-c00033,33,122,3,0,False,0,,,,,
pessimistic,40,bramev_global_rep,42,42,42,t00122-c00037,37,122,3,0,False,0,,,,,
pessimistic,40,bramev_global_rep,42,42,42,t00122-c00038,38,122,3,0,False,0,,,,,
pessimistic,40,bramev_global_rep,42,42,42,t00122-c00039,39,122,3,0,False,0,,,,,
pessimistic,40,bramev_global_rep,42,42,42,t00123-c00001,1,123,3,0,False,0,,,,,
pessimistic,40,bramev_global_rep,42,42,42,t00123-c00005,5,123,1,0,False,0,,,,,
pessimistic,40,bramev_global_rep,42,42,42,t00123-c00010,10,123,3,0,False,0,,,,,
pessimistic,40,bramev_global_rep,42,42,42,t00123-c00014,14,123,3,0,False,0,,,,,
pessimistic,40,bramev_global_rep,42,42,42,t00123-c00015,15,123,1,0,False,0,,,,,
pessimistic,40,bramev_global_rep,42,42,42,t00123-c00016,16,123,3,0,False,0,,,,,
pessimistic,40,bramev_global_rep,42,42,42,t00123-c00018,18,123,3,0,False,0,,,,,
pessimistic,40,bramev_global_rep,42,42,42,t00123-c00019,19,123,1,0,False,0,,,,,
pessimistic,40,bramev_global_rep,42,42,42,t00123-c00022,22,123,2,0,False,0,,,,,
pessimistic,40,bramev_global_rep,42,42,42,t00123-c00023,23,123,3,0,False,0,,,,,
pessimistic,40,bramev_global_rep,42,42,42,t00123-c00032,32,123,1,0,False,0,,,,,
pessimistic,40,bramev_global_rep,42,42,42,t00123-c00033,33,123,3,0,False,0,,,,,
pessimistic,40,bramev_global_rep,42,42,42,t00123-c00037,37,123,3,0,False,0,,,,,
pessimistic,40,bramev_global_rep,42,42,42,t00123-c00038,38,123,3,0,False,0,,,,,
pessimistic,40,bramev_global_rep,42,42,42,t00123-c00039,39,123,1,0,False,0,,,,,
pessimistic,40,bramev_global_rep,42,42,42,t00124-c00001,1,124,2,0,False,0,,,,,
pessimistic,40,bramev_global_rep,42,42,42,t00124-c00005,5,124,1,0,False,0,,,,,
pessimistic,40,bramev_global_rep,42,42,42,t00124-c00010,10,124,3,0,False,0,,,,,
pessimistic,40,bramev_global_rep,42,42,42,t00124-c00014,14,124,3,0,False,0,,,,,
pessimistic,40,bramev_global_rep,42,42,42,t00124-c00015,15,124,1,0,False,0,,,,,
pessimistic,40,bramev_global_rep,42,42,42,t00124-c00016,16,124,3,0,False,0,,,,,
pessimistic,40,bramev_global_rep,42,42,42,t00124-c00018,18,124,3,0,False,0,,,,,
pessimistic,40,bramev_global_rep,42,42,42,t00124-c00019,19,124,1,0,False,0,,,,,
pessimistic,40,bramev_global_rep,42,42,42,t00124-c00022,22,124,2,0,False,0,,,,,
pessimistic,40,bramev_global_rep,42,42,42,t00124-c00023,23,124,3,0,False,0,,,,,
pessimistic,40,bramev_global_rep,42,42,42,t00124-c00032,32,124,2,0,False,0,,,,,
pessimistic,40,bramev_global_rep,42,42,42,t00124-c00033,33,124,1,0,False,0,,,,,
pessimistic,40,bramev_global_rep,42,42,42,t00124-c00037,37,124,3,0,False,0,,,,,
pessimistic,40,bramev_global_rep,42,42,42,t00124-c00038,38,124,3,0,False,0,,,,,
pessimistic,40,bramev_global_rep,42,42,42,t00124-c00039,39,124,1,0,False,0,,,,,
pessimistic,40,bramev_global_rep,42,42,42,t00125-c00001,1,125,3,0,False,0,,,,,
pessimistic,40,bramev_global_rep,42,42,42,t00125-c00005,5,125,4,0,False,0,,,,,
pessimistic,40,bramev_global_rep,42,42,42,t00125-c00010,10,125,3,0,False,0,,,,,
pessimistic,40,bramev_global_rep,42,42,42,t00125-c00014,14,125,3,0,False,0,,,,,
pessimistic,40,bramev_global_rep,42,42,42,t00125-c00015,15,125,3,0,False,0,,,,,
pessimistic,40,bramev_global_rep,42,42,42,t00125-c00016,16,125,3,0,False,0,,,,,
pessimistic,40,bramev_global_rep,42,42,42,t00125-c00018,18,125,3,0,False,0,,,,,
pessimistic,40,bramev_global_rep,42,42,42,t00125-c00019,19,125,1,0,False,0,,,,,
pessimistic,40,bramev_global_rep,42,42,42,t00125-c00021,21,125,1,1,True,1,13.343291997443885,13.343291997443885,25.68187500583008,0.00929099041968584,39.03445799369365
pessimistic,40,bramev_global_rep,42,42,42,t00125-c00022,22,125,1,0,False,0,,,,,
pessimistic,40,bramev_global_rep,42,42,42,t00125-c00023,23,125,3,0,False,0,,,,,
pessimistic,40,bramev_global_rep,42,42,42,t00125-c00032,32,125,1,0,False,0,,,,,
pessimistic,40,bramev_global_rep,42,42,42,t00125-c00033,33,125,1,0,False,0,,,,,
pessimistic,40,bramev_global_rep,42,42,42,t00125-c00037,37,125,2,0,False,0,,,,,
pessimistic,40,bramev_global_rep,42,42,42,t00125-c00038,38,125,2,0,False,0,,,,,
pessimistic,40,bramev_global_rep,42,42,42,t00125-c00039,39,125,3,0,False,0,,,,,
pessimistic,40,bramev_global_rep,42,42,42,t00126-c00001,1,126,3,0,False,0,,,,,
pessimistic,40,bramev_global_rep,42,42,42,t00126-c00005,5,126,2,0,False,0,,,,,
pessimistic,40,bramev_global_rep,42,42,42,t00126-c00010,10,126,1,0,False,0,,,,,
pessimistic,40,bramev_global_rep,42,42,42,t00126-c00014,14,126,3,0,False,0,,,,,
pessimistic,40,bramev_global_rep,42,42,42,t00126-c00015,15,126,1,0,False,0,,,,,
pessimistic,40,bramev_global_rep,42,42,42,t00126-c00016,16,126,1,0,False,0,,,,,
pessimistic,40,bramev_global_rep,42,42,42,t00126-c00018,18,126,3,0,False,0,,,,,
pessimistic,40,bramev_global_rep,42,42,42,t00126-c00019,19,126,1,0,False,0,,,,,
pessimistic,40,bramev_global_rep,42,42,42,t00126-c00022,22,126,1,0,False,0,,,,,
pessimistic,40,bramev_global_rep,42,42,42,t00126-c00023,23,126,3,0,False,0,,,,,
pessimistic,40,bramev_global_rep,42,42,42,t00126-c00032,32,126,1,0,False,0,,,,,
pessimistic,40,bramev_global_rep,42,42,42,t00126-c00033,33,126,1,0,False,0,,,,,
pessimistic,40,bramev_global_rep,42,42,42,t00126-c00037,37,126,2,0,False,0,,,,,
pessimistic,40,bramev_global_rep,42,42,42,t00126-c00038,38,126,2,0,False,0,,,,,
pessimistic,40,bramev_global_rep,42,42,42,t00126-c00039,39,126,4,0,False,0,,,,,
pessimistic,40,bramev_global_rep,42,42,42,t00127-c00001,1,127,1,0,False,0,,,,,
pessimistic,40,bramev_global_rep,42,42,42,t00127-c00005,5,127,1,0,False,0,,,,,
pessimistic,40,bramev_global_rep,42,42,42,t00127-c00010,10,127,1,0,False,0,,,,,
pessimistic,40,bramev_global_rep,42,42,42,t00127-c00014,14,127,1,0,False,0,,,,,
pessimistic,40,bramev_global_rep,42,42,42,t00127-c00015,15,127,3,0,False,0,,,,,
pessimistic,40,bramev_global_rep,42,42,42,t00127-c00016,16,127,1,0,False,0,,,,,
pessimistic,40,bramev_global_rep,42,42,42,t00127-c00018,18,127,3,0,False,0,,,,,
pessimistic,40,bramev_global_rep,42,42,42,t00127-c00019,19,127,1,0,False,0,,,,,
pessimistic,40,bramev_global_rep,42,42,42,t00127-c00022,22,127,1,0,False,0,,,,,
pessimistic,40,bramev_global_rep,42,42,42,t00127-c00023,23,127,1,0,False,0,,,,,
pessimistic,40,bramev_global_rep,42,42,42,t00127-c00032,32,127,1,0,False,0,,,,,
pessimistic,40,bramev_global_rep,42,42,42,t00127-c00033,33,127,1,0,False,0,,,,,
pessimistic,40,bramev_global_rep,42,42,42,t00127-c00037,37,127,1,0,False,0,,,,,
pessimistic,40,bramev_global_rep,42,42,42,t00127-c00038,38,127,3,0,False,0,,,,,
pessimistic,40,bramev_global_rep,42,42,42,t00127-c00039,39,127,2,0,False,0,,,,,
pessimistic,40,bramev_global_rep,42,42,42,t00128-c00001,1,128,1,0,False,0,,,,,
pessimistic,40,bramev_global_rep,42,42,42,t00128-c00005,5,128,1,0,False,0,,,,,
pessimistic,40,bramev_global_rep,42,42,42,t00128-c00010,10,128,1,0,False,0,,,,,
pessimistic,40,bramev_global_rep,42,42,42,t00128-c00014,14,128,3,0,False,0,,,,,
pessimistic,40,bramev_global_rep,42,42,42,t00128-c00015,15,128,3,0,False,0,,,,,
pessimistic,40,bramev_global_rep,42,42,42,t00128-c00016,16,128,1,0,False,0,,,,,
pessimistic,40,bramev_global_rep,42,42,42,t00128-c00018,18,128,1,0,False,0,,,,,
pessimistic,40,bramev_global_rep,42,42,42,t00128-c00019,19,128,1,0,False,0,,,,,
pessimistic,40,bramev_global_rep,42,42,42,t00128-c00022,22,128,3,0,False,0,,,,,
pessimistic,40,bramev_global_rep,42,42,42,t00128-c00023,23,128,1,0,False,0,,,,,
pessimistic,40,bramev_global_rep,42,42,42,t00128-c00032,32,128,1,0,False,0,,,,,
pessimistic,40,bramev_global_rep,42,42,42,t00128-c00033,33,128,1,0,False,0,,,,,
pessimistic,40,bramev_global_rep,42,42,42,t00128-c00037,37,128,1,0,False,0,,,,,
pessimistic,40,bramev_global_rep,42,42,42,t00128-c00038,38,128,3,0,False,0,,,,,
pessimistic,40,bramev_global_rep,42,42,42,t00128-c00039,39,128,1,0,False,0,,,,,
pessimistic,40,bramev_global_rep,42,42,42,t00129-c00001,1,129,3,0,False,0,,,,,
pessimistic,40,bramev_global_rep,42,42,42,t00129-c00005,5,129,1,0,False,0,,,,,
pessimistic,40,bramev_global_rep,42,42,42,t00129-c00010,10,129,1,0,False,0,,,,,
pessimistic,40,bramev_global_rep,42,42,42,t00129-c00014,14,129,1,0,False,0,,,,,
pessimistic,40,bramev_global_rep,42,42,42,t00129-c00015,15,129,2,0,False,0,,,,,
pessimistic,40,bramev_global_rep,42,42,42,t00129-c00016,16,129,1,0,False,0,,,,,
pessimistic,40,bramev_global_rep,42,42,42,t00129-c00018,18,129,1,0,False,0,,,,,
pessimistic,40,bramev_global_rep,42,42,42,t00129-c00019,19,129,1,0,False,0,,,,,
pessimistic,40,bramev_global_rep,42,42,42,t00129-c00022,22,129,3,0,False,0,,,,,
pessimistic,40,bramev_global_rep,42,42,42,t00129-c00023,23,129,3,0,False,0,,,,,
pessimistic,40,bramev_global_rep,42,42,42,t00129-c00032,32,129,1,0,False,0,,,,,
pessimistic,40,bramev_global_rep,42,42,42,t00129-c00033,33,129,1,0,False,0,,,,,
pessimistic,40,bramev_global_rep,42,42,42,t00129-c00037,37,129,1,0,False,0,,,,,
pessimistic,40,bramev_global_rep,42,42,42,t00129-c00038,38,129,2,0,False,0,,,,,
pessimistic,40,bramev_global_rep,42,42,42,t00129-c00039,39,129,1,0,False,0,,,,,
pessimistic,40,bramev_global_rep,42,42,42,t00130-c00001,1,130,2,0,False,0,,,,,
pessimistic,40,bramev_global_rep,42,42,42,t00130-c00005,5,130,1,0,False,0,,,,,
pessimistic,40,bramev_global_rep,42,42,42,t00130-c00010,10,130,2,0,False,0,,,,,
pessimistic,40,bramev_global_rep,42,42,42,t00130-c00014,14,130,3,0,False,0,,,,,
pessimistic,40,bramev_global_rep,42,42,42,t00130-c00015,15,130,3,0,False,0,,,,,
pessimistic,40,bramev_global_rep,42,42,42,t00130-c00016,16,130,1,0,False,0,,,,,
pessimistic,40,bramev_global_rep,42,42,42,t00130-c00018,18,130,2,0,False,0,,,,,
pessimistic,40,bramev_global_rep,42,42,42,t00130-c00019,19,130,0,0,False,0,,,,,
pessimistic,40,bramev_global_rep,42,42,42,t00130-c00022,22,130,1,0,False,0,,,,,
pessimistic,40,bramev_global_rep,42,42,42,t00130-c00023,23,130,3,0,False,0,,,,,
pessimistic,40,bramev_global_rep,42,42,42,t00130-c00032,32,130,3,0,False,0,,,,,
pessimistic,40,bramev_global_rep,42,42,42,t00130-c00037,37,130,2,0,False,0,,,,,
pessimistic,40,bramev_global_rep,42,42,42,t00130-c00038,38,130,3,0,False,0,,,,,
pessimistic,40,bramev_global_rep,42,42,42,t00130-c00039,39,130,1,0,False,0,,,,,
pessimistic,40,bramev_global_rep,42,42,42,t00131-c00001,1,131,2,0,False,0,,,,,
pessimistic,40,bramev_global_rep,42,42,42,t00131-c00005,5,131,1,0,False,0,,,,,
pessimistic,40,bramev_global_rep,42,42,42,t00131-c00010,10,131,2,0,False,0,,,,,
pessimistic,40,bramev_global_rep,42,42,42,t00131-c00014,14,131,2,0,False,0,,,,,
pessimistic,40,bramev_global_rep,42,42,42,t00131-c00015,15,131,2,0,False,0,,,,,
pessimistic,40,bramev_global_rep,42,42,42,t00131-c00016,16,131,3,0,False,0,,,,,
pessimistic,40,bramev_global_rep,42,42,42,t00131-c00018,18,131,1,0,False,0,,,,,
pessimistic,40,bramev_global_rep,42,42,42,t00131-c00019,19,131,1,0,False,0,,,,,
pessimistic,40,bramev_global_rep,42,42,42,t00131-c00022,22,131,1,0,False,0,,,,,
pessimistic,40,bramev_global_rep,42,42,42,t00131-c00023,23,131,3,0,False,0,,,,,
pessimistic,40,bramev_global_rep,42,42,42,t00131-c00032,32,131,3,0,False,0,,,,,
pessimistic,40,bramev_global_rep,42,42,42,t00131-c00037,37,131,1,0,False,0,,,,,
pessimistic,40,bramev_global_rep,42,42,42,t00131-c00038,38,131,3,0,False,0,,,,,
pessimistic,40,bramev_global_rep,42,42,42,t00131-c00039,39,131,1,0,False,0,,,,,
pessimistic,40,bramev_global_rep,42,42,42,t00132-c00001,1,132,2,0,False,0,,,,,
pessimistic,40,bramev_global_rep,42,42,42,t00132-c00005,5,132,1,0,False,0,,,,,
pessimistic,40,bramev_global_rep,42,42,42,t00132-c00010,10,132,0,0,False,0,,,,,
pessimistic,40,bramev_global_rep,42,42,42,t00132-c00014,14,132,1,0,False,0,,,,,
pessimistic,40,bramev_global_rep,42,42,42,t00132-c00015,15,132,2,1,True,1,8.812082989607006,8.812082989607006,15.310332993976772,0.007959024515002966,24.13037500809878
pessimistic,40,bramev_global_rep,42,42,42,t00132-c00016,16,132,4,0,False,0,,,,,
pessimistic,40,bramev_global_rep,42,42,42,t00132-c00018,18,132,3,0,False,0,,,,,
pessimistic,40,bramev_global_rep,42,42,42,t00132-c00019,19,132,1,0,False,0,,,,,
pessimistic,40,bramev_global_rep,42,42,42,t00132-c00022,22,132,1,0,False,0,,,,,
pessimistic,40,bramev_global_rep,42,42,42,t00132-c00023,23,132,1,0,False,0,,,,,
pessimistic,40,bramev_global_rep,42,42,42,t00132-c00030,30,132,1,0,False,0,,,,,
pessimistic,40,bramev_global_rep,42,42,42,t00132-c00032,32,132,3,0,False,0,,,,,
pessimistic,40,bramev_global_rep,42,42,42,t00132-c00037,37,132,3,0,False,0,,,,,
pessimistic,40,bramev_global_rep,42,42,42,t00132-c00038,38,132,4,0,False,0,,,,,
pessimistic,40,bramev_global_rep,42,42,42,t00132-c00039,39,132,1,0,False,0,,,,,
pessimistic,40,bramev_global_rep,42,42,42,t00133-c00001,1,133,2,0,False,0,,,,,
pessimistic,40,bramev_global_rep,42,42,42,t00133-c00005,5,133,1,0,False,0,,,,,
pessimistic,40,bramev_global_rep,42,42,42,t00133-c00010,10,133,1,0,False,0,,,,,
pessimistic,40,bramev_global_rep,42,42,42,t00133-c00014,14,133,1,0,False,0,,,,,
pessimistic,40,bramev_global_rep,42,42,42,t00133-c00016,16,133,4,0,False,0,,,,,
pessimistic,40,bramev_global_rep,42,42,42,t00133-c00018,18,133,1,0,False,0,,,,,
pessimistic,40,bramev_global_rep,42,42,42,t00133-c00019,19,133,3,0,False,0,,,,,
pessimistic,40,bramev_global_rep,42,42,42,t00133-c00022,22,133,2,0,False,0,,,,,
pessimistic,40,bramev_global_rep,42,42,42,t00133-c00023,23,133,1,0,False,0,,,,,
pessimistic,40,bramev_global_rep,42,42,42,t00133-c00030,30,133,2,0,False,0,,,,,
pessimistic,40,bramev_global_rep,42,42,42,t00133-c00032,32,133,4,0,False,0,,,,,
pessimistic,40,bramev_global_rep,42,42,42,t00133-c00037,37,133,3,0,False,0,,,,,
pessimistic,40,bramev_global_rep,42,42,42,t00133-c00038,38,133,4,0,False,0,,,,,
pessimistic,40,bramev_global_rep,42,42,42,t00133-c00039,39,133,1,0,False,0,,,,,
pessimistic,40,bramev_global_rep,42,42,42,t00134-c00001,1,134,2,0,False,0,,,,,
pessimistic,40,bramev_global_rep,42,42,42,t00134-c00005,5,134,1,0,False,0,,,,,
pessimistic,40,bramev_global_rep,42,42,42,t00134-c00010,10,134,1,0,False,0,,,,,
pessimistic,40,bramev_global_rep,42,42,42,t00134-c00014,14,134,2,0,False,0,,,,,
pessimistic,40,bramev_global_rep,42,42,42,t00134-c00016,16,134,5,0,False,0,,,,,
pessimistic,40,bramev_global_rep,42,42,42,t00134-c00018,18,134,3,0,False,0,,,,,
pessimistic,40,bramev_global_rep,42,42,42,t00134-c00019,19,134,1,0,False,0,,,,,
pessimistic,40,bramev_global_rep,42,42,42,t00134-c00022,22,134,1,0,False,0,,,,,
pessimistic,40,bramev_global_rep,42,42,42,t00134-c00023,23,134,1,0,False,0,,,,,
pessimistic,40,bramev_global_rep,42,42,42,t00134-c00030,30,134,4,0,False,0,,,,,
pessimistic,40,bramev_global_rep,42,42,42,t00134-c00032,32,134,1,0,False,0,,,,,
pessimistic,40,bramev_global_rep,42,42,42,t00134-c00037,37,134,1,0,False,0,,,,,
pessimistic,40,bramev_global_rep,42,42,42,t00134-c00038,38,134,4,0,False,0,,,,,
pessimistic,40,bramev_global_rep,42,42,42,t00134-c00039,39,134,1,0,False,0,,,,,
pessimistic,40,bramev_global_rep,42,42,42,t00135-c00001,1,135,2,0,False,0,,,,,
pessimistic,40,bramev_global_rep,42,42,42,t00135-c00005,5,135,4,0,False,0,,,,,
pessimistic,40,bramev_global_rep,42,42,42,t00135-c00010,10,135,3,0,False,0,,,,,
pessimistic,40,bramev_global_rep,42,42,42,t00135-c00014,14,135,3,0,False,0,,,,,
pessimistic,40,bramev_global_rep,42,42,42,t00135-c00015,15,135,2,0,False,0,,,,,
pessimistic,40,bramev_global_rep,42,42,42,t00135-c00016,16,135,4,0,False,0,,,,,
pessimistic,40,bramev_global_rep,42,42,42,t00135-c00018,18,135,3,0,False,0,,,,,
pessimistic,40,bramev_global_rep,42,42,42,t00135-c00019,19,135,0,0,False,0,,,,,
pessimistic,40,bramev_global_rep,42,42,42,t00135-c00022,22,135,1,0,False,0,,,,,
pessimistic,40,bramev_global_rep,42,42,42,t00135-c00023,23,135,1,0,False,0,,,,,
pessimistic,40,bramev_global_rep,42,42,42,t00135-c00030,30,135,3,0,False,0,,,,,
pessimistic,40,bramev_global_rep,42,42,42,t00135-c00032,32,135,0,0,False,0,,,,,
pessimistic,40,bramev_global_rep,42,42,42,t00135-c00037,37,135,1,0,False,0,,,,,
pessimistic,40,bramev_global_rep,42,42,42,t00135-c00038,38,135,1,0,False,0,,,,,
pessimistic,40,bramev_global_rep,42,42,42,t00135-c00039,39,135,1,0,False,0,,,,,
pessimistic,40,bramev_global_rep,42,42,42,t00136-c00001,1,136,2,0,False,0,,,,,
pessimistic,40,bramev_global_rep,42,42,42,t00136-c00005,5,136,4,0,False,0,,,,,
pessimistic,40,bramev_global_rep,42,42,42,t00136-c00010,10,136,3,0,False,0,,,,,
pessimistic,40,bramev_global_rep,42,42,42,t00136-c00014,14,136,4,0,False,0,,,,,
pessimistic,40,bramev_global_rep,42,42,42,t00136-c00015,15,136,1,0,False,0,,,,,
pessimistic,40,bramev_global_rep,42,42,42,t00136-c00016,16,136,0,0,False,0,,,,,
pessimistic,40,bramev_global_rep,42,42,42,t00136-c00018,18,136,3,0,False,0,,,,,
pessimistic,40,bramev_global_rep,42,42,42,t00136-c00019,19,136,0,0,False,0,,,,,
pessimistic,40,bramev_global_rep,42,42,42,t00136-c00022,22,136,2,0,False,0,,,,,
pessimistic,40,bramev_global_rep,42,42,42,t00136-c00023,23,136,1,0,False,0,,,,,
pessimistic,40,bramev_global_rep,42,42,42,t00136-c00030,30,136,2,0,False,0,,,,,
pessimistic,40,bramev_global_rep,42,42,42,t00136-c00032,32,136,2,0,False,0,,,,,
pessimistic,40,bramev_global_rep,42,42,42,t00136-c00037,37,136,3,0,False,0,,,,,
pessimistic,40,bramev_global_rep,42,42,42,t00136-c00038,38,136,1,0,False,0,,,,,
pessimistic,40,bramev_global_rep,42,42,42,t00136-c00039,39,136,1,0,False,0,,,,,
pessimistic,40,bramev_global_rep,42,42,42,t00137-c00001,1,137,2,0,False,0,,,,,
pessimistic,40,bramev_global_rep,42,42,42,t00137-c00005,5,137,4,0,False,0,,,,,
pessimistic,40,bramev_global_rep,42,42,42,t00137-c00010,10,137,1,0,False,0,,,,,
pessimistic,40,bramev_global_rep,42,42,42,t00137-c00014,14,137,3,0,False,0,,,,,
pessimistic,40,bramev_global_rep,42,42,42,t00137-c00015,15,137,1,0,False,0,,,,,
pessimistic,40,bramev_global_rep,42,42,42,t00137-c00016,16,137,4,0,False,0,,,,,
pessimistic,40,bramev_global_rep,42,42,42,t00137-c00018,18,137,1,0,False,0,,,,,
pessimistic,40,bramev_global_rep,42,42,42,t00137-c00022,22,137,2,0,False,0,,,,,
pessimistic,40,bramev_global_rep,42,42,42,t00137-c00023,23,137,3,0,False,0,,,,,
pessimistic,40,bramev_global_rep,42,42,42,t00137-c00026,26,137,3,3,True,1,11.237500002607703,18.08916701702401,1.9444170175120234,0.006707967258989811,20.040292001795024
pessimistic,40,bramev_global_rep,42,42,42,t00137-c00030,30,137,2,0,False,0,,,,,
pessimistic,40,bramev_global_rep,42,42,42,t00137-c00032,32,137,2,0,False,0,,,,,
pessimistic,40,bramev_global_rep,42,42,42,t00137-c00037,37,137,3,0,False,0,,,,,
pessimistic,40,bramev_global_rep,42,42,42,t00137-c00038,38,137,3,0,False,0,,,,,
pessimistic,40,bramev_global_rep,42,42,42,t00137-c00039,39,137,1,0,False,0,,,,,
pessimistic,40,bramev_global_rep,42,42,42,t00138-c00001,1,138,3,0,False,0,,,,,
pessimistic,40,bramev_global_rep,42,42,42,t00138-c00005,5,138,1,0,False,0,,,,,
pessimistic,40,bramev_global_rep,42,42,42,t00138-c00010,10,138,2,0,False,0,,,,,
pessimistic,40,bramev_global_rep,42,42,42,t00138-c00014,14,138,1,0,False,0,,,,,
pessimistic,40,bramev_global_rep,42,42,42,t00138-c00015,15,138,2,0,False,0,,,,,
pessimistic,40,bramev_global_rep,42,42,42,t00138-c00016,16,138,4,0,False,0,,,,,
pessimistic,40,bramev_global_rep,42,42,42,t00138-c00018,18,138,2,0,False,0,,,,,
pessimistic,40,bramev_global_rep,42,42,42,t00138-c00022,22,138,2,0,False,0,,,,,
pessimistic,40,bramev_global_rep,42,42,42,t00138-c00023,23,138,3,0,False,0,,,,,
pessimistic,40,bramev_global_rep,42,42,42,t00138-c00030,30,138,2,0,False,0,,,,,
pessimistic,40,bramev_global_rep,42,42,42,t00138-c00032,32,138,3,0,False,0,,,,,
pessimistic,40,bramev_global_rep,42,42,42,t00138-c00037,37,138,3,0,False,0,,,,,
pessimistic,40,bramev_global_rep,42,42,42,t00138-c00038,38,138,3,0,False,0,,,,,
pessimistic,40,bramev_global_rep,42,42,42,t00138-c00039,39,138,1,0,False,0,,,,,
pessimistic,40,bramev_global_rep,42,42,42,t00139-c00001,1,139,1,0,False,0,,,,,
pessimistic,40,bramev_global_rep,42,42,42,t00139-c00005,5,139,2,0,False,0,,,,,
pessimistic,40,bramev_global_rep,42,42,42,t00139-c00010,10,139,2,0,False,0,,,,,
pessimistic,40,bramev_global_rep,42,42,42,t00139-c00014,14,139,3,0,False,0,,,,,
pessimistic,40,bramev_global_rep,42,42,42,t00139-c00015,15,139,3,0,False,0,,,,,
pessimistic,40,bramev_global_rep,42,42,42,t00139-c00016,16,139,4,0,False,0,,,,,
pessimistic,40,bramev_global_rep,42,42,42,t00139-c00018,18,139,3,0,False,0,,,,,
pessimistic,40,bramev_global_rep,42,42,42,t00139-c00022,22,139,2,0,False,0,,,,,
pessimistic,40,bramev_global_rep,42,42,42,t00139-c00023,23,139,3,0,False,0,,,,,
pessimistic,40,bramev_global_rep,42,42,42,t00139-c00030,30,139,3,0,False,0,,,,,
pessimistic,40,bramev_global_rep,42,42,42,t00139-c00032,32,139,3,0,False,0,,,,,
pessimistic,40,bramev_global_rep,42,42,42,t00139-c00037,37,139,3,0,False,0,,,,,
pessimistic,40,bramev_global_rep,42,42,42,t00139-c00038,38,139,3,0,False,0,,,,,
pessimistic,40,bramev_global_rep,42,42,42,t00139-c00039,39,139,1,0,False,0,,,,,
pessimistic,40,bramev_global_rep,42,42,42,t00140-c00001,1,140,3,0,False,0,,,,,
pessimistic,40,bramev_global_rep,42,42,42,t00140-c00005,5,140,1,0,False,0,,,,,
pessimistic,40,bramev_global_rep,42,42,42,t00140-c00010,10,140,3,0,False,0,,,,,
pessimistic,40,bramev_global_rep,42,42,42,t00140-c00014,14,140,3,0,False,0,,,,,
pessimistic,40,bramev_global_rep,42,42,42,t00140-c00015,15,140,1,0,False,0,,,,,
pessimistic,40,bramev_global_rep,42,42,42,t00140-c00016,16,140,4,0,False,0,,,,,
pessimistic,40,bramev_global_rep,42,42,42,t00140-c00018,18,140,2,0,False,0,,,,,
pessimistic,40,bramev_global_rep,42,42,42,t00140-c00022,22,140,2,0,False,0,,,,,
pessimistic,40,bramev_global_rep,42,42,42,t00140-c00023,23,140,3,0,False,0,,,,,
pessimistic,40,bramev_global_rep,42,42,42,t00140-c00030,30,140,1,0,False,0,,,,,
pessimistic,40,bramev_global_rep,42,42,42,t00140-c00032,32,140,3,0,False,0,,,,,
pessimistic,40,bramev_global_rep,42,42,42,t00140-c00037,37,140,3,0,False,0,,,,,
pessimistic,40,bramev_global_rep,42,42,42,t00140-c00038,38,140,1,0,False,0,,,,,
pessimistic,40,bramev_global_rep,42,42,42,t00140-c00039,39,140,1,0,False,0,,,,,
pessimistic,40,bramev_global_rep,42,42,42,t00141-c00001,1,141,3,0,False,0,,,,,
pessimistic,40,bramev_global_rep,42,42,42,t00141-c00005,5,141,3,0,False,0,,,,,
pessimistic,40,bramev_global_rep,42,42,42,t00141-c00010,10,141,4,0,False,0,,,,,
pessimistic,40,bramev_global_rep,42,42,42,t00141-c00014,14,141,3,0,False,0,,,,,
pessimistic,40,bramev_global_rep,42,42,42,t00141-c00015,15,141,1,0,False,0,,,,,
pessimistic,40,bramev_global_rep,42,42,42,t00141-c00016,16,141,4,0,False,0,,,,,
pessimistic,40,bramev_global_rep,42,42,42,t00141-c00018,18,141,2,0,False,0,,,,,
pessimistic,40,bramev_global_rep,42,42,42,t00141-c00022,22,141,4,0,False,0,,,,,
pessimistic,40,bramev_global_rep,42,42,42,t00141-c00023,23,141,3,0,False,0,,,,,
pessimistic,40,bramev_global_rep,42,42,42,t00141-c00030,30,141,2,0,False,0,,,,,
pessimistic,40,bramev_global_rep,42,42,42,t00141-c00032,32,141,3,0,False,0,,,,,
pessimistic,40,bramev_global_rep,42,42,42,t00141-c00037,37,141,3,0,False,0,,,,,
pessimistic,40,bramev_global_rep,42,42,42,t00141-c00038,38,141,0,0,False,0,,,,,
pessimistic,40,bramev_global_rep,42,42,42,t00141-c00039,39,141,2,0,False,0,,,,,
pessimistic,40,bramev_global_rep,42,42,42,t00142-c00001,1,142,3,0,False,0,,,,,
pessimistic,40,bramev_global_rep,42,42,42,t00142-c00005,5,142,3,0,False,0,,,,,
pessimistic,40,bramev_global_rep,42,42,42,t00142-c00010,10,142,4,0,False,0,,,,,
pessimistic,40,bramev_global_rep,42,42,42,t00142-c00014,14,142,3,0,False,0,,,,,
pessimistic,40,bramev_global_rep,42,42,42,t00142-c00015,15,142,3,0,False,0,,,,,
pessimistic,40,bramev_global_rep,42,42,42,t00142-c00016,16,142,1,0,False,0,,,,,
pessimistic,40,bramev_global_rep,42,42,42,t00142-c00018,18,142,3,0,False,0,,,,,
pessimistic,40,bramev_global_rep,42,42,42,t00142-c00022,22,142,1,0,False,0,,,,,
pessimistic,40,bramev_global_rep,42,42,42,t00142-c00023,23,142,1,0,False,0,,,,,
pessimistic,40,bramev_global_rep,42,42,42,t00142-c00030,30,142,3,0,False,0,,,,,
pessimistic,40,bramev_global_rep,42,42,42,t00142-c00032,32,142,1,0,False,0,,,,,
pessimistic,40,bramev_global_rep,42,42,42,t00142-c00037,37,142,3,0,False,0,,,,,
pessimistic,40,bramev_global_rep,42,42,42,t00142-c00038,38,142,3,0,False,0,,,,,
pessimistic,40,bramev_global_rep,42,42,42,t00142-c00039,39,142,3,0,False,0,,,,,
pessimistic,40,bramev_global_rep,42,42,42,t00143-c00001,1,143,3,0,False,0,,,,,
pessimistic,40,bramev_global_rep,42,42,42,t00143-c00005,5,143,3,0,False,0,,,,,
pessimistic,40,bramev_global_rep,42,42,42,t00143-c00010,10,143,4,0,False,0,,,,,
pessimistic,40,bramev_global_rep,42,42,42,t00143-c00014,14,143,3,0,False,0,,,,,
pessimistic,40,bramev_global_rep,42,42,42,t00143-c00015,15,143,2,0,False,0,,,,,
pessimistic,40,bramev_global_rep,42,42,42,t00143-c00016,16,143,2,0,False,0,,,,,
pessimistic,40,bramev_global_rep,42,42,42,t00143-c00018,18,143,3,0,False,0,,,,,
pessimistic,40,bramev_global_rep,42,42,42,t00143-c00022,22,143,2,0,False,0,,,,,
pessimistic,40,bramev_global_rep,42,42,42,t00143-c00023,23,143,2,0,False,0,,,,,
pessimistic,40,bramev_global_rep,42,42,42,t00143-c00030,30,143,3,0,False,0,,,,,
pessimistic,40,bramev_global_rep,42,42,42,t00143-c00032,32,143,2,0,False,0,,,,,
pessimistic,40,bramev_global_rep,42,42,42,t00143-c00037,37,143,1,0,False,0,,,,,
pessimistic,40,bramev_global_rep,42,42,42,t00143-c00038,38,143,3,0,False,0,,,,,
pessimistic,40,bramev_global_rep,42,42,42,t00143-c00039,39,143,1,0,False,0,,,,,
